証券コード,会社名,基準日,本文
1301,株式会社　極洋,2026-03-31,"３ 【事業の内容】

当社及び当社の関係会社は、株式会社極洋(当社)、子会社36社、関連会社５社及び非連結子会社１社により構成され、水産事業、生鮮事業、食品事業、物流サービス事業を主として行っております。各事業における当社グループの位置付けは次のとおりであります。

 

下記の事業区分は、セグメント情報の区分と同一であります。













水産事業



…



当社及びKyokuyo America Corporation他において水産物の買付及び加工、販売を行っております。







生鮮事業



…



当社他において寿司種や刺身などの生食商材の加工及び販売を行っております。カツオ・マグロ等については、当社及び極洋水産㈱他において漁獲、養殖、買付、販売を行っております。







食品事業



…



当社、極洋食品㈱及び㈱ジョッキ他において業務用冷凍食品、市販用冷凍食品・缶詰・海産物珍味の製造及び販売を行っております。







物流サービス



…



キョクヨー秋津冷蔵㈱において冷蔵倉庫事業等を行っております。







その他事業



…



キョクヨー総合サービス㈱他において保険代理店業等を行っております。





 


以上述べた事項を事業系統図によって示すと、次のとおりであります。"
130A,株式会社Ｖｅｒｉｔａｓ　Ｉｎ　Ｓｉｌｉｃｏ,2025-12-31,"３ 【事業の内容】

当社は「どんな疾患の患者さまも治療法がないと諦めたり、最適な治療が受けられないと嘆いたりすることのない、そんな希望に満ちたあたたかい社会」を実現し発展させるため、AI創薬によってメッセンジャーRNA（mRNA）を標的とする各種医薬品の創出に取り組んでいます。

当社はこれまで、インフォマティクスと実験技術を融合させmRNAへの創薬を可能とする独自の創薬プラットフォームibVISⓇを用いておりましたが、その基礎となる複数のルールベースAIを抜本的に改良し、あわせて新たにデータ駆動AIも複数実装することによりバージョンアップを図ったaibVIS（エイアイビス：以下「aibVISプラットフォーム」と表記）として、より効率的かつ確実なmRNA標的創薬を可能としております。

mRNAを標的とする低分子創薬は、医薬品市場において最大のセグメントを形成する低分子医薬品をもって、従来のタンパク質を標的とする創薬技術では狙うことが難しかった様々な疾患にも対応可能な新しい創薬アプローチで、アンメット・メディカル・ニーズ（有効な治療薬や治療法がなく未だ満たされない医療ニーズ）の充足に貢献することが期待されます。当社は、mRNA標的低分子創薬により、より多くの医薬品を患者さまにお届けするため、当社独自のaibVISプラットフォームを活用し、複数の製薬会社と共同でmRNA標的低分子医薬の創薬研究を進める「プラットフォーム型」のビジネスを展開しております。

加えて当社は、自社でパイプラインを保有する「パイプライン型」のビジネスを展開しており、現在、核酸医薬品の自社創薬研究に取り組んでおります。核酸医薬品は、医薬品市場において最も成長率が高いセグメントと見なされています。aibVISプラットフォームの応用により迅速な創出が可能であり、主に希少疾患のアンメット・メディカル・ニーズの充足につながることが期待されます。

なお、当社の事業セグメントは創薬プラットフォーム事業のみの単一セグメントであります。

 


(1) 事業の背景

現在の医薬品市場は、主に疾患の原因となるタンパク質（以下「疾患関連タンパク質」という）に直接結合し、その機能を制御することで異常な働きを止める医薬品（低分子医薬品、抗体医薬品※６など）が主流です（図１）。しかし、これらの医薬品が創薬標的として狙うことのできる疾患関連タンパク質の数はもともと限られており、長年にわたる医薬品の研究開発※７の結果、新薬開発が求められている医療ニーズの高い疾患に対して新たに医薬品を創出することが難しくなっています。このように、創薬標的となりうる疾患関連タンパク質が限られてきている現状、すなわち「創薬標的の枯渇」が、製薬業界共通の課題となっています。

mRNAは、DNA※８から個々のタンパク質の遺伝情報を書き写した個々のタンパク質の設計図です。疾患関連タンパク質の設計図であるmRNAを制御することができれば、疾患関連タンパク質の機能を医薬品で直接制御する場合と同様に、その疾患を治療することが可能になり、これまで創薬標的とできなかったタンパク質を標的にできることから、「創薬標的の枯渇」の解消につながることが期待されます（図１）。

mRNAを標的とする医薬品は、核酸医薬品によって実現されています。核酸医薬品は研究開発期間を短くできる可能性があり、患者数が少ない希少疾患の治療に適しています。しかし、経口投与が難しく、製造コストが高いため、多くの患者さまに広く治療を提供するには適していないと考えられます。当社は、低分子医薬品のように経口投与が可能で患者さまの負担が少なく、開発・製造技術が確立している安価で供給に問題がない医薬品でmRNA標的創薬を実現することが製薬業界の真のニーズであり、そのためmRNA標的低分子医薬品は今後の大きな市場になる可能性があると考えております。それにもかかわらず、mRNA標的低分子医薬品はこれまでほとんど創出されておりませんでした。低分子創薬では、創薬標的全体の構造を精密に解析し、創薬標的上に低分子医薬品が結合して薬効を示すことが期待できる構造を最初に特定すること（このプロセスを、以下「ターゲット探索」という）が重要です。しかしながら、mRNAは１つの決まった構造をとらず、創薬研究を始める際に精密な構造の解析を行うことが困難であるため、mRNAを創薬標的にして低分子創薬を実施することは難しいという業界の認識がありました。このような状況において、当社の創業者である中村が2000年代前半より技術開発してきたインシリコ※９RNA構造解析技術により、mRNAを創薬標的としたターゲット探索が可能になり（詳細は「(2) 当社の事業領域 ③ aibVISプラットフォーム」を参照）、ターゲット探索の結果を活用した実用的な低分子化合物のスクリーニング※10法と合わせて、当社の創薬プラットフォームの基礎となっていました。そして現在、ibVISⓇの根幹をなす複数のルールベースAIを抜本的に改良しつつ、起業後に実施した社内研究および製薬会社等との共同研究によりRNAに関する独自の解析データを蓄積し、そのデータを利用するデータ駆動AIを装備することにより、AIと生物学を組み合わせた創薬プラットフォームaibVISに発展させています。

 


図１. 現在の主な医薬品市場（タンパク質標的医薬品）と当社が取り組む今後の成長市場（mRNA標的医薬品）

 




 

(注) mRNA標的低分子医薬品の研究開発は世界的に見てもほとんどが研究段階であり、

     本創薬で上市された低分子医薬品はありません（2025年12月末現在）。

 

mRNAを標的とした創薬（低分子医薬品及び核酸医薬品）は、タンパク質を標的とした従来の創薬手法では医薬品の研究開発が不可能もしくは困難であった様々な疾患に適用できる潜在性を秘めています。そして疾患関連タンパク質において大きな割合を占めるブルーオーシャン（競争相手のいない又は競争相手の少ない未開拓な市場）を開拓できる創薬アプローチであると考えております（図２）。特に、mRNA標的低分子創薬は、患者さま、製薬業界及び医療経済的な観点からも社会に望まれる低分子医薬品の創出に取り組めることから、次世代創薬の本命の一つとして期待されています（詳細は「第２ 事業の状況 １ 経営方針、経営環境及び対処すべき課題等 (4) 経営環境」を参照）。

 


図２. mRNA標的創薬によるブルーオーシャン開拓の可能性

 




出典：The Human Protein Atlas, DrugBank, KS analysis, 2018 をもとに当社にて作成

 

 

現在の医薬品市場の中心の一つであるタンパク質標的低分子医薬品とその創薬標的であるタンパク質の関係は、ちょうど「鍵」と「鍵穴」の関係に例えられ、低分子創薬とは、創薬標的上に「鍵穴」を探索し、様々な工程（「鍵候補」を見つけるスクリーニングなど）を経て「鍵穴」にピタリとはまる「鍵」を創出する一連のプロセスであると言えます（図３）。

当社は、独自のインシリコRNA構造解析により、多くのmRNA上には局所的に低分子医薬品（「鍵」）が結合できる構造（「鍵穴」）があること（当社では、mRNA上に局所的に存在する構造を「部分構造」、そのうち標的として定める構造を「ターゲット構造」と呼んでおり、「鍵穴」は「ターゲット構造」に該当します）、しかも多くの場合、複数の「鍵穴」が存在することを見いだしました。また、これらの「鍵穴」に対して「鍵候補」を見つけるために当社が独自改良したスクリーニング法の確立等により、従来のタンパク質標的低分子創薬と同様に、新しい創薬アプローチであるmRNA標的低分子創薬の実施が可能になっています（図３）。

 


図３. 低分子創薬のターゲット探索（鍵穴の探索）とスクリーニング（鍵候補を見つけるプロセス）





(注１) 様々な化合物の中から一定の基準を満たす化合物を選択するためのプロセス（鍵穴に対して鍵候補を見つけるプロセス）

(注２) スクリーニングで一定の基準を満たした化合物（鍵候補）

 

 

 


(2) 当社の事業領域

当社は、インシリコRNA構造解析技術をはじめとした複数のルールベースAIと創薬技術（biology）を統合したaibVISプラットフォームを活用したmRNA標的創薬を主事業としており、製薬会社との共同創薬研究等を通じて、mRNA標的低分子医薬品の創出に取り組むとともに自社による核酸医薬創薬にも取り組んでいます。

その他、将来の事業の多角化のため、インシリコRNA構造解析技術を応用した農薬事業への取り組みや、オンリーワンとなる核酸医薬品の創出の際に核酸医薬品の根本的な課題克服を目指したドラッグデリバリーシステムの事業化についても進めています（図４）。

 


図４. Veritas In Silicoの事業領域

 




 

私たちの体は、各部位の機能に応じて、その機能を発揮するために必要なタンパク質で構成されています。各部位の細胞内では、細胞の核の中にあるDNAがもつ全ての遺伝情報から必要なタンパク質の遺伝情報のみがmRNAに書き写されます（転写）。mRNAは核内から外に運び出された後、リボソーム※11というタンパク質合成機構によってタンパク質の合成の設計図として用いられます（翻訳）。翻訳の際、まずリボソームが一本のひも状であるmRNAの一方の端（５'末端）に取り付き、このリボソームがもう一方の端（３'末端）に向かって進行しながらmRNAの遺伝情報を読み取り、遺伝情報に対応するアミノ酸（タンパク質の構成要素）をつなげていくことでタンパク質が合成されます（図５）。このように、mRNAは私たちの体に必要なタンパク質の設計図として体内に存在しています。

当社は、そうした設計図であるmRNAに対する創薬として、低分子医薬品創薬と核酸医薬品創薬を行っています。低分子医薬品は、製造コスト（変動費）が低い一方、医薬品候補化合物を取得するまでの研究期間と費用（固定費）は高くなる傾向があります。核酸医薬品は、製造コストが高い一方、医薬品候補化合物を取得するまでの研究期間と費用は低減される傾向があります。すなわち、低分子医薬品が患者数の多い慢性疾患や一般疾患に治療を提供することに適しているのに対して、核酸医薬品は患者数の少ない希少疾患に治療を提供することに適しています。

 


① mRNA標的低分子創薬


ａ mRNA標的低分子医薬品の作用メカニズム

当社のmRNA標的低分子創薬では、当社独自のAIにより、ある程度安定で存在確率の高い（低分子化合物が結合しうる）部分構造をmRNA上に見いだしてターゲットとし、そのターゲット構造に結合し安定化する低分子医薬品を見出します。そしてその低分子医薬品がより強固でほどけにくい構造体をmRNA上に構築することで、リボソームによる（そのmRNAという設計図に対応した）タンパク質の翻訳を阻害もしくは制御することを狙っています。これにより、疾患の原因となる疾患関連タンパク質の生成を抑えられれば、従来の低分子医薬品や抗体医薬品等で直接疾患原因タンパク質の機能を阻害もしくは制御する場合と同等の効果が得られると考えています。（図５）

 


図５. mRNA標的低分子医薬品の作用メカニズム

 




(注) 通常、ある程度安定なmRNA構造があっても、リボソームは構造をほどいてタンパク質を合成する。ある程度安定なmRNA構造が低分子医薬品によってより安定で強固になると、リボソームは構造をほどけずタンパク質の合成がストップする。

 


ｂ 当社のmRNA標的低分子創薬の特徴 ― 研究開発 ―

一般的に医薬品の研究開発は、創薬標的を決定した後、医薬品候補化合物※12を創出するまでの創薬研究（研究段階）、非臨床試験、臨床試験、承認取得（開発段階）を経て、完了までに長い年月を要します（表１）。当社が製薬会社と実施しているmRNA標的低分子創薬では、従来のタンパク質標的低分子創薬と標的は異なりますが、最終目的物は同じ化学的特性をもつ低分子化合物であることから、表１に示す創薬研究以外の非臨床試験、臨床試験、承認審査、さらには承認後の製造・販売で必要となる技術及びインフラは従来の低分子創薬と共通しています。mRNA標的低分子創薬で臨床試験以降の開発に進んでいる例は世界的にみてもまだ限られておりますが、化学的特性が従来の低分子創薬の医薬品候補化合物と同等であることを鑑みると、開発以降のリスクや成功確率は概ね従来の低分子創薬の医薬品候補化合物と同程度であると考えられます。また、低分子医薬品の場合には開発ガイドラインも確立されているため、開発段階以降の障壁は他の新規創薬技術と比較して小さいと考えられます。

以上のことから、mRNA標的低分子創薬で重要なことは、医薬品として十分な効果・安全性等を示す医薬品候補化合物を創出するまでの創薬研究であると言えます。

 


表１. 一般的な医薬品の研究開発プロセス

 















 



プロセス



期間



主な内容







研究(注1)



創薬研究



２～４年



創薬標的を決定した後、医薬品候補化合物創出までの創薬研究







開発(注2)



非臨床試験



３～５年



ヒトに用いる臨床試験を前提に、実験動物等を用いて有効性及び安全性等を国際的な基準のもとで最終確認する試験







臨床試験



３～７年



第I相



少数の健康な方を対象に安全性等を確認する試験







第II相



少数の患者さまを対象に有効性及び安全性を探索的に確認する試験







第III相



多数の患者さまを対象に有効性と安全性を検証的に確認する試験







承認審査



１～２年



各国の規制当局による審査





 


(注１) 研究は、医薬品として十分な効果・安全性等を示す医薬品候補化合物を創出するまでの段階

(注２) 開発は、創薬研究で取得した医薬品候補化合物の効果・安全性等を規制当局に証明していく段階

 

 


ｃ 当社のmRNA標的低分子創薬の特徴 ― 薬物動態・安全性 ―

医薬品の創薬研究では、疾患関連タンパク質の機能を抑制する効果など、医薬品の主作用（薬効）だけではなく、医薬品が投与されてから血中へ吸収されるか、血中から目的とする組織・細胞へ移行するかといった点や（分布）、医薬品が体内で代謝や排泄される過程、さらには安全性を確保するための毒性の低減、といった様々な課題について検討し、最適化する必要があります（医薬品を投与してから「吸収」「分布」「代謝」「排泄」される過程を「薬物動態」という）。

mRNA標的低分子創薬の創薬研究においても同様に薬物動態や安全性等の検討・最適化が必要ですが、従来のタンパク質標的低分子創薬と比べてmRNA標的低分子創薬の研究過程に特有の検討課題は、細胞内で標的とするmRNAに作用して疾患関連タンパク質を減少させられるかという「細胞内での効果」の工程のみであり、それ以外は従来の低分子創薬と共通しています。つまり、創薬研究段階におけるmRNA標的低分子創薬の新規創薬技術として特有のリスクは、概ね「細胞内での効果」が得られるか、という点になります。もちろん他の工程にもリスクはありますが、そのリスクは従来の低分子創薬と同様であると考えられ、この点については、長年の創薬研究を通じて各製薬会社には技術やノウハウが豊富に蓄積されています。逆に言うと、「細胞内での効果」は十分にあっても、従来の低分子創薬と同じ薬物動態や安全性の課題により、創薬研究が中断するリスクがあります。そのため、mRNA標的低分子創薬により患者さまに医薬品を届けるためには、従来の低分子創薬を通じて蓄積された各製薬会社の技術やノウハウが重要です。当社では、mRNA標的低分子創薬により患者さまに医薬品を届けるためには、より多くの製薬会社と共同創薬研究を実施することが重要であると考え、「プラットフォーム型」のビジネスに注力しています（詳細は「(3) ビジネスモデルの特徴」を参照）。

aibVISプラットフォームを活用した当社と製薬会社との共同創薬研究において、当社が担当するのは表１の創薬研究の中でも標的とする「細胞内での効果」に関するものであり、「ターゲットの探索」「スクリーニング」「ヒットtoリード」「リード化合物最適化」で構成されます。それ以外の薬物動態や安全性研究、動物を用いた化合物の効果を検証するための実験、非臨床試験以降の開発段階については、従来の低分子創薬での経験や知見が豊富な提携先の製薬会社にて実施されます（製薬会社との役割分担の詳細は、「③ aibVISプラットフォーム ｂ ワンストップで医薬品候補化合物まで取得」を参照）。

 

② mRNA標的核酸医薬創薬

当社のAI創薬は、mRNAの構造を詳細に解析できるという一般性から、核酸医薬品の創出への応用が可能です。当社は、自社でパイプラインを保有するハイブリッド型ビジネスにビジネスモデルを転換しており、mRNA標的低分子創薬に続く事業として、当社単独で実施可能な核酸医薬品の創出に向けた取り組みを進めています。

当社では、これまで理論的な配列設計が困難とされてきた核酸医薬品の一種であるアンチセンスオリゴヌクレオチド（ASO）※13の配列設計にインシリコRNA構造解析を応用します。当社のインシリコRNA構造解析により、短期間で医薬品候補化合物となるASOを取得でき（当社では最短８カ月で取得）、その結果研究開発費を抑えることが可能になると考えております。加えて、後述する当社独自のドラッグデリバリーシステム 「Perfusio （パーフュージオ）」を用いて、抜本的な臨床試験期間の短縮とコストの削減を目指します。自社パイプラインの対象疾患については、当社の株主価値の向上につながるかどうかを基準に、オンリーワンとなる医薬品の創出のために具体的な検討を開始しています（詳細は「d パイプライン創出と開発の方針」参照）。

 

ａ 核酸医薬品の作用メカニズム

当社のmRNA標的核酸医薬創薬では、mRNA上に核酸医薬品が効果的に結合しうる部分構造を当社独自のAIにより見いだしてターゲットとし、そのターゲットに対応するASOを創出します。ASOがmRNA上のターゲットに結合すると、それを異物であると認識するRNase HがmRNAを切断します。これにより、疾患の原因となる疾患関連タンパク質の生成を抑えられれば、従来の低分子医薬品や抗体医薬品等で直接疾患原因タンパク質の機能を阻害もしくは制御する場合と同等の効果が得られると考えています(図６)。

 

 

図６. mRNA標的核酸医薬品の作用メカニズム




(注) mRNAに対してASOが結合すると、それを異物とみなすRNase Hによって認識されてmRNAが切断される。mRNAの切断によって、疾患関連タンパク質の生成は終了させられる。

 

ｂ 核酸医薬品創薬の特徴 ― 研究開発における三つの課題と当社独自の解決策 ―

核酸医薬品が臨床試験を終え、承認申請を経て実際に販売に至った例はこれまでのところ限定的です。当社では「 第II相試験終了後、 第III相試験を開始・終了し、申請等を終えて市場に出る」までの確率は、低分子医薬品がおおむね40-50%程度であるのに対し、核酸医薬品は８-10%程度にすぎないと分析しています。つまり、核酸医薬品における最大の課題の一つは、第III相試験で初めて明らかになる毒性（「毒性」）です。具体的には、タンパク質への予測不可能な結合による毒性や、ヒトにおいては重篤になってしまう核酸医薬品に施された各種化学修飾による化学毒性が挙げられます。加えて、第III相試験を始められないことも上記の確率を下げています。すなわち、第III相臨床試験という商業レベルと同じ大きさで始まる製造によってようやくわかってくる商業生産時の製造コスト（「製造」）、および第III相臨床試験前に行われることの多いバイオテクが持つ核酸医薬品の製薬会社へのライセンスアウトの不調（核酸医薬の事業領域の「魅力））だと考えております。核酸医薬品を市場に出すためには、臨床後期に判明するこれらの三つの課題を回避ないし解決することが最も重要というのが当社の考え方です。

 

これら「毒性」「製造」「魅力」の三つの課題に対し、当社はこれまでシンプルなASOを創出することで毒性と製造コストを抑え、その結果として競合品があっても価格競争力の面で魅力を持たせる方針でした。日本の規制当局との議論を通じて、この方針の有効性を確信しております。加えて2025年には、この考え方をさらに一歩進めることとしました。すなわち、シンプルなままで薬効等をさらに向上させるECM型核酸医薬品という新たな方法論を創出しました。さらに、QbD（Quality by Design）の考え方を採り入れ、医薬品を創出する時点から製造に難点がないかを検討して品質向上や製造コストダウンを図るとともに、三菱ガス化学株式会社と核酸医薬の製造検討を初期段階から行うことにより臨床試験に入る確度とスピードを上げる方針としました。そして、今まで医薬品を特異的に届けることが難しかった臓器に効率的に医薬品を届け、また回収できるドラッグデリバリーシステムとしてPerfusioの実用化に取り組んでおり、これをもってアンメット・メディカル・ニーズを抱える疾患に対して核酸医薬品を創出することで、核酸医薬品の事業領域の魅力を高めようと考えております。これら三つの施策は、どれ一つ矛盾することなく、核酸医薬品が直面する三つの課題を解決するものと考えています（図７）。

 

 

図７．核酸医薬品の創薬研究で検討が必要な課題




 

 

c 当社の核酸医薬品創薬の特徴 ― 開発期間の短縮による株主価値向上へ ―

当社が主として自社で実施している核酸医薬品創薬では、当社独自のAI創薬によって医薬品そのものを直接設計できます。そのことによって研究期間を大幅に短縮することができます。開発期間においては、少ないながらも核酸医薬品に関する許認可が進んでいることから、開発ガイドラインも確立されつつあるため、開発段階以降の障壁は他の新規創薬技術と比較して小さいと考えられます。また、希少疾患に対する開発期間は一般的に短くなる傾向があります。

また、当社では、主として核酸医薬品のドラッグデリバリーに用いることができるPerfusioの実用化に取り組んでいます。これは、血管用のカテーテルを用いて特定の疾患臓器に動脈側と静脈側の双方からアクセスし、患者さまの体内において対象の臓器を独立させ、医薬品を灌流するというシステムです。このシステムを使う事で、通常のドラッグデリバリーと異なり、医薬品を対象の臓器に直接届け、そしてそれらを対象の臓器から回収することができます。これは、これまで先進医療として行われていた閉鎖循環療法でもみられる発想で、非常に治療効果が高いだけでなく副作用を軽減できることが知られています。この対象臓器を的確に選び、さらに最後に本治療を終了した際に全身への漏出を極限まで抑えることにより全身への医薬品の暴露をほとんどなくすことができれば、医薬品の開発期間を大幅に短縮することが期待できます。当社では2026年１月に専属部署として新規事業開発室を設置し、このPerfusioの実用化と開発期間の短縮の試みに取り組んでいます。

このPerfusio実用化により、当社が取り組む核酸医薬品のパイプラインの研究開発期間とそのコストを削減し、当社の株主価値の向上につなげることを目指します。

 

d パイプライン創出と開発の方針

自社パイプラインの対象疾患については、特に市場性を重視することで、現在の株主価値に資する現在価値の高いものを選定する方針です。すなわち、(i)将来価値の総額が大きく、(ii)販売開始までの期間が短く、そして(iii)直近のコストを低減させる施策を採れるものです。これら三つの観点は、将来の医薬品の価値を販売開始までの期間や成功確率からディスカウントキャッシュフロー（DCF）法により現在の価値に換算する際、高い現在価値を形成するために重要です。

市場性を基準に自社パイプラインを選定することは、製薬会社にとって事業性の高い魅力あるパイプラインを創出することにもつながります。これにより、将来的に行うパイプライン導出の成功確率も高まることが期待できます。

さらに、Perfusioを利用することで、これまでに核酸医薬品を適用できると考えられていなかった疾患臓器に対する核酸医薬品を創出することができれば、アンメット・メディカル・ニーズに応えるだけでなく高い事業性を持つパイプラインが創出でき、製薬会社への円滑なライセンスアウトが期待されます。今後は、当社が創出するパイプラインの現在価値が当社の株主価値に織り込まれるように、パイプラインの創出と開発に関する情報は適時適切な開示等に努めます。

当社においては、三菱ガス化学株式会社と当社で権利を共同保有する自社パイプラインにおいて、三菱ガス化学株式会社に共同研究費の一部を負担いただいております。これは、これまで研究初期段階ではあまり注目されてこなかった、核酸医薬品の商業生産時の製造権を、共同研究開始時点より三菱ガス化学株式会社が保有することを確約することによりマネタイズを図ったものとなります。

以上の方針にもとづき、製造コストを低減しつつ、毒性リスクを第III相試験に持ち越さず、さらに隠された市場性の問題にも対応することで、アンメット・メディカル・ニーズにお悩みの患者さまにまで医薬品として届く可能性の高いパイプラインの創出に取り組みます。

 


③ aibVISプラットフォーム


ａ 多種多様な疾患に適応可能

当社は、これまで国内外の多くの製薬会社に、当社のibVISⓇプラットフォームの創薬技術及びデジタル技術を紹介してきました。これらの製薬会社より、ibVISⓇプラットフォームでmRNA標的低分子創薬を実施したいと開示をうけた創薬対象遺伝子の数は既に100を超え、そこから推定される疾患領域は、がん領域、中枢神経、各種希少疾患の順に多く、その他は循環器疾患、免疫疾患、感染症など多種多様です（図８）。これは、製薬会社という創薬の専門家から見て、ibVISⓇプラットフォームが様々な疾患に適応可能と理解されていることを示唆するものと当社では分析しております。中でも市場の大きいがん領域の割合が突出しており、医薬品が血液脳関門（神経細胞に影響のある物質をブロックする保護システム。Blood Brain Barrier；BBB）を通過する必要のある中枢神経疾患の割合ががん領域に続いております。これらは、製造コストが低く巨大な市場にも供給可能であり、BBBを通過できる低分子医薬品の強みを活かせる疾患領域であると考えられます。この特徴は、AI創薬をより推進したaibVISプラットフォームにおいても変わりません。

 


 図８. 創薬対象遺伝子からわかるmRNA標的低分子創薬の適用疾患領域




(注) 2025年9月末現在において製薬会社から開示された創薬対象遺伝子に基づき当社にて作成

 


ｂ ワンストップで医薬品候補化合物まで取得

当社のaibVISプラットフォームは、mRNA上に存在する低分子医薬品の「鍵穴」の候補となる部分構造を網羅的に解析し、その中から標的に適した「鍵穴」すなわちターゲット構造を定める「ターゲット探索」から、数多くの低分子化合物の中からターゲット構造に対して結合が認められる化合物を実験的に選択する「スクリーニング」、スクリーニングで取得したヒット化合物※14とターゲット構造の結合の強度や結合の特徴を詳細に検証する「ヒットtoリード」、ヒットtoリードにより取得したリード化合物※15を医薬品レベルにまで効果を高める「リード化合物最適化」により、最終的に非臨床試験以降に進める医薬品候補化合物を取得するまで、mRNA標的低分子創薬に必要な全ての創薬技術とデジタル技術を備えていると当社は考えております（図９、表２）。さらに、それらの創薬技術とデジタル技術が単に個々の技術としてではなく、一つの創薬システムとして統合されており、各製薬会社はaibVISプラットフォームを活用することで、mRNA標的低分子創薬で直面する多くの課題をワンストップで解決することが可能になると当社は考えております。

特に当社の「ターゲット探索」は、当社が独自開発したルールベースAIを活用したインシリコRNA構造解析ソフトウェアMobyDickⓇにより、製薬会社が任意に選択したmRNAから高速かつ正確に複数のターゲット構造を探索することが可能であり、当社の競争優位性の一つとなっています。この優位性は、数多くの製薬会社と共同研究あるいは共同創薬研究を行ってきた当社において、製薬会社の真のニーズに応える挑戦を通じてさらに強化されています。

 


図９. 創薬技術とAIを備えたワンストップAI創薬プラットフォーム

 

 




（注）共同創薬研究において製薬会社は、当社が技術供与したスクリーニング法を使ったスクリーニングの実施及び細胞実験を主に担当します。加えて製薬会社側では、化合物の合成展開※16、薬物動態及び安全性研究、化合物の効果を検証する動物実験などが実施されます。

 


表２. aibVISプラットフォームの創薬技術とAI

 












創薬研究プロセス



内 容







ターゲット探索



・NCBIデータベースよりmRNA配列データ取得

創薬対象とするmRNAを定め、NCBI※17（National Center for Biotechnology Information；国立バイオテクノロジー情報センター）の遺伝子データベースよりmRNA配列データを取得します。

・コンピュータによるmRNA構造解析

独自のRNA構造解析ソフトウェア「MobyDickⓇ」により、創薬対象に定めたmRNA上の部分構造を網羅的に解析します。

・コンピュータによるターゲット構造の評価

「MobyDickⓇ」に含まれる熱力学のエネルギー計算により、存在確率及び安定性の高い部分構造の中からターゲット構造候補を探索します。

・NMRによるターゲット構造の確認

ターゲット構造候補の妥当性を主としてNMR※18 (Nuclear Magnetic Resonance；核磁気共鳴)により実験的に確認し、ターゲット構造と定めます。

・実験的スクリーニング系の確立

次のプロセスのスクリーニングで、各種低分子化合物とターゲット構造の結合を検出するため、蛍光性のある物質を目印として付けたターゲット構造を合成し、そのターゲット構造がmRNA構造解析どおりの構造を実際に取っているか、スクリーニングで正常に動作するか等を実験的に確認します。

 [製薬会社との役割分担]

当社協力のもと製薬会社が創薬対象とするmRNAを定めた後の工程は、全て当社で担当します。





 


 

 












創薬研究プロセス



内 容







スクリーニング



・化合物ライブラリーの設計・準備

製薬会社が保有する莫大な数の化合物を収める化合物ライブラリーからスクリーニングにかける化合物を選定します（フォーカストライブラリー）。

・スクリーニング

FRET※19（Fluorescence Energy Transfer；蛍光共鳴エネルギー移動法）による一般的なスクリーニング法を定量的解析ができるように改良した、当社独自のqFRET※20（Quantitative Fluorescence Energy Transfer；定量的蛍光共鳴エネルギー移動法）により、数万から数十万の低分子化合物の中から、陽性を示す（ターゲット構造への結合が検出された）化合物（ヒット化合物）を取得します。

・統計解析

高精度かつ定量的なスクリーニング及びスクリーニングの結果得られるデータの統計解析を可能とするために、複数の自社製作ソフトウェアとルールベースAIであるplot2tm、Guppy および Viper を利用します。

 [製薬会社との役割分担]

当社協力のもと製薬会社が化合物ライブラリーの設計と準備をします。スクリーニングは製薬会社もしくは当社、あるいは両者で実施します。







ヒットtoリード



・細胞実験による効果の測定

スクリーニングで取得したヒット化合物の妥当性を検証するため、細胞レベルでの効果の確認を行います。

・BLI/ITCによる結合の強度測定／NMRによる結合の特徴測定

細胞実験にくわえて、BLI※21（Bio-Layer Interferometry；バイオレイヤー干渉法）、ITC※22（Isothermal Titration Calorimetry；等温滴定熱測定）などの熱力学的測定法※23、NMRなどの分光学的手法※24により、ターゲット構造に対するヒット化合物の結合の強度や特徴を解析します。

・NMRによる結合の特徴測定

NNMRなどの分光学的手法により、ターゲット構造と低分子化合物の結合の強度について確認するとともに、その結合の特徴を解析します。さらに、それぞれの低分子化合物の結合の特徴から、低分子化合物のグループ分けを行います。これについても、当社のルールベースAI Snowpeaks が支援します。

・量子化学※25計算

上記の結果をもとに、ヒット化合物から次段階の化合物（リード化合物）を設計するために必要な量子化学計算を行います。

・リード化合物取得

上記の結果をもとに、ヒット化合物から次段階の化合物（リード化合物）を獲得するための基礎となる化合物を複数選択します。これらを出発化合物として化合物の合成展開及び本プロセスの検証を繰り返し、低分子医薬品として好ましい特性を持つリード化合物を獲得します。

 [製薬会社との役割分担]

細胞実験による「細胞内での効果」の測定は、製薬会社によって行われる事が多いものの、当社で実施する場合もあります。その他の解析については、基本的に全て当社が担当します。また、本段階の進展に伴い必要となる化合物合成（合成展開）は、主として製薬会社が担当します。





 


 

 

 












創薬研究プロセス



内 容







リード化合物最適化



・RNA-低分子の三次元構造決定

ターゲット構造と化合物の複合体の三次元構造を、NMRやX線結晶構造解析※26により実測します。

・量子化学計算による化合物最適化（医薬品候補化合物の取得）

複合体の構造情報をもとにした量子化学計算を用いて医薬品を設計する手法等による化合物の最適化研究を行います。これにより、低分子医薬品としてリード化合物よりもさらに好ましい活性と物性を示す医薬品候補化合物の理論的創製が可能になります。

・コンピュータによる副作用予測

自社製作ルールベースAI search4loop を使ったインシリコ副作用予測により、ヒット化合物の副作用を規制当局への説明に使用可能なレベルで評価します。

 [製薬会社との役割分担]

複合体の構造解析と量子化学計算による化合物の最適化研究は、当社が担当します。最適化研究に伴い必要となる化合物合成は、製薬会社が担当します。





 


 

 


ｃ mRNA標的低分子創薬を可能にするRNA構造解析ルールベースAI

mRNAは分子内で相互作用して立体構造をとる巨大分子であり、細胞内の環境下では１つの決まった立体構造をとらず、様々なパターンの構造をとってそれらが混在するという性質があります。よって、一般的に一定の構造をとるタンパク質を標的とする従来の創薬と同様の理論では、mRNA標的低分子創薬を実現することはできませんでした。

当社の中村は、約20年にわたる創薬研究の経験に基づき、１つの決まった状態をとらない事象を取り扱う統計力学※27理論及び熱力学※28理論がmRNAの性質を解析する上で有用な方法であることを見出しました。具体的には、統計力学理論によりmRNA上に局所的に存在する部分構造の存在確率を計算し、熱力学理論により各部分構造のエネルギー状態の計算から安定性・不安定性を評価します。このように、既存創薬の研究領域（化学～生物学）に統計力学理論及び熱力学理論を適切に応用することにより、mRNA上の各部分構造を存在確率や安定性・不安定などの各指標にもとづき定量的に評価する方法論を確立し、その結果、mRNA上にはいつも同じ構造を取ろうとする安定な部分構造が存在することを明らかにしました（図10）。

 


図10. mRNA標的低分子創薬実現への突破口

 




 

 

当社は、こうした理論を実装することに加えて、製薬会社との共同研究等で得ることができた様々な知見等を組み込んだルールベースAI MobyDickⓇを構築し利用しています。MobyDickⓇにより、任意のmRNAから高速で網羅的に部分構造を発見し、低分子医薬品の標的に適したターゲット構造（一般的に、存在確率が高く安定であり、低分子化合物の結合が期待される部分構造）を定量的な評価にもとづき特定できるという強みを持っています。このターゲット探索の強みを活かして、製薬会社の幅広い創薬ニーズに応えるmRNA標的低分子創薬を可能にしています。

 


ｄ 高い達成率を誇るターゲット探索とスクリーニング

当社のaibVISプラットフォームは、ターゲット探索とスクリーニングにおいて高い達成率を誇っています。製薬会社との共同創薬プロジェクトでは、これまでに製薬会社が選定したがん、中枢神経疾患、感染症等に関連するmRNAに対してターゲット探索を実施し、ターゲット探索で得られたターゲット構造に対して数万から数十万の化合物ライブラリーを使用した高速・高感度スクリーニング（qFRET）を実施しました。その結果、ターゲット探索の達成率は約98％、スクリーニングの達成率は約96％であり、結果的に創薬対象とするmRNAの選定から約94％の成功率でヒット化合物を取得しています（2025年12月末現在）。この手法は、当社で新たに開発したデータ駆動AIであるAISLARを用いることによって、数倍の効率化が期待できます（図11）。

 


図11. 高い達成率を誇るibVISⓇプラットフォームのターゲット探索とスクリーニング




 

 

ｅ ヒット化合物検証（細胞実験等）

ヒット化合物を得た後は、化合物の「細胞内での効果」を確認するため、細胞実験にてヒット化合物が対象となる疾患関連タンパク質の発現量に与える影響を確かめます。これまでの製薬会社との共同研究では、様々なヒット化合物が細胞実験により対象となる疾患関連タンパク質を減少させている、すなわち「細胞内での効果」を示す結果が得られています（図12）。この効果を示す化合物の濃度は、この後の医薬品候補化合物の取得を目指した合成展開を開始するのに十分であると当社は考えております。また、こうしたヒット化合物の特性は、aibVISプラットフォームの創薬技術に含まれるBLI/ITCによる結合の強度等の測定やNMRによる結合の特徴測定によっても確認されます。

 

 


図12．スクリーニングにより取得したヒット化合物の細胞内での効果検証（細胞実験結果）

 




 

f 合成展開への支援

低分子創薬においては、スクリーニングで得られたヒット化合物を参考に、より高い細胞活性やより低い毒性を期待できる化合物を設計し合成する作業が、主としてパートナー企業で行われます（合成展開）。この合成展開によって得られた化合物を、ヒットtoリードのステップで使用した技術によってその特性を逐一確認して合成展開の方向性を定めます。またこの段階では、化合物の化学構造と細胞活性の関係性を意識することで、より効率的に合成展開を行うことになるため、構造活性相関を基礎としたコンピュータ支援ドラッグデザイン（SBDD）の使用が期待されます。

当社は、このSBDDがRNAに対する創薬であっても実行可能であることを、NMRによる低分子化合物とRNAの作る複合体の三次元構造を取得することから始まり、量子化学計算を行って結合のエネルギーを明らかにするという先行例として示し、論文発表を行っております。今般、この先行例をさらに発展させてより効果のある化合物群を創出することについて、学会発表も行っています。当社では、NMRに加えて、X線を用いて複合体の三次元構造を実測するX線結晶構造解析についても可能としております。

また、社内研究によってRNAと低分子化合物の結合において、特に重要となる要素を把握しております。したがって、三次元構造を実測する以前から低分子化合物側の特徴だけを用いた量子化学計算によって合成展開に有用な情報を得る試みも可能としています。

 

④ その他

当社のAI創薬は、mRNAの構造を詳細に解析できるという一般性から、様々な応用が可能であると考えております。当社は、主事業のmRNA標的低分子創薬とこれに引き続く核酸医薬創薬にとどまらない、mRNA関連創薬への多角化についても視野に入れています。より具体的には、農薬への応用をすでに検討しています。

同様に、当社パイプラインの開発段階での課題を解決するために作り出した Perfusio については、その応用範囲は核酸医薬品や当社内にとどまることなく、一般的に製薬会社が開発を目指す細胞治療等の高価な治療にも及ぶと考えられます。したがって、Perfusio についても実用化と事業化の機会を狙ってまいります。

このように、当社は本業を中心とした多角化の機会を逃さない体制でおります。

 

 

 


(3) ビジネスモデルの特徴

当社は、これまでのプラットフォーム型ビジネスから、自社パイプラインも創出しつつプラットフォーム事業も営むハイブリッド型ビジネスに転換しています。自社パイプラインについては、今後具体化する際にパイプラインごとに個別具体的なビジネスモデルをご説明しますので、ここではプラットフォーム型のビジネスモデルについてご説明します。

 


① ビジネスモデルの概要

当社は、より多くのmRNA標的低分子医薬品を迅速に社会に届けるため、製薬会社の幅広いニーズに応える汎用性の高いaibVISプラットフォームを武器として、複数の製薬会社と多数の共同創薬プロジェクトを同時に進行させる「プラットフォーム型」のビジネスを展開しています（図13）。製薬会社との契約では、契約一時金、研究支援金にとどまらず、マイルストーン、ロイヤリティ等の対価を定めることにより、契約締結直後から長期的かつ継続した事業収益の確保を目指します。

当社は2025年度末時点において、プラットフォーム型ビジネスのもと、主な事業収益の源泉となる製薬会社との共同創薬プロジェクトを効率的に進めるため、アカデミアとの共同研究をはじめ、各種機関・企業と提携関係にあります（図14）。

 


図13. 創薬系バイオテク企業のビジネスモデル

 




 

 

図14. Veritas In Silicoの事業系統図




(注) 製薬会社から当社への対価の詳細は「②契約形式」をご参照ください。

 


② 契約形式 プラットフォーム事業

プラットフォーム事業では、製薬会社と医薬品候補化合物を取得するまでの創薬研究を共同で実施する共同創薬研究契約を締結することを基本としています（図15）。共同創薬研究契約では、製薬会社から創薬対象とする標的遺伝子の情報を受領後、その標的遺伝子ごとにプロジェクトを設定し、各プロジェクトの進捗状況に応じて一連の継続的な事業収益が得られるように規定しています（図15、表３）。

当社と製薬会社の共同創薬研究契約に基づくパートナーシップ（以下、当社と共同創薬研究契約等に基づき、共同で創薬研究を実施する製薬会社を「パートナー」という）は、当社技術を用いて当社とパートナーが共同で医薬品候補化合物を創出する創薬研究段階と、医薬品候補化合物の創製における当社貢献部分をパートナーに譲渡し、パートナーが医薬品候補化合物の開発・販売を行うことで当社に事業収益が発生する開発・販売段階で構成されます（図15）。各段階において当社が計上する主な事業収益は以下の通りです。

 


図15. Veritas In Silicoの収益構造

 




 

 


表３. 主な事業収益の内容

 












事業収益名



内容







契約一時金



契約締結時に一時金として受け取る事業収益







研究支援金



研究実施等に対する対価として創薬標的ごとに受け取る事業収益







マイルストーン



研究・開発・売上の進捗に応じて、事前に設定したイベントを達成した際に受け取る事業収益







ロイヤリティ



医薬品販売開始後に年間の売上高に応じて受け取る事業収益





 


 


ａ 創薬研究

当社の共同創薬研究契約では、通常締結時にaibVISプラットフォームの使用に対する技術アクセスフィー等として「契約一時金」をパートナーより受領します。研究開始後、研究実施に対する費用支援・対価等として標的遺伝子ごとに設定された「研究支援金」を研究期間中毎年受領します。また、創薬研究中に追加的な研究が必要となる場合には、追加の「研究支援金」を標的遺伝子ごとに受領します。さらに、パートナーと事前にいくつかの研究達成目標、すなわちマイルストーンを設定し、当該マイルストーンを達成した場合には、パートナーより「研究マイルストーン」を受領します。

 

 


ｂ 開発・販売

当社の共同創薬研究契約では、基本的に、創薬研究における成果の当社貢献度に基づき、当社が開発・販売において受領する「開発マイルストーン」、「ロイヤリティ」、「売上マイルストーン」等の経済条件についても以下のとおり規定しています。

創薬研究で医薬品候補化合物を取得し、パートナーにより非臨床試験に進む判断がされた場合には、当社はこの段階で、最初の「開発マイルストーン」を受領します。その後、医薬品候補化合物の開発はパートナーに委ねられますが、パートナーによる開発が進み、臨床試験に移行した場合には、臨床試験の段階ごとに追加的に「開発マイルストーン」を受領します。さらに、最終的に医薬品として上市された場合には、売上金額に一定の料率を乗じて得られる金額を「ロイヤリティ」として受領します。加えて、上市された医薬品の年間の売上高が所定の売上額に達した場合には、「売上マイルストーン」を受領します。

なお、2025年12月末現在において、当社とパートナーとの共同創薬研究は全て創薬研究段階であり、パートナーが単独で実施する開発・製造・販売にまで進んだ実績はありません。

 


③ 契約形式 パイプライン事業

パイプライン事業では、医薬品候補化合物を取得するまでの創薬研究を自社で実施することを基本としています。社内でのアンメット・メディカル・ニーズのリストアップから始まる基礎検討によって、創薬対象とする標的遺伝子の情報を確定し、その標的遺伝子ごとに自社パイプラインプロジェクトを設定します（図15、表３）。

当社技術を用いて当社が独自に行う医薬品候補化合物を創出する創薬研究段階においては、基本的には収益は発生しません。しかしながら、医薬品候補化合物が創製されたのちにその権利を製薬会社に譲渡する時点で導出契約を結ぶことになります。その導出契約においては、契約時に比較的大きな契約一時金が得られ、導入した製薬会社が医薬品候補化合物の開発・販売を行うことで当社に事業収益が発生します（図15）。各段階において当社が計上する主な事業収益は以下の通りです。

 

ａ 創薬研究および開発研究初期

パイプライン事業では、医薬品候補化合物を取得するまでの創薬研究を自社で実施することを基本としています。したがって、この時点では基本的に収入はありません。当社では早期の導出契約の締結を目指しますが、それを待たず研究開発段階を進めることとしています。これは、当社で研究開発を停止するとそこまで進んでいる医薬品候補化合物の価値は特許残存期間の減少と言う形で価値が減じてしまいますが、社内の研究開発を進めることで医薬品候補化合物の完成度をより高める事ができ、その結果将来の導出時により価値が増すことになるからです。当社では、未だ開発段階に進んだ自社パイプラインはありませんが、すでにご説明したPerfusioの使用などによって開発期間の抜本的な短縮と開発コストの圧縮の実現に向けて取り組み始めています。

ｂ 開発・販売

導出契約は、医薬品業界では一般的な取引です。当社が今後行う導出契約においても、契約一時金に加え、当社が開発・販売において受領する「開発マイルストーン」、「ロイヤリティ」、「売上マイルストーン」等の経済条件について規定されることになります。

当社で創出した医薬品候補化合物を導出する際には、その権利全般を製薬会社に委譲します。当社はこの時点で、契約一時金を受領します。その後、医薬品候補化合物の開発は導出先製薬企業に委ねられますが、導出先製薬企業による開発が進み、非臨床試験から臨床試験に移行した場合には、臨床試験の段階ごとに追加的に「開発マイルストーン」を受領します。さらに、最終的に医薬品として上市された場合には、売上金額に一定の料率を乗じて得られる金額を「ロイヤリティ」として受領します。加えて、上市された医薬品の年間の売上高が所定の売上額に達した場合には、「売上マイルストーン」を受領します。

なお、2025年12月末現在において、当社と導出先製薬企業との導出契約を締結した実績はありません。

 

 


④ 知的財産戦略（特許及びソフトウェア著作権）

当社は、aibVISプラットフォームの「ターゲット探索」と「スクリーニング」の特許による権利化と、自社製作の各種AIで構成されるデジタル技術の秘匿化により、プラットフォーム全体の独占性を二重に担保しております。

 

a 独占性

当社保有の特許「RNAの機能を制御する化合物のスクリーニング方法」により権利化した技術は、デジタル技術の「MobyDick２D」と創薬技術の「qFRET」です。主に、これらの技術を利用するibVISⓇプラットフォームの「ターゲット探索」と「スクリーニング」では、権利化した特許によって他社の利用を排除しつつ、当社の優位技術として製薬会社に活用いただいています。2025年７月に米国において特許が付与され、これにより日本、欧州、米国の世界主要地域における権利が確保され、当社事業の独占性が一層担保されています。(図16)

 

b 秘匿性

創薬研究の各プロセスは、当社が独自開発し継続的にアップデートしている大量のデータ解析や実験のサポートをする自社ソフトウェアと自社AIを使用することにより、はじめて実施可能となります。また、各プロセスに導入しているこれらデジタル技術により、並列処理による効率化と精度の高い創薬の実現にくわえ、製薬会社のニーズに応じた技術移転を容易とすることで、拡張性のある創薬が可能になっています。これらの技術には複数のルールベースAIが含まれておりますが、その定期的なアップデートに加えてすでにデータ駆動AIの創出も始まっており、当社のAI創薬部分はより頑健性を高めております。

 

c 今後の特許戦略

当社は、2027年度までの中期経営計画期間中を「技術開発における第二の創業期」と位置づけ、積極的な技術開発を進めております。その成果として特許により防御すべき、さまざまな技術が創出されています。これらについては、積極的に特許出願するとともにその際に知財の範囲やビジネスの範囲を改めて検討することにより、収益の機会を逃さないようにしています。（図16）

 


図16. 2024～2025年の特許出願・取得状況




 

 


(4) プロジェクトの進捗状況


① mRNA標的低分子創薬のプロジェクト（共同創薬研究）

mRNA標的低分子創薬のプラットフォーム型ビジネスを展開する当社は、多額の開発費を投入して少数の自社パイプラインを育てる代わりに、共同創薬研究のパートナー数を増やすとともに、各パートナーとのプロジェクトを進捗させることで、相乗的な事業拡大を図っています。当社はこれまでに、プラットフォーム型ビジネスの特徴を活かしたパートナーとの共同研究を通じてibVISⓇプラットフォームの技術力向上を達成し、より高収益の共同創薬研究契約の締結が可能になりました。現在、共同創薬研究のパートナー４社（東レ株式会社、塩野義製薬株式会社、ラクオリア創薬株式会社、武田薬品工業株式会社）とのプロジェクトが進捗しています。

４社とのプロジェクトで最も進んでいるプロジェクトは、現在「ヒットtoリード」の後半「リード化合物創出」段階を実施中です（図17）。

 


図17. 共同創薬研究中の製薬会社のプロジェクト進捗状況




(注) 東レとの共同創薬研究では、医薬品候補化合物の権利は東レと当社で共有し、当社は化合物の持分に応じた収益を受領します。

 

 

当社は、共同研究及び共同創薬研究の契約にもとづき、これまでに合計9.2億円の事業収益を獲得しています（2025年12月末現在）。今後は、共同創薬研究中のパートナー４社等との契約にもとづき、短期的（創薬研究期間中）には19.4億円（このうち9.2億円は取得済）の研究支援金又は研究マイルストーン、中期的（開発期間中）には80.5億円の開発マイルストーンを事業収益として獲得する可能性があります（図18）。さらに、医薬品が上市した場合には、長期的（販売期間中）に、販売額に対して数パーセント程度のロイヤリティ及び販売額に応じたマイルストーン収入（最大1,050億円）が見込まれます（図18）。なお、東レとの共同創薬研究においては、医薬品候補化合物の権利を東レと当社で共有することになっており、当社は化合物の持分に応じた収益を受領することを取り決めております。

研究・開発・売上マイルストーンの金額については、いずれも既存のプロジェクトが全て成功した場合の最大値を示しています。創薬の成功確率は相対的に高いとはいえず、現実的に全てのプロジェクトが成功するわけではなく、一部又は全部のプロジェクトが成功に至らない場合や、成功に至った場合であっても当初想定した売上が達成できない場合等には研究・開発・売上のマイルストーンが減少する可能性がある点に十分ご留意ください。

 

 


図18. 既存の共同創薬研究契約から得られる事業収益ポテンシャル（2025年12月末現在）

 




 

(注) 取得済総額は、共同研究により取得した収益を含みます。マイルストーンは、いずれも既存のプロジェクトが全て成功した場合の最大値を示しています。創薬の成功確率は相対的に高くはなく、現実的に全てのプロジェクトが成功するわけではない点に十分留意が必要です。

 


② mRNA標的低分子創薬のプロジェクト（自社研究）

mRNA標的低分子創薬は様々な疾患への応用展開が可能なことから、共同創薬研究開始後、パートナーあたりのプロジェクト数が積み上がる場合がある一方、パートナー側の社内優先順位等の関係で、一部のプロジェクトが中止される場合もあります。当社は、パートナーとの契約締結の際に開発・製造・販売ライセンスに関する取り決めを盛り込む場合を除き、中止されたプロジェクトの成果の当社への譲渡について契約書に規定することにより、自社プロジェクトへ転用することを可能にしています。実際に、中止されたプロジェクトのうち有望なプロジェクトについては自社プロジェクトに転用しており、事業開発や創薬プラットフォームの技術開発のために活用しています。

当社のmRNA標的低分子創薬のプロジェクトは、医療ニーズの高いがん領域が中心であり、当社のビジネスモデルをハイブリッド型に移行していくにあたり、これらのプロジェクトが自社パイプラインの有力な候補になると考えております。現時点においては、一部のプロジェクトについて、事業開発や創薬プラットフォームの技術開発を目的とした社内研究を実施するにとどめており、具体的に自社パイプライン候補として進捗しているプロジェクトはありません（2025年12月末現在）。

 


③ 核酸医薬品及びその他プロジェクト（自社研究）

当社は、希少疾患を対象とするものを中心に、自社パイプラインとしてASOの創薬プロジェクトを複数進めております。

核酸医薬品のプロジェクトは、急性腎不全を対象疾患とした遺伝子p53に対するASO、及び東京慈恵会医科大学の岡野ジェイムス洋尚教授との共同研究により創出された、筋萎縮性側索硬化症（ALS）などの神経変性疾患を対象疾患としたASOであり、両プロジェクトともに医薬品候補化合物を取得して物質特許を出願し、p53のASOについては日本で特許が権利化されました（図19）。当社では核酸医薬品の自社単独での創出が可能であること、医薬品候補化合物を最短８か月で取得できることから、急性腎不全やALSにこだわらず、市場性を考慮したうえで、新規プロジェクトを選定し、自社パイプラインとして進める予定です。

現在最も先行させているプロジェクトは、p53に対するASOです（図20）。すでに特許が権利化されている物質よりもさらに高活性な物質を得ることができたため、2025年12月に新たに特許申請も行ったうえで当社の最初のパイプラインとしました。このパイプラインは、対象疾患を心臓疾患手術時の虚血性腎疾患の予防と定め、現在も研究開発を進めています。この医薬品は、承認されて販売に至った場合には国内年間売り上げが150億円程度と当社では推定しており、その研究進展によって当社の株主価値に織り込まれるように努めます（図21）。

 

 

図19. 核酸医薬品自社プロジェクト進捗状況

 




 

 


図20. 自社パイプライン１：p53に対するASO概要

 




 

 


図21. 自社パイプラインによる事業収益ポテンシャル（2025年12月末現在）

 




 

＜用語解説＞













 



用語



解説







※１



mRNA（メッセンジャーRNA）



遺伝情報であるDNA※8配列を写しとって、タンパク質合成のために情報を伝達するRNA。mRNAは、細胞内でタンパク質が合成される際の設計図であり、各タンパク質に対応してそれぞれ個別のmRNAが存在する。







※２



核酸医薬品



DNAやRNAといった遺伝情報を司る物質「核酸」そのものを利用した医薬品であり、アンチセンスオリゴヌクレオチド（ASO）※13などがある。従来のタンパク質を標的とする低分子医薬品※3や抗体医薬品では狙えないmRNA等を創薬標的とすることができる。分子量は低分子医薬品と抗体医薬品※6の中間にあたり、中分子医薬品とも呼ばれる。商業製造法が確立途中であるため、製造コストは、高額と言われる抗体医薬品よりもさらに高額となる。また抗体医薬と同様に、主に注射により投与される。







※３



低分子医薬品



一般的に分子量が500以下の医薬品。飲み薬や貼付薬など様々な投与方法に展開することが可能である。また製造は化学合成によるため、品質の管理が容易であり、また商業製造法が確立されているため、抗体医薬や核酸医薬品等と比べて極めて安価である。そのため最も一般的に流通し、医薬品市場の約半分を占めている。

出典：内閣官房 健康・医療戦略室委託事業「令和二年度 医薬品・再生医療・細胞治療・遺伝子治療関連の産業化に向けた課題及び課題解決に必要な取組みに関する調査報告書」







※４



パイプライン



非臨床試験・臨床試験など開発段階にある医薬品候補化合物（新薬候補）を当社ではパイプラインと呼び、非臨床前の創薬研究段階のプロジェクトと区別している。







※５



RNA



核酸（塩基と糖、リン酸からなるヌクレオチドが多数重合した生体高分子。DNA※８も核酸の一種）のうち、糖の部分がリボースからなる物質であり、リボ核酸とも呼ばれる。生体内において、遺伝情報の伝達など多くの生命現象にかかわっている。遺伝情報を伝達するメッセンジャーRNA（mRNA）※１、タンパク質の原料であるアミノ酸を運ぶ機能を担う転移RNA（tRNA）、リボソーム※11を構成するリボソームRNAなどに分類される。







※６



抗体医薬品



体内に「抗体」を投与することで治療効果を得ようとする医薬品の総称。創薬標的にピンポイントで作用させることができるため、高い治療効果と副作用の軽減が期待できる。一方、抗体医薬品は製造工程が複雑で品質の管理が難しいため、製造コストが高く、薬価が高額となる。また核酸医薬品と同様に、現在は注射によってのみ投与されている。







※７



研究開発



医薬品の研究開発とは、新しい医薬品を市場に投入するまでの一連のプロセスをいう。そのうち、研究（創薬研究、基礎研究）は、当社がibVISⓇプラットフォームにより技術提供が可能な「ターゲット探索」「スクリーニング」「ヒットtoリード」「リード化合物最適化」に至る医薬品候補化合物※12を取得するまでのプロセスであり、開発は、医薬品候補化合物取得後の非臨床試験、臨床試験に加え、承認申請及び規制当局の承認を含む非臨床試験以降の全てのプロセスである。







※８



DNA



核酸（塩基と糖、リン酸からなるヌクレオチドが多数重合した生体高分子）のうち、糖の部分がデオキシリボースからなる物質であり、デオキシリボ核酸とも呼ばれる。地球上のほぼ全ての生物において遺伝情報の継承を担う生体高分子である。







※９



インシリコ



インシリコ（in silico）は、生物学でいうin vivo（生体内）やin vitro（試験管内）とのアナロジーであり、「コンピュータを用いて」を意味する。すなわち、コンピュータを使った計算により、ゲノムをはじめとした生体分子の構造などを数値化し、生理的な条件を踏まえて研究することを指す。







※10



スクリーニング



多数の化合物群（一般的に、数万種類以上の化合物からなるライブラリー）から、特定の条件を満たす化合物を選択するための実験方法のこと。







※11



リボソーム



数本のRNA分子と50種類ほどのタンパク質で構成される巨大なRNAとタンパク質の複合体。大小２つの部分に分かれており、それぞれ 50Sサブユニット、30Sサブユニットと呼ばれる。あらゆる生物の細胞内に存在し、mRNAに転写された遺伝情報を読み取ってタンパク質を合成（翻訳）する機構として機能する。





 


 













 



用語



解説







※12



医薬品候補化合物



医薬品候補化合物は、リード化合物を化学合成によりさらに改善したものであり、当社の創薬研究ステップの最終成果物である。医薬品候補化合物は、動物等を用いた非臨床試験にて、その有効性と安全性を国際的な基準の下で確認した後、最終的に、ヒトを対象とした試験（臨床試験）に用いられる。臨床試験の結果を規制当局に申請後、審査を経て承認されると医薬品となる。







※13



アンチセンスオリゴヌクレオチド（ASO）



核酸医薬品のカテゴリーの一つ。一本鎖のDNAやRNAからなり、mRNAに結合して主にタンパク質の合成（翻訳）を制御する働きを持つ。ASOに安定性や機能などを追加することを目的として様々な化学的な修飾を導入することができる。







※14



ヒット化合物



創薬で用いられる用語。本書においては、ヒット化合物は、創薬の初期のスクリーニングで発見された活性化合物のことを示す。







※15



リード化合物



創薬で用いられる用語。本書においては、リード化合物は、ヒット化合物の次の段階の化合物であり、ヒット化合物を基礎に化学合成により手が加えられ、その活性が動物などで確認される等、ヒット化合物より良好な特性を示す化合物のこと。さらに、活性、溶解度などの物性、毒性、飲み薬にした場合に化合物が吸収されるかなど（薬物動態）の点を化学合成によりさらに改善する基礎になる化合物。ただし、その基準は各製薬会社でさまざまである。







※16



合成展開



低分子医薬品の創出を目的として、低分子化合物を多数合成していくことをいう。具体的には、スクリーニングで取得したヒット化合物等を基点に、目的（活性の向上、薬物動態の改善、毒性の低減等）に合うように新たに構造が類似した低分子化合物を多数設計し、有機化学的に合成して用意する。この新たに用意された低分子化合物に対し各種の試験を行い、より目的にかなう低分子化合物を選択し、その化合物を基点として合成展開は続けられる。このサイクルは、低分子医薬として充分なプロファイルを持つ化合物が得られるまで続けられる。







※17



NCBI



NCBI（National Center for Biotechnology Information；国立バイオテクノロジー情報センター）。米国国立衛生研究所の下の国立医学図書館の一部門として設立された公的機関。最も信用のおける遺伝子情報等のデータが蓄積されているため、当社では、使用するmRNAの塩基配列情報を主としてNCBIデータベースより取得している。







※18



NMR



核磁気共鳴（Nuclear Magnetic Resonance）。分光学的測定法の一つ。磁場を与えられた状態の原子核に外部から電磁波を照射し、特定の電磁波を吸収する現象（共鳴現象）を観測することで、物質の構造的情報などを取得する方法。当社では、RNAの二次構造情報の取得に加え、ヒット化合物等の低分子化合物がRNAに結合する様子や、RNAの三次元構造の解析にも使用している。







※19



FRET



FRET（Fluorescence Energy Transfer；蛍光共鳴エネルギー移動法）。物質間の距離の変化に応じて蛍光強度が変化する現象を利用した物質の形状変化をリアルタイムに測定する研究手法。生命科学研究において不可欠な技術となっている。







※20



qFRET



qFRET（Quantitative Fluorescence Energy Transfer；定量的蛍光共鳴エネルギー移動法）。当社独自の実験プロトコル、実験機器、データ解析手法を統合することにより、蛍光共鳴エネルギー移動法に定量性を持たせた研究手法。







※21



BLI



BLI（Bio-Layer Interferometry；バイオレイヤー干渉法）。熱力学的測定法の一つ。核磁気共鳴センサーチップ上に固定した生体分子と、溶液中の分子の相互作用を測定する装置。当社では、構造をとったRNAをセンサーチップ上に固定し、スクリーニングで取得したヒット化合物等の低分子化合物を流して、両者間の相互作用を測定することに使用している。高速に測定できるほか、ごく微量でも測定可能であることが特徴。







※22



ITC



ITC（Isothermal Titration Calorimetry；等温滴定型熱量測定）。熱力学的測定法の一つ。分子同士が結合する時に発生する微小な熱量変化を計測し、相互作用解析に用いる装置。当社では、RNAとスクリーニングで取得したヒット化合物等の低分子化合物との相互作用を測定することに使用している。一般的に、得られる相互作用の数値は他の手法よりも正確だといわれるが、測定に時間がかかり、多くの試料を要するというデメリットがある。







※23



熱力学的測定法



熱力学的測定法は、等温滴定型熱量測定 (Isothermal Titration Calorimetry；ITC)等により、結合分子を創薬標的に滴下した際に起こる化学反応もしくは結合反応を観測する測定法。物質同士が結合する際には熱の発生もしくは吸収が起こるため、熱量変化を観測することにより、物質同士の結合を定量的に解析することができる。





 


 













 



用語



解説







※24



分光学的手法



物理的観測量の強度を周波数、エネルギー、時間などの関数として示すスペクトル(測定結果の成分を、量の大小によって並べて、解析しやすくしたもの）を得ることで、対象物の定量あるいは物性を調べる研究手法である。日本語では「光」という漢字を使うが、必ずしも光を用いる測定法のみが分光学的手法ではない。







※25



量子化学



理論化学（物理化学）の一分野。主として分子や原子、あるいはそれを構成する電子などの振る舞いを、シュレーディンガー方程式といった根源的な理論にもとづく数値計算によって解くことにより、分子構造や物性あるいは反応性を理論的に探究する学問分野である。







※26



X線結晶構造解析



タンパク質やRNAなどが三次元的に規則正しく並んだ結晶をつくり、その結晶にX線を照射することでそれらの三次元構造を解析する手法。X線結晶構造解析技術は、タンパク質やRNA単体はもちろんのこと、タンパク質-化合物複合体やRNA-化合物複合体の三次元構造情報を得るための手段の１つとして用いることができる。







※27



統計力学



統計物理学ともいう。物質を構成する多数の粒子の運動に力学法則及び電磁法則と確率論とを適用し、物質の巨視的な性質を統計平均的な法則によって論じる物理学の分野。当社は、RNAの構造解析にこれら統計力学の理論を適用できることを見出し、創薬に応用している。







※28

 



熱力学



熱力学とは、巨視的な立場から物質の熱的性質を研究する物理学の一分野であり、系全体のマクロな性質を扱う理論である。複雑な系である生物学には当てはまらないとされることが多い。当社は、RNAの構造解析にこれら熱力学の理論を適用できることを見出し、創薬に応用している。"
1332,株式会社ニッスイ,2026-03-31,"３ 【事業の内容】

当社グループは、当社、子会社71社及び関連会社27社で構成され、水産事業、食品事業、ファイン事業及び物流事業を主な内容とし、さらに各事業に関連する研究及びサービス等を展開しております。

当社グループの事業に関わる位置付け及びセグメントとの関連は次のとおりであります。

 

○水産事業………当社及び連結子会社［黒瀬水産㈱、NISSUI USA, INC.他38社］、非連結子会社１社［持分法適用会社］、並びに関連会社㈱大水他18社［持分法適用会社］で漁撈事業、養殖事業、加工・商事事業を行っております。

 

○食品事業………当社及び連結子会社［㈱日本デリカサービス、GORTON'S, INC.他18社］、並びに関連会社５社［持分法適用会社］で加工事業及びチルド事業を行っております。

 

○ファイン事業…当社及び連結子会社１社で医薬品原料、機能性原料（注１）及び機能性食品（注２）などの生産・販売を行っております。

 

○物流事業………連結子会社［日水物流㈱他２社］及び関連会社２社［うち持分法適用会社１社］で冷蔵倉庫事業、配送事業、通関事業を行っております。

○その他…………連結子会社［ニッスイ・エンジニアリング㈱他５社］及び関連会社１社で船舶の建造・修繕、運航、エンジニアリング等を行っております。

（注１）サプリメントの原料や乳児用粉ミルク等に添加する素材として使用されるEPA・DHAなど。

（注２）主に通信販売している機能性表示食品「ごま豆乳仕立てのみんなのみかたDHA」、特定保健用食品 「イマークＳ」などの健康食品。

 

事業の系統図は次のとおりであります。"
1333,Ｕｍｉｏｓ株式会社,2026-03-31,"３【事業の内容】

  当社グループ（当社及び当社の関係会社）は当社、子会社98社及び関連会社53社により構成されており、水産資源事業、食材流通事業、加工食品事業を主たる事業として行っております。

  当社グループの事業内容及び当社と関係会社の当該事業に係る位置付けは次のとおりであります。

  なお、当連結会計年度より報告セグメントの区分を変更しております。詳細は、「第５ 経理の状況 １ 連結財務諸表等 （1）連結財務諸表 注記事項（セグメント情報等）」に記載のとおりであります。

  また、Maruha Nichiro Europe Holding B.V.及びSeafood Connection Holding B.V.は、2026年４月１日よりUmios Europe Holding B.V.及びUmios Food Group Europe B.V.に社名を変更しております。

 

（１）水産資源事業

  当社及び連結子会社［大洋エーアンドエフ㈱、Austral Fisheries Pty Ltd.、Maruha Capital Investment, Inc.、Westward Seafoods, Inc.、Premier Pacific Seafoods, Inc.他14社］、非連結子会社13社［うち、持分法適用会社２社］、並びに関連会社20社［うち、持分法適用会社11社］により、国内外で漁業を行う漁業ユニット、国内において主にクロマグロ、ブリ、カンパチの養殖を行う養殖ユニット、北米を事業拠点とし、北米の豊富な水産資源を背景とした水産物の加工・販売を展開する北米ユニットから構成されております。

（２）食材流通事業

  当社及び連結子会社［大都魚類㈱、神港魚類㈱、大東魚類㈱、㈱マルハ九州魚市ホールディングス、九州中央魚市㈱、Maruha Nichiro Europe Holding B.V.、Seafood Connection Holding B.V.、㈱ヤヨイサンフーズ、Umiosオーシャン㈱、Umios Hokkaido㈱他29社］、非連結子会社３社、並びに関連会社25社［うち、持分法適用会社９社］により、国内外にわたり水産物の調達・市場流通も含む販売ネットワークを持つ水産商事ユニット、多様な業態に対して水産商材や業務用商材の製造・販売を行う食材流通ユニット、国内外の畜産物及び農産物を取り扱う農畜産ユニットから構成されております。

（３）加工食品事業

  当社及び連結子会社［アイシア㈱、Umios北日本㈱、KF Foods Limited、Kingfisher Holdings Limited、Southeast Asian Packaging and Canning Limited他７社］、非連結子会社１社、並びに関連会社４社［持分法適用会社］により、国内外において家庭用冷凍食品・缶詰・フィッシュソーセージ・ちくわ・デザート・調味料・フリーズドライ製品・ペットフード等の製造・販売を行う加工食品ユニット、化成品の製造・販売を行うファインケミカルユニットから構成されております。

（４）その他

  当社及び連結子会社［Umiosロジ㈱他９社］、非連結子会社１社、並びに関連会社４社［うち、持分法適用会社２社］において冷凍品・飼料等の保管、輸配送及び不動産業等を行っております。

 

  以上述べた事項を事業系統図によって示すと次のとおりであります。"
135A,株式会社ＶＲＡＩＮ　Ｓｏｌｕｔｉｏｎ,2026-02-28,"３ 【事業の内容】


(1) 事業の概要

当社は、「モノづくりのあり方を変え、世界を変えていく」ことをミッションに掲げ、製造業界向けに、ＡＩ技術及びＩｏＴ（注１）技術等の新しい技術を活用したサービスを提供しております。当社がサービスを提供している日本の製造業界は、グローバル化やアジアの国々を代表とする新興国の発展による「国際競争の激化」や少子高齢化に伴う「人手不足」等の構造的な課題に直面していると当社では捉えております。これらの課題に対処すべく製造業界においては生産性向上のためのＡＩやＩｏＴ等の新しい技術を活用したＤＸ（注２）が強く求められていると判断しております。

当社が製造業界に提供するものは、生産性向上のソリューションとして、自社開発したプロダクトを提供する「ＡＩシステム」及び顧客のＤＸ推進を支援する「ＤＸコンサルティング」の２つとなります。ＡＩシステム及びＤＸコンサルティングは、以下に記載する特徴があると考えておりますが、それらは製造業に特化することでノウハウや専門性を短期間に有し、より高品質なソリューションの提供ができるように努めてきたことによります。

当社の見解では現在、製造業に向けて両ソリューションを提供している企業は国内において多くなく、当社の優位性に繋がるものと考えております。また、同一企業へ両ソリューションの導入を推進することにより、企業のＤＸを加速させ、一企業における収益の最大化を図っております。

 

[当社が提供する２つのソリューション]




 

なお、当社では、ＡＩシステムを提供した顧客へはＤＸコンサルティングを、ＤＸコンサルティングを提供した顧客へはＡＩシステムを提供することを推進しており、両ソリューションは完全に分離されるものではなく、両要素を異なるバランスで含んでいることから、経営管理上はセグメントの分離をせず、「製造業ＤＸ事業」の単一セグメントとしております。

 

(注) １.ＩｏＴ（Internet of Things）

ＩｏＴは、あらゆるモノをインターネット（あるいはネットワーク）に接続する技術であり、日本語では「モノのインターネット」と訳されます。

２.ＤＸ（Digital Transformation）

ＤＸは、デジタルトランスフォーメーションの略となります。デジタルトランスフォーメーションとは、企業がデジタル技術によって業務やビジネスの変革をすることを指します。

 

 


① ＡＩシステム

(特徴)

当社は、自社のエンジニア部門においてＡＩシステムの企画・研究・開発を行っており、特定の顧客ごとに仕様を大幅に調整する必要がない汎用性の高いシステムを開発しています。顧客の製造ラインの製造環境及び解決したい課題に合わせて、ＡＩシステムの提供だけでなく、撮像機器等の周辺のハードウェアと組み合わせて提供することで、顧客の製造ラインの自動化を実現しています。

従来、製造ラインの検査工程において検査員の目で行われていた良品／不良品の判定について、人の目に頼らず省力化・自動化を可能にするＡＩ外観検査システム「Phoenix Vision／Eye」の開発・販売を行っております。

さらに当社は、顧客に対して、このようなＡＩシステムの販売に加えて、より高い検査精度を達成するための撮像環境を構築するために、カメラ等の撮像機器や装置・排出機構についても、組み合わせて提案・提供を行っております。

 

[ＡＩシステム導入による効果]

 




 

 

[当社製品ＡＩシステム「Phoenix Vision／Eye」]

 




 

 

[製造ラインでの運用イメージ]




(当社の強み)


ａ 製造業に対する豊富な知識

当社が対面している製造業の顧客にサービスの価値を訴求し販売を行うには、豊富な製造業の知識及び高い精度の実現が必要になります。製造業界においては、商談やサービス提供の過程において、高度な業界知識、製品知識及び製造工程に関する知識が求められます。当社は、製造業界出身者が多く在籍していることに加え、マニュアル化や社内教育により、製造業界出身者以外の者でも十分なパフォーマンスを発揮できるための仕組みを整えていると考えております。

なお、外観検査システムは通常１製造ラインごとの導入となり、その製造ラインでの効果が実証されることにより同一企業の別ラインへの追加導入へと繋がり、継続的な収益を見込むことが可能であると考えております。当社は工場現場の状況やデータ、解決したい課題に基づき、顧客に合わせた自動化や効率化の提案ができる点に強みがあると考えており、その実績により複数の企業で追加導入に至っております。

 


ｂ 企画から導入までワンストップ対応

当社はＡＩシステムの開発・販売だけでなく、企画からカメラやセンサー等の撮像機器及び検査装置の製作等の提案、設置、稼働までをワンストップで提供しております。ＡＩ外観検査システムは、撮像条件により大きく検査精度が左右されるため、当社以外のＡＩベンダーでは、ソフトウェアのみを販売し撮像機器等については顧客側で別途調達しており、本番環境下において導入検討時と同水準の検査精度を出せない事例が多く見られます。

当社は、製造業界や画像検査領域での知見が豊富であり、ソフトウェアと撮像環境をワンストップで企画・提案・販売することにより、導入後の本番環境下でも高い検査精度を実現することが可能であると考えております。

 


ｃ 自社開発のＡＩ技術による外観検査処理

外観検査の処理技術には、従来技術であるルールベースと当社が開発しているＡＩ技術を用いた２つが存在します。ルールベースは、人が設定した検査ルールに基づいて良品／不良品を判断することから検査基準が明確となりますが、設定には専門知識が必要なうえ、条件が複数ある場合にはその分の検査基準を事前に全て登録する必要があり、検査結果もその検査基準に完全に一致したもののみを検出します。そのため、明るさ等の環境変化に応じた設定を行うことは大変難しく、大量の製品を製造しつつ不良品の出荷をゼロとするには、例え良品であっても一定の基準を満たさない製品を歩留まりにして熟練の検査員による検査をもって良品／不良品を判断している製造現場があります。このような製造現場では、良品でありながらも歩留まりにせざるを得ないことに頭を悩ませている場面が見受けられます。

一方で、ＡＩ技術を用いた場合は、良品／不良品の画像を学習データとして与えて自己学習させていくことで特徴を自動的に抽出して判断するようになります。曖昧さや柔軟性等は、試行回数を増やせば増やすほど数値化して表現することができ精度も高められることから、熟練の検査員による官能検査が必要なケースに非常に有効です。工数削減又は歩留まりの大幅な解消が期待できると当社では考えております。

 

ｄ 汎用性の高さ

ＡＩ外観検査システムの核となる基盤は、自社が開発する汎用性の高いソフトウェアであるため、特定の顧客ごとに仕様を大幅に調整する必要がなく、注文を受けてから１週間程度で導入することが可能です。操作性も容易なため、顧客側での設定調整や導入後の運用において、操作者の熟練度等に左右されません。

また、当社製品の外観検査処理にはＡＩ技術に加え、ルールベースも搭載しております。学習データ用の良品／不良品画像を蓄積し十分に学習させるまでは、従来のルールベースで使用することも可能です。このように、汎用性の高さにより検査する商品や特徴が変わっても顧客の要望に合わせて対応が可能なため、大手製造業で同一工場に複数のラインがあっても、大きな仕様変更を行うことなく、全ラインに導入の機会があります。加えて、大手製造業であれば国内だけでも複数の工場を保有しているため、今後は、既存顧客のリピート案件の比率が高まることが予想され、獲得コストの低減に繋がると考えております。

 

(導入実績)

これまでの「ＡＩシステム開発・販売」の実績は、自動車業界及び食品業界を中心に、導入してまいりました。ＡＩシステム及びその周辺機器の販売を通じた2026年２月期の平均販売単価は、18百万円であります。導入事例として、大手自動車メーカーにおける「部品の傷の自動検査」、大手即席麺メーカーにおける「かやくとソースの自動分類」、大手ハムメーカーにおける「生成されたハムの自動検査」等があり、人が行っていた業務の自動化を実現しています。

 

[外観検査自動化例]




 

 


② ＤＸコンサルティング

（特徴）

日本の製造業界は、新興国の工業化による国際競争力の激化や少子高齢化に伴う労働人口の減少等の構造的な課題に直面していると当社では捉えております。当社は、その課題解決にＤＸコンサルティングが有効と考えており、ＡＩやＩｏＴ等の新しい技術を活用した顧客のＤＸ推進を支援するサービスを提供しております。

当社のコンサルタントが顧客のＤＸプロジェクトにおいて、課題設定フェーズから運用フェーズまでのプロジェクト全体に携わっております。

 

[サービスの内容]




 




 

(当社の強み)

当社が対面している製造業界においては、製造現場の生産性向上を目的としたＤＸの推進が急務となっているものの、製造業の企業にはＡＩやＩｏＴ等の新しい技術に精通している人材が不足しており、必要なデータがない、データが生産設備から取得できないことによってＤＸの推進が想定通りにいかないケースがあると当社では捉えています。

また、製造現場におけるＤＸには、製造業界や製造工程に対する豊富な知見が必要になる一方で、ＡＩベンダーやＤＸコンサル企業に、製造業界や製造工程に対する豊富な知見を有している人材は多くなく、そのため製造現場にＤＸのコンサルサービスを十分なレベルで提供できる企業は多くはないと当社では想定しております。

当社は、製造業に特化してきたことにより、製造業及び製造工程における多くの知見と実績やノウハウを有することができ、顧客の生産設備からデータを取得するためのデバイスの選定から、データ取得、分析、結果を踏まえた実際の運用までを支援しています。そして、製造現場の様々な課題への解決実績を積み上げることで、より質の高いサービスを提供できるよう取り組んでおります。また、当社は、人材育成、テーマ選定、検証、開発、運用に至るまで、単なるアドバイスではなく、ハンズオンでの開発支援ができることが特徴であると考えております。

 

[当社が導入したソリューション]

 




※１ Computer Aided Engineeringの略。

設計した製品のシミュレーションや解析をコンピューター上で実施すること。

 

(導入実績)

これまでの「ＤＸコンサルティング」の実績は、自動車業界及び食品業界を中心に生産工程における複数の領域で導入した他、同一企業から幅広く課題に対する相談を受け複数回の成約を獲得しています。2026年２月期のＤＸコンサルティングの平均販売単価は、１百万円であります。

 

 

[事業系統図]"
1375,ユキグニファクトリー株式会社,2026-03-31,"３ 【事業の内容】

当社グループ（当社及び当社の子会社）は、当社と海外事業会社を含む子会社４社で構成され、きのこ類（まいたけ、エリンギ、ぶなしめじ、マッシュルーム、本しめじ、はたけしめじ等）及びきのこ加工食品の生産及び販売（以下「茸事業」という。）を主たる事業としております。

当社では、まいたけの人工栽培に成功した後、まいたけの工業生産による安定的な生産・供給体制及び品質管理体制並びに小売事業者への直接販売を中心とした流通ルートの整備を図るとともに、そのノウハウをエリンギ・ぶなしめじの商品化に活かし、「きのこ総合企業」としての体制を確立してまいりました。

各事業の特徴等は、次のとおりであります。

セグメントの名称

担当会社

事業等の特徴及び取り組み状況

茸事業

まいたけ

当社

まいたけは、自社開発の「極」ブランドが市場、小売、消費者から高い評価をいただいております。当社の調査によれば、「雪国まいたけ 極」は、旨味成分が従来品と比べて多く、濃厚で旨味・風味があり、バランスのとれたすっきりとした味わいと、従来品と比べて強い歯ごたえや弾力性を有するまいたけとなっております。

また、高品質で安定生産できる新・白まいたけの自社菌の開発、量産化に成功し、「雪国まいたけ極 白」を販売しております。「雪国まいたけ極 白」は、「雪国まいたけ 極」のおいしさを引き継いだだけではなく、高級感あふれる見た目の美しさや煮汁が濁らない使いやすさなどが多方面から好評を博しております。

エリンギ

当社

エリンギは、品質改善による安定供給を維持し、食感が良い茎部分を太く、カサを小さく栽培することで「より食べやすく、よりおいしい」エリンギを目指しております。太くしっかりしたエリンギは、調理時の切り方のバリエーションも増えるため、レシピ紹介等を通じ新たな食べ方提案を実施しております。

ぶなしめじ

当社

ぶなしめじは、顧客ポートフォリオ（アイテム構成）を見直し、販売単価の向上を目指しております。また、包装形態の見直しを図り、トレーの材質や厚さを変更することでトレーの軽量化を図る等、生産コスト低減にも取り組んでおります。

マッシュルーム

当社

マッシュルームは、ホワイトマッシュルームやブラウンマッシュルームを展開しており、他きのこと比べて用途に季節を問わず幅広い世代より好評をいただいております。

本しめじ

当社

(注)

本しめじは、高級料亭等だけでしかなかなか食べることのできなかった「幻のきのこ」とも呼ばれております。松茸同様に難しいとされていた栽培に成功し、「大黒本しめじ」と呼ばれる、見た目の美しさと旨味成分を兼ね備えた本しめじを生産しております。

はたけしめじ

当社

(注)

はたけしめじは、きのこ特有の苦味がなく、お子様にもおすすめのきのこであり、また、低カロリーで、食物繊維に加えビタミンやミネラルも含まれているヘルシー食材であります。現在、「大粒丹波しめじ」として、更なる認知度向上を図っております。

海外事業

SPROOMZ B.V.

海外事業会社における主な事業はマッシュルームの製造販売であり、オランダ及び周辺国ではエキゾチック・マッシュルーム（日本で呼称されるマッシュルーム以外のきのこの総称）のトッププレーヤーの一角であります。当社と同様に幅広い直接販売ネットワークを活用し営業活動を行っております。

その他

当社

当社グループでは、その他の事業として、健康食品の製造（外部委託）及び販売、茸代替肉製品の製造（外部委託）及び販売、培地活性剤の販売、並びに直売所の運営を行っております。

(注) 当社は、2025年８月１日付で子会社である瑞穂農林株式会社の事業のすべてを譲り受けました。

 

［事業系統図］

当連結会計年度末現在における子会社を含めた事業の系統図は、次のとおりであります。

 

 

(注) 当社は、2025年８月１日付で子会社である瑞穂農林株式会社の事業のすべてを譲り受けました。

 

 

（当社グループの生産の特徴）

当社グループでは、独自に開発した工業生産手法により、きのこ（まいたけ、エリンギ、ぶなしめじ、本しめじ、はたけしめじ、マッシュルーム）を生産しております。主なきのこの生産工程と各工程における当社グループの手法の特徴については、次のとおりであります。こうした独自の生産手法により、当社は安定した生産能力、収穫、そして品質を実現しております。

 

(1) 培地合成

オガ粉と栄養添加物を独自の割合で配合して栽培の土台となる培地を作成し、高温・高圧で殺菌いたします。当社グループでは、独自レシピで培地を配合し、農薬や化学肥料は一切使用しておりません。

(2) 植菌

クリーンルーム管理（無菌状態に管理）した植菌室で培地に種菌を接種いたします。

まいたけの生産に関しては、2015年８月に従来菌に比べて環境変化への耐性が強い新菌を導入し、歩留まり向上と生産の安定化を実現しております。特に、この独自に開発した新菌から収穫されるまいたけ「極」は、後述の培養・育成過程での工夫等を通じて、弾力性が高く歯ごたえをもたらす「茎」の部分が大きく、食べ応えがあるとともに、旨みと風味のバランスが良い等の特徴を有しており、高品質なまいたけの生産の実現につながっております。加えて、植菌作業の自動化にも取り組んでおります。

(3) 培養・育成

光、温度、湿度等の環境を制御した培養室、発生室の中で、それぞれ菌糸（菌類の栄養体を構成する糸状の細胞列）、子実体（菌類の菌糸が密に集合してできた胞子形成を行う、塊状のもの。大形のものが「きのこ」と呼ばれる。）の生長を促しております。

特にまいたけでは、広大な培養室及び発生室において、天然まいたけが繁殖する深山の気候を再現した独自のデータに基づく科学的な環境管理によって、光、温度、湿度等を適切に制御し、大量生産を実現しております。培養室及び発生室の広さはそれぞれ約1,350㎡であり、業界で最大の規模と考えております。また、当社のまいたけに関しては、培地を袋に入れて培養・育成を行う手法である袋栽培を採用し、生産工程の改善を続けてきたことにより、１株の大きさが約900グラムと大型化することに成功しており、これによって、後述の包装工程において、需給に応じた多様な容量の包装と商品展開を行うことが可能になっております。

なお、当社では、地熱利用の空調や廃棄物を熱源とするボイラー等を活用することにより、生産工程におけるユーティリティコストの低減も実現しております。

(4) 収穫・包装

収穫時期を厳しくチェックし、厳格な社内基準に適合したきのこだけを収穫し、販売用に包装いたします。当社グループでは、FA化（ファクトリーオートメーション）を進めており、ぶなしめじ及びエリンギに関しては、収穫・包装を含むほとんどの工程において自動化を実現しております。また、まいたけについても、包装工程を中心に生産の自動化を推進しております。

また、当社グループのまいたけは、前述のとおり、袋栽培で１株の大きさが大きいため、１株販売、500グラムから50グラムまで自由な量目設定が可能であり、当社グループでは、市況や顧客ニーズに応じた柔軟なアイテム展開を行っております。その結果、価格相場に応じた柔軟なアイテム提案によりキログラム単価の最大化を可能にしております。

 

（まいたけの特徴）

2026年現在、国内の総人口減少や少子高齢化が加速し、あらゆる商品の需要減少や市場規模の縮小が予想されるため、様々な業界が警鐘を鳴らしており、国内食品業界全体の縮小は避けられない状況にあります。

しかしながら、当社の主力製品であるまいたけは、食物繊維やビタミン等の栄養素が摂取できる食材として、栄養成分の健康促進効果等もメディアで適宜紹介されており、健康意識の高いアクティブシニアからの支持が高いことから、少子高齢化の状況においても需要は相当程度高まっていくと見込んでおります。また当社のまいたけ製品ラインアップは、一人暮らしやシニア層に適した小容量製品からファミリー層向けの大容量製品に加え、調理の簡便性等、幅広いニーズの高まりに迅速に応じた柔軟な商品提案が可能であります。加えて、当社の白まいたけ「雪国まいたけ極 白」は、その見た目の美しさから、洋食メニューにおいて見栄えもよく、若年層の興味・関心を引き付ける効果的アイテムだと考えております。

当社では、創業来長年にわたって高品質・高生産性のきのこ製品の研究開発に取り組んでまいりました。特に、まいたけについては、その充実した栄養成分や健康促進効果等に関して、研究成果の学会発表を行っております。

当社の研究成果等によれば、まいたけには、食物繊維、α-グルカン、β-グルカン、ビタミンＤ、キチン等の栄養成分が含まれております。"
1376,カネコ種苗株式会社,2026-05-31,"３【事業の内容】

当社グループは、当社及び子会社２社で構成され、種苗の生産・販売及び造園・法面工事の請負施工、花き園芸用品、農薬・被覆肥料等の販売、農業資材の販売及び養液栽培プラント・温室の設計・施工を行っております。

当社グループの各事業の内容と、当社及び関係会社の当該事業に係る位置付けは、次のとおりであります。

なお、次の４部門は「第５ 経理の状況 １連結財務諸表等 (1)連結財務諸表 注記事項」に掲げるセグメントの区分と同一であります。

（１）種苗事業

野菜種子や牧草種子、ウイルスフリー苗及び種イモの委託生産・仕入・販売及び造園・法面工事の請負施工を行っております。

・野菜種子

耐病虫性・収量性・良食味等の高品質な特性を備えた自社開発品種を中心に、日本国内はもとより海外へも販売しております。また、その委託生産の一部と海外販売の一部を連結子会社であるフィリピーナス・カネコ・シーズ・コーポレーション及び非連結子会社であるカネコ・シーズ・タイランド・カンパニー・リミテッドが行っております。

・牧草種子

飼料作物種子・緑肥作物種子・緑化工事用種子・芝草種子を自社開発又は仕入れて、全国ネットや一部海外で販売しております。また、その委託生産の一部を連結子会社であるフィリピーナス・カネコ・シーズ・コーポレーション及び非連結子会社であるカネコ・シーズ・タイランド・カンパニー・リミテッドが行っております。

・ウイルスフリー苗及び種イモ

収量性・良食味等の高品質な形質を備えた品種を自社開発し、サツマイモのウイルスフリー苗やヤマノイモ類のウイルスフリー種イモを全国ネットで販売しております。

・造園・法面工事の請負施工

主に群馬県内において、造園工事や法面工事の請負施工を行っております。

 

（２）花き事業

家庭園芸愛好家向けに花き園芸用品や家庭菜園向けの野菜種苗等の販売を行っているほか、営利栽培農家向けに自社開発品種の販売を行っております。

・家庭園芸向け販売

ホームセンター・園芸専門店・園芸卸会社等を通じて、花苗、家庭菜園向け野菜種苗、球根、花・野菜のタネ、関連の家庭園芸資材を全国ネットで販売しております。

・営利栽培農家向け販売

ユーストマ・カーネーション・デルフィニウム等の自社開発品種を全国の花き生産者向けや一部海外に販売しております。

 

（３）農材事業

農薬の販売を中心に被覆肥料等の販売も行っております。

・農薬の販売

農産物の安定生産に欠かせない農薬を全国ネットで販売しております。

・被覆肥料等の販売

住友化学株式会社と当社が共同開発した各種肥料成分を樹脂でコーティングした、効果が長期に持続する被覆肥料「ベストマッチ」を販売しております。

 

 

（４）施設材事業

農業資材を仕入れ販売しているほか、当社独自の養液栽培プラント及び温室を設計・施工し、販売しております。

・農業資材の販売

農業の効率化や農産物の安定生産に欠かせない農業資材を全国ネットで販売しております。

・養液栽培プラント・温室の設計・施工

種苗会社の中で長年培われた独自の栽培技術を生かし、各作物に合った養液栽培プラント、植物工場及び温室の設計・施工をしております。それに加え、栽培技術指導を行い、肥料、培地などの関連消耗資材も販売しております。

 

当社及び当社グループの当該事業における位置付けを図示すると以下のとおりであります。"
1377,株式会社　サカタのタネ,2026-05-31,"３ 【事業の内容】

当社グループ(当社および当社の関係会社)は、当社、子会社37社および関連会社４社により構成されており、園芸商材(野菜種子、花種子、球根、苗木、農園芸資材)の販売業務を営んでおります。

事業内容と、当社および関係会社の当該事業に係る位置付けは、次のとおりです。


(1) 国内卸売事業

野菜種子、花種子、球根、苗木および農園芸資材等を生産もしくは仕入れ、国内の種苗会社等へ卸販売しております。

 


(2) 海外卸売事業

野菜種子、花種子および苗木等を生産もしくは仕入れ、海外の種苗会社等へ卸販売しております。

 


(3) 小売事業

一般園芸愛好家を対象とした商品を仕入れ、国内のホームセンター向けに販売しているほか、通信販売での販売を行っております。

 


(4) その他、全社(共通)

官公庁・民間向け造園工事の施工・管理、人材派遣業務、研究開発の受託業務を行っております。

 

事業内容と当社および関係会社の当該事業に係る位置付けおよびセグメントとの関連は、次のとおりです。













事業区分



主な業務内容



主要な会社







国内卸売事業



種苗会社、生産者への農園芸商材の卸売

(扱い品目：野菜種子・花種子・球根・苗木)

当社含む計３社



当社

(連結子会社)

㈱サカタ ロジスティックス

㈱ブロリード







種苗会社、生産者への農園芸商材の卸売

(扱い品目：農園芸資材)

当社



当社







種苗会社、生産者への農園芸商材の生産

(扱い品目：苗木)

計３社



(連結子会社)

㈱山形セルトップ

㈱飛騨セルトップ

㈱福岡セルトップ







海外卸売事業



種苗会社、生産者への農園芸商材の卸売および生産
(扱い品目：野菜種子・花種子・苗木)
当社含む計34社



当社

(連結子会社)

Sakata Seed America,Inc.

Sakata Vegetables Europe S.A.S.

Sakata Ornamentals Europe A/S

Sakata Seed Sudamerica Ltda.

Sakata Seed Chile S.A.

Sakata Korea Co.,Ltd.

坂田種苗(蘇州)有限公司

Sakata Siam Seed Co.,Ltd.

Sakata Seed India Pvt Ltd.

Sakata Vietnam Co.,Ltd. ほか

計30社

(関連会社)

NewBreed Ltd.

Tikal Holding,LLC

Domina S.R.L







小売事業



ホームセンターを通じた園芸愛好家への販売

(扱い品目：野菜種子・花種子・球根・苗木・園芸資材)

当社



当社







通信販売

(扱い品目：野菜種子・花種子・球根・苗木・園芸資材)

当社



当社







その他、

全社(共通)



造園工事・管理、人材派遣業、研究開発受託業務

計３社



(連結子会社)

㈲サカタテクノサービス

サカタのタネ グリーンサービス㈱

(関連会社)

Genetwister Holding B.V.





 


 

 

以上の企業集団等の状況について事業系統図を示すと次のとおりです。(2026年５月31日現在)"
1379,ホクト株式会社,2026-03-31,"３【事業の内容】

当社グループ（当社及び当社の関係会社）は、当社（ホクト株式会社）及び子会社８社により構成しており、今後の幅広い事業展開と経営の効率化を目的として、「国内きのこ事業」、「海外きのこ事業」、「加工品事業」及び「化成品事業」の４事業部門に関係する事業を営んでおります。

なお、次の４事業部門は「第５ 経理の状況 １ 連結財務諸表等 （1）連結財務諸表 注記事項」に掲げるセグメント情報の区分と同一であります。
 

１．国内きのこ事業

昭和30年代より今迄の原木によるきのこ栽培から、空調施設の導入、機械化による施設型きのこ生産が飛躍的に伸び、当社でも昭和47年より従来からの栽培用ビン、種菌等の製造販売と共に、きのこ生産、販売に着手いたしました。

爾来、一貫して「鮮度の高いきのこ」、「今日収穫したきのこを、翌日にはスーパーの店頭に…。」を念頭に、そのための生産センターを日本全国に設置し、当期末までに全国20ヵ所に33生産センターを稼働させるに至りました。「良質」、「安定収穫」をかかげ、「整理、整頓、清潔、清掃」の「４Ｓ運動」を実行しております。

国内でのきのこ事業は、全国各地の市場、量販店（スーパー）、生活協同組合等との取引を行っており、常に安定した供給を心掛けております。現在、国内には北海道、宮城、長野、東京、名古屋、大阪、広島、香川、九州の９地域に営業拠点を配しております。

また、昨今の円安などの影響によりきのこの培地原料であるコーンコブミールの価格が上昇していることから、原料の安定調達を図るため、インドネシアにPT HOKTO INDONESIA MATERIALSを設立し、一部コーンコブミールの生産を始めました。

 

２．海外きのこ事業

海外の子会社によるきのこの生産及び販売を行っており、拠点は、米国の「HOKTO KINOKO COMPANY」が１センター、台湾の「台灣北斗生技股份有限公司」が２センター、またマレーシアの「HOKTO MALAYSIA SDN.BHD.」が１センターを有し、出荷を行っております。加えて、海外での販売拡大のために、アジアを中心とし広くはヨーロッパまで市場調査や営業活動を行っております。

 

３．加工品事業

当社加工食品事業部におきまして、主にきのこを使用した加工品の販売を行い、カレー、健康食品を中心とした新商品の開発や市場開拓及びその通販事業等に注力しております。

また、子会社の株式会社アーデンは、昭和52年よりカレー、各種スープ、和食材などの多彩なレトルトパウチ食品製造を手掛けており、大手食品メーカーをはじめ食品スーパーなどと取引を行っております。このレトルトパウチ食品製造のノウハウは、当社が今後きのこを主体とした付加価値商品の展開を図っていく上で有益であり、両社の営業力や物流販売能力を組み合わせることでシナジーが期待できるものと考えております。

 

４．化成品事業

ホクト産業株式会社におきまして、下記のとおり事業を展開しております。

(1）農業資材の製造、販売

きのこ生産に不可欠なＰ・Ｐ（ポリプロピレン）ビン等の栽培用資材の製造と、栽培用機械、包装用機械及び資材等の販売を担当しており、きのこの生産から包装までの総合相談、指導を行う部門であります。

近年きのこ生産農家の高齢化、後継者不足が顕著でありますが、当社創立後、間もなく組織された事業であり、長年の経験をもとに質の高い指導をもって固定客の確保に努めております。

(2）包装資材

食品を中心とした包装用の資材、容器、機械の販売を担当している部門であります。近年は非食品業界への販売も増加しており、既存の分野にとらわれない幅広い販売を展開しております。また、自社製造部門におきましてブローボトルを製造しており、飲料用、工業用等メーカーとして全国に販売を展開してきております。これら新規分野への販売や新規事業等の柱を大きく成長させるべく活動しております。

 

 

［事業系統図］

以上の事項を事業系統図によって示すと次のとおりであります。"
137A,Ｃｏｃｏｌｉｖｅ株式会社,2026-05-31,"３【事業の内容】

当社は「テクノロジーとマーケティングの力で、住宅・不動産業界で働く“人”の力が最もうまく活かされる仕組みを創り上げたい」をミッションとして、ＢｔｏＢのクラウドサービス事業を営んでおります。

当社のミッションを達成するために、マーケティング活動を自動化するＫＡＳＩＫＡ（カシカ）を自社で開発・改良し、日本国内の不動産会社に提供しております。当社では日本国内における「工務店・ハウスメーカー」「不動産売買仲介業者」「分譲マンション事業者」に属する不動産会社を潜在的な顧客として定義しております。

なお、当社はクラウドサービス事業の単一セグメントであるため、セグメント別の記載を省略しております。

具体的なサービスの内容は以下のとおりです。

 

ＫＡＳＩＫＡ

① ＫＡＳＩＫＡの概要

日本の不動産業界（賃貸を除く）は約21兆円規模（注１）となっており、１物件当たりの取引金額についても5,925万円（注２）と、住宅の購入はライフイベントにおける多額な経済的支出となっております。そのため、消費者である住宅購入者は住宅購入の検討をしてから実際に不動産会社と契約を締結するまでに一定の検討期間を要すると考えられます。このような消費者の検討期間の長さに起因し、販売をする不動産会社においては消費者に対する継続的な営業活動の積み重ねが重要になると当社では考えております。具体的には「集客」・「顧客管理」・「追客」・「成約」・「成約後のフォロー」という一連の営業活動を行うことが重要となっております。

 

図１：不動産の購入プロセスとＫＡＳＩＫＡの範囲

 

不動産業界における広告宣伝費は1,088億円（注３）と集客に対する活動は行われている状況ですが、現在は集客・問い合わせや資料請求等を受けた後の「追客」が不動産業界の課題となっていると当社では理解をしております。

当該課題は、①不動産の購入を検討してから実際に契約を締結するまでの期間が賃貸契約の場合に比べて長いこと、②営業活動は一般に属人性が高いため仕組み化をするのが難しいこと、③不動産業界の入職率が12.5％（注４）であるのに対し離職率が13.5％（注４）と上回る（定着しづらい）水準であること、④手作業や紙での管理が多く不動産業界ではデジタル化の進展が進んでいないこと等の要因により生じており、「追客」を適切に行うことを難しくしていると当社では理解をしております。

また、住宅購入をする消費者からみても不動産会社の営業担当者の対応の丁寧さ及び早さは不動産会社を選択する上で重要と考えられることから、「集客」をしたあとの「追客」が不動産業界において重要な課題であると当社では理解をしております。

 

この不動産業界における重要な課題を解決するためのＩＴツールとして「追客」に強みを持つＫＡＳＩＫＡを当社で自社開発致しました（図１参照）。

ＫＡＳＩＫＡの具体的な機能の１つとして自動メール返信機能があります。当該機能は図２のとおり、ポータルサイトで問い合わせがあった消費者を自動で顧客リストに加え、消費者に対して不動産会社オリジナルの返信メールを自動送信する機能となっており、不動産会社の営業担当者が効率的に営業活動をできるよう当該機能を有しております。

 

図２：自動メール返信機能

 

不動産会社の営業担当者がＫＡＳＩＫＡを使うことで、消費者との会話・物件の案内のように「人」でないとできないことに最大限時間を取れるようになり、家を買う人も、家を建てる人・売る人も幸せになるという不動産業界の価値向上・デジタル化が達成されることを企図しております。

さらに今後は「サービス付き高齢者住宅の提供会社」等の日本の高齢化社会で今後需要の高まりが想定される不動産関連領域、「リフォーム」等の不動産購入後の領域でのＫＡＳＩＫＡの提供に注力してまいります。

 

② ＫＡＳＩＫＡの機能・提供価値及び当社のサポートの特徴

ＫＡＳＩＫＡは、集客活動を行うことにより得られる消費者からの問い合わせをＫＡＳＩＫＡに取込み、営業アクションの管理、属性に応じたメールマガジンの一斉自動送信、契約確度の高い消費者（優良顧客）の絞り込みを行うことができる基本機能を有しております（図３参照）。当該基本機能を満たすツールは多数ありますが、ＫＡＳＩＫＡは不動産業界に特化したツールであるため、不動産会社の営業担当者が使いやすくなるような各ＵＩ（ユーザインターフェース）を志向して開発をしております。

また、当該基本機能に加えて、不動産会社の営業担当者から消費者に対してＳＭＳでメールを送信することで不動産会社の営業担当者と消費者間でのコミュニケーションがスムーズになることが期待され不動産会社の営業担当者の利便性を高めるＳＭＳオプション機能、マンションリサーチ株式会社より提供を受けている、ＡＩで作成した物件の価格査定書を消費者に提供するＡＩ査定オプション機能を有しております。今後もオプション機能の拡充を予定しており、ＫＡＳＩＫＡユーザの利便性を高めていくことを目指しております。

 

図３：ＫＡＳＩＫＡの基本機能

 

図３の基本機能に加え、図４のとおり、当社では顧客からのフィードバックを社内に共有し、ＫＡＳＩＫＡの開発に反映させることで継続的な改善・改良を行う仕組みを整えております。具体的には当社の営業部門及びカスタマーサクセス部門（営業及びサクセス担当）にて顧客からのフィードバックを受領後、プロダクトマネージャーに当該フィードバックを共有し、必要に応じて開発要望を行います。プロダクトマネージャーは内容及び重要性等を整理・検討し、エンジニアに対して開発依頼を行います。エンジニアが開発及び必要に応じてＵＩデザイナーにＵＩデザインを依頼し、当該改善・改良の内容を営業部門及びカスタマーサクセス部門に共有することで、改善・改良したＫＡＳＩＫＡを顧客に対して提供するという体制を整えております。

当社は顧客に対しＫＡＳＩＫＡというツールを単に提供するだけではなく、導入初期からＫＡＳＩＫＡの運用ができるように個別勉強会を実施し、導入後の顧客向けにＫＡＳＩＫＡ活用の勉強会や成功事例の勉強会を開催する等、継続的な利用により成果を創出できるようカスタマーサクセス部門を設けており、人員を重点的に配置しております。

 

図４：継続的な改善・改良を行うための当社の体制

 

 

 

③ ＫＡＳＩＫＡの料金体系及び解約可能期間

ＫＡＳＩＫＡの料金体系は大別して店舗数課金とユーザ数課金となっております。図５-１のとおり、店舗数課金では１店舗（１物件）でのＫＡＳＩＫＡ利用に際して月額利用料金50,000円、ユーザ数課金では10名以下のユーザまでは50,000円、11名以降は１名につき5,000円という料金体系となっております。なお、店舗数課金、ユーザ数課金のいずれであってもＫＡＳＩＫＡ利用開始時の初期費用は50,000円となっております。

また、ＳＭＳ送信オプションやＡＩ査定オプション機能等の各オプション費用はそれぞれ月額10,000円の基本料金となっており、各オプション利用開始時の初期費用は20,000円となっております。

当社としては追客においてＳＭＳを使うことは効果的・効率的と考えていることから、ＫＡＳＩＫＡ利用開始時から、ＫＡＳＩＫＡに加えてＳＭＳ送信オプションを併せて利用することを提案しております。この場合、初期費用として70,000円（ＫＡＳＩＫＡ50,000円、ＳＭＳ送信オプション20,000円）、月額利用料金として60,000円（ＫＡＳＩＫＡ50,000円、ＳＭＳ送信オプション10,000円）という料金体系となっております。

また、ＫＡＳＩＫＡ・各オプションのいずれにも解約不可の期間は設けておらず、当社に所定の解約の意思表示がなされた月の末日での解約が可能となっております。デジタル化がまだ一般的ではないと考えられる不動産業界の営業活動において、ＫＡＳＩＫＡの利用開始に伴う心理的なハードルを下げること及び当社として顧客の利用満足度を適宜に把握することを主に企図しております。

なお、当社の前期末である2026年５月末時点での単月解約率（年間平均）（注５）は1.29％となっております。

 

 

 

また、分譲マンション事業者については販売する１物件（或いは顧客が「プロジェクト」と呼称をする場合には１プロジェクト）を課金単位としており、社内管理上は店舗数課金と同様に取り扱っております。

この点、図５-２のとおり、分譲マンション事業者向けのＫＡＳＩＫＡにおいては、プロジェクト規模と地域ごとの特性を反映した新価格体系を2027年１月より導入いたします。物件規模によるコスト構造の違いや、地域ごとの市場環境に即した適正な価格設定へと見直すことで、お客様間の公平性を担保しつつ、高品質なサービスの継続提供と、当社事業の持続的な収益基盤の強化を図るものであります。

 

 

図５-１：ＫＡＳＩＫＡ料金体系

 

 

 

図５-２：マンション事業者向けＫＡＳＩＫＡ料金（2027年１月より適用）

 

④ 販路

ＫＡＳＩＫＡの販路として、当社からの直接販売に加えて「パートナーシップ契約」（代理店契約）を締結した代理店経由での営業及び販売も行っております。代理店契約の締結先は不動産ボランタリーチェーンを運営する会社や業務デジタル化のコンサルティング会社を中心としており、株式会社ＬＩＸＩＬ、株式会社イー・ステート・オンライン、株式会社プライムクロス等の各社と代理店契約を締結しております。なお、代理店経由の販売においては当社が代理店を通じて利用料を収受しており、また、代理店経由の販売額等に応じて代理店に手数料を支払っております。

 

（注）１．総務省統計局「サービス産業動態統計調査2026年（令和６年）５月分（速報）」より「不動産取引業」に係る2025年平均金額を12倍して算出

２．国土交通省住宅局「令和７年度 住宅市場動向調査報告書」（2026年７月）、「３．４．１（１）住宅建築資金」より、注文住宅の住宅建築資金（土地購入資金を除く）全国平均の金額

３．株式会社電通「2025年日本の広告費」（2026年３月）より

４．厚生労働省「令和６年雇用動向調査結果の概況」（2025年８月26日付）より

５．当社では各月末の契約社数を翌月の解約社数で除することで単月解約率を算出しております。

当該単月解約率の2025年６月から2026年５月までの１年間の平均が1.29％となっております。

 

［事業系統図］

以上述べた事項を事業系統図によって示すと次のとおりであります。"
1380,株式会社秋川牧園,2026-03-31,"３【事業の内容】

当社グループ（当社及び当社の子会社）は、当社（㈱秋川牧園）及び連結子会社６社（㈲篠目三谷、㈱ゆめファーム、㈲菊川農場、㈱チキン食品、㈲むつみ牧場及び秋川牧園（常州）農業有限公司）で構成されております。

また、資本関係はないものの協力関係がある生産農場とともに、農薬・化学肥料・抗生物質等の薬物・化学添加物に頼らない安全な食肉、加工食品、鶏卵、牛乳、一般食品等に関連する事業活動を展開しております。

当社グループの事業内容及び関係会社の当該事業に係る主な位置付けは次のとおりであります。

なお、次の２部門は「第５ 経理の状況 １ 連結財務諸表等 (1)連結財務諸表 注記事項」に掲げるセグメントの区分と同一であります。

 

(1）生産卸売事業

主要な製品は、食肉、加工食品、鶏卵及び牛乳等であります。

食肉、加工食品は、㈲菊川農場と当社の協力農場において生産された若鶏等を、㈱チキン食品等において一次処理加工を行い、当社で製品化し、販売しております。中国においては、秋川牧園（常州）農業有限公司が若鶏の生産・販売を行っております。

鶏卵は、㈲篠目三谷において生産された鶏卵を、当社において製品化し、販売しております。

牛乳は、㈲むつみ牧場で生産した原乳を、当社において製品化し、販売しております。

販売先としましては、生協、量販店、小売店等であります。

(2）直販事業

生産卸売事業等において製造された製品と、外部取引先より仕入れた商品を会員様に販売しております。

 

以上当社グループについて、主なものを図示すると次のとおりであります。"
1381,株式会社アクシーズ,2025-06-30,"３ 【事業の内容】

当社グループは、当社(株式会社アクシーズ)、連結子会社７社及び関連会社１社により構成されており、一般消費者に、日常の生活に必要な鶏肉を提供することを主たる業務としております。

この円滑な遂行のため、当社グループでは、安全性が高く、消費者のニーズに適合した鶏肉を安定的、継続的に供給する観点に立ち、飼料製造から種鶏飼育、雛生産、ブロイラー飼育、鶏肉加工、鶏肉加工食品製造及び外食まで、グループ内での一貫した事業運営体制により、鶏肉製造販売、加工食品製造販売、外食の各事業を行うインテグレーションを構築しております。

 




 

各事業の内容については、次のとおりであります。

なお、当該事業の区分は、「第５ 経理の状況 １．連結財務諸表等 (1) 連結財務諸表 注記事項」に掲げるセグメントの区分と同一であります。

 


(1) 食品

① 当セグメントにおきましては、当社グループの食品に対する安全、安心にこだわった健康な鶏を飼育するという基本的な考え方から、直営の肥育施設で飼育されたブロイラーによる鶏肉を製造販売しております。

当該事業は、当社グループの全事業のベースとなるものであり、今後も積極的に拡大を図る事業と位置付けております。なお、当該セグメントにおける特徴は次のとおりであります。

 


ａ．無投薬飼育の実現

当社グループが独自に開発した鶏舎環境制御技術による鶏舎内環境の自動管理及び当社グループ内において製造している安全性の高い飼料の使用等により、無投薬飼育を実現しております。

 


ｂ．直営肥育施設による飼育

当社グループは、安全性の観点から直営肥育施設での鶏の飼育を基本としており、委託肥育施設から直営肥育施設への転換を実施しております。現在、全ての肥育施設が直営肥育施設となっております。

 

 


ｃ．加工食品

当社グループで製造された鶏肉を原料として、唐揚、レバー煮込み、チキンナゲット等の鶏肉加工食品を製造販売しております。加工食品の品質はその原料の鮮度等に大きく左右されることから、当社グループの加工食品は、当社グループで製造した新鮮な鶏肉をその日のうちに加工し製造販売しております。新鮮でおいしい加工食品を消費者の皆様にお届けしております。

当該事業は、鶏肉製造販売とのシナジー効果が発揮できる事業であることから、今後も積極的に拡大を図る事業と位置付けております。

 


ｄ．その他

鹿児島に産出する「ゼオライト原石」を原料としたゼオライト製品、「シラス土壌」を原料としたシラスバルーンの製造販売を行っております。

 


ｅ．リサイクルの実施

当社グループは、鶏肉加工過程で発生する骨、羽根、血液等の不可食部位につきましては、当社グループのレンダリングプラントで加工し、飼料原料及び肥料原料として再利用しており、環境問題に配慮しております。また、鶏の飼育段階に産出される鶏の排泄物を持分法適用関連会社の有限会社南九州バイオマスへエネルギー原料として供給し、発生した電気や蒸気は当社の食品工場等で利用され、余剰電力は電力会社に売電されております。また、燃焼後の灰はリンとカリウムが豊富な肥料原料として利用され土壌に還ることから、循環型社会を構築することができ、環境保全の一翼を担っています。

 

(当社及び主な関係会社)当社、株式会社アクシーズケミカル及び錦江湾飼料株式会社

 


(2) 外食

当セグメントにおきましては、日本ケンタッキー・フライド・チキン株式会社のフランチャイズ店舗(ケンタッキーフライドチキン)を経営しております。

 

(関係会社)株式会社アクシーズフーズ

 


(3) エネルギー

当セグメントにおきましては、再生可能エネルギーの供給を行っております。

 

(当社)

 

 

なお、当社及び関係会社の各セグメントにおける位置付けは次のとおりであります。"
1382,株式会社ホーブ,2025-06-30,"３【事業の内容】

 

(1）当社グループの事業内容

当社は、「いちご」という農産物において、新しい品種の研究開発から始まり、苗の生産販売から収穫した果実の販売までの全てを行っており、１年365日、洋菓子メーカー等に対して国産いちごを供給しております。

国内で広く一般的に販売されている「とちあいか」「とちおとめ」等のほとんどのいちごは、いちごの中でも一季成性といわれる品種であり、品種特性により収穫時期は主に冬から春に限られます。そのため、夏秋期には一部国産いちごの収穫はあるものの、現在夏秋期に販売されているいちごの大部分はアメリカ合衆国から輸入されたものであり、ケーキにのっているいちごにも輸入品が使用されております。

当社では、四季成性いちご※1「コア」（2017年６月品種登録 品種登録名ペチカエバー）、「夏瑞／なつみずき」（2017年６月品種登録 品種登録名ペチカほのか）の自社品種を有しており、苗の生産及び農家への販売、生産農家で収穫したいちごの仕入及び洋菓子メーカーへの販売までの全てを行うというビジネスモデルを構築しております。この自社品種により、洋菓子メーカーの「夏秋期にも国産いちごを使いたい」という要望にこたえ、１年を通して安定した国産いちごを供給できる体制を構築しております。

この体制を支えているのは、夏秋期に収穫できる自社品種であり、その自社品種苗を均一無病苗※２として量産化できるバイオテクノロジー技術であります。

当社では、いちご以外にも、これまでに構築してきたバイオテクノロジー技術を用いて、その他の苗の研究開発や生産・販売も行っており、また、自社品種の栽培に必要な機器や資材及び収穫した果実の梱包用資材の販売も行っております。さらに、洋菓子メーカー等へケーキ素材となるいちご以外の果物等の販売も行っております。

 

※１ いちごには、花芽形成（花となる芽のもとが作られること）に一定の条件を必要とする一季成性いちごと条件を必要としない四季成性いちごがあります。一般に知られているいちごの多くは一季成性いちご（とちおとめ等）であり、一定の条件が整ってはじめて花芽が形成され、果実ができます。一方、四季成性いちごは花芽形成に条件を必要としないため、一年中栽培が可能であります。

※２ 親苗と同じ遺伝子情報をもち、ウイルスや病原菌に汚染されていない苗のことであります。

当社グループは、当社（株式会社ホーブ）と連結子会社１社（株式会社エス・ロジスティックス）で構成されております。報告セグメントは、いちご果実・青果事業、種苗事業、馬鈴薯事業及び運送事業の４つのセグメントとなります。

当社グループの事業内容及び当社と連結子会社の当該事業に係る位置付けは次のとおりであります。

（いちご果実・青果事業 当社）

当社がいちご果実（自社品種いちご果実・その他いちご果実）、青果及び農業用生産・出荷資材の仕入販売を行っております。

（種苗事業 当社）

当社が自社品種のいちご苗を生産し、生産農家へ販売しております。また、いちご以外の種苗についても、食用ユリなどの生産を受託し販売を行っております。

（馬鈴薯事業 当社）

当社が種馬鈴薯の生産販売及び仕入販売と、青果馬鈴薯の仕入販売を行っております。

（運送事業 株式会社エス・ロジスティックス）

株式会社エス・ロジスティックスが、当社の商品等を中心とした配送業務を行っております。

以上に記載した事項を事業系統図によって示すと次のとおりであります。

［事業系統図]

 

 

 

(2）四季成性いちご

①一季成性と四季成性

一般に知られている「いちご」は、秋になって日照時間が短くなり、気温が低下してくると花芽形成（花となる芽のもとが作られること）されます。その後、冬になってさらに気温が下がると休眠状態となり、春になり気温の上昇とともに休眠から覚めて、成長し、花が咲き、果実となります。八百屋あるいはスーパーマーケット等で広く一般的に販売されている「とちあいか」「とちおとめ」「紅ほっぺ」等のほとんどのいちごが、この花芽形成の条件（夜の長さが12時間以上となる日が連続するという短日条件、あるいは温度の低下という低温条件）を必要とする一季成性品種のいちごであります。そのため、国産いちごの主な収穫時期は、概ね12月（クリスマスの需要にあわせて人工的に必要な条件を作って収穫時期を早めたもの）から５月頃までとなっております。

一方、四季成性品種は、花芽形成に日照時間の長短や低温であるという条件を必要としないため、一季成性品種と違い一年中栽培収穫が可能であります。

当社の自社品種「ペチカエバー」「ペチカほのか」は、この四季成性品種のいちごであり、一年中栽培収穫が可能であります。しかしながら、当社では一季成性いちごが収穫できず国産いちごの端境期となる５月から11月の夏秋期に自社品種の収穫時期を設定しております。

業務用※１に使われる国産いちごの出荷量が少ない夏から秋にかけて、当社の品種は、国産夏秋いちごとして付加価値を高めております。

 

※１ 洋菓子メーカー等でケーキのトッピング用あるいはスポンジのサンド用として使用されるいちごのことであります。スーパーマーケット等で販売されているいちご（生食用いちご）と同じものですが、ケーキの上を飾るため、食味・食感だけでなく、大きさ、形状、色艶、スレ・あたり（手で触れたり、いちご同士あるいは他のものと擦れたりあたったりすることによって、いちごの表面にできる小さなピンクに変色した部分）などの傷の有無等、メーカーごとに厳しい規格があります。

 

②自社品種の特徴

いちごに関して重要なことは、生産農家にとっては病虫害に対する耐性があり、作りやすく、収穫量・生産性に優れていることであり、消費者にとっては、安心・安全であり、なおかつ、食味・食感、甘みと酸味のバランス、香り、円錐形の形状、色艶のどれもが水準以上であることであります。また、洋菓子メーカーは、消費者のニーズに合わせながら、必要なサイズ（大きさ）のものを必要な量だけ安定的に供給されることを望んでおります。当社の品種は、こうしたどの要望にも応えうる品種であると考えております。

自社品種は、四季成性が強く季節を問わず安定して花芽を形成するため、安定的に連続して果実を収穫することができます。さらに、苗の定植時期によって収穫時期をコントロールしやすく多様な作型で栽培できるため、生産農家にとって生産作物の計画に組込みやすい品種です。

また、食味・食感の良さ、豊かな香り、鮮やかな果色、きれいな円錐形をした果形、輸送性に問題がない程度の適度な果皮の硬さ等高い水準の果実品質を有しております。

 

(3）事業の特徴

当社の事業の特徴は、「いちご」という農産物において、育種※１から苗の生産・販売、栽培指導、果実の仕入・販売までのそれぞれの事業において特徴、優位性を持っているだけではなく、川上から川下までの事業を行うことで、それらが有機的に結びついて、当社の総合力として発揮されていることにあります。

また、この総合力は、生産農家や洋菓子メーカー等とのつながりによって補強され、いちご果実の生産者側及び消費者側それぞれの情報を的確に吸収し、ニーズに合った情報をそれぞれに還元できることにもつながっております。

当社は、自社品種を作り上げた培養技術、さらに自社品種を基盤に展開してきたトータルサービスが当社の特徴であると考えております。

 

※１ 交配などにより新しい形質を持つ品種を作り出すことであります。

 

①育種（種苗の研究開発）

当社は、研究開発の結果、2010年３月に「ペチカサンタ」（品種登録番号 第19206号）、2010年５月に「ペチカプライム」（品種登録名ペチカピュア 品種登録番号 第19528号）、さらに2017年６月に「コア」（品種登録名ペチカエバー 品種登録番号 第26015号）、「夏瑞／なつみずき」（品種登録名ペチカほのか 品種登録番号 第26016号）の品種登録をそれぞれ行いました。

これらの育種過程で培われた技術を駆使し、中富良野研究農場及び東神楽研究圃場の研究農場においてさらなる新品種の開発を鋭意進めております。

②種苗生産（組織培養※１）

・組織培養技術

当社は、バイオテクノロジーのひとつである植物組織培養技術を使い、優良な均一無病苗※２を短期間で大量に作り出す技術を有しております。この苗増殖技術によって、当社の自社品種苗を生産し、販売しております。組織培養による増殖技術は、近年実験室段階では急速に進歩しましたが、変異が多発しやすくまた馴化※３の効率が低い等の問題から、商業的技術として確立されたものは多くはなく、商業ベースにのっているものは限られております。当社では、いちごはもとよりアルストロメリア、ユリ、クロユリ、アヤメ、胡蝶蘭、カトレア、ジャガイモ、ヤマイモ、アスパラガス、ニンニク、ニラ等の多様な植物についての増殖技術を確立しており、ユリについては、現在も苗生産を受託しており、組織培養技術を使って苗を増殖し、生産販売しております。

 

・苗生産の分業システム

国内のいちごの主要産地では、原苗を生産する段階から圃場増殖を繰り返しているため、ウイルス等への感染など病虫害が発生する可能性が高くなり、苗質劣化の問題が年々増大しております。

また、いちごの生産に限らず、農作業の軽減化及び効率化が強く求められておりますが、国内のいちご生産農家の多くは、都道府県等の地方公共団体あるいは農業協同組合から病虫害に罹患していない健康な苗を親苗として購入し、自前の農場施設内で栽培しながら増殖させ、増えた子苗を果実生産用の苗として使用しております。いちご生産農家は、果実生産だけではなく苗生産の期間も合わせると１年365日毎日いちごの栽培に係わっていることになります。

欧米諸国では、いちご生産農家が苗を購入し、増殖することなくそのまま果実生産用に使用する苗生産分業システムが広く一般的に普及しております。当社の自社品種苗においても、果実生産用の苗として、優良な均一無病苗を生産農家が必要とするときに、必要な数量だけ提供する苗生産分業システムを確立しており、生産農家の作業負担軽減に大きく貢献しております。

 

※１ 植物の細胞あるいは葉、茎、根や芽などの器官を無菌的に培養することであります。

※２ 親苗と同じ遺伝子情報をもち、ウイルスや病原菌に汚染されていない苗のことであります。

※３ 環境に馴れ、順応することであります。組織培養の苗は培養容器の中で生育したため、容器から出した際に温度や湿度の変化に対応できず、枯死する場合が多くなります。そこで、温度や湿度の変動をできるだけ抑えた条件で外気に触れさせる必要があります。

 

③いちごの栽培研究及び栽培指導

当社は、夏秋期におけるいちごの栽培生産技術の向上をはかるために、中富良野研究農場及び東神楽研究圃場において、自社品種の栽培研究を継続して行ってきております。

自社品種の生産の主力は全国各産地の生産農家であります。

当社では、いちご栽培のプロフェッショナルである従業員が中心となって、全国各地の自社品種生産産地に出向き、各生産農家の栽培・生育状況を実際に目で確認して、きめ細かく的確に助言、指導を行っております。この指導により、生産農家の収穫実績は上がっており、信頼も得られ、当社にとっても規格の統一された優良ないちごが安定的に入荷されるようになってきております。

④いちご果実・青果の販売

・通年安定供給

当社は、国産業務用いちごの販売に関して、自社品種を販売する夏秋期だけではなく、夏秋期以外の時期も含め最高の品質のものを１年間安定して供給すること、１年365日対応することを原則としております。そのため、当社は、夏秋期以外の冬から春にかけてのシーズンには全国のいちご産地からその時期における最高品質のいちご（とちおとめなど）を買付け、販売しております。

冬から春にかけてのシーズンには生食用いちごが豊富に生産出荷されているため、当社としても業務用いちごを確保することは比較的容易でありますが、夏秋期においてはいちごの生産自体が少なくなるため、自社品種の生産出荷量を夏秋期を通じて安定して確保することが重要となっております。

当社の特色は、自社品種の苗を販売して終わるのではなく、その成果である果実を買付け販売することで、国産いちごの流通量が少なくなる夏秋期に国産いちごを安定供給でき、冬から春にかけてのいちごのシーズンと合わせ、業務用国産いちごの通年安定供給ができることであります。

 

・輸送技術

一般にいちご果実は、30℃を超える高温に弱く、また果皮がやわらかいため衝撃にも弱く、夏秋期の栽培、輸送にはあまり適しておりません。しかし当社は、夏秋期の業務用国産いちごがほとんどなかった十数年前から、この夏秋期に生産、販売を行っており、夏秋期において特に顕著に現れる諸問題を解決するため、輸送技術の研究に力を注いでまいりました。

その結果、生産農家から洋菓子メーカー等までの物流を簡素化し、また、クールコンテナ等を利用することで、低温管理され、なおかつ振動の少ない輸送システムを実現いたしました。さらに、スレ・あたり※１を防ぐ一段トレーソフトパック※２の採用により、高品質を保持した長距離流通を実現しております。当社では、全産地の自社品種について一段トレーソフトパックを採用しており、自社品種以外のいちごについても、産地の協力を得て一段トレーソフトパックに切替えております。

こうした研究、努力により、当社は、業務用としての国産いちごを冬から春にかけてだけではなく、一年中安定して供給できるような産地・流通・販売のシステム構築に成功しております。

 

・その他の果実、青果の販売

当社は、いちご以外にもブルーベリー、バナナ、キウイ、メロン等の洋菓子の材料となる果物や野菜の卸売りも手がけております。これらの青果は、いちご果実の販売先と重複するため、新たな輸送手段及び輸送ルートを構築する必要がなく、販売先数の増加とともに、今後も当社の収益拡大に期待ができます。

 

※１ 手で触れたり、いちご同士あるいは他のものと擦れたりあたったりすることによって、いちごの表面にできる小さなピンク色に変色した部分のことであります。

※２ やわらかい材質のトレーにそれぞれのいちごの規格に合わせた窪みをつけた梱包用資材であります。この窪みの中にいちごを並べて輸送することでスレ・あたりを防ぐことができます。

⑤種馬鈴薯等の生産販売

日本国内に一般流通している品種「男爵」「メークイン」等の種馬鈴薯、青果馬鈴薯の仕入販売はもとより「サッシー」「アルバン」等の海外オリジナル品種の国内販売権を有し、種馬鈴薯を委託生産し、販売しております。"
1383,ベルグアース株式会社,2025-10-31,"３【事業の内容】

当社グループ（当社及び当社の関係会社）は、当社と連結子会社３社、非連結子会社３社、関連会社４社の計11社で構成されており、野菜苗・苗関連事業、農業・園芸用タネ資材販売事業、及び小売事業を主な事業として取り組んでおります。

当社及び当社の関係会社の事業における当社及び関係会社の位置付け及びセグメントとの関連は、次のとおりであります。なお、以下に示す区分は、セグメントと同一の区分であります。

 

(1）野菜苗・苗関連事業

野菜苗・苗関連事業は、当社グループの主力事業として、野菜の中でも主に果菜類（※２）の接ぎ木苗の生産・販売を行っております。野菜苗の中でも、接ぎ木しない実生苗（※３）に比べて接ぎ木苗の生産には高いレベルの技術を要し、また、多額の設備費用がかかることから、異業種による新規参入が困難とされております。当社は、この野菜接ぎ木苗生産に特化していることから、１年を通しての納品が可能であり、全国各地の野菜産地及びホームセンターなどの量販店へと販売網を拡大しております。

接ぎ木とは、植物の一部を切り離し、別の植物とつなぎ合わせることで、双方の性質の長所を持ち合わせた新しい植物を作り出す技術であり、連作障害（※４）や病害虫に強く、生産性に優れた育てやすい植物を作ることができます。

近年、接ぎ木苗の需要が拡大してきた背景には、農家の高齢化や大規模化に加えビニールハウス等での施設栽培（※５）が普及したことが考えられます。これまで主流であった露地栽培（※６）と異なり、施設栽培では１年を通して野菜の生産が可能であり、その結果、農地のフル活用が原因で特定の細菌やウイルスなどの病原体が土壌中に増加し、さらに施設内保温により害虫が繁殖するようになりました。このため、病気及び害虫対策として接ぎ木苗の利用が増加し、現在の施設栽培では、接ぎ木苗がなくては栽培が不可能に近い状態であると言われております。また、当社では通常の接ぎ木苗に加えて、ウイルスガード苗ＺＹ、ウイルスガード苗ＣＷ、高接ぎハイレッグ苗といった病気に強い苗の生産も行っており、需要も増加しております。

 

（主な関係会社）当社、ベルグ福島株式会社、ピーエスピー株式会社、伊予農産株式会社、株式会社九重おひさまファーム、四万十あおぞらファーム株式会社、株式会社むさしのタネ、宮崎ひなたファーム株式会社

 

※２ 果菜類とは、キュウリ・トマト・ナスのように果実の利用を目的とする野菜の総称。

※３ 実生苗とは、植物の種子を発芽させて、そのまま育てた苗のこと。

※４ 連作障害とは、同じ畑で同じ野菜や同じ仲間の野菜を毎年連続して栽培したときに生育が極端に悪くなったり、枯れたりする生育障害のこと。

※５ 施設栽培とは、強風、低温及び乾燥などから作物を保護するために温室やビニールハウス等の施設を利用して栽培すること。

※６ 露地栽培とは、作物を屋外の畑で栽培すること。

 

当社の主な野菜接ぎ木苗の生産工程を図示すると、次のとおりであります。

 

① 当社グループを取り巻く環境

当社グループ製品の主なエンドユーザーは、野菜等を生産している全国の生産者、農業法人及び家庭園芸向けユーザーであります。

農林水産省が2025年11月28日に公表した農林業センサス（※７）によりますと、2025年２月１日現在の農業経営体は82万８千経営体と５年前の前回調査より24万７千経営体（23.0％）減少いたしました。農業経営体のうち、個人経営体は78万９千経営体で、５年前に比べ24万８千経営体（23.9％）減少した一方、団体経営体は３万９千経営体で１千経営体（2.9％）増加しており、全体の減少が続く中で、法人化や規模拡大の進展が継続しております。

また、農林水産省が2025年12月23日に公表した統計によりますと、2024年の農業総産出額は、米や野菜の価格が上昇したこと等から、前年に比べて１兆2,849億円増加し、10兆7,801億円（対前年増減率13.5％増加）となり1996年（平成８年）以来28年ぶりに10兆円台となりました。その中で、野菜においては、食の簡便化志向の高まりとともに、調理が簡便な一次加工済みの生鮮野菜（カット野菜、食材キット等）の購入量が増加し、特に、長期保存が可能で、利便性と品質の高い冷凍野菜の市場が拡大傾向にあります。その一方で、豪雨や猛暑といった異常気象が続き、天候により作柄が変動しやすく、生鮮野菜は保存性も乏しいため供給量等が変動しやすい特性もあり、2018年以降は野菜の産出額は２兆2,000億円前後で推移してきました。2024年は前年に比べ2,267億円（9.8％）増加し、２兆5,510億円となりました。これは、キャベツ、レタス、はくさい等において夏の高温の影響により生産量が減少し、価格が上昇したこと等が寄与したものと考えられます。また、農業従事者の生産農業所得は、2015年以降、農業総産出額の増減はあるものの、３兆円台で推移してきており、2024年は農産物の価格が上昇したことから、前年に比べて6,728億円（20.4％）増加し、３兆9,649億円となりました。

我が国は、少子高齢化、人口減少により、農業を支える基幹的農業従事者（※８）は年々高齢化が進行し、今後一層の担い手の減少が見込まれる中、労働者不足等の生産基盤の脆弱化が深刻な課題となっています。2025年の基幹的農業従事者数は102.1万人となり５年前と比べて34.2万人（25.1％）減少となり過去最大の減少率を記録しました。また、減少の約７割は65歳以上が占めており、資材、燃料費等の高騰による厳しい経営環境や記録的な猛暑などの気候変動が影響していると推察されています。今後10年から20年先を見据えますと、更に減少することが見込まれており、少ない経営体で日本の農業生産を支えて行かなければならない状況となっております。また、国際的な情勢の変化や地球温暖化の影響による高温、干ばつ、大規模な洪水等の異常気象が頻発し世界的な食料生産・供給の不安定化等により、我が国の食料安全保障上のリスクは高まっているため、国内の生産基盤を維持・強化し、将来にわたって食料を安定的に供給していく上でのターニングポイントを迎えております。

このような状況の中、農業を持続可能な成長産業とするためには、将来の担い手の育成・確保や農地バンクを活用した農地の集積・集約化に加えて、農業の生産性の向上を図るため、スマート農業技術の開発及び活用、これに併せて行う農産物の新たな生産方式の導入に関する計画等スマート農業技術の活用促進、農業・食関連産業におけるデジタル変革の推進等の取り組みを実施していくことが必要であると考えております。

また、農林水産省では食料安全保障の観点から、2024年４月に「国産野菜シェア奪還プロジェクト」を立ち上げ、加工・業務用を中心とした国内野菜の生産・供給に関わる事業者の経営安定化等を図る取り組みを進めており、人口減少下でも持続可能で強固な国内生産基盤の確立に向け様々な取り組みを行っております。

※７ 農林業センサスとは、わが国農林業の生産構造、就業構造を明らかにするとともに、農山村の実態を総合的に把握し、農林行政の企画・立案・推進のための基礎資料を作成し、提供することを目的に、５年ごとに行う調査であります。

※８ 基幹的農業従事者とは、ふだん仕事として主に自営農業に従事している者。

 

② 農業の分業化と省力化

従来の果菜類生産者は、野菜の種子を購入し、播種→苗生産→定植→栽培→収穫の全工程を行うことが一般的でした。最近では、一般的な施設栽培において連作障害を回避するために接ぎ木苗が必須となったことに加え、生産者の高齢化や大規模化が進んだことにより、生産者が苗生産を行わず、購入する時代へと変化してきました。

このような接ぎ木苗の購入需要の高まりと農業の分業化と省力化という時代の流れを受けて苗生産会社が誕生し、いまや接ぎ木苗の生産事業は、農業の成長には必要不可欠な存在となっております。

 

③ 野菜苗マーケット

生産者の高齢化や人手不足等は日本農業の将来に関わる深刻な問題であり、当然ながら、当社グループにおいてもマーケットの縮小に繋がる重要な問題であると認識しております。

家庭園芸の需要は、近年、飽和状態となっておりましたが、新型コロナウイルス感染症の拡大により一時的に巣ごもり需要が増加し、現在は緩やかに減少傾向にあります。専業農家向けの需要は、高齢化や後継者不在に伴い、生産面積の縮小や離農が進んでおります。一方で、新規就農者や同業者においては、慢性的な人員不足や高度な技術が必要な育苗リスクを回避するために、野菜苗を購入する流れが加速しております。

 

④ 当社グループの特徴

ａ．全国展開

当社グループは、日本全国へ営業展開し、直営農場の新設や委託生産による分業体制を敷いたことで、これまで農業が抱えてきた安定的供給が困難であるという問題点を克服し、年間を通して安定した受注・生産が出来る体制を構築しております。また、今後も生産量の拡大に併せて直営農場の拡大と新規パートナー農場の開拓を並行して続けていく方針であります。

なお、当社グループの生産拠点を図示すると次のとおりであります。

 

ｂ．断根接ぎ木生産

当社グループは、断根接ぎ木技術を用いて野菜接ぎ木苗を生産しております。断根接ぎ木とは、培地に植える部分の根となる植物（台木）の元々の根を切り落とし、その台木と実がなる部分の植物（穂木）を接ぎ木した後に新たな培地に植えることで穂木と台木の接合とほぼ同時に、新しい根を発生させる技術であります。新しく出る根は、若く元気で本数も多く、苗自体に活力を持たせることができます。また、断根により苗サイズを揃えることもできます。

キュウリやメロン等のウリ科野菜については断根接ぎ木が普及しておりますが、トマトやナス等のナス科野菜を断根接ぎ木によって生産する育苗業者は稀であります。これは、ナス科野菜の場合は、根を付けたまま接ぎ木する方法と比べて、断根接ぎ木後の栽培技術の習得に経験を要するためであります。当社グループでは、長年培ってきた栽培技術によって独自の栽培方法を確立しており、接ぎ木作業は主に本社農場で集約生産し、その後の二次育苗拠点を順次拡大していく生産方式によって生産効率を高めてまいりました。

 

ｃ．閉鎖型育苗施設

閉鎖型育苗施設は、完全に外の環境から隔離された空間内で「光・温度・二酸化炭素・水」を人工的にコントロールして苗を育てる設備であり、当社は、2006年４月に本社農場に同施設を建設しました。同施設の最大のメリットは、病害虫の侵入を最小限に抑えることが出来る点にあります。これにより、農薬使用量を飛躍的に減らし、安心・安全な苗を生産することが可能となり、安定した品質の苗を生産することができます。さらに、低温育苗によるトマトの第一花房着生葉位の低段化（※９）、初期生育がスピードアップされることによる生育日数の短縮、アントシアニンの増加（※10）及び茎の肥大などのメリットもあります。閉鎖型育苗施設は、2015年12月にベルグ福島株式会社に導入しており、2021年２月には、これまで蓄積してきた人工光型栽培装置における育苗のノウハウと一般的なハウスにおける育苗のノウハウを融合し、新たに当社オリジナルのウリ科専用の閉鎖型育苗施設を本社農場に導入し本格稼働しております。

 

※９ トマトは通常、第一花房（一番始めに付く花芽）が８段目（本葉８枚目の位置）前後ですが、夏の温度の高い時期に育苗すると花芽の分化より葉の分化の方が強まり、第一花房が10段以上となることが多くなります。このことにより「最初の収穫が10～20日程度遅くなる」、「収穫の終わる時期は同じなので最終収量も少なくなる」、「実の付く位置が高くなり作業効率が悪くなる」などの問題が発生します。閉鎖型育苗施設は人工的に温度の制御ができるためトマトにとって最適な環境を作り出せます。このことにより夏期でも第一花房が８段目前後の安定したトマト苗生産が可能となり、付加価値の高い苗を作り出すことが可能であります。

 

※10 アントシアニンとは、ブルーベリーなどの植物に含まれている紫色の色素のことで、光合成産物の一種であります。閉鎖型育苗施設で生産したトマト苗は、葉の裏に驚くほどのアントシアニンが現れます。通常のハウス育苗で現れるアントシアニンは、低温・リン欠乏など過度のストレスがかかった結果現れますが、閉鎖型育苗の場合は、光合成を活発に行った結果、多量の光合成産物が存在することにより現れるもので、元気な苗の証拠であります。

 

ｄ．オリジナル製品

〔アースストレート苗〕

アースストレート苗は、根鉢（土の部分）を不織布で包んでいる点に特徴があります。一般的なポリ鉢の苗では生産者が農場に苗を植える際にポリ鉢を外す手間が必要ですが、不織布はそのまま農場に植えることができるため、苗を植える際の手間が省け、さらに廃棄ゴミも出ないため環境に優しい苗でもあります。また、根鉢がポット苗より小さいため、輸送コストの大幅カットも実現しております。

 

〔ヌードメイク苗〕

ヌードメイク苗は、接ぎ木直後の苗を他の農場に効率良く運ぶために開発された断根接ぎ木作業直後の半製品状態の苗であります。当社は当初、この手法を用いて農場間の移動にのみ活用しておりましたが、自分で接ぎ木苗を生産したいが接ぎ木作業の手間や技術を考えると生産に不安があるという野菜生産者や育苗業者（断根接ぎ木苗の二次育苗が可能なユーザー）からの要望に応え、「ヌードメイク苗」として販売しております。

 

〔ｅ苗シリーズ〕

ｅ苗は、閉鎖型育苗施設を活用して生産した野菜苗であり、同施設内で光量、水分量、温度、二酸化炭素濃度を人工的に制御し、植物にとって最適な環境で育苗することにより「病虫害のリスクが少ない、旺盛な生長力、無農薬育苗、花芽の低段化等、安定した品質」の付加価値の高い野菜苗として販売しております。

 

〔高接ぎハイレッグ苗〕

高接ぎハイレッグ苗は、トマト苗を通常よりも高い位置で接ぎ木を行うことで、青枯れ病の発病抑制効果を高めた苗であります。なお、苗の規格は、アース50、９㎝ポットの２規格から選択が可能であります。

 

〔ウイルスガード苗〕

ウイルスガード苗は、ウイルスガード苗ＺＹとウイルスガード苗ＣＷの２種類があります。

ウイルスガード苗ＺＹは、キュウリ苗にワクチン（キュービオＺＹ－02）を接種し、アブラムシ等が媒介するズッキーニ黄班モザイクウイルスによるモザイク病・萎凋症の発病抑制効果を高めた苗であります。なお、苗の規格は、アース50、９㎝ポットの２規格から選択が可能であります。

ウイルスガード苗ＣＷは、キュウリ苗にワクチン（弱毒ウイルスＣＭＶ・ＷＭＶ）を接種し、キュウリモザイクウイルスとスイカモザイクウイルスによるモザイク病の発病抑制効果を高めた苗であります。なお、苗の規格は、セル、アース、ポットの３規格から選択が可能であります。

 

〔ツイン苗〕

ツイン苗は、トマト苗を摘芯しわき目を伸ばすことで、２本仕立てにした苗で、１本仕立ての苗に比べて、種苗コストが削減され、定植作業も２分の１で行うことが可能です。また、２本仕立とすることで、初期の樹勢もコントロールしやすくなります。なお、苗の規格は、セル、アース50、９㎝ポットからの選択が可能であります。

 

ｅ．システム化

当社グループでは、生産管理システム及び販売管理システムを独自開発によって導入しております。近年、顧客ニーズの高まりによって、接ぎ木苗業界は多品目多品種生産を余儀なくされており、生産計画が複雑化する傾向にあります。これにより、受注から出荷までの一連の工程を委託先も含めシステム管理することで、苗の生産計画、進捗管理及び在庫管理といった情報のリアルタイム化を実現することができ、顧客の急な需要にもタイムリーに対応することが出来ております。2005年から導入した農薬履歴システムは、各生産工程で散布される農薬を生産履歴として管理、納品時にはお客様へ農薬使用履歴として正確にお届けすることが可能となりました。また、在庫管理システムから顧客向けにインターネット上に在庫苗情報「ほうさく.ネット」を掲載し、販売機会の増加にも繋がっております。

 

(2）農業・園芸用タネ資材販売事業

農業・園芸用タネ資材販売事業は、野菜苗・苗関連事業の拡大のために、生産者や家庭園芸愛好家向けに総合的な提案の重要性が増している中で、これまでに培った技術やノウハウ、知名度を活かした全国展開を推進し、農業資材の仕入販売、当社の得意分野である培養土などのオリジナル商品の販売及び種子のコーティング加工を行っております。

また、海外の種苗会社からの優良な品種を選定し、量販店に対して家庭園芸向けの提案、関連会社である株式会社むさしのタネが保有する自社品種の種子を用いて、生産者や消費者のニーズに合った品種改良・研究を行うことによる、優良な種子の販売をしております。さらに、培土や肥料等を含む農業関連資材等につきましては、試作・試験・分析を通じた有益な情報提供や生産向けの商品提案を行うなど事業拡大に努めております。

 

（主な関係会社）当社、伊予農産株式会社、ピーエスピー株式会社、株式会社むさしのタネ

 

(3）小売事業

小売事業は、連結子会社であるファンガーデン株式会社が一般消費者及び生産者向けに各種苗や農業園芸資材等の販売を店舗及びインターネット等を通じて行っております。当社の野菜苗等の生産販売のノウハウや蓄積された研究技術を活かしたサービスや企画商品を提供し、家庭園芸からプロ農家までに幅広く提案できる商品力とマーケティング活動を強みとしており、事業拡大に向けて取り組んでまいります。

 

（主な関係会社）ファンガーデン株式会社

 

事業の系統図は、次のとおりであります。

※１ 連結子会社

※２ 関連会社で持分法適用会社

※３ 関連会社で持分法非適用会社

※４ 非連結子会社"
1384,株式会社　ホクリヨウ,2026-03-31,"３【事業の内容】

当社は、鶏卵の生産・販売（鶏卵事業）を主たる業務としております。

当社の最大の特徴は、多くは生産から流通会社（取引先）への販売まで、自社内で一貫して行っている点であり、流通会社と直接取引することによって消費者サイドのニーズを素早く生産に反映させることができます。

また、サルモネラ菌による食中毒、鳥インフルエンザ等近年食の安全を脅かす様々な問題が発生する中、当社は、北海道内（以下道内）においては初生雛（孵化したばかりの鶏の雛）から自社にて育成、野生動物の侵入を防ぐウインドレスの鶏舎構造、サルモネラワクチンの接種、植物性飼料の使用、FSSC22000の認証を取得したGP工場（GP工場：Grading & Packing 選別・包装の略）など、食の安全を作り出す様々な取組みを常に実行し安全対策を進めてまいりました。

鶏卵販売は、多くのスーパーで取扱われるとともに、ホテル、レストラン、パン・ケーキなどの業務用にも幅広く利用されております。また、農水省は2025年２月時点での北海道の採卵鶏飼養羽数は発表していませんが、2024年２月時点で約452万羽と発表しており、これに対し当社の道内飼養羽数は2026年３月末時点で約225万羽となっており、北海道市場では毎年高いシェアを占めております。

当社の事業内容の詳細は次のとおりであります。

なお、当社は鶏卵事業のみの単一セグメントであるため、セグメント別の記載を省略しております。

 

鶏卵事業

鶏卵事業については、生産業務を行う生産部、製造業務を行う製造部、販売業務を行う営業部の部門毎に事業の内容を説明いたします。

① 生産業務（生産部）

道内においては、独自の強健な清浄雛を育てるために雛専用の育成農場を早くから北海道安平町早来に設置、雛を鶏舎単位で入れ替えるオールイン・オールアウトという方法で飼育しております。道内における雛は、他社から購入した大雛（120日令前後の鶏）ではない自社育成の雛です。サルモネラ食中毒に備え、全ての雛にサルモネラワクチンを接種しております。育成農場で育成した強健な雛は札幌、登別、北見、十勝、千歳の道内自社成鶏５農場に送られ産卵をはじめます。道内の鶏舎は、窓のないウインドレス鶏舎で鳥獣の侵入を防ぎサルモネラ等の危険を効果的に防備しております。また、ウインドレス鶏舎は舎内換気、温度管理、給餌、採卵、鶏糞処理を全自動で管理し、快適な飼養環境を維持することによって、１年中安定した環境の中で安全で清浄な卵を産むとともにコストダウンにも大きく寄与しております。

道内の成鶏５農場では同一の飼料、HACCP（注）手法も取り入れた同一の飼養管理がなされており、どの農場も同一品質の鶏卵を生産しております。

なお、技術部では専任の獣医、スタッフが衛生飼料、栄養学、獣医学等の観点から様々な研究を行っており、飼料は安全性を考慮して動物性蛋白質を一切含まないオリジナル植物性飼料が主流になっております。

道外においては岩手県に盛岡、はまなすの２農場、宮城県に吉目木農場の現在３農場を保有しております。道内とは異なり、雛は大雛を外部から購入しております。尚、2020年より吉目木農場にて平飼い卵の生産を、また2022年からは同農場でエイビアリー卵（多段式平飼い卵）の生産を開始しましたが、ここで使用している雛は外部購入ではなく、当社育成農場で育成したものです。

（注） HACCP －－－ Hazard Analysis Critical Control Point

食品の製造・加工工程のあらゆる段階で発生する恐れのある微生物汚染等の危害をあらかじめ分析（Hazard Analysis）し、その結果に基づいて、製造工程のどの段階でどのような対策を講じればより安全な製品を得ることができるかという重要管理点（Critical Control Point）を定め、これを連続的に監視することにより製品の安全を確保する衛生管理の手法です。

 

② 製造業務（製造部）

道内の成鶏５農場で生産された卵はすべてFSSC22000（注）の認証を取得した５GP工場で製品化されます。道内の５GP工場は2000年～2011年にかけて、統一された設計思想に基づき、従来のGP工場を廃止し新築された工場で、同一品質の製品を製造できることが大きな特徴となっております。

GP工場は多くの農場鶏舎とバーコンベアで連結されており、その日に生産されたほぼ全ての卵をその日の内に製品化しております。GP工場は、HACCPに準拠した手法を取り入れた最新鋭の工場で品質検査も全自動で行われております。2005年６月よりトレーサビリティ（卵の生産農場、製造工場の追跡が可能）の手法も導入し、卵殻に直接賞味期限とトレーサビリティ番号（ユビキタスコード）を印字し、一旦製造したパックの日付改ざんは不可能です。

2016年12月には輪厚液卵工場を新設し、翌年１月より液卵・温泉卵の製造を本格稼働しております。将来の加工品分野拡大へのファーストステップを踏み出しております。

 

東北においては現在３GP工場（岩手２GP、宮城１GP）が稼働しており当社の盛岡支店、仙台支店に鶏卵製品を供給する役割を担っております。これらの３GP工場の内、はまなすGP（岩手）は2017年４月に、多賀城GP（宮城）は2020年６月にFSSC22000の認証を取得しております。

 

（注） FSSC22000 －－－ Food Safety System Certification（食品安全認証財団）

FSSC22000は、食品安全の基本である前提条件プログラム(PRP)をより具体的にするため、食品安全マネジメントシステムISO22000のPRPに関する要求事項を産業分野ごとに規定しており、フードディフェンス（Food defense=食品防御）が含まれた国際規格です。

 

③ 販売業務（営業部）

道内５つのGP工場で製造された鶏卵製品はほぼ100％問屋を通さず取引先に直接販売をしており、道内取引先にGP工場から均一な品質の安全な卵を迅速にお届けしております。

当社の鶏卵の特徴は「ＰＧ卵モーニング」、「サラダ気分」、「雛の巣」などの自社ブランドのほか、安心安全の当社の品質が評価され各取引先別にプライベートブランドもOEM提供しており、消費者が求める価値（栄養素等）を付与し高価格設定が可能な特殊卵の販売比率が高いという点があげられます。

また、従来東北地区での販売は問屋売りが主流でしたが、現在は当社盛岡支店・仙台支店におきまして直接地場取引先への販売を拡大しており、直接販売の比率を高めております。

2022年秋からはアニマルウェルフェアへの取り組みの一環として宮城県吉目木農場にてエイビアリー鶏舎（多段式平飼い）で生産を開始した平飼い卵を関東、東海、東北、北海道エリアにて販売開始しております。さらに昨年からはマヨネーズ、タルタルソースの原料としてのエイビアリー卵の販売も始まりました。

また、2021年３月より香港市場向けに当社道産卵の輸出を開始いたしました。現在は東北の農場からも輸出を行っており、今後輸出数量の拡大を通じ、当社ブランドの香港市場での定着を図って参ります。

 

事業の2026年３月末時点での系統図は以下の通りです。"
138A,光フードサービス株式会社,2025-11-30,"３【事業の内容】

現在、名古屋を本拠地とし、立呑み店をメインに運営しており、事業区分は「飲食事業」の単一セグメントとなります。2025年11月末現在、直営店が43店舗・業務委託店が９店舗、フランチャイズ店（ＦＣ店）が16店舗であり、以下の業態ブランドにて展開しております。

ブランド名

ロゴ

主力商品

業態概要

店舗数

直営

業務

委託

ＦＣ

大黒

焼きとん

新鮮な豚・牛のもつをお客様の目の前で焼き上げます。

1本99円～のリーズナブルな価格。お客様との距離が近く、仕事帰りにふらっと寄ってしまうサラリーマンのサードプレイス。

27

７

16

魚椿

天ぷら・鮨

市場から仕入れる新鮮なお刺身や、旬の食材を活かした揚げたてサクサク天ぷらを立呑みスタイルでお気軽にお楽しみいただけます。お腹が空いた方は、天丼とみそ汁だけという楽しみ方もできます。

13

１

-

金山家

ラーメン

贅沢に豚骨を使い、手間をかけて旨味だけを抽出した、比較なき味わいの濃厚なスープ。試行錯誤を重ねて辿り着いた黄金比。極限まで加水率を下げた特注の中太麺は、金山家こだわりの逸品。

２

１

-

焼肉

まるい

精肉店

焼肉

お席でご注文いただくとご注文頂いたお肉を特急レーンでお届けするサービスが老若男女問わず大人気の焼肉まるい精肉店。創業1972年の精肉卸問屋直営店だからこそのコストパフォーマンス。

１

-

-

（注）焼肉まるい精肉店（江南店）は、2026年１月をもちまして退店しております。

 

(1) ビジネスモデル

当社は「ひとつでも多くの笑顔と笑い声に出会いたい」という企業理念の下、日常の些細な「笑顔」にひとつでも多く出会いたい、飲食を通じ何かを提供することによって感じることのできる幸せを集めたい、という気持ちを行動原理として、事業運営を行っております。

① 接客の特徴

テーマパークのような、非日常の特別なサプライズを創造することを志すことは大変素晴らしいことだと認識しております。一方で、当社では365日分の365日、毎日、小さな幸せをお客様も従業員も感じることができるようにとの考えを基本としており、総合して「人生密着型」をテーマとし、お一人様でも入店しやすい開放的なつくりを心掛け、小さなことにも目の届くサービスを提供することで、各地域にコミュニティセンターを創設していくような気持ちで展開していきたいと考えております。そして、日常のささやかな笑顔をひとつでも多く創り出し、当社に関わる全ての人々が幸せになるような、オールウィンの会社にしていきたいと考えております。

 

② 商品の特徴

・焼きとん大黒

焼きとんと呼ばれる、豚を使用した串焼きで、様々な豚の部位（約20種類以上）を使用し提供しております。また、店舗ごとに毎月オリジナル商品を限定的に提供しております。

・立呑み魚椿

旬の海鮮を使用した天ぷら、刺盛りをメインに提供しております。通年メニュー、季節４回に分けたメニュー、毎月のメニューと３段階に分け、季節感を演出しております。

・横浜家系ラーメン金山家

豚骨醤油ベースの中太麺を特徴とするラーメンです。豚骨や鶏ガラから取ったダシに醤油のタレを混ぜた「豚骨醤油ベース」のスープに、モチモチとした独特の食感を持つストレートの中太麺、ほうれん草やチャーシュー、海苔をトッピングの基本とし、味の濃さやスープの脂の量、麺のゆで加減の調整、トッピングの追加などによるアレンジが可能であることなどを特徴としております。

・焼肉まるい精肉店

精肉卸問屋直営店だからこその驚きのコストパフォーマンスでご提供しております焼肉屋です。また、オーダーはタッチパネルで対応しておりますので、お席でご注文いただくとご注文頂いたお肉を特急レーンにて商品をお客様にお届けする仕様となっております。

 

③ 店舗の特徴

当社の店舗特徴については、10坪という「小箱」を上手く活用した席数を限定しない立呑みスタイルにて、不況にも強く気軽に入れる低単価により、テーマパークや記念日のお祝いのような非日常的なサービスではなく「365日いつでも気軽に立ち寄れる」場を提供することをコンセプトにしております。このため、30代～50代の単身のサラリーマンを主要ターゲットとしております。また、コンパクトサイズでの出店のため、出店ハードルが比較的低く、スピード展開することが可能となっております。

 

④ 企業理念の浸透

当社ブランド力の維持・向上、企業理念の浸透を図っていく観点から、直営店、業務委託店、フランチャイズ店の全てを対象として、定期的な臨店検査及び講習会の開催を行っております。

 

店舗数の推移は以下のとおりです。

（単位：店舗）

 

直営店

業務委託店

ＦＣ店

合計

2016年11月期

 12

 2

 -

 14

2017年11月期

 12

 1

 -

 13

2018年11月期

 17

 7

 7

 31

2019年11月期

 17

 10

 9

 36

2020年11月期

 21

 11

 12

 44

2021年11月期

 26

 11

 14

 51

2022年11月期

31

 7

14

52

2023年11月期

31

8

15

54

2024年11月期

38

8

15

61

2025年

11月末日現在

43

9

16

68

 

 

(2) 事業系統図

当社における事業系統を図で表すと、以下のとおりです。"
1401,株式会社エムビーエス,2026-05-31,"３ 【事業の内容】

当社の主事業は、老朽化した諸建造物（一般住宅、集合住宅、商業ビル、歴史的建造物、道路及び橋梁等）の維持・保全を目的とし、当社が独自で開発した施工技術を適用した外壁・内装リフォーム工事やコンクリートの落下防止等の補修・改修工事のほか、当社加盟店等に対するノウハウの提供及び材料の販売を行っております。

耐久性等に優れた独自工法「ホームメイキャップ工法」（特殊機能性塗料を使用し当社独自の４つの施工技術（クリアコーティング施工、カラーコーティング施工、スケルトン防災コーティング施工及び応用／特殊施工）により、劣化した建物の外壁の美観を再現し、優れた耐久性・補強性を提供する施工技術）による諸建造物の外・内装の補修・改修工事を行うホームメイキャップ事業であります。また、一般工法による既設住宅の改修や新築住宅の施工も手掛けております。

ホームメイキャップ事業の特徴は、以下のとおりであります。

 

〈施工サービスの特徴〉

・諸建造物の劣化状況の調査・診断、顧客ニーズの把握を綿密に行い、適切な補修・改修方法の採用・提案、教育された技術者による施工及び徹底した管理を行います。

・施工後10年間の品質保証を実現します。

 

〈工法の概要と特徴〉

・特殊機能性塗料を使用し、研究を重ねた独自工法（ホームメイキャップ工法）を適用することで、優れた耐久性・補強性、美観性を提供しております。また、可視的にタイルやコンクリートのはく落防止等が図れる「スケルトン防災コーティング施工」も提供しております。ホームメイキャップ工法については、クリアコーティング施工（磁器タイルや窯業サイディング等の複雑な形状や色彩の外壁を蘇生させるための施工で白化現象やチョーキングを解決）、カラーコーティング施工（外壁リフォームの主流である外壁の再塗装に対応した施工で亀裂や爆裂の補修等の軽度の損傷部位の補修に対応）、スケルトン防災コーティング施工（コンクリート構造物に対する耐震補強工法とはく落防止のための施工で、クリアコーティングにより施工後素地が目視にて確認可能であり橋脚、橋桁及びトンネル等の土木構造物・建物の柱、梁、外壁及び基礎等に対応）、応用／特殊施工（止水や防水処理等の比較的損傷の程度が大きな補修施工ができ、看板や外溝へのクリアコーティング施工及びカラーコーティング施工の応用施工が可能）の４つの特徴をもった施工を行っております。

 

〈受注・販売形態の特徴〉

・元請業者と複数の下請業者が施工する旧来の受注構造ではなく、足場から左官、防水・止水、塗装及びシーリングに至るまで、一貫して当社のみで手掛ける業界初のワンストップ対応を可能としております。これによって、一元的な責任の明確化、価格体系の明瞭化、きめ細かいアフターサービスを実現しております。また、当社管理のもと、施工・管理能力に優れた施工認定店（施工認定店とは、ホームメイキャップ工法を修得し、当社が認定した外注業者）にも一部外注することで、需要にフレキシブルに対応しております。

・当社のホームメイキャップ事業における受注形態には、当社が元請業者（工務店、ゼネコン、ハウスメーカー等の企業（以下、「パートナー」という。））若しくは顧客（施主）と工事請負契約を締結する直営方式、当社が認定したFC加盟店等が顧客（発注者）若しくは元請業者と工事請負契約を締結する提携方式の２つがあります。いずれの方式も、いわゆる訪問販売は行わず、地域の優良な元請業者や設計事務所等との提携ネットワーク構築による営業・提案活動に注力するほか、「ホームメイキャップ」のブランド戦略を受注・販売活動における基本戦略としております。なお、直営方式による売上高は財務諸表上「完成工事高」、提携方式による売上高は財務諸表上「加盟店関連売上高」に計上・表示しております。

 

各事業の概要は、次のとおりであります。なお、各事業区分は、セグメントと同一の区分であります。

 

（ホームメイキャップ事業）

耐久性等に優れた独自工法「ホームメイキャップ工法」による諸建造物(一般住宅、集合住宅、商業ビル、歴史的建造物、道路及び橋梁等)の外壁及び内装の補修・改修を行う事業であります。本事業は、建設業法に定める国土交通大臣の許可を得て行っております。

 

（建築工事業）

一般的な工法による新築・改修工事を行う事業であります。本事業は、建設業法に定める国土交通大臣許可を得て行っております。

 

（その他）

FC加盟店に対するコーティング材等の販売、不動産の売買・賃貸及び仲介等を行っております。

 

［事業系統図］

 




 

※ホームメイキャップ事業においては、パートナー(工務店等)経由で工事を受注するケースがほとんどであります。

※ホームメイキャップ事業及び建築工事業においては、当社管理のもと、外注業者を使う場合があります。

※ホームメイキャップ事業においては、橋脚、橋桁及びトンネル等の公共物の施工も手掛けており、これらについては、より補強性の高い「スケルトン防災コーティング施工」を適用しております。"
1407,株式会社ウエストホールディングス,2025-08-31,"３ 【事業の内容】

当社グループ（当社及び当社の関係会社）は、当社、連結子会社41社、非連結子会社４社、持分法適用関連会社１社及び持分法非適用関連会社１社で構成されており、公共・産業用太陽光発電システムの設計・施工・販売・Ｏ＆Ｍ（オペレーションアンドメンテナンス、以下Ｏ＆Ｍ）や、省エネサービスのウエストエスコ事業及び系統用蓄電所の開発・販売を主な事業として取り組んでおります。

ウエストグループの事業に係る位置付け及びセグメントとの関係は、次のとおりであります。

なお、当連結会計年度より、報告セグメントの区分を変更しております。詳細は、「第５ 経理の状況 １ 連結財務諸表等 (1)連結財務諸表 注記事項（セグメント情報等）」をご参照ください。

また、当社は、有価証券の取引等の規制に関する内閣府令第49条第２項に規定する特定上場会社等に該当しております。これにより、インサイダー取引規制の重要事実の軽微基準については連結ベースの数値に基づいて判断することとなります。

 













区分



会社名



事業内容







持株会社



株式会社ウエストホールディングス



ウエストグループ全体の経営管理







再生可能エネルギー事業



株式会社ウエストエネルギーソリューション

株式会社ウエストビギン

他５社



自家消費用産業用太陽光発電所請負（EPC）事業

非FIT太陽光発電所の開発・販売事業







蓄電所事業



株式会社ウエストエネルギーソリューション

株式会社ウエストビギン

他２社



系統用蓄電所開発販売事業







省エネルギー事業



株式会社ウエストエネルギーソリューション

株式会社ウエストビギン

他１社



省エネのトータルサービス（ウエストエスコ事業）等







電力事業



株式会社ウエストエネルギーソリューション

株式会社ウエストグリーンパワー

他32社



太陽光発電システム等を用いた発電及び販売事業

グリーン電力卸売事業







メンテナンス事業



株式会社ウエストＯ＆Ｍ



太陽光発電システム及び関連設備等の総合管理・保守事業





 


 

 

事業の系統図は、次のとおりであります。"
1414,ショーボンドホールディングス株式会社,2025-06-30,"３【事業の内容】

当社グループは、当社、連結子会社17社及び関連会社３社で構成され、当社は純粋持株会社として当社グループの経営戦略立案及び子会社の業務執行に関する管理を行い、地域及び事業内容別に配置された連結子会社が土木建築工事業及び製品の製造及び販売に関する事業を展開しております。当社グループの事業に係る位置づけ及びセグメントとの関連は、次のとおりです。なお、セグメントと同一の区分です。

 

［国内建設］

連結子会社であるショーボンド建設株式会社他12社及び関連会社１社が、公共構造物の補修補強工事及び製品販売を行っております。

 

［その他］

製品製造事業は連結子会社であるショーボンドマテリアル株式会社が営んでおります。ショーボンドマテリアル株式会社については、当社グループで施工する工事用材料の一部を製造し、当社グループ内及び外部へ販売しております。同社は工事用材料のほかメカニカル継手の製造販売も行っております。

国内及び海外への工事用材料の販売はSHO-BOND&MITインフラメンテナンス株式会社が担います。また、海外建設は連結子会社のショーボンド（ホンコン）LTD.及びSHO-BOND＆MIT USA,INC.、関連会社のCPAC SB&M Lifetime

Solution Co.,Ltd.及びStructural Technologies, LLCが営んでおります。

 

事業の系統図は次のとおりです。

 

 

なお、当社は特定上場会社等に該当し、インサイダー取引規制の重要事実の軽微基準のうち、上場会社の規模との対比で定められる数値基準については連結ベースの計数に基づいて判断することとなります。"
1417,株式会社ミライト・ワン,2026-03-31,"３ 【事業の内容】

当社を事業持株会社とする「ミライト・ワン グループ」は、当社並びにLantrovision (S) Ltd、㈱ＴＴＫ、 ㈱ソルコム、四国通建㈱、西武建設㈱、㈱ミライト・ワン・システムズ、国際航業㈱を含む連結子会社83社等で構成されており、環境・社会イノベーション事業、ICTソリューション事業、NTT事業、マルチキャリア事業を展開しております。

事業の系統図は概ね以下のとおりであります。

（2026年３月31日現在）




（注）国際航業㈱の子会社の㈱ソルコムは2026年４月１日付でKKCソルコム㈱に社名変更しております。

 

関係会社の異動は、以下のとおりであります。

・光陽ホールディングス㈱は、光陽エンジニアリング㈱を存続会社とする吸収合併により消滅したため、連結の範囲から除外しております。

・㈱フューコムは、㈱ホープネット（2025年10月１日付で㈱ミライト・ワン・ビジネスパートナーズに商号変更）を存続会社とする吸収合併により消滅したため、連結の範囲から除外しております。

・当社が㈱Y2Sの株式を取得したことに伴い、同社を連結の範囲に含めております。

・連結子会社である国際航業㈱がソルコムホールディングス㈱の発行済株式の全部を取得したことに伴い、同社並びに同社の子会社である㈱ソルコム（2026年４月１日付でKKCソルコム㈱に商号変更）を連結の範囲に含めております。なお、ソルコムホールディングス㈱は㈱ソルコムを存続会社とする吸収合併により消滅したため、連結の範囲から除外しております。"
1418,インターライフホールディングス株式会社,2026-02-28,"３ 【事業の内容】

当社グループは、当社及び連結子会社３社の計４社で構成されており、あらゆる人々に感動と喜び溢れる快適空間を提供し社会に貢献することを目的とし、商業施設・公共施設の設計施工、管理メンテナンスなどのトータルサービスなどを展開しております。

当社グループの事業における当社及び関係会社の位置付け及びセグメントとの関係は、次のとおりであります。

なお、当連結会計年度より、報告セグメントの区分を変更しております。詳細は、「第５ 経理の状況 １ 連結財務諸表等 (1)連結財務諸表 注記事項（セグメント情報等）」をご参照ください













セグメント名称



構成会社



事業内容







内装工事事業



㈱日商インターライフ



商業施設（飲食店・物販店）、ホテル・ブライダル施設、オフィス、展示会等に関する企画・デザイン・設計・制作・施工管理・建物内外の清掃請負・空調設備機器等のメンテナンス







音響・照明設備事業



㈱システムエンジニアリング



施設の演出・各種設備（音響映像・演出照明・吊物機構・議場システム等）の企画・設計・施工・メンテナンス・VODシステムの導入







㈱サンケンシステム



AVC（オーディオ・ビジュアル&コントロール）機器設備のシステム構築販売・企画・設計から製作・施工・保守管理まで一貫支援







全社（共通）



インターライフホールディングス㈱



グループの経営管理及びそれに付帯する業務





 


 

当社のその他の関係会社は、主要株主である株式会社辰巳であります。












会社名



主な事業内容







㈱辰巳



不動産賃貸業





 


 

事業系統図によって示すと次のとおりであります。"
1419,タマホーム株式会社,2026-05-31,"３ 【事業の内容】

当社グループは、当社および当社の関係会社（子会社11社および関連会社３社（2026年５月31日現在））で構成されております。
セグメントは「住宅事業」「不動産事業」「金融事業」「エネルギー事業」の４つに分類し、それらセグメントに含まれない事業を「その他事業」に分類しており、「第５ 経理の状況 １ 連結財務諸表等（１）連結財務諸表 注記事項」に掲げるセグメントと同一であります。

事業内容と当社グループの当該事業における位置づけは、次のとおりであります。













住宅事業



事業内容



注文住宅の建築請負、リフォーム工事等の請負、外構工事等付帯工事の紹介、

プレカットＣＡＤ入力・図面作成等の設計支援事業







担当会社



タマホーム㈱、TAMA SON THANH VIETNAM JOINT STOCK COMPANY

 







不動産事業



事業内容



分譲宅地・戸建分譲の販売、マンションの企画・開発・販売、オフィスビルの転貸

事業、オフィス区分所有権販売事業、不動産仲介







担当会社



タマホーム㈱

 







金融事業



事業内容



火災保険等の保険代理業務、注文住宅購入者向けつなぎ融資の取次業務







担当会社



タマホーム㈱、タマファイナンス㈱







エネルギー
事業



事業内容



メガソーラー発電施設の運営、管理







担当会社



㈱九州新エネルギー機構、タマホーム有明メガソーラー合同会社







その他事業



事業内容



広告代理業、家具販売・インテリア工事の請負、地盤保証、農業、海外における投資・情報収集・開発、車両リース事業







担当会社



タマホーム㈱、タマ・アド㈱、タマリビング㈱、在住ビジネス㈱、タマアグリ㈱、ＴＨオートリース㈱、Tama Global Investments Pte. Ltd.、Tama Global Investments (Cambodia) Ltd.、Kakehashi Tama Home Development Co.,Ltd.





 


 

 

(住宅事業)

・住宅建築

(住宅建築事業の特徴)

住宅建築事業は、注文住宅の建築請負を行う事業であります。注文住宅の建築は、当社が顧客との間で戸建住宅の工事請負契約を締結し、設計及び施工（工事管理）を行うものであります。

当事業における特徴の一つは、ロードサイド型の独立店舗を中心とした店舗展開にあります。

当社グループは、全国47都道府県にロードサイド型の独立店舗を出店しており、2026年５月31日現在、183店舗を展開しております。独立店舗には、主にモデルハウス、事務所及びショールームを併設しており、モデルハウスの見学から仕様打合せまで、一貫した営業活動を行っております。

また、営業エリアの拡充を目的として、住宅総合展示場への出店も行っており、2026年５月31日現在、住宅総合展示場を51箇所出店しております。当社グループでは、ロードサイド型独立店舗及び住宅総合展示場の双方を活用し、地域特性や集客効率等を踏まえた店舗展開を行っております。

店舗への集客については、テレビＣＭ、ＷＥＢ動画ＣＭ、チラシ及びＷＥＢ広告等を活用した広告宣伝活動に加え、展示場来場者向けの販売促進施策を実施しております。これらの施策を通じて、展示場来場者数の増加及び集客力向上に努めております。

 

(商品の特徴)

当社グループは、「より良いものをより安く 提供することにより 社会に奉仕する」という経営方針のもと、設立当初より、「自由設計・オール電化・豊富な設備仕様」を特徴とする住宅商品「大安心の家」を提供してまいりました。

設立当初は九州地区を中心に営業展開を行っていたことから、断熱地域区分（注１）５・６・７地域向けの商品を中心に展開しておりましたが、営業エリアの拡大に伴い、北関東・北陸・南東北地区（４地域）向けの「大安心の家〔愛〕」、北東北地区（３地域）向けの「大安心の家〔暖〕」、北海道地区（１・２地域）向けの「大地の家」、沖縄地区（８地域）向けの「大安心の家〔沖縄〕」など、地域特性に対応した商品を投入してまいりました。

また、価格帯や顧客ニーズの多様化に対応するため、価格を抑えた「木麗な家」、都市部の狭小地向け３階建て住宅「木望の家」、屋上緑化が可能な住宅「グリーンエコの家」、外観意匠を向上させた「大安心の家PREMIUM」、ネット・ゼロ・エネルギー・ハウス（ZEH）に対応した「大安心の家ZERO」、品質とコストバランスを重視した「シフクノいえ」など、商品ラインナップの拡充を進めてまいりました。

なお、「大安心の家」シリーズについては、2009年６月の「長期優良住宅」認定制度（注２）の開始に伴い、同制度へ適合する仕様への改良を実施しております。また、2022年５月には、住宅性能表示制度の改定により新設された「断熱等性能等級５」へ対応いたしました。「自由設計・オール電化・豊富な設備仕様」を維持しつつ、高耐久・高断熱・高耐震性能を備えた商品展開を行っております。

さらに、省エネ基準の最高水準である「HEAT20 G3」水準及びUA値0.23W／（㎡・K）（注３）を実現した、高耐久・高断熱・高気密住宅「笑顔の家」を全国で販売しております。

 

当社グループの販売する商品の主なラインナップは以下のとおりです。

 












商品名



特徴







大安心の家



「自由設計・オール電化・豊富な設備仕様」が特徴で、当社設立以来の主力商品であります。
また、長期優良住宅認定制度(注２)に標準で対応となっております。地域断熱区分によって各種ラインナップ(「大安心の家［愛］」「大安心の家［暖］」「大地の家(１・２地域対応)」「大安心の家［沖縄］」)を取り揃えております。







木麗な家



「大安心の家」と同じ耐震性能を持ち自由設計でありながら、子育て世代や一次取得者向けに、よりお求めやすい価格設定とした商品です。







木望の家



市街地などの限られた敷地でも、ライフスタイルに応じた住まいづくりが実現可能な３階建住宅です。
ピロティ式カーポート(注４)など、限られた敷地で、広く快適な生活ができる立体的な間取り構成などの工夫がなされている住宅です。防火面での安全性の向上も図られ、標準にて準耐火仕様の設定となっております。







グリーンエコの家



屋上スペースを庭園やアウトドアリビングとして有効活用可能で、都市部の狭い敷地でもプライベートな屋外空間を確保できる自由設計の住宅です。







大安心の家 PREMIUM



開放感を演出するハイ＆ワイドサッシや高いデザイン性と耐久性を併せ持つ外壁材を標準採用し、ワンランク上のライフスタイルを実現する商品です。







大安心の家 ZERO



「大安心の家」をベースに年間一次エネルギー収支をゼロ以下にする住宅を実現しました。経済性、快適性、環境性に優れた商品です。







シフクノいえ プレミア



シンプル＆ベーシックなプランバリエーションに人気の住宅設備、最高等級３の高耐震性を備えた企画型商品です。







笑顔の家



省エネ基準の最高レベルとなる「HEAT20 G3」水準のUA値0.23w（㎡/K）(注３)を実現した、高耐候、高耐久、高断熱、高気密な商品です。「ダブル断熱工法」で一年を通し快適に暮らすことができます。





 


(注１) 断熱地域区分

断熱地域区分とは、「建築物省エネ法」において、全国の気候条件に応じて地域区分されたものです。

適合する地域区分に応じて断熱性能基準が設けられ、断熱材の厚み・開口部の断熱性・気密性能など規定されています。

断熱地域区分ごとの主な対応地域は以下のとおりであります。(山間部等一部例外もあります。)

１、２地域・・・北海道

３ 地域・・・青森県、岩手県、秋田県

４ 地域・・・宮城県、山形県、福島県、栃木県、新潟県、長野県

５、６地域・・・茨城県、群馬県、埼玉県、千葉県、東京都、神奈川県、富山県、石川県、福井県、山梨県、岐阜県、

             静岡県、愛知県、三重県、滋賀県、京都府、大阪府、兵庫県、奈良県、和歌山県、

             鳥取県、島根県、岡山県、広島県、山口県、徳島県、香川県、愛媛県、高知県、

             福岡県、佐賀県、長崎県、熊本県、大分県

７ 地域・・・宮崎県、鹿児島県

８ 地域・・・沖縄県

(注２) 「長期優良住宅」認定制度

「長期優良住宅の普及の促進に関する法律(2009年６月４日施行)」が施行されたことにより、長期優良住宅としての性能(劣化対策、耐震性、維持管理の容易性等の基準)が定められ、同制度に適合している住宅を購入し、認定を受けることで税制の特例措置(住宅ローン減税、登録免許税、固定資産税等の減免等)を受けることができる制度であります。

(注３) HEAT20 G3・UA値

一般社団法人20年先を見据えた日本の高断熱住宅研究会（HEAT20）が定める断熱基準において、最も高い断熱性能を誇るグレードです。

断熱地域区分 1・2・3 地域の笑顔の家は G2 レベルに該当します。

UA 値は、プラン、その他諸条件により異なります。

(注４) ピロティ式カーポート

ピロティとは建物の一階部分にあって壁のない、柱だけで囲われた空間のことです。

この空間を利用した駐車場をピロティ式カーポートといいます。

 

 

・リフォーム

当社グループは、設立から28年が経過し、初期に建築した住宅におけるメンテナンス需要及び増改築需要が増加しております。引渡し後の経過年数や顧客ニーズに応じた商品・サービスを展開し、リフォーム事業を行っております。

・住宅関連紹介

住宅建築に付随する各種工事（解体工事、外構工事等）並びに引越し、インターネット回線契約等について、提携事業者への紹介を行い、紹介手数料を受領しております。

・設計支援業務

プレカットＣＡＤ入力、図面作成等の設計支援業務を行っております。

 

(不動産事業)

・戸建分譲

当社グループでは、多様化するお客様の住宅ニーズに対応するため、注文住宅に加え、戸建分譲事業を展開しております。土地を保有していないお客様への提案に加え、立地や利便性、入居時期などを重視されるお客様にも幅広い選択肢を提供することで、より多くのお客様の住まいづくりに貢献しております。

当社グループは、これまで培ってきた住宅建築のノウハウを活かし、戸建分譲事業を展開することで、経営方針である「より良いものをより安く」の実現に努めております。

事業開始当初は、５区画程度の小規模開発案件を中心に展開しておりましたが、事業ノウハウの蓄積に伴い、30区画を超える大規模プロジェクトにも対応可能となりました。

現在は、資金効率及び回転率を重視し、主に10区画以下の案件を中心に展開しております。また、住宅の提供にとどまらず、街並み・景観・周辺環境にも十分配慮した総合的な住環境の提供に取り組んでおります。

・マンション販売

中古マンションの買取及びリノベーション再販を主な業務としております。

・サブリース

サブリース事業は、ビルを１棟又はフロア単位で借り受け、転貸する事業であります。オーナー（所有者）に対して賃料保証を行い、テナントから受領する賃料を収益として計上しております。

また、改修工事等によるビルの価値向上を図るとともに、リーシング活動を通じてテナント誘致を行っております。

・オフィス区分所有権販売

オフィス区分所有権販売事業は、サブリース事業で培った経営資源を活用した事業であります。

当事業では、都心商業地に所在する小・中規模オフィスビルを１棟単位で取得し、リノベーション等によるバリューアップを実施することで、オフィス物件としての付加価値向上を図っております。その後、賃料水準及び入居率の改善を進め、１棟単位又はフロア単位で販売しております。

 

(金融事業)

・保険代理業

当社グループでは、保険代理業として、火災保険、地震保険、自動車保険等の損害保険及び生命保険の取次業務を行っております。

保険代理業務は、契約の取次に加え、事故発生時の窓口対応や保険会社との折衝業務等、多岐にわたっております。

また、取扱商品の拡充を目的として生命保険の販売を推進するとともに、社内ファイナンシャル・プランナーを活用したライフプラン提案等にも取り組んでおります。

・ファイナンス

タマファイナンス㈱において、本融資実行までの資金立替に係るつなぎ融資の取次サービスを、当社の新築住宅購入者向けに提供しております。

 

 

(エネルギー事業)

・メガソーラー事業

当社グループでは、大規模太陽光発電所の運営を行っております。

福岡県大牟田市において、「タマホーム有明メガソーラー発電所」を2015年１月に竣工し、2015年２月より商業運転を開始いたしました。

発電した電力については、固定価格買取制度に基づき、九州電力㈱へ売電しております。

 

(その他事業)

・広告代理業

タマ・アド㈱は、総合広告会社として広告代理業を行っております。広告媒体の仕入販売に加え、広告コンテンツの制作、イベント企画等の業務を行っております。

・家具販売・インテリア工事請負

タマリビング㈱は、家具の販売（卸売及び直販）並びにカーテン、照明工事等のオプション工事の請負を

行っております。

・地盤保証

在住ビジネス㈱は、地盤調査、地盤改良工事、地盤保証、省エネ適合性判定の申請代行及び構造計算サービスに関する事業を行っております。

・農業

タマアグリ㈱は、農業への進出及び障がい者雇用機会の創出を目的として、福岡県筑後市において農作物等の生産・加工・販売を行っております。

・車両リース

ＴＨオートリース㈱は、当社グループ内の社用車を中心としたリース、中古車販売、メンテナンス、修理並びに損害保険管理業務を行っております。

 

 

<事業系統図>

以上述べた事項を事業の系統図によって示すと、次のとおりであります。"
141A,株式会社トライアルホールディングス,2025-06-30,"３【事業の内容】

当社グループ（当社及び当社の関係会社）は持株会社制を導入し、純粋持株会社である当社並びに各事業を担う連結子会社26社及び関連会社５社（2025年６月30日現在）から構成されており、「流通小売事業」、「リテールAI事業」等の事業を営んでおります。当社は、中期経営計画及び年度事業計画に基づき、グループ各社の自主性を尊重するとともに、事業の発展及び経営改善に積極的に協力し、関係会社の育成を促進して企業グループとしての経営効率の向上を目指すことを目的として指導及び助言を行うことを基本方針としております。

当社の事業区分である「流通小売事業」及び「リテールAI事業」は「第５ 経理の状況 １ 連結財務諸表等 (1)連結財務諸表 注記事項」に掲げるセグメントの区分と同一であり、報告セグメントに含まれていない事業及びこれらに附帯する事業を「その他」に区分しております。

当社グループの事業内容は、次のとおりです。なお、主な関係会社の詳細については「４ 関係会社の状況」に記載のとおりです。

 

(1）流通小売事業

①多様な店舗フォーマットとワンストップショッピングを可能にする豊富な商品ラインナップ

中核事業会社である㈱トライアルカンパニーを中心に、『あなたの「生活必需店」。』をストアコンセプトとした『TRIAL』ブランドのディスカウントストアを全国に展開しております。店舗フォーマットはメガセンター、スーパーセンター（SuC）、smart及び小型店の４種のフォーマットで、主力フォーマットであるスーパーセンターを中心に、商圏人口や立地、店舗面積等を考慮して様々なエリアに出店し、各エリアでのドミナント展開と収益の最大化を進めております。

業態名

売場面積

（㎡）

主な出店

エリア

業態の概要

主要販売品

及びアイテム数

店舗数

(2025年６月末現在)

メガ

センター

約8,000㎡

地方都市

食品から趣味嗜好品までフルラインで商品を取り揃える大型店

生鮮食料品、一般食料品、日用雑貨、家電品、衣料品、園芸・DIY用品、ペット用品、スポーツ用品、インテリアなど約10万点

28店舗

スーパー

センター

（SuC）

約4,000㎡

郊外

生鮮食品や加工食品をはじめとする食品及び日用消耗品などの生活必需品を商品構成の中心としながら、家電製品や衣料品などの非食品を取り揃える中型店

生鮮食料品、一般食料品、日用雑貨、家電品、衣料品、園芸・DIY用品、ペット用品、スポーツ用品、インテリアなど約６～７万点

207店舗

smart

約1,400㎡

都市部・
小商圏

加工食品や弁当、惣菜を含む生鮮食品など、食品を中心とする商品構成で、メガセンター、SuCが出店困難な都市部・小商圏エリアへの出店が可能なフォーマット

生鮮食料品、一般食料品、日用雑貨、衣料品など約３万点

70店舗

小型店

～約1,000㎡

都市部・
小商圏

食品を中心とする商品構成で、SuCなど既存店舗からの高頻度配送により新鮮な生鮮食品、惣菜を提供。自動値下げソリューションや顔認証決済などのテクノロジーを活用した高い生産性を実現する次世代型スマートストア「TRIAL GO」等の小型店

一般食料品を中心として、日用雑貨など約７千～２万点

47店舗

 

なお、2025年６月末日時点の地域別の店舗数は以下のとおりです。

 

 

 

また、商品ラインナップは、生鮮食品などの「食」を強みとして、日用消耗品などの生活必需品から家電製品、アパレル用品からホビー用品などの非食品まで、豊富な品揃えを有しており、24時間営業（一部店舗を除く。）で、何でも・いつでも・欲しいものがお得に買えるワンストップショッピングストアとして、利便性や価格優位性を特徴としております。

また、当社グループ内に弁当・惣菜製造や生鮮食品の加工を行うプロセスセンターやセントラルキッチン、飲料製造工場を有しており、商品製造のノウハウを増強しております。ナショナルブランド商品を調達して販売するスタイルが主流である一方、プライベート・ブランド（PB）商品も展開しております。PB商品においては、かつ重などの惣菜、ナチュラルミネラルウォーターやお茶などの飲料、菓子類、フリースなどの衣料品が人気商品であり、いずれも高品質で低価格であることが、人気の理由であると考えております。

 

②ローコストオペレーションを確立したユニークな店舗運営

1992年にトライアル１号店となる南ヶ丘店（福岡県大野城市）を開店して以来、当社は約30年におよぶディスカウントストアの運営ノウハウを蓄積しており、当社グループにてアライアンス先との物流網の共有化を通じた自社物流による最適化等、効率的な仕入れの確立と徹底したコスト管理、後述するリテールテックを活用した省力化によって、ローコストオペレーションを実現しております。

また、当社はグループ内に店舗の設計や建築を担う子会社を有しており、新規出店時における新築コストや店舗の改装コストを抑えることができるほか、居抜きによる出店も活用しており、新規出店時による一時的なコスト増加についても低位に抑える戦略が確立されております。

当社グループはEDLP（Every Day Low Price）（注１）を価格戦略における基本方針としております。EDLPが実現できる背景はEDLC（Every Day Low Cost）、すなわちローコストオペレーションであります。生鮮食品などの生活必需品を中心に、競争力のある価格提案を行い、欲しいものがいつでも安い、地域一番の生活必需店として、お客様に寄り添った店舗運営を確立しております。

 

③リテールテックを活用した独自のビジネスモデル

当社グループが属する流通小売業をはじめ、あらゆる産業・分野においてデジタルトランスフォーメーション（DX）が浸透しており、様々な企業がIoT（注２）/AI（注３）などのデジタル技術を活用することで新しい製品やサービス、新しいビジネスモデルを通じた価値の創出に取組んでおりますが、当社は、「テクノロジーと、人の経験知で、世界のリアルコマースを変える。」をビジョンとして、常に革新的な技術開発に取組んできた企業であり、現在も流通小売業（リテール）のデジタルトランスフォーメーション（DX）を実現する『リテールDX』を牽引する先駆者として、業界の改革に取組んでおります。

当社グループは1996年のスーパーセンター１号店であるスーパーセンタートライアル 北九州空港バイパス店（北九州市小倉南区）の開店以降、自社開発のPC-POSシステム（注４）によって顧客データの蓄積と活用をはじめており、現在は各メーカー企業とお客様の購買情報がスムーズに連携できるデータベースエンジンの運用や商品の自動発注等を可能にする独自のPACER（注５）を活用した効率的な店舗オペレーションを実現しております。

また、当社のシステム開発等を所管する㈱Retail AIを中心に、お客様のさらなる買い物体験の向上と店舗運営の省力化をはじめとする流通小売業界全体のDXを企図とした取り組みを加速しております。

2015年には決済手続きを省力化するスマートショッピングカート（現：Skip Cart）の導入を開始したほか、お客様の動線や商品の在庫を記録するAIカメラや商品の販促等に活用するインストアサイネージを導入するなど、リテールテックを活用した独自性のあるビジネスモデルを構築できているものと考えております。特に、Skip Cartの利用によってお客様のレジ待ち時間が大幅に改善され、お客様の利便性向上につながっております。

（注）１．「EDLP」とは、Every Day Low Priceの略で、特売や限定販売ではなく、数量を限定せず、毎日お値打ち価格で販売することを指します。

２．「IoT」とは、Internet of Thingsの略で、あらゆるモノがインターネットに接続する技術を指します。

３．「AI」とは、Artificial Intelligenceの略で、人工知能のことを指します。

４．「PC-POSシステム」とは、販売時の商品情報を読み取り売上管理や商品管理を担う機器であり、PCを内蔵したものを指します。

５．「PACER」とは、Plan・Action・Check・Education・Recoveryの略で、当社グループで開発した店舗運営業務における商品管理の各アプリケーションがインストールされたモバイル端末になります。

 

当社の特徴である①ワンストップショッピング、②ユニークな店舗運営、そして③リテールテックを活用したビジネスモデルは既存店の安定的な客数及び客単価の成長に貢献しており、順調な事業規模の拡大を実現できております。

トライアル１号店開店以降の売上高と店舗数の推移は以下のとおりです。

 

 

 

＜既存店売上高（前期比）＞

既存店売上高（注）

2024年６月期

2025年６月期

前期比

（％）

105.8

103.6

（注）「既存店売上高」とは、開店から満12ヵ月経過した店舗（対象月又はその前年同月に月間５日以上改装等により閉店した店舗は除く。）のPOS売上の合計であります。「POS」とは、Point of Salesの略称であり、小売店において商品が購入された店舗や日時、数量等の把握が可能となる仕組み・システムを指しております。「POS売上」とは同仕組み・システムにおいて計上された売上高であります。以下同じです。

 

＜既存店売上高（前年同月比）＞

既存店売上高

2024年７月

2024年８月

2024年９月

2024年10月

2024年11月

2024年12月

前年同月比

（％）

101.6

109.3

101.9

100.8

105.0

104.2

 

既存店売上高

2025年１月

2025年２月

2025年３月

2025年４月

2025年５月

2025年６月

前年同月比

（％）

103.6

101.8

105.6

103.8

103.6

101.3

 

当社グループの小売店舗における月次の既存店売上高は、日本チェーンストア協会が公表している既存店ベースのチェーンストア総販売額（全国の食品スーパーやGMSなど）と比べ、長期にわたって前年同月比で高い成長を実現しております。

 

（注）「チェーンストア販売統計既存店売上高」とは、日本チェーンストア協会が公表している、同協会に加盟する会員企業（全国の食品スーパーマーケットやGMSなど）の総販売額における既存店ベース（当該月の販売額とその前年同月の販売額のうち、新規開店して売上増となったり閉店して売上減となったりする店舗の異動による影響を除いて比較）での前年同月比であります。

 

さらに当社グループでは、当社グループのみならず流通業界全体が活性化するような仕組みを『リテールDX』を通じて実現させることに注力しており、自社のみならず業界全体を巻き込んだ改革に取り組んでおります。

当該改革の一環として、2021年７月には、当社と福岡県宮若市、九州大学が連携し、産官学協働で『リテールDX』を軸にしたまちづくり「リモートワークタウン ムスブ宮若」プロジェクトを開始しました。同プロジェクトは、『リテールDX』を推進する当社グループと、宮若市及び九州大学が協働して推進する地方創生・まちづくり構想の一つであり、産官学による「リテールDXの拠点づくり」を目指し、リテール企業とメーカー企業が共同で実証実験を行っております。業界全体を巻き込んだ改革意識の醸成として、食品・消費財メーカーの担当者が全国から集まり、『リテールDX』を学び、実践する「宮若ウィーク」や、リテール企業やIT企業など、流通業に関わる様々な企業がオープンな環境で共にSmart Store Technologyを探求し、新たな購買体験と店舗効率化の共創を進める「Smart Store Consortium」というイベントを開催しており、当社グループでは、既成概念にとらわれない、自由な発想を取り入れたイノベーションを誘発する仕組みを設けることで、よりスピード感のある開発を実現し、リテールDXの最先端拠点を目指しております。具体的には取引先である食品・消費財メーカーやIT企業とともに、共同学習としてリテールAI専門家による講義の提供やリテールDX人材の育成プログラムを開発するほか、DX実践としてSkip Cartやインストアサイネージを活用したマーケティング改革、MD-Linkを活用したデータの共有・可視化によるサプライチェーン全体の最適化について協働しております。

 

(2）リテールAI事業

小売事業者や食品・消費財メーカーに対して、お客様の買い物体験の向上やリアル店舗のオペレーション改善、広告・販売促進活動の効率化、在庫・物流などサプライチェーンの効率化等に資するプロダクトやソリューションを提供しております。当社では実店舗の運営で発生する現場のニーズを速やかに開発に活かすことができ、また、開発した技術を速やかに現場で実証実験できる体制が最大の特徴であり、実際の小売店舗という現場や流通サプライチェーンのステークホルダーの営業活動などの場面で実活用できるプロダクトやソリューションを開発する「オペレーション・ドリブン」のコンセプトのもと、流通小売事業と連携を図りながら、実店舗で実利用され、効果を生み出すことのできるプロダクトを開発しております。

主力プロダクトであるSkip Cartは、セルフスキャンによるレジ待ちの解消及びレジ人時（注１）の削減やクーポン・レコメンドを活用した実店舗におけるワン・トゥ・ワンマーケティング（注２）など、新しい価値をお客様、小売事業者、食品・消費財メーカーに提供しております。なお、Skip Cartやその他のプロダクトの月額利用料・ライセンス利用料等の収入を得ております。

 

＜当社グループが開発したセルフレジ機能付きのショッピングカート＞

 

 

 

 

 

＜リテールAIが提供するプロダクト＞

 

2025年６月末現在で、Skip Cartの当社グループ外での導入も含む導入店舗数は258店舗、導入台数は21,561台となっております。マンスリーユーザー数（注３）は450万人となっております。他にもPOS（注４）やID-POS（注５）等のデータ分析プラットフォームの「MD-Link」（2025年６月末時点で288社が利用）及びそのインフラ基盤である「e3-SMART」、棚状況の監視等を行う「カメラソリューション」、店頭における広告・販売促進ツールである「インストアサイネージ」などのプロダクトやソリューションの開発を行うとともに、グループ内の基幹システムや各種業務システムの開発・運用・保守を行っております。

（注）１．「レジ人時」とは、会計時の精算業務１時間当たりに必要な従業員数のことを指しております。

２．「ワン・トゥ・ワンマーケティング」とは、お客様個人の嗜好や属性、購買履歴等に応じて、個別に行うマーケティング活動です。マスマーケティングと比較した際、より深い顧客理解と広告等の出し分けを行う仕組みの構築が必要となります。

３．「マンスリーユーザー数」とは、2024年７月１日から翌年６月30日におけるSkip Cartの延べ月間利用者数（グループ外を除く）の平均を指しております。

４．「POS」とは、Point of Salesの略称であり、小売店において商品が購入された店舗や日時、数量等の把握が可能となる仕組み・システムを指しております。

５．「ID-POS」とは、（注）４の「POS」にIDデータが組み合わされたものであり、商品が購入された店舗や日時、数量だけでなく、ID単位でどのお客様が何の商品を購入したのかを把握することができる仕組み・システムを指しております。

６．「平均利用率」は、2024年７月１日から翌年６月30日にSkip Cartの稼働実績のあった当社グループのスーパーセンター195店舗における、2024年７月１日から翌年６月30日の９時から21時のカート利用可能な時間帯における延べ客数のうち、Skip Cartの延べ利用者数の割合であります。

７．「１時間当たりの通過客数」及び「１時間当たりの通過点数」は、スーパーセンターであるアイランドシティ店の2025年４月29日から同年５月６日におけるPOSデータから算出しております。なお、当該店舗を対象とした理由は、一般的にSkip Cartの導入直後は不自然に利用者が増加する傾向があるため、Skip Cartの導入後期間が最も長い同店を対象としたものであり、また当該期間を対象とした背景は、顧客数が多い方がより実態に即したデータになるという考えから、繁忙期であるゴールデンウイークを選んだためです。

 

 

(3）その他

当社グループは、「食」のブランディングを通じて本業である流通小売業における「ロイヤルカスタマー」を確立するため旅館施設である「久織亭（くおりてい）」、「虎の湯」、「古民家煉り（ねり）」や2024年２月１日付で東急不動産株式会社より取得した大分及び阿蘇のゴルフ場を含むゴルフ場運営などのリゾート関連事業及び建築・不動産管理等を行っております。各事業の連携を通じて、会員サービスの拡充及び周遊性を高めることを目指しております。

 

当社グループ全体のビジネスを俯瞰した図は以下のとおりです。

 

なお、当社は、有価証券の取引等の規制に関する内閣府令第49条第２項に規定する特定上場会社等に該当しており、これにより、インサイダー取引規制の重要事実の軽微基準については連結ベースの数値に基づいて判断することとなります。"
1420,サンヨーホームズ株式会社,2026-03-31,"３【事業の内容】

当社グループは、当社と連結子会社３社及び関連会社１社で構成され、「For the best life」を経営指針とし、住宅事業（戸建住宅・賃貸福祉住宅・リニューアル流通・住宅リフォームの設計・施工監理及び請負・分譲等）、マンション事業（マンション開発・販売・賃貸等）を柱とし、総合「住生活」提案企業としてお客様のよりよい人生のために生涯にわたるサポートを目指し事業活動を展開しております。

当社グループの各事業における位置づけは次のとおりであります。

なお、次の２事業は「第５ 経理の状況 １ 連結財務諸表等 (1）連結財務諸表 注記事項」に掲げるセグメントの区分と同一であります。

 

住宅事業

工場にて住宅部材を製造し、主に四大都市圏（首都圏、中部圏、近畿圏、北九州・福岡大都市圏）において、戸建住宅（プレハブ住宅）、賃貸福祉住宅、リニューアル流通、住宅リフォームの設計・施工監理及び請負・分譲等を行っております。連結子会社のサンヨーリフォーム株式会社は、住宅リフォームの設計・施工監理及び請負等を行っております。サンヨーアーキテック株式会社は、太陽光システム販売、軽量鉄骨プレハブシステムの架構体ＯＥＭ供給、軽量鉄骨倉庫の開発・販売・施工、戸建住宅、賃貸福祉住宅の施工等を行っております。

マンション事業

主に４大都市圏において、新築及びリノベーションマンションの開発、販売等を行っております。

その他

連結子会社のサンヨーホームズコミュニティ株式会社は、ライフサポート事業として、マンション管理業、保険代理業、保育事業、リハビリ型デイサービス施設の運営等、安心・快適な日常生活をサポートするサービス事業を行っております。また、ライフサポート事業として、高齢者の在宅支援として介護系ロボット開発や地方創生等に取り組んでおります。

 

事業の系統図は、次のとおりです。"
1429,株式会社日本アクア,2025-12-31,"３ 【事業の内容】

(1) 当社の事業の具体的内容

当社は、建設業法による建設工事業種区分で熱絶縁工事業及び防水工事業に属し、断熱材（建築物断熱用吹付け硬質ウレタンフォーム（注））および防水材（ポリウレア）の開発・販売・施工を主な事業としております。

注. 硬質ウレタンフォームとは、NCO（イソシアネート）基を有するポリイソシアネートとOH（水酸）基を

有するポリオールを、触媒（アミン化合物等）、発泡剤（水等）、整泡剤（シリコーン系）などと一

緒に混合して、泡化反応と樹脂化反応を同時に行わせて得られるプラスチック発泡体です。この硬質

ウレタンフォームは、小さな泡の集合体で、泡の中に熱を伝えにくいガスが封じ込められるため、長

期にわたって優れた断熱性能を維持します。

 

① 戸建住宅向け断熱材の施工販売

戸建住宅分野での受注先は、全国展開のハウスメーカーや地域のハウスビルダー、工務店等です。また、受注機能の強化や代金決済の安定化を目的として大手建材商社の商流を活用しており、建材商社を直接の受注先とする場合もあります。

施工に際して、当社は全国に認定施工店網をもって施工対応しております。認定施工店とは、当社が断熱材の施工を委託する工事業者をいい、品質・安全管理及び施工能力を有する等、当社の定める一定基準を満たしていることが認定の要件です。

 

② 建築物向け断熱材の施工販売

当社は、戸建住宅以外の建造物を「建築物」と定義しております。受注先は主に総合建設業者（ゼネコン）であり、施工対象はマンションのほか、病院、学校、オフィスビル、工場、データセンタービル、冷凍倉庫、穀物倉庫などであります。

建築物分野では、多くが鉄筋コンクリート造又は鉄骨造であり、戸建住宅の場合とはポリオール原料の種類が異なるほかに、吹付け作業に要求される技術や作業環境等に違いがあります。建築物分野に進出した結果、当社が工事に使用するポリオール原料は、下表の４種類となっております。

 

取り扱いポリオール原料















原料種類

(JIS規格区分)



ポリオール原料名



施工対象



主な発泡方法



発泡倍率

（注２）







Ａ種３



アクアフォーム(注１）



木造戸建住宅



化学発泡 発泡剤 水



100倍







Ａ種３



アクアフォームLITE

(注５）



木造戸建住宅



化学発泡 発泡剤 水



120倍







Ａ種１Ｈ



アクアフォームNEO

(注１、３）



木造戸建住宅

コンクリート建造物



物理発泡 発泡剤HFO



 30倍







Ａ種１Ｈ



アクアモエンNEO
(注４）



コンクリート建造物



物理発泡 発泡剤HFO



 20倍





 


(注) １．「アクアフォーム」、「アクアフォームNEO」には防蟻(防虫)性能を有する仕様の製品があります。

２．発泡倍率とは、原料と比較して同じ質量の断熱材が何倍の体積となったかを示す値をいいます。

３．Ａ種１Ｈで使用している発泡剤HFOは、ハイドロフルオロオレフィンの略称で熱伝導率が小さい発泡剤です。オゾン破壊係数がゼロである上に地球温暖化係数が１以下ときわめて低く、地球温暖化防止に役立ちます。

４．「アクアモエンNEO」は、高い耐炎性能を発揮し、建築現場や日常の火災リスクから安全を確保します。

５．「アクアフォームLITE」は、「アクアフォーム」の品質を維持したまま、環境負荷低減に貢献する植物由来の原料を配合し、人・家・環境にやさしく持続可能な社会に貢献する断熱材です。また、原料使用量を約30％削減することを可能とした革新的な断熱材であり、企業価値向上にも貢献いたします。

 

③ 戸建・建築物向け防水材の施工販売

当社は、2020年９月より「アクアハジクン」をもって戸建、建築物の防水市場に参入しました。「アクアハジクン」はポリウレアを原料とした防水材で、超速硬化による短工期とリファレンスサービスライフ15年の長寿命性能を有するうえ、建築基準法に定める飛び火認定を取得しております。飛び火認定とは、火災時の延焼防止を目的としたもので防火・準防火地域の住宅・建築物の屋根、ベランダ、バルコニーの防水工事に適用されるものです。戸建向けでは屋根、バルコニーなどの防水工事に需要があり、大手共同住宅建設会社から共用廊下、ベランダなどに引き合いを受けております。建築物向けでも需要のすそ野は広く工場や鉄道駅舎の屋根やマンションの屋上、立体駐車場のスロープ向けなど新築及び改修物件に販売をしており今後も施工力強化によって増収を図ります。

 

④ 商品販売

当社は、以下の商品販売を行っております。

ⅰ．吹付施工機械の販売

  主に認定施工店に対して、吹付け作業に使用する吹付施工機械・機械部品を販売しております。

ⅱ．原料の販売

  認定施工店への原料有償支給とは別に、原料のみを施工業者に販売しております。

ⅲ．副資材（断熱関連商品）の販売

 断熱材工事に併せて使用し、断熱効果及びその他の住居快適性を強化するための遮熱材、透湿・防水材などの関連資材を自社ブランドで販売しております。

 

主な取り扱い断熱関連商品













商品名



用途



販売方法







アクエアーシルバー



通気層確保用遮熱スペーサー



  ①アクアフォームシリーズの受注工事と一緒に工事使用分を販売

②受注工事とは別に単品で販売







アクアシルバーウォール



壁用遮熱・透湿・防水シート







アクアパッキン



基礎気密パッキン







アクアスルー



棟換気部材







アクアフォーム１液性ハンドタイプ



断熱補助・結露防止など





 


（注）アクエアーシルバー、アクアシルバーウォールは当社の登録商標です。

 

ⅳ．住宅機器・システムの販売

 省エネ住宅志向の高まりを受けて、24時間全館空調システムなどの機器・システムの販売取り扱いを開始し、断熱材の施工販売に留まらない総合的な提案営業を推進しております。




 

⑤ リフォーム断熱への取り組みについて

当社は、住宅政策において、中古住宅・リフォームが強化されたことに対応するため、新しいシステムにて断熱リフォームへの以下の取り組みを行っております。

[1] 断熱リフォーム用施工システムの開発
・小型化、軽量化した移動可能な発泡機械システムの開発（特許取得済）。
・狭小地、マンション等あらゆる現場に対応するため、持ち運びを可能に。
[2] 断熱リフォーム事業者の開拓
・小規模現場に対応可能な施工協力店を全国で募集。
・断熱専門メーカーとして、省エネ・性能向上リフォームの促進・提案。

[3] 新たな商流の開拓

・断熱リフォームの市場を構築するために、ホームセンターの商流を通して一般消費者に断熱リフォーム工事の施工・販売を促進。

・マンション・ディベロッパー系列の大手リフォーム会社との提携を強化。

 

⑥ 環境（脱炭素）への取り組みについて

当社は環境省広域認定制度（認定番号第253号)の下、施工現場からウレタン端材を回収し、ブローイング断熱材として再製品化することで産廃処理で発生するCO2排出量の削減に取り組んでおり、仙台、関東、関西、九州の国内４ケ所にリサイクル工場を設置しています。

 

(2) 当社の事業の特徴

当社の事業の特徴は、以下の３点です。

① 事業体制

断熱材施工販売について、国内全域を受注可能とする45事業所（2025年12月末現在）の全国ネットワークを有しております。また、当社仕様による原材料の調達・製造・販売から、断熱設計、遮熱材など関連資材の販売、現場施工までのサービスを一貫して提供する体制を構築しております。

 

② 施工体制

全国で提携する認定施工店と自社施工部門との２つを組み合わせて、迅速かつフレキシブルに対応できる施工体制を構築しております。受注と施工のバランスは当社事業の重要な鍵であり、受注工事を全て顧客の要望通りに施工できる体制作りに注力しております。また、国家資格の熱絶縁施工技能士１級の資格取得など現場スキルの向上やテクニカルセンターでの研究開発の成果を、自社のみならず認定施工店に対する指導に反映させ、施工品質の維持向上を図っています。2017年３月に環境建築省エネルギー機構（IBEC）より現場施工型優良断熱施工システムの認定を取得いたしました。

 

③ 原料製造・供給体制

全国で受注した断熱施工を一定の品質で提供するために、当社は断熱材の施工に必要な原料の製造を2015年から開始いたしました。当社の断熱材に必要な素材を国内外から調達し、全国の提携している委託製造会社にて製造して当社の拠点及び倉庫にて保管します。当社の製造する鉱工業品(自社製造原料)及びその加工技術の工場並びに事業場について、2016年10月にJISマーク表示製品として認証を取得いたしました。

当社はこれまでも北米やアジア諸国を含めたグローバルな分散調達を行い調達価格の上昇を抑制しているうえ、供給ルートの多様化の取り組みにより、断熱工事に影響が出ないように努めております。

 

(3) 当社の断熱材施工の特徴

当社の主力製品「アクアフォーム」は、グラスウール（注１）等の繊維系断熱材と異なり、住宅等建設現場で施工機械を用いてウレタン原料のポリオール（注２）とイソシアネート（注３）を混合、吹付け、発泡させ、原料が有する自己接着力により接着・硬化し、断熱材としての機能を発揮します。このような現場発泡による断熱施工は、建物の壁、床、屋根裏等に行っており、その特徴は以下のとおりです。

注１．グラスウールとは、短いガラス繊維でできた綿状の断熱材。優れた吸音効果があるため、スピーカー等や防音室の素材として用いられています。

 ２．ポリオールとは、水酸基（OH）を含有する化合物のこと。ポリウレタンの原料となります。

 ３．イソシアネートとは、NCO（イソシアネート）基構造を持つ化合物のことです。水酸基（OH）を有する化学成分及び水と化学的な結合をしポリウレタンの原料となります。

 

① 断熱性

「アクアフォーム」は、発泡後の硬質ウレタンで密閉された細かな空気の層で断熱することにより、熱伝導率が 0.033 W/(m・k) 以下と、経済産業省及び国土交通省の定める「Ｈ28省エネ基準」や「ZEH基準」にも対応しています。

 ※ 熱伝導率とは熱の伝わりやすさを表すもので数値が小さいほど断熱性に優れています。

 ※ W/(m・k)は、熱伝導率の単位（ワット／メートル・ケルビン）であり、数値が少ないほど断熱性能が優れていることを示しています。

 

② 気密性

原料のイソシアネートは、水を含む原料のポリオールと混ざることにより化学反応を起こし、化学的な結合により基材に密着する性質を持っています。アクアフォームを使った現場発泡吹付けにより断熱材が隙間なく充填され、施工面に密着し、高い気密性を発揮します。

 

③ 吸音性

「アクアフォーム」は、発泡したウレタンで空気を閉じ込め、連続した気泡を作り断熱を行う構造のため、断熱材が隙間なく充填されることにより、隙間から入り込んでいた外部の騒音や気になる内部の生活音の漏れを防ぐとともに、優れた吸音性を有します。

 

④ 透湿性

年間を通して湿度が相対的に高いという日本固有の気候に適合するよう、適度な透湿性を保つ機能を有し、木造建築物の結露を防ぎます。

 

⑤ 燃焼性

「アクアフォーム」は、約300～400℃で固体の状態で燃焼、炭化するため、火災の際にも熱で溶けて一気に燃え上がる危険はありません。また、「アクアモエンNEO」はさらに高い耐熱性を有しており不燃材料の国土交通大臣認定を得ております。

 

(4) 事業の系統図は次のとおりであります。"
142A,株式会社ジンジブ,2026-03-31,"３ 【事業の内容】

当社は「これからを生きる人の夢を増やす」というパーパスのもと、ますます深刻化する若手人材不足という日本社会の社会課題解決に貢献すべく、高校生に特化した新卒採用支援事業、高卒社会人の教育・転職支援サービス事業及びＤＸ人材の育成・研修サービス等教育事業を展開しております。当社は、新卒採用領域の中でも、高校生に焦点をあて、就職活動の支援やイベントの企画を行ってまいりました。

 

高校生の就職活動は、ほとんどが学校斡旋によるものです。学校斡旋とは、高校に届いた求人の内、教員が提案する就職先から、高校生が一社に絞り、高校の推薦を受けて就職試験を受ける、というものです。高校生の就職活動に関するルールや取り決めは、厚生労働省人材開発統括官実施の検討会である「高等学校就職問題検討会議」において原案が作られ、高等学校就職問題検討会議から各都道府県の教育委員会教育長及び知事、主要経済団体宛に、例年２月に通知がなされます。(例：「令和８年３月新規中学校・高等学校卒業者の就職に係る推薦及び選考開始期日等並びに文書募集開始時期等について(通知)」(※１))その通知原案に従い、厚生労働省の地方支分局である労働局(各都道府県ごとに設置)が主催する都道府県高等学校就職問題検討会議で審議検討され、各地の申し合わせ事項として発効するという流れになっています。都道府県高等学校就職問題検討会議の開催を行った結果、高校生の就職活動に関するルールや取り決めは、厚生労働省各都道府県労働局により採用活動ガイドライン(※２)として公布され、記載されている内容を遵守する形で就職活動が進行します。このガイドラインにおいては、選考日の規制・家庭訪問の禁止・学校訪問の規制・文書募集の規制・求人要項に係る留意点などが記載されております。

 

※１ 厚生労働省 高等学校就職問題検討会議資料ホームページ

https://www.mhlw.go.jp/stf/shingi/other-syokunou_515151.html

※２ 厚生労働省各都道府県労働局が毎年発布する採用活動ガイドラインの一例

・東京労働局ホームページ

https://jsite.mhlw.go.jp/tokyo-roudoukyoku/hourei_seido_tetsuzuki/shokugyou_shoukai/_121483.html

・大阪労働局ホームページ

https://jsite.mhlw.go.jp/osaka-roudoukyoku/mokuteki_naiyou/jigyounushi/_120096.html

 

結果的に、高校生の就職活動は、「一社ずつ応募する」、「７月から９月の短期間で応募志望先を選定する」、「応募に際して校内選考を受ける」など、大学生の就職活動とは大きく違う点が存在します。また文字情報のみの「求人票」が主な情報源となるため、具体的な仕事や企業のイメージが湧きづらい中で、職場見学先やその先の応募先を決めていく必要があります。

限られた情報、期間、機会で就職活動をしなければならない高卒人材の課題となっているのが、入社後のミスマッチによる早期離職です。2020年から2022年の３年間に就職した高卒人材の実績では、入社後３年以内離職率及び入社後１年内離職率は、以下のとおり高水準で推移しております。

 














 



2020年卒業



2021年卒業



2022年卒業







３年以内離職率



37.0％



38.4％



37.9％







１年以内離職率



15.1％



16.7％



17.9％





 


(厚生労働省：令和７年10月発表「学歴別就職後３年以内離職率の推移」より)

 

これらの課題を解決すべく、当社は高校生及び高卒社会人に特化した就職・キャリア支援を行っています。

 

 


１ 事業の概要

当社は、高卒人材採用支援事業の単一セグメントのため、セグメント情報は記載せず、採用領域として「採用支援サービス」、「企画制作サービス」、「代行支援サービス」、教育領域として「教育研修サービス」の区分を設け、主要提供サービスについて記載しております。

 













セグメント



区分



主要サービス







高卒人材採用支援事業



採用領域



採用支援サービス







企画制作サービス







代行支援サービス







教育領域



教育研修サービス







その他



その他





 


 


(1) 採用支援サービス

採用支援サービスは、企業の高校新卒採用をサポートするサービスです。

 

① 高校生の就職を支援する就職求人サイト 「ジョブドラフトNavi」(2015年８月提供開始)

「ジョブドラフトNavi」は、文字情報のみである「求人票」に記載されている情報だけでなく、高校生が知りたい会社の雰囲気や１日の仕事の流れ、先輩社員インタビューなどを写真や動画を用いて紹介する、高校生向け求人情報メディアです。高校生は、スマートフォンやパソコンなどからいつでも情報にアクセスでき、求人企業の特徴や職種、就業地域など自分が大切にしたい軸で、全国の求人情報を調べることが可能です。また、簡単な質問に答えるだけでできる適職診断を使って自分に向いている職業を見つけることも可能です。掲載社数は2,509社(2026年３月末現在での実掲載数)となっております。

 

一方で企業にとっては、従来の高校訪問や求人票発送とした採用活動に加え、「ジョブドラフトNavi」上で高校生に直接自社求人の魅力をアピールすることが可能となります。また、「ジョブドラフトNavi」の掲載企業の内、サポートプランでの掲載企業においては、当社のカスタマーサポート部門による顧客フォローアップを行い、採用アクションの進捗確認を目的とした定期ミーティングの開催や、時期別アクションや高校・高校生への対応方法などの高校新卒採用ノウハウの提供、高校別の就職関連情報の提供、企業求人票の添削アドバイス、高校教員を招いたカンファレンスセミナーの開催等を通じて、高校新卒採用の可能性を高めるためのサービス提供を行っています。当社は、掲載企業から掲載料を受領しサイト運営を行っております。

 

また、2023年６月から、「ジョブドラフトNavi」と連携して利用可能なシステムとして、「ジョブドラフトTeacher」を学校向けに提供しております。「ジョブドラフトTeacher」は、高校に届く紙の求人票をデジタル化するシステムです。「ジョブドラフトTeacher」上で高校教員のアカウントと生徒の個人アカウントを紐づけ、高校に届く紙ベースの求人票をスキャンしデジタル保存することで、高校教員はマイページから、生徒は「ジョブドラフトNavi」から、高校に届いた求人情報を閲覧・検索することが可能です。高校教員にとっては進路指導の作業の減少に繋がるだけでなく、生徒にいち早く会社の求人情報を見せることができます。一方、生徒にとっては自身の興味関心をもとに企業の検索が可能になり、いつでもどこでも情報収集ができるため、保護者への相談もスムーズになります。これは、企業にとって自社の求人を高校教員や生徒の目に触れてもらう機会を増やすことに繋がります。当社にとっては、高校網を更に拡大するための大きなツールとなります。

加えて、2024年９月より、中小企業向けに、採用、定着、評価、教育の人事機能を担う「人事部パック」のサービスを開始し、顧客への提供が順調に進んでおります。

 

 

② 高校生のための職業体験・就職イベント運営 「おしごとフェア/ジョブドラフトFes/先生Fes」

高校生の職業体験イベント「おしごとフェア」や、就職活動直結の合同企業説明会「ジョブドラフトFes」、高校教員のための職業体験イベント「先生Fes」を運営しています。

 

企業が従来採用活動として行っている１校１校に対する訪問や求人票発送は、リソース負担も大きく、リソースを確保できない企業にとって不利な状況が生まれます。「おしごとフェア」や「ジョブドラフトFes」「先生Fes」に参画することで、企業の規模に関係なく、一回のイベントで多くの高校生・高校教員に対して自社求人の魅力を直接アピールすることが可能となります。当社は、出展企業から参画料を受領しイベント運営を行っております。

 












サービス名



イベントの概要







おしごとフェア

(2022年６月提供開始)



求人情報解禁前の２月・５月・６月に開催する、高校生のための大規模職業体験イベントです。企業ブースでの仕事体験を通じた仕事理解・社会理解の促進、７月からの就職活動へのモチベーションの向上を行います。また、高校生は高校教員の引率での参加になるため、企業にとっては高校教員との関係性構築が可能です。

 

2025年５月及び６月には、宮城・新潟・栃木・東京・埼玉・神奈川・静岡・愛知・岐阜・京都・奈良・大阪・兵庫・岡山・島根・広島・福岡・熊本・長崎の各都府県の延べ19会場にて開催しております。高校生6,002名(前年3,167名)を集め、全国の製造業・建設業・飲食業・介護業などの中小企業を中心に、576社(前年389社)の企業が参画しております。

2026年２月は、宮城・東京・千葉・愛知・大阪・広島・福岡の各都府県の延べ7会場で開催いたしました。







ジョブドラフトFes

(2019年７月提供開始)



求人情報解禁後の７月・10月に開催する、高校生と企業が直接交流できる高校生向け合同企業説明会です。求人票だけでは得られない会社の雰囲気や働く人や情報を知ることができ、業界・企業理解や就職活動へのモチベーションの向上、就職希望先の企業の発見、進路指導教員の負担軽減、そして何より就職活動における高校生の自己選択意識の醸成のサポートを行います。

 

2024年７月は、宮城・東京・千葉・埼玉・神奈川・愛知・大阪・広島・福岡・熊本の各都府県の延べ13会場(前年15会場)にて開催しております。高校生3,595名(前年3,229名)を集め、全国の製造業・建設業・飲食業・介護業などの中小企業を中心に、552社(前年571社)の企業が参画しております。また、2025年9月は、宮城・東京・愛知・大阪・広島・福岡の各都道府県６会場にて開催しております。高校生延べ742名(前年937名)を集め、各地域の建設業・製造業・飲食業・介護業の中小企業を中心に、177社(前年196社)の企業が参画しております。







先生Fes

(2022年８月提供開始)



２月に開催する、高校教員と企業が直接交流できる職業体験イベントです。高校生に対する進路指導の精度向上のため、進路指導を行う高校教員が、実際の仕事体験を通じて職業理解を深めて頂くイベントです。

 

2026年２月は、宮城・新潟・栃木・埼玉・神奈川・静岡・岐阜・京都・大阪・奈良・兵庫・岡山・島根・福岡・熊本・長崎の各都府県の延べ17会場(前年22会場)で開催いたしました。





 


 

③ 入社後のミスマッチ防止をサポートする 「ジョブドラフトSurvey」

「ジョブドラフトSurvey」は、受検者の特性を明らかにする適性検査アプリと、面接を体系的に進めるためのマニュアルを企業向けに提供しています。適性検査では、性格特性と仕事における優先軸を見える化することで、個々の企業の採用人物像に沿った人材の見極めを可能にします。また、面接マニュアルを提供することで、面接官によってバラバラになりがちな面接内容を体系化し、より適切な人材見極めを可能にします。当社は、掲載企業から利用料を受領し、システム提供を行っております。

 

 


(2) 企画制作サービス

企画制作サービスは、企業の高校新卒採用における求人ナビ原稿作成、DTP制作(採用パンフレット制作・イベントブース装飾制作)、Web制作(企業紹介動画制作・採用ホームページ制作)を行い、「ジョブドラフトNavi」掲載企業の魅力に関する訴求力を強化することで、企業の採用活動をサポートするサービスです。当社はサービス導入希望の企業から制作費を受領し、当社パートナーとともに役務提供を行っております。

 

① パンフレット制作

「ジョブドラフトNavi」の掲載内容を基に、高校新卒採用専門のパンフレットの制作を行っております。求人票発送に同封する、高校訪問時の説明資料として活用することで、自社求人の魅力をよりわかりやすくアピールすることが可能になります。

 

② 企業紹介動画制作

アニメーションを主とした動画の制作を行っております。求人票や「ジョブドラフトNavi」だけでは伝わらない自社求人の魅力を動画にまとめ、自社のホームページやSNSにアップロードすること、及び高校訪問時に高校教員に視聴してもらうことで、自社求人の魅力をよりわかりやすくアピールすることが可能になります。

 

③ その他

企業の魅力に関する訴求力を強化する側面から、「ジョブドラフトNavi」原稿作成のための取材、企業採用ホームページの制作、「ジョブドラフトFes」用ブースの装飾セットの制作を行っております。

 


(3) 代行支援サービス

企業は従来、進路指導を担当する高校教員から自社求人を高校生に紹介してもらうために、高校を訪問して進路指導を担当する高校教員に自社求人の紹介をしたり、自社求人の求人票を高校へ発送したりすることが、高卒新卒採用活動の慣例となっています。

代行支援サービスは、企業の高校新卒採用における活動の代行を行い、「ジョブドラフトNavi」掲載企業の採用活動の効率化・企業負担の軽減をサポートするサービスです。当社はサービス導入希望の企業から委託費を受領し、当社パートナーとともに役務提供を行っております。

 

① 高校訪問代行サービス

前述のとおり、企業が従来採用活動として行っている１校１校に対する訪問や求人票発送は、採用活動のためのリソース負担も大きく、リソースを確保できない企業にとって不利な状況が生まれます。その差を解消するため、

企業人事担当者に代わって、訪問高校リストの作成から実際の高校訪問までを代行し、企業の魅力アピールを行っております。企業内に採用活動のためのリソースがなくとも、より多くの高校に直接自社求人をアピールし高校教員との関係を持つことが可能になります。

 

② 求人票発送代行サービス

企業人事担当者に代わって、発送高校リストの作成から実際の高校への求人票発送を代行しております。企業内にリソースがなくとも、より多くの高校に求人票を発送し自社求人をアピールすることが可能になります。

 

③ 人事部パック

企業人事担当者に代わって、「やめて欲しくない人材の定着支援」を実現する人事パッケージをリブランディングの上、展開開始しております。株式会社リーディングマーク社が展開する「ミキワメAI」と連携し、定期的な性格診断やサーベイにより社員一人一人のコンディションを可視化し、離職の兆候を早期に察知することが可能です。

 

④ その他

採用活動の効率化・企業負担の軽減の側面から、応募受付窓口代行サービス、「ジョブドラフトFes」用ブースの当日運営代行サービス、採用活動としてのTikTok運用代行サービス、人事部パックサービスを行っております。

 


(4) 教育研修サービス

教育研修サービスは、高校生及び高卒社会人に向けた教育研修プログラムの提供サービスです。当社はサービス導入希望の企業又は一部の高校から委託費を受領し、役務提供を行っております。

 

① 高校向けキャリア教育支援 「ジョブドラフトCareer」(2022年４月提供開始)

「ジョブドラフトCareer」は高校１年～３年生向けに、自己肯定感の醸成、自己理解・社会理解・仕事理解を育むキャリア教育コンテンツです。進学や就職だけに捉われず、将来を見据えた目的意識を持った進路選択を実現してもらうために、将来や自分の興味関心を自ら主体的に考え気付く「きっかけ」を創り出します。高校から委託を受けて、体系的なキャリア教育の提供や個別相談等の就職サポート等、総合的に支援しております。原則、年間５コマ(講師１名)かつ「おしごとフェア」「ジョブドラフトFes」等に高校教員引率で卒業学年度生が参加する場合は無料で提供しています。当社にとっては、高校網を更に拡大するための大きなツールとなっています。

 

② 企業向け新人育成定着支援研修 「ROOKIE’S CLUB」(2019年４月提供開始)

「ルーキーズクラブ」は、高校新卒に特化した、企業向け新人育成研修+定着支援プログラムです。高校新卒が陥りやすい躓きポイントを押さえたアウトプット中心型の研修を１年間行うとともに、チームに１名のファシリテーターが付き研修期間中サポートを行います。

企業は、ファシリテーターが吸い上げた受講者の現在のメンタル状況や強み・弱みに関する当社発行レポートを通じて、離職率の高い１年目において人事担当者の感覚に頼らない状況把握が可能となります。

 

③ 社会人向けデジタルマーケティング人材育成研修 「ＤＭＵ」(2022年１月提供開始)

「ＤＭＵ」(Digital Marketing Unit)は、オンライン完結型の「デジタルマーケティング研修プログラム」です。当プログラムは、マーケティングに関する専門スキルを身に着けたいと考える方が未経験からでも学ぶことができるプログラムです。

 

(5) その他

① 高卒第二新卒(※)の就転職を支援する 「ジョブドラフトNext」「ジョブドラフトSchool」

(ジョブドラフトNext：2022年10月提供開始 ジョブドラフトSchool：2023年９月提供開始)

当社は2022年10月から、高卒第二新卒・既卒生の就職・転職を支援する「ジョブドラフトNext」サービスの提供を開始しました。「ジョブドラフトNext」は、高卒新卒として就職したものの早期離職をしてしまい、その後の再就職で悩んでいる高卒第二新卒者や、進路を決めず高校を卒業しその後に就職で悩んでいる既卒者を対象に、希望者には社会人としてのマインドや社会人基礎力、前述のＤＭＵ講座などの専門スキルの講座を「ジョブドラフトSchool」として提供しつつ、高卒第二新卒の就職や転職を支援しています。なお、当社は人材紹介に関する成功報酬を受領しています。若手人材不足に悩む企業においては、高校新卒や大学新卒以外の１つの採用ルートとなり、若手人材不足の解消を実現することが可能になります。

※ 高卒第二新卒とは、18～25歳程度までを対象とした高卒社会人全般を指します。

 

 


２ 事業の特徴


(1) 高卒就職というニッチ市場へ特化したポジショニング

当社は、高卒就職というニッチ市場に特化し、高校生及び企業に対して効率的な就職活動及び採用活動の仕組みを提供しています。

 

これまでの企業に対する採用コンサルティングにより、高校生に選ばれる会社作りの支援、「ジョブドラフトNavi」への掲載や「おしごとフェア」「ジョブドラフトFes」等への参画等これまで企業が行うことができなかった「高校生へ直接知らせる」採用活動の実現、高校との接点支援により高校教員を通して知らせる採用活動の支援を行い、ミスマッチの軽減に取り組んでまいりました。独自に構築した高校データベースを基に、学校ごとの特色や、生徒・高校教員にどのようにアプローチをするか、いつ何をすべきかサポートしています。具体的には、「ジョブドラフトNavi」の掲載企業の内サポートプランでの掲載企業においては、カスタマーサポート部門による顧客フォローアップを行い、採用アクションの進捗確認を目的とした定期ミーティングの開催や、時期別アクションや高校・高校生の対応方法などの高校新卒採用ノウハウの提供、高校別の就職関連情報の提供、企業求人票の添削アドバイス、高校教員を招いたカンファレンスセミナー等の開催等を通じて、高校新卒採用の可能性を高めるためのサービス提供を行っています。また、採用支援サービスだけでなく、企画制作サービスや代行支援サービス、教育研修サービスを拡充することで、一気通貫で企業の悩みに応えるサービス体系を用意しています。

 


(2) 全国の高校との強いネットワーク

高卒就職市場と大卒就職市場の決定的な違いは、学校の存在です。高校生の就職活動には高校が必ず関与します。そのため、採用検討企業が就職希望高校生へ自社の魅力を訴求するには高校との共同歩調は必須であります。高校との関係性構築を当社ビジネスの付加価値の源泉と位置づけ、当社は、2026年３月期には2,664校の高校に訪問をしております。

 

求人情報メディア「ジョブドラフトNavi」を通じて高校生の就職に関する情報不足を解消するとともに、高校に出向き「ジョブドラフトCareer」キャリア教育コンテンツの提供や、職業体験イベント・合同企業説明会など、仕事や企業を知るイベントを企画し、高校生の就労観の育成、就職活動の理解を深めています。

 

また、2023年６月から、「ジョブドラフトNavi」と連携して利用可能なシステムとして、「ジョブドラフトTeacher」を学校向けに提供しております。「ジョブドラフトTeacher」は、高校に届く紙の求人票をデジタル化するシステムです。「ジョブドラフトTeacher」上で高校教員のアカウントと生徒の個人アカウントを紐づけ、高校に届く紙ベースの求人票をスキャンしデジタル保存することで、高校教員はマイページから、生徒は「ジョブドラフトNavi」から、高校に届いた求人情報を閲覧・検索することが可能です。高校教員にとっては進路指導の作業の減少に繋がるだけでなく、生徒にいち早く会社の求人情報を見せることができます。一方、生徒にとっては自身の興味関心をもとに企業の検索が可能になり、いつでもどこでも情報収集ができるため、保護者への相談もスムーズになります。これは、企業にとって自社の求人を高校教員や生徒の目に触れてもらう機会を増やすことに繋がります。当社にとっては、高校網を更に拡大するための大きなツールとなります。

 


(3) 採用支援サービスと企画制作サービスの相乗効果

求人企業は、自社の魅力を高校生に訴求する方法への知見が乏しいケースも多く見受けられます。そういった企業に対して、「ジョブドラフトNavi」掲載や「おしごとフェア」「ジョブドラフトFes」「先生Fes」等への参画、人事部パックといった採用支援サービスだけでなく、採用パンフレット・イベントブース装飾・企業紹介動画制作・採用ホームページなど、幅広く高卒就活生に刺さる見せ方ノウハウを提供しております。その結果、採用活動に手応えがあれば、採用支援サービスのビジネス機会拡大にも連携する好循環システムができています。

 

 


(4) 金融機関との連携による事業基盤の拡大

当社は、2020年４月以降、全国の都市銀行・地方銀行・信用金庫との連携に注力しており、2026年３月末現在106行と提携しております。地方企業における人材不足は深刻であり、特に企業の未来を担う若手人材が不足しています。そのような経営課題の解決ニーズは日に日に高まっており、本連携により、全国の都銀・地銀・信金は既存の取引先に対する融資だけでなく、中小企業の経営課題でもある若手人材不足や社員の高齢化等に対して高校生の新卒採用の提案を行うことが可能となっています。現在では、月間平均275社ほどの案件を全国の都銀・地銀・信金よりご紹介いただいており、当社にとっては安定的な商談確保につながっています。

 

［事業系統図］"
1430,ファーストコーポレーション株式会社,2026-05-31,"３ 【事業の内容】

当社グループは、主に分譲マンション建設工事の施工を中心とした「建設事業」及びマンション・デベロッパーへの事業化提案を行う「不動産事業」を行っております。当該事業を行うにあたっては、「建設業法」に基づく建設業許可、さらに「建築士法」「建築基準法」に基づく一級建築士事務所としての登録ほか、マンション・デベロッパーへの事業化提案の過程で生じる不動産の仲介、売買等に必要な「宅地建物取引業法」に基づく宅地建物取引業の登録を行い事業を行っております。事業の内容は次のとおりであります。

なお、以下に示す区分は、セグメントと同一の区分であります。詳細は、「第５ 経理の状況 １ 連結財務諸表等 (1)連結財務諸表 注記事項（セグメント情報等）」をご参照ください。

 

〔事業系統図〕

 




 

当社グループは、施工するマンションの品質確保を最優先に、業務に取組んでおります。

その方策として、建物の強度を保つ根幹となる躯体部分については、特に厳格な品質管理を実施しております。構造検査については、法令に則った所定の検査に加え、当社安全品質管理室によるダブルチェックを追加実施する等の検査・運用基準を実践しております。また、重要な躯体部分の三項目である杭、配筋、生コンクリートの品質について、施主が第三者機関の監査を実施しない場合、当社グループで検査を導入する取り組みを実施しているほか、特定の内装工事も新たに対象とし、安全・安心・堅実なマンションの供給に万全を尽くしております。

当社グループ事業の特徴を紹介いたしますと、一つには、主たる事業エリアを東京圏(東京都、神奈川県、埼玉県、千葉県)と九州及び周辺エリアとしていることであります。事業エリアを人口増加が見込まれる当該エリアに集中することにより、土地情報の迅速な入手、コストパフォーマンスに優れた案件情報及び協力業者を確保することが可能であると考えているからであります。

２つ目の特徴としましては、マンションの工法については、鉄筋コンクリート(RC)工法を主として採用しているという点があります。これにより、施工品質の均一化や施工工程の効率化が図られることになります。また、建設工事において重要な役割である施工管理について、当社は経験豊富な技術者により、安定した施工を実践しております。

そして、３つ目の特徴としましては、「造注方式」というビジネスモデルを導入している点であります。当社グループの建設事業における受注の方式は、２つのモデルに分類しております。

その１つであります「造注方式」は、当社グループのセグメントであります建設事業と不動産事業の相乗効果により最大限の利益確保ができる手法としており、双方の連携によりワンストップにサービス展開することとしております。

以下に、その２つのモデルの内容を説明いたします。

 

 

「建設事業」

①施主からのマンション建設工事の引合いによる「入札方式」

「入札方式」におきましては、マンション・デベロッパーが選択した複数の建設会社に対し、決められた仕様に基づき、相見積りを実施し、マンション・デベロッパーが発注先を選定します。そのため、マンション・デベロッパーに最も有利な条件を提示した建設会社が選定されることになります。

 

［「入札方式」による事業系統図］




 

「建設事業」及び「不動産事業」

②マンション用地確保による「造注方式」

「造注方式」とは、当社グループが土地情報の収集を行い、マンション用地を確保し、その土地に建設するマンションを一体とした事業企画を作成、その企画を複数のマンション・デベロッパーに提案します。その結果、建設工事を特命で受注するというビジネスモデルです。

「造注方式」によるマンション・デベロッパーとの取引形態については、マンション用地を当社グループが売買し、当該土地にかかる建設工事を受注する方法となります。

「造注方式」を当社が重点戦略として導入しましたのは、マンション・デベロッパーと対等の立場での条件交渉が可能となり、「入札方式」と比べて、適正な工期設定上で高い利益の確保が見込まれるためであります。

また、「造注方式」に加えて、マンション・デベロッパーとの協議の上、当社が共同事業体に参画しマンション販売まで携わるケースもあります。

 

 

［「造注方式」による事業系統図の例］

当社グループが土地を売買し、建設工事を受注するケースと、共同事業体を組成してマンション販売まで行うケースを下記に例示します。"
1431,株式会社Ｌｉｂ　Ｗｏｒｋ,2025-06-30,"３ 【事業の内容】

当社グループは、当社及び連結子会社４社の計５社で構成されております。「e土地net」などのポータルサイトやYouTubeチャンネルを運営し、デジタルマーケティングを活用した建築請負事業及び不動産販売事業（以下、総称して「戸建住宅事業」）を主に行っております。デジタル活用により効率的に集客し、集客コストを下げることによってコストパフォーマンスの高い住宅を提供しております。また戸建関連事業として戸建プラットフォーム事業及び３Ｄプリンターハウス事業を行っております。

なお、当社グループは戸建住宅事業を行っておりますが、事業の内容をブランド事業別に記載すると以下の通りになります。


(1)Ｌｉｂ Ｗｏｒｋ事業

土地検索サイト「e土地net」、平屋サイト「e平屋net」、施工事例サイト「e注文住宅net」などのマイホーム関連サイトの運営や登録者数13万人を超えるYouTubeチャンネル、WEBメディア「リブタイムズ」の運営を通して多角的に集客を図ることで集客コストを抑え、それによりコストパフォーマンスの高い住宅を提供しています。またリブワークオリジナルブランドに加え、「無印良品の家」や株式会社サザビーリーグとのコラボブランド「Afternoon Tea HOUSE」、株式会社アダストリアとのコラボブランド「ink（インク）」やプロデュースブランド「niko and  ... EDIT HOUSE（ニコアンドエディットハウス）」など、差別化された住宅商品の提供を行っております。商品は以下の通りです。

 












自社ブランド商品



コンセプト







Ａｒｃｈｔ



時が経っても色褪せることのない普遍的かつ新鮮なデザイン







Ｌａｉｔｏｎ



木・真鍮・モルタルをいかした心落ち着くカフェ風の家







陽和



杉の木を使った安らぎの空間







ｐａｌｅｔｔｅ



暮らしに合わせて変わるスタイル







Ｚ・Ｅ・Ｎ



「モダン」と「和」を融合させた新感覚のコンテンポラリースタイル







ＧＬＡＳＳＡ



高級ホテルの上質な寛ぎを届けるラグジュアリーモダンスタイル





 


 












他社コラボレーション商品



コンセプト







ｉｎｋ



「niko and ...（ニコアンド）」とコラボレーションした「ink（インク）」は家を作る楽しさをまるで洋服を選ぶような感覚で、よりファッショナブルに自由に身近に味わっていただけるような商品です。







Afternoon Tea HOUSE



株式会社サザビーリーグと事業提携し、「日常生活に心のゆとりを持てる豊かな時間を過ごすライフスタイル」の提供とサステナブルな観点からの商品開発を行いました。SDGｓの達成に向けた取り組みを積極的に行っています。







BELLE MAISON DAYS house



株式会社千趣会と共同開発し、「家族と共に前向きに成長する家」をブランドコンセプトに掲げ、「育児で忙しい日々でも、家族の穏やかな時間と豊かな未来を実現したい」という想いを込めた商品になります。







再春館製薬所の家

（POSITIVE AGE HOUSE）



株式会社再春館製薬所と共同開発し、「長く、すこやかに、美しく、いつまでも自分らしく生きる」をテーマにしております。日々の暮らしの中で心と体の調和を促し、健康寿命の延伸を目指しています。





 


 












他社ブランド商品



コンセプト







無印良品の家



株式会社MUJI HOUSEと「無印良品の家ネットワーク」契約を締結し、「永く使える、変えられる」をコンセプトに、長期優良住宅認定制度に標準で対応しているほか、ライフスタイルの変化や家族の成長に応じて、自由に、簡単に、安全に、間取りを変更することができる「可変性のある住まい」を提供しております。







LIVELY VILLA Noki



帝人株式会社が企画・設計した木造住宅「LIVELY VILLA（ライブリーヴィラ）」シリーズになります。木材の２倍以上の剛性を持つ「LIVELY WOOD」を、屋根を支える垂木（たるき）として使用した初めての木造住宅です。





 


 


(2)戸建プラットフォーム事業

また、ハウスメーカーや工務店向けにSaaS型住宅プラン提案サービス「My Home Robo（マイホームロボ）」を提供しております。「My Home Robo（マイホームロボ）」は生成AIを活用した戸建住宅に関する図面プラン検索システムで9,000プランを超える間取りやCG画像を検索できます。またオプション機能としてVR機能も有しており、顧客向け提案ツールとして大きな武器となり工務店の人手不足の課題解決に貢献します。

また、集客やブランディングの課題解決のため株式会社アダストリアと事業提携し、「niko and...EDIT HOUSE（ニコアンドエディットハウス）」というブランドを立ち上げ、全国の工務店やビルダー向けにＩＰライセンス事業を行っております。IPライセンスを付与された加盟店は「niko and...EDIT HOUSE（ニコアンドエディットハウス）」のブランドを使用でき、集客やブランディングの向上に繋がります。

 


(3)３Ｄプリンター住宅事業

３Ｄプリンター住宅とは３Ｄプリンターで建築する住宅のことで、①建築コストの削減②デザイン性の向上③人手不足の解消が見込める次世代の革新的な建築手法です。今後世界的に市場の拡大が見込まれており、当社では主原料に土を活用したサステナブル３Ｄプリンター住宅を開発・提供いたします。15㎡の平屋住宅「Lib Earth House“modelA”」を2024年１月にリリースし、2025年７月に100㎡の平屋住宅「Lib Earth House“modelB”」をリリースいたしました。

 


(4) タクエーホーム事業

連結子会社であるタクエーホーム株式会社は、神奈川県横浜市に本店を置き、神奈川県を中心に戸建建売販売事業を主力事業としております。関東圏である神奈川県での戸建事業のニーズを把握していること、また土地仕入れの目利き力及び不動産の仕入れから販売までの回転率が優れております。

 




 


(5) 幸の国木材工業事業

連結子会社である幸の国木材工業株式会社は、熊本県山鹿市に本店を置き、熊本県を中心に戸建住宅メーカー等への木材供給を主力事業とする製材加工販売会社であります。木材の仕入れから加工、販売までを自社単独で一気通貫に行えることを強みにしています。

 




 


(6) リブサービス事業

連結子会社である株式会社リブサービスは、熊本県山鹿市に本店を置き、全国の住宅メーカーや工務店向けにIPライセンスサービスを提供しております。同サービスは、他社の企業ブランドと提携し、新たな新商品の開発基本デザイン（外観・内観）や素材・設備を仕様として設定しますが、一般的な住宅ＦＣとは異なり、既存商品の世界観を表現するものであれば、加盟事業者が価格を自由に設定・受注し、建築することが可能となります。"
1433,ベステラ株式会社,2026-01-31,"３ 【事業の内容】


(1) 事業の概要

当社グループは、製鉄・電力・ガス・石油等あらゆるプラントの解体工事を展開しております。プラント解体及びメンテナンスに特化した工事業者として、長年にわたるプラント解体及びメンテナンス工事を通じて得られた経験と、その間に蓄積してきたノウハウやアイデアをもとに、工法の提案、設計、施工計画、外注・資機材手配、施工管理、安全管理、原価管理、資金管理及び行政対応等のエンジニアリング全般を提供しております。また、独自の解体技術の設計、施工計画に基づいた工事の管理監督を行い、施工については専門の外注先に外注しております。

当社グループでは、「リンゴ皮むき工法(※１)」や「風車の転倒工法(※２)」に代表される世界に先駆けた脱炭素解体を実現する独自の特許による解体工法の開発に加え、PCB・アスベスト・ダイオキシン等、有害物除去に関する豊富なノウハウや経験を有しており、コスト・工期・安全性に優れ、併せてスクラップ等の再利用・再資源化や環境対策にも十分に配慮しつつ、さまざまなプラント解体及びメンテナンス工事を提供しております。

また、解体事業における事前調査等の強化を目的として、BIM(ビルディング・インフォメーション・モデリング)対応の3D－CADソフトを活用した3D計測サービスを2015年１月より開始し、工事計画部門との組織統合を通じて、安全性の上昇や見積精度の向上を図るなど事業の強化を図っております。

一方、その他の事業として、プラントの解体トータルマネジメントの強化を目的とし、建設技能労働者の慢性的な人手不足に対応するため、2013年１月より人材サービスを開始し、全国規模の協力会社ネットワークの拡充や調達機能の強化を推進するとともに、自社の工事監督員の積極的な採用と育成に注力することで、大規模な解体需要にも対応可能な施工体制を構築し事業の強化を図っております。

 

 

なお、当社グループの主要な事業系統図は次のとおりであります。

 




 

 













※１



「リンゴ皮むき工法」

特許名

大型貯槽の切断解体方法



特にガスタンクや石油タンク等の球形貯槽の解体において、あたかもリンゴの皮をむいていくように、外郭天井部の中心から渦巻状に切断する工法です。切断した部分が自重により下方へ垂れ下がって行くため、更なる切断作業は地上で可能となっております。

従来の工法に比べ、高所作業者の人員・作業時間が極めて少なくなったことで、工期短縮・コスト削減の確保を実現しております。また、切断片の落下方向をコントロールできるため、より高い安全が可能となっております。







※２



「風車の転倒工法」



煙突・タワー・塔槽類等の鋼構造物には、堅固なコンクリート基礎部とアンカーボルトにより固定されており、重心となる転倒軸が存在します。当社の転倒工法は、転倒軸を綿密に計算し、コンクリート基礎部を切断することで、転倒方向を確実に制御し、予め定めた方向へ安全に転倒することができる優れた工法です。

更に大型クレーンの回送や組み立てなどで生じるコスト削減・工期短縮も可能であり、通常のクレーンで吊り取りしながら解体する工法に比べ最大で10分の１のCO2排出量の削減が可能です。

この工法を使用した場合、工事期間を短縮できるとともに、地面近くでの解体となるため安全性の飛躍的な向上を可能にしております。







※３



「アスベスト除去工事」



アスベストとは「石綿」と呼ばれる細長い形の天然鉱物繊維で、屋根、外壁のスレート、電気室内の耐火吹き付け材等に広く使用されてきましたが、現在は有害物質として全廃されております。空気中に浮遊している「石綿粉塵」を人が吸い込んだ場合、肺がん等を発症させる恐れが指摘されております。当社では石綿障害予防規則(厚生労働省)等の関係法令に基づき、事前調査、計画書の作成、準備作業、除去作業、処理、清掃、記録、届け出までの全ての工程を管理・監督し、除去工事を施工しております。







※４



「ダイオキシン対策工事」



ダイオキシンは、廃棄物を焼却する過程で発生し、焼却炉、集塵機、それに附帯する煙突・ダクト等に存在する有害物質であります。呼吸や飲食物とともに口から入った場合、発がん性、肝毒性、免疫毒性、生殖毒性等の危険が指摘されております。当社ではダイオキシン類対策特別措置法(環境省)等の関係法令に基づき、事前の濃度測定、周辺調査、暴露防止対策、汚染物の除去及び解体、廃棄物処理、解体後の濃度測定、記録、届け出までの全ての工程を管理・監督し、除去工事を施工しております。







※５



「汚染土壌改良工事」



土壌汚染とは、土壌が有害物質(重金属、揮発性有機化合物、薬品及び油等)に汚染されることで、地下水の飲用又は農作物への散水等により、人体への影響が指摘されております。使用を廃止した有害物質使用特定施設に係る工場等の土地所有者は指定機関に調査させ、土壌汚染の無害化が義務付けられております。当社では、土壌汚染対策法(環境省)等の関係法令に基づき、汚染土壌の事前測定から除去、処理、事後の濃度測定、記録、届け出までの全ての工程を管理・監督し、無害化工事を施工しております。







※６



「PCB関連工事」



PCBとは、ポリ塩化ビフェニルの略称で、熱に対して安定的、電気絶縁性が高い等、化学的にも安定的な性質を有することからトランス(変圧器)、コンデンサ(蓄電器)に広く使用されてきましたが、現在は有害物質として全廃されております。脂肪に溶けやすいという性質から、慢性的な摂取により体内に徐々に蓄積し、さまざまな中毒症状を引き起こす恐れが指摘されております。当社では、PCB含有の機器をポリ塩化ビフェニル廃棄物に関する法令(環境省)等の関係法令に基づき、機器の事前調査から除去、処理、事後の濃度測定、記録、届け出までの全ての工程を管理・監督し、PCB関連工事を施工しております。







※７



「溶断ロボット工事」



ガスタンクや石油タンク等の球形貯槽の解体において使用する溶断ロボット(りんご☆スター)を使用した工事です。

車輪に１車輪あたり200kgf(重量キログラム)以上の強力磁石を装備し、遠隔操作によるガス溶断ができるロボットを主に当社の特許工法である「リンゴ皮むき工法」時に使用しております。

特許「リンゴ皮むき工法」は、足場や高所作業車が不要でありますが、このロボットの実用化により、さらに高所での職人による溶断作業も無くなるため、飛躍的に人的安全性の向上を実現しております。また、ロボットの特性を活かし、人的作業が困難な場所を施工する際に活用しております。





 


 

 


(2) 当社顧客との契約形態


① 解体及びメンテナンス工事の契約形態

プラントの解体及びメンテナンス工事は、製鉄・電力・ガス・石油等のプラントを有する大手企業が施主であり、その系列の設備工事会社あるいは大手ゼネコンが工事を元請けし、当社が１次下請け、２次下請けとなる場合が主となっております。また、当社が元請けとなる場合もあります。

プラント解体工事では、通常、工事の進行に伴ってスクラップ等の有価物が発生し、それを解体工事業者が引き取って売却しております。当社では受注に際して有価物の価値を材質、量、価格(鉄、ステンレス、銅等の材質ごとの相場)等から総合的に見積り、それを反映する形で交渉し、請負金額を決定しております。有価物は現場から都度搬出し、スクラップ業者等に売却しております。また、会計上では有価物の売却額は、完成工事高に含めて計上しております。なお、発注者(施主)が独自でスクラップ等の処分(売却)を行う場合もあります。


② その他の契約形態

その他、人材サービスについては、派遣社員を必要とする顧客企業へ、当社が雇用、教育した人材を派遣する一般的な契約形態となっております。"
1434,ＪＥＳＣＯホールディングス株式会社,2025-08-31,"３ 【事業の内容】

(1) グループの概況

当社グループは、持株会社制を導入しており、当社及び連結子会社10社（JESCOネットワークシステム株式会社（以下、JESCOネットワークシステム）、JESCOエコシステム株式会社（以下、JESCOエコシステム）、JESCO SUGAYA株式会社（以下、JESCO SUGAYA）、JESCO AKUZAWA株式会社（以下、JESCO AKUZAWA）、JESCO MAGNA株式会社（以下、JESCO MAGNA）、JESCO ASIA JOINT STOCK COMPANY（以下、JESCO ASIA）、JESCO HOA BINH ENGINEERING CO.,LTD.（以下、JHE）、JESCO PEICO ENGINEERING JOINT STOCK COMPANY（以下、JESCO PEICO）、JESCO HOLDING SINGAPORE PTE. LTD.（以下、JESCO SINGAPORE）、JESCO CRE株式会社（以下、JESCO CRE））及び非連結子会社１社（JESCOエキスパートエージェント株式会社（以下、JEA））の計11社で構成され、① 国内EPC（注１）事業、② アセアン（注２）EPC事業及び③ 不動産事業の３つの事業セグメントを展開しております。

 

当社グループは、「FOR SAFETY FOR SOCIETY」、「安心して暮らせる豊かな社会づくりに貢献する」との基本理念に基づき、主に再生可能エネルギー、電気無線設備工事、電気通信設備工事、空調衛生設備工事、不動産の所有、売買又は賃貸借の事業分野において、株主、取引先、従業員等、当社グループに関わる全てのステークホルダーの満足度を高めるよう努めております。

 

（注１）EPC：Engineering（設計）、Procurement（調達）、Construction（建設）の略

（注２）アセアン：インドネシア、カンボジア、シンガポール、タイ、フィリピン、ブルネイ、ベトナム、マレ

ーシア、ミャンマー及びラオスの計10ヶ国

 

(2) 事業の内容

① 国内EPC事業

当事業は、当社連結子会社であるJESCOネットワークシステム、JESCOエコシステム、JESCO SUGAYA、JESCO AKUZAWA、JESCO MAGNAの５社が行っております。

日本国内における再生可能エネルギー関連設備工事、電気無線設備工事及び電気通信設備工事等を事業領域として、主に太陽光発電設備、移動体通信基地局、防災行政無線、工業用監視カメラ、通信指令システム、道路付帯設備及び商業施設等を受注し、設計業務、調達業務、施工管理業務及び保守メンテナンス業務等を展開しております。

なお、上記の各業務の内容は、以下のとおりであります。

設計業務とは、施主又は元請事業者の仕様に基づいて、設計図面を作成する業務であります。

調達業務とは、工事に必要となる資材の選定、資材業者への発注、工事後の元請事業者等への設置引渡しを行うことであります。

施工管理業務とは、施工の外注先である協力会社が行う工事全体の管理を行うことであります。管理には、工程管理、安全管理、品質管理、原価管理等が含まれます。

保守メンテナンス業務とは、機器設置引渡し後のシステム品質の維持管理に係る保守点検のことであります。

また、当社グループでは、上記業務をワンストップで受注できる体制を整えております。

 

 

② アセアンEPC事業

当事業は、当社連結子会社であるJESCO ASIA、JHE、JESCO PEICOの３社が行っております。

2001年ホーチミンにて開始した設計積算業務の拠点をダナン、ハノイにも設置し、さらに2020年12月にロンアン地域に、2022年10月にカントー市に５拠点目を設置し、拡大してまいりました。BIM技術者の育成など、日本からの設計積算業務のアウトソーシングを展開しております。

また、ベトナムを中心としたアセアン地域における建築工事、電気設備工事、電気無線・通信設備工事及び空調衛生設備工事等を事業領域として、主に空港、太陽光発電設備、防災減災関連設備、工場、商業施設、高層コンドミニアムなどを施主又は建設会社、電気設備会社、通信電機機器メーカー等の元請事業者から受注し、設計業務、調達業務、施工管理業務及び保守メンテナンス業務等を展開しております。

なお、上記の各業務の内容は、国内EPC事業における業務内容と同様であります。

また、当社グループでは、上記業務をワンストップで受注できる体制を整えております。

当事業において、JESCO ASIAは、主に建築工事、電気設備工事及び電気通信設備工事等の設計業務、調達業務、施工管理業務及び保守メンテナンス業務等を展開しております。JHEは、主に電気設備工事、電気通信設備工事及び空調衛生設備工事等の調達業務、施工管理業務及び保守メンテナンス業務等を展開しております。JESCO PEICOは、主に電気設備工事、機械・配管設備工事、土木工事等の設計・積算、保守・メンテナンス等を展開しております。

 

③ 不動産事業

当事業は、当社及びJESCO CREが行っております。

企業価値向上を目的に不動産を保有、売買又は賃貸し、収益の中心としております。駅に近い立地の高付加価値のオフィスビルを所有し、これを適正な価格で売買又は賃貸することで確かな収益を生んでおります。

規模の追求ではなく、高い収益性を維持しながら、高品質のサービスを提供し、顧客満足度の向上に努めております。

 

(3) 事業の特徴

当社グループの事業は、以下の２つの特徴を有しております。

① 独立系

当社グループが属する設備工事業界では、大手元請事業者を中心とした下請事業者による集団が形成され、当該集団に属する下請事業者及び下請事業者の外注先である協力会社は、特定の元請事業者からのみ工事を受注する傾向にあります。このため、特定のグループに属する設備工事会社の事業は、一部の元請事業者からの発注に依存することになり、下請事業者及び下請事業者の外注先への業務量は安定しないことが問題点として挙げられます。

このような業界構造の中、当社グループでは、創業時より、当社グループの元請事業者となる建設会社、電気設備会社及び通信電機機器メーカー等とバランスよく取引関係を構築し、特定の元請事業者に受注先を限定させないことを基本方針としてまいりました。

この方針のもと事業展開を継続してきたことにより、当社グループが工事案件を受注する元請事業者は偏りがなく多岐に渡り、当社グループ及び当社グループの協力会社の業務量の安定化につながっていると認識しております。

さらに、近年は自らが元請事業者として受注することにも注力しております。今まで培ってきたノウハウや実績、プロジェクトマネジメント力により、元請比率のさらなる拡大を図り、売上・利益率の向上を目指してまいります。

 

 

② 継続的な受注及び利益を確保するための施策

A ワンストップでのビジネスの展開による継続的な受注の実現

当社グループが属する設備工事業界、その中でも電気設備工事及び電気通信設備工事に係る業界の課題として、工程や工種ごとに担当する事業者が細分化されている構造となっており、その工程間、工種間で規格や事業者の選定等、様々なコストが発生していることが挙げられます。

このような業界環境の中、当社グループは、設計、調達、施工管理及び保守メンテナンスに至るまで、案件を施工するための多様な機能を有しており、工事案件のプロセスをワンストップで受注できる体制を構築し、同業他社との差別化を図っております。これにより、当社グループでの短納期、低コストでの施工、及び元請事業者にとっても工事の進捗管理に係る負担の軽減にもつながり、採算性の確保や元請事業者からの継続的な受注を実現させております。

 

B 「低コスト」「ジャパンクオリティ」「DX（デジタルトランスフォーメーション）強化」の実現

アセアンEPC事業に属するJESCO ASIAは、当社グループのベトナムにおける設計積算業務のコスト削減と品質向上を目的として2001年に設立いたしました。設立以降、現地採用のベトナム人に設計業務の実務を担当させつつ、日本語研修を充実させることで、実務能力と語学力を兼ね備えた従業員を養成しております。また、工事に関しても品質確保のため、工事作業員に対して日本で行われている教育（作業員の作業着衣指導、保護具の完全着用、朝礼、危険予知ミーティング等）を実施しているほか、作業現場では、IEC（国際電気標準会議）等の規格に基づいた工事を実施しております。

設計積算業務におきましては、従来から設計業務のデジタル化により進化させてまいりましたが、今般、WEB会議システムと360度カメラを活用してリアルタイムで日本国内の現地調査を行うなどの効率化を図り、スピーディーな設計・積算のオフショア業務体制を構築しております。このようなDX化をベースに、300人への増員やロンアン地域及びカントー市への拡大、BIM導入など、更なる体制強化に取り組んでいます。このような取り組みにより、低コスト（ベトナムにおける低賃金での人材確保による設計業務の低コスト化）を実現させつつも、日本のクオリティに準じた設計・工事の品質（研修、実務を通じて養成した実務能力の高いベトナム人従業員による役務の提供）をベトナム現地で保持することができ、継続的な受注と利益の確保に貢献しております。

 

C 安全・品質の確保

当社グループは、創業時に高い安全基準が求められる原子力発電所での格納容器のリークテスト（原子炉格納容器漏洩率試験）業務を行っていたこと等から、当初より安全・品質への意識が高いことが特徴として挙げられます。

具体的には、1999年１月に品質に関する国際規格であるISO9001認証登録、2004年４月に労働安全衛生の国際規格であるOHSAS18001（現ISO45001）認証登録等、国際規格を取得して安全・品質の確保に努めてまいりました。また、2020年10月からインターネットを利活用した「JESCOアカデミー」を開講しました。クラウドを活用したオンデマンド配信による技術者教育で、いつでもどこでも受講することが出来、人材の早期育成にも取り組んでおります。将来的には、国内外のパートナー会社にも拡大してまいります。このような新たな取り組みに加え、各種研修の開催、取引先を含めたJESCOグループ安全衛生協議会（※）の組織化、安全大会の開催等、安全・品質への意識と知識の向上に努めております。

（※JESCOグループ安全衛生協議会は、安全衛生管理、労働災害防止、設備事故防止を推進し、工事の品質向上を図ることを目的として当社グループ及び当社グループの取引先とで組織されております。）

 

(事業系統図)"
1435,株式会社ｒｏｂｏｔ　ｈｏｍｅ,2025-12-31,"３ 【事業の内容】

当社グループは、「テクノロジーで、住宅を変え、世界を変えていく。」という経営理念のもと、AI・IoT等の先端技術を活用したDX（デジタルトランスフォーメーション）による不動産領域の様々なサービスを通じて多様化する生活スタイルに相応しい利便性の高いサービスを提供していくことで、経営理念を実現すべく事業展開を行ってまいります。
当社グループがこれまで培ってきたリアル領域とテック領域のノウハウをベースとし、リアル×テクノロジーの知見をDX領域へと展開し企業価値の向上を目指すものであります。

当社及び当社の関係会社の事業における当社及び当社の関係会社の位置付け及びセグメントとの関連は、次のとおりであります。

 

（AI・IoT事業）

AI・IoT事業におきましては、土地から選べるアパート経営「robot home」の継続的な開発・運用、及びサービスを提供。入居者、オーナー、メンテナンス会社、賃貸仲介会社、賃貸管理会社の全てのプレーヤーをプラットフォーム上で繋ぎ、賃貸経営の自動化を目指してまいります。さらに、これまで蓄積された「リアル×テクノロジー」の知見をDX領域へと展開し、不動産業界のみならず、他業界に対する「DX総合支援サービス」を提供しております。

 

（robot home事業）

robot home事業におきましては、AI・IoT事業で構築した土地から選べるアパート経営「robot home」を活用し、不動産オーナーに向けた新築・中古物件の供給（フロー領域）から、賃貸管理の受託（ストック領域）、売却・再投資（フロー領域）を経て、プラットフォーム内の流通が更に拡大するという好循環成長サイクルの構築に努めてまいりました。

ストック領域におきましては、AI・IoTなどのコアテクノロジーを活用した賃貸管理RPAシステム「robot home for PM」の活用により、業務効率化されたPM業務を実施し、安定したストック収益を拡大してまいりました。また、メンテナンス領域への事業領域拡大、及び自社保証のシェア拡大等による持続的な収益基盤の拡大に注力いたしました。

フロー領域におきましては、購入サポートのみならず、資産形成サポート、売却サポートの更なる充実により、アプリ内での取引を活性化。プラットフォーム内の流通を促進することで、今後の収益基盤の更なる安定化に向けた取り組みに注力いたしました。

 

 

当社グループの事業系統図は下記のとおりになります。"
1436,株式会社グリーンエナジー＆カンパニー,2026-04-30,"３ 【事業の内容】

当社グループは、当社、連結子会社及び持分法適用関連会社により構成されており、「新しい常識で、人と地球をグリーンにする。」をパーパスに掲げ、太陽光発電施設、系統用蓄電所及びネット・ゼロ・エネルギー・ハウス等の企画、開発、販売、運用及び管理を行っております。

当社グループは、再生可能エネルギー事業の単一セグメントであり、当該セグメントは「太陽光発電設備・系統用蓄電所事業」及び「ネットゼロ・エネルギー・ハウス事業」の2つの事業領域により構成されております。

また、当社グループの収益モデルは、太陽光発電施設、系統用蓄電所及び住宅等の開発・販売による「フロー収益」と、販売後の運用サービス及び当社グループが保有する資産等から継続的な収益を得る「ストック収益」に大別されます。

ストック収益は、O&M、設備管理及びアグリゲーション等による「運用・サービス収益」と、太陽光発電施設及び系統用蓄電所等の保有・運用による「保有・運用収益」により構成されております。

各事業領域における当社グループの位置付け及び事業内容は、次のとおりであります。

 

（1）太陽光発電設備・系統用蓄電所事業

用地及び案件の開拓から、企画、設計、調達、建設（EPC）及び販売までを一貫して行っております。また、当社グループが開発・販売した設備及び外部事業者が保有する設備を対象として、O&M、設備管理、アグリゲーションその他の運用サービスを提供しております。さらに、開発した太陽光発電施設及び系統用蓄電所等の一部を当社グループにおいて保有し、売電収入及び蓄電所の運用収入等を得ております。

（主な関係会社）株式会社グリーンエナジー・プラス、株式会社グリーンエナジー・ファシリティーズ、株式会社GREEN ACTION

（2）ネットゼロ・エネルギー・ハウス事業

主に一般消費者及び投資家向けに、太陽光発電設備等を搭載したネット・ゼロ・エネルギー・ハウスを中心とする住宅の企画、開発及び販売を行っております。また、中古住宅、空き家等の既存不動産を取得し、改修、太陽光発電設備及び省エネ設備等を付加することにより、環境性能及び資産価値を高めて再生・販売する取り組みを進めております。

（主な関係会社）株式会社グリーンエナジー・ライフ

 

［事業系統図］

以上述べました事項を事業の系統図によって示しますと、以下のとおりであります。"
1438,株式会社岐阜造園,2025-09-30,"３【事業の内容】

当社グループは、当社、連結子会社１社、持分法適用関連会社１社及びその他の関係会社１社で構成されており、造園緑化工事の設計・施工・メンテナンスを主たる業務としております。

当社グループでは、「街や暮らしに潤いを与える緑空間の創造」をコンセプトに掲げ、1927年の当社創業以来、蓄積したノウハウや造園技法の伝承に努めるとともに、人と自然とが共生でき、エコや地球環境や時代の変化に対応できるような技術開発に取り組み、事業を展開しております。

当社グループの事業は、造園緑化事業の単一セグメントでありますが、対象とする物件により「ガーデンエクステリア」と「ランドスケープ」に区分しております。

(1）ガーデンエクステリア

「ガーデンエクステリア」は、ガーデン（庭）とエクステリア（外構）を組み合わせたものであります。当社グループでは、住宅の周辺環境を総称してエクステリアと位置付け、庭園（ガーデン）のテイストをより多く盛り込んだ「ガーデン＋エクステリア」の設計・施工を通じて、顧客の家庭での暮らしが緑に溢れ、より豊かなものになるよう設計・施工に努めております。既製品を組み合わせた定型的なエクステリアではなく、樹木や天然石を多用し、個々の緑豊かなガーデンエクステリアが集まり、美しい街並みを形成することをコンセプトに設計や施工を行っております。

なお、対象となる物件は、付加価値の高い戸建住宅・集合住宅の景観構築、住宅メーカーとの協働による新規の住宅分譲地での設計・施工、一般顧客向けの「パインズ」でのショールーム展開等によるものであります。

① 戸建住宅・集合住宅の景観構築

当社グループが手掛ける戸建住宅や集合住宅（アパート等）の外構造園は、主に住宅メーカーが受注した新築案件の門・塀・庭園など、建物周辺の景観構築に関して設計・施工を行っております。同業他社にとって難易度が高い富裕層向けの高級案件の依頼も多く、素材には樹木や天然石などを多く取り入れ、付加価値の高い外構造園を提供しております。

② 住宅分譲地での設計・施工

住宅メーカーや不動産デベロッパー等とともに、大型分譲地の計画段階から携わっております。住宅の敷地や道路の配置、そして全体に繋がりのある緑地や公園等を総合的に計画することで、全体が統一された美しい分譲地となります。また、個々の住宅のガーデンエクステリアは、当社グループが指定業者として全棟を任されることが多く、顧客ごとの要望を満たしながら、分譲地全体の樹木や石材等素材の連続性を保つことが可能となります。なお、10から20区画の小規模分譲地については、当社が分譲用の土地を取得し、住宅メーカーと協働して同様の計画、販売及び施工を行うこともあります。

③ 「パインズ」でのショールーム展開

「パインズ」は、一般顧客向けのガーデンエクステリアショールームとして、東海地方に２店舗を展開しております。主にホームページや地域タウン誌をはじめ、既存顧客や住宅メーカーの紹介により集客しております。当社グループでは、全てオーダーメイドにて提案し、顧客の思いの実現に繋げております。また、顧客が完成後のイメージを視覚的に認識できる様、素材やデザインの提示は主にデジタルコンテンツによって行っております。施工では当社グループの監督・指揮の下、自社及び専属の協力会社にて行っております。定期的な現場への巡回や協力会社を交えた勉強会を実施し、品質と安全の向上に努めております。

その他の受注活動として、引渡し後の顧客への定期訪問や、樹木の剪定等のアフターメンテナンスを通じ、リガーデン（ガーデンエクステリアのリフォーム）の受注に繋げております。

 

(2）ランドスケープ

不特定多数の人が訪れるパブリックスペース（景観を構成する諸要素のことや、景観そのものを意味します。）に、樹木の緑あふれる憩いの空間を創り出しております。当社グループは、造園技法を用いた、主に緑化によるランドスケープの構築を行っており、樹木や石材を使った伝統的な造園工事から、建物の屋上や壁面を緑で覆う屋上・壁面緑化工事、生き物との共生を目的としたビオトープ（※）工事、大手ショッピングモールが取り組んでいる森づくりによる環境再生に配慮した工事など多岐に亘っております。

なお、対象となる物件は、公共工事、民間工事、また、工事施工後の緑地メンテナンスや公共公園の指定管理事業によるものであります。

① 公共工事

官公庁（国土交通省、地方自治体等）が発注する物件であり、庁舎等の施設、都市公園、街路、公立学校等の施工・整備に係る造園緑化工事を行っております。受注の形態としては、官公庁が発注する工事における競争入札によるものと、大手建設会社や地元建設会社が受注した工事の造園緑化工事部分を協力会社として請け負うものがあります。いずれも、官公庁が定めた仕様に従い施工を行いますが、施工技術、品質、安全管理、提案力などが受注に際してのポイントとなります。

② 民間工事

民間企業が発注する物件であり、商業施設、工場、リゾートホテル、ゴルフ場、飲食店、ショッピングモール、温浴施設、住宅マンション、私立学校、病院、老人介護施設等の施工・整備に係る造園緑化工事を行っております。受注の形態としては、民間企業より直接受注するものと、大手建設会社や地元建設会社が受注した工事の造園緑化工事を協力会社として請け負うものがあります。公共工事と同様、施工技術、品質、安全管理、提案力などが受注に際してのポイントとなります。

③ 緑地メンテナンス

官公庁からの委託を受け、公園や公共施設等の緑地のメンテナンスを行っております。主な内容としては、樹木の剪定、施肥、病害虫駆除、草花の植え替えなどがあります。また、歴史的価値のある樹木の保存や、病気に侵された樹木の治療なども行っております。

④ 公共公園の指定管理事業

官公庁からの委託を受け、指定管理者として市営公園全体の運営・管理を行っております。現在、岐阜市内６か所の公園の指定管理者となっており、来園者の誘導、イベントの企画・運営、売店の営業、遊具等のメンテナンス、サッカー場やテニスコート等運動場の整備、そして緑地のメンテナンスなど、市民の憩いの場所となるような公園運営に努めております。

（※）ビオトープ

生命（バイオbio）と場所（トポスtopos）の合成語で生物の生息空間のこと。

 

 

［事業系統図］

以上の事項を事業系統図によって示すと、次のとおりであります。"
143A,イシン株式会社,2026-03-31,"３ 【事業の内容】

当社グループは、「世界的な視野を持った事業家たちが差別化された事業を通じて社会の進化に貢献する」という理念のもと、企業の採用課題解決を支援する「HR事業」、官公庁と民間企業の共創を支援する「公民共創事業」、成長企業のブランディング、マーケティング及びM&A仲介支援を行う「メディアPR事業」、イノベーション領域における企業変革支援を行う「グローバルイノベーション事業」を展開しております。

当社グループは、当社(イシン株式会社)、子会社５社(Ishin USA, Inc.、Ishin Global Fund Ⅰ Limited、 Ishin Global Fund Ⅰ L.P.、株式会社レプセル、株式会社OK Junction)、関連会社１社(GMOベンチャー通信スタートアップ支援株式会社)により構成されております。Ishin Global Fund Ⅰ L.P.は東南アジア及びインドのベンチャーキャピタルファンドに投資する投資事業組合であり、Ishin Global Fund Ⅰ Limitedはその運営管理を行っております。当該ファンドは主に東南アジア・インドのファンドへの投資活動及びベンチャー投資家へ海外スタートアップの情報提供を行っており、当社グループが展開する各事業との連携や相乗効果を目的として運営しております。なお、当該ファンドは各セグメントには含めておりません。

当社グループの事業における当社及び関係会社の位置付け及びセグメントとの関連は、次のとおりであります。また、以下に示す区分は、セグメントと同一の内容であります。

なお、当連結会計年度より報告セグメントの区分を変更しております。詳細は、「第５ 経理の状況 １ 連結財務諸表等 (１) 連結財務諸表 注記事項（セグメント情報等）」をご参照ください。

 

(HR事業)

当事業では、企業の採用課題の解決を目的として、人材紹介や採用業務のアウトソーシングサービスなどを展開しております。ベンチャー企業から大手企業までを対象に、人材紹介に加え、採用戦略の策定、採用業務の代行、採用マーケティング支援など、企業の採用活動を一気通貫で支援しております。

民間企業及び求職者の課題、提供するサービスは以下のとおりです。

 




※当該事業を展開する主な会社は、当社及び株式会社レプセルであります。株式会社レプセルでは、RPO（採用業務アウトソーシング）サービスを展開しております。

当社グループは、人材紹介に加え、RPOサービス及び採用CMS（注）の提供を通じて、企業の採用課題解決を支援しております。

（注）CMS：Contents Management Systemの略称であり、Web専門知識がなくとも、簡単にWebサイトの作成・更新・ 運営ができるシステム。

 

 

各サービスの詳細は以下のとおりです。

 

① 人材紹介サービス

当サービスでは、ベンチャー企業から大手企業までを対象に、人材紹介サービスを提供しております。当社グループは、求職者に対してキャリア面談や転職支援を行う一方、企業に対しては採用ニーズに応じた人材の紹介を行っております。当サービスでは、求職者の転職成立時に紹介先企業から受領する人材紹介手数料に係るSPOT売上（注）が主な収益となっております。

（注）都度の契約から生じる売上。

 

② RPO（採用業務アウトソーシング）サービス

当サービスでは、企業の採用業務の一部又は全体を代行するRPO（採用業務アウトソーシング）サービスを提供しております。企業の採用実務に係る業務支援を行うことで、顧客企業の採用業務の効率化及び採用活動の支援を行っております。当サービスでは、月額の業務委託費用に係るSTOCK売上（注）が主な収益となっております。

（注）継続的な契約から生じる売上。

 

③ HIKOMA CLOUD

企業の採用ページ制作に特化したCMSを提供し、自社サイトを通じた採用活動の支援をしております。CMSの提供に加えて、コンテンツ制作の支援やカスタマーサクセスチームの伴走のもと、サイト改善や求人広告の運用サポートを行っております。当サービスは、CMSの月額利用料及び求人広告の運用の手数料といったSTOCK売上が主な収益となります。

 

(公民共創事業)

当事業では、自治体と民間企業をつなぐ事業として、主に大手・中堅企業の自治体向けマーケティング及び営業支援等の業務を一気通貫で支援しております。

民間企業及び自治体の課題、提供するサービスは以下のとおりです。

 




 

※当該事業を展開する主な会社は、当社であります。

当社は、自治体・民間企業の両者の間に立ち、サービスを通じて両者の課題解決を支援しております。

各サービスの詳細は以下のとおりです。

 

① BtoGプラットフォーム

BtoGプラットフォームは企業の自治体向けのWebマーケティングを総合的に支援するサービスであります。主な提供サービスは、自治体職員向けに運営しているWebメディア「自治体通信Online」にて、各企業のアカウントページを開設し、雑誌『自治体通信』に掲載した記事のほか、各企業のソリューション紹介やサービスカタログの設置が可能となっております。また、各企業のサービスリリースやイベント情報などのコンテンツ掲載及び自治体職員向けのメールマガジンにて各社のソリューションの紹介も行っております。プラットフォームを利用している民間企業からの月額利用料に係るSTOCK売上が主な収益となっております。

 

② 自治体通信

2014年創刊の『自治体通信』は、課題解決に取り組む自治体とその取り組みをサポートする民間企業を紹介する情報誌です。2027年３月期の発刊予定回数は７回で、全国約1,780か所の自治体を対象に、各担当課に直接無料で配送しております。

当サービスでは、民間企業の雑誌掲載に係るSPOT売上が主な収益となっており、ソリューションを提供する民間企業のインタビューと自治体の導入事例のインタビューをセットにした記事広告を『自治体通信』の誌面に掲載しております。自治体でのソリューションの導入事例を紹介することにより、読者である自治体職員に導入イメージを喚起し、導入の動機形成を促す効果があるものと認識しており、自治体職員への認知拡大や接点形成を目的として多面的に活用いただいております。また、雑誌という形態は、一定数あるとみられる自治体での回覧文化に沿ったものでもあり、セキュリティ対策のため庁内のWebの利用環境に制限がある自治体も多いことから、雑誌媒体によるプロモーションの有用性は高いと考えております。

 

③ 営業BPO、テレマーケティング、ウェビナー及びイベント等の各種BtoGソリューション

営業BPOは、自治体向け営業活動に係る戦略立案から、実行支援までを提供するサービスであります。自治体開拓プロセスを上流から下流まで一気通貫で支援し、顧客企業の自治体向け営業活動を支援しております。当サービスでは、主に業務委託費用等を収益としております。

テレマーケティングは、民間企業向けに自治体に対する架電業務を代行するサービスであります。具体的には、ターゲットとなる自治体のリストやトークスクリプトを作成し、当社専門チームにて自治体へ架電を行い、顧客に自治体のリード情報（資料請求した自治体の名称・担当課・担当者氏名・メールアドレス等）や調査レポートを納品いたします。当サービスでは、業務支援として、主に架電量に応じた収益を得ております。

ウェビナー及びイベントは、自治体職員や全国の首長（都道府県知事・市区町村長）を集客対象としたイベント、オンラインセミナー等を企画・開催するサービスです。民間企業の協賛を募り、協賛企業のソリューションのPRや、参加者との接点形成及びリードの獲得を支援しております。いずれの場合も、民間企業からプランに応じたスポンサー費用を主に収益としております。

各種BtoGソリューションサービスは、主にSPOT売上が中心となっております。

 

(メディアPR事業)

当事業では、主に成長ベンチャー企業向けにブランディング及びM&A仲介支援を行っております。企業を取り巻く情報流通環境が変化する中、企業が自社の魅力やビジョンをステークホルダーに対して適切に発信する重要性が高まっております。

当社はメディア広告及び動画等の各種ソリューションの提供を通じて、顧客企業の情報発信及び企業価値向上を支援しております。また、成長ベンチャー企業の経営者とのネットワークを活かした大型のカンファレンスや、M&A仲介サービス等も展開しております。

成長ベンチャー企業、経営者及びステークホルダーの課題、提供するサービスは以下のとおりです。

 




※当該事業を展開する主な会社は、当社であります。

各サービスの詳細は以下のとおりです。

 

① 各種メディア

当サービスでは複数のメディアを運営しており、その中でも主力メディアは、ベンチャー業界メディアの『ベンチャー通信』及び「ベンチャー通信Online」であります。提供サービスの特徴は二つあり、一つは企業の伝えたいメッセージをユーザーにわかりやすく伝える記事広告を制作している点であります。もう一つはSEO(Search Engine Optimization、検索エンジン最適化)の効果が期待できる点で、顧客の社名・社長名で検索した際に、当社サイトに掲載されている記事が検索順位の上位に表示されやすくなっております。当サービスでは、雑誌掲載に係るSPOT売上及びオンラインメディア掲載に係る月額の広告掲載料に係るSTOCK売上が主な収益となっており、主に経営者インタビューを中心とした記事広告を『ベンチャー通信』「ベンチャー通信Online」に掲載しております。

また、もう一つの主力サービスである「ベストベンチャー100」は、成長が期待されるベンチャー企業向けの有料会員制サービスとなっており、会員企業に対するコミュニティ形成及び会員企業のブランディング支援を目的として、Webメディア「ベストベンチャー100」の掲載や、カンファレンス及び経営者交流会を開催しております。当サービスは、会員企業からの月額会員費用に係るSTOCK売上が主な収益となっております。

 

② 大型カンファレンス

成長が著しいベンチャー企業の経営者を中心に集めた「ベストベンチャー100カンファレンス」及び「ベストベンチャーWEST100カンファレンス」を開催しております。主に成長企業に対してマーケティングをしたいBtoB企業にスポンサーとして協賛していただき、イベントでの自社ソリューションのプレゼン機会や参加者リード、経営者とのマッチング機会の提供、といったサービスを提供しております。イベント協賛金に係るSPOT売上が主な収益となります。

 

③ M&A仲介支援

当サービスでは、譲渡を希望する企業及び買収を検討する企業に対して、候補先の探索、マッチング、条件交渉及びクロージングに至るまでのM&A仲介サービスを提供しております。当社がメディアPR事業を通じて培った成長企業の経営者ネットワークを活用し、双方にとって最適なマッチングを支援しております。当サービスでは、主に成約時に発生する成約報酬に係るSPOT売上が主な収益となっております。

 

(グローバルイノベーション事業)

当事業では、日系大手企業と国内外のスタートアップをつなぐサービスとして、成長産業に特化した情報提供サービスや各種ソリューションを通じて、大手企業のオープンイノベーション（注１）及び企業変革を支援しております。

日系大手企業担当者（主に新規事業開発・R&D（注２）・経営企画担当者）及びスタートアップの課題、提供するサービスは以下のとおりです。




※当該事業を展開する主な会社は、当社、Ishin USA, Inc.であります。Ishin USA, Inc.では、米国での現地スタートアップの調査及び取材、現地の日系大手企業の販売及び顧客フォローを担っております。

当社は、成長産業に特化した情報提供サービスや、各種ソリューションを通じて、日系大手企業と国内外のスタートアップの両者の課題解決を支援しております。
（注）１．企業が外部のアイデアや技術を活用することで、新たな価値を創造するための手段・考え方。
２．Research and Developmentの略称。

各サービスの詳細は以下のとおりです。

 

① BLITZ Portal(ブリッツポータル)

当サービスでは、日系大手企業向けに、成長産業に特化した情報ポータルSaaS（注）「BLITZ Portal(ブリッツポータル)」を提供しております。当社グループは日本、米国サンフランシスコに拠点を置き、グローバルで活動する契約リサーチャーやライターと連携しながら、国内外の成長産業の市場やスタートアップ、技術の動向を、レポートやデータベースとして提供しております。

成長産業においては変化が激しいゆえに整理された情報が少なく、特に海外のスタートアップについては情報源が英語に限られていることが多くなっております。当社グループは成長産業の市場やスタートアップ、技術の動向を日々情報収集し、独自レポートとして日本語でわかりやすく整理しております。また、米国の大手スタートアップデータベースである「Crunchbase(クランチベース)」を運営するCrunchbase, Inc.とライセンス契約を結んでおり、「BLITZ Portal」に「Crunchbase」のデータの日本語版を搭載し、約400万社以上（2026年３月末時点）の国内外の企業データベースを保有しています。さらに、当社グループの取材先スタートアップは日本企業との協業を期待している企業が多く、当社グループは取材先スタートアップと日系大手企業をマッチングするサポートも行っております。

当サービスは月額利用料に係るSTOCK売上を主な収益としております。顧客企業の利用者にIDを付与し、ID数に応じて月額利用料を徴収しております。

（注）Software as a Serviceの略称。

 

② イノベーション人材研修及び各種ソリューション

スタンフォード大学の講師らと連携し、デザイン思考を中心とした研修プログラムを提供しております。シリコンバレーで実施する海外研修や、現地講師を招いた国内研修等を通じて、企業のニーズに合わせたカスタマイズ型の研修を展開しております。また、オープンイノベーションに特化し大手企業やスタートアップが登壇する大型イベントなど、日系大手企業のイノベーション活動を支援する様々なソリューションを展開しております。当サービスでは、研修提供に係る収益及びイベントの協賛や参加に係るSPOT売上が中心となっております。

 

③ TECHBLITZ（テックブリッツ）

世界のスタートアップエコシステムを取材・調査し、イノベーション創発に役立つコンテンツを配信しているメディア「TECHBLITZ」を運営しております。読者は無料で閲覧できるメディアとなっており、国内外の有望スタートアップに取材し先進事例となるソリューションや技術を紹介するインタビューコンテンツや、事業会社やVC・学術関係者からイノベーション創発の事例、概況、トレンドに係るコンテンツを掲載しており、大手企業の担当者が日々情報収集をする際に活用されております。

 

各事業の系統図は、次のとおりであります。(2026年３月末時点)"
1443,技研ホールディングス株式会社,2026-03-31,"３ 【事業の内容】

当社グループは、当社、子会社５社及び関連会社１社により構成されており、土木・建築関連の工事の請負、消波根固ブロック製造用鋼製型枠の貸与、コンクリート二次製品及び建設資機材の販売等を主たる業務としております。

なお、当社は特定上場会社等に該当し、インサイダー取引規制の重要事実の軽微基準のうち、上場会社の規模との対比で定められる数値基準については連結ベースの計数に基づいて判断することとなります。

当社グループの事業に係わる位置づけ及びセグメントとの関連は次のとおりであり、セグメントと同一の区分であります。

 

［土木関連事業］

法面保護・急傾斜対策工事等の土木工事の設計・施工を技研興業株式会社が請負っております。

 

［建築関連事業］

放射線・電磁波・磁気・音響・防音施設・電波吸収及び電磁波環境対策等のトータルエンジニアリングを技研興業株式会社が請負うほか、関連する建築工事用資材を販売しております。

 

［型枠貸与関連事業］

消波根固用コンクリートブロックを製造するための鋼製型枠を技研興業株式会社が賃貸しているほか、環境や景観に配慮したコンクリート二次製品及び関連する建設資材等の販売を行っております。連結子会社日動技研株式会社は、円形型枠等の建設資材のレンタル及び販売を行っております。

 

［その他］

海外事業、事務所用テナントビル等の賃貸収入、太陽光等による発電及び売電事業等を行っております。

 

 

当社グループの事業系統図は次のとおりであります。"
1444,株式会社ニッソウ,2025-07-31,"３【事業の内容】

当社グループ（当社及び当社の関係会社）は、当社、子会社４社及び関連会社１社で構成され、リフォーム事業、不動産流通事業及び不動産建設事業を主な事業内容としております。なお、連結子会社は子会社である日本リゾートバンク株式会社、株式会社ヤナ・コーポレーション、株式会社ささき、株式会社平成ハウジングで、非連結子会社はありません。また、非持分法適用の関連会社は匠屋本鋪有限公司であります。

当社グループの各事業における位置付けなどは次のとおりであります。

なお、当連結会計年度より以下のとおり報告セグメントを変更しております。詳細は、「第５ 経理の状況 １ 連結財務諸表等 （1）連結財務諸表 注記事項（セグメント情報等）」に記載のとおりであります。

 

（1）リフォーム事業

一戸建て、集合住宅、賃貸住宅等の退去に伴う原状回復工事やリノベーション工事、ハウスクリーニング・入居中メンテナンス工事、その他の工事といった住宅等に関するリフォーム工事の請負・施工管理を行っております。主に首都圏（東京都、神奈川県、埼玉県、千葉県）を中心に事業展開を図っております。

（主要な会社 当社、株式会社ヤナ・コーポレーション、株式会社ささき）

（2）不動産流通事業

不動産の売買、仲介、買取再販等を行っております。主に神奈川県の湘南エリアを中心に事業展開を図っております。

（主要な会社 日本リゾートバンク株式会社）

（3）不動産建設事業

注文住宅・建売住宅・住宅用土地の提供を関東地方、主に栃木県を中心に事業展開を図っております。

（主要な会社 株式会社平成ハウジング）

 

以上述べた事項を事業系統図によって示すと次のとおりであります。

 

［事業系統図]"
1446,株式会社キャンディル,2025-09-30,"３ 【事業の内容】

当社グループは、純粋持株会社である当社及び連結子会社４社（株式会社バーンリペア、株式会社キャンディルテクト、株式会社キャンディルデザイン、株式会社キャンディルパートナーズ）の計５社で構成されており、建築サービス関連事業を主たる事業として取り組んでおります。

なお、当社は特定上場会社等に該当し、インサイダー取引規制の重要事実の軽微基準のうち、上場会社の規模との対比で定められる数値基準については連結ベースの計数に基づいて判断することとなります。

当社グループは、「革新創造」を社是とし、「世界に誇れる独創的建物サービスで社会と感動を分かち合う」というグループ理念に基づき、「全ての建物に“キャンディル”」というグループビジョンを実現すべく、持続的な事業の成長とさらなる企業価値の向上を目指して、お客様のニーズや時代の変化に寄り添いながら、事業を推進しております。「建築サービス関連事業」とは、建物を建てることそのものではなく、建物の修繕・改修・維持・管理に資するサービスであります。建築関連業者から依頼を受け、住宅・商業施設・オフィスなどのオーナーの元に当社グループのサービススタッフが赴く形でサービスを提供しております。全国49拠点（2025年９月30日現在）にサービス網を展開しており、全国で均一なサービス品質を提供するための技術教育研修プログラム（マニュアルなどの各種資料・e-learning教材・研修カリキュラムなど）を構築しております。

「建築サービス関連事業」の単一セグメントであるため、セグメント別の記載をしておりませんが、ここでは、リペアサービス、住環境向け建築サービス、商環境向け建築サービス、商材販売の４つのサービスに分類して記載しております。

 

（１）リペアサービス

リペアサービスは、建物における内外装建材、家具などに発生したキズや不具合を、部材交換することなく、元の部材を活かす形で部分的に補修（リペア）して美観回復をするサービスであります。住宅や施設などの新築物件であっても、施工中に絶えず人が出入りすることにより、日常的に小さなキズや不具合が発生しております。これらを全て部材交換で対応しようとすると、新しい部材と職人確保のための費用、廃材の処理費用、工事手配の手間など、コスト増加につながることがあります。また、新しい部材を使用することで余分に資源消費をしてしまうといった環境にマイナスな側面もあります。そこで、当社グループでは部材交換の代わりにリペアで対応することにより、コストの圧縮と、環境面を含む部材交換に関連する諸問題の解消に寄与しております。また、サービス対象とする建物は、住宅のみならず、商業施設、寺社仏閣や文化遺産など多岐にわたります。

ビジネスモデルとしては、ハウスメーカー・ハウスビルダー・ゼネコン・デベロッパー・建築関連業者などから依頼を受け、現場に赴いてサービスを提供して収益を得るという仕組みであります。サービスを提供する主な技術者は、当社独自の技術教育研修プログラムによって教育を受けた直接雇用による従業員や当社グループから独立して協力会社となった元従業員が中心でありますが、その他の協力会社とも上手く連携をとりながら施工体制の拡充を図っております。

収益性の側面では、技術者一人ひとりが現場に赴いてサービスを提供するビジネスであることから、全国各地に展開している技術者が、機動性高く効率的に稼働することが非常に重要であります。そのため、技術者の稼働状況を常時システム上で管理して生産性を高めております。

 




 

 

（２）住環境向け建築サービス

住環境向け建築サービスは、住宅引渡し前後の検査や定期点検、各種メンテナンス、小規模なリフォーム、水まわりや床などのコーティング、住宅設備などに発生した不具合や施工時に発生した不具合の対象となる物件に対して一斉に対応するリコール対応（リフィットサービス（注１））、住宅オーナーからの問合せに対応するコールセンターなどのサービスを提供しております。長く快適に住まうための住宅循環システムを支える住宅ライフサイクル全体をワンストップでカバーできる体制を構築しております。

様々な社会情勢の変化を受けて、住宅政策は大きな変遷を遂げてきておりますが、足元では2021年に閣議決定された「住生活基本計画」において、住宅分野での「DXの推進」や、住宅ストック・産業での「住宅循環システムの構築」などを目標に、「住宅の設計から建築、維持・管理に至る全段階におけるDXの推進」や「住宅の計画的な点検・修繕及び履歴情報の保存の推進」といった施策が策定されております。これらの施策は、当社グループの住環境向け建築サービスにとっては大きな追い風となっております。

住宅建設業者は、従来「新築住宅を建てて売るまで」を中心としたビジネスモデルとなっておりましたが、今後は住宅を引き渡した後のアフターフォロー体制の充実や住宅オーナーとのコミュニケーションを継続する仕組みの強化が求められます。当社グループでは、住宅建設業者を支援するための「定期点検」「維持・管理のためのメンテナンス」「コールセンター（お客様問合せ窓口）」以外にも、住宅建設業者と住宅オーナーとのつながりを強固にし、生涯顧客化を促す「クラウド型コミュニケーションツール（「ツナゲルクラウド」（注２））」などを提供しております。

ビジネスモデルとしては、リペアサービスの取引先顧客に対して、住宅オーナーとの関係性の維持・強化のためのアフターフォロー体制構築の提案を行い、取引先顧客のニーズに合わせて「定期点検」「メンテナンス」「コールセンター」「ツナゲルクラウド」などのメニューをパッケージ化して契約を獲得しております。新築住宅市場の縮小を懸念する住宅建設業者が、既存住宅に向けたアフターフォロー体制を強化する流れは年々強くなっており、住環境向け建築サービスは順調に推移しております。また、これらのサービスは契約に基づく積上型・継続型のビジネスモデルであり、今後も安定的な成長を見込んでおります。

 

（注）１．リフィットサービスとは、住宅設備などに発生した不具合（例えば、金具の製品不良が発生したため交換が必要になった）や施工時に発生した不具合（例えば、メーカーが指定した取付方法に瑕疵があり、取付直しが必要になった）などの住宅や施設関連で発生したリコールに対応するサービスの呼称であります。このような不具合は、同時多発的に発生することが多く、全国各地で一斉に作業が必要になるため、当社グループの強みが活かされるサービスであります。

２．ツナゲルクラウドとは、住宅建設業者が独自ツールとして展開しながら住宅オーナーとの関係性強化を図ることができる会員専用クラウド型コミュニケーションツールの呼称であります。具体的には、住宅建設業者には、ツナゲルクラウドを通して住宅を引き渡した後も住宅オーナーと密接にコミュニケーションをとることができ、「生涯顧客」としての囲い込みを促進するツールとなっております。また、住宅建設業者の負担となるであろう販促活動の実務や、日常の問合せ対応などをサポートする「運営支援サービス」も併せて当社グループで行うことができます。また住宅オーナーには、「住宅メンテナンス履歴の確認」や「定期点検の予約・確認」「リフォーム相談」などを気軽に行える便利なツールとしてお使いいただけます。

 




 

（３）商環境向け建築サービス

商環境向け建築サービスでは、商業施設の内装工事、オフィス移転時の家具や什器の搬入・設置や内装工事、家具の組立てや取付け、建材揚重など多岐にわたるサービスを提供しております。百貨店やショッピングセンター、チェーン店などで見られる多店舗一斉工事、複数業者一斉入場などの同時多発的な現場対応に精通し、機動性に富んだサービスを提供できる体制となっております。

商業施設は、住宅に比べて建物の規模が大きいため、短期間に多数の人材が必要とされる場合が多くあります。これに対して当社グループは、正社員に加え、多数の登録スタッフを柔軟に組み合わせることで顧客の要求に速やかに応えることができる体制を実現しており、機動性を生み出す源泉となっております。内装工事に関しては、商業施設や店舗の新装・改装などの大型工事から、メンテナンスまで幅広く対応しております。家具の組立てにおいては、北欧系で世界中に店舗展開している大手家具メーカーの日本国内における組立サービスを全店舗引き受けるなど、国内を幅広くカバーしており、顧客の多様なニーズに対して、常に適切なサービス提供が可能な体制を構築しております。また、建材揚重は、建築途中の建物内に、建材を必要な分量・数に振り分けて運び入れる作業であり、あらゆる建築現場で発生いたします。大工や工事業者といった別の工種の人材が建材揚重も行う場合がありますが、人材の高齢化が進んでおり、今後こうした作業は分業化が進むことが予想され、さらなる需要拡大を見込んでおります。

 




 

 

（４）商材販売

商材販売は、主にリペアサービスで使用するプロ向けから一般向けまで幅広いレベルのリペア材料やメンテナンス商材を取り扱っております。商材については、国内メーカーはもちろんのこと、代理店契約を締結した海外メーカー（注）からも仕入れております。さらに、国内塗料メーカーと協力してオリジナル商品の開発も手掛けております。それらの商材を全国のホームセンターや量販店の店頭、ECサイトなどで販売しております。

 

（注）海外メーカーとは、ドイツのHeinrich König GmbH & Co.KGと、アメリカのMohawk Finishing Products Division of RPM Wood Finishes Group,Inc.などであります。いずれも、世界各国に製品を出荷しております。

 




 

 

以上で述べた当社グループの「建築サービス関連事業」を系統図で示すと次のとおりであります。

 




 

 

当社グループのサービス区分ごとの系統図は次のとおりであります。"
1447,ＳＡＡＦホールディングス株式会社,2026-03-31,"３【事業の内容】

当社グループは、連結子会社17社、非連結子会社１社、関連会社１社で構成され、セグメントとしてコンサルティング事業、システム開発事業、人材事業、建設土木事業を営んでおり、2026年３月末時点のセグメントの概要は次のとおりであります。

また、当社は、有価証券の取引等の規制に関する内閣府令第49条第２項に規定する特定上場会社等に該当しており、これにより、インサイダー取引規制の重要事実の軽微基準については連結ベースの数値に基づいて判断することとなります。

なお、次の５事業は「第５  経理の状況  １  連結財務諸表等  (1)連結財務諸表  注記事項」に掲げるセグメントの区分と同一であります。

セグメントの名称

概要

コンサルティング事業

官公庁や民間企業等に対して、業務および情報システムの総合的な整理・再構築を提案し、組織的な戦略目標の達成を支援しております。

システム開発事業

新規システム開発、ニアショア開発、ハードウェアの販売、Ｗｅｂシステム開発、マーケットデータシステム開発、外国為替関連システム開発、生命保険関連システム開発ならびに保守、運用および組込開発を行っております。

人材事業

主に教育分野等専門人材の人材派遣および人材紹介事業を行っております

建設土木事業

戸建て・マンション・ビル等の地盤調査・地盤改良工事・沈下修正工事・場所杭打ち工事・鉄道土木工事・測量・土質調査・地盤保証・住宅検査関連業務等を行っております。

その他事業

金融事業、Ｍ＆Ａアドバイザリー事業およびドローンを活用したデータ解析事業等を行っております。なお、「その他事業」については、各会社の閉鎖等の手続きを進めており、セグメントの廃止を予定しております。

なお、当連結会計年度より、報告セグメントの変更を行っております。

（１）変更内容

主な変更点は、NXTech株式会社については、これまで「システム開発事業」と「人材事業」に分けておりましたが、「システム開発事業」へ全て移行し、「建設テック事業」についても「システム開発事業」に統合いたします。また、「保証検査事業」と「海外事業」については、「地盤調査改良事業」へ統合し、セグメントの名称を「建設土木事業」へ変更いたします。「その他事業」については、各会社の清算等完了後に廃止予定となります。

（２）変更の概要

 

 

 

 

 

提出日現在における事業の系統図は次のとおりであります。"
1449,株式会社ＦＵＪＩジャパン,2025-12-31,"３【事業の内容】

当社は、企画提案から施工、メンテナンスまで一貫した、外壁リフォーム工事の販売並びに施工を目的とし北海道でスタートしました。主たる事業は外壁リフォーム工事であり、寒冷地である北海道で実績を積み上げ東北・関東まで事業エリアを拡げております。

また、外壁リフォーム工事以外にエクステリア及び水廻り等のリフォーム工事を行うその他リフォーム工事があります。

外壁リフォーム工事の際に使用する建材は、北海道石狩市に建設した自社工場で製造している、「タイルパネル」（注１）とＯＥＭ（注２）先製造会社と協力して開発した当社オリジナルの外壁材・施工資材であります。これらの当社オリジナル外壁材・施工資材等は耐久性、耐熱性、防汚性等を備えており、外壁リフォーム工事で使用することに留まらず、当社が直接工務店等に卸販売する材料販売でも使用します。

当社の各事業の概要は、次のとおりであります。各事業区分は、「第５ 経理の状況 １ 財務諸表等 (1）財務諸表 注記事項」に掲げるセグメントの区分と同一の区分であります。

 

＜外壁リフォーム工事＞

外壁リフォーム工事は、当社のオリジナル外壁材「ハッピーエンドシリーズ」を使った「重ね貼り」外壁リフォームの提案、施工、メンテナンスを行っております。

「ハッピーエンドシリーズ」の外壁材は耐久性、断熱性等の外壁材に求められる機能を追求したものとなっております。また施工に関しては、寒さの厳しい寒冷地において10年以上にわたる施工実績に裏付けされた技術力を有しております。

オリジナル外壁材の「タイルパネル」はタイル（注３）と金属サイディング（注４）を一体化した外壁材であり、主に石英などの石を原材料とし、耐久性・耐熱性・耐水性・耐候性・耐摩擦性に優れ、焼き物だけがもつ普遍的な機能を兼ね備えております。また、タイルを１枚１枚貼り合わせた重厚感のある趣の「乾式タイル」（注５）も取り揃えております。タイル以外にはガルバリウム鋼板（注６）という金属を使用した金属サイディングであり、その特性として、１．美観性、２．経済性、３．施工性、４．耐久性、５．耐震性、６．断熱性、７．防水性、８．防火性に優れている（注７）と言われております。その中でも、当社のオリジナル外壁材には、「フルフッ素樹脂塗装」（注８）を使用した耐久性を備え外観を永く保つことができる製品等があります。

また、当社の施工体制については、指定工事店に対する外注によって対応しております。当社が外注する指定工事店の開拓にあたっては、外壁リフォーム工事の施工実績や一定の技術水準、顧客満足度に対する高い意識など、当社が定める基準を満たした工事店に限定しており、2025年12月末現在、40社となっております。また、取引開始後も施工方法の改善、現場ＣＳ（顧客満足度）ルールの周知・徹底に取り組み、施工に関するお客様からのアンケート内容を指定工事店にフィードバックするなどサービス及び技術向上にも取り組んでおります。

（注１） タイルパネルとは、製造ライン上で金属サイディングと同様の下地の断熱プレートにタイルをボンドで接着する工法で製造しております。下地の断熱プレートの効果で室内の温度を一定に保ち、耐食性も高まります。また、取り付けが容易で優れた施工性を発揮します。

（注２） ＯＥＭとは、Original Equipment Manufacturerの略。納入先（委託者）商標による受託製造であります。

（注３） タイルとは、石や粘土などを主原料にし、高温で焼いたものであります。

（注４） 「金属サイディング」とは、柄付けされた金属板と断熱効果のある裏打材によって構成された外壁材であり、表面材には塗装ガルバリウム鋼板、塗装溶融亜鉛メッキ鋼板、アルミニウム合金塗装板、塗装ステンレス鋼板のいずれかの塗装金属板が使用されております。

（注５） 「乾式タイル」とは、金属サイディングと同様の下地の断熱プレートにタイルをひっ掛けてボンドで接着する乾式工法で、タイルを一枚一枚手作業で貼り合せることにより、外壁全体が趣のある外観となります。下地の断熱プレートの効果で室内の温度を一定に保ち、耐食性も高まります。また取り付けが容易で優れた施工性を発揮します。

（注６） 「ガルバリウム鋼板」とは、アルミ亜鉛合金メッキ鋼板（アルミニウム55％、亜鉛43.4％、シリコン1.6％）と言われ、米国での使用実績と促進試験結果からZ27亜鉛鉄板の３～６倍の耐久力と熱反射性が確認されております。

（注７） これら特性は、日本金属サイディング工業会によります。

（注８） 「フルフッ素樹脂塗装」とは、金属サイディングの「フルフッ素シリーズ」製品で使用しており、耐候性抜群の塗装原料、フッ素樹脂の含有量を極限の70％まで高めることで、外壁の耐久性が高まり自然劣化を軽減する塗装であります。

 

 

外壁リフォーム工事の営業方法としては、当社営業部が各支店において直販営業を行っております。当社のアポインターがお客様宅を一軒一軒戸別訪問し、訪問の趣旨を伝え商談時間の設定を行います。設定された日時にアポインターと共に地区責任者がお客様宅へお伺いし、材料説明と商談を行います。なお、材料説明と商談の際は、塗装などの従来の外壁メンテナンスとの違い、オリジナル外壁材の施工方法等を写真資料や材料サンプルを用いて、丁寧に解りやすく説明します。

その後、商談が成立となり外壁リフォーム工事を着工したタイミングで、施工現場を中心とした現場周辺の住宅に再度営業を行い、オリジナル外壁材の拡販を行ってまいります。

各支店は、このような現場作りを、現場周期や季節性などを考慮して行い、担当地区を周期的に網羅してまいります。

 

＜その他リフォーム工事＞

その他リフォーム工事は、一般住宅に対して、外壁以外の塗装やエクステリア、内装工事などの総合的なリフォーム工事を行う事業であります。

既に外壁リフォーム工事を施工させていただいたお客様に対し、当社リフォーム推進担当者及び施工管理担当者が塗装やエクステリア、水廻りなどといったリフォーム工事を提案し、下請け工事店が施工しております。また工務店やハウスメーカーなどからリフォーム工事を請負い、一般住宅に施工する業務も行っております。

 

＜材料販売＞

材料販売は、当社がＯＥＭ先製造会社と協力して開発した当社オリジナルの外壁材・施工資材等を直接、工務店などの法人に対して卸販売をしております。

 

［事業系統図］"
1450,ＴＡＮＡＫＥＮ株式会社,2026-03-31,"３ 【事業の内容】

当社は、建築構造物の解体工事及びそれに付随する各種工事の施工管理を行っております。長年にわたる建築構造物の解体工事を通じて得られた経験と、その間に蓄積したノウハウやアイデアを基に、現況調査、工法の提案、設計、施工計画、外注・資機材手配、施工管理、安全管理、原価管理、資金管理、行政対応、近隣対応等の業務全般を提供しております。また、建物構造物解体工事に関連する土木工事、山留工事、基礎解体工事、杭抜き工事等の施工管理も行っております。その他、工事に伴い発生する、アスベスト、PCB（（注）１）、ダイオキシン等の有害汚染物質の除去、地下水の浄化、土壌改良等に関しましても、豊富な経験を有しており、関連法令・法規を遵守した、コスト・工期・安全性に優れた、様々な解体工事をワンストップで提案・提供しております。当社は工事の施工管理、安全管理、近隣対応等を行い、協力会社を指導、監督して解体工事等の施工を行っております。

なお、当社の事業セグメントは、「解体事業」の単一セグメントであります。

 

（注）１．PCB（Poly Chlorinated Biphenyl）：ポリ塩化ビフェニルの略称で、旧式の電気機器に絶縁油等として使用された毒性の高い化学物質

 

なお、当社の主要な事業系統図は次のとおりであります。

 

(事業系統図)"
145A,株式会社Ｌ　ｉｓ　Ｂ,2025-12-31,"３ 【事業の内容】

当社グループは、当社及び連結子会社４社（株式会社システム・エムズ、株式会社directX Ventures、directX Ventures１号有限責任事業組合、IU BIM STUDIO株式会社）の計５社で構成されており、DXソリューション事業及び投資事業を展開しております。

 

当社グループは、「アイデアとテクノロジーで人々を笑顔にする！」をミッションに掲げ、「ココロ踊るチャレンジと心からの感謝にあふれる会社であり続ける」をビジョンとしております。また、役職員向けの行動指針（バリュー）として、「顧客志向」「チャレンジ」「スピード」「チームワーク」「尊重・信頼」「プロフェッショナル」の６つを定義し、徹底した顧客志向のもと、業務課題を深く理解し、課題解決を実現するためにデジタルサービスの開発・提供をしております。社名である「L is B（エルイズビー）」は、働く人々の人生の彩り・潤いになるサービスを提供したいという想いから、Life is Beautifulの頭文字を由来としています。

 

「ミッション・ビジョン・バリュー」




当社グループは、当連結会計年度より投資事業に取り組むことを目的とした子会社及び有限責任事業組合を設立したことに伴い、報告セグメントを従来の「DXソリューション事業」の単一セグメントから「DXソリューション事業」「投資事業」の２区分に変更しております。

各セグメントの事業内容は以下のとおりであります。

 


(1) DXソリューション事業

① サービスの全体像

「現場（注１）」を持つ企業の業務課題をDX（デジタルトランスフォーメーション）（注２）によって解決するデジタルサービスを、主にSaaS（Software as a Service）（注３）と呼ばれる形態で提供しているほか、システム受託開発やBIM（Building Information Modeling）（注４）領域のソリューションを提供しております。

 

 

「現場のある業界イメージ」




(注) １．現場とは、建設業、流通小売業、インフラ業、運輸・交通業等の業界における現場のことを指します。

２．DX（デジタルトランスフォーメーション）とは、デジタル技術を活用して業務プロセス、製品・サービス、ビジネスモデルなどを変換することをいいます。

３．SaaS（Software as a Service）とは、インストール不要でインターネット上で使用できるソフトウエアをいいます。

４．BIM（Building Information Modeling）とは、図面にデザインや寸法だけでなく、材料・性能・コスト・工程などの情報を付与し３次元モデルとして建物を可視化・管理する仕組みをいいます。

 


② 顧客が抱える課題

当社グループの顧客である現場を持つ業界の多くの企業は、生産年齢人口の減少によって人材不足が深刻化しております。さらに、他の産業と比べて長時間労働が常態化し、例えば建設業においては、厚生労働省「毎月勤労統計調査 令和７年度分結果確報」によると全産業平均と比較して年間約296時間の長時間労働となっています。長時間労働が発生する背景には、現場特有のコミュニケーション課題として、話したい相手が近くにおらず業務が停滞する、確認のために現場と事務所の往復が多い、膨大な手書きの点検記録や提出資料が必要となる、多くの協力会社とのタスク・スケジュール調整が頻発するといった課題があります。

 

③ 当社グループが提供するサービス

当社グループは、現場の課題を解決するデジタルサービスとして、2014年10月に現場向けビジネスチャット「direct」をリリースしました。その後、「direct」と連携して稼働するサービス群として、2016年10月には働き方改革支援ソリューション「direct Smart Working Solution（SWS）」を、2017年１月にチャットボット（注１）レンタルサービス「direct bot RENTAL」を、2018年７月にはユーザーの思考に合わせて進化するFAQソリューション「AI-FAQボット」を、2022年４月にはタスク管理、スケジュール管理、掲示板を搭載した「direct Apps」をリリースいたしました。さらに、顧客から寄せられるDXに関する課題を解決するため、2022年７月にDXコンサルティングサービスを開始し、コンサルティングや「direct」等と連携した個社別のオリジナルソリューションの設計・開発を行っております。その後も、2023年６月には現場向け写真管理サービス「タグショット／タグアルバム」を、2024年３月には現場のノウハウを動画で共有する「ナレッジ動画」をリリースするなど、継続的なサービスの拡充に努めてまいりました。

このほか、「direct」のOEM（注２）提供を行う形で、自治体や信用金庫に対して、ビジネスチャットサービスを提供しております。

 

 




(注) １．チャットボット（Chatbot）とは、「チャット（会話）」と「ボット（ロボット）」を組み合わせた言葉で、ユーザーからの呼びかけに応じて自動的に会話するプログラムをいいます。

２．OEM（Original Equipment Manufacturing）とは、開発したサービス・製品を、供給先のブランド名で販売することをいいます。

 


④ サービスの提供形態

当社グループの主なサービス提供形態は、顧客に対して「direct」等のデジタルサービスを提供し、顧客から利用料の支払いを受けております。商流は、当社グループから利用者に対して直接販売する形態と、販売パートナーを通じて利用者へ販売する形態があります。また、「direct」等の自社サービスを、OEMパートナーに対し、OEMパートナーのブランドとして利用者へ提供することがあります。

毎月経常的に得られるサービス利用料は、ストック売上高として計上しております。そのほかに、当社サービスの初期設定やDXコンサルティングサービスは、作業完了やシステムの納品ごとに、プロフェッショナルサービスその他売上高として計上しております。

 

⑤ 現場のビジネスチャット「direct」の特徴

イ．直感的でシンプルなインターフェース

「direct」は、リリース以来、現場で利用されるITツールとして開発してきました。チャットサービスは、業務連絡・報告といったコミュニケーションを円滑に行うために、業務に携わる全ての人が使いこなせる必要がありますが、現場で働く人々の職務内容やITリテラシーはばらばらで、ITツールの利用を全員に浸透させるのは困難です。「direct」は、スマートフォンを操作できる人であれば直感的に操作できるユーザーインターフェースを指向して開発しております。

 

「direct」のインターフェース




 


ロ．現場に出入りする協力会社、取引先と安全につながることが可能となるアカウント管理機能

現場の業務には、社内の従業員だけでなく、協力会社や仕入れ先など、多くの社外の関係者と業務を推進します。建設現場では、現場監督を中心として、土木、左官、電気、配管、クロスその他多くの協力会社の作業員が関わり、流通小売では、仕入れ先や店舗の臨時職員など、自社の従業員以外とのコミュニケーションが必要とされます。「direct」は、このような社外の関係者と安全につながる仕組みとして、「direct Guest Mode（ダイレクトゲストモード）」というアカウント管理機能を提供しております（特許取得済 特許第6243382号）。「direct」の管理者及び通常ユーザーは、協力会社などの社外メンバーをゲストとして組織に招待することで、全参加メンバーに話しかけることができますが、招待されたゲストメンバーには他のゲストの存在が表示されません。

 

「direct Guset Mode（ダイレクトゲストモード）」




 


ハ．現場の情報管理に必要なセキュリティ

「direct」の開発・運用体制は、お客様の情報資産の保護を徹底し、セキュリティ事故の発生ゼロを目的として、情報セキュリティマネジメントシステムを構築し、一般財団法人 日本品質保証機構（JQA）の厳正なる審査のもとISO/IEC 27001:2013（JIS Q 27001:2014）及びISO/IEC27017:2015（JIP-ISMS517）の認証を取得しています（登録日：2016年12月９日）。

「direct」で送受信されるメッセージや添付ファイルのデータは、すべて暗号化通信(SSL/TLS)にて行われています。「direct」のサーバー管理は、専門エンジニアによる運用ルール（社内管理者アクセス制限・ログ管理、最新セキュリティパッチの定期適用、脆弱性診断など）のもと行われており、お客様からお預かりしたデータ（写真、動画、ドキュメントなどの添付ファイル）は暗号化方式AES256（注）により保存しております。 また、外部攻撃からの対策として、侵入検知、改ざん検出システムを設置して監視しております。さらに、「direct」は、現場の協力会社の関係者がスマートフォンで利用するという特性上、ファイルのダウンロード制限や、端末でのスクリーンショット制限といった現場で求められるセキュリティ機能を有しております。

 


ニ．現場で活用されるデジタルサービスとの連携

建設業をはじめとして、現場ではDX（デジタルトランスフォーメーション）による生産性向上のために、様々なデジタルツールが使用されています。「direct」は、現場で利用されるファイル共有ツール、グループウェア、帳票記録・報告・閲覧ツール、図面管理ツール、施工管理ツール等の他社サービスと連携しており、業務ツールのハブとなっています。

 

(注) 暗号化方式AES256とは、256ビット長の暗号鍵を用いて暗号化する方式をいいます。AESで用いられる暗号鍵で暗号鍵長が最も長く、安全性が高いとされています。

 


⑥ 連携ソリューション


イ．「direct Apps」

2022年４月、「direct」と連携するアプリケーション群として「direct Apps」のサービスを開始しました。初期アプリとして、タスク管理、掲示板、スケジュール管理の３アプリをリリースし、2023年３月に日程調整のためのアプリ「トリスケ」をリリースしました。各アプリにおいて情報を更新すると、「direct」にチャットとして通知され、現場の業務連絡の円滑化を実現しています。

 

「direct」を通じて利用できるアプリケーション群




 

 

ロ．「direct Smart Working Solution」

「direct Smart Working Solution（ダイレクトスマートワーキングソリューション、以下「SWS」という）」とは、「direct」とチャットボットの技術を活用した、従業員の長時間労働の是正を支援するサービスです。働き方改革関連法に対応するため、企業は限られた時間で成果を上げる仕組み作りが求められます。「SWS」は、残業実態を見える化し、一人ひとりの勤怠を適切に管理・運用することをサポートします。

 

「direct Smart Working Solution（ダイレクトスマートワーキングソリューション）」




 


ハ．「AI-FAQボット」

「AI-FAQボット」は、チャットボットと会話して、必要な回答を必要な時に手に入れるAI活用によるFAQソリューションです。事前学習は一切不要、顧客が利用しているビジネスチャットやグループウェアとの連携可能、言葉の揺れの自動学習といった特徴を有しております。よくある問い合わせや、時間外の問合せに対して、チャットボットが対応することにより、問合せを受ける側の業務負担を軽減し、問合せを発する側の顧客又は従業員の満足度の向上を目指します。

 

「AI-FAQボット」




 

 


ニ．「タグショット／タグアルバム」

2023年６月、現場向け写真管理サービスとして、「タグショット／タグアルバム」をリリースしました。「タグショット／タグアルバム」は、タグを付けて写真や動画を撮影するだけで、クラウド上でデータを分類・保存できる現場向けカメラアプリです。現場にかかわるすべての人とリアルタイムでデータを共有でき、保存した写真や動画を探す手間を削減し、現場の業務効率化を実現します。

 

「タグショット／タグアルバム」




 

ホ．「ナレッジ動画」

「仕事は視て覚える」をコンセプトとし、現場のナレッジ（知識）やノウハウ（技術）を動画で共有・管理するためのサービスとして、2024年３月に「ナレッジ動画」を正式リリースいたしました。動画編集の手間は不要であり、また動画ごとに閲覧できるユーザーを設定することが可能なため、手軽に、かつ安全に動画共有を行うことができます。さらに、用途別の再生リスト作成やトリミング機能の拡充など、日常的な利用価値を高めるアップデートを継続的に実施しております。

 

「ナレッジ動画」




 

 

ヘ．チャットボットソリューション

「direct」をもっと便利に、業務を自動化するためのツールとしてご利用頂くために、「direct」上で稼働するbotを提供する「direct bot RENTAL（ダイレクトボットレンタル）」及び「daab(ダーブ)」を運営しています。

「direct bot RENTAL」は、現場の報告、連絡、事務作業を自動化するためのボットのレンタルサービスです。利用者は、「現場報告ボット」、「翻訳ボット」、「熱中症予防チェックボット」といったボットをすぐに利用することが可能です。

「daab」は、「direct agent assist bot（ダイレクト エージェント アシスト ボット）」の略称であり、チャットボット開発環境「daab SDK」を公開することにより、「direct」の利用者自身が開発できる開発環境を提供しています。「direct」のアクションスタンプや位置情報、既読者の取得などをボットに組み込んだり、複数の機能を組み合わせるなど、さまざまな形でボット作成が行えます。

 

「チャットボットソリューション」




 

 ⑦ DXコンサルティング

当社グループは、「direct」の利用顧客から寄せられるDXによる業務効率化の要望・相談に対して、コンサルティングや「direct」等と連携したオリジナルソリューションの設計・開発という形でサービス提供しております。具体的には、災害時の速報・連絡、資材やコンクリートの発注、現場の出面（注１）管理、CO2排出量記録、現場で利用される機器の貸出管理、生成AI（注２）を活用した業務自動化等の要望に対し、「direct」と連携したシステムの設計・開発を行い、顧客に提供しております。

また、株式会社システム・エムズを通じて、建設業向けの積算システムやWebシステムの受託開発、インフラ構築等も行っております。

 

 

「DXコンサルティング」








(注) １．出面とは、建設工事現場で働く人員の入退場を管理することをいいます。

２．生成AIとは、学習したデータから様々なコンテンツを生成する能力があるAIをいいます。

 

⑧ directのOEMサービス

当社グループは、株式会社トラストバンクに対して「direct」のOEM提供を行っており、株式会社トラストバンクは総合行政ネットワーク「LGWAN」（注）で使える自治体向けビジネスチャットサービス「LoGoチャット」として展開しております。また、信金中央金庫及び東日本電信電話株式会社と連携し、信用金庫と取引先のDX支援として、信用金庫とお客様との間で非対面コミュニケーションを可能にする「しんきんdirect」を提供しております。OEMサービスにおいて、当社グループは、ID数に応じたレベニューシェアによる利用料の一部、システム開発にかかる開発料及び運用にかかる業務委託料を受領しております。

 

(注) 総合行政ネットワーク（LGWAN：Local Government Wide Area Network）とは、地方公共団体を相互に接続する行政専用のネットワークをいいます。

 

 

⑨ BIMソリューション

BIMソリューションを担うIU BIM STUDIO株式会社の全株式を取得し、連結子会社化いたしました。既存のコミュニケーションDXに設計プロセスの強みが加わり、当社グループは現場DXの総合プラットフォームへと提供価値の領域を拡張しております。なお、同社については当連結会計年度においては貸借対照表のみを連結対象としており、当社グループの収益への貢献は翌連結会計年度（2026年12月期）からとなる見込みです。

 

「建設業界へのサービス領域の拡大」




 

 


(2) 投資事業

中長期的な成長に向けた取り組みとして、当社グループとのシナジー創出又は財務的なリターンが見込まれるスタートアップ投資を行う投資事業を開始いたしました。

 

「事業系統図」"
146A,コロンビア・ワークス株式会社,2025-12-31,"３【事業の内容】

当社グループ（当社及び連結子会社。以下同じ。）は、当社と連結子会社６社で構成されており、不動産開発サービスを主な事業の内容とし、それに付随する後述の不動産賃貸管理サービス、ホテル運営サービス、アセットマネジメントサービスの事業活動を行っております。

 

当社グループでは、「人が輝く舞台を世界につくる」という企業理念のもと、人々の想像する街を具現化し、住む人や訪れる人が多彩な感性で体験することで、創造性を活性化させ、培っていくような場づくりを使命として、街との調和を考慮した集合住宅の開発や、土地の新たな価値を生み出す開発を行っております。

 

具体的な内容は以下のとおりであります。

 

・私たちの使命

「ユニキュベーション※によって想像と体験のサイクルを生み出し人が輝く舞台を世界につくる」

一人ひとりが持つ感性と個性を、自らの努力と発想で育て上げ、心の底から思う「あったらいいな」を実現します。

 

・私たちのめざす姿

「誰もが主役」

時代と共に進化し、世界中の誰もが人生の主役になれる舞台を提供できる会社をめざします。

 

・私たちが大切にする価値観

「好奇心、上昇志向、一体感」

当社が創出する都市開発により、利用者、居住者やそこに訪れる人みなさんの人生の質“Quality of Life”を向上させる街づくりを社会に提供し続けます。

 

※ユニキュベーションとは、Uniqueness（面白さ）とIncubation（育成）を組み合わせた造語です。独自の視点で社会及び地域の課題解決に繋げる、唯一無二の建物の創出を目指します。

 

また、当社グループ全体としてストック収入の増大・不動産ノウハウの蓄積など、相乗効果が得られるような事業展開を行っております。

加えて、当社グループは、開発物件の供給を中心としたフロー収入に加え、賃貸管理・運営、ホテル運営及びアセットマネジメント等のストック型収益機会を組み合わせることで、安定収益の拡大及び事業基盤の強化を図っております。

 

当社グループは不動産開発事業の単一セグメントであるため、主なサービスの内容について以下に記載いたします。

 

(1) 不動産開発サービス

 

当社グループは、レジデンス（賃貸マンション）、オフィス、ホテル等を不動産開発サービスの対象としております。レジデンスは「Blancé（ブランセ）」、「LUMIEC（ルミーク）」のブランド名で開発を行っております。

また、近時は既存建物の取得後にリノベーション等のバリューアップを図り、価値向上を実現する開発にも注力しており、当該バリューアップ型賃貸レジデンスについては「LUMIEC un（ルミーク アン）」として商品展開を行っております。オフィスは「BIASTA（ビアスタ）」のブランド名で開発を行っております。

 

a．特徴

 

当社では、案件担当者が仕入から開発、販売まで一貫して担当することによりスピード感を持った判断、機動力のある迅速な業務執行が可能であると共に、不動産開発サービスに関するノウハウ及び開発後の運営に関するノウハウを持ち合わせていることから、企画から運営まで一気通貫の不動産開発サービスの提供が可能となっております。

 

また、不動産賃貸管理やホテル運営の各サービスを当社グループにおいて提供することにより、世の中が求めているサービスのニーズをタイムリーに把握し、他社ではあまり手掛けられていない新たなサービスの提案を行うなど、不動産開発サービスに生かすことができる体制となっております。

 

これまでにおいては、定額制のパーソナルトレーニングサービスや朝食提供サービスを導入したレジデンスの案件や、住宅街の駅前にクリニックを集めたメディカルモールの案件を販売するなど、相場賃料や想定利用人数といった建物の需要にとどまらず、周辺地域でどのようなサービスが求められているかに至るまで徹底的なリサーチを行うことにより、その用地に合わせたサービスの付加を企画するといった特徴的な案件開発の実績を重ねております。

 

また、テナントを先に決めた上でその需要に合わせて建設を行うBTS（Build To Suit）型施設の開発も行っており、PET-CTなど高度な医療機器を備えた人間ドック受診センターや学生マンションの開発も手掛けております。なお、BTS（Build To Suit）型施設とは、大規模施設の開発の際に、入居するテナントや顧客のニーズに合わせて、施設の用地選定から、テナント仕様で設計・開発などを行ういわゆるオーダーメイド型の施設を意味します。

 

そのほかにも建設期間中の開発案件をＳＰＣへ売却し、販売後も当社のノウハウを活かし、投資家及びＣＭ（コンストラクション・マネジメント）として関与するファンド型のスキームも継続して行っております。なお、ＳＰＣ（特別目的会社）とはSpecial Purpose Companyの略であり、当社では特定の不動産について当社の信用リスクから切り離し、資金を調達するために設立する場合があります。また、ＣＭとは、プロジェクト全体計画に従い、主にコストやスケジュール管理を行い、計画通りにプロジェクトを完了させるための業務であります。

当事業年度においても、当社は当該スキームを活用した案件組成等を行っております。

 

さらに、当社は事業環境の変化に応じて、既存建物の取得後にリノベーション等を実施し、物件の価値向上を図るバリューアップ型の開発も推進しており、「LUMIEC un」を当該開発のブランドとして位置付けております。「LUMIEC un」は、当社賃貸レジデンスブランド「LUMIEC」から派生したバリューアップ型ブランドであり、既存建物の取得後に、リノベーションや運営改善等を通じて収益性向上を図り、不動産の価値を高めることを志向しております。

また、当社は当該バリューアップ型開発において、当社単独での取得・開発に加え、他社デベロッパーとの協業による事業機会の拡大も図っております。

 

 

 

 

b．顧客層、商圏

 

レジデンスやオフィス等を開発対象として用地を仕入れ、リターンを得られる投資対象として案件を組成した後、１棟販売にて数十億円程度のロットがある案件は不動産投資家に直接販売し、数億円程度のサイズが小さい案件は仲介業者を通して個人富裕層または当該個人の資産管理会社、一般事業法人向けに販売をしております。

不動産開発サービスは、当社が大都市圏を対象に行っております。

 

(2) 不動産賃貸管理サービス

 

不動産開発サービスにおいて開発した案件について、販売後も顧客に責任をもってフォローするため、顧客の「良き代理人」であることを当社グループの使命として、不動産賃貸管理サービスを行っております。

当社グループは、開発段階から運営を見据えた企画・仕様検討を行い、竣工後の賃貸運営においても物件価値の維持・向上及び収益性向上を図ることで、投資家・オーナーの投資成果最大化に貢献することを志向しております。

 

具体的なサービス内容は以下のとおりです。

 

a．商業施設等

 

商業施設、複合施設のエリア特性やトレンド等の市場調査を元に賃貸を支援する業務（リーシング）を行っております。施設運営に欠かせない清掃・各種設備の保守点検等は専門業者を派遣し、日常のスケジュール管理や、行政への報告などを代行しております。

 

b．オフィス

 

物件のコンセプトや特徴をアピールした資料作りや、オフィス専門の仲介業者との協力体制のもと、テナント誘致を行っております。オーナー様のご要望や物件に即したテナントであるか調査した上で、契約の締結、入居後のサポートまで代行しております。

 

c．レジデンス

 

地域に根差した仲介業者との協力体制のもと、年間を通し、時期的・地域的特性を踏まえリーシング条件の提案を行っております。共用部の有効活用や環境維持、設備保守等の建物規模に応じた提案をしております。

 

不動産賃貸管理サービスは、連結子会社のコロンビア・コミュニティ株式会社が１都３県（東京都、神奈川県、埼玉県、千葉県）を対象に行っております。

 

(3) ホテル運営サービス

 

当社グループは、ホテルの運営サービスを行っております。当社が手掛けるホテルは、単なる宿泊機能の提供に留まらず、地域性や文化・アート等の要素を取り入れた空間価値を創出することで、滞在価値を高めることを志向しております。当該サービスは主として、連結子会社であるコロンビアホテル＆リゾーツ株式会社により担われております。同社は、これまでのホテル開発・運営ノウハウを活かし、より多様な滞在ニーズに応えることを目的として、新たなホテルブランド「NOCTIS（ノクティス）」を立ち上げております。「NOCTIS（ノクティス）」は、都心におけるプレミアムな滞在体験を提供する新たなライフスタイルホテルブランドであり、グループ旅行や長期滞在といったニーズに応えるとともに、「コミュニケーションが生まれるホテル」をコンセプトとして展開してまいります。また、すべての施設には、ゲスト同士の交流、ホテルスタッフとの対話、さらには地域とのつながりを育む場として、Barの設置を予定しております。

 

当社は、不動産開発と高度なサービスの付加によるユニキュベーションを継続的に行っていくことをミッションとしており、今回の新ホテルブランド「NOCTIS（ノクティス）」もその中核となるプロジェクトの一つと位置付けております。

 

なお、当社グループは「NOCTIS（ノクティス）」の展開に向けて、複数の開発予定地の取得を行っており、千代田区外神田六丁目（2026年開業予定）、渋谷区円山町一丁目（2027年開業予定）、港区元麻布三丁目（2028年開業予定）、台東区台東一丁目（2028年開業予定）等において、ホテル開業に向けた用地取得・計画を進行中であります。千代田区外神田六丁目については、コロンビアホテル＆リゾーツ株式会社が運営中のBnA Studio Akihabaraの隣地を取得済みであり、既存施設を増築し、リブランドを予定しております。また、台東区台東一丁目については、購入に向けた契約を締結済みであります。

 

＜「NOCTIS」シリーズの部屋イメージ＞

 

(4) アセットマネジメントサービス

 

当社グループは、投資家からの委託を受け、資産形成や資産の運用、保全を行うアセットマネジメントサービスを提供しております。

当社グループのアセットマネジメントサービスは、当社の不動産開発及び運営のノウハウを活用し、投資家に対して不動産投資機会の提供及び投資成果の最大化を図ることを目的としております。

 

当該サービスは主として、連結子会社のコロンビア・アセットマネジメント株式会社により担われております。

同社は2024年より投資助言・代理業を行っておりますが、2025年には投資運用業（不動産関連特定投資運用業）及び第二種金融商品取引業の変更登録を完了し、業容の拡大を進めております。

 

また、同社の投資助言業務の受託事例として、複数のレジデンスを投資対象とした案件の受託を行い、累計の受託資産額（AUM）が480億円超となる見込みである旨を開示しております。

 

(5) 多様な収益ポイント

 

当社グループは、土地に建物を建てて売却を行う不動産開発のみならず自社開発型、ファンド型及びバリューアップ型の３つの事業スキームを展開しております。ひとつの土地に対して最適なスキームを選択することで利益の最大化及び資産効率の最適化を図ることができます。加えて、どのスキームでも当社グループ内でのシナジー効果が活用できることで多様な収益ポイントを確保することが可能となります。

 

 

［事業系統図］

事業系統図によって示すと次のとおりであります。

 

（参考）情報発信体制

当社は、株主・投資家等に対する情報発信の更なる強化を目的として、2025年６月にX（旧Twitter）及びメディアプラットフォームnote上にて公式IRアカウントを開設し、決算情報やIR関連情報等の発信を行っております。"
147A,株式会社ソラコム,2026-03-31,"３ 【事業の内容】

当社グループは、当社、連結子会社である米国のSoracom Global, Inc.、英国のSORACOM CORPORATION, LTD.及び国内の株式会社キャリオット、株式会社ミソラコネクトの計５社で構成されており、AI/IoTプラットフォーム事業（単一セグメント)を展開しております。

 

（１)ビジョン

現在、あらゆるモノがインターネットにつながるIoT（Internet of Things)の活用が世界的に加速しております。IoTの導入によって労働力不足やサステナビリティといった様々な社会的な課題を解決することが望まれております。しかし、デバイスの多様化、データ通信の複雑化、テクノロジーの高度化は益々進んでおり、企業がIoTを導入するには、ハードウェア、ソフトウェア、通信、セキュリティ、生成AIと多くの技術要素が複雑に絡む様々な課題に対処する必要があります。
当社グループは「Making Things Happen for a world that works together」をビジョンとして掲げ、日本から世界へと広がるグローバルな視野を持ちながら、IoTとAIのテクノロジーイノベーションを通じて社会に貢献することを目指しており、IoT活用に必要な各種サービスをワンストップに提供する事業を展開しております。最も顧客至上主義な会社として、当社のプラットフォームサービスの利用によって、多くの企業が気軽にIoTを導入し、即時に大規模展開することが可能となる「テクノロジーの民主化」を実現し、社会をより良いものへ変革することを目指しております。

「私たちがつくるのは、共鳴しあう世界です。モノや人がつながり、それぞれの価値が増幅しあい、 想像を超える未来が次々と生まれていく。通信、クラウド、AIといったテクノロジーを誰もが使えるように して、志を共にするパートナーたちと共に世界をよくするイノベーションへとつなげる。IoTと、その先へ。」

 

（２)事業・サービスの概要

当社グループは、顧客企業がIoTを導入・運用する際に直面する共通課題を解決するIoTプラットフォーム「SORACOM」（以下「当社プラットフォーム」という。)を提供しております。具体的には、IoTデバイスやIoT SIM、IoTに必要な通信回線、IoTサービスに求められるデータ保存や可視化アプリケーション、ネットワークサービス等をプラットフォームサービスとして提供しております。顧客企業は、当社プラットフォームを利用することで、迅速かつ効率的にIoTサービスを立ち上げることが可能になります。さらに、エコシステムパートナー企業には、プラットフォームを補完する多様なサービスの提供をいただき、共にIoTのエコシステムを発展させております。

 

当社はKDDI株式会社や株式会社NTTドコモなどの移動体通信事業者(MNO：Mobile Network Operator)から通信回線を調達している仮想移動体通信事業者(MVNO：Mobile Virtual Network Operator)であるとともに、クラウド上にモバイル・コア（注)を独自に構築することによって、IoTに特化した通信サービスをコスト競争力のある価格で提供しております。当社プラットフォームのコスト競争力は、MNOが提供する従来型のモバイル・コアが、サーバー、交換機及びデータセンター等を主にハードウェアによって構築しているため、多額の設備投資や更新費用の負担が必要となる一方で、当社独自のモバイル・コアはサーバー、交換機、データセンター等の機能をソフトウェアによりクラウド上に構築しているため、設備投資や更新費用の負担が相対的に少なくなっていることに起因しております。

また、当社プラットフォームは全てクラウド上に展開していることから、クラウド上の他社サービスとの親和性が高いだけでなく、当社独自のプラットフォームサービスとして、データの蓄積や可視化、クラウド連携やリモートアクセス、パケットキャプチャー、閉域ネットワークなど様々なIoT向けサービスを顧客のフィードバックを基に自社で開発し、柔軟に提供することが可能であり、継続的な機能更新や追加等を含めた拡張性を備えております。

（注) モバイル・コアとは、モバイル通信の基幹システムで、端末の制御、加入者情報管理、通信経路設定等を行っております。

 

当社プラットフォームは、一定規模の回線契約を必要とせず１回線からIoT通信を手軽に利用することが可能であり、かつ、予め必要となる各種IoT向けサービス・機能が用意されていることから汎用的に利用可能であるため、スタートアップ企業から大企業までの様々な規模の顧客企業において、システム開発又はカスタマイズ等の初期投資を抑えつつIoTを導入することが可能となっております。今までは顧客がIoT通信を開始するためには、MNOと一定規模の回線数をまとめて契約しなければならず、初期投資も多額になる傾向だったものが、当社プラットフォームは、１回線から利用できる汎用的な通信サービスを提供しているため設備負担が少ない形でIoT通信を開始することが可能です。

 

また、一般的なMVNOから安価な通信サービスを利用した場合、当社プラットフォームのようなIoT向けサービスをワンストップで提供していないことが多いため、顧客はIoTの導入を一気通貫で進めることができないことがあります。一方で、当社プラットフォームにおいてはデータの蓄積や可視化、クラウド連携やリモートアクセス、パケットキャプチャー、閉域ネットワークなど様々なIoT向けサービスを利用できるため、顧客はIoTの導入を一気通貫で進めることができます。さらには、顧客がIoTを始める上で必要なシステムを新しく自社開発することなく、当社のプラットフォームサービスを利用するだけでIoTを導入することが可能です。

加えて、当社プラットフォームを利用したIoT導入を支援するパートナープログラムを構築しており、顧客企業がIoT活用を進める上での課題を解決するエコシステムを形成しております。エコシステムのパートナー企業は当社プラットフォームを活用して、付加価値の高いソリューションやシステムインテグレーションをIoTを導入する顧客企業に提供することが可能となっております。これらエコシステムのパートナー企業数の増加が当社プラットフォームを補完するサービスの充実につながり、IoTのエコシステムを発展させております。日本では、2015年９月以降、パートナープログラムを洗練させており、参画するエコシステムパートナー企業（注)は年々増加しております。

（注) エコシステムパートナー企業は、認定資格者数や販売実績などの一定の基準を満たし、当社プラットフォーム活用の実績を持つと認定されたパートナーをいいます。

 

上記の事業サービスを展開することにより、当社プラットフォームを活用して、スマートメータリング、シェアリングモビリティ、スマートファクトリー、クラウド通訳機、子供やシニアの見守り端末、遠隔医療、遠隔監視といった、顧客企業の業務効率化や省力化の推進や、社会課題を解決するための数多くのIoTサービスが創出されております。

 

当社プラットフォームは、顧客企業自らがインターネット検索、Web広告、オンラインイベントやディベロッパーコミュニティの口コミや評判を通じて当社プラットフォーム及びサービスに興味を持ち、Web上にて通信SIMの購入及びサービス利用契約を行い、サービス利用を開始することが可能なセルフサービスモデル型の事業展開を構築しております。また、当社プラットフォームの利用を小規模から開始した顧客に対しては、IoT分野に精通する当社営業人員やエコシステムのパートナー企業が顧客のIoT利用の拡大をサポートしており、顧客のIoT利用が大きく拡大すると、IoTの成功事例として他の顧客に波及（ネットワーク効果)し、新たな顧客による当社プラットフォームの利用につながるという好循環が生まれているものと認識しております。なお、顧客獲得戦略は後述「第２ 事業の状況 １ 経営方針、経営環境及び対処すべき課題等」に詳細を記載しております。

このような顧客獲得戦略によって、2026年3月末において国内外のグループ全体の課金アカウント数（注)は1万4百を超えて拡大しており、スタートアップ企業から大企業、米国／欧州企業まで多くの顧客が当社プラットフォームを利用するに至っております。

 

最近では、AI技術の社会実装に強みを持つ株式会社松尾研究所（所在地：東京都文京区、代表取締役 川上登福)とともに、ChatGPTに代表されるGenerative AI（GenAI、以下「生成AI」という。)とLLM（大規模言語モデル)のIoT分野での活用を研究・推進するチーム「IoT x GenAI Lab」を設立しました。IoT分野における生成AI、LLMを用いた技術検証やプロトタイピング、新たなプロダクトの開発を行うとともに、ユーザー企業向けのプロジェクト支援を視野に入れ活動し、将来の事業・サービスの拡大を図っています。

 

（注) 課金アカウント数は、１ヶ月の間にリカーリング収益が発生した口座数をいいます。同一の顧客企業等が部署や業務別に複数の口座を有する場合が含まれております。

 

当社グループが獲得する収益は、「リカーリング収益（プラットフォーム利用料)」、「商品販売」及び「その他」により構成されており、各サービス等の概要は以下のとおりであります。

 

［リカーリング収益 （プラットフォーム利用料)］

① 通信サービス(コネクティビティ)

IoT向けの通信接続を提供するサービスであり、「SORACOM Air」の名称にて以下の通信規格に対応したサービスを提供しております。当該サービスにおいては、通信サービスにかかる従量課金による継続収入を受領しており、リカーリング収益の主要な収益源となっております。

・セルラー通信

当社グループの主たる通信サービスであり、携帯電話向け周波数帯である２G/３G/LTE/５Gに対応したデータ通信SIM「IoT SIM」による通信サービスを提供しております。当該通信サービスは、国内向け回線及びグローバル回線に区分され、世界207の国と地域における利用をカバーしております。

・LPWA通信

省電力及び長距離伝送を特徴とし、IoT用途での利用に適したLPWA(Low Power Wide Area)通信を用いたサービスであり、Sigfox、LoRaWAN及びLTE-Mの各ネットワークを利用した通信サービスを提供しております。

・その他通信

上記の他に、Skylo Technologie, Inc. と協業し、衛星通信を提供しております。また、Wi-Fi、有線通信、衛星通信など通信経路に限らず、ネットワーク上のデータを暗号化して通信を行い当社グループのIoTプラットフォーム機能を利用できる「SORACOM Arc」も提供しております。

 

② ネットワークサービス

IoTシステム運用のためには、安全性の確保、通信方向の制御、取得したデータの利用等、通信サービス（コネクティビティ)の利用だけでは解決できない様々な課題が生じます。これらの課題を解決するために、VPN接続や物理専用線によりIoTデバイスから各種クラウドや顧客データセンターまでをセキュアに接続するサービス、当社通信サービスによりつながるIoTデバイスに必要時に遠隔から安全にアクセスできるサービス等を提供しており、ネットワークサービス上の顧客のデータ利用に応じた従量課金による継続収入を受領しております。

 

③ アプリケーションサービス

IoTデバイスから送信されるセンサーデータ等を時系列で保存する機能、データを可視化するダッシュボードの作成/共有サービス、各種クラウドやAI/機械学習などのサービスへのデータ転送サービス、IoT デバイスの管理等IoTデータ活用やIoTデバイス活用における課題を解決する機能を提供するサービスを提供しており、顧客のデータ利用に応じた従量課金による継続収入を受領しております。

 

④ その他（KDDI向けプラットフォーム提供)

主要株主であるKDDI株式会社との業務提携契約に基づく協業の一環として、同社が構築する「IoT世界基盤」(グローバルIoTアクセス)の基礎となる通信ネットワークについて、当社プラットフォームを提供しております。

 

［商品販売］

通信サービス提供時の回線契約に伴い主に販売される通信用IoT SIMに加えて、通信モジュール、USBドングル、カメラ・GPS・ センサー等のIoTデバイス等の商品を仕入販売しております。また、特定大口顧客向けにはスマートメーター等の商品を販売しております。

 

［その他］

① プロフェッショナルサービス

当社グループのIoTプロフェッショナルコンサルタントが、顧客企業のIoT導入プロジェクトにかかる技術要素や課題の整理、実行計画立案の支援等、顧客プロジェクトに参画・サポートを行うコンサルティングサービスを提供しております。また、企業のIoTプロジェクトに関するシステム開発の考え方や、システム構成、具体的なサービス提供について実装するワークショップも提供しております。

 

② 業務受託

主要株主であるKDDI株式会社との業務提携契約に基づく協業の一環として、技術開発支援等の業務を受託しており、個々の受託案件毎に業務受託収入を受領しております。

 

「商品販売」や「その他」の売上については顧客がIoT事業を始めるときだけでなく、IoT事業の拡大に伴って継続的に増加する売上であるため、「商品販売」や「その他」の売上をインクリメンタル収益と呼称しており、インクリメンタル収益の増加に伴って、リカーリング収益も増加していく関係にあります。一般的なIoTプロジェクトは、顧客企業がSIMやデバイスを購入し、PoC（概念検証)を実施した後、商用サービスを開始するにつれ規模が拡大していきます。規模の拡大とともに、インクリメンタル収益は増加するとともに、リカーリング収益の割合が高まっていく傾向があります。

 

（３)事業の特徴

[技術的な優位性]

① パブリック・クラウド上に構築した独自のモバイル・コアについて

従来型のモバイル・コアは交換器やサーバー等をハードウェアで構築していたため設備投資負担が大きいところ、当社グループはパブリック・クラウド上にソフトウェアベースで独自のモバイル・コアを構築しているため、コスト競争力と高い拡張性を実現しております。このモバイル・コアに関連する特許も100以上有しており、当社プラットフォームの技術的優位性の源泉となっております。

 

② 継続的な機能更新及びサービス拡張について

当社グループは創業以降、プロダクト開発を積極的に進めており、多くの顧客企業がIoTに取り組む際に直面する共通課題を解決できるサービスを通信(コネクティビティ)、デバイス、アプリケーションの多岐にわたり提供しております。必要な機能が、レゴのブロックのようにモジュールとして揃っているため、顧客企業は、必要な要素を活用することで、すぐに新しいサービスを創り出すことができます。

また、顧客企業からのフィードバックに基づいた継続的な機能更新及びサービス拡張を実施しております。近年は平均２週間の開発サイクルにて継続的に新機能をリリースしており、当社プラットフォームのアップデートを通じて、顧客は先端技術の導入や利便性が向上されたサービスの利用が可能となっております。生成AIを活用した主な取り組みは以下のとおりです。














 



2023年



SORACOM Harvest Data Intelligence



IoTデータ保存サービス「SORACOM Harvest Data」に蓄積された時系列データをAI分析し、異常値や傾向などを自然言語で受け取ることが可能







 



2023年



IoT x GenAI Lab 設立



株式会社松尾研究所とIoT分野におけるLLM（大規模言語モデル）の活用を研究・推進する共同ラボを設立







 



2024年



SORACOM Flux



プログラミングの専門知識がなくても、生成AIを利用してIoTデバイスからのデータ（センサーデータ、カメラ画像など）を基に、さまざまな処理や連携を行うIoTアプリケーションを簡単に構築できるサービス







 



2025年



SORACOM Query



生成AIを統合したデータ分析基盤サービス。センサーデータやSIMの通信状況といったIoTデータを自然言語で検索・可視化・分析することが可能







 



2025年



Wisora



生成AIを活用し、ボットの「学習」から「利用」「分析・改善」まで、必要な機能を搭載した業務支援サービス





 


 

 ② 多様な通信規格への対応及びクラウドとの高い親和性

当社プラットフォームは通信サービスにおいて、セルラー回線（３G～５G)及びSigfox等のLPWA回線による通信規格に対応しているほか、仮想SIMを発行することによりWi-Fiや有線Ethernetのインターネット回線などで接続するデバイスを提供しております。また、多様な通信規格による接続を可能とし、それら通信によって収集されたデータを当社プラットフォーム上で、一元的かつ容易に管理可能な設計としております(「Connectivity Agnostic」と称しております)。

また、当社プラットフォームはパブリック・クラウド上で構築されていることから、同じくパブリック・クラウド上に構築された顧客システムとの互換性が非常に高いことに加えて、データセンターなどのプライベート・クラウドも含め、他のクラウドサービスとの連携も容易に実行可能となっております(「Cloud Agnostic」と称しております)。

当社グループは、上記の「Connectivity Agnostic」及び「Cloud Agnostic」を、当社プラットフォームの機能柔軟性における特徴として顧客に訴求しており、一定の評価を受けているものと認識しております。

 

[グローバル・カバレッジ]

当社グループの現在の売上高においては、国内向けサービスが過半を占めておりますが、当社グループは、国内向けに加えて、海外地域向けサービスも展開しております。

当社グループは、SIM内のソフトウェアを自社開発することで回線プロファイルの拡張を可能としており、顧客ニーズに合わせてカスタマイズできるSIM/eSIMを提供しております。海外における接続回線は、欧州、米国、アジアの複数のキャリアとの契約により当該キャリアがローミング接続する各地域の通信キャリア回線を含めた調達を実現しており、当社プラットフォームは2026年３月時点において207の国と地域で、550のキャリア（注)を使用することが可能な通信カバレッジ体制を構築しております。

また、契約の切り替え無しに複数のキャリアを使用できることも特徴のひとつであり、例えば、米国においては、全土にIoTシステムを配置しようとした場合に一つのキャリアが提供する通信ではIoTシステムをカバーできないという顧客側の課題がありますが、当社プラットフォームにおいては複数のキャリアを使用可能とすることでこれを解消しており、同国における競争優位性を確立していると考えております。

（注) キャリアは、当社プラットフォームが接続可能な移動体通信事業者をいいます。

 

[強固なセキュリティ]

IoTプラットフォームを提供するにあたり、当社は2017年に情報セキュリティマネジメントシステム（ISMS)の国際規格であるISO/IEC 27001:2013の認証を取得しているほか、AWS Foundational Technical Review等の外部機関によるシステム脆弱性診断を実施し指摘事項に対応することで、強固なセキュリティを構築しております。社内においてもISMS取得に際して情報セキュリティに関する各種規程を整備し運用したほか、四半期に一度システムに係る内部監査を実施することで、継続的にセキュリティを確認しております。

このようにセキュリティの管理運営に関して充実を図ることで、当社グループのIoTプラットフォームサービスを顧客が安心かつ安全に利用することが可能になっているものと考えております。

 

[顧客ストックの蓄積と事業拡大]

当社グループのサービスにおいては、IoT領域における特性として一度導入されたサービスが継続利用される傾向が強く、サービス開始以降、順調に顧客数は拡大しております。また、当社グループの事業においては、導入時におけるIoTデバイスの販売、各種セットアップ料等の初期費用にかかるインクリメンタル収益に加えて、データ通信量等のサービス利用に応じた継続課金にかかるリカーリング収益を獲得する構造であることから、比較的安定したビジネスモデルが構築されていると考えております。

当該ビジネスモデルにおいては、データ通信を実現する契約回線数（注１)と課金アカウント数（注２)の増加が重要となりますが、当社グループと顧客企業との取引においては、サービス導入時は小規模で開始されるものの、顧客企業におけるサービス導入範囲の拡大や、顧客企業が提供するIoTビジネスの拡大等に伴い、契約回線数並びにデータ通信量が拡大するケースが多く、新規顧客獲得に加えて、既存顧客との取引拡大が事業成長に大きく貢献する構造となっていると認識しております。

（注)１．契約回線数は、セルラー回線及びLPWA回線の数をいいます。

２．課金アカウント数は、１ヶ月の間にリカーリング収益が発生した口座数をいいます。

 

 

当社グループの事業系統図は以下のとおりであります。




 

 

用語解説

本項「３ 事業の内容」において使用しております用語の定義について以下に記します。












用語



用語の定義







IoT



Internet of Things(モノのインターネット)の略称。様々なモノをインターネット接続して活用すること又はその技術を意味します。この仕組みにより、離れた場所にあるモノ同士のデータの授受、遠隔操作などが可能になります。







IoTプラットフォーム



IoT向けのプラットフォーム。







インターフェース



２つの異なる機器やシステム、ソフトウェア間で情報のやり取りがなされる際、その間をつなぐ規格や機能であり、当社においては、外部からWebを介して当社プラットフォームとの接続を可能にし、アクセス権限管理やユーザーがソフトウェアを操作したり、アプリケーションを構築できるサービスなどを提供しております。







モバイルコアネットワーク



モバイル通信の基幹システムであり、端末の制御、加入者情報管理、通信経路設定等を行うネットワーク基盤を意味します。







IoT通信



IoT向けのデータ通信。







パケットキャプチャー



通信ネットワークや回線を流れるデータ(packet)を捕獲（capture)して、内容の表示や解析、集計などを行うことを意味します。これにより、通信の挙動の検証などを行うことができます。







閉域ネットワーク



不特定多数から直接アクセスを受けない、インターネットから物理的・論理的に分離されているネットワークを意味します。







２G



携帯電話等における通信規格「２nd Generation」の略称。デジタルな無線技術による通信を可能にした反面、通信速度が比較的遅い規格を意味します。







３G



携帯電話等における通信規格「３rd Generation」の略称。電波が広範囲に届くことにより様々な場所での通信が可能である反面、２Gに比べて通信速度が向上した規格を意味します。







LTE



Long Term Evolutionの略称。３Gより後に開発された携帯電話等における通信規格であり、３Gに比べて通信速度が向上した規格を意味します。







５G



携帯電話等における通信規格「５th Generation」の略称。従来の無線通信システムである４G/LTEに比べ、高周波数帯を利用した超広帯域伝送などによる高速・大容量通信、低遅延、多数接続といった特長がある規格を意味します。







SIM



Subscriber Identity Moduleの略称。利用者を識別する固有の番号が記録されており、端末に装着することで、通信することが可能になります。







LPWA



Low Power Wide Areaの略称。低消費電力で長距離の通信ができる無線通信技術を指します。







Sigfox



仏国Unabiz SAS社が提供する低消費電力・長距離伝送を特長とした、グローバルIoTネットワークを意味します。







LoRaWAN



LoRa(Long Range)の変調方式を採用したLPWAの通信規格のひとつを意味します。







LTE-M



LTEの一部周波数帯域のみを利用する通信規格を意味します。





 


 












用語



用語の定義







VPN



Virtual Private Networkの略称。暗号化等によりセキュリティを高めることを目的として、一般的なインターネット回線の中に作られた、仮想的なプライベートネットワークを意味します。







AI



Artificial Intelligenceの略称。人間が行う知的活動をプログラムとして実現することを意味します。







Wi-Fi



端末が互いに無線によって接続可能になる通信方式を意味します。







Ethernet



主に室内でコンピュータや電子機器をケーブルでつないで通信する通信規格を意味します。







ISMS



Information Security Management System(情報セキュリティマネジメントシステム)の略称。国際標準化機構(ISO)と国際電気標準会議(IEC)が共同で策定する情報セキュリティ規格で、情報資産の保護、利害関係者からの信頼を獲得するための“情報セキュリティ体制の確保”を目的としたフレームワークを意味します。







ISO/IEC 27001:2013



ISMSを構築することを目的に、その構築に必要な要求事項や管理策などを記載した国際規格を意味します。







AWS Foundational Technical Review



AWS上で提供されているサービスに関して、セキュリティ・信頼性・運用上の優秀性等の観点でワークロードを評価・診断することにより、AWSのベストプラクティスに沿っているか認定する制度を意味します。







回線プロファイル



APN（Access Point Name)設定プロファイル。回線へ接続するためのアクセスポイントを定義したファイルを意味します。このプロファイルを基に、回線へ接続することが可能になります。







eSIM



Embedded Subscriber Identity Moduleの略称。組み込み型のSIMであり、デバイスに手動で挿入するSIMカードとは違い、デバイスの製造時に基盤に実装されます。







ローミング接続



通信事業者間の提携により、利用者が契約しているサービス事業者のサービスエリア外であっても、提携先の事業者のエリア内にあれば同様のサービスを利用できることをローミングといい、そのサービスを利用した接続を意味します。







スマートメータリング



ガス・電気・水道等のメーターをインターネットに接続し、利用量や保安データの取得を可能にします。検針等にかかっていた業務コストの削減やデータの適時取得により、利用の予測と最適化、保安の高度化を実現します。







スマートファクトリー



工場内のシステムや生産設備等をインターネットに接続し、設備の稼働状況等のデータの取得を可能にします。得られたデータは、製造工程の可視化、生産性や品質の向上、在庫管理や物流の最適化に活用されます。







LLM（大規模言語モデル)



Large Language Modelsの略称。大量のデータをディープラーニング（深層学習)させることで、人が理解できる自然言語でのテキスト生成を実現します。IoT分野では、専門人材のようなデータ分析や予測などの分野で期待されています。"
148A,株式会社ハッチ・ワーク,2025-12-31,"３ 【事業の内容】

当社は報告セグメントを月極イノベーション事業及びビルディングイノベーション事業としております。

月極イノベーション事業には、「ＡＰクラウドサービス」及び「ＡＰソリューションサービス」が属しております。「ＡＰクラウドサービス」では、月極駐車場オンライン管理支援サービスである「アットパーキングクラウド」を展開し、管理会社からはシステム利用料、月極駐車場利用者からは初回保証料・月額保証料（毎月の保証料）・決済手数料・再請求手数料等を収受するサービスを提供しております。「ＡＰソリューションサービス」では、月極駐車場検索ポータルサイト「アットパーキング」及び当サイトに掲載された月極駐車場のマッチングサービスの提供、駐車場の一括借り上げにより自社運営し、集客と利用者へ転貸する月極駐車場サブリースといったサービスを提供しております。

月極駐車場のマッチングサービスを提供するポータルサイト「アットパーキング」については認知度向上や物件掲載エリアの全国拡大、オンライン契約に向けたシステム開発を積極的に進めるとともに、「アットパーキングクラウド」については、月極駐車場のオーナーや管理会社といったパートナーを開拓することで新規案件の獲得を進め、当社が管理を受託する駐車場数を拡大してまいりました。

ビルディングイノベーション事業には、「会議室サービス」及び「オフィスサービス」が属しております。「会議室サービス」では、貸会議室サービス「アットビジネスセンター」及び企業内の使われていない時間帯の会議室をシェアする会議室シェアサービス「シェア会議室」を運営しております。「オフィスサービス」では、ミドル世代コミュニティオフィス「インスクエア」の運営、オフィスビルの「プロパティマネジメント（PM）」・「ビルメンテナンス（BM）」サービスを提供しております。

会議室運営においては、事業環境の変化に対応し、テレワークやリモートワークのニーズに応える新たなサービス（WEB会議システム、ひとり会議室）を推進していくことでユーザーから支持される会議室、シェアオフィス等の開発・運営に努めてまいりました。

 

主な事業とその具体的内容


(1) 月極イノベーション事業


① ＡＰクラウドサービス


ａ 管理会社向け月極駐車場オンライン管理支援サービス「アットパーキングクラウド」

駐車場契約希望者が検索から申込、契約、決済までを全てオンラインで完結することができ、管理会社は物件情報の募集、審査、契約手続き、利用料回収といった多くの管理業務を自動化することにより削減できるサービスです。また、当社が委託された管理物件は、「アットパーキング」にも掲載され満空情報も適時に更新されるため、駐車場契約希望者は空いている駐車場を簡単に検索することができ、管理会社は手間なく集客力と駐車場の稼働率を向上させることが可能となります。

当社の収益化のポイントとしては、主に以下のものがあります。


イ システム利用料

管理会社との契約に基づきシステム利用料として、月額利用料を収受します。月額利用料は15,000円の基本プランと、基本プランのサービスからコールセンター及び既存の駐車場利用者の決済代行を対象外としたフリープランがあります。


ロ 決済手数料

駐車場利用者の駐車場利用料を当社が決済代行することで、駐車場利用者に対し手数料を収受します。なお、口座引落不能の場合には再請求手数料を収受します。


ハ 初回保証料

駐車場利用者が利用料を滞納した場合に当社が管理会社に立替払いする保証契約を駐車場利用者と締結したときに、利用料の１ヶ月分を初回保証料として初回に限り収受します。


二 月額保証料

「ハ 初回保証料」に記載の駐車場利用者との保証契約を締結したのち、毎月月額利用料の５％を月額保証料として収受します。なお、管理会社が当社と契約する前から利用していた駐車場利用者とは保証契約を締結しないため、初回保証料及び月額保証料を収受せず、当該利用者が解約し空いた駐車場に新たに利用申し込みがあった場合や、当社と管理会社の契約時点で空いていた駐車場に新たに利用申し込みがあった場合に収受します。

 


② ＡＰソリューションサービス


ａ 月極駐車場検索ポータルサイトとマッチングサービス「アットパーキング」

掲載されている駐車場数が６万５千箇所を超える（2025年12月末時点）月極駐車場検索ポータルサイトです。駐車場契約希望者に対して、基点となる住所からの立地や利用料などの希望に最適な駐車場を提案し、契約から利用開始までをサポートするマッチングサービスを提供しております。当社の収益は、管理会社と駐車場利用者との契約が成立することで収受する、駐車場利用料１ヶ月分のマッチング（仲介）手数料となります。


ｂ 駐車場の一括借り上げと利用者への転貸「月極駐車場サブリース」

月極駐車場オーナーや管理会社から一括して駐車場を借り上げ、自社運営駐車場として当社が主体となって駐車場利用者を集客し利用契約を締結し転貸（サブリース）するサービスを提供しております。これにより、月極駐車場オーナーにとっては安定した収益を確保することが可能となります。当社の収益は、毎月の駐車場利用料となります。

 


  月極イノベーション事業の事業系統図は以下のとおりです。

 




 


(2)ビルディングイノベーション事業


① 会議室サービス


ａ 貸会議室サービス「アットビジネスセンター」

東京・横浜・大阪を中心に、貸会議室、セミナー会場、多目的ホール等の会場を運営しております。

運営方式として、当社が賃貸借契約によりオーナーからフロアを借り上げたうえで設備機器・備品等を設置しサービス提供を行い、会議室の利用料等はすべて当社の収益となる「直営方式」と、当社は他社の貸会議室の運営業務のみを委託され、収益はレベニューシェアにより一定割合を配分する「委託方式」があります。


ｂ 企業内会議室シェアサービス「シェア会議室」

企業内の使われていない時間帯の会議室をシェアすることで、余剰空間を最大限に生かすことができ、オフィス内に埋もれた資産である「ワークスペースの空き時間」から利益を生み出します。「アットビジネスセンター」のブランドとノウハウで、集客・予約・集金・問合せ電話応対等を当社が対応いたします。

運営方式は「アットビジネスセンター」同様、「直営方式」と「委託方式」があります。

 


② オフィスサービス


ａ ミドル世代コミュニティオフィス「インスクエア」

40代以上をメイン利用者に捉え、起業家や士業向けのインキュベーション型コミュニティレンタルオフィスを運営しております。こちらのサービスでは働き方に合わせて、バーチャルオフィス、コワーキングスペース（フリーデスク）、レンタルオフィス（個室）を用意し、各々法人登記が可能となっております。また、フロント対応・郵便物の受け取り・テレアシスタント（電話受付）・ITサポート（IT機器の導入支援やトラブルシューティング等）といった各種サービスを提供しております。

運営方式は会議室サービス同様、「直営方式」と「委託方式」があります。


ｂ オフィスビルの「プロパティマネジメント（PM）」・「ビルメンテナンス（BM）」サービス

「プロパティマネジメント」は、当社のネットワークを活用したテナント募集から、契約書作成・締結、資金管理などビル経営を総合的にサポートし、ビルオーナーの収益最大化に貢献します。「ビルメンテナンス」は、ビルを優良な資産として維持するために建物や各種設備の管理から衛生・清掃管理、警備管理までのメンテナンス業務を提供しております。当社は、委託された業務に対する収益を収受します。

 


  ビルディングイノベーション事業の事業系統図は以下のとおりです。"
1491,中外鉱業株式会社,2026-03-31,"３【事業の内容】

当社グループ（当社及び当社の関係会社）は、当社（中外鉱業㈱）及び子会社４社により構成されており、貴金属事業、機械事業、コンテンツ事業を主たる業務としております。

(1）貴金属事業 当社及び子会社JACK DIAMOND Co.,Ltd.が貴金属・美術品・宝飾品の販売、金・銀・プラチナ・パラジウム等の生産、販売、含金銀非鉄金属の仕入販売等を行っております。

(2）機械事業 子会社㈱インテックスが中古工作機械・鈑金機械等の仕入、販売を行っております。

(3）コンテンツ事業 当社が玩具、遊戯用具の企画、設計、製造、販売、キャラクター商品の販売、卸業及び企画・開発を行っております。

以上述べた事項を事業系統図によって示すと次のとおりであります。"
149A,株式会社シンカ,2025-12-31,"３【事業の内容】

当社は、「ＩＴで 世界をもっと おもしろく」を経営理念に掲げ、顧客対応業務の課題解決を目的としたクラウド型コミュニケーションプラットフォーム「カイクラ」を提供しております。近年、様々な分野においてテクノロジー化が進展しておりますが、中小企業等における顧客対応業務においては、未だテクノロジー化が遅れており、多くの課題が存在します。特に、電話を中心とした顧客とのコミュニケーションにおいては、コミュニケーションの記録がなされていない、または記録されていても顧客情報との紐づけが不十分であること、顧客対応が担当者のスキルに依存し属人化していること、組織として顧客とのコミュニケーション状況を把握・管理することが困難であること等の課題が顕著です。

これらの課題を解決するため、当社は“会話を クラウドで おもしろく”をコンセプトとする「カイクラ」を提供しております。「カイクラ」は、顧客（注１）に関する情報をクラウド（※）上に集約し、カイクラユーザー（注２）のオフィスの固定電話への着信時に顧客情報をパソコン、タブレット、スマートフォン等の画面にポップアップ表示する機能を有しております。これにより、担当者は過去の会話履歴や録音記録を参照しながら対応できるため、顧客対応の質を向上させ、属人化を解消することができます。

さらに、「カイクラ」は、ＳＭＳ（※）送信機能、通話録音機能、ビデオ通話機能、携帯通話録音機能、メール連携機能等の機能を提供し、顧客との多様なコミュニケーションチャネルを一元管理します。これらの機能により、電話だけでなく、ＳＭＳ、ビデオ通話、メール等のコミュニケーション履歴も顧客情報と紐づけて自動的に保存・管理することが可能となり、組織的な顧客管理を実現します。

また、販売面では、自社の販売部門や、販売代理店や取次店などの販売パートナーによる「カイクラ」の販売に加え、「カイクラ」の機能をより迅速に展開するため、「カイクラ」の一部機能を他社にＯＥＭ（※）提供することで、先方の販売力とブランド力を生かして「カイクラ」機能の拡大を担っていただいております。

当社は「カイクラ」を通して、顧客との様々なチャネルによるコミュニケーションを自動で記録・整理し一元管理し、必要な時にこれを参照できるようにすることで、顧客とのコミュニケーションロスやクレームを減らし、カイクラユーザーと顧客の双方の満足度を向上させるとともに、コミュニケーションに関する業務の効率化やカイクラユーザーにとって優良な顧客の囲い込みを可能とすることで、「カイクラ」を利用する企業や店舗、個人事業主などの生産性の向上に寄与していきたいと考えております。なお、当社は、カイクラ事業の単一セグメントであるため、セグメント別の開示を省略しております。

 

（注）１．カイクラユーザーのお客様（カイクラユーザーが提供する製品・サービスを利用している企業や個人）

２．当社が提供する「カイクラ」を利用している、当社の直接のユーザー

 

(1）コミュニケーションプラットフォーム「カイクラ」

(a）「カイクラ」の特徴

「カイクラ」は、企業活動で発生する様々なコミュニケーションのＤＸ（※）を実現するサービスであり、個別の機能として、オフィスの固定電話でのコミュニケーション支援機能やＳＭＳ送信機能、通話録音機能、ビデオ通話機能、携帯電話録音機能、及びメール連携機能などを備えております。「カイクラ」を使うことにより、顧客とのこうしたコミュニケーションを自動で記録・整理し、一元管理することが可能です（下図①）。

例えば、固定電話とＳＭＳなど、異なるコミュニケーション手段を用いて顧客とコミュニケーションを取った場合であっても、カイクラユーザーはカイクラを通じ、これらを自動で記録・整理し、顧客情報と関連付けして一元管理することが可能となります（下図②）。その結果、「カイクラ」を導入したオフィスでは、コミュニケーションの属人化を排除することができ、電話対応者の業務経験やスキルに依存しない、より質の高い顧客対応が可能となります。

また、固定電話及び携帯電話の会話を「カイクラ」で録音した場合、ＡＩ（※）により自動でテキスト化することができます。このテキスト化されたデータを用いて、「解約」等ビジネス上影響があると考えられる単語の強調表示や会話内で頻出する単語の分析などが可能となります。

「カイクラ」は、オフィスに設置したカイクラアダプターにより、そのオフィスへの固定電話への着信時に、インターネット回線を通じて関連する顧客情報やコミュニケーション履歴を自動で呼び出し、パソコン／タブレット／スマートフォンにこれらをポップアップします。カイクラアダプターを設置しても、カイクラユーザーは自身の固定電話番号などの電話環境を変更する必要はありません。

加えて、ＣＴＩを標準装備したクラウド電話サービス「カイクラフォン」の提供も開始しております（下図③

）。「カイクラフォン」はＰＣやスマートフォンアプリを用いて、固定電話の発着信を可能としており、オフィス以外でも固定電話業務を継続できることから、テレワークや外出先における電話対応の効率化を実現します。

上記により、顧客対応業務の効率を改善させ、電話対応の負担を軽減できることから、顧客満足度及び従業員満足度を向上させ、結果、カイクラユーザーの収益向上に貢献します。

 

(b）「カイクラ」の主な機能

イ．固定電話でのコミュニケーション支援

カイクラユーザーのオフィスの固定電話へ着信があった時に、関連する顧客情報や会話履歴を自動で呼び出し、パソコン／タブレット／スマートフォンにこれらをポップアップします。ポップアップさせる情報はカスタマイズ可能であり、例えば顧客氏名、住所、営業担当者、商品購入日、商品の詳細など、カイクラユーザーのニーズに合わせたオリジナルの画面を提供することができます。

また、カイクラユーザーが他社のＣＲＭ（※）システムを通じて顧客情報を管理している場合、ＡＰＩ連携（※）により「カイクラ」とこれらＣＲＭシステムとを連携させることが可能です。この場合、カイクラユーザーのオフィスへ着信があった時に、当該ＣＲＭシステムで管理されている情報を、「カイクラ」の画面上に表示させることができます。

これにより、電話の対応時に、カイクラユーザーが必要とする情報を確認できることから、よりきめ細やかで安定したコミュニケーションが可能となります。また、顧客情報はクラウド上のデータベースに蓄積されており、これは電話着信時だけではなくいつでも参照することができるため、カイクラユーザーは組織として、顧客情報やコミュニケーション履歴を管理することができます。

なお、カイクラ画面のイメージは以下のとおりです。

 

 

ロ．ＳＭＳ送信

「カイクラ」の画面から、顧客や自社の従業員に対してＳＭＳを送信することができます。ＳＭＳは携帯電話の番号に対して送信できるため、顧客への連絡や不在時の伝言に有効となります。また、「カイクラ」は送信したＳＭＳの履歴を自動で記録し、顧客情報と関連付けて一元管理するため、どの顧客に・いつ・どのようなＳＭＳを送信したか、顧客情報から検索できるだけでなく、カイクラユーザーのオフィスの電話に着信があった時にはその内容がパソコンなどの画面にポップアップされます。

さらに、「カイクラ」のＳＭＳ送信機能は予約送信機能を有しているため、例えば来店予約の前日に来店リマインドのメッセージを自動で送付するなど、いわゆるＭＡ（※）ツールとして利用することも可能です。

 

 

ハ．通話録音

カイクラユーザーのオフィスの電話の内容を自動で録音し保存することができます。また、この電話の会話内容をＡＩにより自動でテキスト化し、さらに生成ＡＩによりそのテキストを要約することも可能です。

通話録音の音声データ及びそれをテキスト化したデータは、「カイクラ」により自動で顧客情報と関連付けられ、一元管理されます。

この通話録音機能により、カイクラユーザーは重要な会話などについてあとから聞き直すことができ、より適切な顧客対応が可能となります。また、会話のテキストデータは「カイクラ」上で検索や分析が可能となるため、「解約」「キャンセル」などの特定のキーワードが含まれている会話だけを抽出したり、どのようなキーワードが頻繁に使われていたりするのかなどの分析も可能となります。

通話録音機能に関する「カイクラ」の画面は以下のとおりです。

 

ニ．ＡＩ要約機能（テキスト要約、感情ラベリング）

「カイクラ」での通話内容を自動でテキスト化し、そのテキスト化済みの発着信履歴の内容をＡＩが要約します。また、要約した内容をもとにＡＩが話者の感情をラベリングすることも可能です。これにより、会話内容のスムーズな共有や、話者の感情からクレームやカスタマーハラスメントの早期発見、対策も可能となります。

ＡＩ要約機能のイメージ図は以下のとおりです。

 

 

ホ．ビデオ通話

「カイクラ」はビデオ通話機能を有しております。特定のアプリケーションのインストールは不要で、パソコンやスマートフォンのブラウザ上で簡単にビデオ通話を行うことができます。このビデオ通話機能ではカメラを通じた動画や音声だけでなく、パソコンやスマートフォンの画面の共有も可能であり、ビデオ通話内容を録画することも可能です。この録画データも「カイクラ」により自動で顧客情報と関連付けて記録・整理され、他のコミュニケーション履歴とともに一元管理されます。また、その履歴は必要に応じて検索が可能です。

ビデオ通話機能のイメージ図は以下のとおりです。

 

 

ヘ．携帯通話録音

「カイクラ」は、固定電話だけでなく、社用の携帯電話で会話した内容を自動で録音することができます。また、この電話の会話内容をＡＩにより自動でテキスト化することも可能です。

この携帯電話での会話の音声データ及びそれをテキスト化したデータは、「カイクラ」により自動で顧客情報と関連付けて記録・整理され、他のコミュニケーション履歴とともに一元管理されます。その結果、カイクラユーザーはこの携帯電話での会話データを、顧客情報、オフィスの固定電話での会話内容、送信したＳＭＳ、ビデオ通話内容とともに参照することが可能です。

「カイクラ」の携帯通録は、録音データのアクセス権をアカウントごとに設定できるだけではなく、電話の相手先の属性ごとに、携帯電話での会話の録音可否を設定できます。このように、携帯電話での会話については、録音記録が必要な会話のみを記録し、必要な従業員にしかそれをアクセスできないようにすることで、個人情報やプライバシーに配慮しながら、必要な会話を一元管理することが可能となります。

携帯通話録音機能のイメージ図は以下のとおりです。

 

 

（注）３．現在、携帯通話録音機能はＮＴＴドコモ、au、SoftBankの提供する社用携帯電話のみ対応しております。

 

ト．メール連携

「カイクラ」は、オフィスの固定電話着信と同様に、メールの送信時及び受信時にその内容を「カイクラ」に取り込み、社内のチームメンバーに対してポップアップ通知することができます。これにより、「カイクラ」の画面上で顧客とのメールのやり取りを確認・共有できるとともに、固定電話やＳＭＳ、ビデオ通話、携帯電話など、「カイクラ」で一元管理されているその他のコミュニケーション履歴を参照しながらメール対応することが可能となります。

また、「カイクラ」に取り込むメールは顧客とのメールに限定し、その他の不要なメールは取り込まないなど、個人情報やプライバシーに配慮しながら必要なメールのみを一元管理することが可能です。

メール連携機能のイメージ図は以下のとおりです。

 

 

チ．クラウド電話（カイクラフォン）

「カイクラフォン」はＣＴＩが標準装備されているクラウド電話です。本サービスの利用に際しては、専用機器の設置や電話番号の変更を行う必要がありません（注４）。ＰＣやスマートフォン向けアプリを利用することで、オフィス外でも固定電話の発着信が可能となり、テレワークや外出先における効率的な電話対応が実現できます。また、本サービスはクラウドＣＴＩが搭載されており、電話の着信時に顧客情報とコミュニケーション履歴を自動的に表示させることができ、迅速かつ効率的な電話対応が可能となります。

クラウド電話（カイクラフォン）のイメージ図は以下のとおりです。

 

（注）４. 一部エリアに限定されます。順次拡大を予定しております。

 

 

(2）「カイクラ」の収益構造

「カイクラ」の主な収益構造は、カイクラユーザーから得られる「カイクラ」の利用料収入であります。

この利用料収入は、「カイクラ」導入時の初期売上、サブスクリプション（※）型の月額売上及びＳＭＳなどの従量課金売上の３つから構成されます。

初期売上は「カイクラ」を導入した拠点ごとに収益計上されます。また、月額売上及び従量課金売上は「カイクラ」を導入した拠点が継続して「カイクラ」を利用することで収益が計上されます。

当社の収益モデルは、「カイクラ」導入拠点数及びその利用量が増加するに従って月額売上及び従量課金売上などの収益が逓増する、いわゆるＳａａＳ（※）型の収益モデルとなっております。

2018年12月期以降の各期末時点でのアクティブユーザー（注５）（会社）及びその拠点数の推移、業界ごとの導入企業割合は以下のとおりです。

 

（注）５．アクティブユーザー：獲得したカイクラユーザーのうち、解約によりカイクラを利用しなくなったユーザーを除いたユーザー数

 

 

 

また、当社の事業系統図は以下のとおりであります。

 

［事業系統図］

 

＜用語集＞

下記は、「３ 事業の内容」の文章中において※で示した用語の本書内での意味を説明しております。

用語

説明

クラウド

インターネット等を経由して、コンピュータ資源をサービスの形で提供する形態のこと。

ＳＭＳ

「Short Message Service」の略称で、携帯電話の電話番号を使ってメッセージのやりとりができるサービスのこと。

ＯＥＭ

「Original Equipment Manufacturing」の略称で、委託者や発注元の名称・ブランドで製品やサービスを生産・提供すること。

ＤＸ

「Digital Transformation」の略称で、データとデジタル技術を活用して、顧客や社会のニーズを基に、製品やサービス、ビジネスモデルを変革するとともに、業務や組織などを変革し、競争上の優位性を確立すること。

ＡＩ

「Artificial Intelligence（人工知能）」の略称で、コンピュータがデータを分析し、推論、判断、最適化提案、課題定義や解決、学習等を行う、人間の知的能力を模倣する技術のこと。

ＣＲＭ

「Customer Relationship Management」の略称で、顧客管理のためのツールやシステムのこと。

ＡＰＩ連携

ＡＰＩは「Application Programming Interface」の略称で、ＡＰＩ連携とはアプリケーション間やシステム間でデータや機能を連携し、利用できる機能を拡張すること。

ＭＡ

「Marketing Automation」の略称で、ソフトウエアを利用してマーケティング活動を自動的に行うプロセスのこと。

サブスクリプション

顧客に対し提供するサービスの対価を、利用期間に応じて継続的に受領する収益モデルのこと。

ＳａａＳ

「Software as a Service」の略称で、クラウド上にソフトウエアを用意し、インターネット経由でその機能を利用できるサービスのこと。"
150A,株式会社ＪＳＨ,2026-03-31,"３ 【事業の内容】

当社グループは、当社及び連結子会社であるショウタイム２４株式会社の計２社で構成されております。

当社は、「人を通じて、喜びを作り、幸せを作る」を企業理念とし、「地域を問わず全ての人が、心豊かに、能力や個性を発揮できる社会の実現」を目指すゴールとして、在宅医療事業及び地方創生事業に取り組んでおります。

在宅医療事業は、近年の精神疾患者の増加に伴う在宅医療ニーズの高まりを受け、医療機関への訪問診療のコンサルティング及び、精神疾患者を主たる対象者とした当社看護師職員等による訪問看護サービスを提供しております。

地方創生事業は、過疎化の進展に伴う人口減少や地場産業の衰退に伴う雇用機会の減少等、地方が直面している課題を解決することを目的とした事業であり、障がい者雇用支援事業、観光物産事業により構成されております。

なお、2019年11月に当社を存続会社として、連結子会社４社と合併しておりますが、合併前は当社が持株会社であり、日本在宅医療株式会社、インタービーイング株式会社及びジャパンサポート株式会社の３社が在宅医療事業に関連する事業を主として行っており、株式会社トレースエンタープライズにて地方創生事業を行っておりました。

 


(1) 地方創生事業

地方創生事業は、過疎化の進展に伴う人口減少や地場産業の衰退に伴う雇用機会の減少等、地方が直面している課題を解決することを目的とした事業であり、①障がい者雇用支援事業、②観光物産事業により構成されております。

 

 

① 障がい者雇用支援事業


(ビジネスモデルイメージ図)

 




民間企業における障がい者の法定雇用率（障害者雇用促進法にて定められた民間企業の障がい者雇用率。従業員を40人以上雇用している事業主は、従業員に占める身体障がい者・知的障がい者・精神障がい者の割合を「法定雇用率」以上にする義務があります）が、2024年４月に2.5%へと段階的に引き上げられ、更に2026年７月からは2.7%に引き上げられることが決定しており、民間企業による障がい者雇用の需要の拡大が見込まれております。

上記のように民間企業においては今後障がい者の雇用不足が拡大し、特に民間企業が集中する地域において大きな需要が発生することが見込まれます。障がい者の雇用義務がある民間企業は全国で120,467社ございますが、そのうち、25,507社が東京都、9,673社が大阪府、7,620社が愛知県、5,727社が神奈川県に集中しており、当該４都府県で全国の40.3%を占めております（厚生労働省「令和７年 障害者雇用状況の集計結果」）。一方、地方においては障がい者の雇用義務がある民間企業の数が限られていることに加え、都市部の企業と比較して従業員数が少ない企業が占める比率が高いことから、障がい者の就労機会が限られており、都市と地方においては障がい者の就労機会の格差が存在していると認識しております。

当社の障がい者雇用支援事業は、利用企業における安定的な障がい者雇用の実現や、ダイバーシティの重要性の理解促進のため、地方に在住している障がい者に就労機会を提供することを通じて、地方に在住している障がい者の社会参加、地域社会への適合と職業能力の開発、経済的自立を支援していく事業です。

当社は就労機会が限られた地域において農園を開設し、障がい者の就労機会の地域間格差解消を図るとともに、障がい者が経済社会を構成する一員として能力を発揮する機会の確保、就労を希望する障がい者が、その能力や適性に応じた働き方を通じて障がいの特性や職業能力等に関わらず、住み慣れた地域で仕事を通じて自己実現ができる社会の実現に取り組んでおります。

当社サービスの利用企業による適正な雇用管理のもとで、当社では障がいの特性に応じた働き甲斐のある就労環境の整備に努めております。例えば、障がい者が農園で栽培した収穫物はサービス利用企業の社員食堂や農園周辺のこども食堂等において有効活用されるだけでなく、地域の小売店等を通じて販売されており、障がい者にとって働き甲斐を感じてもらうことができる仕組みとなっております。

厚生労働省が2025年12月に公表した「令和７年 障害者雇用状況の集計結果」によると、2025年６月１日時点において法定雇用率を達成できている民間企業はおよそ半分の46.0%という状況にあります。

その背景には障がい者を求人し、雇用する側である企業において、①採用したくても応募がない、②障がい者の仕事となる業務の切り出しが難しい、③バリアフリー対応等、障がい者を受け入れる職場環境を整えることが難しい、④採用しても受け入れる部署の理解が得られにくい等により、サポートする体制を整えられていない、⑤採用しても早期に離職してしまう等の課題があると考えられます。

これら障がい者雇用に関するさまざまな課題の解決手段、地域の特性から就労機会が限られている障がい者の雇用創出手段として、当社では地方に在住している障がい者及び障がい者を管理する管理者を企業等へ紹介し、当該人材紹介先企業等に採用された障がい者の就労の場として当社が設置している農園をご利用いただくとともに、農作業に必要となる水耕栽培設備を賃貸するサービスを提供しております。

当社では、「障がいの特性や程度に応じて作業の割り振りが行いやすい」「収穫の喜びを感じることができる」という点で農作業を、「毎営業日、作業が必要であること」「安全かつ快適な職場環境が用意できる」「多様な栽培品種に対応できる」という点で、水耕栽培を選んでおります。

また当社では、障がい者が安心して仕事に取り組めるようさまざまな定着支援を行い、障がい者の職場定着率の向上にも取り組んでおります。

 

障がい者雇用支援事業は、主にサービス導入時に１回限りで発生するスポット売上に加え、サービス利用期間において月額で継続的に発生するリカーリング売上から構成される安定性の高い収益モデルとなっております。

農園の利用企業が使用する区画で雇用される障がい者や、その管理者の人材紹介売上が主なスポット売上となり、リカーリング売上は障がい者１人あたりの定着支援サポート、農園利用、水耕栽培設備レンタル等の対価からなり、コルディアーレ農園の売上の約90％（2026年３月期実績）を占めております。

下記の指標がリカーリング売上を測る経営上の指標となります。
















回次



第６期



第７期



第８期



第９期



第10期







決算年月



2022年３月



2023年３月



2024年３月



2025年３月



2026年３月







利用企業数



112



143



172



203



248







リカーリング売上

単位：百万円



729



1,315



1,697



2,187



2,773







期末1企業当たりリカーリング売上

単位：千円



6,509



9,198



9,866



10,775



11,183







解約率（前期末受入数比）



5.0％



0.0％



1.4％



5.4％



4.5％





 


 

「障がい者を雇用したくても雇用が難しい都市部の企業」が「就労意欲があっても就労の機会が限定的な地方に在住している障がい者」を雇用することによって、地方と都市の社会構造的不均衡が是正されるとともに、障がい者の経済的自立支援が可能となります。また、障がい者による一般就労の実現は、地域経済にとって、社会保障費の削減や、地域における消費拡大などの効果も期待できると考えております。

当社が運営している農園では、ハード面では、障がい者が働きやすい職場環境の整備として、冷暖房が完備された屋内農園、バリアフリー化や水耕栽培設備を導入し、ソフト面では、障がい者の体調やメンタルをサポートする看護師を常駐させることや、障がい者の通勤支援として送迎サービスを導入する等の取り組みを行っております。送迎サービスにより、就労における移動手段の問題や地理的な制約を無くすことで、幅広い障がい者が就労できる機会を提供し、看護師による障がい者や管理者へのカウンセリング機能の提供や、農園の近隣に訪問看護ステーションを開設することで、在宅医療事業におけるノウハウを障がい者の定着支援に活用するなど、身体、知的、精神障がいの区別なく幅広い障がい者が農園において安心して働ける職場環境づくりに取り組んでおります。

なお、2026年３月末時点における障がい者受入数は1,788人（前年同月比125%）となっており、障がい別の構成比は、身体、知的、精神の割合はおよそ１:１:２の割合になっております。また、障がい者の年齢別の構成比は20代、30代、40代、50代、60代とその他がおおよそ２割ずつという構成になっております。

今後、障がい者雇用においては量的な面で需要が大きく拡大することが見込まれている一方、足元においては雇用の質の面においても大きな変化が生じております。2022年10月３日に召集された第210回臨時国会において、障害者の雇用の促進等に関する法律（障害者雇用促進法）の一部改正が成立しました。法改正により、事業主（障がい者の雇用主）の責務として障害者の職業能力の開発及び向上が含まれることが明確化され、2023年４月１日から施行されましたが、当社は事業主による障がい者の職業能力の開発支援も行っております。

また、厚生労働省においては、2023年４月17日に開催された第128回労働政策審議会（障害者雇用分科会）において「いわゆる障害者雇用ビジネスに係る実態把握の取組について」が公表され、2023年６月12日に開催された第129回労働政策審議会（障害者雇用分科会）においては「障害者が活躍できる職場づくりのための望ましい取組のポイント（リーフレット）」が、2023年12月27日に開催された第130回労働政策審議会（障害者雇用分科会）においては更新された「いわゆる障害者雇用ビジネスに係る実態把握の取組について」（令和５年度における労働局・ハローワークによる指導・助言の実施事案の例等含む）が公表されたことにより、障がい者が活躍できる職場環境の整備や適正な雇用管理のため事業主が行うことが望ましい取組のポイントが整理され、当社の障がい者雇用支援サービスにおいては、サービスを利用する企業（事業主）が上記リーフレットで示された望ましい取組のポイントを実現できることが求められております。当社としては農園を利用する事業主が障害者雇用促進法のみならず障害者雇用分科会にて公表された課題を解決し、望ましい取組に沿った障がい者雇用に主体的に取り組めるよう、障がい者各自の障がい特性の把握や合理的配慮の提供、職業能力の開発、適正な雇用管理等の支援に取り組んでまいります。

 


(在宅医療事業と地方創生事業のシナジー)




 

 

 

 


(農園の開設状況)














農園名



所在地



開園年月日



区画数







コルディアーレ高田農園



長崎県五島市



2018年４月



48区画







コルディアーレ上大津農園



長崎県五島市



2019年２月



37区画







コルディアーレ宮崎鶴島農園



宮崎県宮崎市



2019年９月



48区画







コルディアーレ宮崎柳丸農園



宮崎県宮崎市



2020年１月



126区画







コルディアーレ熊本第一農園



熊本県熊本市



2020年２月



102区画







コルディアーレ高田第二農園



長崎県五島市



2020年３月



54区画







コルディアーレ佐賀農園



佐賀県三養基郡



2021年５月



90区画







コルディアーレ久留米農園



福岡県久留米市



2021年10月



90区画







コルディアーレ日南農園



宮崎県日南市



2021年12月



72区画







コルディアーレ大牟田農園



福岡県大牟田市



2022年１月



90区画







コルディアーレ大分農園



大分県大分市



2022年３月



72区画







コルディアーレ都城農園



宮崎県都城市



2022年５月



126区画







コルディアーレ北九州農園



福岡県北九州市



2022年９月



54区画







コルディアーレ宮崎赤江農園



宮崎県宮崎市



2022年11月



102区画







コルディアーレ大牟田第二農園



福岡県大牟田市



2022年12月



72区画







コルディアーレ長崎農園



長崎県長崎市



2023年10月



114区画







コルディアーレ宮崎三股農園



宮崎県北諸県郡



2024年２月



72区画







コルディアーレ福岡農園



福岡県糟屋郡



2024年７月



144区画







コルディアーレ熊本南農園



熊本県熊本市



2024年10月



90区画







コルディアーレ札幌農園



北海道札幌市



2024年12月



63区画







コルディアーレ岡山農園



岡山県岡山市



2025年１月



42区画







コルディアーレ岡山南農園



岡山県岡山市



2025年７月



42区画







コルディアーレ中間農園



福岡県中間市



2025年７月



102区画







コルディアーレ熊本第二農園



熊本県熊本市



2025年７月



102区画







コルディアーレ東京青梅農園



東京都青梅市



2025年11月



54区画







コルディアーレ東京足立農園



東京都足立区



2026年１月



180区画







コルディアーレ八尾農園



大阪府八尾市



2026年５月



90区画





 


 

(注) １．当社100％子会社として設立した株式会社トレースエンタープライズにて行っていた事業となりますが、2019年11月１日に吸収合併しております。

２．１名の障がい者に対して１区画を割り当てております。

３．区画数については、開設時の区画数となります。

 


② 観光物産事業


(ビジネスモデルイメージ図)

 




観光物産事業は、地方創生事業に占める売上構成比が１割未満となりますが、主として旅行代理店事業と民泊事業により構成されており、長崎県の五島事業所にて事業を行っております。

2018年６月に「長崎と天草地方の潜伏キリシタン関連遺産(長崎県、熊本県)」が世界文化遺産に登録されたことを契機として、当該地域における修学旅行生や観光客が増加し、消費の拡大や雇用促進等が期待されています。当社では、当該地域への修学旅行の誘致・観光客の誘客に取り組むために、2018年９月に第３種旅行業の登録を行っております。

当該地域への修学旅行の誘致に関しては、長崎県五島市から委託を受け、当社民泊事業として、五島市体験交流協議会の運営事務局業務を行う関係にあり、委託収入などを得ております。

また、2019年10月には第２種旅行業の登録を行ったことにより、第３種旅行業の登録では行うことができなかった国内募集型の企画旅行の販売が可能となり、新聞等での旅行商品の宣伝販売なども行えるようになりました。

旅行代理店事業では、旅行商品の企画・提案を行っており、主に長崎県五島市在住者の旅行需要や出張需要、長崎県五島市への旅行需要の取り込みを行い、各種旅行商品のアレンジメントの対価を受け取っております。

民泊事業では主として自然豊かな離島ならではの体験プログラムや、世界遺産にも登録された「長崎と天草地方の潜伏キリシタン関連遺産(長崎県、熊本県)」に関する学びの素材等を用いた旅行商品を学校等向けに企画・提案しており、五島市内に約100家庭ある民泊受入家庭を活用した修学旅行の受け入れを行っております。

新型コロナウィルスによる感染が拡大した2020年までは、民泊を利用した修学旅行は年々増加傾向にあり、修学旅行によって五島市を訪れた人数は、五島市観光協会が公表している「令和６年五島市観光統計」によれば、2015年の年間1,308人から2018年には年間4,129人、当社が五島市観光協会より民泊及び体験プログラム事業を継承した2019年には過去最高となる年5,337人(対前年比＋29.3％)まで拡大しました。2022年には298人まで減少しましたが、2024年は1,829人となり、足元では回復傾向にあります。

修学旅行に参加する生徒の各民泊受入れ家庭への割り振りや民泊と合わせて修学旅行生が参加する体験プログラムのアレンジメントの対価を受け取っております。

 

また、物産事業として農園を運営している各地域の地場産品等を当社運営ECサイト「Re:Local Market（読み方：リロカルマーケット）」等を通じて販売する物販事業を行い、各種特産品の販売の対価を受け取っております。

 

 


(2) 在宅医療事業


(ビジネスモデルイメージ図)




 

在宅医療事業では、精神疾患（気分の落ち込みや幻覚・妄想など心身にさまざまな影響が出る疾患）を抱える方を主たる対象者として、当社の看護師職員等による訪問看護サービス等を提供しております。

訪問看護は、疾病又は負傷により居宅において継続して療養を受ける状態にある者に対し、その者の居宅において看護師等が行う療養上の世話又は必要な診療の補助のことであり、訪問介護員等が、利用者（要介護者等）の居宅を訪問し、入浴・排せつ・ 食事等の介護、調理・洗濯・掃除等の家事等を提供する訪問介護とは異なり、医療行為の有無が大きな違いとなっております。

特に、精神疾患者を対象者とする精神科訪問看護は、精神疾患を抱えて地域で暮らす人の健康と生活を支え、利用者と家族を支援する医療サービスであり、そのサービス内容は主に「生活習慣、生活リズムの確立」「生活技術、家事能力、社会技術等の獲得」「対人関係の改善」「社会的資源活用の支援」「薬物療法継続への援助」「身体合併症の発症・悪化の防止」等となります。

なお、社会的資源とは、利用者がニーズを充足したり、問題解決するために活用される各種の制度・施設・機関・設備・資金・物質・法律・情報・集団・個人の有する知識や技術等の総称であり、例えば障害者年金の受給の支援や生活保護の申請の支援なども該当することから、精神科訪問看護師には多岐に渡る知識が求められます。

精神科訪問看護における収入の大部分は国民健康保険団体連合会や社会保険診療報酬支払基金に対する請求により得られ、一部利用者の自己負担金により回収する構図（後述）となっております。

精神科訪問看護の利用者の獲得に関しては、医療機関や役所、就労支援施設等多岐に渡る関係機関からの紹介が主な獲得経路になりますが、当社は特定の医療機関と訪問診療の支援を行う連携をし、主治医による訪問診療と当社の看護師職員等による訪問看護を組み合わせることで、精神疾患者向けの在宅医療を地域社会に普及させ、持続可能な医療体制のもと、住み慣れた地域で社会的な生活を家族と共に営むことができる社会を実現させることを事業の主目的としております。

訪問診療の診療報酬単価が高く設定されていることなどから、医療機関がこれまで実施していなかった訪問診療を新たに開始することを検討した場合であっても、診療報酬を得るための制度が複雑であることや対応方法が難しく実行が容易でないことから、当社が医療機関に対し訪問診療制度・診療報酬体系等を解説するとともに、医療機関が訪問診療を実施する患者に対して当社が提供する訪問看護サービスを活用してもらうなど、コンサルティングを通じて医療機関との連携を強化し、訪問看護の利用者の紹介を受ける機会を増やすことに取り組んでおります。

例えば薬の処方は医師が行い、薬の服薬状況の確認等は看護師が行う等のため、在宅医療の世界では、医師による訪問診療は主に訪問看護とセットで行われることから、訪問診療のコンサルティング（原則無料）などを通して訪問診療の開始または拡充の支援を行う連携により、訪問看護対象者のご紹介を頂くことに注力しております。

2014年７月14日に厚生労働省が公表した「長期入院精神障害者の地域移行に向けた具体的方策に係る検討会」における「長期入院精神障害者の地域移行に向けた具体的方策の今後の方向性(概要)」には、「精神病床を適正化し、将来的に不必要となる病床を削減するといった病院の構造改革が必要」と明記されました。

それにより、長期入院患者の地域移行に加えて、厚生労働省が医療施設の病床削減・在宅移行を目指していることがより明確化されるなど、当社の在宅医療事業を後押しする外部環境が整っている状況下にあると認識しております。

在宅医療事業における収益構造は、①国民健康保険団体連合会や社会保険診療報酬支払基金等からの診療報酬及び利用者本人からの診療報酬(自己負担分)と、②医療機関に対する各種コンサルティング収入に大別されますが、在宅医療事業売上高の９割以上は前者の診療報酬により構成されます。後者の医療機関に対する各種経営コンサルティングは、それ自体を在宅医療事業における収益の柱としているものではありませんが、当該医療機関から訪問看護の対象となり得る利用者の紹介を得る機会を獲得し、当社看護師職員等による訪問看護の利用者数を拡大していくことを目的とした取組みとなります。

本書提出日現在において、東京や大阪をはじめとして47箇所に訪問看護ステーションを開設しております。

 


(訪問看護ステーションの開設状況)












事業所等



開設年月日(注１)







訪問看護ステーション コルディアーレ東陽町



2017年８月







訪問看護ステーション コルディアーレ東大阪



2017年12月







訪問看護ステーション コルディアーレ葛飾



2017年12月







訪問看護ステーション コルディアーレ綾瀬



2017年12月







訪問看護ステーション コルディアーレ大国町



2018年２月







訪問看護ステーション コルディアーレ東村山



2018年４月







訪問看護ステーション コルディアーレ杉並



2018年４月







訪問看護ステーション コルディアーレ新宿



2018年６月







訪問看護ステーション コルディアーレ大田



2018年７月







訪問看護ステーション コルディアーレ練馬



2019年４月







訪問看護ステーション コルディアーレ新小岩



2019年４月







訪問看護ステーション コルディアーレ宮崎



2019年９月







訪問看護ステーション コルディアーレ府中



2019年９月







訪問看護ステーション コルディアーレ南浦和



2020年１月







訪問看護ステーション コルディアーレ北千住



2020年４月







訪問看護ステーション コルディアーレ越谷



2021年４月







訪問看護ステーション コルディアーレ大分



2021年６月







訪問看護ステーション コルディアーレ佐賀



2022年９月







訪問看護ステーション コルディアーレ札幌



2023年４月







訪問看護ステーション コルディアーレ江戸川



2024年10月







訪問看護ステーション コルディアーレ岡山



2025年１月







訪問看護ステーション コルディアーレ板橋



2025年４月







訪問看護ステーション コルディアーレ川口



2025年４月







訪問看護ステーション コルディアーレ松戸



2025年４月







訪問看護ステーション コルディアーレ旭



2025年４月







訪問看護ステーション コルディアーレ熊本



2025年４月







訪問看護ステーション コルディアーレ北千住 竹ノ塚営業所



2025年６月







訪問看護ステーション コルディアーレ東大和



2025年８月







訪問看護ステーション コルディアーレ平野



2025年８月







訪問看護ステーション コルディアーレ淀川



2025年８月







訪問看護ステーション コルディアーレ小岩



2025年８月







訪問看護ステーション コルディアーレ大田 大井営業所



2025年８月







訪問看護ステーション コルディアーレ青戸



2025年９月







訪問看護ステーション コルディアーレ新宿 豊島営業所



2025年９月







訪問看護ステーション コルディアーレ新宿 中野営業所



2025年９月







訪問看護ステーション コルディアーレ東村山 青梅営業所



2025年10月







訪問看護ステーション コルディアーレ墨田



2025年10月







訪問看護ステーション コルディアーレ長崎



2025年11月







訪問看護ステーション コルディアーレ豊中



2025年11月







訪問看護ステーション コルディアーレ清瀬



2025年11月







訪問看護ステーション コルディアーレ堺



2025年11月







訪問看護ステーション コルディアーレ墨田 千代田営業所



2025年12月







訪問看護ステーション コルディアーレ西宮



2025年12月







訪問看護ステーション コルディアーレ北九州



2025年12月







訪問看護ステーション コルディアーレ豊中 枚方営業所



2026年１月







訪問看護ステーション コルディアーレ川崎



2026年１月







訪問看護ステーション コルディアーレ北千住 西新井営業所



2026年３月





 


 

(注) １．当社の完全子会社だった日本在宅医療株式会社及びインタービーイング株式会社は「コルディアーレ」、「インタービーイング」の名称でそれぞれ訪問看護ステーションを開設しておりましたが、2019年11月１日に当社が当該連結子会社２社を含む子会社４社を吸収合併しております。

また、当社が2017年10月に日本在宅医療株式会社を、2019年２月にインタービーイング株式会社をそれぞれ子会社化する前に開設していた事業所等については、子会社化前の開設年月を記載しております。

 

当社における訪問看護ステーションの展開方針としては、主として次に掲げるような特徴があります。

当社では、居宅での訪問看護サービスの利用を希望している利用者の約４割を特定の訪問診療における連携医療機関から、残りを他の医療機関、保健センター、就労支援施設等より紹介いただくことで、訪問看護利用者の獲得を進めております。

利用者数の増加に応じて、訪問看護ステーションを新たに開設する場合には、一部の例外はありますが、新たな事業所や営業所の開設地域の近隣に居住している利用者の一部を既設の事業所等から新設する事業所等に移管することとしております。これは、既設の訪問看護ステーションの訪問看護効率の平準化を図り、新設した訪問看護ステーションの収支を早期に改善するための施策として講じております。"
1514,住石ホールディングス株式会社,2026-03-31,"３【事業の内容】

当企業集団は、当連結会計年度末現在、連結財務諸表提出会社（以下「当社」）、子会社４社（うち連結子会社４社）、関連会社２社（うち持分法適用会社２社）及び親会社１社により構成されており、その主要な事業内容と当企業集団の事業に係わる位置づけ等は次のとおりであり、当該３部門は「第５  経理の状況  １  連結財務諸表等  (1)連結財務諸表  注記事項」に掲げるセグメントの区分と同一であります。

また当社は、有価証券の取引等の規制に関する内閣府令第49条第２項に規定する特定上場会社等に該当しており、これにより、インサイダー取引規制の重要事実の軽微基準については連結ベースの数値に基づいて判断することとなります。

石炭事業

当企業集団では、連結子会社である住石貿易株式会社が石炭の仕入及び販売を行っております。

ダイヤ事業

当企業集団では、連結子会社であるダイヤマテリアル株式会社が工業用人工ダイヤモンドの製造、仕入及び販売を行っております。

採石事業

当企業集団では、連結子会社である泉山興業株式会社が、岩石の採取、加工及び販売を行っております。

以上述べた事項を事業系統図に示すと次のとおりであります。"
1515,日鉄鉱業株式会社,2026-03-31,"３ 【事業の内容】

当社グループ（当社及び当社の関係会社）は、当社（連結財務諸表提出会社）及び子会社34社、関連会社４社により構成されており、当社及び連結子会社の主な事業は、資源事業（鉱石部門、金属部門）、機械・環境事業、不動産事業及び再生可能エネルギー事業であります。

当該各事業に携わっている当社及び主要な子会社並びに関連会社の事業内容、位置付け及びセグメントとの関連は次のとおりであります。




 


(1) 資源事業

鉱石部門













区分



会社名



事業の内容







提出会社



当社



鉱産物の採掘・加工製品、土石採取・加工製品、不燃建材関連商品、粉体製品及びこれらの販売に付随する仕入商品並びに燃料関連仕入商品の販売







連結子会社



釜石鉱山㈱



清涼飲料水の製造・販売







 



船尾鉱山㈱



石灰石の採掘・販売、タンカルの製造・販売







 



津久見石灰石㈱



石灰石の加工及びタンカルの製造請負







 



八戸鉱山㈱



石灰石の採掘・販売、タンカルの製造・販売







 

 



四浦珪石㈱



けい石の採掘・販売







 



津久見共同採掘㈱



石灰石の採掘請負







 



葛生石灰砕石㈱



ドロマイト、石灰石及び砕石の採掘、加工請負 







 



津久見車輛整備工業㈱



重土工機及び車両等の整備・部品販売







 



日鉄鉱道南興発㈱



生コンクリート及びコンクリート二次製品の製造・販売、リサイクル路盤材の仕入・販売







 



アテツ石灰化工㈱



生石灰の製造・販売







 



北海道石灰化工㈱



生石灰、消石灰及びタンカルの製造・販売







 



日鉄鉱コンサルタント㈱



地質調査、物理探査、試錐、建設コンサルタント







 



アイ総合技術㈱



建設コンサルタント







 



新和商事㈱



機材の仕入・販売、荷役業務請負







 



日鉄鉱建材㈱



石灰石、砕石及びタンカルの仕入・販売







非連結子会社



八茎砕石㈱



砕石の採掘・販売





 


 

 

金属部門













区分



会社名



事業の内容







提出会社



当社



電気銅、その他委託製錬製品の販売







連結子会社



アタカマ・コーザン鉱山特約会社



銅、その他鉱物の採掘・販売







連結子会社



アルケロス鉱山㈱



銅鉱山の開発







関連会社



日比共同製錬㈱



銅の製錬





 


 


(2) 機械・環境事業

 













区分



会社名



事業の内容







提出会社



当社



鉱山用、建設用、公害防止用、化学用、金属加工用機械、電気機器及び水処理剤の仕入・販売







連結子会社



㈱幸袋テクノ



破砕機・電気機器の製造・販売







 



㈱嘉穂製作所



輸送機械の製造・販売及び修理、電気工事







 



日本ボールバルブ㈱



ボールバルブの製造・販売





 


 


(3) 不動産事業

 













区分



会社名



事業の内容







提出会社



当社



不動産の売買、賃貸、鑑定及び管理





 


 


(4) 再生可能エネルギー事業


 













区分



会社名



事業の内容







提出会社



当社



地熱発電用蒸気の供給・販売、太陽光による発電及び電気の供給・販売







連結子会社



霧島地熱㈱



地熱発電用蒸気供給の操業請負"
1518,三井松島ホールディングス株式会社,2026-03-31,"３ 【事業の内容】

 

当社グループは、当社、子会社35社（連結子会社28社、非連結子会社7社）及び持分法適用関連会社１社で構成され、生活消費財、産業用製品及び金融その他等の様々な事業を行っております。

なお、当連結会計年度における連結子会社の状況は、「第５ 経理の状況 １（1）連結財務諸表 注記事項 連結財務諸表作成のための基本となる重要な事項 １ 連結の範囲に関する事項及び ２ 持分法の適用に関する事項」に記載しております。

当社グループの事業における当社と関係会社の位置付けは次のとおりであります。

以下に示す区分は、セグメントと同一の区分であります。

また、当社は、有価証券の取引等の規制に関する内閣府令第49条第２項に規定する特定上場会社等に該当しており、これにより、インサイダー取引規制の重要事実の軽微基準については連結ベースの数値に基づいて判断することとなります。

 

(1) 生活消費財

連結子会社日本ストロー株式会社は、大手乳業・飲料メーカー等向け伸縮ストロー、シングルストローの製造販売を中心に、プラスチック製品・包装資材等の飲食用資材の仕入販売を行っております。

連結子会社株式会社明光商会は、シュレッダーを中心とする事務用設備の製造・販売・保守を行っております。

連結子会社T SECURE INTERNATIONAL CO.,LTD.はシュレッダーの製造・販売を行っております。

連結子会社株式会社ケイエムテイは、ペットフード類・ペット関連用品の輸入国内販売を行っております。

連結子会社株式会社システックキョーワ及び連結子会社THAI SYSTECH KYOWA CO.,LTD.は、住宅及び家具向けのプラスチック製部材の企画・製造・販売を行っております。

連結子会社MOS株式会社は、レジロール用記録紙等のロール製品の加工販売を行っております。

 

(2)産業用製品

連結子会社CST株式会社は、液晶パネル・有機EL・電子部品等を中心とする様々な用途のマスクブランクスの製造・販売を行っております。

連結子会社三生電子株式会社は、水晶デバイス用計測器・生産設備の製造販売、並びに関連するハードウエア・ソフトウエアの製造販売を行っております。

連結子会社Saunders ＆ Associates, LLCは、水晶デバイスの計測装置の製造・販売を行っております。

連結子会社日本カタン株式会社は、送変電用架線金具・配電用架線金具の製造販売、各種調査・受託試験・分析業務を行っております。

連結子会社株式会社プラスワンテクノは、食料品加工機械の企画・設計・製造・販売等を行っております。

連結子会社株式会社ジャパン・チェーン・ホールディングスは、連結子会社であるゼクサスチェン株式会社、
株式会社杉山チエン製作所およびMAXCO Chain, Ltd.の経営管理を行っております。

連結子会社ゼクサスチェン株式会社は、動力伝導用チェーン、コンベヤチェーンの製造・販売を行っております。

連結子会社株式会社杉山チエン製作所は、産業用ローラーチェーンを中心とした製品の製造・販売を行っております。

連結子会社MAXCO Chain, Ltd.は、産業用ローラーチェーン、コンベヤチェーンの米国市場における販売を行っております。

 

(3)金融その他

連結子会社MM Investments株式会社は、主に株式の投資、保有、運用管理及び売買を行っております。

連結子会社株式会社エム・アール・エフは、事業者向け不動産担保融資等を行っております。

連結子会社港倶楽部オペレーションズ株式会社は、歴史遺産「三井港倶楽部」の管理運営を行っております。

当社は不動産賃貸管理事業を行っております。

 

 

事業の系統図は次のとおりであります"
151A,株式会社ダイブ,2025-06-30,"３ 【事業の内容】

当社は、報告セグメントを観光ＨＲ事業、地方創生事業に区分しております。

「観光ＨＲ事業」は、リゾートバイト(注１)に特化した人材サービスを提供しており、日本全国のリゾートホテルや旅館、飲食店・テーマパーク・レジャー施設・スキー場等の観光施設(以下、「観光施設等」という。)に対して、人材派遣及び有料職業紹介を行っております。「地方創生事業」は全国８ヶ所（2025年９月現在）でグランピング(注２)施設やホテル施設等の宿泊施設を運営しております。

当社は「一生モノの『あの日』を創り出す」というミッションと、「誰もがジブンの人生を愛せる世界へ」というビジョンを掲げており、いずれの事業もミッション及びビジョンに紐づいた事業となっております。

主力事業である観光ＨＲ事業は、創業当初よりリゾートバイトという手段を通して日本の多くの若者(注３)を全国のリゾート地へ送り出しており、「初めて訪れる土地で、初めて出会う人たちに囲まれ、初めての仕事を体験する」という特異な経験が若者のメンタルをタフに育て、多様な価値観と豊かな人間性を育む瞬間を目の当たりにしてまいりました。また、彼らが未知の体験の中から今まで知り得なかった選択肢と出逢い、それがその後の人生に大きな影響を与える体験となっていることも実感しております。リゾートバイト体験を通して、新しい世界へ飛び込む若者を支援し、自分の人生に誇りを持ち、自分の人生を愛せるきっかけとなる『あの日』を多く創り出しております。

さらに、ライフスタイルや価値観が多様化していく中で、働き方も多種多様な形態を選び取ることが可能になった現在、当社での経験が社会に認められ、「履歴書には書かれていないその人の価値」が評価される社会を創りたいと考えております。

地方創生事業では、グランピング施設やグランピング施設以外の宿泊施設、飲食店・温浴施設等(以下、「グランピング施設等」という。)の企画開発・経営・運営を行っておりますが、既に観光地化されたリゾート地ではなく、まだ地域の魅力が知られていない非観光地(注４)を中心に出店しております。地元の方々が気付かなかったその地域の魅力を発掘し発信することで多くの人流(宿泊客)を生み出しており、地元の方が地域の活性化を感じる『あの日』を提供しております。また、その地域を訪れる宿泊客にとっては、その地域の魅力に触れる体験を通して、自分や大切な誰かにとってかけがえのない思い出となる『あの日』を提供しております。

各事業の内容は次のとおりであります。

なお、当事業年度より、報告セグメントの区分を変更しております。詳細は、「第５ 経理の状況 １ 財務諸表等 (1)財務諸表 注記事項(セグメント情報等)」をご参照ください。

 

 


(1) 観光ＨＲ事業

当社の主力事業である観光ＨＲ事業は、リゾートバイトに特化した人材派遣業及び有料職業紹介業を行っており、北は北海道から南は沖縄県まで日本全国の観光施設等に人材を供給しております。




当社が主に人材サービスを提供している観光産業は、我が国の力強い経済を取り戻すための重要な成長分野と期待されており、観光立国の実現に向け特に訪日外国人旅行者の誘致を推進する様々な施策や試みが観光庁主導で行われてきました。2020年度に新型コロナウイルス感染症流行による影響で訪日外国人旅行者数が減少しましたが、順調に回復しており、2024年度には新型コロナウイルス感染症流行以前の記録を大幅に更新し、3,600万人(注５)を突破しました。現在においても政府は2030年に6,000万人(注６)の訪日外国人旅行者数目標を継続して掲げております。

また、2024年５月に世界経済フォーラム（World Economic Forum）が発表した、「2024年旅行・観光開発指数レポート」において日本は世界三位を獲得しており、次に訪れたい旅行先として日本に対する注目や期待はより一層高まっているものと考えております。




 

なお、このような訪日外国人旅行者の増加を背景とした宿泊需要の高まりもあり、全国の宿泊施設の平均客室稼働率は、2019年には62.7％(注７)にまで向上しました。新型コロナウイルス感染症の影響により、2020年には34.3％(注８)まで減少しましたが、2025年５月には61.8％(注９)にまで力強く回復いたしました。

また、2013年年度末時点で1,562,482室(注10)であった客室数は、2023年年度末時点には1,776,994室(注11)まで増加いたしました。このように宿泊需要が高まる一方で、生産年齢人口の減少や都市部への人口一極集中を背景に、地方圏に位置する観光施設等の人手不足感は加速度的に深刻化しており、2024年９月時点の調査(注12)でも旅館やホテルの人手不足割合は72.7％と高い水準が続いております。




当社は、宿泊業や地方圏における人手不足は観光立国を目指す我が国にとって大きな社会課題であると認識しており、この課題解決につなげるべく、リゾートバイトに特化した人材サービスを提供し、主に都市部の若手人材と、地方圏の求人企業である観光施設等との人材マッチングをサポートしております。

なお、生産年齢人口の減少や都市部への人口一極集中といった背景は、当社がリゾートバイト希望者である人材を募集するにあたっても大きな課題となりますが、リゾートバイトならではの体験価値を求める層に広く支持され、スタッフ登録者数は増加しております。具体的な事業内容としては、営業担当者が、当社と労働者派遣(紹介)基本契約を締結している観光施設等より求人情報を入手し、当社が運営する「リゾートバイトダイブ」や各種求人媒体に当該求人情報を掲載いたします。




 

求人情報を閲覧し、リゾートバイトに興味を持った人材は、「リゾートバイトダイブ」や各種求人媒体よりスタッフ登録の手続きを行います。登録に際しては、当社担当者が人材に対して面談を行います。希望のエリアや職種、勤務期間といった定量的な情報と、志望動機や求める体験等といった定性的な情報とを掛け合わせ、最適な勤務先を当社のデータベースより検索します。リゾートバイトは従業員寮で生活しながら勤務するという性質上、仕事と生活が一体となるため、一般的な求人情報だけではなく、従業員寮の間取りや設備といった住環境についても提案を行います。

また、勤務地である観光施設等は国立公園や国定公園内に位置することも多く、自然を満喫できる反面、生活環境については都市部と全く異なり、コンビニエンスストアや商店、銀行等の生活インフラが徒歩圏内に整っていない地域や、都市部と比較して交通の便が発達していない地域も多くあります。当社のデータベースには、観光施設等の担当者から提供された基本情報に加えて、当社営業担当者が現地に通うことで収集した情報、過去に勤務実績のある当社スタッフより収集したアンケート及び体験談に基づく実体験ベースの情報等、インターネットでは検索できない数多くの情報が蓄積されております。担当者がこのデータベースを面談に活用することで、人材の顕在ニーズを満たすことは勿論のこと、人材が自身では気付くことが難しい潜在ニーズを引き出す事が可能となり、満足度向上や競争優位性の源泉に繋がっていると考えております。




 

面談後、勤務先が決定すると、当社と観光施設等との間で労働者派遣(紹介)個別契約を、人材派遣の場合は当社と人材との間で雇用契約を締結し、派遣スタッフ等として就業していただきます。

契約勤務期間の期限が近くなると、派遣スタッフ等と観光施設等、当社の３者間で契約期間延長の可否等を協議し決定します。赴任した勤務地に愛着を感じ延長を希望するケースも多くある一方で、より多くの地域に訪れてみたいとの希望から、例えば、夏は沖縄のビーチリゾートで勤務し、秋は紅葉で賑わう栃木県の日光で勤務し、冬のスキーシーズンには北海道のニセコで勤務するというケースもあり、場所に縛られず１年を通して複数の地域で勤務することにより、「初めて訪れる土地で、初めて出会う人たちに囲まれ、初めての仕事を体験する」といったリゾートバイトならではの体験を実現する方も多くおります。

また、派遣スタッフ等が複数箇所の勤務地で就業するため、派遣スタッフ等が勤務地に到着するまでの事務作業や複数回にわたる連絡等の高頻度の事務手続きが当社に発生する事となります。その高頻度の事務手続きを基幹システムや公式LINE等を用いてIT化することで業務の効率化を実現しており、高い参入障壁を構築していると考えております。




 




 

なお、派遣スタッフ等の就業にあたっては、①自宅から観光施設等への往復交通費を当社及び観光施設等がその一部又は全額を支給、②住居として観光施設等の保有する従業員寮や当社の用意する住まいを観光施設等及び当社が一部又は全額の費用負担をしており、派遣スタッフ等にとっては経済的なメリットも大きいため、これによって生まれた余裕資金が、その地域での観光や体験に充てられることにより地域の経済活性化にも繋がっていると考えております。

リゾートバイトの特性からも見て取れますように、当社は都市部の若者を地方圏へ移動させることを得意としており、創業当初より「旅行以上 移住未満」のリゾートバイト期間に、その地域と関わることとなる多くの方々を全国に送り出し、いわゆる関係人口(注13)の創出を行ってまいりました。また、近年では、地方移住及び地方創生に興味があり、より長期的に地方と関わりたいという方々が、リゾートバイトをきっかけに、その地域に移住した事例も生まれており、地域活性化に繋がっていると考えております。当社の派遣スタッフ等の平均年齢は29.6歳(2024年１月１日から2024年12月31日の１年間に採用及び紹介等をした派遣スタッフ等の平均年齢)となっており、デジタルネイティブ(注14)世代と言えますが、関係人口となった当社の派遣スタッフ等のなかには、自身のSNS(注15)等でその地域の魅力を発信するアンバサダー(注16)となり、地元の方々に期待されている方もおります。

 

リゾートバイトに特化した観光ＨＲ事業が地域の観光振興を支援し、また関係人口拡大に繋がることは、地方創生に資すると考えております。このことから、当社が地方創生に貢献できる余地は大きく、引き続き地域の期待に応えられるよう事業に邁進いたします。

 

本セグメントにおける収益の内容は以下のとおりであります。

（人材派遣）

人材派遣とは、派遣会社（当社）と雇用契約を締結した社員を、労働者派遣契約を締結した企業（派遣先）に派遣することをいいます。当社は、労働者派遣契約に基づき派遣先から派遣料金を受領することで収益を計上しており、派遣社員に給与の支払いを行った後の差額が当社の利益となります。

なお、観光ＨＲ事業の売上高のうち、98.0％（2025年６月期の当社実績）が人材派遣業によるものであります。

 

（有料職業紹介）

有料職業紹介とは、企業（求人者）の求人依頼を受け、依頼に基づいた人材（求職者）を企業に紹介することをいいます。当社においては、紹介を受けた企業から受領した紹介手数料が収益となります。

 

 


(2) 地方創生事業

地方創生事業は、グランピング施設等を北海道芦別市(ザランタン芦別)・栃木県鹿沼市(ザランタン鹿沼)・茨城県常陸大宮市(ザランタンひたち大宮)・岡山県津山市(ザランタンあば村)・佐賀県佐賀市(ザランタン三瀬高原)・香川県東かがわ市(ザランタン東かがわ)の全国６ヶ所(2025年９月現在)で運営しており、グランピング施設のブランド名を「ザランタン」としております。また、新業態である滞在型アウトドアホテル(注17)を2024年３月に香川県東かがわ市(クラフトホテル瀬戸内)、同年４月に岡山県津山市(クラフトホテルあば村)で開業をいたしました。

グランピングは、キャンプに出かける際に煩わしく感じることが多いキャンプ道具の持ち運びや、テントの設営・撤収、食事の準備・片付け等の大部分を宿泊施設側で行うことで、手軽に大自然の中での宿泊体験が可能となり、世界規模で注目を集めております。日本においても、キャンプやサウナなどのブームに伴い、アウトドアへの関心は高まっており、手軽にアウトドアを楽しめるグランピングは初心者やファミリー層に加えて、女性グループなどでも人気となっております。しかしながら人気が高まる一方で、１泊３万円/人を超える高価格帯のグランピング施設も多いため、グランピングでの宿泊体験を希望するユーザーの中には、予算が合わず断念する層も多く存在すると認識しております。当社は比較的低い価格帯で楽しめるグランピング施設等を運営することで、カジュアルにグランピングを楽しみたいというニーズを取り込んでおります。

また、当社のグランピング施設等は、主に地方公共団体が所有管理する公共施設や、観光地としての開発がまだなされていない非観光地の遊休施設及び遊休地を活用して行っており、その地域に訪れる人を増やし、また雇用を創出することで地域の活性化に貢献しております。

事業内容としては、グランピング施設等の企画開発・経営・運営を一気通貫で行っており、具体的には、用地開拓や市場調査、コンセプト策定、施設や設備の企画、販売戦略の立案、施設の運営等となります。特に、観光ＨＲ事業と連携したスタッフ採用や人員数の最適化等といった人材活用面と、自社運営メディアを活用した集客面に強みを持っております。

その他に、一部のグランピング施設の運営体制について、ザランタン三瀬高原及びザランタンひたち大宮については、当社と協働で施設運営を行うパートナー企業が存在し、当該企業が宿泊者に提供する料理の仕入れや調理を行っております。また、ザランタンあば村については、パートナー企業と共同事業体として指定管理業務を実施しており、当社が宿泊客への食事の調理及び提供を含めたサービスを行い、パートナー企業が宿泊客からの利用料金の徴収を行っております。

当社が運営するグランピング施設の宿泊単価は、１泊２食体験付きの宿泊プランの場合でも大人１人当たり1.3万円前後（2025年６月期の当社実績）に設定されており、以下の特徴によりリーズナブルな価格設定を可能としております。

 


① 開発コストの優位性

用地については、主に地方公共団体が所有管理する公共施設や、観光地としての開発がまだなされていない非観光地の遊休施設及び遊休地を活用しており、安価な賃料や提携料であると考えられること。

施設については、既存の施設を利活用するため、新たに入浴設備や上下水道等を整備する必要が無い場合が多く、初期投資の大幅な抑制を可能としていると考えられること。

 


② 集客コストの優位性

グランピング施設であるザランタンの集客については、当社が運営するグランピング施設等の専門サイト「GLAMPICKS」(注18)を活用して、いわゆるD2C(注19)での集客を行っているため、広告宣伝費率は売上の2.7%（2025年６月期の当社実績）と他社施設と比べて大幅に抑制できること。

 


③ 運営コストの優位性

グランピング施設等の運営スタッフの採用については、当社の主力サービスである観光ＨＲ事業からのスタッフ紹介を活用することにより、通常人材採用時に必要となる人材募集費用を要せず、人員数についても、グランピング施設の繁忙期・閑散期に合わせた、最適な人員数での運営が容易であること。また、経営の合理化を目的として、最閑散期である冬季にグランピング施設等を一時休業させ、その後春季に営業再開を図る場合にも、観光ＨＲ事業と連携することで、余剰人員を抱えることなく最適な人員数での運営が容易となり、人件費を最適化できること。

 




地方創生事業の進出エリアに関する方針は、前述のとおり観光地としての開発がまだなされていない非観光地を主なターゲットとしております。非観光地を既に観光地化されたリゾート地と比較した場合、非観光地は競合となる宿泊施設が多くないことや、土地及び建物等の物件を好条件で獲得できること等、進出の余地は非常に大きいと考えております。その一方で、非観光地は知名度の低さから集客面には課題があり、また人口減少が進む地方圏であることから働き手の確保にも難しさがあります。当社はこれらの課題を、自社運営メディア「GLAMPICKS」の集客力を活用し、また観光ＨＲ事業と連携することで人手不足の解消を図り、非観光地でのグランピング施設等の運営を順調に行ってまいりました。このような実績から、地方公共団体等を中心とした地方圏からのお問い合わせも増加しており、観光ＨＲ事業同様に当社が地方創生に貢献できる余地は大きいと感じております。引き続き、各地の地方公共団体等や出店地域で生活する皆さま、出店地域で事業パートナーとなり得る事業者様等の期待に応えられるよう事業に邁進いたします。

 

本セグメントにおける収益の内容は以下のとおりであります。

（パートナー決済の場合）

宿泊施設を管理する企業（パートナー企業）が宿泊客より宿泊料金を受領した後、当社とパートナー企業が締結した契約内容に基づき、当社がパートナー企業に対して業務提携料を請求しております。当該請求及び契約内容に基づき当社の収益を計上しております。

 

（当社決済の場合）

当社が宿泊客より受領する宿泊料金が収益となります。また、当社と宿泊施設を管理する企業（パートナー企業）が締結した契約内容に基づき、パートナー企業に当社が業務提携料を支払い、宿泊料金との差額が当社の利益となります。

 

（メディアサービス）

当社が運営するグランピング施設等の専門サイト「GLAMPICKS」に、宿泊施設等を掲載する企業（広告主）より受領した掲載料等が当社の収益となります。

 

 

 

(注) １．リゾートバイトとは、日本全国のリゾートホテルや旅館、飲食店・テーマパーク・レジャー施設・スキー場等に短期間移住し、従業員寮で生活しながら、勤務する働き方です。労働の対価として収入を得るだけではなく、海外でのワーキングホリデーに近い体験価値を国内でも得られる手段として当社では主に25歳から44歳までの社会人を中心に支持されております。なお、ワーキングホリデーとは、二国・地域間の取決め等に基づき、各々が相手国・地域の青少年に対し、休暇目的の入国及び滞在期間中における旅行・滞在資金を補うための付随的な就労を認める制度であります。

２．グランピングとは、グラマラス(魅力的な)とキャンピングを組み合わせた造語で、大自然の中で手軽に楽しめるキャンプであります。

３．当社では「若者」の定義を、年齢の大小ではなく、好奇心や冒険心が旺盛で積極的に行動する人としております。

４．当社では、観光の対象が未開発である、又は存在するものの知られていないがために、観光客が少なく交通機関や宿泊施設等が十分に整備されていない地域のことを「非観光地」と定義しております。

５．出典：日本政府観光局（JNTO）「国籍/月別 訪日外客数（2003年〜2025年）」。

６．出典：観光庁「観光を取り巻く現状及び課題等について」(令和３年11月)。

７．出典：観光庁 宿泊旅行統計調査報告(平成31年１～令和元年12月)。

８．出典：観光庁 宿泊旅行統計調査報告(令和２年１〜12月)。

９．出典：観光庁 宿泊旅行統計調査報告(令和７年５月分（第２次速報）)

10．出典：政府統計の総合窓口(e-stat)平成25年度(2013年度)衛生行政報告例

11．出典：政府統計の総合窓口(e-stat)令和５年度(2023年度)衛生行政報告例

12．出典：日本・東京商工会議所「人手不足の状況及び多様な人材の活躍等に関する調査」（令和6年9月5日）

13．関係人口とは、移住した「定住人口」ではなく、観光に来た「交流人口」でもない、地域と多様に関わる人々を指す言葉です。地方圏は、人口減少・高齢化により、地域づくりの担い手不足という課題に直面しておりますが、地域によっては若者を中心に、変化を生み出す人材が地域に入り始めており、「関係人口」と呼ばれる地域外の人材が地域づくりの担い手となることが期待されております。(総務省ホームページより抜粋)

14．デジタルネイティブとは、生まれた時、又は物心がついた時からインターネットやパソコン、スマートフォンがある環境で育ってきた世代を指します。インターネットの活用方法として、インターネット検索で情報を取得するだけではなく、自らインターネットで情報を積極的に発信する世代だと言われております。

15．SNSとは、Social Networking Serviceの略であり、インターネット上に自分の生活上の出来事や趣味、意見等を公開して、世界中の人との交流が可能となるサービスです。(例：Facebook、X「旧Twitter」、TikTok、Instagram等)

16．アンバサダーとは、日本語で「大使」や「使節」等に訳され、観光大使のことを観光アンバサダー、又は単にアンバサダーと呼ぶ場合もあります。当社では、その地域や施設等のファンであり、自ら積極的に好意的な発信活動をする方を指します。

17．滞在型アウトドアホテルとは、当社が現在計画している宿泊施設の一業態であります。アウトドアの要素を取りいれた宿泊施設であり、その施設を起点に飲食、アクティビティ、土産等他の観光機能は地域全体の事業者と連携し、分散させることで地域全体の活性化を図る施設です。

18．GLAMPICKS(https://glampicks.jp)は、当社が2019年８月より運営するグランピング施設等の専門サイトです。

19．D2Cとは、Direct-To-Consumerの略であり、中間流通業者を通さずに、自社のECサイト等を通じて製品を顧客に直接販売することを意味し、直接販売の一形態であります。

 

 


〔事業系統図〕

以上述べた事項を事業系統図によって示すと次のとおりであります。

 


(観光ＨＲ事業)




 

 


(地方創生事業)"
153A,株式会社カウリス,2025-12-31,"３【事業の内容】

 

当社は「情報インフラを共創し、世界をより良くする」というミッションのもと、先端技術を活用した実用的なサービスを創り続け、犯罪のビッグデータをアルゴリズムと掛け合わせた法人向けクラウド型不正アクセス検知サービス「Fraud Alert」（フロードアラート）を提供するとともに、2025年９月には、同様に犯罪・不正対策分野におけるデータ活用を強みとした新規事業として、本人確認・顧客管理領域に対応する「Grid Data KYC」（グリッドデータケーワイシー）をリリースいたしました。

 

当社のアプローチは、従来の不正検知サービスと大きく異なるのが、ミッションの中にある「共創」という点にあります。これまでは個社ごとにモニタリングし、検知するというアプローチが主流ですが、個社で解決するには時間もコストもかかることから顧客横断・業界横断でデータを流通させ日本全体の犯罪データをプラットフォーム化し国民の生命・財産を守ることを目指しています。

 

当社はマネー・ローンダリング及びサイバーセキュリティ対策事業の単一セグメントであるため、セグメント別の記載は省略しております。

 

「Fraud Alert」は、マネー・ローンダリング対策・サイバーセキュリティ対策等として 、銀行、証券会社等の資金移動業、並びに、膨大な個人ユーザー（以下「エンドユーザー」。）を有する通信キャリア、ガス等のインフラ事業者、その他のサービス事業者（以下「顧客」。）に対して、サービス提供しております。顧客の利用シーンは、個人ユーザーが、顧客のウェブサイト（以下「顧客サイト」。）や、スマホアプリにエンドユーザーが訪問し、口座開設（アカウント開設）や、残高照会・送金などの取引を実施する際であり、このときに不正利用の可能性をモニタリングしております。具体的には、端末から取得される情報をFraud Alertのアルゴリズムで算出し、なりすましではないか、自社・他社において不正利用履歴がないか、などを算定し、法人顧客にリアルタイムでアラートを上げるサービスです。特に、資金移動業社においては、個社ごとに、自社に還流するキャッシュが正当なものかどうかを判断する要素が限られるため、送金元における利用履歴を活用することで判定精度を向上させたい、というニーズから本サービスは生まれております。キャッシュは流通するため、個社で、検知しにくいマネー・ローンダリングを、顧客横断・業界横断でデータ流通させ、早期検知・不正予防する点が提供価値となっております。

IPA（独立行政法人情報処理推進機構）が2023年２月に公表した2022年度情報セキュリティの脅威に対する意識調査(注１)によると、パスワードの使い回しのパソコン利用者が約４割、スマートフォン利用者では約５割に上る中、不正アクセスの手口は巧妙化し情報漏えいが増加しています。それに比例し、不正に取得したアカウント情報を利用したなりすましやアカウントの乗っ取りなど、本人以外による不正なログイン・アクセスが増加しています。特にフィッシングによる被害件数は2022年から2023年にかけて4.5倍超に増加（注２）し、オンラインの不正利用や、様々な詐欺が国民生活に身近なものとなっております。

（注１）出典：IPA（独立行政法人情報処理推進機構）「2022年度情報セキュリティに対する意識調査［倫理編］［脅威編］」報告書（2023年２月16日公表）

https://www.ipa.go.jp/security/reports/economics/ishiki2022.html

（注２）出典：警察庁「フィッシングによるものとみられるインターネットバンキングに係る不正送金被害の急増について（注意喚起）」（2023年12月25日公表）

https://www.npa.go.jp/bureau/cyber/pdf/20231225_press.pdf

 

当社の利用実績として、2025年12月期においては、月間約6.0億件のログインのモニタリングを行っており、そのうち約3.64％のアクセスは本人らしさが低いものとして検知しております。例えば、ロケーション情報の異なるアクセス（例：東京からログインがあった１分後に大阪から同じアカウント情報を使ったアクセス）や、１つの端末に５つ以上の口座が紐づくアクセス（例：同じパソコンで５つ以上の口座のインターネットバンキングにアクセス）、並びにFraud Alertにブラックリストとして登録されている端末情報（顧客が危険と判断し、Fraud Alertのブラックリストデータベースに登録した端末情報）からのアクセスなどです。また、警視庁・各県警から、当社顧客に凍結依頼があった銀行口座に紐づく端末情報をブラックリストデータベース登録も行っておりますが、総務省、警察庁及び経済産業省の調査(注３)によると、2025年の不正アクセス行為の認知件数は7,190件あり、そのうち９割弱がインターネットバンキングでの不正送金等につながっております。ログインの際に、不正なエンドユーザーを検知し水際で防ぐ対策が求められています。

（注３）出典：総務省、警察庁、及び経済産業省「不正アクセス行為の発生状況及びアクセス制御機能に関する技術の研究開発の状況」（2026年３月12日公表）

https://www.npa.go.jp/bureau/cyber/pdf/R080312_access.pdf

 

「Fraud Alert」は、インターネットバンキングなどの各種サービスにおけるWEBサイトに、JavaScriptのコードを数行埋め込むことでアクセス解析されたデータを取得し、解析結果を元にした追加認証やメール通知など、ログイン後の挙動をカスタマイズできるサービスになります。

これによって、通常のID・パスワード認証に加え、エンドユーザーの個人情報を用いず、端末から取得するエンドユーザーの各種パラメータ（IPアドレス、端末情報、OS、ログイン場所、時間、アクセス履歴、ページ内遷移など250以上）からエンドユーザーの行動履歴をデータベース化し、ログインやアクセスが本人のものかを独自の検知アルゴリズムでリアルタイムにアクセス解析を実施し、「本人らしさ」を判定します。不正が疑われるログイン試行や不正アクセスを未然に検知してサイバー犯罪者が本人なりすましにより不正アクセスすることを未然に防止するものと考えております。

「Fraud Alert」は、Webブラウザ、Mobileブラウザ、スマートフォンアプリに対応しており、同一口座がどの端末からログインしているのかを検知し、端末レベル、口座レベル、IPアドレスレベルで、不正利用の検知が可能であり、さらに顧客間で、悪意のあるアクセス、過去に他社で不正利用に使われた端末を捕捉することが可能となります。

 

 

 

（注４）APIとは、Application Programming Interfaceの省略表記で、アプリケーションの機能やデータ等を他のアプリケーションから呼び出して利用するための接続仕様・仕組みのこと。

 

また、ユーザーのID・パスワードの使い回しが依然として見受けられている今、ID・パスワードによる認証だけでは安全なセキュリティが確保できません。他社から漏えいしたアカウント情報により、なりすましやアカウントの乗っ取り被害が及ぶことも十分に考えられます。一方で、毎回二要素・多要素認証により認証を行うことは、高いセキュリティを確保できるものの、エンドユーザーへの負荷が大きく利用してもらえなくなる可能性もあります。さらに認証ごとにコストがかかる場合、サービスの成長と共に運用コストが膨らむ結果になります。当社は、エンドユーザーの行動パターンや位置情報などを元に、何らかのリスクがあると判断された場合にのみ追加認証を要求する「リスクベース認証」に注目しており、「Fraud Alert」では、上記のエンドユーザーのアクセス環境から”本人らしさ”を判定し、不正アクセスのリスクを検知致しますので、このリスクのある場合にだけ顧客側から追加認証を発動させるため、エンドユーザーに負荷をかけずに顧客はサービスを提供できます。さらに、二要素認証などと組み合わせることでコストの削減に寄与すると考えております。

 

 

また、毎日処理する不正検知データから当社独自の「ホワイトリスト（正しい本人が利用していると特定された端末やアカウント）」、「ブラックリスト（不審者データベース）」が作成され、当社の顧客ネットワーク全体でブラックリストを共有（注５）することにより業界全体で不正アクセスを防ぐことを実現しています。例えばクラウド上の共通ロジックでなりすましリスクを検知し、攻撃者情報をブラックリスト化して顧客間で共有することが可能となり、マネー・ローンダリング口座の検知をするなどに活用されています。導入時の必要コスト（サーバー設置費用、システム改修費用等）が抑えられる点や、サービス開始までの導入に要する時間が短期間（JavaScriptコード埋込型の場合１ヶ月程度、API連携型の場合は顧客都合による）であること、不正ユーザー情報の蓄積データベースへの共有APIが当社の強みとして挙げられます。

クラウド型でリスクベース認証を提供する類似サービスは導入コストが高く、導入後に専属のコンサルタントによるチューニングが必要となります。一方、「Fraud Alert」は、都度改定される金融庁のガイドラインへの対応や、顧客企業との情報連携を通じた不正利用者の端末傾向を分析した上で検知ルールをチューニングしており、顧客企業のモニタリングの負担を軽減できるのも特徴となっております。

当社のビジネスモデルは利用者のインプレッション数（注６）、ユニークユーザー数（注７）を基に契約金額を決定するモデルとなっております。また、コンサルティング契約に基づく、他社事例紹介やモニタリングルール改善等のコンサルティングサービスを行っております。

（注５）ブラックリストの内容は個人情報保護法に基づく「個人関連情報」または「個人情報」となっております。

（注６）総アクセスカウント数を意味します。

（注７）決まった集計期間内にウェブサイトに訪問したユーザーの数を意味します。

 

そのほか、顧客企業のフィッシングサイトを検知・通知するサービスや、金融機関等向け電力契約情報を活用したサービス（一般送配電事業者が保有する電力設備情報の一部を不正口座開設の抑止、継続的顧客管理に活用するサービス）等も手掛けております。

 

 

「Fraud Alert」は、以下３つのサービスから構成されております。

（１）Fraud Alertログイン検知サービス

Fraud Alertログイン検知サービスは、エンドユーザーのアクセス環境から「本人らしさ」を判定します。その判定結果に基づき、不正アクセスのリスクを検知し、リスクのある場合にだけ顧客側から追加認証を発動させるため、エンドユーザーに負荷をかけずにサービスを提供することが可能となっております。

（２）Fraud Alert入出金検知サービス

Fraud Alert入出金検知サービスは、主に国内の金融機関を顧客として、振込ルール（仕向元口座・仕向先口座における振込金額や回数など）や各種パラメータ（端末情報、エンドユーザー情報、IPアドレスなど）、その他ルール（初回振込・振込時間帯など）を組み合わせることで、ルールベースでの不正な入出金のモニタリングを行い、危険度が高いと判定されたアクセスの場合には、リアルタイムで振込中止や追加認証の制限をかけることが可能となっております。

（３）Fraud Alert新規口座開設検知サービス

Fraud Alert新規口座開設検知サービスは、主に国内の金融機関を顧客として、金融機関が受付した口座開設申請等に対し、当社が持つ不正アクセス検知技術に加え、電力会社が保有する電力設備情報の一部を組み合わせることにより、より確度の高い、なりすましの可能性に関するリスク情報を金融機関等に提供することができます。

 

また、以下４つの特徴があります。

（１）月間数億件のモニタリング

不正利用と特定された利用ユーザーの端末情報を集め、顧客間でブラックリストを共有するデータベースを構築しております。国内の金融機関等である顧客間で、不正利用端末のログイン履歴から、マネー・ローンダリングの入出金の流れのトラッキングを行っています。ログインに加えて、口座開設もモニタリングしており、不正利用に用いられた端末での口座開設、クレジットカード入会の抑止にも寄与しています。なりすましによる被害に加えて、これまで、架空名義の口座開設、口座の転売、マネー・ローンダリングのトンネル口座を検知する実績があります。

 

（２）モニタリング運用支援のコンサルティングサービス（平均価格50万円～）

当社がこれまでに培ってきたモニタリング運用支援実績をもとに、当社に集まる不正利用者の手口情報の分析や対応ノウハウを顧客企業に提供しております。業種に沿ったセキュリティコンサルティング、並びに定期的なモニタリングルール改善提案を行うことで、顧客企業が口座凍結等の最終的な判断を行うための材料となるモニタリング結果の精度の向上をご支援させていただいております。

（３）業界ごとのガイドラインに準拠した導入実績

金融機関（銀行、証券会社など）、クレジットカード事業者、暗号資産業者、通信・ガス等のインフラ事業者などの業態に使われています。特に、売上比率の高い金融機関である顧客間では下記のガイドラインに立脚したモニタリングを実施しております。

 

業界ごとのガイドライン

銀行・暗号資産業者

全国銀行協会が示した「資金移動業者等との口座連携に関するガイドライン」の中で挙げられた「不正検知としてのモニタリング」に対応する他、リスク評価やFATF（金融活動作業部会）（注）対応、犯罪による収益の移転防止に関する法律にて規定される「疑わしい取引の届出」にも、活用可能。オンラインでの不正送金、ATMからの不正出金など、銀行を狙った攻撃を予防。

（注）FATF（金融活動作業部会）：マネー・ローンダリング・テロ資金供与対策の国際基準（FATF勧告）を策定し、その履行状況について相互審査を行う多国間の枠組み。1989年のアルシュ・サミット経済宣言を受けて設立された。現在、G7を含む38カ国・2地域機関が加盟しており、その他９つのFATF型地域体を加えると、FATF勧告は、世界200以上の国・地域に適用されている。

証券会社

日本証券業協会が示した「インターネット取引における不正アクセス等防止に向けたガイドライン」の中で挙げられた不正アクセスに対するモニタリング。不正出金などを予防。

クレジットカード事業者

一般社団法人日本クレジット協会が示した「資金決済業者等とクレジットカードとの連携に係る本人認証等セキュリティガイドライン」の中で挙げられた「不正検知のモニタリング」に対応する。不正ログインによるポイントの不正使用、個人情報漏洩からエンドユーザーを守る。

 

（４）不正アクセス状況が分かりやすく可視化された管理画面

不正アクセスと推測される数とその推測理由をグラフで表示します。デイリーでの５段階（安全～危険）アクセスの傾向グラフ、危険種別のアクセスの発生割合グラフ等があります。

 

 

 

また、オプションサービスになりますが、コンサルティングオプションという契約を締結の顧客企業に対しては、顧客企業が独自に作成する不正アクセス検知ルールのカスタマイズが可能であり、カスタマイズしたルールに関するレポートも表示可能です。

 

 

当社が認識する成長戦略は、MRR（注８）を拡大するための不正アクセス検知モニタリングを行うチャネル（注９）の拡大及び設置面（注10）数の増加であります。

また、当社が属するマネー・ローンダリング対策市場の潜在市場規模は、約2,766億円と推計しております（注11）

 

（注８）MRR：Monthly Recurring Revenueの略称。MRRは対象月末時点における継続課金となる契約に基づく当月分の料金の合計額。

（注９）「チャネル」とはFraud Alertにてモニタリングを行うインターネット及びアプリ上のそれぞれ個人口座と法人口座をいう。

（注10）「設置面」とはFraud Alertにてモニタリングを行うインターネット及びアプリ上のログインページ、送金ページ、口座開設の画面をいう。

（注11）①対象顧客を金融機関1,250社、設置面をログイン、チャネルをインターネット（個人口座に限る）とするFraud Alertの市場規模を約186億円（注12）、②対象顧客を金融機関1,250社、設置面をログイン・口座開設・送金、チャネルをインターネット及びアプリ（個人口座に限る。）（ただし①の範囲を除く。）とするFraud Alertの市場規模を約930億円（注13）、③対象顧客を金融機関1,250社、設置面をログイン・口座開設・送金、チャネルをインターネット及びアプリ（法人口座に限る。）とするFraud Alertの市場規模を約1,116億円（注14）、④対象顧客をクレジットカード会社358社及びECサイト455万店とするFraud Alertの市場規模を約534億円（注15）（注16）とする市場規模の合計額（注17）。

（注12）対象顧客として金融機関合計1,250社（銀行122行、証券会社112社（国内合計271社であるところオンラインサービス提供を行っているのは約半分と推定し当社算出。）、信用金庫・信用組合397社、その他金融619社）（2021年１月末時点。日本金融通信社の金融機関計数から引用。）（以下注５及び６において同じ。）を想定し、対象顧客が個人口座のインターネットのログイン時のモニタリングでFraud Alertを導入した場合の売上高の当社推計。MRR124万円（2024年１月期の当社対象顧客のインターネットのログイン時のモニタリングMRR平均値）（以下注５及び６において同じ。）として当社算出。

（注13）対象顧客として金融機関合計1,250社を想定し、対象顧客が個人口座のインターネット・アプリの口座開設時、ログイン時及び送金時のモニタリング（ただし注４の範囲を除く。）でFraud Alertを導入した場合の売上高の当社推計。MRR124万円として当社算出。

（注14）対象顧客として金融機関合計1,250社を想定し、対象顧客が法人口座のインターネット・アプリの口座開設時、ログイン時及び送金時のモニタリングでFraud Alertを導入した場合の売上高の当社推計。MRR124万円として当社算出。

 

（注15）対象顧客としてクレジットカード会社358社（2005年12月時点。経済産業省（「クレジットカード業の概況」平成17年12月時点）から引用。）を想定し、対象顧客がFraud Alertを導入した場合の売上高の当社推計。ARPU226万円（2023年12月期の当社対象顧客のMRR平均値）として当社算出。

（注16）対象顧客としてECサイト約455万社（2023年12月25日時点。エンパワーショップ株式会社「［2023年最新版］国内のECサイト・ネットショップの総稼働店舗数」から引用。）を想定。ECサイトによるFraud Alertの導入は、セキュリティ投資金額が上限となり、また、セキュリティ投資金額の上限は不正利用被害額が上限となると仮定し、不正利用被害額約437億円（経済産業省「クレジットカードの不正利用や支払遅延から身を守るために」引用、2022年12月時点、2023年10月公表。）を、Fraud Alertの市場規模と推計。

（注17）当該推計値は、当社が合理的と考える一定の仮定・前提を置いて試算した数値である。当社が推計した市場規模における位置付けが誤っていた場合、当社グループは市場機会についての判断を誤り、誤った戦略を策定し、または内部のリソースの分配を誤る可能性があり、その結果当社グループの事業及び経営成績等に悪影響を及ぼす可能性がある。したがって、これらの数値が当社グループの事業や成長に関する見通しを表しているものとして過度に依拠することはできない。加えて、当社は数値の推計にあたって当社独自の定義を用いているため、これらの数値は他社の類似の指標と比較することはできず、そのような比較の結果に依拠することもできない。

 

また、2025年９月より金融機関等向け電力契約情報を活用したKYCサービス「Grid Data KYC」の提供を開始しております。Grid Data KYCは、全国10社の送配電事業者と連携し、電力契約情報を活用した不正口座開設防止・継続的顧客管理の高度化及び管理コストの低減を同時に実現するサービスとなっております。

 

 

＜事業系統図＞"
155A,株式会社情報戦略テクノロジー,2025-12-31,"３【事業の内容】

（１）ミッション

今日、全ての企業にとって、情報システムを活用しビジネス自体を変革させていく「ＤＸ（デジタルトランスフォーメーション）（*1）」が不可欠となっています。企業の命運を握る「ＤＸ」ですが、これまでのシステム開発のやり方や常識のままでは成功しないと当社は懸念しております。

システム開発に携わる企業が１次、２次、３次等と多層になるような開発体制で、また、発注者である顧客や上位にいるシステム開発企業が上、受注する側のシステム開発企業が下という「外注」「下請け」意識で、顧客が本当に必要とするシステムを作成できているでしょうか。そもそも、日本では常識になっている多重下請け構造を疑ってみることが必要ではないでしょうか。

多層に分かれたシステム開発においては一部の開発工程にしか携われないエンジニアが増え、本来「ＤＸ」の担い手であるエンジニアたちの成長が阻害され、エンジニアが使い捨てられているのではないでしょうか。開発工程の分業によってエンジニア全体の能力の底上げがないため、優秀なエンジニアに仕事が集中し疲弊してしまっている現実があり、エンジニアとしての明るい未来像を描くことができなくなっているように見受けられます。エンジニア出身の経営者がマイクロソフト、グーグル、フェイスブックといった世界的サービスを生み出したような、エンジニアが活躍する環境を日本ではまだ作れていません。

当社はシステム開発におけるこれらの課題を「なくしていく」ことで顧客の「ＤＸ」を実現し、未来に向けて日本の産業や社会を力強くしていきたいと考えており、企業理念として「すべてを、なくしていく。」と掲げております。

 

「すべてを、なくしていく。」

・私たちは、システム開発における多重下請け構造をなくしていきます。

多重下請け構造の弊害から生まれる巨大なシステム障害と、ユーザーの生活に寄り添っていないサービス開発をなくしていきます。そのシステム障害の修復や、サービスをつくり直すために捻出される本来必要ではなかった莫大なカネをなくしていきます。

・システムエンジニアの使い捨てという発想をなくしていきます。

優秀なシステムエンジニアが育たないという環境をなくしていきます。先進国では優れたシステムエンジニアが経営者になっていく。そんな環境が日本では少ないという事実をなくしていきます。優秀な人たちがシステムエンジニアという仕事を選ぼうとしていない状況をなくしていきます。

・「要件定義のウソ」をなくしていきます。

時代も、使う人も常に変化していく中で、システムに完成はありません。「とりあえず要件定義に沿うために」と、中途半端で帳尻だけを合わせるようなデタラメなシステムをなくしていきます。

・外注という概念をなくしていきます。

外注により生まれる上下関係からコミュニケーションやアイディアが滞ってしまう機会をなくしていきます。相手の言っていることが明らかに間違っているとわかりながら、それでも「はい、はい」とごまかしたまま進行していくような不健全なチームをなくしていきます。

・世界の基盤は、システムでできている。

企業活動のすべてのシステムが、そしてシステムに携わるすべての人が、健全に懸命に誠実に活躍できるならば、企業が提供するサービスや商品や施設などを享受するすべての人の生活と未来が、確実に豊かに、幸せになっていく。

・１次請け、２次請け、３次請けという構造から、０次ＤＸへ。

ダイレクトに相談され、私たちと１チームになりカタチにしていく。つねに相談と提案が繰り返されながら、改善と改良が積み重なり、進化し続けていく。

・多重構造と下請け。

その歪んだ発想を常識にしてしまっている現状を、私たちはなくしていきます。

・システム開発におけるすべての課題をなくし、あらゆる限界を超えていくことで、この国の、そしてこの国で生きていく人の確実な豊かさと、幸せをつくっていきます。

・企業と、ともに。

 

当社は、システム開発における課題の解決やあるべき姿の実現を目指し、顧客とエンジニアが協働して進めるシステム開発のあり方を「０次システム開発」と称して顧客にサービス提供しており、「０次システム開発」によって顧客のＤＸを成功に導くことを「０次ＤＸ」と呼んでおります。

 

 

（２）事業の特徴

当社グループは「ＤＸの総合商社」として、顧客のＤＸを実現する「０次システム開発」、チーム単位でソリューションを提供する「０次ラボ」、開発を見据えた戦略立案を行う「０次コンサル」及びシステム開発業界のＤＸを実現する「WhiteBox」プラットフォームから成る、ＤＸ関連事業を展開しております。ＤＸ関連事業の単一セグメントであるため、セグメント毎の記載はしておりません。

当社グループの事業の特徴は、以下のとおりであります。

 

（a）アジャイル開発（*2）を中心とした開発手法

当社グループでは、顧客とエンジニアが、提案・相談を繰り返しながら協働して開発していく、ビジネスの状況変化に対応して変更可能なアジャイル型の開発手法を中心にサービスを提供しております。

ＩＴ業界には、多重下請け構造という、顧客から委託された業務を１次請け企業が、２次請け企業、更にその下層の３次、４次請け企業に流していくピラミッド型構造が存在しております。多重下請け構造に基づくシステム開発では、最初に顧客と１次請け企業が決めた要件どおり開発し納品する、ビジネスの状況変化に対応できない後戻りが難しいウォーターフォール型の開発手法（*3）が採られています。

ウォーターフォール開発においては、長期間に亘る開発の最終的な成果物の検収時に要件と合致しない箇所が発見されて、システム開発企業の負担で修正を求められることがあります。その場合、契約上の納期を満たせないことにもなりかねず、開発期間に多くのバッファを見積り、その分のエンジニア人件費が上乗せされるため、顧客に必要以上のコスト負担を求めているのが一般的です。このことが、顧客のＩＴ投資効率を損なう要因の一つであると当社は考えております。

 

それに対し、アジャイル型の開発手法のメリットは、以下のとおりです。

①「作っては見せ」を繰り返しながら開発を進めていくため、詳細な要件定義が必要なく、開発・改善のハイスピード化が図れる。

②「お客様の要望どおり作りましたという証拠」としてのドキュメントが不要或いは最小限になるため、システムの開発・改善に時間及びコストを集中できる。

③重要度が低い部分も含め全てテストし尽くすのではなく、必要十分なテストを都度行いながら開発を進め、不具合が発生したら即対応するスタイルのため、余計なテストコストをカットできる。

 

ウォーターフォール開発とアジャイル開発の一般的な違いは、以下のとおりです。

 

ウォーターフォール開発

アジャイル開発

契約形態

請負契約

準委任契約

開発スタートまで

要件や成果物を全て明確にしてからスタート

要件が概ね決まったものからスタートできる

追加の要望がある場合

見積が必要

追加費用が必要

見積不要

工数内で収まれば追加費用は不要

成果物の確認

開発終盤まで確認不可

随時可能

開発体制

請け負った開発規模に必要なだけの体制を一定期間固定的に用意

最小１ヶ月単位で体制を柔軟に変更可能

 

ビジネス状況に合わせてシステム及びそれに基づくビジネスモデルを変化し続けられる企業が勝つＤＸの時代により必要なのは、多重下請けによるウォーターフォール型のシステム開発ではなく、アジャイル型のシステム開発であると考えております。

当社グループは顧客の「ＤＸ内製」を支援するにあたり、第三者的な受託者という意識ではなく、顧客との間で相談・提案を繰り返しながら協働してシステム開発を進めることを特徴としており、それを「１次」請けを超えた「０次」と表現しております。このような顧客との密接な関係に基づき、企画や要件定義といった上流工程から、開発や保守・運用に至る下流工程までを一気通貫で支援しております。

 

（b）ＡＩ（*4）をはじめとした最先端のソリューションの提供

昨今、あらゆる産業において生成ＡＩ（人工知能）の活用ニーズが急激に高まっております。一般社団法人電子情報技術産業協会（JEITA）が公表した「注目分野に関する動向調査（2023年12月）」の推計によれば、国内における生成ＡＩ市場の需要額は、2023年から2030年にかけて年平均成長率（CAGR）47.2％という極めて高い水準で成長する見通しであり、今後も関連投資の拡大が継続するものと認識しております。

このような市場環境に対し、当社グループは、ＡＩ（人工知能）を中心とした最新の技術を用いたソリューションの提供により、顧客企業のＤＸを強力に支援しております。具体的には、以下の施策を通じて競争優位性の構築を図っております。

 

①ＡＩ開発基盤の整備

全エンジニアにエンタープライズレベルの高度なセキュリティと機能を備えたＡＩツール「Claude for Enterprise」を提供しているほか、社内にＡＩ専門組織である「AI CoE（Center of Excellence）」を設置し、組織横断的なナレッジの集約と技術水準の向上を推進しております。これにより、組織的にＡＩを用いたソリューションの提供力を担保しております。

 

②関連領域へのソリューションの展開

ＡＩ技術の普及に伴い、サイバーセキュリティ対策やデータガバナンスの構築など、関連する様々な経営課題が表れております。当社グループでは、ＡＩ単体の導入に留まらず、ＡＩ活用において不可欠となるサイバーセキュリティの強化や、データサイエンスによる高度なデータ利活用、ならびにクラウドインフラの最適化など、先端技術領域におけるソリューションを包括的に提供しております。

 

③「WhiteBox」プラットフォームにおけるＡＩ駆動開発の実践

当社連結子会社である株式会社WhiteBoxが運営するエンジニア支援プラットフォーム「WhiteBox」等のサービス開発において、自ら「ＡＩ駆動開発」を積極的に活用しております。ＡＩによるコード生成や自動テスト等のプロセスを徹底することで、圧倒的なスピードでの機能開発およびプロダクトのリリースを実現しております。

 

（c）強固な顧客ネットワークの構築

ＩＴ業界の案件獲得は１次請けシステム開発企業（SIer）経由が主流です。

国内には34,934社（出所：総務省・経済産業省「2024年 経済構造実態調査」）のシステム開発企業（ソフトウェア業、情報処理・提供サービス業）が存在していますが、エンドユーザー企業の事業部門の担当者が１社１社調べて適切なシステム開発企業を探すことは非常に手間のかかる作業であり、あまり現実的ではありません。そのため、エンドユーザー企業は既に取引のある１次請け企業にコンタクトを取り、それを受けて１次請け企業が定期的な訪問やコンタクトを受けている２次請け企業の中から顧客（エンドユーザー）の要望に対応可能な外部委託先を選定するというのが、システム開発の受発注において一般的に見受けられる流れであり、多重下請け構造を生じさせております。３次請け以降のシステム開発企業では、商流の上位にいる企業から電子メールで回ってくる提案依頼案件に自社のエンジニアをアサインし、リソースが足りなければ単価の部分を書き換えて他の企業に案件情報を流してリソースを調達するケースもあります。

 

当社グループは、エンジニアの待遇・市場価値を上げることを通じて優秀な人材がエンジニアを目指す社会を実現し、そのことにより日本の国際競争力を回復・向上させるために、各業界のリーディングカンパニーに集中して営業を行っております。当社グループのようにエンドユーザー企業に自らアポイントを取って新規開拓営業を行い、直取引を獲得するシステム開発企業は比較的少ないものと認識しております。多くのシステム開発企業は企業規模の拡大を目指さない限り、ある程度継続的な受注が見込めることから、プッシュ型の営業は積極的に行わず、Webでの情報発信、セミナー開催、イベント出展等を通じたプル型のマーケティング活動を中心に行っているものと当社グループは考えております。当社グループは、業界改革のために企業規模の拡大を志向していることから、空き稼働が見込まれるエンジニアの稼働を埋めるためという受動的な営業ではなく、絶えず積極的な営業活動を推進しております。

このような積極的な開拓営業の結果、当社グループは各業界を代表する大手企業を主要顧客として、強固な顧客基盤を構築しております。単なる御用聞きに留まらず、顧客の事業部門と直接対話し、経営課題や現場の潜在的なニーズを深く吸い上げることで、ビジネスの課題解決に資するソリューションを提供しております。こうした深い関与は、顧客との高い信頼関係の構築に寄与しており、結果として継続率約95%という極めて高い割合を実現しております。さらに、顧客との直接的なリレーションシップから得られた現場の一次情報は、当社グループにおける新たなサービス開発へと有機的に還元されております。

 

（d）エンジニアの就業環境

当社グループは、「すべてを、なくしていく。」という企業理念を掲げており、エンジニアについても以下の事項を掲げております。

・システムエンジニアの使い捨てという発想をなくしていきます。

・優秀なシステムエンジニアが育たないという環境をなくしていきます。

・先進国では優れたシステムエンジニアが経営者になっていく。そんな環境が日本では少ないという事実をなくしていきます。

・優秀な人たちがシステムエンジニアという仕事を選ぼうとしていない状況をなくしていきます。

 

そのため、当社はエンジニアの就業環境の整備を以下のとおり進めており、就業環境の整備により優秀なシステムエンジニアが多く採用できるよう、且つ長く就業できるよう努めております。

・平均年収667万円（2025年12月期、2025年新卒を除く）（*5）

・実績・行動・努力を漏らさず反映できるよう、細かく評価項目を設定した評価制度。

・マネジメント職以外にもスペシャリスト、またその知見を活かしエンジニア以外の道も広く用意。

・全工程＋クライアントとのコミュニケーションを担当しても、１日当たりの平均残業時間は１時間未満（社内業務含む）。

 

（e）システム開発企業向けのオープンプラットフォームサービス「WhiteBox」

「WhiteBox」は、システム開発企業又はフリーランスが利用申込を行い、当社の連結子会社である株式会社WhiteBoxがそれを会員として受付処理することにより利用できるサービスです。企業所属エンジニア又はフリーランス自身の開発経歴（スキルシート）の登録管理等、基本的な機能は無料で利用することができますが、１次請け企業がパートナーを募集する目的でシステム開発案件を掲載・提案したり、パートナーが１次請け企業とエンジニアに関する情報を共有するなどの機能を利用する場合には、月額基本料金が発生します。当社グループは、自ら本サービスを利用するとともに、全てのシステム開発企業が利用できるオープンなプラットフォームサービスとして提供することを通じて、システム開発における多重下請け構造をなくすという当社理念に共感するシステム開発企業を増やし、業界改革を推進することを目指しております。「WhiteBox」は、受発注の成立までのやり取りを依然として電話やメール等の旧来の方法に依っていることが多い、システム開発業界のＤＸを実現するサービスです。

 

事業系統図を図示すると、以下のとおりであります。

 

［事業系統図］

 

（３）サービスライン

当社グループは、顧客から「０次ＤＸ」というコンセプトでシステム開発を受注し、更にシステム開発企業向けオープンプラットフォームサービス「WhiteBox」を自社サービスとして提供しております。

 

a ０次システム開発

当社グループは、顧客の社員と当社エンジニア及びパートナーが協働し、システム開発を通じて業務上の課題を解決する「０次システム開発」を提供しており、専ら顧客（エンドユーザー）との直取引案件を手掛けております。

 

「０次システム開発」では、要件が固まっていなくてもスタートできるというアジャイル開発の特徴を生かし、アプリケーションのプロトタイプ構築、システム統合、スマホアプリ開発・運用、システム基盤（インフラ）のクラウドへの移行等の分野でも利用されております。

 

当社グループはアジャイル開発の中でも代表的な手法であるスクラム開発（*6）に精通したエンジニアの育成に努めており、そうしたエンジニアが顧客の社員と協働してプロジェクトを管理・推進する案件を多く手掛けております。

 

また当社グループでは、昨今需要が極めて旺盛な生成ＡＩの活用を加速させるとともに、大手クラウド（*7）インフラサービス会社との提携を進めることで、より高度なソリューションを提供するための基盤を整えております。

 

b ０次ラボ

当社グループが展開する「０次ラボ」は、従来型の人月ベースの支援から脱却し、最先端テクノロジーを有するチームがソリューションを提供するビジネスであります。

 

一般的な業務委託契約によるシステム開発においては、プロジェクトの工程ごとに適当なスキルを持ったエンジニアを専任型でアサインし、投入した工数（人月）に対して費用が発生するモデルが主流となっております。このモデルでは、リソースの固定化によるコストの硬直性や、要員交代に伴うナレッジの欠落といった非効率が生じやすく、また必要な専門人材の確保が遅れることによる納期遅延リスクを内包しております。

 

これに対し「０次ラボ」では、特定の専門領域（生成ＡＩ、サイバーセキュリティ、データサイエンス、UI/UXデザイン等）に精通したエンジニアによる専属チームがソリューションを提供いたします。対価の設定においては、単なる稼働量ではなく提供したソリューションの価値を基準とすることで、高い粗利率を維持しながら、持続的な売上成長を実現しております。

 

本サービスの特徴は、市場において極めて希少かつ高コストな全領域で最高水準のスキルを有するエンジニアの機能を、複数の専門家からなるチームによって組織的に実現している点にあります。これにより、属人化の課題を解消しつつ、状況に応じて最適なリソースを柔軟かつ機動的に配分することが可能となり、顧客にとって無駄のない、圧倒的に高いパフォーマンスを発揮できる体制を構築しております。

 

c ０次コンサル

当社グループの０次ＤＸコンサルは、単なる戦略策定や構想策定の提言に留まらず、その後のシステム実装やビジネスでの実用を前提とした、実効性の高いコンサルティングサービスを提供しております。

 

現在のIT市場においては、多くの企業が「一気通貫」の支援を標榜しておりますが、実態としてはコンサルティングを担う組織と開発を担う子会社や外部パートナーとの間で情報の分断が生じているケースが少なくありません。このような組織的な乖離は、当初の経営ビジョンが実装フェーズで歪曲される、あるいは現場の制約によって戦略が形骸化するといった、ＤＸにおける典型的な失敗要因となっております。

 

これに対し当社グループでは、戦略立案からエンジニアが関わることで、開発・運用を見据えた戦略立案が可能となります。策定された戦略から「０次システム開発」や「０次ラボ」といったサービスに連携することで、圧倒的なスピードと確実性をもって顧客企業の経営課題を解決しております。

 

d システム開発企業向けオープンプラットフォームサービス「WhiteBox」

システム開発業務を発注又は受注する企業やフリーランスに対して、所属エンジニア又はフリーランス自身の開発経歴（スキルシート）の登録管理等、基本的な機能を無料で提供するとともに、１次請け企業がパートナーを募集する目的でシステム開発案件を掲載・提案したり、パートナーが１次請け企業とエンジニアの情報を共有するなどの機能を利用する場合に定額の月額基本料金が発生するサービスを、以下のプラン別に提供しております。

 

 

名称

対象法人

提供機能

月額基本料金

パートナープラン

案件を探したい法人向け

所属エンジニアのスキルシート管理に加え、公開案件への応募ができる。

無料

パートナープランPRO

案件とパートナーの両方を探したい法人向け

パートナープランに加え、自社管理案件のパートナー向け掲載ができる。

10,000円

（税抜）

SIerプラン

パートナーを探したい法人向け

公開スキルシートの検索、パートナーへの直接提案を含む全ての機能を使用できる。

25,000円

（税抜）

 

「WhiteBox」の特徴は、エンジニア情報の登録を促す工夫として、エンジニアの経験スキル・分野や特徴を記録するスキルシートを管理できるクラウドサービスを無償提供している点にあります。システム開発企業にとってエンジニアのスキルシートをファイルで更新管理するのは手間がかかります。「WhiteBox」の機能を使えば、スキルシートの管理がしやすく、また、どのようなスキル・経験を持ったエンジニアが在籍しているかという情報を提供することによって、１次請け企業から案件情報や開発の打診を直接受け取ることが可能です。

案件を複数抱え、有望なパートナーを探しているシステム開発企業は、「WhiteBox」を通じて、登録されているパートナー候補企業所属エンジニアのスキルシートを検索し、候補企業に対して直接提案依頼を出すことが可能になります。また、案件情報を「WhiteBox」で公開し、パートナー候補企業から提案を募ることもできます。

 

システム開発業界では、契約の終了が間近になってから所属エンジニアの空き稼働を作らないために慌てて営業活動が開始され、その結果、契約が短期間で終了しやすい、引き合いの少ないエンジニアの経験・スキルをベースにした提案営業が一般的に広く行われています。「WhiteBox」においては、SIerプランの会員である１次請け企業はパートナー候補企業所属エンジニアのスキルシートを閲覧可能であることから、顧客のニーズが顕在化していない時点で優秀なエンジニアを抱えるパートナー候補企業との商談を重ね、候補企業と共同で顧客に対して案件を創出するための提案を仕掛ける「未来マッチング」を行うことができます。

当社は、2019年２月から、当社内での利用を目的に、当社社員、及びフリーランスではなく企業に所属するエンジニアを対象としてスキルシートデータベース（ＤＢ）作りを始めました。その後、ＤＢをオープンなプラットフォームとしてサービス化することで、システム開発提案能力と事業拡大意欲を有する企業が、受動的でないシステム開発提案を行えるようになり、当社グループが企業理念として掲げている業界の下請け体質の改革に繋がると同時に、当社にとってのパートナー企業開拓力に寄与するものと考え、2020年４月に「WhiteBox」の実証実験を開始し、2021年１月に正式サービスへ移行しました。2025年12月末現在、3,188社が会員登録しており、３万人超のエンジニアのスキルシートが登録されております。

 

「WhiteBox」の機能強化に加え、SES業界の商慣習に寄り添ったプロダクト開発を進めており、既に築いた会員基盤を最大限に活用しSES事業者の広範な課題を解決するプラットフォームを目指してまいります。

具体的には、人間が行うマッチング業務「Talentsync」のβ版、エンジニア向けキャリアコミュニティ「BlackBox」、「WhiteBox PayAssist」、SI/SES中小の月初の事務作業を約60％削減できるSES特化型Saasである「OmniSquare」といったプロダクトを、ＡＩ駆動開発のノウハウを活かし短期間のうちにリリースしています。

 

 

＜用語解説＞

注書き

用語

用語の定義

*1

ＤＸ

デジタルトランスフォーメーションの略称。企業がビジネス環境の激しい変化に対応し、データとデジタル技術を活用して、顧客や社会のニーズを基に、製品やサービス、ビジネスモデルを変革するとともに、業務そのものや、組織、プロセス、企業文化・風土を変革し、競争上の優位性を確立すること。

*2

アジャイル開発

システムやソフトウェア開発におけるプロジェクト開発手法の一つで、大きな単位でシステムを区切ることなく、小単位で実装とテストを繰り返して開発を進めていきます。従来の開発手法に比べて開発期間が短縮されるため、アジャイル（素早い）と呼ばれています。

*3

ウォーターフォール開発

システム開発で用いられる開発手法の一種。システム開発には多くの工程（プロセス）が存在し、この工程を「上から順番に行う」のが、ウォーターフォール開発です。

*4

ＡＩ

人工知能（Artificial Intelligence）の略称で、大量の知識データに対して、高度な推論を的確に行うことを目指したもの。コンピューターの性能が大きく向上したことにより、機械であるコンピューターが「学ぶ」ことができるようになりました。これにより、ビジネスの業務効率化と生産性の向上が期待されています。

*5

平均667万円

当社の従業員数に基づき比較する場合、厚生労働省「2024年賃金構造基本統計調査」において、企業規模100～999人におけるソフトウエア作成者（テクニカルスペシャリスト、プログラマー、ＣＧプログラマー、社内システムエンジニア、クリエータ（情報通信産業に関するもの）の職種）の平均年収は、5,489千円でした（平均年収は「きまって支給する現金給与額」×12ヶ月＋「年間賞与その他特別給与額」で算出しております。）

*6

スクラム開発

チームメンバーにタスクを振り分け、それぞれがそのタスクを達成することでプロダクトの完成を目指す開発手法。それぞれの作業が、他の人の作業を支えている形になるのでチームワークやコミュニケーションが重要になります。

*7

クラウド

インターネットを通じてサーバーやストレージ等のコンピューティングリソースをオンデマンドで利用する形態を指し、物理的な設備を自社で保有することなく、事業規模に応じた柔軟な拡張や迅速なシステム構築を可能とする技術基盤。コンピューティング、ストレージ、データベース等のインフラストラクチャテクノロジーから機械学習、ＡＩ（*4）、データレイク（*8）と分析、IoT（*9）等の最新のテクノロジーに至るまで、多くの関連サービスを利用することが可能です。

*8

データレイク

規模に係わらず、全ての構造化データと非構造化データを保存できる一元化されたリポジトリ（アプリケーション開発の際に、システムを構成するデータやプログラムの情報が納められたデータベース）。データをそのままの形で保存できるため、データを構造化しておく必要がありません。また、ダッシュボードや可視化、ビッグデータ処理、リアルタイム分析、機械学習等、様々なタイプの分析を実行し、的確な意思決定に役立てることができます。

*9

IoT

モノのインターネット（Internet of Things）の略称。従来インターネットに接続されていなかった様々なモノ（センサー機器、駆動装置（アクチュエーター）、住宅・建物、車、家電製品、電子機器等）が、ネットワークを通じてサーバーやクラウドサービスに接続され、相互に情報交換をする仕組みです。"
156A,マテリアルグループ株式会社,2025-08-31,"３【事業の内容】

当社グループは、当社及び連結子会社９社で構成され、マーケティングコミュニケーション（注１）領域において、PR発想/ストーリーテリング（注２）をコアとして顧客のブランドの成長を支援する専門事業集団です。

当社グループは、中核子会社と位置づけている株式会社マテリアルが属するPRコンサルティング事業を中心に、デジタルマーケティング事業、PRプラットフォーム事業の３つの事業を展開しております。

昨今のデジタル化の進展、それに伴うコミュニケーションの機会・手段の多様化・複雑化によって、ブランドが各ステークホルダー（注３）から選ばれるためのマーケティングコミュニケーションの複雑性が増しており、主に以下のような状況にあると認識しております。

 

・機能だけでは選ばれない

機能的な便益よりも情緒的・自己表現に資する便益の重要性が増している（注４）
 

・関心がないと情報が届かない

「今の社会は情報が多すぎる」と多くの人が感じており、特に若年層は関心のある情報に接触を絞る傾向にある

 

・関心は多様化していて掴みにくい

消費の価値観は多様化しており、また、複数の価値観が個人の中で共存し、機会・場所によって変化する（注５）

 

上記の環境変化を受け、マーケティングコミュニケーション領域では、ブランドからの一方通行のコミュニケーションではなく、ブランドとそれを取り巻くステークホルダーの双方向のコミュニケーションが求められております。

結果として、今まで以上にブランドとステークホルダーの良好な関係の構築が重要であり、顧客のブランドに対するPR発想/ストーリーテリングに基づいた支援は、マーケティングコミュニケーション領域において重要な位置づけになっていると認識しております。

加えて近年では、消費者等のオンライン利用機会が増大し、企業によるオンラインも含めたサービス提供形式・マーケティング手法の活用が活発化しており、ソーシャルメディアの活用も含めたデジタルマーケティングの重要性が大きく増していると認識しております。

当社グループにおける各セグメントの主な顧客、価値提供の源泉、当社グループ内の位置づけは、以下のとおりです。

 

また当社は、有価証券の取引等の規制に関する内閣府令第49条第２項に規定する特定上場会社等に該当しており、これにより、インサイダー取引規制の重要事実の軽微基準については連結ベースの数値に基づいて判断することになります。

 

（注）１．マーケティングコミュニケーションとは、ブランド・商品・サービスとそのステークホルダーが双方にコミュニケーションを取りながら行う販売促進等の活動を指し、その手法には、広告やプロモーション、PR、デジタルマーケティング等が含まれております。

２．PRとは、Public Relations（パブリックリレーションズ）の略であり、企業や団体がその組織を取り巻く社会・人々との良好な関係を構築するための活動を指しております。
またPR発想/ストーリーテリングとは、トライブ（共通の価値観や興味を持つ人々が集まってできるコミュニティ）から逆算した情報流通設計により、より多くの人と深い関係性を構築しやすい発想術と定義しております。

３．ステークホルダーとは、企業や商品・サービス、ブランドを取り巻くすべての存在を指し、消費者や生活者、顧客、メディア、従業員/求職者、株主/投資家等を指しております。

４．機能的な便益は、商品・サービスの機能から直接的に得られる便益（便利、早い、軽い等）を指しており、情緒的・自己表現に資する便益とは、商品・サービスを所有・利用することで得られるプラスの感情（安心感、高級感、楽しさ等）や自己表現・自己実現の状態（自分らしくいられる、自分に自信が持てる等）を指しております。

５．経済産業省が2017年３月31日に発表した『「消費者理解に基づく消費経済市場の活性化」研究会（消費者インテリジェンス研究会）報告書』において、消費者の消費行動は将来的に「自律的消費」「他律的消費」「偶発的消費」の３つの特徴的な消費行動タイプに分かれるとされ、さらに当該消費行動タイプは「１個人の中に共存するものであり相互に連関して」おり、「固定化されるものではなく飽きやその日のコンディションなどの要因によってリアルタイムに変化」するものとされております。

 

また当社グループの各事業セグメントの事業系統図及び事業の概要は以下のとおりです。

 

コア事業：PRコンサルティング事業

顧客のマーケティングコミュニケーション課題解決のため、プロジェクト毎にPRプロデューサー（注６）を中心としたチームを組成するB to Bサービスとなります。

 

（注）６．PRプロデューサーとは、施策の企画から実行まで、案件を総合的に管理・推進する役割を持つ人物を指しております。

７．プランナーとは、各メディア・SNSを通じた情報流通設計に対する深い理解を基に、マーケティング施策の企画・戦略策定を行う人物を指しております。

８．メディアプロモーターとは、各メディアとリレーションを持ち、メディアのトレンド等への深い理解を基に、メディアへの企画提案からメディア露出までを推進する人物を指しております。

 

 

準コア事業：デジタルマーケティング事業

デジタル領域における集客・接客を起点に、コンサルティング業務からプロダクト提供まで統合的に支援を行うB to Bサービスとなっております。

（注）９．デジタル広告プラットフォーム等に対する広告配信・広告出稿を代行するサービスを指しております。

10．Web接客ツールとは、サイトに訪問したユーザーの訪問/閲覧/購買履歴データをもとに、訪問者の趣味趣向を把握し、サイト上で訪問者に対して適切な情報訴求を行い、サイトからの離脱防止・サイト内の回遊促進・コンバージョン率向上の効果が見込めるサービスを指しております。

 

 

育成事業：PRプラットフォーム事業

主に中小/スタートアップ企業における採用・販促・広報・PRの課題を解決するため、プラットフォームを活用したサービスを提供するB to Bサービスとなっております。

 

採用・販促の支援を行う株式会社トレプロ、株式会社マテリアルリンクス

 

広報・PRの支援を行う株式会社CONNECTED MATERIAL、株式会社PRAS

 

以下において、各事業セグメントの事業の具体的な内容を記載いたします。

なお、当連結会計年度における当社グループの連結売上高に占める各事業セグメントの売上高（セグメント間の内部売上高等を除く）の割合は以下のとおりです。

・PRコンサルティング事業：84.6％

・デジタルマーケティング事業：11.1％

・PRプラットフォーム事業：4.3％

詳細は、「第５ 経理の状況 １．連結財務諸表等 (1)連結財務諸表 注記事項 （セグメント情報等）」に記載のとおりです。

 

(1）PRコンサルティング事業

（事業の概要）

PRコンサルティング事業には、株式会社マテリアル（当社グループにおける中核子会社）、株式会社ルームズ、キャンドルウィック株式会社が属しており、当社グループのコア事業として位置づけております。主に国内大手企業と取引を行っており、PRに関する知見・経験を持つプロフェッショナル人材が同事業の価値提供の源泉となっております。

具体的には、PRの各種手法（情報番組やドラマへ露出を目指すテレビPR、新商品・サービス等の紹介・発信を行うイベントの実施、SNSを用いたキャンペーン等）を中心に、広告を含むマーケティングコミュニケーションの各種施策を用いて、企業等のブランド・商品・サービス等の情報をメディア・SNSを通じて消費者/生活者等のステークホルダーに届け、認知度の向上や認知の変容を起こすための戦略設計から施策の実行までを支援しております。

 

（事業の収益形態）

プロジェクト型で契約の締結、サービスの提供、対価の受領を行うスポット契約が主たる取引形態となり、プロジェクトごとの成果物を納品した時点で収益認識を行っております。また一部の取引において、一定期間にわたる契約を締結し、契約期間にわたってサービス提供を行い、当該継続的なサービス提供に対して対価を受け取るリテナー型の契約を締結しております。なお、顧客へのサービス提供は、広告代理店との契約に基づいて行う代理店取引と、顧客と直接契約を締結する直接取引が存在します。

(2）デジタルマーケティング事業

（事業の概要）

デジタルマーケティング事業には株式会社マテリアルデジタルが属しており、当社グループにおける準コア事業として位置づけております。主に国内の中堅～大手企業と取引を行っており、デジタルマーケティングにおける知見・経験を持つプロフェッショナル人材及び顧客の課題を解決するプロダクトが同事業の主な価値提供の源泉となっております。

具体的には、デジタル領域におけるマーケティングコミュニケーションの戦略設計、実行の支援（主にデジタル広告運用支援）及び広告クリエイティブ制作業務を主として行っております。

加えて、Web接客ツール「Flipdesk（フリップデスク）」の提供を通して、主にECサイトを含むウェブサイトを運営する事業者が、サイトへ訪問した消費者/生活者等のステークホルダーに対して、１人ひとりに合わせた最適なコミュニケーションをサイト上で行い、より良い顧客体験を生み出すための支援をしております。

 

（事業の収益形態）

戦略設計及び広告クリエイティブ制作業務については、主に役務の提供又は制作物の納品が完了した時点で収益認識を行っております。

デジタル広告運用支援については、毎月のデジタル広告配信・広告出稿額に一定の割合を乗じた金額を対価として受領しており、当該配信・出稿が行われた時点で収益認識を行っております。

Web接客ツールの提供については、月額課金制で顧客から対価を受け取るサブスクリプション方式で、毎月のサービス提供に基づき収益認識を行っております。

 

(3）PRプラットフォーム事業

（事業の概要）

PRプラットフォーム事業は当社グループにおける育成事業として位置づけ、主に中小/スタートアップ企業と取引を行っており、同事業が保有または活用する様々なプラットフォームが主な価値提供の源泉となっております。

具体的には以下の４つのサービスを提供しております。

・TikTokを活用した採用支援を行う「TREND PRODUCE（トレンドプロデュース）」の提供（株式会社トレプロ）

・TikTok Shopをはじめとしたプラットフォーム及びソーシャルコマースにおける販促支援（株式会社マテリアルリンクス）

・メディアとリアル・Web上でつながるためのプラットフォーム「CLOUD PRESS ROOM（クラウドプレスルーム）」の運営（株式会社CONNECTED MATERIAL）

・スタートアップに特化したPR・広報支援を行うフリーランサープラットフォームの運営（株式会社PRAS）

 

（事業の収益形態）

「TREND PRODUCE（トレンドプロデュース）」及び「CLOUD PRESS ROOM（クラウドプレスルーム）」は、契約に基づいて主として月額で顧客から対価を受け取るサブスクリプション方式で、毎月のサービス提供に基づき収益認識を行っております。

TikTok Shopをはじめとしたプラットフォーム及びソーシャルコマースにおける販促支援は、プロジェクト型で契約の締結、サービスの提供、対価の受領を行うスポット契約が主たる取引形態となり、プロジェクトごとの成果物を納品した時点で収益認識を行っております。

PR・広報支援を行うフリーランサープラットフォームは、一定期間にわたる契約を締結し、契約期間にわたってサービス提供を行い、当該継続的なサービス提供に対して対価を受け取るリテナー契約が主となります。

 

また各事業セグメントに共通する当社グループの主な強み・特徴は以下の３点となります。

 

１．グローバル水準のプランニング（注11）力

PRコンサルティング事業では、PR発想/ストーリーテリングに基づくマーケティングコミュニケーションの戦略設計を行う専門部署を有しており、各ステークホルダーへの情報流通を設計するプランニング力に強みがあると認識しております。

同部署に所属するプランナーが専門的にプランニング業務に従事することによって、結果としてPRコンサルティング事業のプランニング力はグローバル水準で高い評価を受けていると認識しております。

当社グループは、当該プランニング力を生かし、従来はパブリシティ獲得支援に特化していた支援範囲を、デジタルマーケティング領域を含むマーケティング課題全体に拡大しております。

 

当社グループの顧客の支援範囲の変化

（注）11．プランニングとは、ブランド・商品・サービスの各種マーケティング施策の選定及び全体設計を行う業務を指しております。

12．IMCとは、Integrated Marketing Communicationの略で、マスメディア（TV・ラジオ・雑誌・新聞等）での広告だけでなく、インターネットを含む様々なメディアを融合してマーケティングコミュニケーションの効果を最大化しようとする考え方やマーケティング戦略及び施策のことを指しております。

13．フルファネルとは、消費者/生活者等のステークホルダーの一部の行動だけでなく、全体の行動を考慮したマーケティング戦略及び施策を考えるアプローチを指しております。

 

２．強い採用力

１に記載したグローバル水準での高い評価等により、当社グループの採用市場における認知度が高まっており、新卒及び中途採用における応募者数は増加しております。結果として当社グループは優秀な人材を厳選採用する採用力を有しており、特にコア事業であるPRコンサルティング事業、準コア事業であるデジタルマーケティング事業において優秀な人材の確保に注力しております。

 

３．連続的なM&Aの実行力

当社ではM&A専門チームを有し、M&A案件のソーシングからPMI（Post Merger Integration）までのプロセスを一気通貫で着実に実行できる体制を整えております。特にPMIにおいては、ミドル・バックオフィス機能は持株会社である当社の管理部門に移管する方針とすることで堅実なコストシナジーの創出とガバナンスの整備・強化を図り、新たに参画した会社が事業に集中できる体制を構築するとともに、各グループ会社の幅広い顧客群に対して各社が連携してサービス提供を行う体制を整えております。"
157A,グリーンモンスター株式会社,2025-06-30,"３ 【事業の内容】

当社グループは、当社及び連結子会社３社の計４社で構成されております。

なお、当社グループの報告セグメントは、「投資学習支援事業」のみであり、その他の事業セグメントは、開示の重要性が乏しいため、セグメント別の記載を省略しております。

 

(1) 当社グループの事業の概要

当社グループは、「おかねに対する意識と行動を変える。」をミッションとして、投資や資産形成を通して、消費者から支援者へと、人々の社会との関わり方を変えていくことの背中を押せるようなプロダクトの開発に取組んでおります。

当連結会計年度末現在においては、当社の主要な事業として、FX（※１）、株式投資、資産形成について、座学ではなくゲーム感覚のデモトレードやシミュレーションを通して体験型で学習できるスマートフォン向けアプリの開発・運営を行っております。

また、連結子会社の主要な事業として、次の事業を行っております。

・株式会社FPコンサルティングの主要な事業として、法人・個人向けに金融教育やライフプランニングの提案、住宅購入、相続対策のアドバイス等のファイナンシャルプランニングサービスを提供しております。

・株式会社ファイナンシャルインテリジェンスの主要な事業として、個人向けに実践的な投資スキルと多様な金融商品の知識を体系的に提供する投資スクール「投資の学校プレミアム」を運営しております。

 

(2) 各事業の内容、特徴及びビジネスモデル

① 体験型投資学習事業

(内容・特徴)

当事業では、体験型で投資について学習できるスマートフォン向けアプリの開発・運営を行っております。

主要な体験型投資学習アプリの内容及び特徴は、次のとおりです。














アプリ名称



アプリロゴ



内容



特徴







FXなび









FXデモトレード

アプリ



FXについて、漫画・イラストで学べる入門向け学習コンテンツや、為替のリアルタイムデータを利用した体験型学習コンテンツであるデモトレード機能の他、当社作成コラムや主要な経済ニュースのまとめ読み等の情報コンテンツを提供しています。また、証券会社・FX会社の比較・ランキング情報を掲載し、当社アプリを介して口座開設を行うこともできます。







トウシカ









マネープラン

シミュレーション

アプリ



つみたてNISA（2024年１月開始の新NISAにおいては「つみたて投資枠」）・iDeCo（個人型確定拠出年金）を中心とした長期積立投資による資産運用について、入門向けの学習コンテンツの他、つみたてシミュレーション機能、当社作成のコラム等の情報コンテンツを提供しています。また、証券会社の比較・ランキング情報を掲載し、当社アプリを介して口座開設を行うこともできます。







株たす









株式投資デモ

トレードアプリ



株式投資について、漫画・イラストで学べる入門向け学習コンテンツや、個別銘柄の株価のリアルタイムデータを利用した体験型学習コンテンツであるデモトレード機能の他、当社作成コラムや主要な経済ニュースのまとめ読み、株主優待情報、IPO情報等の情報コンテンツを提供しています。また、証券会社の比較・ランキング情報を掲載し、当社アプリを介して口座開設を行うこともできます。





 


 

 

投資に関する知識不足や心理的不安がハードルになっている投資未経験の「投資家デビュー」を体験型投資学習を通して後押しするアプリとなることを指向して、開発・運営を行っております。

 




 

(ビジネスモデル)

ユーザー向けには無料でアプリを提供しております。当社アプリを介して証券会社やFX会社の口座開設がなされた場合、当社はアフィリエイト・サービス・プロバイダー（ASP）（※２）を介して成功報酬を得ます。「アフィリエイト」とは成果報酬型広告のことを指し、広告主が期待する成果が発生したことを広告主により承認された場合に、アフィリエイト広告を掲載する媒体が、ASPを介して成果報酬を受領する仕組みの広告形態であります。ASPは証券会社・FX会社から広告費を受領して口座開設数増加のための広告運用を行っております。当社は、特定の証券会社・FX会社を掲載した記事を配信したり、口座比較と題して証券会社・FX会社を条件別で順位付けして紹介したりすることで、各ページに設置した口座開設バナー等をタップすると口座開設用ページに遷移する広告により、当該証券会社・FX会社へユーザーの送客等をして、アフィリエイト報酬を得ております。なお、アフィリエイト報酬の報酬単価は、広告主及びASPとの協議により決定されます。協議において考慮される主な要素としては、広告主の獲得したい希望口座開設数、アプリユーザーによる口座開設率・入金率・収益額及び相対的なEPC（Earning Per Click。広告１クリックあたりの収益）があります。

また、当社主要アプリのユーザー獲得経路は主に動画広告による流入となっております。当社では、安心して投資家としてデビューしていただくため、デモトレードやコラム等の学習コンテンツの充実により、学習効果向上を図っております。

証券会社・FX会社にとっては、当社アプリで投資学習を行ったユーザーの流入により、一般的なWeb検索やアフィリエイトからの流入と比較して投資に積極的な顧客を獲得することで、広告効果の向上が見込まれます。

このように、証券会社・FX会社、ユーザー（投資家）、当社の三者ともに有益なビジネスモデルが特徴です。

 

② 資産形成支援事業

a. 投資スクール

(内容・特徴)

株式会社ファイナンシャルインテリジェンスにて、投資スクール「投資の学校プレミアム」を運営しております。2013年の創業以来、累計15万人以上が当スクールのメルマガ講座を受講しており（2024年12月時点）、投資知識の学習のための情報提供を主な目的としています。

当スクールには、投資業界で実績を持つプロフェッショナルが講師として在籍しており、初心者向けの投資教育やシニア向け金融リテラシー向上などの、実践的な投資教育サービスを提供しております。提供されるサービスには、オンラインで受講可能な無料体験講座、各種セミナー、ブログ記事、新刊本情報などが含まれます。なお、当スクールは投資顧問業務ではないため、具体的な売買の案内や指示は一切行っておりません。専門家による継続的なサポート体制により、独学では難しい市場の変化への対応力や、長期的な投資家としての成長を後押しすることを特徴としております。

 

(ビジネスモデル)

主な収益は、投資教育サービス（有料講座や各種セミナー等）の役務提供に対する対価です。なお、当スクールのウェブサイト運営は投資知識学習のための参考情報提供を目的としており、投資顧問業務ではないため、投資助言による収益は発生しません。無料体験講座などを通じた集客活動により、有料サービスへの誘導を図るビジネスモデルとなっています。

 

b. ファイナンシャルプランニングサービス

(内容・特徴)

株式会社FPコンサルティングにて、法人・個人向けに金融教育やライフプランニングの提案、住宅購入、相続対策のアドバイス等のファイナンシャルプランニングサービスを提供しております。特に法人顧客においては、所属する従業員の「ファイナンシャルウェルビーイング（「ウェルビーイング（身体的、精神的、社会的、経済的に健康な状態であること）」の一環として、「おかね」についての不安をとりのぞき、「おかね」との健全な向き合い方ができている状態）」を実現してもらうべく、法人ごとのニーズや制度に沿ったオーダーメイドセミナー、独自のeラーニングシステムを利用したオンライン研修、従業員個別の相談サービス等を提供しております。

特定非営利活動法人（NPO）日本ファイナンシャル・プランナーズ協会が認定する「CFP®資格」を始めとする資格を有し、豊富な知見を持つプロフェッショナルが在籍しており、個人のライフスタイルやライフプランに合わせた資産運用を提案し、資産形成をサポートすることをミッションとしています。

特徴としては、税理士や司法書士等の他士業との兼業や保険代理店及び証券仲介業を行っていない、独立系のFP会社であり、中立的かつ個人の要望に寄り添ったアドバイスを提供できる点が挙げられます。また、大規模の企業において組成されるケースが多い労働組合の組合員の方々や、公務員の方々へのサービス提供実績が多くなっております。

なお、金融教育サービスの一部は、提携するファイナンシャルプランナーに業務委託しております。

 

(ビジネスモデル)

法人・組合向けでは顧問契約に基づく役務提供やセミナーの開催、個人向けではファイナンシャルプランニングサービスにおける役務提供等に対する対価を主な収益としております。金融教育サービスの提供を提携するファイナンシャルプランナーが行う場合は、当社から業務委託を行い、対価を支払っております。また、個人への保険代理店、不動産仲介業者の紹介に伴う、事業者からの紹介手数料による収益があります。

 

 

[事業系統図]

当社グループの事業系統図は以下のとおりであります。

 




[用語説明]

本項「事業の内容」において使用する用語の定義については、次のとおりです。













番号



用語



定義







※１



FX



証拠金を金融機関に預託し、差金決済により外国通貨の売買を行う取引（外国為替証拠金取引、通貨証拠金取引又は外国為替保証金取引と呼ばれます）のことを指します。FXという略称は「Foreign eXchange＝外国為替」に由来します。







※２



アフィリエイト・サービス・プロバイダー（ASP）



アフィリエイト広告において、広告主とメディア（媒体・アフィリエイター）を仲介するサービスを提供する事業者を指します。"
1605,株式会社ＩＮＰＥＸ,2025-12-31,"３【事業の内容】

(1）当社グループの事業及び企業集団の状況

当社グループは、当社、子会社88社及び関連会社等30社（2025年12月31日現在）により構成されており、主要な事業の内容と主要な関係会社の当該事業における位置づけは、以下のとおりであります。

また、当社は特定上場会社等であります。特定上場会社等に該当することにより、インサイダー取引規制の重要事実の軽微基準については連結ベースの数値に基づいて判断することとなります。

主要な会社の詳細は、「４ 関係会社の状況」に記載しております。

 

 

(2）当社グループの埋蔵量

当社は、当社並びに子会社及び関連会社等の主要なプロジェクトを対象として、確認埋蔵量（proved reserves）の評価を自社にて行っております。

埋蔵量評価については、確認埋蔵量は米国証券取引委員会（SEC）規則に従って評価しております。

自社評価においては、評価・算定担当部門による評価結果を、独立性を持った検証担当部門が検証した上で機関決定することを定めた社内規程に基づいて評価を実施し、以上のプロセスを、内部監査部門が監査することにより、客観性及び正確性の維持、向上に努めております。

① 2025年12月31日現在の確認埋蔵量

下記の表は、当社並びに子会社及び関連会社等の主要なプロジェクトにおける原油、コンデンセート、LPG及び天然ガスの確認埋蔵量です。確認埋蔵量の開示内容は米国財務会計基準審議会が定める規則に従っており、会計基準編纂書 932「採取活動－石油及びガス」に準拠し地域別に開示しております。

2025年12月31日現在の当社グループの原油、コンデンセート及びLPGの確認埋蔵量は2,441百万バレル、天然ガスの確認埋蔵量は3,562十億立方フィート、合計で3,115百万BOE（原油換算量：Barrels of Oil Equivalent）となっております。

 

 

 

日本

豪州・

東南アジア

欧州・アブダビ

及びその他

合計

 

原油

ガス

原油

ガス

原油

ガス

原油

ガス

確認埋蔵量

(MMbbls)

(Bcf)

(MMbbls)

(Bcf)

(MMbbls)

(Bcf)

(MMbbls)

(Bcf)

当社及び子会社分

 

 

 

 

 

 

 

 

2023年12月31日時点

14

576

109

3,360

2,622

232

2,745

4,168

拡張及び発見

－

－

－

－

－

－

－

－

買収及び売却

－

－

2

68

－

－

2

68

前年度分調整

(1)

(63)

5

15

(32)

(7)

(29)

(54)

期中生産量

(1)

(29)

(16)

(390)

(123)

(26)

(140)

(445)

2024年12月31日時点

12

484

100

3,054

2,466

199

2,578

3,737

関連会社等分

－

－

－

－

－

－

－

－

2023年12月31日時点

－

－

1

234

1

－

3

234

拡張及び発見

－

－

0

4

－

－

0

4

買収及び売却

－

－

－

－

－

－

－

－

前年度分調整

－

－

0

25

(1)

－

(1)

25

期中生産量

－

－

(0)

(30)

－

－

(0)

(30)

2024年12月31日時点

－

－

1

233

－

－

1

233

確認埋蔵量

   2024年12月31日時点

12

484

102

3,287

2,466

199

2,580

3,969

 

 

 

 

 

 

 

 

 

当社及び子会社分

 

 

 

 

 

 

 

 

2024年12月31日時点

12

484

100

3,054

2,466

199

2,578

3,737

拡張及び発見

－

－

－

－

8

11

8

11

買収及び売却

－

－

－

－

15

15

15

15

前年度分調整

(0)

(19)

(10)

50

(6)

(16)

(16)

15

期中生産量

(1)

(27)

(15)

(377)

(129)

(23)

(145)

(427)

2025年12月31日時点

11

438

75

2,727

2,354

185

2,440

3,350

関連会社等分

 

 

 

 

 

 

 

 

2024年12月31日時点

－

－

1

233

－

－

1

233

拡張及び発見

－

－

－

－

－

－

－

－

買収及び売却

－

－

－

－

－

－

－

－

前年度分調整

－

－

(0)

12

－

－

(0)

12

期中生産量

－

－

(0)

(32)

－

－

(0)

(32)

2025年12月31日時点

－

－

1

213

－

－

1

213

確認埋蔵量

   2025年12月31日時点

11

438

77

2,939

2,354

185

2,441

3,562

 

 

 

 

 

 

 

 

 

確認開発埋蔵量

 

 

 

 

 

 

 

 

当社及び子会社分

 

 

 

 

 

 

 

 

2025年12月31日時点

11

438

63

2,245

1,388

206

1,462

2,889

関連会社等分

 

 

 

 

 

 

 

 

2025年12月31日時点

－

－

1

191

－

－

1

191

確認未開発埋蔵量

 

 

 

 

 

 

 

 

当社及び子会社分

 

 

 

 

 

 

 

 

2025年12月31日時点

－

－

12

481

966

(21)

978

460

関連会社等分

 

 

 

 

 

 

 

 

2025年12月31日時点

－

－

0

22

－

－

0

22

（注）１ 当社はSEC開示基準に基づき、当社確認埋蔵量の15％以上を占める国における当社の確認埋蔵量を開示しています。2025年12月31日時点で、当社が豪州に保有する確認埋蔵量は、原油が約73百万バレル、天然ガスが約2,643十億立方フィート、合計で約578百万BOE（原油換算：Barrels of Oil Equivalent）となっています。

２ 以下の鉱区及び油田の確認埋蔵量（2025年12月31日時点）には、非支配株主に帰属する数量が含まれています。

欧州・アブダビ及びその他 ACG油田（49.00％）、カシャガン油田（49.00％）、スノーレ油田等（49.49％）、アブダビ陸上鉱区（34.24％）

３ MMbbls：百万バレル

４ Bcf：十億立方フィート

５ 原油には、コンデンセート及びLPGを含みます。

６ 埋蔵量の値は、単位未満を四捨五入しています。

② 確認埋蔵量に関する標準化された測定方法による将来の純キャッシュ・フローの割引現在価値及び当期における変動

確認埋蔵量に関する標準化された測定方法による将来の純キャッシュ・フローの割引現在価値及び当期における変動についての開示内容は米国財務会計基準審議会が定める規則に従っており、会計基準編纂書 932「採取活動－石油及びガス」に準拠し地域別に開示しております。

将来キャッシュ・インフローの算定は、確認埋蔵量から算定される将来生産量及び期中の月初油・ガス価平均価格を使用しております。将来の開発費は一定の油価、及び現在の経済、操業、規制状況が継続することを前提としております。将来の法人税は、将来の税引前キャッシュ・フローに対し既存の法令に基づいた税金を条件として算定されております。年間割引率は10％を使用しております。

2024年12月31日及び2025年12月31日時点の為替レートはそれぞれ期末公示仲値の１米ドル158.17円、156.54円を使用しております。

なお、本情報は米国財務会計基準審議会が定める規則に従って算定されており、経済的な価値が潜在的な埋蔵量を考慮していないこと、一律で設定される割引率10％を使用していること、油価は常時変化することから、原油、コンデンセート及びLPG・天然ガス埋蔵量の時価もしくはキャッシュ・フローの現在価値の当社としての見通しを示すものではありません。

 

 

 

 

2024年12月31日時点

 

 

 

 

（単位）百万円

当社及び子会社分

合計

日本

豪州・

東南アジア

欧州・アブダビ

及びその他

将来キャッシュ・インフロー

35,914,129

1,199,083

3,507,614

31,207,432

将来の産出原価及び開発費

(12,419,650)

(345,814)

(1,335,016)

(10,738,819)

将来の法人税

(17,964,501)

(258,970)

(569,468)

(17,136,064)

割引前の将来純キャッシュ・フロー

5,529,977

594,299

1,603,130

3,332,549

年間割引率10％

(2,429,090)

(343,140)

(398,067)

(1,687,883)

標準化された測定方法による将来の

純キャッシュ・フローの割引現在価値

3,100,888

251,159

1,205,063

1,644,666

 

 

 

 

 

関連会社等分

 

 

 

 

将来キャッシュ・インフロー

395,590

－

395,590

－

将来の産出原価及び開発費

(159,169)

－

(159,169)

－

将来の法人税

(66,560)

－

(66,560)

－

割引前の将来純キャッシュ・フロー

169,861

－

169,861

－

年間割引率10％

(64,331)

－

(64,331)

－

標準化された測定方法による将来の

純キャッシュ・フローの割引現在価値

105,530

－

105,530

－

 

 

 

 

 

標準化された測定方法による将来の

純キャッシュ・フローの割引現在価値合計

3,206,418

251,159

1,310,592

1,644,666

（注）１ 以下の鉱区及び油田には、非支配株主に帰属する金額が含まれています。

欧州・アブダビ及びその他 ACG油田（49.00％）、カシャガン油田（49.00％）、スノーレ油田等（49.49％）、アブダビ陸上鉱区（34.24％）

２ 上表の金額は、単位未満を四捨五入しています。

 

 

 

 

 

 

2025年12月31日時点

 

 

 

 

（単位）百万円

当社及び子会社分

合計

日本

豪州・

東南アジア

欧州・アブダビ

及びその他

将来キャッシュ・インフロー

29,469,958

997,437

2,575,751

25,896,770

将来の産出原価及び開発費

(11,222,988)

(412,040)

(1,175,912)

(9,635,036)

将来の法人税

(14,066,039)

(196,070)

(355,068)

(13,514,900)

割引前の将来純キャッシュ・フロー

4,180,931

389,328

1,044,770

2,746,834

年間割引率10％

(1,810,828)

(208,573)

(227,760)

(1,374,495)

標準化された測定方法による将来の

純キャッシュ・フローの割引現在価値

2,370,103

180,754

817,010

1,372,339

 

 

 

 

 

関連会社等分

 

 

 

 

将来キャッシュ・インフロー

314,241

－

314,241

－

将来の産出原価及び開発費

(139,465)

－

(139,465)

－

将来の法人税

(36,875)

－

(36,875)

－

割引前の将来純キャッシュ・フロー

137,901

－

137,901

－

年間割引率10％

(52,080)

－

(52,080)

－

標準化された測定方法による将来の

純キャッシュ・フローの割引現在価値

85,821

－

85,821

－

 

 

 

 

 

標準化された測定方法による将来の

純キャッシュ・フローの割引現在価値合計

2,455,924

180,754

902,831

1,372,339

（注）１ 以下の鉱区及び油田には、非支配株主に帰属する金額が含まれています。

欧州・アブダビ及びその他 ACG油田（49.00％）、カシャガン油田（49.00％）、スノーレ油田等（49.49％）、アブダビ陸上鉱区（34.24％）

２ 上表の金額は、単位未満を四捨五入しています。

 

 

 

 

 

 

（単位）百万円

 

合計

日本

豪州・

東南アジア

欧州・アブダビ

及びその他

関連会社等分

期首割引現在価値（2025年1月1日）

3,206,418

251,159

1,205,063

1,644,666

105,530

変動要因：

－

－

－

－

－

産出された油・ガスの販売または移転

(1,597,768)

(49,325)

(370,635)

(1,138,402)

(39,405)

油ガス価及び生産単価の純増減

(1,563,428)

(50,068)

(199,075)

(1,280,749)

(33,535)

発生した開発費

219,228

1,436

44,505

160,574

12,714

将来の開発費の変動

(241,898)

(17,259)

(44,833)

(179,175)

(630)

埋蔵量の変動

68,126

626

(59,935)

116,918

10,517

時間の経過による増加

266,245

21,448

92,994

142,908

8,896

法人税の変動

2,136,301

25,327

161,346

1,926,805

22,822

拡張及び発見、産出技術の改良及び買収・売却

(4,257)

－

－

(4,257)

－

その他

(33,043)

(2,588)

(12,419)

(16,949)

(1,088)

期末割引現在価値（2025年12月31日）

2,455,924

180,754

817,010

1,372,339

85,821

（注）１ 以下の鉱区及び油田には、非支配株主に帰属する金額が含まれています。

欧州・アブダビ及びその他 ACG油田（49.00％）、カシャガン油田（49.00％）、スノーレ油田等（49.49％）、アブダビ陸上鉱区（34.24％）

２ 上表の金額は、単位未満を四捨五入しています。"
160A,株式会社アズパートナーズ,2026-03-31,"３【事業の内容】

当社は、＜暮らし＞をひとつのテーマとし、「あらゆる方々の良きパートナーとして…」という思いから社名を「アズパートナーズ」と名付けました。

「私たちアズパートナーズは、『世代を超えた暮らし提案型企業』として、あらゆる世代の方々の幸せを追求し、私たちに関わる全ての人々が幸せになることを目指します。」を私たちの使命（MISSION）に掲げて、事業を展開しております。

当社の事業セグメントは、シニア事業（第22期売上構成比65.0％）と不動産事業（第22期売上構成比35.0％）で構成されております（セグメント間の内部取引を含む）。

シニア事業は、介護付きホーム（介護付有料老人ホーム）の運営を主たる事業とし、さらにデイサービス（通所介護）事業及びショートステイ（短期入所生活介護）事業を展開しております。介護付きホームでは、当社とベンダーで共同開発したIoT/ICTプラットフォーム「EGAO link」による業務効率化や顧客満足度向上を強みにしております。

また、不動産事業は、介護現場で培った運営ノウハウや長年の不動産ビジネスで蓄積した専門的知識や人脈をフル活用し、介護付きホーム等の土地建物を自社開発するシニア開発事業と、老朽化した集合住宅等の不動産の再生を行うソリューション事業を主たる事業としております。さらに、賃貸マンションや事務所等の賃貸を行う収益不動産事業を展開しております。

なお、以下に示す区分は、「第５ 経理の状況 １ 財務諸表等（１）財務諸表 注記事項」に掲げる報告セグメントの区分と同一であります。

事業セグメント

事業名称

内容

シニア事業

介護付きホーム事業

介護付きホーム（介護付有料老人ホーム）の運営

デイサービス事業

デイサービス（通所介護）の運営

ショートステイ事業

ショートステイ（短期入所生活介護）の運営

不動産事業

シニア開発事業

介護付きホーム等のシニア不動産開発

ソリューション事業

老朽化した集合住宅等の不動産の再生

収益不動産事業

マンション等の賃貸

 

（１）当社の各事業の内容

（シニア事業）

シニア事業は、介護付きホーム・デイサービス・ショートステイの運営を通して、要介護・要支援認定を受けている介護ニーズのある高齢者の方々に介護サービスを提供しています。

当社は、超高齢社会・生産年齢人口減少に伴う介護人材の深刻な不足という社会課題解決に貢献することを目的として、業界の常識にとらわれず、様々な挑戦をしてまいりました。その中で実現したイノベーションを経て、成長と安定を高いレベルで獲得するノウハウを積み上げてきました。

特に介護付きホームにおいては、2017年から、当社とベンダーで共同開発したIoT/ICTプラットフォーム「EGAO link」を活用した業務効率化・生産性向上策を戦略的に取ることにより、稼働率・サービス力・採用力で大きなインパクトを出すことができました。

 

①介護付きホーム事業

介護付きホームとは、介護保険法に基づく「特定施設入居者生活介護」の指定を受けた有料老人ホーム（介護付有料老人ホーム）等を指します。（従来「特定施設入居者生活介護」「介護付有料老人ホーム」と呼ばれていましたが、当社が中心となって事業者団体に働きかけ、一般消費者にもわかりやすい「介護付きホーム」という通称を使うようになりました。事業者団体の名称も「一般社団法人全国特定施設事業者協議会」から「一般社団法人全国介護付きホーム協会」に変更され、厚生労働省の資料においても「介護付きホーム」という通称が使われるようになりました。）

介護付きホームは、介護が必要なご入居者に対し、介護サービス計画（ケアプラン）に基づき、入浴、排せつ、食事等の介護や日常生活上のお世話、機能訓練及び療養上の世話（看護）を行うと定義されています。

当社は、この定義にとどまらず、ご入居者の「望む暮らし」・自己実現のために、ご入居者の人生歴・生活歴（ナラティブ）の深い情報収集・整理（アセスメント）を行い、生活リハビリ等の自立支援のプロセスと掛け合わせ「夢を叶えるプロジェクト」という個別アクティビティサービスを全ての介護付きホームで提供しています。

「夢を叶えるプロジェクト」は、介護付きホームに入居する以前には自立して行えていたが、その後の心身機能の低下等による理由で自分自身の力では実現が難しくなったことをまたできるようになりたい、といったご入居者のご希望を叶えることを、ただ日常生活上のサービスとして提供するのではなく介護サービス計画（ケアプラン）の目標に設定し、ご入居者とそのご家族、当社の従業員のチームが一体となって実現を目指していく個別アクティビティのことを言います。

また、当社は、当社とベンダーで共同開発した、ご入居者のベッド上の見守り・ナースコール対応・介護サービス提供の記録をスマートフォン上で対応することができるIoT/ICTプラットフォーム「EGAO link」の導入によって創出された時間を活かして、こうしたサービスを提供しております。

介護付きホームの利用料は、家賃、管理費、水道光熱費及び食費と、国が一律で定める介護保険からの介護報酬（入居者はその１～３割を負担）をお支払いいただきます。当社では、家賃の全額を毎月お支払いいただく「月払い方式」と、家賃の全額又は一部を前払いする「入居一時金方式」を設けております。

価格帯としては、当社の「月払い方式」では月額利用料300,000円台が中心となっており、「入居一時金方式」として家賃全額を前払いして月額利用料を200,000円以下に抑える選択肢を設けています。例えば、アズハイム大泉学園の料金プランでは、「月払い方式」の月額利用料は370,000円、「入居一時金方式」の入居一時金10,500,000円、月額利用料195,000円となっております。

このような価格帯の商品であることから、中高所得者層を顧客層としております。

 

②デイサービス事業

デイサービスとは、介護保険法に基づく「通所介護」の指定を受けたサービスを指し、居宅要介護者について、デイサービスセンターに通っていただき、入浴、排せつ、食事等の介護や日常生活上のお世話、機能訓練を行うことと定義されています。

他の大手事業者を含む多くのデイサービスでは、日常的に家族による介護を受けている要介護者（特に認知症の症状のある方）を日中お預かりし、家族が休息の時間を得ること（レスパイトケア）が主な目的となっています。また、近年は、要支援者・軽度要介護者に対して、身体機能の維持・向上を図ることに特化した「機能訓練デイサービス」が急速に拡大しています。

当社は、上記のサービスと差別化する戦略をとり、これらのサービスでは満たされない、軽度要介護者の社会的な孤立感を解消し、お一人おひとりの個別性に着眼し、やりたいことに取り組んでいただくデイサービスを提供しております。また、ご利用者の意欲・能力を活かし、当社スタッフと一緒にサービスを運営すること（共創型デイサービス）に取り組んでおります。

デイサービスの利用料は、食費と、国が一律定める介護保険からの介護報酬（利用者はその１～３割を負担）をお支払いいただきます。様々な所得階層の方が利用されています。

 

③ショートステイ事業

ショートステイとは、介護保険法に基づく「短期入所生活介護」の指定を受けたサービスを指し、居宅要介護者について、ショートステイ事業所に短期間入所していただき、入浴、排せつ、食事等の介護や日常生活上のお世話及び機能訓練を行うことと定義されています。

多くのショートステイは、日常的に家族による介護を受けている要介護者（特に認知症の症状のある方）を短期間泊まりでお預かりし、家族が休息の時間を得ること（レスパイトケア）が主な目的となっています。

当社は、デイサービスと同様に、要介護者の社会的な孤立感を解消し、お一人おひとりの個別性に着眼し、やりたいことにも取り組んでいただくショートステイを提供しております。

ショートステイの利用料は、滞在費、食費と、国が一律定める介護保険からの介護報酬（利用者はその１～３割を負担）をお支払いいただきます。様々な所得階層の方が利用されています。

 

（不動産事業）

不動産事業は、介護付きホーム等のシニア不動産を開発するシニア開発事業、老朽化した集合住宅等の不動産の再生を行うソリューション事業や、賃貸マンションや事務所等の保有を行う収益不動産事業を展開しております。

 

①シニア開発事業

これまで介護付きホーム等を運営するシニア事業は、土地オーナーの相続税対策や有効活用を求める開発用地情報を得て、土地オーナーに建物を建設していただき、当社がそれを賃借する形で展開しておりました。

一方、当社が自ら土地を仕入れ、当社負担により介護付きホームを建てる自社開発にも取り組んでおります。こうした自社開発の介護付きホームは、当社のこれまでの運営経験・実績に基づく立地選定・建物仕様と高稼働を維持する物件として、不動産事業者、投資家（ヘルスケアリート）等への売却が可能となっており、当社として「シニア開発事業」と位置付けて推進しております。（シニア開発事業において当社が介護付きホーム（アズハイム）を運営することを「自社運営」と呼びます。）

さらに、当社が土地を仕入れ、他社が運営する介護付きホーム等を開発・アレンジした上で、不動産事業者、投資家等に売却する「他社事業サポート」型のシニア開発事業にも取り組んでおります。

このように、当社のシニア事業と不動産事業それぞれのノウハウ、経験を活かしたシニア開発事業を推進してまいります。

 

②ソリューション事業

大震災が危惧される首都圏、特に東京23区内において耐震性能に劣る老朽化不動産の再開発を中心としたソリューション事業を展開しております。老朽化不動産を取得後、既存入居者の移転交渉を進め、建物解体後は、主に不動産業者、エンドユーザー等に土地を売却しています。これまではマーケットの急落等の価格変動リスクや建築コスト上昇リスクを回避しながら短期間での利益確定を目指し、土地で売却することをメインで行ってまいりました。今後は、エリアおよび物件の特性等を総合的に勘案し、当社において建物の建設および販売を行う案件についても適宜検討することで、さらなる収益性の向上を求めていきたいと考えております。

 

③収益不動産事業

既存の賃貸マンションや事務所等の収益不動産を取得し、テナント・賃借人等へ賃貸する収益不動産事業も、物件を厳選しながら高い利回りが期待できる物件を中心に取り組んでおります。

 

今後の不動産事業については、これまで通りシニア開発事業、ソリューション事業、収益不動産事業の３本柱で事業を行っていく方針であり、当社の強みを発揮できるシニア開発事業（土地仕入から施設売却まで行う）を段階的に増やしていきたいと考えております。ソリューション事業については、今後の不動産市況を鑑み事業の拡大を判断していく予定です。収益不動産事業については、これまで通り収益性・資産性が高い物件に厳選して取得検討を行っていきたいと考えております。

 

 

（２）当社のシニア事業の事業所所在地と事業拠点数

介護サービスの事業拠点数は、2026年３月31日現在において、介護付きホーム33事業所、デイサービス19事業所、ショートステイ４事業所となります。

当社では、主に首都圏エリアにおいて介護サービスのドミナント戦略をとっております。ドミナント戦略によるメリットとして、主にご入居者・ご利用者の確保及び人材の確保・育成が挙げられます。介護付きホームの入居希望の場合、当社の複数のホームでの入居検討が可能となります。また、デイサービスやショートステイの利用者が介護付きホームに入居されることもあります。介護人材の確保の観点からは、地域に当社の事業が知られていることが従業員の採用に有利に働きます。また、新たな事業所を開設する場合や従業員のキャリアアップのためにも、近隣の事業所から人事異動を行うことが容易となります。さらに、中長期的に人口や世帯数が安定している地域が需給面でも望ましいと考えております。こうした観点から、当社としては首都圏エリア（人口が密集する国道16号線の内側が中心とし、交通利便性でスタッフやご入居者のご家族にも配慮）に事業所を展開しております。今後も各事業年度において介護付きホーム及びデイサービスを数事業所開設し、うち１～２事業所は自社で不動産を取得する自社開発とする方針であります。具体的には2027年３月期において介護付きホーム４事業所及びデイサービス２事業所の開設を予定しております。

 

事業所所在地

介護付き

ホーム

デイ

サービス

ショート

ステイ

小計

計

東京都

新宿区

１

 

 

１

25

文京区

１

 

 

１

江東区

１

 

 

１

品川区

１

 

 

１

大田区

１

 

 

１

杉並区

１

 

 

１

板橋区

 

２

１

３

練馬区

３

１

１

５

江戸川区

１

 

 

１

葛飾区

１

１

 

２

足立区

１

 

 

１

三鷹市

１

１

 

２

府中市

 

１

 

１

町田市

１

１

 

２

狛江市

 

１

 

１

国立市

１

 

 

１

神奈川県

横浜市

５

３

 

８

11

川崎市

１

 

 

１

相模原市

 

１

１

２

 

 

事業所所在地

介護付き

ホーム

デイ

サービス

ショート

ステイ

小計

計

埼玉県

さいたま市

３

２

１

６

14

川越市

２

１

 

３

越谷市

 

１

 

１

三郷市

１

 

 

１

入間市

１

 

 

１

春日部市

１

１

 

２

千葉県

千葉市

１

 

 

１

５

市川市

２

 

 

２

松戸市

 

１

 

１

習志野市

１

 

 

１

茨城県

水戸市

 

１

 

１

１

合計

33

19

４

56

56

 

 

以上をまとめた当社の事業内容を示す事業系統図は次のとおりであります。

 

 

 

 

 

[用語解説]

 

用語

解説

EGAO link

EGAO linkとは、パラマウントベッド株式会社・アイホン株式会社・株式会社ケアコネクトジャパン・住友電設株式会社と共同開発した、IoT/ICTプラットフォームであり、当社が運営する全ての介護付きホームに設置しています。EGAO linkは、ご入居者のベッド上の見守り・ナースコール対応・介護サービス提供の記録をスマートフォン上で対応することができるものです。

要介護

介護保険法に定義された、身体上又は精神上の障害があるために日常生活における基本的な動作の全部又は一部について常時介護を要する状態をいいます。

要支援

介護保険法に定義された、身体上若しくは精神上の障害があるために日常生活における基本的な動作の全部又は一部について常時介護を要する状態の軽減若しくは悪化の防止に特に資する支援を要すると見込まれ、又は身体上若しくは精神上の障害があるために日常生活を営むのに支障があると見込まれる状態をいいます。

要介護・要支援認定

介護保険の給付を受けるため、要介護者又は要支援者に該当すること及びその該当する要介護・要支援状態区分について、市町村が行う認定のことをいいます。

特定施設

特定施設とは、厚生労働省が定めた介護保険法の基準（人員基準・設置基準・運営基準）を満たすものとして都道府県や市区町村に届け出て、特定施設入居者生活介護の事業指定を受けた有料老人ホーム等のことをいいます。

特定施設入居者生活介護

（介護付きホーム）

特定施設入居者生活介護とは、特定施設に入居している要介護者を対象として行われる、日常生活上の世話、機能訓練、療養上の世話のことであり、介護保険の対象となります。

特定施設入居者生活介護の指定を受けた事業所の通称を「介護付きホーム」といいます。

なお、介護付きホームは、他の有料老人ホームとは異なり、介護報酬が固定額であるため、事業者側から見ると安定的な収益が見込みやすい事業です。さらに、介護付きホームは、自治体による指定が必要なため、運営実績のない事業者には高い参入障壁となります。

一般社団法人

全国介護付きホーム協会

一般社団法人全国介護付きホーム協会とは、介護付きホームを運営する事業者を会員とする、行政との折衝、セミナーや研修の開催、情報提供及び地域活動を行う団体です。

2013年には当社代表取締役社長 兼 CEOの植村健志が理事に就任し（当時の名称は一般社団法人全国特定施設事業者協議会）、2015年からは副代表理事を務めております。

通所介護

（デイサービス）

通所介護は、当該デイサービスに通う利用者が可能な限りその居宅において、その有する能力に応じ、自立した日常生活を営むことができるよう生活機能の維持又は向上を目指し、必要な日常生活上の世話及び機能訓練を行うことにより、利用者の社会的孤立感の解消及び、心身の機能の維持並びに利用者の家族の身体及び精神的負担の軽減を図るサービスをいいます。

デイサービスでは利用者の自宅から施設までの送迎も行います。

通所介護サービスや当該サービスの指定を受けた事業所の通称を「デイサービス」といいます。

短期入所生活介護

（ショートステイ）

短期入所生活介護は、当該施設に宿泊している要支援・要介護認定を受けた利用者に対して、利用者がその居宅において、その有する能力に応じ自立した日常生活が営むことができるよう、利用者が短期間入所し、当該施設において入浴・排せつ・食事等の介護その他の日常生活上の世話及び機能訓練を行うサービスをいいます。

短期入所生活介護サービスや当該サービスの指定を受けた事業所の通称を「ショートステイ」といいます。

ドミナント戦略

特定の地域において集中的に事業所を展開する経営戦略を意味します。"
1662,石油資源開発株式会社,2026-03-31,"３【事業の内容】

当社グループ（当社及び当社の関係会社）は、当社、子会社32社及び関連会社19社（2026年３月31日現在）により構成されており、「Ｅ＆Ｐ事業」「インフラ・ユーティリティ事業」「その他の事業」を事業内容の区分とし、国内での事業活動に加え、海外においては事業拠点ごとに設立されたプロジェクト会社により事業活動を展開しております。また、海外において原油・天然ガスの探鉱開発事業を行うにあたり、他社との共同事業形態をとることによりリスクの分散化を図っております。

当社グループは事業拠点別のセグメントから構成されております。各事業セグメントの事業内容及び当社と関係会社の位置付けは次のとおりであります。

事業セグメント

事業内容

日本

(1)Ｅ＆Ｐ事業

当社及び連結子会社の日本海洋石油資源開発㈱は、国内において原油・天然ガスの生産を行っております。また、連結子会社の北日本オイル㈱は、当社の原油を購入し販売しております。

(2)インフラ・ユーティリティ事業

当社は、当社グループが生産する国産天然ガスに加え、相馬LNG基地及び日本海エル・エヌ・ジー㈱新潟基地において輸入LNGを原料とする気化ガスを製造し、これらのガスを、当社が保有する総延長800km超のガスパイプライン網を通じて沿線地域の需要家に販売しております。連結子会社の白根瓦斯㈱及び関連会社の東北天然ガス㈱は、当社より卸供給を受けてガスの販売を行っており、また、連結子会社の秋田県天然瓦斯輸送㈱は、当社が秋田県内で販売するガスの輸送を行っております。北海道では、勇払LNG受入基地において内航船及びタンクローリーにより原料を受け入れ、その気化ガスを、国産天然ガスとともに道内需要家に販売しております。

加えて、当社及び一部の関係会社では、パイプライン沿線以外の地域における天然ガスの需要に対応するため、タンクローリー及びタンクコンテナを利用したLNGサテライト供給を行っております。

また当社は、託送供給依頼者に対し、当社導管を利用した託送供給サービスを提供しております。

関連会社の福島ガス発電㈱（以下、「FGP」）は、相馬LNG基地に隣接する福島天然ガス発電所において発電事業を行っております。当社は、FGPに発電を委託しており、当該電力を、主として他の小売電気事業者に販売しております。また当社は、FGPより、同発電所が燃料として使用するLNGの気化業務を受託しております。

ガス事業や電力事業に必要となる原燃料LNGを安定的に調達するため、当社は、調達先や契約条件の多様化に努めております。

これに加え、当社では再生可能エネルギーの開発及び蓄電池事業に取り組んでおります。

関連会社の(同)網走バイオマス第２発電所及び(同)網走バイオマス第３発電所は、北海道産の国内材木質チップを発電燃料としたバイオマス発電を行っております。

関連会社の大洲バイオマス発電㈱を営業者とする匿名組合は、当社より燃料供給を受けてバイオマス発電を行っております。

(3)その他の事業

連結子会社のエスケイエンジニアリング㈱は、当社等から坑井の掘さく作業及び改修作業を請け負っております。

連結子会社の㈱物理計測コンサルタントは、当社等から坑井の掘さく作業及び改修作業に係る物理検層及びマッドロギング作業（掘さく中に坑井内を循環させる泥水や、泥水によって地表に上がる地層の掘りくず等の調査・分析結果を記録する作業）を請け負っております。

連結子会社の㈱地球科学総合研究所は、当社等から物理探鉱作業等を請け負っております。

連結子会社のエスケイ産業㈱は、石油製品等の製造、販売等を行っております。

 

 

事業セグメント

事業内容

北米

(1)Ｅ＆Ｐ事業

連結子会社のJapex (U.S.) Corp.は、米国テキサス州・オクラホマ州においてタイトオイルの開発及び生産を行っております。

連結子会社のVerdad Resources Intermediate Holdings LLCは、米国コロラド州・ワイオミング州においてタイトオイル・ガスの開発及び生産を行っております。

(2)インフラ・ユーティリティ事業

関連会社のGulf Coast LNG Holdings LLCは、米国テキサス州「フリーポートLNGプロジェクト」に参画しております。

欧州

Ｅ＆Ｐ事業

連結子会社のJAPEX Norge ASは、ノルウェー領海上鉱区において原油・天然ガスの探鉱開発及び生産を行っております。

中東

Ｅ＆Ｐ事業

連結子会社の㈱ジャペックスガラフは、イラク共和国ガラフ油田において原油の生産を行っております。

その他

Ｅ＆Ｐ事業

東南アジア（開発段階の関連会社にEMP Gebang Ltd.）、ロシア（関連会社にサハリン石油ガス開発㈱）の事業セグメントがあります。

 

 

事業の系統図は、次のとおりであります。なお、（ ）は事業セグメント、〔 〕は事業内容を表しております。"
1663,Ｋ＆Ｏエナジーグループ株式会社,2025-12-31,"３ 【事業の内容】

当社グループは、当社及び子会社10社（連結子会社４社、非連結子会社６社）並びに関連会社５社で構成されております。
主な事業内容は、天然ガスの開発から需要家へのガスの供給までをグループ内で一貫して行うガス事業、天然ガスの生産に付随するかん水を利用したヨウ素事業であります。当社グループの営んでいる事業内容と各社の位置付けは次のとおりであり、記載区分は事業の種類別セグメントと同一であります。

また、当社は特定上場会社等に該当し、インサイダー取引規制の重要事実の軽微基準のうち、上場会社の規模との対比で定められる数値基準については連結ベースの計数に基づいて判断することとなります。

 

(1) ガス事業

当事業には、連結子会社２社（関東天然瓦斯開発㈱、大多喜ガス㈱）及び非連結子会社２社等が関わっており、主な事業としては関東天然瓦斯開発㈱が天然ガスの開発・採取・販売を、大多喜ガス㈱が都市ガスの供給・販売、ＬＰガスの販売、圧縮天然ガスの製造・販売を行っております。
関東天然瓦斯開発㈱は、大多喜ガス㈱に対してガスを販売しております。

 

(2) ヨウ素事業

当事業には、連結子会社２社（関東天然瓦斯開発㈱、Ｋ＆Ｏヨウ素㈱）が関わっており、関東天然瓦斯開発㈱がヨウ素の原料となるかん水の販売を、Ｋ＆Ｏヨウ素㈱がヨウ素及びヨウ素化合物の製造・販売を行っております。
関東天然瓦斯開発㈱は、Ｋ＆Ｏヨウ素㈱に対して、かん水を販売しております。

 

(3) その他

その他の事業には、連結子会社３社（関東天然瓦斯開発㈱、大多喜ガス㈱、㈱ＷＥＬＭＡ）及び非連結子会社６社（KNG AMERICA, INC.、ほか５社）等が関わっており、電気の供給・販売、土木工事やガスの販売に伴う配管工事等を行う建設事業、ガス機器等の販売、地熱井等の掘削事業、地質・水質調査事業、米国内における石油・ガス開発事業等を行っております。

 

 

当社グループを事業の種類別セグメントごとに図示すると次のとおりであります。"
166A,株式会社タスキホールディングス,2025-09-30,"３【事業の内容】

当社グループは、純粋持株会社としてグループ全体の経営管理を行う当社（株式会社タスキホールディングス）及び子会社６社（うち株式会社ZISEDAI、株式会社タスキパートナーズは非連結子会社）より構成されております。当社は、有価証券の取引等の規制に関する内閣府令第49条第２項に規定する特定上場会社等に該当しており、これにより、インサイダー取引規制の重要事実の軽微基準については連結ベースの数値に基づいて判断することとなります。当社グループの主要な事業及び当該事業における主要企業の位置づけは次のとおりです。

 

セグメントの名称

事業内容

主要な会社

Life Platform事業

・IoTレジデンス物件の企画・開発・販売

・リファイニング物件の取得・販売

・物流施設等の企画・開発・販売

・不動産オーナー向け資産コンサルティング

・不動産クラウドファンディング、不動産ファンドの組成・運用

・空き家物件の取得・リフォーム（再生）・販売・管理

株式会社タスキ

株式会社新日本建物

株式会社オーラ

株式会社タスキパートナーズ（非連結）

Finance Consulting事業

・不動産担保ローン等の金融ソリューションの企画・提供

株式会社タスキプロス

SaaS事業（※）

・不動産業界向けDXプロダクトの開発・販売

株式会社ZISEDAI（非連結）

（※）非連結子会社が行う事業であり、「第５ 経理の状況」における報告セグメントには含まれません。

 

(1) Life Platform事業

ａ．IoTレジデンス物件の企画・開発・販売（株式会社タスキ、株式会社新日本建物）

当事業は、東京23区を中心に当社グループの企画力・デザイン力を活かし、室内設備にIoT（Internet of Thingsの略称。各種家電製品、生活環境などの情報を取得する各種のセンサー等、さまざまな""モノ""をインターネットに接続する技術）対応設備を標準仕様とした新築投資用IoTレジデンスを開発し、投資家や企業等に販売しております。

当事業で提供する新築投資用IoTレジデンスは、おもに東京23区内、最寄り駅から徒歩５分圏内の好立地物件という資産価値の高さだけでなく、IoT対応設備を標準装備することで「テクノロジーを取り入れた先進的な暮らしの実現」という高い付加価値を備えております。株式会社タスキが提供する「タスキsmart」シリーズは、60㎡～200㎡程度の広さの土地を対象にした、鉄筋コンクリート造（RC造）で８戸～14戸程度の中低層コンパクトレジデンスです。対して株式会社新日本建物が提供する「ルネサンスコート/ルネサンスプレミアムコート」シリーズは150㎡～500㎡程度の広さの土地を対象にした、鉄筋コンクリート造で10戸～50戸の中高層レジデンスとなっており、２社でエリアを同じくしながら、異なるサイズ・仕様のレジデンスを開発しております。

また、出口戦略の一つとして、新築投資用IoTレジデンスの開発用地として取得した土地を、投資家、一般企業や個人事業主から、企画構想の段階より用地での購入を希望された場合には、当該用地の権利関係を整理したうえで販売を行うことがあります。このような場合、用地の確保から建物竣工まで通常、概ね１年を有する新築投資用IoTレジデンスの開発と比較し、在庫回転期間が短縮され、不動産市場におけるマーケット変動リスクを低減できるなど、より効率的かつ安定的な事業運営に繋がるメリットもあるため、当連結会計年度では用地での販売の割合が自社開発プロジェクトの割合よりも高くなっております。

 

ｂ．リファイニング物件の取得・販売（株式会社タスキ）

富裕層顧客をターゲットに提供可能な資産運用商品の幅を広げるべく、当事業では中古物件を取得し、バリューアップのうえ売却を行います。当事業ではレジデンスのみならず、飲食店やオフィスが入居する商業ビルも仕入対象としております。建物の経年により劣化した機能・性能を再生させ、資産価値を最大限に引き出します。具体的には内装の工事、耐震性向上、遵法性確保のための工事等を行い、建物の資産価値にバランスした既存テナントとの賃料最適化のための交渉も実施します。株式会社タスキでIoTレジデンス事業の成長を支えてきた一級建築士や一級施工管理技士のノウハウを活用し、リファイニング事業におけるオリジナルの事業モデルの構築と収益性の確保に努めております。

 

ｃ．物流施設等の企画・開発・販売（株式会社新日本建物）

株式会社新日本建物において、東京近郊エリアの物流施設の企画・販売を行っています。株式会社新日本建物では都心から約2時間程度の立地にこだわり、価格帯は20～50億円、2,000㎡～規模の物流施設を開発してきました。

物流施設を取り巻く課題としては、2024年４月からの自動車運転業務の年間時間外労働時間の上限規制による、ドライバーの労働時間短縮に伴う輸送能力の不足、物流コストの増加が挙げられます（物流2024年問題）。ドライバーの一人あたり稼働時間が減少することで、積卸等の付帯業務の効率化が求められていることを受けて、これまで当社グループがレジデンス開発に「IoT」を取り入れ、物件価値を高めてきたノウハウを活用し、物流の効率化に貢献するべく、スマートロジスティクス設備を兼ね備えた物流施設を企画・販売してまいります。

 

ｄ．不動産オーナー向け資産コンサルティング（株式会社オーラ）

相続の発生や建て替えの検討、売却が難しいなどの不動産の活用に悩みをもつ不動産オーナー向けに、資産コンサルティングを提供しています。株式会社オーラに所属する経験豊富なコンサルタントが、不動産オーナーの悩みを聞き、不動産価値を最大限に引き上げる提案をしています。コンサルティングを提供するなかで、株式会社オーラが買主となって不動産オーナーから対象不動産を購入するケースもあります。

 

ｅ．不動産クラウドファンディング、不動産ファンドの組成・運用（株式会社タスキ）

オフバランススキームの不動産私募ファンドの組成・運用と、一般投資家向けの不動産クラウドファンディング「TASUKI FUNDS」を運営しております。

オフバランスの不動産私募ファンドにおいては、株式会社タスキが開発を手がけた物件や、リファイニング事業で取得・バリューアップを行ったアセットを組み入れて運用を行っております。オフバランス不動産ファンドに特化したSPC（Special Purpose Company/特別目的会社）を設立し当該不動産をSPCに売却することで、株式会社タスキの資産及び借入金を圧縮し、バランスシートのスリム化を実現しております。また、万が一運営会社の財務状況悪化等が起こった場合にも、SPCが影響を受けないように倒産隔離の手立てを講じることにより、機関投資家などのプロも参入しやすくなるなど投資家層の拡大にも寄与しております。

不動産クラウドファンディングである「TASUKI FUNDS」は、１口10万円から申し込みが可能な不動産小口化商品です。WEBでの申し込みが可能で、不動産クラウドファンディング専業の事業者にはない、物件取得から開発・販売までの管理を当社が行うことでリスクの少ないクラウドファンディングを提供しています。

ハードルが高いイメージのある不動産投資ですが、不動産投資クラウドファンディングは専門的な知識や多額の資金を必要としないうえに、低リスクかつ安定した利回りが期待できることから、個人の投資ニーズがこれまで以上に高まりを見せています。

 

(2) Finance Consulting事業（株式会社タスキプロス）

当事業は、株式会社タスキプロスが、不動産事業者の中でも、中小企業をターゲットとして不動産事業にかかわる融資を行っております。

他社では査定が難しい事業でも、これまで当社グループが不動産デベロッパーとして蓄積したノウハウにより、不動産査定を実施し、より柔軟な対応が可能です。また、営業年数に関わらず融資の相談が可能なため、他の金融機関では融資を受けにくいスタートアップ企業の事業拡大のサポートも積極的にしております。

 

 

［事業系統図］"
167A,リョーサン菱洋ホールディングス株式会社,2026-03-31,"３ 【事業の内容】

当社グループ（当社及び当社の関係会社）は、当社及び子会社28社並びに持分法適用関連会社２社で構成され、半導体や電子部品の販売および製造等を行う「デバイス事業」、ＩＴ機器や付随するシステムの販売、製造および構築等を行う「ソリューション事業」を展開しています。

当社グループの事業におけるセグメントと主な関係会社の位置付けは、次のとおりであります。

なお、次の事業区分は「第５ 経理の状況 １連結財務諸表 注記事項」に掲げるセグメント情報の区分と同一であります。

 













事業区分



主要取扱製品・商品



主な関係会社







 



 



株式会社リョーサン







 



 



菱洋エレクトロ株式会社







 



 



HONG KONG RYOSAN LIMITED







 



 



EDAL ELECTRONICS COMPANY LIMITED







 



 



ED-POWER TECHNOLOGY COMPANY LIMITED







 



 



EDAL RYOSAN ELECTRONICS (SHENZHEN) COMPANY LIMITED







デバイス事業



・半導体



ZHONG LING INTERNATIONAL TRADING (SHANGHAI) CO.,LTD.







 



・電子部品



RYOTAI CORPORATION







 



 



SINGAPORE RYOSAN PRIVATE LIMITED







 



 



RYOSAN IPC (MALAYSIA) SDN. BHD.







 



 



RYOSAN (THAILAND) CO.,LTD.







 



 



RYOSAN INDIA PRIVATE LIMITED







 



 



KOREA RYOSAN CORPORATION







 



 



RYOSAN TECHNOLOGIES USA INC.







 



 



RYOSAN EUROPE GMBH







 



 



リョーヨーセミコン株式会社







 



 



株式会社スタイルズ







 



 



RYOYO ELECTRO SINGAPORE PTE.,LTD.







ソリューション



・ＩＴ製品



RYOYO ELECTRO HONG KONG LIMITED







事業



・ソリューション



菱洋電子（上海）有限公司







 



 



RYOYO ELECTRO INDIA PVT.LTD.







 



 



RYOYO ELECTRO (MALAYSIA) SDN.BHD.







 



 



RYOYO ELECTRO（THAILAND）CO., LTD.







 



 



台湾菱洋電子股份有限公司







 



 



RYOYO ELECTRO EUROPE GMBH







 



 



RYOYO ELECTRO USA, INC.





 


（注）2026年４月１日付で、株式会社リョーサンは、菱洋エレクトロ株式会社を消滅会社とする吸収合併を行い、同日付で株式会社リョーサンの商号をリョーサン菱洋株式会社へ変更しております。
 

 

以上に述べた企業集団等の概略図は次のとおりであります。

 




 

また、当社は特定上場会社等に該当し、インサイダー取引規制の重要事実の軽微基準のうち、上場会社の規模との対比で定められる数値基準については連結ベースの計数に基づいて判断することとなります。"
168A,株式会社イタミアート,2026-01-31,"３【事業の内容】

当社グループ（当社及び当社の関係会社）は当社（株式会社イタミアート）及び子会社１社により構成されており、SP商材の企画・制作・販売を主たる業務としております。「『IT』×『モノづくり』の力で世の中を変える。」をミッションに掲げ、伝統的な印刷業界でインターネットを活用し、D2C（Direct to Consumer）ビジネスモデルと効率的な社内管理システムを構築することで、必要な時に必要な分だけを低価格かつ迅速に制作し、安定した品質の商品を顧客に届けるべく、事業を展開しております。

主な事業内容は、飲食業、小売業、広告代理店などにご利用頂いているBtoB向けECサイト「キングシリーズ」など、17のECサイトの運営、卸販売事業及び連結子会社を通じた営業受注による印刷事業であります。インターネットを通じ、屋外に設置するメディアOOH（アウト・オブ・ホーム）広告の代表的な媒体のひとつであるのぼり旗、幕、看板といったオリジナル大型セールスプロモーション商材（以下、SP商材）の商品企画、サイト構築、集客、販売、制作、出荷に取り組み、顧客に対して柔軟性・利便性の高いサービス、安定した品質、短納期、低価格販売を実現しております。

また、当社はECを活用した小ロット・多品種案件の受注及びオンデマンド印刷を中心とした生産体制を強みとしている一方、連結子会社である東京ネオプリント株式会社は、大手印刷会社、広告代理店、問屋等の法人顧客を中心として、営業活動を通じて中ロットから大ロットの印刷案件を受注し、製造及び出荷まで対応しております。当社グループは、両社の強みを活かし、受注領域の拡大、生産体制の強化及び収益性の向上を図っております。

なお、当社グループの事業におけるセグメントはSP商材の企画・制作・販売の単一セグメントであるため、セグメント別の記載を省略しております。

（注）一部、外注している商品もあります。

 

（当社グループのビジネスモデルのイメージ図）

 

（１）事業の概要

当社では、のぼり旗、幕、冊子、パネル、うちわ等、豊富な取り扱いSP商材ごとに「キングシリーズ」としての独立ECサイトで販売を行っております。

また、EC販売取引において、多くのご注文を頂いた顧客やその他ご紹介などによる大口の顧客には、専任の営業担当をつけて対応を行う卸販売事業も行っており、ECでは拾えないニーズへの対応も行っております。

当社は、ECサイト構築、受注管理、商品管理、顧客管理、出荷指示など受注から出荷までの管理の全てをECサイト構築システム「DREAM-PACK」、製造管理システム「i-backyard」等の自社開発システムで行っております。

集客施策については、販売の主要チャネルがECサイトであり、WEBマーケティングを行う専門部署を設置して、SEO（注）対策、WEB広告運用、サービス開発など効果的な集客施策に取り組んでおります。

ECサイトを通じた受注獲得、システム開発、製造の自動化による生産性の向上、設備導入によるキャパシティ拡大を継続的に行い、SP商材を利用する多くの顧客に短納期、低価格の販促商品提供を実現しております。

（注）SEO：WEBサイトを検索結果に上位表示させるために実施するWEBサイトの改善のこと。

 

（自社開発のシステム事例）

 

 

① BtoB向けECサイト

当社は計17のECサイトを運営しております。主要なECサイトは「のぼりキング」、「横断幕・懸垂幕キング」、「冊子製本キング」となっており、下記にその特徴を記載します。その他のサイトも全て同様の施策を行っており、再現性の高い集客と売上の拡大、効率化を図っております。

 

（当社運営の主なECサイト）

 

ａ．のぼり旗のECサイト「のぼりキング」の運営

当社は、のぼり旗のECサイトである「のぼりキング」の運営を行っております。のぼり旗を中心に横断幕、タペストリー、看板、バナースタンドなど店舗のサイン＆ディスプレイを幅広くラインナップしており、「のぼりキング」では約1.5万点以上の商品を取り扱っております。オリジナルのぼり旗が１枚から注文でき、最短当日出荷を行っております。ご注文方法は、顧客からの専用ソフトを利用したデータ入稿だけではなく、当社専任デザイナーへのデザイン依頼、専用ソフトを利用せずにサイト上で豊富なテンプレートの中から顧客自身がデザインを編集し注文ができる「のぼりデザイン」サービスも提供しております。

 

（のぼりデザインイメージ）

 

「のぼりキング」は、Google自然検索における表示順位において検索キーワード「のぼり」で１位、「のぼり旗」で１位を獲得（2026年２月時点）しております（注）。さらに広告投資も継続的に行っており、2026年１月実績では、年間約207万の流入数があり、10万件以上のご注文を頂いております。

（注）検索順位チェックツールを用いて日別Google自然検索における表示順位において調査月に一番多く獲得した順位を記載しております。

売上構成の約75％が過去購入実績のある既存顧客からのリピート注文となっているほか、注文の約90％は１枚～10枚までの小口注文で構成された、安定したビジネスモデルとなっております。

また、受注処理の自動化にも力を入れており、顧客から入稿されたデータは、通常は人による目視チェックを行い印刷用のデータに加工しますが、当社独自の印刷データ処理システムにより自動化を行っており、小口注文の処理効率を向上させております。

製造管理においては、受注システムのデータが製造管理システム「i-backyard」に自動連携されます。「i-backyard」を通して、製造工場に納品日ごとに制作すべき商品が表示され、その情報を基に漏れなく正確に制作・出荷を行っています。

 

ｂ．横断幕のECサイト「横断幕・懸垂幕キング」の運営

当社は、大型幕のECサイトである「横断幕・懸垂幕キング」の運営を行っております。店頭幕、垂れ幕、看板幕、広告・イベント幕など店舗装飾として商品やイベントの告知にご利用いただいております。

また、建築現場に特化した足場幕も建築現場用のSP商材として販売しております。幕に関しても１枚から注文が可能で、最短３営業日で出荷を行っております。幕だけの販売ではなく、のぼり旗、バナースタンド、看板など買い合わせが期待できる商材はECサイトを跨いで販売を行っており、クロスセルも積極的に行っています。

「のぼりキング」同様、「横断幕・懸垂幕キング」でも顧客が自身で作成したデータ入稿、デザイン制作依頼、サイト上でデザインできる「幕デザイン」のサービスを提供しております。

 

（幕デザインイメージ）

 

また、Google自然検索における表示順位において検索キーワード「横断幕」で１位、「横断幕 印刷」でも１位を獲得（2026年２月時点）しており、「のぼりキング」と同様に購買確度の高い自然検索からの顧客流入を多く獲得しております（注）。

（注）検索順位チェックツールを用いて日別Google自然検索における表示順位において調査月に一番多く獲得した順位を記載しております。

受注処理の自動化や製造管理システムとの連携も、「のぼりキング」と同様のシステムを利用しており、製造工程の効率化を行っております。

 

ｃ．冊子のECサイト「冊子製本キング」の運営

当社は、冊子印刷のECサイトである「冊子製本キング」の運営を行っており、パンフレット、会社案内、大会冊子、教材、レポート、写真集、カタログ等、様々なジャンルの紙面印刷物を取り扱っています。中綴じ、無線綴じと本格的な製本冊子を１冊から注文でき、最短３営業日で出荷を行っております。

2018年より開始したECサイトですが、売上は順調に拡大しており、次なる中核として市場獲得を目指しております。

また、冊子はサイズや仕様の選択肢が多いことに加えてページ数も多いため、データチェックを人が行うと時間も手間も非常に掛かることから、小ロット受注は受けにくかった分野ですが、「のぼりキング」と同様に入稿データの確認、加工を自動化する冊子専用のデータ処理自動化システムを独自開発し、データ処理時間や工数の圧縮に対応しており、１冊の受注でも利益を確保できる仕組みを実現しております。

「冊子製本キング」においても、Google自然検索における表示順位において検索キーワード「冊子 製本」で１位、「冊子 印刷」で２位を獲得（2026年２月時点）しており、購買確度の高い自然検索からの顧客流入を多く獲得しております（注）。

（注）検索順位チェックツールを用いて日別Google自然検索における表示順位において調査月に一番多く獲得した順位を記載しております。

 

ｄ．その他

「のぼりキング」、「横断幕・懸垂幕キング」、「冊子製本キング」以外に、「うちわキング」、「マグネットキング」をはじめとしたキングシリーズなどのBtoB向けECサイトを全17サイト運営しております。様々なマーケティング施策やシステム化された受注処理などこれまでに培った専門ECサイト運営のノウハウを他のECサイトに横展開をすることで、売上の拡大を図っております。

 

② 卸販売事業

ECサイトから継続的に大口注文を頂く顧客や継続的な注文や大口案件をお持ちの企業からの受注については、専任の営業担当を配置し卸価格を設定して対応することで、ECだけでは拾いきれない受注や継続的な受注を獲得しております。数千枚単位の「のぼり旗」でも、価格や納期面においても十分な競争力を持って販売が可能であり、受注拡大に注力をしてまいります。この競争力は、日々のEC販売取引において、1日1,000件以上の受注、10,000枚以上の出荷という大量生産を続けていることで材料原価の低減交渉が可能となっていること、また、オペレーション業務のシステム化、効率化によって人件費を抑制できていることにより、実現しております。

 

③ 東京ネオプリント株式会社との連携

連結子会社である東京ネオプリント株式会社は、大手印刷会社、広告代理店、問屋等の法人顧客を中心として、営業活動を通じて中ロットから大ロットの印刷案件を受注し、製造及び出荷まで対応しております。

当社がECを活用した小ロット・多品種案件の受注及びオンデマンド印刷を中心とした生産体制を強みとしている一方、東京ネオプリント株式会社は、営業対応による法人顧客基盤及びシルクスクリーン印刷設備を有しており、当社グループは両社の強みを活かすことで、SP商材における受注領域の拡大を図っております。

 

 

（２）当社グループの事業の特徴

① 製造直販のD2Cビジネスモデル

当社は、計17のECサイトを運営し、SP商材の商品企画、サイト構築、集客、販売、制作、出荷の全工程を自社で行っております（注）。中間業者を介さずに自社インターネットサイトを通じて効率的な販売を行うことで、低価格、短納期で主に自社で制作した商品を顧客に届けております。

また、顧客からの専用ソフトを利用したデータ入稿、当社専任デザイナーへのデザイン依頼だけでなく、顧客自身でデザイン、編集を行えるサービス「のぼりデザイン」を展開するなど、インターネットの特性を活かして高いサービスレベルを維持しております。

（注）一部、外注している商品もあります。

 

② 専門部署によるマーケティング施策

マーケティング課という専門部署を設置し、SEO対策、WEB広告、メールマガジン、SNS運用、ダイレクトメール送付など様々な施策を行っております。また特に、SEO対策とWEB広告には注力をしております。SEO対策では、ECサイトごとにユーザーの検索動向を分析し検索上位表示を狙う「キーワード」を設定し、サイトの内部要素、サイト内の内容を検索媒体のアルゴリズムへの最適化を重ねることで上位表示を実現し、検索ユーザーの流入増を図っております。また、WEB広告では、様々な媒体に出稿を行いながら、広告内容をターゲットとなるユーザーごとに変化させながら、広告効果の最適化を図っています。SEO対策、WEB広告を駆使し、新規顧客、既存顧客の両方を継続的かつ効率的に獲得しております。

主要ECサイト「のぼりキング」では、Google自然検索における表示順位において検索キーワード「のぼり」で１位、「のぼり旗」で１位を獲得（2026年２月時点）しております（注１）。その結果、検索ユーザーをECサイトへ流入させることが可能となり、着実に顧客数が増加しております。また、SEO対策、WEB広告に加え、自社独自のCRM（注２）を活用して、ターゲット、配信タイミング、配信内容にこだわったメールマガジンやダイレクトメールの発送を行っております。これらの施策によって、主要ECサイト「のぼりキング」の売上構成は約75％が既存顧客からのリピート注文となっております。

効率的な新規獲得とリピート顧客増加の施策を全サイトで横展開し、継続的な受注増を図っております。

（注１）検索順位チェックツールを用いて日別Google自然検索における表示順位において調査月に一番多く獲得した順位を記載しております。

（注２）CRM（Customer Relationship Management）：顧客管理ツールを用いて顧客情報を管理すること。

 

③ 自社開発の管理システムと最新設備の導入

ECサイト構築システム「DREAM-PACK」、製造管理システム「i-backyard」を始めとした自社開発システムを開発・運用し、業務フローを効率化しております。また、これらのシステムによって、顧客が入稿した印刷用データのチェックから制作指示書の作成、発送状況のリアルタイム連携等を行っており、人的ミスを未然に防止する体制を整えております。

製造設備については、最新のオンデマンド印刷機（注）の導入による高速印刷で製造キャパシティの拡大を図るとともに、製造工程の断裁や縫製作業といった技術が必要な作業の機械化、自動化を推進しております。これにより、安定的な製造とオペレーションコストの低減を行い、小ロット・多品種生産に対応すると同時に、顧客の多様なニーズに迅速に対応できる社内体制を築いております。

（注）オンデマンド印刷：原稿データをダイレクトに読み取って製版することなく印刷をする方式のこと。

 

④ グループ経営による受注領域の拡大と生産体制の強化

当社グループは、当社の有するECを活用した小ロット・多品種案件の受注力、自社開発システムによる業務効率化及びオンデマンド印刷を中心とした生産体制に加え、東京ネオプリント株式会社の有する営業対応による法人顧客基盤、中ロットから大ロット案件への対応力及びシルクスクリーン印刷設備を組み合わせることで、事業基盤の強化を図っております。

当社は、主としてインターネットを通じた集客と受注により、小口案件を効率的に積み上げるビジネスモデルを展開しております。一方、東京ネオプリント株式会社は、大手印刷会社、広告代理店、問屋等の法人顧客を中心として、営業活動を通じて中ロットから大ロットの印刷案件を受注し、製造及び出荷まで対応しております。

また、当社グループは、共同仕入れによる材料コストの低減を進めるとともに、当社が有する受注管理及び製造管理等のシステムを東京ネオプリント株式会社向けに再開発し、同社における業務効率化及び生産性向上を進めております。加えて、東京ネオプリント株式会社を関東圏における製造及び出荷機能の一翼として活用することで、当社グループ全体の供給体制の強化を進めております。

これらの取り組みにより、当社グループは、のぼり旗及び幕等のSP商材における受注拡大、製造原価の低減及び収益性の向上を図っております。

 

［事業系統図］

当社グループの事業系統図は下記のとおりであります。"
1711,株式会社ＳＤＳホールディングス,2026-03-31,"３ 【事業の内容】

当社グループは、当社及び子会社５社(連結子会社３社、非連結子会社２社)で構成されております。

当社の主な事業の内容は省エネルギー事業の推進により、顧客企業にエネルギー・ソリューション・サービスの提供と不動産に関する販売及びコンサルティング業務を行っております。

子会社である株式会社省電舎は省エネルギー関連における設備導入、企画、設計、販売、施工及びコンサルティング業務を行っており株式会社イエローキャピタルオーケストラはリノベーション及びリノベーション後の物件販売、資産運用に関するコンサルティング、宅地建物取引業、不動産の分譲、売買、賃貸及び管理並びにそれらの仲介及びコンサルティングを行っております。

株式会社ONE EXEでは、太陽光設備を保有し売電事業を行っております。

事業系統図は次の通りとなっております。

 




 

非連結子会社である株式会社SDSおひさま１号並びに 株式会社HARUMI TRUSTは重要性がないため事業系統図への記載を省略しております。"
1716,第一カッター興業株式会社,2025-06-30,"３【事業の内容】

当社グループは、当社（第一カッター興業株式会社）、連結子会社４社（株式会社ウォールカッティング工業、株式会社新伸興業、株式会社アシレ、株式会社ユニペック）、持分法適用関連会社２社（ダイヤモンド機工株式会社、株式会社ムーバブルトレードネットワークス）で構成されております。

当社グループでは、切断・穿孔工事事業及びビルメンテナンス事業を展開しており、事業における当社及び関係会社の位置付け及びセグメントとの関連は、次のとおりであります。

なお、前連結会計年度において、当社の連結子会社であった株式会社ムーバブルトレードネットワークスの一部株式を譲渡したため、同社を連結の範囲から除外し、持分法適用会社としております。これに伴い、当連結会計年度よりリユース・リサイクル事業を報告セグメントから除外しております。

（１）切断・穿孔工事事業

切断・穿孔工事とは、道路等の各種舗装、及びコンクリート構造物の解体、撤去等に必要な切断工事、穿孔工事のことであります。

当社グループの切断・穿孔工事事業は、工業用ダイヤモンドを使用したダイヤモンド工法及び、水圧を利用したウォータージェット工法を中心に事業を展開しております。

当社グループにおいては、当社、株式会社ウォールカッティング工業、株式会社新伸興業、株式会社アシレ、株式会社ユニペック及びダイヤモンド機工株式会社が切断・穿孔工事事業を行っております。当社は主に東日本全域に、株式会社ウォールカッティング工業は主に東海地方に、株式会社新伸興業は沖縄県に、株式会社アシレは主に関東地方に、株式会社ユニペックは主に近畿地方に、ダイヤモンド機工株式会社は九州地方に営業基盤を有しております。

当社グループの切断・穿孔工事事業の事業形態は、主として専門工事業者としての下請契約であり、主要な得意先は総合建設業者、道路建設業者及び設備業者等の民間企業であります。これらの企業は公共事業関連工事を中心に事業展開しており、当社グループの施工する工事も大半が公共事業関連工事であります。一方、公共事業関連工事以外の工事としては、化学工場・石油プラント・発電所等のメンテナンスや洗浄等が挙げられます。

また、これらを工事の種類別に分類すると、土木工事、建築関連工事、都市土木工事、道路・空港工事、生産設備メンテナンスに分類されます。

各工事の分類別の内容については、以下のとおりであります。

①土木工事

土木工事では、橋梁工事、港湾工事、ダム関連工事といった、大型構造物の補修・撤去工事を行っております。

具体的には、橋梁工事においては高架橋切断・撤去、コンクリート片剥離防止対策、橋脚劣化コンクリート除去や表面処理等、港湾工事においては護岸・桟橋の改築に伴う切断・撤去、ダム関連工事においては砂防ダムスリット化、魚道開口構築といった作業を行っております。また、水中など特殊な環境下での切断・穿孔作業の場合にも、専属のオペレーターによる施工をしております。

②建築関連工事

建築関連工事では、建物解体工事、免震工事、耐震工事、改修工事、新築工事といった、解体・リニューアル工事に伴う各種作業を行っております。

具体的には、建物解体工事においてはブロック解体・撤去、建物基礎の静的破壊、免震工事においては免震装置取付の杭切断、耐震工事においては耐震用スリットの構築、改修工事においては各種切断、鉄筋はつり出し、エレベーター改造に伴う機械撤去、外壁洗浄、塗装剥離、床表面処理等、新築工事においては誘発目地、タイル貼り下地処理といった作業を行っております。また、周辺施設への環境負荷軽減にマッチした施工方法で、従来工法では困難な施工でも対応しております。

③都市土木工事

都市土木工事では、鉄道工事、廃棄物処理施設工事、上下水道施設工事といった、都市基盤施設における土木関連工事を行っております。

具体的には、鉄道工事においては階段切断撤去、擁壁ブロック解体・撤去、廃棄物処理施設工事においては煙突内洗浄やダイオキシン類洗浄、上下水道施設工事においてはピット内部劣化コンクリート除去、エポキシ系樹脂塗膜除去といった作業を行っております。また、環境関連工事においては計画立案から施工までトータルで対応しております。

④道路・空港工事

道路・空港工事では、道路の補修等に伴う各種切断や表面処理、劣化コンクリート除去、空港での滑走路グルービングや灯火設置のためのコアドリリング等作業を行っております。グルービングマシンやコア特装車といった特定条件での切断・穿孔作業が可能な点が当社の特徴になります。

⑤生産設備メンテナンス

生産設備メンテナンスでは、工場メンテナンスに伴う各種設備洗浄、改造工事に伴う無火気切断、床の塗り替え、下地処理等を行っております。当社では産業洗浄技能士を常駐させることで、作業の品質と安全を確保しております。

（２）ビルメンテナンス事業

ビルメンテナンス事業は、集合住宅やオフィスビル等において、給排水設備の保守点検・貯水槽清掃・雑排水管清掃業務を行うものであり、当社グループにおいては、当社がビルメンテナンス事業を行っております。

具体的には、排水管清掃、貯水槽清掃、給水設備点検、床清掃、ファイバースコープ調査、機械式ピット清掃などを通じて、得意先・お客様のビルの円滑な運営に貢献することを目指しております。

 

事業の系統図は、次のとおりであります。"
1717,明豊ファシリティワークス株式会社,2026-03-31,"３ 【事業の内容】

（1）事業の特徴

＜報告セグメント別の事業内容と特徴＞

当社は、オフィスや各種施設に関わるＣＭ（コンストラクション・マネジメント）手法を用いた発注者支援事業を展開しており、そのサービスの内容等から、「オフィス事業」「ＣＭ事業」「ＣＲＥＭ事業」及び「ＤＸ支援事業」の４つに区分しております。

なお、事業区分はセグメント区分と同一であります。

①オフィス事業

オフィスの移転・新設・改修のプロジェクト・マネジメント、各顧客に最適な移転後のオフィスの床面積の提案、ＩＣＴ・データセンターの構築、働き方改革、維持費削減を狙ったスペースの削減等、オフィスづくりと運用に関するあらゆる業務をサポートしております。 オフィス移転等のコストは、当社に蓄積したコストデータベースに基づく見積査定と、ＣＭ手法による入札仕様書の作成、競争環境を構築した中での入札、その後の交渉を通して、コストミニマムの実現に努めております。

②ＣＭ事業

公共庁舎や教育施設、生産施設、医療施設、鉄道駅施設、商業施設、オフィスビルその他各種施設の建設・運用に関する業務を、ＣＭ手法を用いて、基本計画の作成から、入札仕様書作成、入札実施、設計マネジメント、施工マネジメントまで、プロセスを可視化した中で、発注者のプロジェクトの成功をサポートしております。 オフィス事業同様、コストミニマムの実現に努め、プロが発注者側につくことによる迅速な意思決定と工期短縮、発注プロセスの可視化による透明性の向上等、顧客本位のサービスを提供しております。

③ＣＲＥＭ事業

発注者が自社保有資産の最適化を行うＣＲＥＭ（コーポレート・リアルエステート・マネジメント）について、当社は発注者が行う保有資産の管理・運用業務や保有方針に関する意思決定の助言、多拠点施設の同時統廃合業務等について、ＣＭ会社としてその最適化業務を支援するサービス等を提供しております。発注者が行うＣＲＥＭの中で、中長期修繕計画の策定支援等も行っております。

④ＤＸ支援事業

社員のアクティビティ可視化による働き方改革やプロジェクト・マネジメント情報の可視化システム、顧客における多拠点の発注プロセスのシステム化等、顧客側で行うＤＸについて、当社に培われたノウハウを活用する方法にてサービスを提供しております。

 

＜オフィス事業・ＣＭ事業・ＣＲＥＭ事業に共通するサービス内容と特徴＞

当社のセグメントの内オフィス事業・ＣＭ事業・ＣＲＥＭ事業につきましては、対象となる施設及びＣＲＥＭサービスであるかに応じて３事業に区分しておりますが、当社が発注者へ提供する発注者支援事業の内容は共通しており、その内容と特徴は以下の通りであります。

①基本計画の策定

発注者の経営課題や要望に応じて、発注者の施設の調査・分析を当社が行い、施設の新築や改修、その実施方法等に基づいた複数の課題解決プランを、概算コストと想定される期間等の情報を含めて発注者へ提示し、発注者が選んだプランに基づき、当社が基本計画の策定を支援します。

②入札仕様書の作成

設計会社と施工会社を分けて入札する方法と、設計も可能な施工会社へ設計施工一括で発注することを前提とした入札方法について、当社が発注者へメリットとデメリットを説明し、発注者が入札方法を決定します。
また、単に応札コストによる比較のみではなく、応札者の実績や独自の提案等、発注者にとって魅力のある区分ごとに配点を予め定めた総合評価表を発注者とともに作成し、これに基づき比較します。
発注者が決めた入札方法に応じた入札を行うため、当社は、応札者へ配布する入札仕様書を基本計画書に基づき作成し、発注者へ提供します。
発注者にとってコストミニマムにつながる専門性の高いものであることが特徴であります。

③入札の実施

応札者が他の応札者の状況を分からないように当社が入札環境を工夫して設けることにより、競争環境における低い入札額を期待できます。また、各応札者の強みに関するアピールも受け付けるため、発注者にとって、単に金額だけではない総合評価方式による入札を行えることが特徴であります。

④発注者による発注先決定の支援

発注者が比較判断しやすい形式にて、当社が応札情報を資料にまとめます。
発注者は当社がまとめた比較資料を用いて、専門用語等に関する情報や、応札者の実績等の情報を当社から入手した上で、自ら発注先を選定することが出来ます。
当社は発注者に対して、発注先を推奨することはなく、発注者の意思決定を支援する役割であることが特徴であります。

⑤設計マネジメント

発注者によって選ばれた設計会社が、発注者の意思に沿う設計を行っているか、設計の品質を維持するための社内レビュー等のプロセスを行っているか等を当社が定期的に確認し、発注者へ報告致します。
当社は善管注意義務を負う中で高度な専門性に基づき設計会社をマネジメントし、設計責任は設計会社が負うことが特徴であります。

⑥施工マネジメント

発注者によって選ばれた施工会社が、発注者の意思に沿う施工を行っているか、施工の品質を維持するための各種プロセスを行っているか等を当社が定期的に確認し、発注者へ報告致します。施工後、発注者の意思により、工事内容が追加変更されることも多く、コストの変更履歴を当社が整理して発注者へ報告致します。
当社は、多くのコスト管理実績から、報告内容について発注者から高い評価を得ていることが特徴であります。

 

※オフィス事業では、原則としてオフィスの設計を当社が実施しますが、ＣＭ事業、ＣＲＥＭ事業では原則として当社は設計いたしません。

 

＜ＤＸ支援事業のサービス内容と特徴＞

当社では、1994年にデジタル化オフィス構築の機会を得て、その後現在に至るまで、プロジェクト・マネジメントに関する情報や、社員の働き方、業務効率向上による生産性向上、経営状況等の全ての情報をデジタル化し、関係者でセキュアに共有すること等によって、サービス品質向上を通じた顧客満足度向上を通じて発注者支援事業を拡大してきました。この当社におけるＤＸ（デジタルトランスフォーメーション）を支えてきた当社システムの自社開発体制はアジャイル方式によるもので、実践的なノウハウを多く蓄積しております。特に、社員のアクティビティを可視化共有することによって社員自らが行動を見直すことが出来る明豊マンアワーシステムや、多拠点を含めたプロジェクトに関する提案、発注、請求、回収プロセスの可視化や、各プロジェクトの日々の予算と実績とを比較する管理会計の仕組みを有するプロジェクト・マネジメントシステム等を経営の中心においたＤＸ推進体制を構築しております。

昨今、ＤＸ導入に取り組む企業や団体が増えている中、当社のアクティビティ改善に関するシステムや、プロジェクト・マネジメントシステムへの関心が高まっており、社員のアクティビティ可視化による働き方改革実現やプロジェクト・マネジメント情報の可視化システム、多拠点に亘る大量の発注プロセス等のプロジェクト管理や維持保全のシステム化等、顧客側で行うこれらＤＸについて、当社に培われたノウハウを活用する事業として、ＤＸ支援事業を2021年４月に新設いたしました。

 

（2）サービス提供に関する契約形態の特徴

当社サービスを発注者が利用する上で、発注者がプロジェクト毎に契約形態を選択することが出来ますが、当事業年度は全てピュアＣＭ方式による契約であり、その契約関係は次の通りであります。
当社が提供する「設計＆ＰＭサービス」の全てが、ＣＭ方式による「設計＆ＰＭ／ＣＭサービス」であります。

 

①設計＆ＰＭ／ＣＭサービス(ピュアＣＭ方式)

ＣＭ方式による「設計＆ＰＭサービス」であって、顧客が施工者と工事請負契約を締結し、当社は顧客とＣＭ業務委託契約を締結してマネジメントフィーのみを売上計上する形態であります。マネジメントフィーについては、原則として事前に顧客との間で業務内容毎にマンアワー(※)ベースで計算した固定フィーが取り決められます。なお、工期・品質・コストなどが発注者の期待を超えて達成されたとき、当社に対する業務のインセンティブとして「ボーナスの支払い」を契約上定めておく場合もあります。

 

(※)マンアワー

サービス提供のために要した時間に、サービスを提供した社員の管理会計上の時間単価を乗じたアクティビティコストです。当社では毎日の全従業員の全アクティビティコストを定量化することで、プロジェクト毎の採算を的確に把握するマンアワーコスト管理システムを導入しています。

 

ピュアＣＭ方式の契約関係は図１のとおりであります。

（図１）




 

②カスタマーセンターサービス

前述の各サービス後の什器備品等の補給やレイアウト変更などの対応をカスタマーセンターと呼ぶ専門のチームが対応するサービスで、リピート受注と顧客との関係強化を目指しております。その契約関係は、設計＆ＰＭサービス実行時の形態に準じるケースが主です。プロジェクト実行時の基本計画に基づいて維持保全業務も行うという、ファシリティマネジメント本来の考え方に基づくサービスであります。"
1718,美樹工業株式会社,2025-12-31,"３【事業の内容】

当社グループは、当社、連結子会社４社、非連結子会社１社及び持分法適用関連会社１社により構成されており、総合建設業として建設工事及び住宅の建築・販売等の事業展開を行っております。

 

当社グループの事業に係る位置付け及びセグメントとの関連は、次のとおりであります。

 

１）建設事業

当社において、建築工事、土木工事、設備工事、都市ガス導管敷設工事とそれに係る道路保全・維持管理等の工事、敷地内や建物内等のガス配管工事やガス温水冷暖房システム等のガス設備工事、不動産物件の賃貸及び管理、太陽光発電事業を行っております。また、連結子会社三樹エンジニアリング㈱においてガス機器の販売及び施工、連結子会社㈱ヒョウ工務店において建築工事、非連結子会社㈱エスデイ設計室において建築設計・監理を行っております。

 

建築工事 公共施設、商業施設、マンション、事務所及び倉庫等の施工を行っております。

土木工事 国や県、市町村の発注による河川・公園の施工、下水道、道路建設及び舗装・宅地造成工事等を行っております。

給排水衛生空調設備工事 公共施設、商業施設、マンション等の大型工事において給水・給湯・排水・冷暖房工事を行い、保守・点検・修理とメンテナンス体制を整えております。また、ビルのスプリンクラー等の消防設備工事の施工を行っております。
戸建住宅においても同様の施工を行っており、道路を掘削しての水道配管工事の施工を併せて行っております。

ガス導管敷設工事 都市ガス導管の新規敷設工事や経年管の入れ替え・移転工事の施工を行っております。また、道路保全としてガス導管敷設工事に係る道路舗装工事等やエポ工法（注）を用いたマンホール鉄蓋修繕工事の施工を行っております。その他維持管理業務として、ガス保安を目的とした点検、他の埋設管工事（例えば下水道管等）において既埋設ガス管が影響する場合の立会い等を行っております。
（注）ダイヤモンドカット円形切断技術による修繕工法であります。

ガス設備工事 敷地内や建物内等のガス配管工事やガス機器、住宅設備機器の施工を行っております。

２）住宅事業

連結子会社セキスイハイム山陽㈱において、積水化学工業㈱のユニット住宅「セキスイハイム（鉄骨系ユニット住宅）」「セキスイツーユーホーム（木質系ユニット住宅）」の建築・販売及びユニット住宅のリフォーム工事の施工及び不動産物件の賃貸を行っております。また連結子会社㈱リブライフにおいて戸建住宅の建築・販売及び不動産物件の賃貸・管理を行っております。

３）その他事業

連結子会社㈱リブライフにおいて飲食事業の経営を行い、持分法適用関連会社ハイデッキ㈱において、鋼板加工等を行っております。

 

 

［事業系統図］"
1719,株式会社安藤・間,2026-03-31,"３ 【事業の内容】

当社グループ(当社及び当社の関係会社)は、2026年３月31日現在、当社、子会社10社、関連会社15社で構成され、建設事業(土木・建築)を主な事業とし、さらに各事業に関連する事業活動を展開しています。

当社グループの事業に係わる位置付け及びセグメントとの関連は、次のとおりです。

 

建設事業(土木事業・建築事業)

当社は総合建設業を営んでおり、セグメントを土木事業、建築事業に区分しています。

グループ事業

連結子会社である、安藤ハザマ興業株式会社は建設用資材の販売及びリースを、青山機工株式会社は土木及び建築工事の施工等を、菱晃開発株式会社は不動産の売買、賃貸並びにその仲介を、在外子会社であるハザマアンドウ(タイランド)等は現地国における建設事業を、それぞれ主要事業としています。

 

事業の系統図は次のとおりです。"
1720,東急建設株式会社,2026-03-31,"３ 【事業の内容】

当社グループは、東急グループの構成員として開発事業の分野を担い、当社、子会社11社、関連会社５社で構成され、建設事業を中心に事業を展開しております。
当社グループの事業に係る位置付け及びセグメント情報との関連は、次のとおりであります。
なお、セグメント情報に記載された区分と同一であります。

 

建設事業      当社を中心に事業を行っております。当社は、子会社の東建産業㈱、東急リニューアル㈱、㈱川村積算及び関連会社の世紀東急工業㈱、東急グリーンシステム㈱、あすか創建㈱に工事とそれに附帯する事業の一部を発注しております。
海外においては、子会社のPT.TOKYU CONSTRUCTION INDONESIA、GOLDEN TOKYU CONSTRUCTION CO.,LTD.、INDOCHINE ENGINEERING LIMITEDとその子会社２社、TC PACIFIC CONSTRUCTION, LLC及び関連会社のCH.KARNCHANG-TOKYU CONSTRUCTION CO.,LTD.が事業を行っております。
また、その他の関係会社の東急㈱及びその他の関係会社の子会社の東急電鉄㈱より工事の一部を継続的に受注しております。
そして、当社グループは、建設事業を「建設事業（建築）」と「建設事業（土木）」に分類して事業を行っております。

建設事業（建築）：当社の建築部門と子会社の東建産業㈱、東急リニューアル㈱、PT.TOKYU CONSTRUCTION INDONESIA、GOLDEN TOKYU CONSTRUCTION CO.,LTD.、INDOCHINE ENGINEERING LIMITED、INDOCHINE ENGINEERING VIETNAM LLC、INDOCHINE ENGINEERING PTY.LIMITED、㈱川村積算、TC PACIFIC CONSTRUCTION, LLCが建築工事とそれに附帯する事業を行っております。

建設事業（土木）：当社の土木部門と子会社のPT.TOKYU CONSTRUCTION INDONESIA及びGOLDEN TOKYU CONSTRUCTION CO.,LTD.が土木工事とそれに附帯する事業を行っております。

 

不動産事業等 当社が不動産の販売、賃貸事業等を行っております。
また、子会社の東急リニューアル㈱はＩＣＴ関連サービス事業を、子会社の大阪消防ＰＦＩ㈱は「大阪府立消防学校再整備等事業」を、子会社の東急建設-ＧＢイノベーション投資事業有限責任組合はベンチャー企業への投資を行っております。

 

 

事業の系統図は次のとおりであります。




(注) 上記系統図の連結子会社11社及び持分法適用関連会社４社のほか、関連会社１社「㈱北上さくらスクールランチ」（持分法非適用関連会社）があります。"
1721,コムシスホールディングス株式会社,2026-03-31,"３【事業の内容】

当社を持株会社とする「コムシスグループ」は、当社及び日本コムシス株式会社、サンワコムシスエンジニアリング株式会社、株式会社ＴＯＳＹＳ、株式会社つうけん、ＮＤＳ株式会社、株式会社ＳＹＳＫＥＮ、北陸電話工事株式会社、コムシス情報システム株式会社の８統括事業会社に加え、子会社85社及び関連会社17社から構成され、通信キャリア事業、ＩＴソリューション事業及び社会システム関連事業等を主な事業内容としております。

2026年３月31日現在の事業の系統図は概ね次のとおりであります。

 

 

なお、当社は特定上場会社等に該当し、インサイダー取引規制の重要事実の軽微基準のうち、上場会社の規模との対比で定められる数値基準については連結ベースの計数に基づいて判断することとなります。"
1723,日本電技株式会社,2026-03-31,"３【事業の内容】

当社グループは、当社、連結子会社１社、非連結子会社２社で構成され、当社は建設業法により、特定及び一般建設業者として国土交通大臣許可を受け、ビルディングオートメーション及びファクトリーオートメーション等自動制御システムの設計・施工等及び自動制御機器類の販売並びにこれらに関連する事業を行っております。

 

当社グループの事業は、空調計装関連事業と産業システム関連事業とに区分され、その内容は次のとおりであります。

なお、次の事業は「第５ 経理の状況 １ 連結財務諸表等 （1）連結財務諸表 注記事項（セグメント情報等）」に掲げるセグメントの区分と同一であります。

（空調計装関連事業）

空調計装関連事業は、オフィスビル、工場、病院、研究所、学校、商業施設等の非居住用建築物に対する空調計装分野を対象とした事業で、「空調計装工事」としてその建築物の新設、増設又は改修に伴う空調自動制御システムの設計、施工並びに施工後の保守、点検等を行うほか、「制御機器類販売」として自動制御盤、センサー、サーモスタット等、空調を自動制御するための機器類を販売しております。

なお、空調計装関連事業は、新設建築物を対象とする新設部門と、既設建築物の維持、補修、更新を対象とする既設部門とに区分して事業展開をしております。

 

（産業システム関連事業）

産業システム関連事業は、主に工場、各種搬送ライン向けの計装工事や各種自動制御工事を手掛け、中でも食品工場の生産、搬送ライン向けには、各種ＦＡ機械の据付、保守及び連結子会社であるジュピターアドバンスシステムズ株式会社を通じた生産管理システムの販売、保守等を事業展開しております。

そのほか「制御機器類販売」として調節計、流量計、工業用バルブ等の制御機器類を販売しております。

事業の系統図は次のとおりであります。"
1724,シンクレイヤ株式会社,2025-12-31,"３ 【事業の内容】

当社グループは、当社と連結子会社３社で構成されており、ケーブルテレビをはじめとする放送通信事業者のソリューションプロバイダとして、各事業者の要望に応じた最適なシステムの提案と構築を目的としたシステムインテグレーション事業を主な事業としております。

なお、セグメント情報を記載していないため、部門別に記載しております。

事業の内容としましては、放送通信事業者に対して、施設の構築に関し、システム全体を効率的にまとめ上げ、システムの設計、機器の選定、施工、保守管理等を行う「トータル・インテグレーション部門」と、システムに最適な機器の選定、販売を行う「機器インテグレーション部門」があります。事業の主要な販売先は、全国のケーブルテレビ事業者や通信キャリア、ＩＳＰとなりますが、この他にビルや集合住宅のテレビ共聴システムの設計・施工、電波障害対策施設の構築やケーブルを利用した一定エリア内でのネットワーク構築も行っております。

 


(1) トータル・インテグレーション部門

コロナ禍を経て人々の行動・生活が大きく変化したことによるデジタル化の推進、少子高齢化による人口減少の進行など、我が国は社会構造が大きく変わる局面を迎えております。ケーブルテレビ業界が更なる発展を遂げるためには、従来のビジネスに固執せず、コンテンツとインフラの両方を持つ事業者としての特色を活かした持続可能な地域づくりへの貢献と、業界をあげて新たな事業領域創出に向けた投資をしていく必要があります。そのような状況の中、当社は放送通信に豊富な実績を持ち、メーカーでありながらシステムの設計・構築・運用保守までトータルで行える強みを活かして顧客ニーズに徹底的に寄り添います。

＜主なソリューション＞

・４Ｋ８Ｋ放送に対応したデジタル放送ソリューション

・加速度的に進化する高速データ通信ソリューション

・地域防災のための告知放送システム

・店舗等に安定したＷｉ－Ｆｉスポットの構築

・次世代を支える光ファイバーネットワークや無線ネットワークの構築

＜インテグレーションプロセス＞


(a) 事業計画・システム分析

顧客と共に市場ニーズを分析し、新たな事業領域創出に向けた最適なシステムの選定と工事計画策定、運用方法の提案を行います。必要に応じ「放送法」や「電気通信事業法」に則った登録・届出の支援も行います。


(b) ネットワーク設計

事業計画、システムの分析を基に、サービス提供地域の特性を考慮した最適なネットワーク設計を提案します。テレビ、インターネット、電話、災害時の緊急放送など、顧客が複合的なサービスを最適な環境で提供するためのネットワーク設計を行います。


(c) ネットワーク構築

ネットワークの設計を基に、最適な機器選定と適切且つ効率的な工事管理によりネットワークを構築します。求められるサービスの内容によっては、自社で新たな製品を開発したり、他社商品の採用も積極的に行います。


(d) システム運用・保守

ネットワークの構築後は、システムの安定した稼働のため、自社パッケージソフトウェアである統合管理システム等を用いた監視、サポートを行います。また、システムの保守管理業務全般を請け負うことも可能です。

 


(2) 機器インテグレーション部門

システム全体の分析や設計を行った上で最適な機器を選定し販売する場合や、ネットワーク構築後、施設の拡張等により必要となる機器を提供する場合を機器インテグレーション部門として分類しております。

ケーブルテレビ事業者及び通信キャリア、ＩＳＰに対して機器を販売する部門ではありますが、取り扱う製商品群は、他の機器との親和性が重要となるシステム機器であることから、単に機器を販売するのとは異なり、それらの機器を選定していく能力を必要とする部門であります。

独自に開発・製造した機器のほか、海外商品を含め他社商品を扱っておりますが、販売にあたっては仕様の確認、システムとの親和性も含めた試験を十分に行い、必要に応じて当社内で開発した独自技術を組み入れ、顧客のニーズにあったカスタマイゼーションも行っております。

 

企業集団についての事業の系統図は以下のとおりであります。"
1736,株式会社　オーテック,2026-03-31,"３【事業の内容】

当社グループ（当社及び当社の関係会社）は、当社（株式会社オーテック）、連結子会社７社、非連結子会社２社、関連会社１社及び当社と継続的で緊密な事業上の関係があるその他の関係会社１社により構成されており、自動制御システム及び放射冷暖房システムの設計・施工・メンテナンス（保守）並びに自動制御機器及び環境関連機器の販売を行う環境システム事業、衛生陶器・住設機器・冷暖房機器・産業機器・継手・バルブ及び鋼管の販売を行う管工機材事業の２事業を展開しております。

当社グループの事業内容及び当社と関係会社の当該事業にかかる位置付けは、次のとおりであります。

なお、事業区分は「第５ 経理の状況 １ 連結財務諸表等 (1)連結財務諸表 注記事項」に掲げるセグメントの区分と同一であります。

(1) 環境システム事業……主要な工事は、新設及び既設建物に対する計装工事、電気工事、管工事であります。

当社並びに連結子会社のフルノ電気工業株式会社、株式会社道東オーテック及び株式会社インターセントラルが請負・施工を行うほか、工事の一部につきましては、連結子会社の株式会社オーテックサービス北海道、株式会社三雄商会並びに非連結子会社の株式会社オーテックサービス東北及び株式会社オーテックサービス北関東に外注工事を発注しております。また、当社は、連結子会社の株式会社道東オーテック及び株式会社インターセントラルから工事の一部を請負・施工しております。

(2) 管工機材事業…………主要な商品は、衛生陶器、住設機器、冷暖房機器、産業機器、継手、バルブ及び鋼管であります。

衛生陶器及び住設機器につきましては、当社が商品を仕入れ、販売しております。冷暖房機器につきましては、連結子会社の株式会社インターセントラルが商品を製造及び販売するほか、当社は、同社から商品を仕入れ、販売しております。継手、バルブ及び鋼管につきましては、当社は、関連会社の株式会社大和バルブ及びその他の関係会社の日本継手株式会社が製造する商品を仕入れ、販売しております。また、当社は、連結子会社の株式会社道東オーテック、株式会社三雄商会、株式会社オーテック環境及び株式会社九州オーテックに商品を販売しております。なお、産業機器につきましては、連結子会社の株式会社オーテック環境が商品を仕入れ、販売しております。

［事業系統図］

以上述べた事項を事業系統図によって示すと次のとおりであります。

 

（注）当社グループは、2026年４月６日付で有限会社ケー・ティー・エスの全株式を取得し、連結子会社に含めております。"
1738,株式会社ニットー,2026-03-31,"３ 【事業の内容】

当社の企業集団は、当社(株式会社ＮＩＴＴＯＨ)及び子会社１社(株式会社ビルワーク)で構成されており、建設工事事業、住宅等サービス事業、ビルメンテナンス事業を行っております。

当社グループの事業内容と当社及び子会社の各事業に係る位置付けは、次のとおりであります。

なお、次の３事業は「第５ 経理の状況 １ (1) 連結財務諸表 注記事項」に掲げるセグメントと同一であります。














事 業



取扱商品



主要品目







建設工事事業



㈱ＮＩＴＴＯＨ



ユーティリティー



ガス関連各種住宅設備工事
(主に温水床暖房工事)
太陽光発電システム設置工事
その他一般住宅設備工事
(空調及び各種冷暖房工事)







リフォーム



各種建築及びリフォーム工事
戸建注文住宅建築工事、設計、施工管理
土地などの不動産物件の販売、仲介、斡旋
増改築、介護・耐震リフォーム工事







防水



ＦＲＰ防水、シート防水、
改修防水及びその他各種防水工事







住宅等サービス事業



エコテック



シロアリ予防、駆除、再予防作業、
防湿及び防湿剤作業
害虫獣駆除(ペストコントロール)作業

剪定・植栽管理などのグリーンサービス作業







ビルメンテナンス事業



㈱ビルワーク



ビルメンテナンス



ビルの窓、外壁のクリーニングサービス
マンション、公共施設などの清掃管理
サービス





 


 

事業の系統図は、次のとおりであります。"
173A,株式会社ハンモック,2026-03-31,"３ 【事業の内容】

当社は、「テクノロジーの力で、未来をつくる新しい体験を提供し、ひとりひとりが輝く社会へ」というパーパスのもと、顧客の企業価値向上に資するべく、ITで経営課題を解決し、業務の生産性向上・信頼性向上を図るために、IT資産管理やセキュリティ対策等に対するソリューションを提供する「ネットワークソリューション」、名刺管理、SFA/CRM、MA、新規顧客開拓等の営業支援に対するソリューションを提供する「セールスＤＸソリューション」、AIOCR等によるデータエントリーに対するソリューションを提供する「ＡＩデータエントリーソリューション」の３つのソリューションにおいて、ソフトウェアの開発及び販売を行っております。

ネットワークソリューションはPCやPCネットワーク等の管理を行うIT資産管理やセキュリティ対策等の業務領域、セールスＤＸソリューションはSFA(※１)/CRM(※２)、MA(※３)等の営業支援の業務領域、ＡＩデータエントリーソリューションはデータエントリー(※４)の業務領域と、３ソリューションそれぞれ業務領域は異なるものの、顧客や市場のニーズを捉え、それまでになかった機能を備えたシステムを自社で開発し提供することで、顧客の経営課題を解決し、業務の生産性・信頼性を向上させ、企業価値の向上を図ることを目指しております。

少子高齢化に伴い、生産年齢人口が減少し、労働生産性の向上、業務の効率化を図ることが必須となっている環境においては、当社製品に対する市場ニーズは拡大し、それぞれのソリューションの市場規模も拡大傾向となっております。(ソリューションごとの市場規模については、「第２ 事業の状況 １ 経営方針、経営環境及び対処すべき課題等 (3) 経営環境」に記載)

製品の提供形態としては、オンプレミス(※５)型とクラウド型の両方の形態があります。世の中のクラウド化のニーズを捉え、当社においても製品のクラウド化を進めると同時に、セキュリティ等の問題でオンプレミス型を希望する顧客ニーズにも応えております。

当社製品においては、一部の機能のみの導入や、パッケージとして一式を導入することも可能であり、必要な機能のみ導入し、事業成長に応じて機能を追加導入することが可能です。さらに、オンプレミス型、クラウド型の両方の提供形態があることなどから、顧客は民間企業から官公庁まで、また、事業規模も大手企業のみならず、中小企業まで幅広く導入されております。

業種を問わず必要とされる業務領域を支援していることから、幅広い業種で導入され、結果、様々な業種・事業規模に対応しております。

 




 

 

当社のビジネスモデルは、クラウド型やオンプレミス型における保守契約などの月額料金によるリカーリング(※６)型のビジネスモデルに移行しております。これにより、既存顧客からの安定的な収益を確保しつつ、アップセルや新規売上の拡大により成長を加速させてまいります。

当社においては、直接顧客に販売する場合のみならず、代理店経由で販売する場合においても、直接顧客と接点を持ち営業及びカスタマーサクセスを実施することで、顧客のニーズを的確に捉えております。

また、当社製品においては、ほとんどが自社開発であることから、他社製品との連携等に拘束されることなく、顧客ニーズを反映した製品開発が可能であります。

さらに、営業においても直接顧客と接点をもつことで、よりニーズに即した営業提案を行うことができます。

市場のニーズを的確に捉え、自社開発の強みを活かして新機能、新製品を開発し、顧客に提案していくサイクルを高速に回すことで、好循環が生まれ、常にニーズを捉えた製品をスピーディーに顧客に提供していくことが可能となります。

既存顧客においては、契約の継続性を向上させるため製品の導入支援や運用支援を行い、利用率や運用状況を改善し、顧客満足度の向上を図っております。

 

各ソリューションの主な製品、提供形態、主な収益源は以下のとおりとなります。

 














ソリューション



主な製品



提供形態



主な収益源







ネットワークソリューション



AssetView



オンプレミス型



製品の販売及び保守・導入サービスに対する収益







AssetView CLOUD



クラウド型



一定期間サービスを利用する権利に対するリカーリング収益







AssetView Cloud＋







セールスＤＸソリューション



ホットプロファイル



クラウド型



一定期間サービスを利用する権利に対するリカーリング収益







ホットアプローチ







ＡＩデータエントリー

ソリューション



AnyForm OCR



オンプレミス型



製品の販売及び保守・導入サービスに対する収益







WOZE



クラウド型



従量課金制又は固定料金制によるリカーリング収益







DX OCR





 


 

 


［ネットワークソリューション］

当ソリューションでは、企業のPC及びPCネットワーク等のIT資産管理、セキュリティ対策の面から統合的に管理するソフトウェアを「AssetView」シリーズとして開発・販売しており、IT資産管理を取り巻く様々な課題を統合的に解決するためのログ分析レポート等のソリューションサービス、運用支援サービスを「AssetView」と合わせて提供しております。

ライフサイクルの異なるPCや複合機等の様々な機器の管理や、入退社、人事異動にあわせた機器の導入や移動、OS(※７)やソフトウェアのライセンス・アップデート、それらにかかわる契約やリース、利用者情報など、組織全体のIT資産を常に最新の状態に保って管理していく必要があります。また、セキュリティ対策に関しては、ウイルスやマルウェア(※８)等の外部からの脅威に対する対策や、USBデバイスやスマートフォン、PC紛失等による情報漏洩の阻止、万が一の際に、証跡を追跡するためのログ管理等が必要となります。当社のネットワークソリューションは、これらの多様な課題に対して包括的なソリューションを提供しております。「AssetView」は、IT資産管理、ソフトウェアライセンス管理、Windows Updateやアプリケーション配布、PC操作ログ管理、USB等のデバイス制御、ウイルス対策といった多彩な機能を統合的に管理します。独自の管理画面により、ひとつの画面で操作・管理することができ、顧客は自身の使用スタイルに合わせて画面や表示機能を制御できます。個々の機能を別々のソフトウェアで管理する場合や、異なるソフトウェアの連携を行う場合、操作画面も異なり、管理する為のサーバーも、それぞれの製品のために複数保有する必要がありますが、「AssetView」は、統一された操作画面によって業務の効率化が図れ、管理サーバーも統合されるため、サーバーの維持・運用工数を削減できます。また、複雑な事前設定を行う必要がなく、導入後すぐに利用できるWebコンソール版(※９)の製品も有しています。複数のシステムで管理されているデータベースも統合されるため、効率的にデータを収集することができます。

 




 

また、「AssetView」は、必要な機能だけを選択して購入可能とするため、機能毎に個別の実行ファイルを保有する方式で開発を行っており、顧客は必要な機能だけをオーダーメイド感覚で購入して対策に取組む事ができ、管理状況や計画に応じて段階的に機能を追加することが出来ます。また、業務内容に応じて必要な機能をパッケージ化した製品の提供や、オンプレミス型とクラウド型の両方を提供していますので、顧客は、要望に応じて様々な購入の方法が可能です。多機能なパッケージ製品の場合、利用しない機能まで含まれてしまい価格も高くなる傾向があります。

「AssetView」は、IT資産管理やセキュリティ対策を行うソフトウェアであり、様々な業界の民間企業や官公庁で導入されています。また、組織の規模も従業員が1,000人を超える大手企業から中小企業まで幅広い顧客層に提供しております。そのため、特定顧客や特定業界の経済状況に当社の業績が影響される可能性は低いと考えております。

加えて、当社カスタマーサクセスによる技術サポート、オンボーディング(※10)導入サポートや運用サポートによって、顧客の課題解決と安定的な運用を支援しております。その結果、高い継続性を実現しており、2026年３月期におけるクラウド型のチャーンレート(※11)は0.35％(月次平均)となっております。

 

 


［セールスＤＸソリューション］

当ソリューションでは、「営業を強くし、売上を上げる」をコンセプトに、法人営業の生産性向上・業務効率化を図り、企業の売上拡大を支援する「ホットプロファイル」及び「ホットアプローチ」の開発・販売・運用支援サービスを行っております。

「法人営業になくてはならない製品」を目指し、顧客からの要望のみならず、当社営業部門が顧客の立場として実際に利用することで利用者目線に立った製品開発を行っております。また、顧客の利用用途に応じたプランを用意することで様々な顧客ニーズに対応しております。リカーリング型のビジネスモデルを採用しており、プラン毎に一定の利用量を含む月額利用料を設けております。

 

主要な製品は以下の通りです。

 


１．営業支援ツール「ホットプロファイル」

「ホットプロファイル」は法人営業の営業活動を支える３つの領域「名刺管理」「SFA/CRM」「MA」を統合し、各プロセスを分断することなく実行できる営業プラットフォームです。社内に点在する営業活動に関する情報を一元管理し、業種等の企業属性情報を自動付与することで営業施策に活用しやすい顧客データベースへ変換します。日々の営業活動や受注までのプロセスマネジメントも同じプラットフォーム上で行うことができます。

 

「ホットプロファイル」は顧客に関する情報が１つのシステムでまとまるため、人脈・訪問履歴・案件履歴・メール履歴・Webアクセス履歴など顧客に関する情報を、１画面で時系列に沿って確認することが可能となります。「名刺管理」「SFA/CRM」「MA」と用途に応じて営業支援システムを別々に導入した場合、顧客に関する情報が各システムに点在し、顧客に関する情報が分断され、複数のシステムを見に行く手間が発生するなどの課題を解決することが可能となります。

法人営業のビジネスの始まりである「名刺交換」や「Webサイトからのお問い合わせ」など様々な入口から獲得した顧客情報を、当社独自のロジックで正規化・名寄せし、さらに「ホットプロファイル」が持つ企業データベースから業種、従業員数、ニュース情報等の企業情報を自動付与することで、活用できる顧客データベースを自動作成することが可能となります。また、「ホットプロファイル」に顧客情報を登録するだけで、業種等でターゲティングした営業リストの作成や顧客の最新ニュースの把握など、精度の高い営業活動を手間なく行うことが可能となります。

また、「ホットプロファイル」に登録した顧客企業のニュース情報を自動で受け取ることができるため、人事異動など企業の動きがあった際に迅速に営業できるようになります。加えて、IPアドレスやCookieを利用して、自社のWebサイトを閲覧した企業や顧客を把握できるため、これまで気づけなかった顧客の興味・関心度を把握し、適切なタイミングで営業活動を行うことが可能となります。

 


２．新規顧客開拓ツール「ホットアプローチ」

「ホットアプローチ」は、様々な公開情報から当社が独自AIで成形した480万社以上(2026年３月31日時点)の企業データベースから利用者がアプローチしたい企業リストを作成し、企業がWebサイト上で公開しているお問合せ窓口フォームへ、自動で一斉にメッセージを送る法人営業の新規顧客開拓に特化した営業支援ツールです。テレワークが定着する中、これまで行っていた飛込み営業や闇雲な電話営業では「思うように新規開拓が進まない」といった課題を持つ企業に対し、新規開拓活動を効率的に行うサービスを提供しています。

企業データベースには、業種や規模等の企業属性だけでなく、より具体的な事業内容(例：3Dプリンターを製造している企業など)や企業動向の情報を含んでいるため、顧客がアプローチしたいターゲットを絞り込み、営業リストを作成することが可能となります。

また、企業がWebサイト上でお問い合わせ窓口として公開しているフォームURLやメールアドレスの情報があり、送信メッセージをテンプレートとして登録する事で、各企業のお問い合わせ窓口フォームへ一斉にメッセージを送ることが可能となります。接点の無い企業であっても短時間で多くの顧客接点を設けることが可能となり、効率的な法人営業の新規顧客開拓活動が可能となります。加えて、送信メッセージに、自社のWebサイトへ誘導を促すURLを含めることにより、実際にWebサイトを訪れた企業がわかるため、自社に興味がありそうな企業から優先的に電話営業を実施するなど、効率的な営業活動を実施する事が可能となります。

 

この２つの製品は「ホットプロファイル」のプラットフォーム上で提供でき、組み合わせて利用することにより、法人営業の営業プロセス(「見込み客の獲得・商談創出」⇒「提案・クロージング」⇒「受注後の顧客維持・売上拡大」)を網羅した営業支援を行うことが可能となります。さらに、「ホットアプローチ」の企業データベースと「ホットプロファイル」に蓄積した顧客の営業情報を組み合わせ、商談情報から受注率の高い企業の傾向を分析し、類似のターゲットとなり得る企業をレコメンドするなど、顧客データを最大限活用した営業のDX(※12)化を促進します。

 


［ＡＩデータエントリーソリューション］

当ソリューションでは、AI OCR(※13)技術をベースとしたデータ入力業務効率化のソリューションを提供しています。

多くの企業や公共団体には、業務に用いられる帳票のうち、データ化されていない様々な帳票が残っています。そして、それらの帳票を処理するための入力業務に多くの時間と労力を費やしています。労働人口の減少に伴い人手不足を解消し、かつ、ミスを削減するために、単純作業であるデータ入力業務において、当社のOCR製品のようなシステムやサービスを利用する企業等が増えております。

OCRはAI技術の躍進とともに文字認識精度が高まり、対応可能なデータ入力業務の領域が拡大しております。これらにより、OCR事業は大きく成長する市場であると考えられます。当社においても継続してOCR技術の向上を図っております。

 

主力製品である「AnyForm OCR」、「WOZE」及び「DX OCR」の概要は以下のとおりです。

 


１．「AnyForm OCR」

「AnyForm OCR」は、自社開発のAI OCRエンジンを搭載した、オンプレミス型製品です。顧客のサーバーまたはパソコンに「AnyForm OCR」を導入し、受注伝票等の帳票のOCR処理をすることが可能であり、製造業、卸売業、小売業、運輸業などの幅広い業種で導入されております。

 

「AnyForm OCR」の概要は以下の通りです。

・オンプレミス型製品であり、OCR処理する画像やOCR結果のデータがインターネットなどを介さないため、情報漏洩するリスクが少ない。

・特許技術である「WOCR(特許第5464474号)」(２つ以上のOCRエンジンの組み合わせることで修正必要箇所を識別する技術)に基づく、２つのOCRエンジン(活字OCRとAI OCR)を搭載することで、OCRソフトの課題であった誤認識を発見し、修正することが可能。

・OCR項目の設定やOCR結果を確認する画面の設計が顧客自身で対応できるため、顧客側の運用に合わせた利用が可能。

・AnyForm OCR内に商品情報や取引先情報などのマスターデータを保有することができるため、帳票結果からそれらを参照し、マスターデータ内の情報を出力することができる。

 

 


２．「WOZE」

オンプレミス型のOCRソフト「AnyForm OCR」は、自社で自由に帳票設計をしたい、あるいは自社によるOCR結果の確認を行い、即時にデータが必要な顧客のニーズを満たしております。一方で、それらの作業に時間を費やしたくないと考える顧客の要望に応えるために、「WOZE」を開発し、2021年７月に提供を開始しました。「WOZE」の開発によりDX化が遅れているデータエントリー市場へ参入可能となりました。

 

「WOZE」の概要は以下の通りです。

・クラウド型製品であるため、顧客によるハードウェアの準備や、製品のインストール作業などの環境構築が必要なく簡単に利用可能。

・当社が帳票設計を行うため、顧客での帳票設計が不要となり、導入時に顧客の作業負担が軽減される。

・特許技術である「WOCR(特許第5464474号)」に基づく、２つのAI OCRエンジンを搭載することで、OCRソフトの一番の課題であった誤認識を発見し易くなり、高精度な文字認識が可能。

・OCR結果の確認作業は、当社の在宅ワーカーが行うため、顧客の人手による目検が必要なくなり作業負担が軽減される。

・在宅ワーカーには、高度なセキュリティ機能により分離された項目のみを暗号化し渡すため、情報漏洩リスクを回避でき高いセキュリティが保たれる。

・顧客が、帳票画像のアップロードを行ってからデータを受け取るまでの時間は概ね30分であります。

 


３．「DX OCR」

帳票設計や複雑な設定を必要とせず、紙帳票のデジタル化を迅速かつ高精度に実現するクラウド型AI-OCRサービスです。従来のOCRでは対応が難しかった手書き文字や非定型帳票にも対応し、企業のデータ入力業務のDXを強力に支援するため、2024年10月に提供を開始しました。

 

「DX OCR」の概要は以下の通りです。

・クラウド型製品であるため、顧客によるハードウェアの準備や、製品のインストール作業などの環境構築が

必要なく簡単に利用可能。

・学習済みのAIが帳票を自動で判別・処理するため、顧客による帳票設計やテンプレート作成が不要。

・活字だけでなく、手書き文字、斜め文字、非定型帳票にも対応し、高い識字率を実現。

・注文書、請求書、納品書、申込書など、幅広い帳票に対応可能。

・Any Form OCR同様に、商品情報や取引先情報などのマスターデータを保有することができるため、帳票結果

からそれらを参照し、マスターデータ内の情報を出力することができる。

・OCR処理した後に読取結果から任意に選択した項目をファイル名として指定したフォルダに保存が可能で電帳

法支援業務にも貢献。

 

これらの製品・サービスラインナップにより、幅広い業種、企業規模及び幅広い帳票種類のニーズに対応いたします。

 

 


［事業系統図］

 




 

(注) クラウドサービス事業者：クラウドコンピューティングサービス(Amazon Web ServicesやMicrosoft Azure)の提供事業者

情報入力委託先 ：「ホットプロファイル」における名刺入力業務の委託先

データサプライヤー ：「ホットプロファイル」「ホットアプローチ」における企業情報や人事情報等の提供事業者

 

 

※用語解説

本項「事業の内容」において使用する用語の定義については、次のとおりです。

 













番号



用語



定義







※１



SFA



セールスフォースオートメーションの略で、営業支援システムであり、営業業務の見える化、効率化を図る仕組み、システムのことを意味します。







※２



CRM



カスタマーリレーションシップマネジメントの略で、顧客情報や行動履歴、顧客との関係性を管理し、顧客との良好な関係を構築・促進することを意味します。







※３



MA



マーケティングオートメーションの略で、マーケティング業務を自動化、効率化する仕組み、システムのことを意味します。







※４



データエントリー



紙媒体で保管されている情報を端末に入力し、データ化するための作業を意味します。







※５



オンプレミス



サーバー機器などのハードウェア及び業務用アプリケーションなどのソフトウェアをユーザーの管理する施設内に設置して運用することを意味します。







※６



リカーリング



「繰り返す」や「循環する」といった意味を持ち、商品・サービスを一度提供して終わりではなく、継続的に価値を提供することで、その対価として長期的な収益を目指す考えを意味します。







※７



OS



オペレーティングシステムの略で、システム全体を管理し、さまざまなアプリケーションソフトを動かすための最も基本的なソフトウェアを意味します。







※８



マルウェア



英語のmalicious(マリシャス：悪意のある)にソフトウェアの２つの単語が組み合わさった造語で、コンピューターウイルスなど、ユーザーのデバイスに不利益をもたらす悪意のあるプログラムやソフトウェアを意味します。







※９



Webコンソール版



Webブラウザ経由でクラウドサーバーの構築・管理、ネットワークの設定などを操作できることを意味します。







※10



オンボーディング



サービスを新しく利用開始した新規ユーザーなどに対し、サービスをなるべく早い段階で理解し活用できるよう導くプロセスを意味します。







※11



チャーンレート



解約率を意味し、「当月に失った月次経常収益額÷前月末の月次経常収益額×100(％)」で算定しています。







※12



DX



デジタルトランスフォーメーションの略で、企業がビジネス環境の激しい変化に対応し、データとデジタル技術を活用して、顧客や社会のニーズを基に、製品やサービス、ビジネスモデルを変革するとともに、業務そのものや組織、企業文化・風土などを変革し、競争上の優位性を確立することを意味します。







※13



AI OCR



OCRとはオプティカルキャラクターリーダーの略で、手書きや印刷された文字をスキャナやデジタルカメラによって読みとり、コンピュータが利用できるデジタルの文字コードに変換する技術を意味します。

AI OCRとは、OCRにAI技術を加えたものを意味します。OCRにAI技術を組み合わせることで、機械学習による文字認識率の向上や、帳票フォーマットの設計をせずに項目を抽出することが可能になります。"
1758,太洋基礎工業株式会社,2026-01-31,"３ 【事業の内容】

当社は特殊土木工事等事業、住宅関連工事事業、環境関連工事事業、建築事業、機械製造販売等事業及び再生可能エネルギー等事業の６分野での事業活動を展開しております。

当社の事業に係わる位置付け及び事業内容は次のとおりであります。

なお、当社が行っている事業内容とセグメントにおける事業区分は同一です。

 













セグメント別事業



事 業 内 容



事業区分







(1)特殊土木工事等事業



様々な工法による地盤改良工事、推進工事、地中連続壁工事、地中障害物撤去工事、液状化対策工事などや法面補強工事



施工







(2)住宅関連工事事業



住宅基礎補強工事や構造物修復工事







(3)環境関連工事事業



太陽光発電設備築造工事や風力発電工事、地中熱を利用した

エネルギー事業、土壌浄化環境事業







(4)建築事業



建物建築、リフォーム業、不動産開発事業など







(5)機械製造販売等事業



建設機械の製造販売等に係る事業



機械製造販売







(6)再生可能エネルギー等事業



太陽光発電売電収入、その他再生可能エネルギー等収入



売電





 


 

事業の系統図は、次のとおりであります。"
175A,株式会社Ｗｉｌｌ　Ｓｍａｒｔ,2025-12-31,"３【事業の内容】

当社は、「アイデア」と「テクノロジー」を活用し社会の課題解決を行うことを目的として、モビリティ業界（※１）や国・自治体の課題発見のコンサルティングから解決のためのソフトウエアの開発、ハードウエアの提供及び納品後のサポートまで行うトータルサービスを提供しております。なお、ソフトウエアの開発は顧客の要求に応じて行う受託開発の他、プラットフォーム化したパッケージサービスを提供することにより顧客ニーズを満たしたＩｏＴシステムを短い期間で提供することが可能となっております。

そのため、当社の収益はシステム開発を行った際の開発売上のみならず、その後の保守売上やパッケージサービスの利用料売上も主要な収益となっております。

当社では、人口減少に起因した人的作業の削減、従来事業の収益縮小などの顧客課題や、インバウンド対応や地域交通の再編などの社会課題に対し、当社が持つＩｏＴ技術及びＷｅｂシステム開発技術と業界知見を掛け合わせることで、無人化・省人化を支援するシステム開発や新サービスやビジネスモデルの変化に適したＤＸの企画提案を行い、その仕組みを自ら開発することで業界の課題に対応しております。

当社の事業、ソリューションごとの特長は以下のとおりであります。

なお、報告セグメントはモビリティ事業の単一セグメントであるため、セグメント別の記載を省略しております。

 

※１ モビリティ業界：交通や物流など人や物の移動によって経済活動を行う事業群の総称。

 

（１）事業の特長

①業界特化の顧客理解力

当社は、創業当時から世の中の動静や社会課題などに注目し、それらの背景から発生する企業の課題を解決するためのソリューション提供に取り組んでまいりました。また、他のＩＴベンダーの下請けでは顧客企業の声を拾いきれないことから、モビリティ業界の顧客企業と直に対話を行うことにこだわり、顧客との共創型の課題解決手法により、その実現に必要なシステムの開発を行いつつ、モビリティ業界特有の業務フローに内包される課題や特徴に対する理解も深めてまいりました。

モビリティ業界に特化し、顧客との直接的な関係構築によって、「開発実績」と「案件を通じて得られる業界知見」を増やすことで当社独自のポジションを築きながら、他社との差別化を図ってまいりました。

今後もモビリティ業界は、地方自治体などで公共交通系のドライバー不足からくるライドシェア問題を始め、様々な課題が発生することが予測されますが、当社は顧客との関係性を通じて構築してきた実績と業界知見を背景に、業界課題へ柔軟に対応してまいります。

 

②技術力

当社は、ハードウエアを中心としたＩｏＴ技術とＷｅｂオープン系のソフトウエア技術を有しており、それらの技術に業界の知見を組み合わせることで、単なるシステム提供ではなく、モビリティ業界の課題解決を提案・実行するために欠かすことのできない業務オペレーションも考慮した総合的な企画開発を行えることが特長となります。

具体的には、ＩｏＴ技術として、車などの移動体、屋外環境、公共施設などの通信の安定が必要な場所への設置技術やＩｏＴ機器にとって不利な気象条件下でも稼働を可能とする技術を有しております。また、Ｗｅｂ技術としては、モビリティ業界には特有のシーズナリティによって変動する需要に応じた価格設定や、在庫と連動した予約管理フロー、業界特有の法律や業界ルールなどに対応が可能な開発技術を有しております。

 

③モビリティ業界特化のプラットフォーム

当社は受託開発技術を基礎としつつ、開発したサービスを機能毎に提供できる様、プラットフォーム化したパッケージサービスの展開も行っております。そのため、パッケージサービスを利用しつつ、顧客企業のニーズに応じたカスタマイズが可能です。これにより、フルパッケージでの一括導入はもとより、必要な機能のみを既存システムと組み合わせた一部導入など、各々のニーズに沿ったカスタマイズにより、顧客企業のＤＸ化を迅速かつ低コストで実現することが可能となっております。

 

 

（２）ソリューションごとの特長

当社の事業特性は、以下のサービスにおいて強みを持ち、事業展開しております。

①総合情報配信サービス

総合情報配信サービスは創業時からのサービスであり、屋外・店頭・公共空間・交通機関などの場所において、ディスプレイなどの電子的な表示機器（デジタルサイネージ）を使って施設の館内情報や交通機関の運行情報などの情報を発信するサービスを行っております。本サービスの特長は、複数のシステムから抽出されるフォーマットの異なる情報を統合し、統一した情報として配信することが可能な点や、音声案内・制御システム等の他の機能と連携し、画像以外の情報の配信が可能となる点です。本システムの事例としては、羽田空港リムジンバスの行先・発車時刻・空席情報などのダイヤ情報の表示において、バス会社２社が持つ仕様の異なるデータを統合し、単一の画面で表示しユーザーへ情報を提供しているものがあります。また、本サービスは屋内外の様々な環境下で設置・情報配信が可能となっており、近年ではサービスの特長を活用し、複数情報を統合して配信する必要があるバスターミナルなどにおいて、本システムが採用されております。

その他、本システムを活用したデジタルサイネージ導入支援サービス「Ｗｉｌｌ－Ｓｉｇｎコンテンツパッケージ」は、多言語配信や緊急情報配信、スマートフォンとの連携をパッケージ化し、全国に販売網を持つ販売パートナーと連携することで、地方自治体や公共施設、交通機関、駅などといった各種事業者に向けた展開に取り組んでおります。

 

②クラウド化支援サービス

クラウド化支援サービスでは、顧客企業が利用するフロントエンドシステム（販売や予約システムなど）を中心にオンプレミス（サーバーやネットワーク機器、ソフトウエアなどを自社で保有し運用する利用形態）のシステムをクラウド化することによるリニューアルや、新規事業の販売系基幹システムの開発を行っております。
 

③モビリティシステムサービス

モビリティシステムサービスは、ガソリン車・ＥＶ車両の双方に対応する車載デバイスと、車載デバイスから取得した車両データ（位置情報、燃料残情報、車両情報など）に基づく鍵の制御や車両管理を行うための機能等を有するＩｏＴゲートウェイパッケージの提供と、カーシェアやレンタカー、ＥＶ充電器の予約システム（予約決済、会員管理、管理画面）等から構成されております。これらは各機能別に独立したシステムとなっており、ＡＰＩ連携により既存システムとの同期も可能なことから、フルパッケージでの提供はもちろん、顧客が必要とする一部機能の提供も可能となっております。

なお、自動車等のデータ取得等にかかるシステム基盤及び車載器については、韓国最大のモビリティプラットフォーム事業者であるＡｌｔｉｍｏｂｉｌｉｔｙ Ｃｏｒｐｏｒａｔｉｏｎ（本社：韓国ソウル市、代表者：ＪＥＯＮＧ ＫＹＵ ＳＥＯ）から技術協力を仰ぎ、機能の一部についてライセンス提供を受けつつ、当社が日本向けに追加開発した箇所については、当社と共同ライセンスの形で保持しております。

 

④ＡＩ・データサイエンスサービス

ＡＩ・データサイエンスサービスは、地方行政や自治体、地方公共交通などの顧客を中心に、事業領域に特化した実証実験や、地方公共交通再編のために複数の交通事業者や自治体などの交通利用データを分析、可視化することができるシステムの提供を行っております。可視化することで課題となる論点を整理し、顧客によるＥＢＰＭ（エビデンス・ベースト・ポリシー・メイキング／エビデンスに基づく政策立案）による政策推進が可能となっております。

 

［事業系統図］"
1762,株式会社髙松コンストラクショングループ,2026-03-31,"３ 【事業の内容】

当社グループは、建築事業、土木事業および不動産事業を主な事業内容とし、その他にこれらに関連する事業をおこなっております。

なお、当社は、有価証券の取引等の規制に関する内閣府令第49条第２項に規定する特定上場会社等に該当しており、これにより、インサイダー取引規制の重要事実の軽微基準については連結ベースの数値にもとづいて判断することとなります。

事業会社各社の代表的な事業内容および当社グループの事業の系統図は、次のとおりであります。

（建築事業主体）

髙松建設㈱（建築工事・不動産事業）、髙松テクノサービス㈱（リフォーム・メンテナンス）、㈱金剛組・㈱中村社寺（社寺建築）、㈱住之江工芸（インテリアリフォーム）、タカマツビルド㈱（建築工事）、大昭工業㈱（建築工事・不動産事業）、㈱エムズ（リノベーション事業）

（建築事業、土木事業の両方）

青木あすなろ建設㈱（建築・土木工事・不動産事業）、みらい建設工業㈱（港湾・海洋・土木・建築工事）

（土木事業主体）

青木マリーン㈱（海洋土木工事）、㈱島田組・㈱アクセス（埋蔵文化財発掘調査）、東興ジオテック㈱（法面保護・地盤改良工事）

（不動産事業）

タカマツハウス㈱・タカマツハウス関西㈱（木造戸建住宅事業の企画・販売）、㈱髙松都市開発（不動産開発）、髙松エステート㈱（不動産総合コンサルタント）、タカマツハウス不動産㈱（不動産仲介・売買）、Takamatsu Construction Group USA,Inc.・TPG 2020-1 (LN-CROWN VALLEY) OWNER, LLC・TPG（Laguna Niguel）Acquisition,LLC・Elm Hill Durham, LLC・North Moore GP, LLC（不動産事業）

（その他事業）

日本オーナーズクレジット㈱（建築資金融資）、北海道札幌蓄電合同会社（電気事業）、北海道クリーンエネルギー蓄電合同会社（電気事業）"
1764,工藤建設株式会社,2025-06-30,"３ 【事業の内容】

当社及び当社の関係会社は、当社及び連結子会社１社（㈱日建企画）、関連会社１社（㈱東洋リース）で構成され、建設工事・土木工事の請負、不動産の売買・賃貸、建物総合管理事業及び高齢者向け介護事業を主な事業とし、さらに各事業に関連する事業を行っております。なお、2025年７月１日付で株式会社松下工商の全株式を取得し、同社を連結子会社化しております。

当社グループの事業に係る位置づけ及びセグメント情報との関連は、次のとおりであります。なお、セグメント情報に記載された区分と同一であります。













建設事業



：



建設・土木工事の設計・施工・監理及び請負、戸建住宅の設計、施工及び請負を行っております。なお、関連業務を行う関連会社１社（(㈱東洋リース）がございます。







不動産事業



：



建物の保守点検・管理事業・家賃収納代行など建物総合管理業務並びに不動産賃貸業務及び、売買業務を行っております。また、不動産賃貸業務に付帯する募集管理、不動産売買の仲介等の業務については、連結子会社である㈱日建企画が行っております。

 







介護事業



：



介護保険法に基づく高齢者向け介護事業のうち、主に介護付有料老人ホーム（特定施設入居者生活介護）の運営を行っております。





 


(注) 当期首に株式会社日建企画の株式を追加取得し連結子会社化したこと及び組織の変更により、事業セグメントの区分方法を見直し、報告セグメントを従来の「建設事業」「不動産販売事業」「建物管理事業」「介護事業」から、「建設事業」「不動産事業」「介護事業」に変更しております。

 

事業の系統図は、次のとおりであります。"
1766,東建コーポレーション株式会社,2026-04-30,"３【事業の内容】

当社グループは、当社及び子会社の計11社で構成されており、当社グループの事業目的は、賃貸建物建設請負事業（以下リース建設事業という）を起点として、お客様（土地所有者様・入居者様等）、地域社会、当社を取り巻く取引先様の発展及び繁栄に貢献することを目的とし、リース建設事業を通じて、住環境の充実と向上を目指すため、当社グループ各社が分担して次の事業を行っております。

当社グループの事業に係わる位置付け及びセグメントとの関連は、次のとおりであります。

(１)建設事業













建築請負



……



当社が「土地の有効活用」を目的としたアパート、賃貸マンション、ワンイヤーマンション、シニアマンション、貸店舗等の企画提案をし、建築請負契約を締結し、設計、施工を行っております。







建設資材の
製造加工販売業



……



ナスラック㈱は、当社が建設に要する資材や住設機器を、流通経路の見直しによる中間マージンの削減を図りながら、委託製造を中心として国内外から調達し、当社に供給しております。
同社の工場部門としましては、鉄骨加工に関しては、千葉シスコ工場（千葉県）及びＮＫ深谷工場（埼玉県）は東日本地区を、シェルル神戸工場（兵庫県）は西日本地区を中心に、それぞれ当社グループへの内部供給と併せて、外部への販売も行っております。
住設家具や木製品の建材加工に関しても、ＮＫ深谷工場、ナスラック鎌倉工場（神奈川県）及び出雲ダンタニ工場（島根県）にて製造し、当社グループへの内部供給と併せて、外部への販売も行っております。
また、キッチン等ステンレス製品をナスラック鎌倉工場にて製造し、当社グループへの内部供給と併せて、外部への販売も行っております。







貸金業及び生・
損保代理店業



……



東建リースファンド㈱は、当社が建築請負契約を締結した施主様に対し、建設資金を一部融資すると共に、施主様及び入居者様を主な顧客として、生・損保商品を販売することを主要業務としており、これらを通じてリース建設事業をサポートしております。





 


(２)不動産賃貸事業













不動産賃貸



……



東建ビル管理㈱は、オーナー様とマスターリース契約を、入居者様とサブリース契約をそれぞれ締結する不動産賃貸事業を行っております。また、「千種タワーヒルズ」及び「栄タワーヒルズ」の賃貸事業も行っております。







賃貸仲介



……



パソコン、携帯電話、スマートフォン等の５つのメディアから広範囲に入居者を募集する「５メディア仲介システム」を独自に開発し、当社が建設した賃貸建物に対し、入居者様の仲介斡旋を行っております。また、当社が建設した賃貸建物以外の一般の賃貸住宅の仲介も行っております。
  併せて、フランチャイズ店の展開や全国の不動産会社との業務提携による「全国不動産会社情報ネットワーク」を組織し、複数の企業で仲介する体制をとっております。







賃貸管理



……



東建ビル管理㈱で受託契約した「賃貸管理業務」及び「経営代行業務」を当社に再委託する「サブリース経営代行システム（一括借り上げ制度）」により、当社では、オーナー様に代わって家賃回収、建物管理等を行っております。また、当社では、この事業システム以外の賃貸物件につきましても、オーナー様より賃貸建物管理業務を受託しております。
  東建ビル管理㈱は、「千種タワーヒルズ」及び「栄タワーヒルズ」の建物管理を行っております。





 


(３)その他













総合広告
代理店業



……



㈱東通エィジェンシーは、当社グループの広告宣伝を一手に担っており、テレビ・ラジオ・新聞・雑誌及び出版物の企画・制作、ビデオ・ホームページのコンテンツ制作を行うことで、より効果的なＰＲ戦略を実施し、リース建設事業等をサポートしております。







旅行代理店業



……



㈱東通トラベルは、当社グループ及びグループを取り巻く取引先様を含めて、当社に対する求心力を高める観点から、各種イベントや会議における企画、提案等を行っております。







ゴルフ場・
ホテル運営



……



当社が所有する「東建多度カントリークラブ・名古屋」のゴルフ場施設及び「ホテル多度温泉」を東建多度カントリー㈱に賃貸し、同社がそれらの運営を行っております。また、東建リゾート・ジャパン㈱では、「東建塩河カントリー倶楽部」を所有し、運営しております。





 


 

事業の系統図は、次のとおりであります。

 




 

 

(注)  上記以外の子会社は、不動産賃貸事業を目的とした連結子会社１社（㈱東通エステート）、非連結子会社１社（一般財団法人刀剣ワールド財団）であります。"
1768,株式会社ソネック,2026-03-31,"３【事業の内容】

当社グループは、当社、連結子会社２社及び非連結子会社１社で構成され、建設事業、運輸事業を主な事業としており、兼業として不動産事業を営んでおります。

当社グループの事業に係る位置付け及びセグメント情報との関連は、次のとおりであります。

なお、次の事業区分は「第５ 経理の状況 １．連結財務諸表等 (１)連結財務諸表」の注記事項（セグメント情報等）に掲げるセグメント情報の区分と同一であります。

 

(1）建設事業

当社及び子会社 ㈱ＳＵＫＯＹＡＫＡで建設事業を営んでおります。

① 建築部門

民間工事については、新築・増改築を問わず、会社・工場、病院・福祉施設、サービス業から製造業、個人に至るまで幅広い業種の顧客を有しております。基盤的技術の習得と、多能型技術社員の育成により品質面を安定させ、小回りのきく展開を図っております。

② 土木部門

工事の大半が公共工事であるというのが特徴です。工事の種類は河川、遮音壁、道路、下水道、土地造成が主なものです。官公庁工事については中央官庁、その他の外郭団体から兵庫県及び兵庫県下の市・町に至るまで官公庁取引の窓口が広いことが特徴となっております。

③ 不動産部門

兼業として不動産事業を営み、不動産の販売及び不動産の賃貸を行っております。

 

(2）運輸事業

子会社 ケミカル運輸㈱で一般貨物自動車運送事業及び貨物運送取扱事業を営んでおります。事業所は本社及び、山口県に山口営業所を構えています。主な積載物は、二硫化炭素、液体硫黄、燃料添加剤、水処理薬剤をタンクローリー車で運搬し、粉体化成品、ドラム缶製品等を一般トラック車で輸送しています。

 

事業の系統図は、次のとおりであります。"
176A,レジル株式会社,2025-06-30,"３ 【事業の内容】

当社グループは、当社及び連結子会社（中央電力ソリューション株式会社及び中央電力エナジー株式会社）の計３社で構成されており、主にマンション向けに受変電設備設置による電力供給を行う分散型エネルギー事業、法人の脱炭素化支援や電力供給を行うグリーンエネルギー事業、電力会社等のエネルギー企業の後方業務のDXによる業務改革支援を行うエネルギーDX事業を主な事業として取り組んでおります。

各事業セグメントの内容並びに当社及び関係会社との関連は以下のとおりであります。なお、以下に示す事業区分は、「第５ 経理の状況 １ 連結財務諸表等（１）連結財務諸表 注記事項（セグメント情報等）」に掲げるセグメント情報の区分と同一であります。

 

１．事業内容について

（１）分散型エネルギー事業

分散型エネルギー事業は、「マンション一括受電サービス」を主力サービスとして展開するほか、それに付随して発生するマンション顧客に対する各種サービス（その他サービス）を提供しております。

なお、当該事業は、将来において、後述の「マンション防災サービス」にて設置・展開する太陽光発電設備及び蓄電池設備等の「分散型電源設備」を集約・ネットワーク化することによる事業展開も中長期視点で志向した事業を推進しております。

 

 ①マンション一括受電サービス

マンション内に地域電力会社が設置する受変電設備を当社グループにて入れ替えることで、マンション単位で商業ビル同様に高圧の電力を調達し、当社グループが設置した受変電設備にて一般家庭向け低圧電力に変換し、マンション各世帯や共用部分等へ電力を供給しております。

当該サービスを適応しないマンションは、各世帯が低圧電力の電気料金を支払っている一方、当該サービスはマンションの各世帯等に高圧料金を基にした電気料金を提供し、地域電力会社から各世帯（専有部分）及び共有部分が低圧電力を受電する場合と比較して、マンション全体での電気料金削減を可能とする仕組みであります。

本仕組みによる電気料金の削減メリットを原資（割引原資）として、マンション各世帯や共用部分に各地域の大手電力会社の料金をベースとした割引率という形で還元を行っております。

 

＜マンション一括受電サービスにおける電力供給の流れ＞




 

（サービス導入にかかる初期投資は不要であること)

一括受電サービス（及び後述のマンション防災サービス）は、顧客のサービス利用にあたっての初期投資を不要とし、必要な設備は当社グループの資産として保有、電気料金としてサービス料金を回収するモデルを構築しております。

顧客マンションへのサービス導入には、マンション管理組合の総会決議に加えて、全世帯によるサービス利用申込が必要となるものでありますが、初期投資が不要であることを訴求することにより、顧客のサービス導入における意思決定のハードル引下げを図っております。

 

（長期契約に基づくストックビジネスであること)

当連結会計年度末時点におけるサービス利用顧客は、2,618棟（245,604戸）であります。当該サービスは顧客マンションごとに設備機器を調達・設置することから、導入に際しては10年又は15年間の長期契約を締結（期間終了後は２年又は３年ごとの更新）しております。また、上記期間を経過した顧客を含めて、2004年11月のサービス開始以降における解約実績は１棟のみとなっており、長期に及ぶ安定収益を確保するストックビジネスを構築しております。

なお、当社グループの過去５期間におけるサービス提供顧客数の推移は以下のとおりであります。
















 



2021年３月期



2022年３月期



2023年６月期



2024年６月期



2025年６月期







サービス提供顧客数



2,191 棟

174,347 戸



2,203 棟

175,045 戸



2,215 棟

175,866 戸



2,245 棟

178,502 戸



2,618 棟

245,604 戸





 


 

（「マンション防災サービス」の推進)

当社グループは、「マンション一括受電サービス」を基盤とし、マンション一括受電サービスにおいて設置する高圧受変電設備等に加えて、割引原資を太陽光発電及び蓄電池等の分散型電源設備の設置に充当することにより、平常時における電力供給のみならず災害発生に起因する停電時等においても電力供給を行う「マンション防災サービス」を2023年４月より開始しております。

当該サービスは、設備等は自社保有とし、顧客より受領する電気料金により当該コストを回収する仕組みであり、顧客に対してはマンション一括受電サービスの高付加価値サービスとして、主に新築マンションを対象に提供をすすめていく予定であります。

 

②その他サービス

マンション一括受電サービスの提供顧客向けに提供する各種サービスであり、マンション内の各種電気設備の改修工事（当社保有設備を除く）、ガスの小売販売及び取次販売、他社サービス（掃除代行、インターネット回線等）の紹介等であります。

 

＜分散型エネルギー事業の事業概要＞

分散型エネルギー事業では、当社向け電力調達及び顧客マンションへの電力供給等のサービス提供について、中央電力エナジー株式会社がその電力調達の一部を、中央電力ソリューション株式会社が当社設備（受変電設備等）の設置工事・保守・点検等の業務や、当社保有設備を除くマンション内の各種電気設備の改修工事をそれぞれ行っております。

 




 

 

（２）グリーンエネルギー事業

グリーンエネルギー事業は、再生可能エネルギーを中心とした電力小売サービスを展開しております。当該事業においては、主に当社が電力の調達及び顧客に対する電力供給（販売）を行っておりますが、一部調達及び供給は中央電力エナジー株式会社にて同様に実施しており、特に電力調達主体を２社体制とすることにより、効率的かつ良好な条件での調達に努めております。

 

①電力小売サービス

主に中小企業を対象とした電力供給サービスであり、外部調達した電力を大手電力会社と比較して廉価にて顧客へ供給（販売）しております。当社グループにおいては、顧客の多くを占める関西エリア及び関東エリアを中心に全国（沖縄県を除く）にてサービスを展開しております。

顧客企業等に対しては、高圧電力、低圧電力及び特別高圧電力を提供しております。主力と位置付ける高圧電力にかかる料金体系については、大手事業者の標準的な料金体系に準拠した「固定型料金プラン」（電力量単価（従量部分）が固定）及び電力量料金が電力卸取引市場（JEPX）の取引価格に連動する「市場価格連動型料金プラン」の２つの料金プランを中心に、顧客ニーズに応じた料金プランを提供しております。

また、当社グループの分散型エネルギー事業のマンション向けの電力調達の一部についても本事業にて実施しております。夜間に電力を多く利用する傾向のマンションのまとまった需要と、昼に電力を多く利用する傾向の法人企業の需要を組み合わせることで、安定的な電力調達を図っております。

 

（最適な電力調達の推進）

当社グループは、電力調達先である電力事業者との取引等を通じた関係強化を図り、安定調達及び有利な調達条件の確保に努めております。また、複数の電力会社や発電事業者等の異なる調達先を確保することにより、多様な電力需要及びその変化に柔軟に対応する調達体制を構築しております。

価格変動リスクの高い市場調達への過度な依存を避け、良好な条件による固定調達契約により必要量を確保していくことを基本としており、卸電力取引所（JEPX）からのスポット調達等を含めて様々な電力調達を組み合わせた最適化を図っております。なお、電力の調達エリアと電力の供給を受ける顧客の属するエリアが異なる場合には、電力卸取引市場において一旦調達したエリアで売却したうえで、供給先となるエリアで電力を購入し供給することとなります（当該取引を「間接オークション取引」といいます）。当該取引は会計上、売上高及び売上原価の双方に計上されております。

また、近年サービスに占める割合が上昇している「市場価格連動型料金プラン」向けの電力調達は、卸電力取引所より調達することを基本とし、当社グループにおける電力価格変動リスクの低減を図っております。

 

（再生可能エネルギーの取扱い拡大）

当社グループは、法人小売サービスにおいて供給する電力について、将来的には「非化石証書（※1）」購入等により全量を再生可能エネルギー（実質を含む）とする方針であります。顧客契約時の同意に基づき供給量に応じて同証書を調達しており、当連結会計年度末時点における非化石電源の割合は100.0％（契約数ベース）であります。

（※1）非化石電源で発電された電力が持つCO2を排出しないという環境価値部分を分離して取引ができるように証書化したもの

 

②自己託送支援サービスからの撤退

当社グループは、マンション一括受電サービス向けの電力調達及び外部顧客向けの再生可能エネルギー電力供給を目的として、2021年10月に三菱ＨＣキャピタル株式会社との合弁により合同会社リネッツ（現：MHCリニューアブルネットワークス株式会社）を設立し、サービスを提供しておりました。しかし、外部環境変化による採算悪化が想定される状況が生じたため、2023年12月に当社出資持分の譲渡により合弁を解消し、既に設置済みの設備についての合同会社リネッツ（現：MHCリニューアブルネットワークス株式会社）との取引は継続するものの、外部顧客向け自己託送支援サービスからは撤退しております。

 

 

（３）エネルギーDX事業

エネルギーDX事業は、主にエネルギー業界の事業者向けの業務受託サービスを提供しております。自社設備の保安・点検業務のリソースを活用した「電気保安管理サービス」及び当社グループの分散型エネルギー事業やグリーンエネルギー事業のために開発したシステムや業務フロー等をBPaaS（Business Process as a Service、通称：ビーパース）（※1）形態により顧客企業に提供する「DX支援サービス」を展開しております。

当該事業においては、当社が顧客に対するDX支援サービスの提供を、中央電力ソリューション株式会社が顧客に対する電気保安管理サービスの提供を、それぞれ実施しております。

（※1）BPaaS（Business Process as a Service)とは、Software as a Service（ソフトウェア・アズ・ア・サービス。サービス提供事業者側で稼働しているソフトウェアを、インターネット等のネットワークを経由して、ユーザーが利用できるサービスのこと。）における“ソフトウェア”が“ビジネス・プロセス”に置き換わっており、業務プロセスそのものを提供するサービスを指すもの

 

①電気保安管理サービス

顧客となる一括受電事業者（同業）及び一般の高圧需要家より、高圧受変電設備等の電気設備の保安・点検業務等を受託しております。顧客が設置する電気設備について、法令及び保安計画に基づく定期（年次・月次）点検等を実施しており、点検結果等の経年履歴をデータベース化し、設備更新計画の策定を含む最適な設備管理を実施しております。

なお、電気設備の保安業務については、高圧電力の需要地点毎に主任技術者（有資格）を選任する必要があり、業務実施においては当社在籍技術者による形態及び外部技術者（個人事業主等）の仲介形態があり、後者は中央電力ソリューション株式会社において、外部技術者より顧客に対する料金請求や顧客窓口等の業務を受託しております。

 

②DX支援サービス

エネルギー関連企業を主たる顧客として、料金請求・収納代行業務や問合せ・コールセンター業務等の各種後方業務にかかる業務受託サービスを提供しております。

当該サービスは、当社グループの業務運営を通じて構築した業務オペレーションやシステムツール（料金計算システムや顧客管理システム等）をBPaaS（Business Process as a Service）形態で提供するほか、顧客業務内容及び課題等に応じた業務効率化や改善等にかかるコンサルティングも実施しております。

当該サービスにかかる対価は、顧客企業のエンドユーザー数や当社グループが提供する席数（人員数）に応じて決定しております。顧客企業がサービス拡大した場合には当社グループの収益の拡大にも繋がる仕組みとなっております。

 

当社グループ全体の事業系統図は以下のとおりであります。

 




 

分散型エネルギー事業では、当社が顧客に対して電力の供給を行っております。グリーンエネルギー事業では、当社又は中央電力エナジーが電力調達を行い、顧客に電力を供給しております。エネルギーDX事業では、当社がDX支援サービスを顧客に対して行っているほか、中央電力ソリューションが電気設備保安サービスを提供しております。

また、セグメント間の内部取引として、分散型エネルギー事業に対して、グリーンエネルギー事業は調達した電力の一部を供給し、エネルギーDX事業は電気保安管理サービスを一部提供しております。

 

（注）中央電力ソリューション株式会社は、2025年７月１日付でレジル電気保安株式会社に社名変更しております。"
1770,藤田エンジニアリング株式会社,2026-03-31,"３【事業の内容】

当社グループは、当社及び関係会社（連結子会社６社及び非連結子会社２社）で構成されており、建築付帯設備工事を施工する建設事業、産業用機器の販売並びに情報通信機器の施工・販売及びソフトウエアの開発・販売をする機器販売及び情報システム事業、空調設備等の営繕・保守・据付をする機器のメンテナンス事業、電子部品の製造事業等を主な内容として事業活動を展開しております。

事業内容と当社及び連結子会社６社の当該事業内容に係る位置付けは、次のとおりであります。

なお、次の４部門は、「第５ 経理の状況 １ 連結財務諸表等 (1）連結財務諸表 注記事項（セグメント情報等）」に掲げる報告セグメントの区分と同一であります。

建設事業 ：当社がビル設備工事、産業設備工事及び環境設備工事を施工し、㈱群工が建築・外壁工事を行い、FUJITA ENGINEERING ASIA PTE.LTD.が建設事業に帰属する資産の管理を行っております。

機器販売及び情報システム事業：藤田ソリューションパートナーズ㈱が産業用機器の販売並びに情報通信機器の施工・販売及びソフトウエアの開発・販売を行っております。

機器のメンテナンス事業 ：藤田テクノ㈱が空調設備等の修理・保守並びに据付を行い、FUJITA TECHNO MALAYSIA SDN.BHD.が空調設備等の管理指導及び営繕工事を行っております。

電子部品製造事業 ：藤田デバイス㈱が電子部品の製造・加工及び装置開発を行っております。

以上述べた事項を事業系統図によって示すと次のとおりであります。"
1771,日本乾溜工業株式会社,2025-09-30,"３ 【事業の内容】

当社グループは、当社、連結子会社８社（佐賀安全産業株式会社、株式会社旭友、株式会社大邦興産、株式会社ニチボー、株式会社西部保安、株式会社開発工業、光栄産業株式会社、大正工業株式会社）、非連結子会社1社（西部工産有限会社）の計10社で構成されており、当社及び当社の関係会社で行っている主な事業内容は次のとおりであります。

なお、当社グループが営んでいる事業はセグメントと同一の区分であります。

 














セグメントの名称



区分



主たる業務



会社名







建設事業



工事



交通安全施設・法面・環境メンテナンス工事の施工



当社
佐賀安全産業㈱
㈱旭友

㈱大邦興産

㈱西部保安

㈱開発工業

光栄産業㈱







地盤改良・地すべり対策・法面工事の施工



㈱ニチボー







販売



交通安全施設資材・土木資材等の販売



当社
佐賀安全産業㈱
㈱旭友

㈱大邦興産







製造



環境型自然土防草舗装材の製造・販売



当社







各種自動車の修理・販売、杭打機の製造・販売、ガードレール設置用土木建設機械の製造・販売



大正工業㈱







防災安全事業



販売



防災安全衛生用品・保安用品等の販売



当社
佐賀安全産業㈱
㈱旭友

㈱大邦興産





 


 

 

 

事業の系統図は、次のとおりであります。"
1777,川崎設備工業株式会社,2026-03-31,"３ 【事業の内容】

当社グループは、当社、親会社１社で構成され、空気調和、冷暖房、給排水衛生設備、電気工事業を主に営んでおります。

当社グループの事業に係る位置づけは、次のとおりであります。


親会社

株式会社関電工は、当社の親会社であり、取引先等の設備工事に関して当社と営業・工事施工の連携を行っております。


当社

日本全国において、空気調和、冷暖房、給排水衛生設備、電気工事等の事業活動を行っております。

 

当社は単一の業種であり、セグメントの内容は下記のとおりであります。

東部

東部地区を中心とした東部支社他

中部

中部地区を中心とした中部支社、豊田支店、岐阜支店他

西部

西部地区を中心とした西部支社、神戸支店他

 

事業の系統図は、次のとおりであります。

事 業 系 統 図"
177A,コージンバイオ株式会社,2026-03-31,"３ 【事業の内容】

当社グループは、当社、国内連結子会社(エンバイオ株式会社)１社、海外連結子会社(孝仁生物控股(香港)有限公司、高金生物科技(上海)有限公司)２社及び持分法適用関連会社(味の素コージンバイオ株式会社)１社の計５社で構成されており、細菌検査用培地（注１）、体外診断用医薬品、細胞培養用培地の製造・販売、及び細胞加工の受託を主な事業として取り組んでおります。

当社及び当社の関係会社の事業における位置付け及びセグメントとの関連は、次のとおりであります。なお、以下に示す事業の区分は「第５ 経理の状況 １ 連結財務諸表等 （1）連結財務諸表 注記事項」に掲げるセグメントと同一であります。

 

組織培養事業

組織培養事業では、ヒト、動物、昆虫などの細胞を増殖させることを目的とした細胞培養用培地の開発・製造・販売をしております。細胞培養用培地は、アミノ酸、ビタミン、脂肪酸、微量金属、無機塩などから構成される溶液で、ヒトや動物の血液成分であるウシ血清（FBS）などを添加して使用する基礎培地と血清の添加を必要としない無血清培地に分類することができます。

基礎培地は、1960年代の細胞培養の研究の黎明期に開発された培地で、含有される成分のすべてが公開されていることがその特徴となります。こうした基礎培地は十数種類存在し、基礎研究を中心に世界中の大学、企業等で使用されております。一方、無血清培地は、1986年に狂牛病（BSE）の存在が確認されたことを受け、ウシ血清等を研究等に使用することへの安全性の確保が難しくなったことを背景に開発が進められた培地であります。基礎培地の組成が公開されているのに対し、無血清培地は各社の技術の粋を集めたもので、基本的に組成は非公開とされております。加えて、基礎培地は血清を添加することで、複数種類の細胞を培養できるのに対し、無血清培地は細胞の種類ごとに専用の培地が存在している点も基礎培地と無血清培地の大きな違いであります。

ウシ血清等を添加している基礎培地が安価であるのに対し、無血清培地は血清の代替として、高額な細胞増殖因子を添加しているため、価格帯は高額となります。しかしながら、血清を添加している基礎培地にはウイルスのコンタミネーション（注２）の懸念があるのに対し、無血清培地では、ウイルス等の外来因子の排除が可能なことから、高額であっても再生医療の研究開発に欠かせない製品となっており、当社としては無血清培地の開発と販売に注力しております。

これまでは、細胞培養用培地は研究用としての使用が主流でありましたが、近年では、再生医療分野や抗体医薬品の製造などにも多く使用されるようになってきたことから、その市場規模は数年間で急速に成長を続けており、さらに大きな市場に拡大していくと予想しております。特に再生医療分野におきましては、幹細胞、免疫細胞が注目されており、これらの細胞はアンメットメディカルニーズ（注３）の治療領域を満たすものとして、世界中で盛んに研究が行われております。その中でも間葉系幹細胞（注４）は、こうした再生医療に使用される細胞としては最も有力な細胞の一つであり、当社もKBM ADSCシリーズとして2014年から発売を開始し、主力製品の一つとなっております。また、免疫細胞に代表されるＴ細胞は、遺伝子改変細胞（注５）のターゲットとなっており、最新のがん治療薬として開発が進められております。当社は、こうした免疫細胞を培養する培地の開発を最も得意としており、KBM500シリーズとして販売されている免疫細胞培養用培地は、末梢血から単離したPBMC（注６）から目的の細胞であるT細胞やNK細胞を培養した際に、有効な細胞増殖性能があると大学や企業を含む顧客よりご評価いただいております。

これら培地に加えて、当社は、脳梗塞等の治療で注目される神経幹細胞（注７）を培養するKBM Neural Stem Cell（注８）、様々な組織を作製する上で必須となる血管網の構築を促す血管内皮細胞を培養するKBM VEC-1（注９）、皮膚の再生に必要となる表皮角化細胞を培養するKBM NHEK-XF2（注10）など、再生医療に関連する製品を多数ラインナップしております。

今後の開発の方向性といたしましては、抗体医薬品の70％以上がCHO細胞（注11）により生産されていること、CAR-T細胞（注12）等の遺伝子改変細胞を作製するために使用されるウイルスベクター（注13）の生産のほぼすべてはHEK293細胞（注14）と呼ばれる細胞株が使用されていることから、これらの産業利用される細胞培養用培地の市場規模は、数年でさらに大きく成長すると予想しており、これらの開発に注力しております。これら培地は、無血清培地でありながら、細胞増殖因子を含まず、アミノ酸、ビタミン、微量金属などの化学合成物質のみから構成されるChemically Defined（CD）培地で、非常に開発が困難な培地ですが、CHO細胞用培地は現在上市しております。また、HEK293細胞培養用培地に関しましても開発は順調に進んでおり、来年度上市を予定しております。さらに、こうした培地は使用量が数千リットルから数万リットルと大量なため、国内外を問わず粉末での供給が一般的ですが、そうした技術開発にも成功しております。

再生医療市場は、2020年には0.6兆円であったところ、2040年には11.6兆円の予測（再生医療・遺伝子治療の産業化に向けた基盤技術開発事業 中間評価 技術評価報告書（2023年３月 産業構造審議会 産業技術環境分科会 研究開発・イノベーション小委員会評価ワーキンググループ））となっており、市場規模は拡大傾向にあります。

 




※組織培養事業が担うのは赤枠内

 

(注) １．培地は、微生物や生物組織（細胞）が成長しやすいよう人工的に作られた環境を提供するもの。寒天などで固められた固体培地や、液体状で存在する液体培地などがあり、生育させる微生物、細胞の種類により、培地の成分形状は異なる

２．細胞や微生物などを人工的に培養するときの、微生物などによる汚染

３．未だ満たされていない医療ニーズ、つまり、未だ有効な治療方法がない疾患に対する医療ニーズ

４．間葉系幹細胞は、生体内に存在し、骨芽細胞、軟骨細胞、脂肪細胞等に変化できる細胞で膝関節の治療をはじめとする様々な損傷治療に使用できる細胞として注目されている

５．細胞の機能を決定する遺伝子を導入し、これまでにない機能等を与えられた細胞の総称

６．PBMC（Peripheral Blood Mononuclear Cellsの略）は、末梢血から分離される単核細胞で、T細胞、B細胞、NK細胞、単球及び樹状細胞などの多様なリンパ球を含む

７．神経幹細胞は、脳の中に存在する幹細胞で、ニューロンといった神経機能を担う細胞に変化する能力を持ち、こうした機能から筋萎縮性側索硬化症（ALS）といった難病の治療が期待される細胞

８．KBM Neural Stem Cellは、神経幹細胞を培養するための当社製品

９．KBM VEC-1は、血管の内側に存在する血管内皮細胞を培養するための当社製品

10．KBM NHEK-XF2は、ヒトの皮膚の元を作り出す表皮角化細胞を培養するための当社製品

11．CHO細胞（Chinese Hamster Ovaryの略）は、チャイニーズハムスターの卵巣に由来する上皮細胞で、組換えタンパク質の生産によく使用される

12．CAR-T細胞は、T細胞にChimeric Antigen Receptor（CAR）を導入した遺伝子改変細胞で、がんに対する攻撃力を高めた細胞

13．ウイルスベクターは、細胞内に効率的に遺伝物質を運び込むために、ウイルスの感染能力を利用して作製されたツール

14．HEK293細胞（Human Embryonic Kidneyの略 ）は、ヒト胚性腎臓細胞から作製された細胞で、組み換えタンパク質やウイルスを増幅させるために使用される細胞

(主な関係会社) 当社、高金生物科技(上海)有限公司及び味の素コージンバイオ株式会社

 

 

微生物事業

微生物事業では、感染症や食品汚染の原因となる微生物を特定するための製品の開発と製造・販売を行っています。目に見えない微小な微生物を特定するためには、微生物に由来する物質を着色したり、微生物そのものを増殖させたりして、人が視覚的に確認できるようにする必要があります。

○細菌検査用培地

当社は、創業から長年培った微生物そのものを増殖させる細菌検査用培地の製造ノウハウを保持しており、KBMブランドとして多くの製品群を市場に提供しております。

微生物の増殖のためには、目的とする微生物にとっての最適な環境を整える必要があります。一定の栄養素（アミノ酸、糖質、無機塩類）に加え、特定の栄養素（ビタミン等）や血液を発育成分として要求する微生物、酸素の有無や二酸化炭素濃度（酸化還元電位）、水素イオン濃度（pH）なども微生物によって異なります。従って、ある特定の微生物の生育に適した環境を人工的に模造することで、微生物を選択的に増殖させることも可能であり、このような微生物の培養に適した環境を与える材料を容器に閉じ込めた製品が細菌検査用培地であります。

細菌検査用培地は、用途に応じて、液体、固体、半流動の状態で利用されます。試料（検体）に含まれる微生物の数を知りたい場合等には固形の細菌検査用培地を、試料（検体）中に含まれる微生物の数が少なく速やかな増殖を期待する場合には液体の細菌検査用培地を、微生物の性状を知りたい場合等には半流動の細菌検査用培地を用います。また、細菌検査用培地は、抗生物質に感受性なのか耐性なのかを判断する場合等にも利用されます。このように細菌検査用培地は、微生物の種類や医療（感染症）、食品（病原菌）、製薬・化粧品（品質）などの検査の目的により、様々な種類の製品が存在し、当社においては2026年３月期に年間300品目を超える細菌検査用培地等を製造販売しております。

○体外診断用医薬品

体外診断用医薬品は、身体を直接の被検体とせずに、人に由来する試料を検体とし、検体中の物質等を検出又は測定することにより、診断に用いることの出来る医薬品です。製品として販売する場合は、厚生労働省のガイドラインに基づいた審査を受け、承認基準に適合する必要があります。当社は、微生物に由来する物質を可視化するため、抗原抗体反応を利用した検査キットを開発し、体外診断用医薬品の認可を受けた製品化に成功いたしました。この検査キットは、抗体を結合させた金コロイド粒子（粒子径10nmから100nm程度の金の粒子）の共鳴反応が関与しており、金コロイド粒子の集積に基づく発色技術（注）が使用されています。また、抗体は病原体に由来する物質と特異的に反応するため、対象微生物の特定も可能となります。従って、様々な感染症の原因となる微生物を特定するための製品群を開発することが可能となります。近年では、新型コロナウイルス感染症の抗原を検査するためのキット「KBMラインチェックnCoV(スティックタイプ)」が、体外診断用医薬品として製造販売許可申請が承認され、ひいては、国からの増産要請を受けて月産最大約20万検体分の製造を行うことで、未曽有の感染拡大を続ける新型コロナウイルス感染症の拡大防止に向けた製品提供を果たしました。また、新型コロナウイルス感染症とインフルエンザを同時に検出する体外診断用医薬品「KBMラインチェックnCoV/Flu」の発売も開始しました。さらに、インフルエンザのA型とB型を区別するための「KBMラインチェックFlu AB」、小児の呼吸器感染症の原因ウイルスであるRSウイルスを判別する「KBMラインチェックRSV」も体外診断用医薬品として製造販売を続けています。また、これらの製品に加え、新たに自己免疫性肺胞蛋白症の診断の補助を目的として、血清中の抗GM-CSF抗体を検出するために使用される抗GM-CSF抗体キット「KBMラインチェック APAP」の製造販売を開始しました。これらの抗原検査キットは、方法が簡便であるにも関わらず、15分程度で結果が得られることから、迅速検査が望まれる医療施設や臨床検査センターなどで利用されています。近年では、新型コロナウイルス感染症抗原検査キットに加え、新型コロナウイルス感染症とインフルエンザの同時抗原検査キットが薬局での販売も可能となり、国民の健康維持には欠くことの出来ないアイテムとして認知されています。

新型の感染症が問題視される一方で、未だ世界規模で流行している感染症も多くあります。エイズ、結核、マラリアは、「三大感染症」と呼ばれています。2000年の世界保健総会において、「ストップ結核パートナーシップ」 が発足しました。WHOが中心となり、2050年までに世界の結核を100万人に一人まで減らすことが目標として策定され、日本国内においても、「ストップ結核ジャパンアクションプラン」が策定されています。当社は、発育の遅い結核菌のための培養技術の改善を目指し、国内の研究機関と連携した製品開発を進めております。また、世界規模のマラリア対策を進めるため、WHO、UNICEF、UNDP、世界銀行が中心となって「ロールバック・マラリア・パートナーシップ」 が設立され、死亡率及び有病率の半減が目標として掲げられました。当社は、マラリア診断に寄与すべく、血液を試料とする抗原検査キットの開発に着手しております。また、研究用試薬となりますが、近年東南アジアを中心に猛威を振るっているNDM型カルバペネマーゼ産生菌（薬剤耐性菌）の検査キット（KBMラインチェックNDM）の開発に成功し、開発途上国の抱える課題の解決に取り組んでおります。抗原検査キットは、簡便かつ迅速な手法であることから、電源事情の悪い地域での活用が期待されております。

微生物製品の開発や製品化においては、現在も共同研究やOEM受託等も積極的に行い、微生物検査を取り巻く市場や顧客ニーズの変化に対応した製品を提供し続けています。

 




（注）金コロイド粒子の集積に基づく発色原理：金属に光が当たると、金属表面の電子がその影響を受けて集団的な振動が起こります。振動と入射した光とが共鳴すると、特定の波長の光（緑色）が強く吸収されるようになります。その結果、金コロイド粒子が、一定の波長の光（赤色系）を帯びて視認されるようになります。

(主な関係会社) 当社及びエンバイオ株式会社

 

細胞加工事業

細胞加工事業では、「再生医療等の安全性の確保等に関する法律」（以下「再生医療等安全性確保法」という。）における再生医療の健全な普及に向け、特定細胞加工物製造受託及び再生医療等法規対応サポートを行っています。

○特定細胞加工物製造受託

免疫療法や幹細胞治療等の再生医療等を提供されている医療機関より依頼を受けて、厚生労働省より許可を得た細胞培養加工施設（施設番号：FA3190002、細胞培養加工施設の名称：コージンバイオ株式会社 埼玉加工センター）にて、当該医療機関が患者より採取した組織を預かり、特定細胞加工物の製造を受託しております。

特定細胞加工物とは、再生医療等安全性確保法第２条で、「再生医療等に用いられる細胞加工物のうち再生医療等製品であるもの以外のもの」と定義されており、当社においては免疫細胞や幹細胞を中心に医療機関より受託しております。医療機関において採取された組織（血液や脂肪細胞等）を、当社の細胞培養加工施設にて受領し、そこから目的の細胞（免疫細胞や幹細胞）を取り出します。それら細胞をその管理項目に合った環境下において増殖させ、医療機関指定の細胞数まで増やしたうえで、医療機関からの指定日に合うように納品いたします。

特定細胞加工物の製造には、自社製の細胞培養用培地を使用しており、組織培養事業と連携することで、双方の技術開発及び、製品の品質向上に努めております。培地の製造メーカーである当社が、自社製の細胞培養用培地を用いて特定細胞加工物の製造を行い、さらに、自社製の細菌検査用培地を用いて品質管理試験を行うことで、費用を抑えることができ、柔軟な価格設定が可能となります。そこで、再生医療を身近な医療として認知度を高め、治療の医療負担を軽減させることを目的に、特定細胞加工物を医療機関へ提供しております。

2022年７月からは、東京大学医学部附属病院との社会連携講座「臨床幹細胞生物学講座」を通じて、細胞治療のメカニズム究明やエビデンス取得のための臨床解析を行っております。

また、共同研究の成果といたしましては、三重大学大学院 医学系研究科 個別化がん免疫治療学のグループにて開発されたトリプルネガティブ乳がんに対し、GD2を標的としたCAR-T細胞を用いた医師主導型治験における治験薬の製造を予定しております。

○再生医療等法規対応サポート

医療機関が患者に再生医療を提供する場合、再生医療等安全性確保法に基づき、製造委託の有無や細胞培養加工施設に関する情報を含め、提供しようとする再生医療のリスクに応じた再生医療等提供計画を作成し、認定再生医療等委員会の意見を付して、厚生労働大臣に提出することが義務付けられております。かかる法的手続きなどを経ないまま、再生医療等の提供あるいは特定細胞加工物の製造は医療機関においては法律違反となり、罰則が科されることとなります。

 




(主な関係会社) 当社

 

事業の系統図は、次のとおりであります。"
1780,株式会社　ヤマウラ,2026-03-31,"３ 【事業の内容】

当社の企業集団は、当社、子会社(ヤマウラ企画開発㈱)、その他の関係会社(㈱信州エンタープライズ)で構成されており、建設事業、エンジニアリング事業及び開発事業等を主な内容とした事業活動を展開しております。

当社グループの事業内容及び位置付けは次のとおりであり、「連結財務諸表注記」に掲げるセグメント情報の区分と同一であります。

 

 




 

建設事業












建築部門



民間での事務所・工場・店舗等の新築・増改築、住宅・マンション等の建築工事、国・地方公共団体等が発注する公共建築工事を行っており、一部の公共建築物等ではデサイン＆ビルド方式による一括請負工事を行っております。また、技術部門を強化し、建設DXのアーリーアダプターとして、BIMをはじめ３Dレーザースキャナーでの現場環境のデジタル化等IoT技術を駆使して、ZEHやZEB等の環境対応の設計、耐震・免震構造技術、住宅・マンション等の新商品の開発、ZEH生産工場の生産性効率化や食品工場のHACCP(食品の総合的な衛生管理システム)対応の設計・提案、医療福祉施設等の技術提案型営業を通して受注を拡大しております。





 














土木部門



一般土木工事、橋梁工事、スノーシェルター工事、砂防や河川護岸工事等の防災工事、舗装・造園・水道工事等の請負、施工を当社が行っております。また、土木工事、橋梁工事の設計を強化し、CIMを取り入れながら、リフレッシュ工法(劣化コンクリート構造物の補修工法)等の独自商品による提案型営業により客先の開拓に努めております。さらに、トンネル工事といった新規分野の開拓、エンジニアリング事業部との連携による水力発電工事等、当社の総合技術力を最大限に活かした事業展開を図っております。

また、国土交通省に建設コンサルタント登録を行い、蓄積した技術ノウハウを活かし関連事業の一つとして土木コンサルティング事業を推進しております。





 


エンジニアリング事業












電気部門



自動制御装置、情報通信システム等の請負、設計及び製造・据付け、メンテナンスを当社が一貫して行っております。







工機部門



水管理機器、産業機械、橋梁上部工、小水力発電設備などの請負、設計及び製造・据付け、メンテナンスまで一貫して当社が行っております。また、社会インフラ関連設備で培った技術力を、産業機械、工場生産設備などのメカトロ関係分野も強化しております。





 


開発事業等












不動産開発事業

再生エネルギー事業ほか



首都圏を中心に不動産の売買、賃貸並びに宅地開発、分譲マンション、リノベーション事業を、主に当社とヤマウラ企画開発㈱が行っております。また、㈱信州エンタープライズも不動産売買及び賃貸を行っております。加えて、太陽光発電や水力発電の再生エネルギー事業も行っております。"
1783,株式会社ｆａｎｔａｓｉｓｔａ,2025-09-30,"３ 【事業の内容】

当社グループは、当社及び連結子会社８社（ＮＣ ＭＡＸ ＷＯＲＬＤ株式会社、株式会社ＳＰＡＣＥ ＨＯＳＴＥＬ、株式会社ハンドレッドイヤーズ、株式会社ＦＡＩＲＹ ＦＯＲＥＳＴ、合同会社ｆａｎｔａｓｉｓｔａ ｂａｔｔｅｒｙ１、他３社）により構成されております。

当社グループの事業内容とセグメントとの関連は次のとおりであります。なお、セグメントと同一の区分であります。

 

（１）リアルエステート事業

不動産売買、不動産売買に関する権利調整業務、自己保有不動産の活用並びに収益の見込める物件への投資

を行います。

（２）ヘルスケア事業

５-ＡＬＡ（５-アミノレブリン酸）を含む商品の流通と販売を行います。

（３）クリーンエネルギー事業

主に系統用蓄電所の建設運営（電力需給調整市場参画）を行います。

 

グループの事業の系統図は、次のとおりであります。




（注）１．不動産コンサルティング事業は、2024年６月30日に廃止しております。また、同事業を推進してきました株式会社ＮＳアセットマネジメントは、取引の縮小に伴い重要性がなくなったため、リアルエステート事業に含めて表示しております。

２．株式会社ＳＰＡＣＥ ＨＯＳＴＥＬによるホテル・民泊事業（ホテル：UNDER RAILWAY HOTEL AKIHABARA等）は、リアルエステート事業に含めております。"
1786,オリエンタル白石株式会社,2026-03-31,"３ 【事業の内容】

当社グループ（当社及び当社の関係会社）は、当社、子会社を合わせ10社により構成されております。

当連結会計年度において、当社グループが営んでいる事業の内容は下記のとおりであります。













セグメントの名称



事業内容



主要な会社







建設事業



・プレストレストコンクリートの建設工事及び製造販売

・ニューマチックケーソン、補修補強等の建設工事

・耐震補強建築工事の設計 施工、建設工事用資材の販売

・土木工事請負、建設機械の賃貸（オペレーター付）

・コンクリート構造物の調査・診断、技術指導



オリエンタル白石株式会社

株式会社タイコー技建

株式会社榮開発

株式会社デンカリノテック







鋼構造物事業



・橋梁等の鋼構造物の設計、製作、架設

・補修補強等工事



日本橋梁株式会社







港湾事業



・港湾、土木、建築工事



山木工業株式会社







その他



・太陽光発電による売電事業

・不動産賃貸事業

・インターネットによるホームページの企画、制作及び運営



オリエンタル白石株式会社

株式会社クリエイティブ・ラボ





 


 

（用語説明）

・プレストレストコンクリート

ＰＣ鋼材と呼ばれる高強度の鋼材を引っ張って(この作業を緊張といいます。)張力を与えた後にコンクリートと固定することで引っ張られていたＰＣ鋼材が元に戻ろうとしてコンクリートに圧縮力を与えることで、コンクリート部材の強度・耐久性を向上させる技術です。この技術により、コンクリートの最大の弱点(圧縮には強いが引張には弱い。)を克服することができます。

コンクリートの橋梁上部、落石から道路を守るロックシェッド等の防災設備、タンク、建築、舗装、既存構造物の補強など幅広い分野に利用されています。

・ニューマチックケーソン

ニューマチックケーソン工法（Pneumatic caisson method）のpneumaticは空気のcaissonは函（はこ）を意味します。日本では「潜函」工法とも呼ばれています。

地上で鉄筋コンクリート製の函（躯体）を構築し、躯体下部に作業室を設け、ここに地下水圧に見合った圧縮空気を送り込むことで地下水の浸入を防ぎます。

作業室内で地山を掘削・排土して、躯体を沈下させることで、橋梁や建造物の基礎として、また、下水ポンプ場、地下調整池、シールドトンネルの立坑、地下鉄や道路トンネルの本体構造物として幅広く活用されています。

 

事業の系統図は次のとおりであります。"
1787,株式会社ナカボーテック,2026-03-31,"３ 【事業の内容】

当事業年度末における当社グループは、当社及びその他の関係会社(三井金属株式会社)１社の２社より構成されております。

当社は、1951年の創業以来、防食のリーディングカンパニーとして歩み続けてまいりました。当社のパーパスは「ひたむきに防食技術を追求し、社会基盤の価値をまもり続けることにより、安全安心な日常を次代につなげます」であり、「いまある“価値”を次代へ！」をスローガンに、インフラ施設の長寿命化を図るための防食技術を提供することにより、持続可能な社会の実現に貢献することを使命としております。そのために、各種環境に曝されている構造物の腐食・劣化調査と解析・評価を行い、その結果に基づいた腐食対策の提案、防食設計、対策工事そして維持管理という総合的な防食システムの提供(以下「工事」)を主たる業務としております。また、防食関連材料や装置の製造・販売(以下「製品等販売」)も行っております。

当社は建設業法に則り、特定建設業許可のもとに、事業を行っております。

事業の活動組織は、事業本部のもと国内に製造調達統括部、支店、営業所を配置し、地域顧客に密着した様々な商品・サービスを提供できる体制としております。営業本部は将来に向けたマーケティングと新規事業の育成を担い、技術本部が新技術・新商品の開発や、それらの現場への適用促進を行っております。

事業区分としましては、対象施設別に港湾事業、地中事業、陸上事業、その他に区分しており、当該事業区分は、セグメント情報における区分と同一であります。

それぞれの事業区分において、電気防食、被覆防食、塗装の技術の中から環境及び対象施設に適した工法を選定し、工事及び製品等販売を行っております。また、電気防食技術を応用して冷却管の内面を防食する電解鉄イオン供給、海生生物の付着を防止する防汚の工事及び製品等販売も行っております。

 













事業区分



防食技術及びその応用技術



対象施設







港湾事業



(1) 電気防食



港湾施設及び船舶等

(岸壁、桟橋、護岸、沖合構造物、防波堤、取水・放水施設、沈埋トンネル、生簀、浮体構造物等)







(2) 被覆防食







(3) 塗装







地中事業



(1) 電気防食



地中埋設施設及び地上・地下タンク等

(ガス、水道、農業用水、工業用水、石油等の埋設管、タンク底板、地下タンク、基礎杭等)







 







 







陸上事業



(1) 電気防食



陸上施設及びプラント装置等

(復水器、熱交換器、冷却器、ポンプ、スクリーン、水門、ダム・堰、河川構造物、タンク内面、温水器・貯湯槽、水処理施設等)







(2) 被覆防食







(3) 塗装







(4) 電解鉄イオン供給







(5) 防汚







その他



(1) 電気防食



鉄筋コンクリート構造物等

(岸壁、桟橋、護岸、橋脚、橋梁等)







(2) 被覆防食





 


(注) 「防食技術及びその応用技術」に表示しております(1)から(5)の番号につきましては、次葉より記載しております「１．防食技術及びその応用技術の説明」の番号に対応しております。

 


１．防食技術及びその応用技術の説明


(1) 電気防食


① 腐食現象の概要

金属の表面は一見均一に見えますが、局部においてはその化学組成、組織、酸化皮膜、付着物等が異なっております。また、環境側でも含まれている各種のイオン濃度、溶存酸素濃度、温度等が異なります。これらの不均一性によって、局部的に電位の高低(陽極部と陰極部)を生じ、電池が形成されます。その結果、金属の中を電流は電位の高い方(陰極部)から低い方(陽極部)へ流れ、環境側では電位の低い方から高い方へ電流(腐食電流)が流れます。そして電位の低い部分で腐食(錆の発生)が起こります。

 




腐食の概念図

 

 


② 電気防食の概要

電気防食は、腐食が生じている金属表面に防食電流を流入させることで、腐食電流を消滅させる技術であります。

電気防食法には、防食電流を流す方式の違いにより流電陽極方式と外部電源方式があります。

流電陽極方式は、異なる金属間の電位差による電池作用を利用して防食電流を流す方式であります。鋼材を防食する場合は、より電位の低い金属であるアルミニウム合金(ＡＬＡＰ)、マグネシウム合金(ＭＡＧＮＡＰ)あるいは亜鉛合金（ＺＡＰ・ＺＩＮＡＰ)を取り付けます。これらの金属は鋼材に取り付けられると陽極となり、鋼材に防食電流を流し、腐食を抑制します。

 




流電陽極方式の概念図 港湾施設(鋼管杭)に取付けられた

アルミニウム合金陽極

 

外部電源方式は、直流電源装置と難溶性の電極を使用し、防食対象物と電極の間に直流電圧をかけて防食電流を流す方式であります。電極としては高珪素鋳鉄電極、白金めっきチタン、金属酸化物被覆電極(ＭＭＯ)等が使用されます。また、直流電源装置としては、一般的にシリコン整流器が使用されます。直流電源装置を稼働させるための電源の受電方法としては電力会社からの買電が一般的ですが、太陽光や風力等の自然エネルギーを利用することもできます。

 




外部電源方式の概念図 埋設管に対する外部電源方式の概念図



③ 電気防食システム

電気防食は、調査⇒設計⇒施工⇒維持管理⇒更新のサイクルで行われます。

それぞれの概要は次のとおりであります。

(調査)

構造物が設置される環境は、海水、淡水、土壌、コンクリート中と多岐にわたっており、それぞれの環境も地域、海域等により腐食や防食条件に及ぼす影響度が異なります。このため、構造物の腐食原因の調査、また、それぞれの環境に適合した電気防食設計を行うための環境調査を行っております。

(設計)

前記の調査結果を踏まえて、防食装置の仕様、数量、設置位置等を含め、より合理的で経済的な防食設計を行っております。

(施工)

調査、設計によって作成された仕様書に基づき施工計画書を作成し、これをもとに施工しております。

当社の主力工事である港湾施設(岸壁、桟橋等)の電気防食工事の場合、その大部分がアルミニウム合金陽極(ＡＬＡＰ)の取付工事であり、鋼矢板や鋼管杭の所定の位置に陽極を水中溶接にて取り付けております。

陽極取付完了後は、防食対象物の電位を測定して防食状態にあることを確認します。




港湾施設のアルミニウム合金陽極取付け概要図

 

 

(維持管理)

電気防食装置の耐用年数は、10年から50年の場合が大半ですが、港湾施設に取り付けられるアルミニウム合金陽極は、100年という長期耐用の製品もあります。

港湾施設の電気防食でアルミニウム合金陽極を取り付けた場合、防食状態が維持されているかを確認するため、防食対象物の電位を測定しております。また、定期的に陽極の実際の消耗状態を調査することも行われます。

ガス、石油、水道等の埋設管は、周辺の土壌環境の変化、他の埋設管の電気防食装置あるいは電車の軌道からの洩れ電流の影響等により電気防食施工当初と条件が変わる場合があり、当初の電気防食装置では防食状態が維持できない状態になることもあるので、定期的に電気防食装置の維持管理を行う必要があります。

維持管理の方法には、遠隔監視装置を電気防食装置に取り付け、電位測定や直流電源装置の稼働状態を確認する方法もあります。

(更新)

電気防食装置の所定の耐用年数が経過し、継続して防食対象施設の腐食防止を図る場合には、維持管理の結果をもとに、電気防食装置の更新工事を行っております。

 

 


(2) 被覆防食

被覆防食は、防食対象物を腐食環境から遮断する防食方法であります。岸壁、桟橋、護岸、橋脚等の鋼材の飛沫帯及び干満帯部分を防食テープ等の防食材及びＦＲＰやチタン、ステンレス等の保護カバーで覆って防食します。

当社では近年の環境問題の高まりを考慮して、無溶出性の特殊樹脂を防食層とした被覆防食工法を開発しております。




防食テープによる被覆防食工法 特殊樹脂による被覆防食工法



(3) 塗装

塗装も防食対象物を腐食環境から遮断する防食方法であります。石油タンクの外板、岸壁・桟橋、橋梁等に使用されている鋼材の腐食を特殊な塗料によって防食します。

 


(4) 電解鉄イオン供給

海水を冷却水として使用する復水器や熱交換器において、冷却水中に電解した鉄イオンを供給し、銅合金製の管板や冷却管内面に鉄皮膜を形成させて防食します。

移動式槽型鉄イオン供給装置は、トラックの荷台上に鉄電極を組み込んだ電解槽と直流電源装置を設置し、必要に応じて鉄イオンの供給を行うことが可能な装置であります。

 


(5) 防汚(海生生物付着防止技術)

臨海地帯に建設されている発電所の取水路、スクリーン、熱交換器内面においては、海水との接水面でフジツボやイガイ等の海生生物が付着し、装置の機能障害が生じる場合があります。

当社の防汚技術は、電気化学理論を利用した方法であり、対象物の表面に触媒と一体化したチタンシートを貼り付け、表面から微弱な電流を流すことにより海生生物の付着を防止させるものであります。

 

 


２．鉄筋コンクリート構造物の電気防食

コンクリート中の鉄筋は、通常はコンクリートの強いアルカリ性により表面に不動態皮膜という保護膜を作りサビることはありません。しかし、飛来塩分や凍結防止剤などがコンクリート中に浸透して、塩化物イオンが一定量以上になると不動態皮膜が破壊され、鉄筋の腐食が進行しサビを形成します。このサビがコンクリートを押し広げ、ひび割れや剥離などを生じさせます。

このコンクリート中の鉄筋の腐食についても電気防食で防止することができます。外部電源方式の「リボンメッシュ方式」は、リボン状のチタン製帯状陽極を溝切りしたコンクリートの中に埋め込み、直流電源装置を使用して鉄筋に防食電流を供給する方式で、多くの適用実績があります。

近年、流電陽極方式の「ＮＡＫＡＲＯＤ方式」を開発しました。犠牲陽極材と電解質層を収納するＦＲＰトラフをコンクリート表面にビス留めします。陽極材とコンクリート中の鋼材は導線でつなぎます。施工が簡便であることや外部電源方式に比べ，維持管理が容易であるといった特徴があります。

 




 

ＮＡＫＡＲＯＤ方式によるコンクリート構造物の電気防食

 

 

［事業系統図］

地域支店制をベースとした事業系統図は次のとおりであります。

 




 

(注) 各支店はそれぞれ、港湾、地中、陸上、その他の事業活動を行っております。"
1788,株式会社三東工業社,2025-06-30,"３【事業の内容】

当社グループ（当社及び当社の関係会社）は、当社、子会社２社及び関連会社１社により構成されております。

  当社グループは建設工事請負業を主たる業務としております。

当社グループの事業内容及び当社と関係会社の当該事業に係る位置付けは次のとおりであります。

なお、次の３事業は「第５ 経理の状況 １.連結財務諸表等 （1）連結財務諸表 注記事項」に掲げるセグメントの区分と同一であります。

（１）土木事業

当社は、一般土木、舗装、地下技術の三部署により構成されております。一般土木は、治山・治水工事、上・下水道工事、土地造成工事、港湾・空港関連工事、道路工事等の一般土木工事を担当しております。舗装は、用地・道路等の舗装工事、また岩盤等の緑化に有効な特殊緑化工事（バイオ・オーガニック工法等）を担当しております。地下技術は、地盤改良工事（ＪＳＴ工事）、連続地中壁造成工事（ＴＲＤ工事）、地下埋設管における高精度小口径管推進工事及びこれらに関する工法の研究開発、設備の改良等を担当しております。各部署の受注経路については、一般土木及び舗装は、発注者より直接受注する元請の場合と発注者より元請会社を通し、下請として受注する場合とがあります。地下技術は、発注者より元請会社を通し、下請として受注しております。当該事業は、当社、㈱古澤建設及び草津栗東火葬サービス㈱が携わっております。

（２）建築事業

当社は、事務所・庁舎、宿泊施設、店舗・工場、学校・病院等の一般建築工事を行っております。受注経路については、工事を発注者より直接受注する元請受注が大半であります。当該事業は、当社及び草津栗東火葬サービス㈱が携わっております。

（３）環境開発事業

当社は、環境等に関する企画、調査、設計、監理、工事及び運営と不動産の売買、賃貸、仲介、管理及び鑑定を行っております。当該事業は、当社及び㈱アンビエンタが携わっております。

 

［事業系統図］

以上述べた事項を事業系統図によって示すと次のとおりであります。"
1793,株式会社大本組,2026-03-31,"３ 【事業の内容】

当社グループは、当社、非連結子会社３社、関連会社１社及びその他の関係会社１社で構成され、建築事業、土木事業を主な内容とし、さらに環境整備事業、保険代理業等に関係する事業を営んでおり、各事業に係わる当社及び関係会社の位置付け等は次のとおりであります。
なお、次の建築事業及び土木事業は、「第５ 経理の状況 １財務諸表等 (1)財務諸表 注記事項」に掲げるセグメントの区分と同一であります。











(建築事業、土木事業)

当社が、建築工事全般から構成される建築事業及び土木工事全般から構成される土木事業を行っております。







(その他)

子会社であるテクノアシスト㈱が環境整備事業、関連会社であるクイント企画㈱が保険代理業等の経営を行っております。





 


 

事業の系統図は次のとおりであります。"
1795,株式会社マサル,2025-09-30,"３【事業の内容】

当社グループは、当社（株式会社マサル）及び子会社３社で構成され、主として建物の新築防水工事、改修工事、直接受注工事及び空調・冷暖房・給排水等の設備工事並びに排気装置を主体とした乾燥・塗装装置、集塵装置等の産業用機械の組立・設置・メンテナンスを展開しております。

当社グループの事業内容及び当社と子会社の当該事業に係る位置づけは次のとおりであり、次の２部門は「第５ 経理の状況 １ 連結財務諸表等 (1）連結財務諸表 注記事項（セグメント情報等）」に掲げるセグメントの区分と同一であります。

（建設工事業）

当社及び株式会社イノベイトが建物の新築防水工事、改修工事、直接受注工事の施工及び建築材料販売、機材のレンタル等を行っております。

（設備工事業）

株式会社マサルファシリティーズが空調・冷暖房・給排水等の設備工事の施工を行っております。

空気設備工業株式会社が排気装置を主体とした乾燥・塗装装置、集塵装置等の産業用機械の組立・設置・メンテナンスを行っております。

 

なお、新築防水工事、改修工事、直接受注工事及び空調・冷暖房・給排水等の設備工事を当社グループとして受注する仕組みを整えております。

 

以上述べた事項を事業系統図によって示すと次のとおりであります。"
1798,株式会社守谷商会,2026-03-31,"３【事業の内容】

当社グループ（当社及び当社の関係会社）は、当社、連結子会社５社で構成されており、建築・土木事業を主な内容とし、更に各事業に関連した事業活動を展開しています。

当社グループの事業に係わる位置付けは次のとおりです。

なお、次の３部門は「連結財務諸表 注記」に掲げるセグメント情報の区分と同一です。

建築事業

当社及び子会社の機材サービス株式会社、未来ネットワーク株式会社は建築事業を営んでいます。

土木事業

当社及び子会社の株式会社アスペック、丸善土木株式会社は土木事業を営んでいます。

不動産事業

当社及び子会社の守谷不動産株式会社は、不動産事業を営んでいます。

 

  事業の系統図は次のとおりです。"
1799,第一建設工業株式会社,2026-03-31,"３【事業の内容】

当社グループ（当社及び当社の関係会社）は、当社（第一建設工業株式会社）及び子会社２社で構成され、主として建設事業及び不動産事業を展開しており、当企業集団に係る位置づけは、次のとおりであります。

なお、次の区分は「第５ 経理の状況 １ 財務諸表等 (1) 財務諸表 注記事項」に掲げるセグメントの区分と同一であります。

 

（１）建設事業

当社が建設工事の施工を行うほか、子会社の㈱ホームテック・旭、㈱シビル旭が建築及び土木の少額工事の施工を行っており、その一部を当社が発注しております。

なお、その他の関係会社である東日本旅客鉄道㈱は、当社の建設事業の主要な取引先であります。

（２）不動産事業

当社及び㈱ホームテック・旭が不動産の賃貸及び仲介等を行っております。

 

事業の系統図は、次のとおりであります。"
1801,大成建設株式会社,2026-03-31,"３ 【事業の内容】

当社グループは、土木事業、建築事業及び開発事業を主な事業とし、さらに各事業に関連する事業を展開しており、連結子会社は75社、持分法適用会社は77社(うち持分法適用関連会社は62社)であります。それらの事業に係る位置付けを報告セグメント等ごとに示すと次のとおりであります。

 


土木事業

当社並びに大成ロテック㈱、ピーエス・コンストラクション㈱、東洋建設㈱他子会社18社及び関連会社５社は、土木事業を営んでおり、当社は工事等の一部を関係会社に発注しております。そのうち海外では、子会社２社、関連会社３社があります。

 


建築事業

当社並びに大成設備㈱、ピーエス・コンストラクション㈱、東洋建設㈱他子会社15社及び関連会社１社は、建築事業を営んでおり、当社は工事等の一部を関係会社に発注しております。そのうち海外では、子会社10社、関連会社１社があります。

なお、ピーエス・コンストラクション㈱、東洋建設㈱については、土木事業に加え建築事業も営んでいることから、両セグメントに含めて記載しております。

 


開発事業

当社は、不動産の売買、宅地の開発・販売、保有不動産の賃貸等の開発事業を営んでおります。

子会社である大成有楽不動産㈱は、住宅地等の開発・販売、マンションの建設・販売、不動産賃貸・管理等の開発事業を営んでおり、当社に工事受注に関連した土地、その他の不動産を斡旋しております。さらに同社は、開発事業に係る建設工事を当社に発注しております。

その他、不動産の販売・斡旋事業等を営む大成有楽不動産販売㈱他子会社28社、関連会社32社があり、そのうち海外では、子会社14社、関連会社７社があります。

 


その他

当社は、受託研究、技術提供、環境測定等建設業に付帯関連する事業を営んでおります。

ＰＦＩ事業を営む子会社は14社あり、関連会社は16社あります。

その他サービス業等を営む子会社は９社あり、関連会社は８社あります。

 

 

以上に述べた事項の概略図は次頁に掲げるとおりであります。"
1802,株式会社大林組,2026-03-31,"３【事業の内容】

当社グループは、当社及び子会社130社、関連会社26社で構成され、その主な事業内容は、建設事業（国内建築事業、海外建築事業、国内土木事業及び海外土木事業）及び不動産事業であり、さらに各々に付帯する事業を行っている。
当社グループの事業に係わる位置付けを報告セグメントごとに示すと次のとおりである。

 

（国内建築事業）

当社が建築工事の受注、施工を行っているほか、子会社の㈱内外テクノスが内装工事及び建設用資機材の販売、賃貸を、オーク設備工業㈱が設備工事の受注、施工を、㈱サイプレス・スナダヤが建設資機材の販売を行っており、それらの一部は当社が発注している。
また、子会社の大林ファシリティーズ㈱が建物総合管理業を行っており、その一部は当社及び大林新星和不動産㈱が発注している。

 

（海外建築事業）

当社及び現地法人であるウェブコー、ジャヤ大林、タイ大林、台湾大林組、大林シンガポール、大林ベトナム等が北米及び東南アジア等で建築工事の受注、施工を行っている。

 

（国内土木事業）

当社が土木工事の受注、施工を行っているほか、子会社の大林道路㈱等が土木工事の受注、施工を行っており、その一部は当社が発注している。

 

（海外土木事業）

当社及び現地法人であるＭＷＨ、ケナイダン、大林シンガポール等が北米及び東南アジア等で土木工事の受注、施工を行っている。

 

（不動産事業）

当社及び子会社の大林新星和不動産㈱、大林プロパティズＵＫ等が不動産の売買、賃貸並びに宅地開発等の開発事業を行っている。

 

（その他）

子会社の島根あさひソーシャルサポート㈱他28社及び関連会社８社がＰＦＩ事業を行っている。当社グループは、建設担当企業としてＰＦＩ事業に関与するのみならず、事業主体となるこれらの特別目的会社に対して適切な範囲で投融資を行っており、事業の中核的役割を担っている。
子会社の㈱大林クリーンエナジー、大林クリーンエナジーニュージーランド他11社及び関連会社４社が再生可能エネルギー事業を行っている。当社グループでは、太陽光発電のほか、風力、バイオマス、地熱等による発電に取り組んでいる。
また、子会社の㈱オーク情報システムがＩＣＴ関連事業を、㈱オーシー・ファイナンスがグループ会社の資金調達を含む金融事業を行っている。

 

事業の系統図は次のとおりである。"
1803,清水建設株式会社,2026-03-31,"３ 【事業の内容】

当社グループは、当社、子会社142社及び関連会社23社で構成され、建設事業、開発事業及び各事業に附帯関連する事業を営んでおります。

建設事業……… 当社及び日本道路㈱、あおみ建設㈱、日本ファブテック㈱、丸彦渡辺建設㈱、第一設備工業㈱、㈱シミズ・ビルライフケア等が営んでおり、当社は工事の一部を関係会社に発注しております。

開発事業……… 当社及び清水総合開発㈱等が営んでおり、当社は一部の関係会社と土地・建物の賃貸借を行い、また建設工事を受注しております。

その他の事業… 建設資機材の販売及びリース事業を㈱ミルックスが営んでおり、当社は建設資機材の一部を購入・賃借しております。建設機械のレンタル事業を㈱エスシー・マシーナリが営んでおり、当社は一部の建設機械を賃借しております。当社及び関係会社等への資金貸付事業をシミズ・ファイナンス㈱等が営んでおります。公共施設等の建設・維持管理・運営等のＰＦＩ事業を多摩メディカルキャンパス㈱等が営んでおります。
このほか、北米における当社グループの事業活動の統括をシミズ・アメリカ社が行っております。

 

各事業と報告セグメントとの関連は、次のとおりであります。

当社グループは、当社における建設事業、投資開発事業及び日本道路㈱が営む事業を主要な事業としており、報告セグメントは、当社の建設事業を「当社建設事業」、当社の投資開発事業を「当社投資開発事業」、日本道路㈱が営む事業を「道路舗装事業」としております。また、当社が営んでいるエンジニアリング事業、グリーンエネルギー開発事業、建物ライフサイクル事業及び日本道路㈱を除く子会社が営んでいる各種事業は、報告セグメントに含まれない事業セグメントであり、「セグメント情報」において「その他」に含めております。

 

事業の系統図は次のとおりであります。なお、関係会社の一部は、複数の事業を行っております。"
1807,株式会社佐藤渡辺,2026-03-31,"３ 【事業の内容】

当社グループは、当社および連結子会社５社、非連結子会社１社、持分法適用関連会社１社、持分法非適用関連会社３社からなり、主に舗装工事、土木工事等の請負ならびにこれらに関連する事業を行っているとともに、アスファルト合材等の製品の製造、販売等の事業活動を展開しております。

当社グループの事業における位置付けは次のとおりであります。

工事部門

当社が舗装・土木等に係る建設工事の受注、施工を行うほか、連結子会社の拓神建設㈱、㈱創誠、㈱弘永舗道、あすなろ道路㈱、小石川建設㈱、持分法適用関連会社のあすか創建㈱、その他の関係会社の佐藤工業㈱もそれぞれ建設工事の受注、施工を行っており、その一部は当社が発注し、また当社が上記各連結子会社等から工事の一部を受注しております。非連結子会社のＳＷテクノ㈱は、機械レンタル事業を行っており、当社は機械等の一部を同社よりレンタルしております。

 

製品等販売部門

当社と連結子会社の㈱弘永舗道およびあすなろ道路㈱がアスファルト合材および関連製品の製造・販売を営んでおり、㈱弘永舗道は互いにその一部を販売、購入しております。また、当社から連結子会社の拓神建設㈱、㈱創誠、小石川建設㈱へその一部を販売しております。

 

事業系統図は次のとおりであります。

 

 




 

なお、当社は工事部門と製品等販売部門に区分して、企業集団等の概況の説明を行っておりますが、当社の販売製品は工事部門の一部分を構成するものであり、「セグメント情報」では、建設事業として単一セグメントと考え、セグメント情報の記載を省略しております。"
1808,株式会社　長谷工コーポレーション,2026-03-31,"３ 【事業の内容】

当社グループは、当社、子会社101社及び関連会社20社で構成され、建設関連事業、不動産関連事業、管理運営事業及び海外事業を主要な事業として事業活動を展開しております。

当社グループの各事業における位置付けなどは次のとおりであります。

以下の事業は、「第５ 経理の状況 １ 連結財務諸表等 （1）連結財務諸表 注記事項」に掲げるセグメントの区分と同一であります。

また、当連結会計年度より報告セグメントの区分を変更しております。詳細は、「第５ 経理の状況 １ 連結財務諸表等 (１)連結財務諸表 注記事項（セグメント情報等）」に記載のとおりであります。

 

〔建設関連事業〕

当社はマンション等の企画・設計から施工までを行う総合建設業を営んでおります。

子会社である不二建設㈱、㈱ハセック、㈱長谷工ファニシング他が建設請負、建設資機材の販売・レンタル等を行っており、当社は業務及び工事の一部、マンション、オフィスビル等の企画・設計・監理、建設資機材等を関係会社に発注しております。

子会社である㈱長谷工リフォームがマンションの大規模修繕、インテリアリフォームを行っております。

子会社である㈱細田工務店が戸建住宅の施工・分譲等を行っております。

子会社である㈱長谷工ホームが戸建住宅の分譲を行っております。

子会社である㈱ウッドフレンズ、㈱フォレストノート、㈱ランバーランドが戸建住宅の施工・分譲、建設資材の製造・販売等を行っております。

 

〔不動産関連事業〕

子会社である㈱長谷工不動産ホールディングスがマンション分譲事業の統括を行っております。

子会社である㈱長谷工不動産、総合地所㈱、㈱長谷工総合開発がマンションの分譲及び賃貸を行っております。

子会社である㈱長谷工アーベストが分譲マンションの販売受託を行っております。

子会社である㈱長谷工リアルエステートが不動産の流通仲介、マンションのリノベーション事業を行っております。

子会社である㈱長谷工インテックがインテリア販売を行っております。

 

〔管理運営事業〕

子会社である㈱長谷工管理ホールディングスが分譲マンションの管理事業の統括を行っております。

子会社である㈱長谷工コミュニティ他が分譲マンションの建物管理を行っております。

子会社である㈱長谷工ライブネット他がマンション等の賃貸及び賃貸管理を行っております。

子会社である㈱長谷工ビジネスプロクシーが社宅の管理代行を行っております。

子会社である㈱長谷工シニアウェルデザインが有料老人ホームの運営及び介護保険事業を行っております。

子会社である㈱長谷工システムズ他が印刷等の関連サービス事業を行っております。

 

〔海外事業〕

子会社であるHASEKO America,Inc.他がアメリカ合衆国等にて不動産の開発・販売及び商業施設の運営を行っております。

 

以上、述べた事項を事業系統図によって示すと、次のとおりであります。"
1810,松井建設株式会社,2026-03-31,"３ 【事業の内容】

 

当社グループは、当社及び子会社である松友商事㈱、松井リフォーム㈱及び関連会社であるいなぎ文化センターサービス㈱の子会社２社、関連会社１社（うち連結対象は子会社２社）で構成され、主要な事業内容は、建設工事の請負事業、不動産事業である。

当社グループの事業に係る位置付け及びセグメントとの関連は次のとおりであり、セグメントと同一の区分である。

（建設事業）

建設工事の請負事業は当社及び連結子会社である松井リフォーム㈱が営んでいる。当社は松井リフォーム㈱に建築工事の一部を発注しているほか、連結子会社である松友商事㈱から工事を受注している。

（不動産事業等）

当社は土地・建物の売買及び賃貸住宅・貸事務所等の不動産事業及び建設工事全般の設計・監理に関する事業等を営んでいる。松友商事㈱は土地・建物の売買及び賃貸住宅・貸事務所等の不動産事業を営んでいる。

当社は賃貸建物の一部を松友商事㈱及び松井リフォーム㈱に賃貸している。
また、関連会社であるいなぎ文化センターサービス㈱はＰＦＩ事業を営んでいる。

 

事業の系統図は次のとおりである。




※ ＰＦＩ事業…公共施設等の建設、維持管理、運営等を民間の資金、経営能力及び技術的能力を活用して行う事業手法"
1811,株式会社錢高組,2026-03-31,"３【事業の内容】

当社グループは、建設事業、不動産事業を主な事業の内容としております。

当社グループの事業に係る位置付け及びセグメント情報との関連は、次のとおりであります。

なお、セグメント情報に記載された区分と同一であります。

建設事業

当社は総合建設業を営んでおり、非連結子会社等は建設工事用資機材等の賃貸他を行っております。

不動産事業

当社及び子会社である五番町ビル株式会社他が不動産の売買、賃貸、仲介並びに管理等を行っております。

 

事業の系統図は次のとおりであります。"
1812,鹿島建設株式会社,2026-03-31,"３ 【事業の内容】

当社グループは、当社、子会社219社、関連会社106社で構成され、当社は土木事業、建築事業、開発事業等の事業活動を展開するとともに、国内関係会社が主に日本国内において多様な事業を、海外関係会社が海外地域において建設事業、開発事業等を展開している。

当社グループに属する各社の事業に係る位置づけ及びセグメント情報との関連は、次のとおりである。なお、次の５つは、セグメント情報と同一の区分である。


(1) 土木事業

当社が建設事業のうち、土木工事の受注、施工等を行っている。


(2) 建築事業

当社が建設事業のうち、建築工事の受注、施工等を行っている。


(3) 開発事業等

当社が不動産開発全般に関する事業及び意匠・構造設計、その他設計、エンジニアリング全般の事業を行っている。


(4) 国内関係会社

当社の国内関係会社が主に日本国内において行っている事業であり、大興物産㈱が建設資機材の販売を、カジマメカトロエンジニアリング㈱が建設用機械の納入を行っているほか、鹿島道路㈱、ケミカルグラウト㈱、㈱クリマテック、㈱イリア等が専門工事の請負を行っており、その一部を当社が発注している。
また、鹿島リース㈱が総合リース業を、鹿島建物総合管理㈱が建物総合管理業を行っており、その一部を当社が発注している。
イートンリアルエステート㈱が不動産の売買及び賃貸等を、鹿島東京開発㈱がビル賃貸・ホテル経営を、鹿島八重洲開発㈱がビル賃貸事業を、㈱森林公園ゴルフ倶楽部がゴルフ場の経営を行っているほか、熱海インフラマネジメント合同会社が有料道路の運営・管理を行っている。


(5) 海外関係会社

当社の海外関係会社が海外地域において行っている事業であり、主にカジマ ユー エス エー インコーポレーテッドが米国を中心とする北米で、カジマ ヨーロッパ リミテッドが欧州で、カジマ アジア パシフィック ホールディングス ピー ティー イー リミテッドがアジアで、カジマ オーストラリア ピー ティー ワイ リミテッドが大洋州でそれぞれ建設事業、開発事業等を行っている。

 

事業の系統図は次のとおりである。"
1813,株式会社不動テトラ,2026-03-31,"３ 【事業の内容】

当社グループは、当社、子会社８社、関連会社１社で構成され、土木事業、地盤改良事業及びブロック事業を主な事業内容としている。

(土木事業)

     当社、高橋秋和建設㈱が土木工事の施工を行っており、両社は相互に工事の発注又は受注を行っている。

(地盤改良事業)

     当社、㈱ソイルテクニカ、Fudo Construction Inc.、愛知ベース工業株式会社、日本土質試験センター株式会社、Advanced Geosolutions Inc.、興洋建設工業株式会社が地盤改良工事の施工等を行っており、㈱ソイルテクニカは当社より建設機械を賃借している。

(ブロック事業)

     当社、㈱三柱が消波・根固ブロック用鋼製型枠の賃貸等を行っている。

(その他事業)

     福祉商事㈱が保険代理等のサービスの提供を行っており、当社グループ各社はこれらのサービスを受けている。

事業の系統図は次のとおりである。"
1814,大末建設株式会社,2026-03-31,"３【事業の内容】

当社グループは、当社、子会社４社及び金岡単身寮ＰＦＩ株式会社他１社で構成され、建設事業を主な事業としております。当社グループの事業に係る位置付け及びセグメントとの関連は、次のとおりであります。

なお、当社グループは、建設事業並びにこれらの付帯業務の単一の報告セグメントであるため、事業区分別に記載しております。

 

建 設 事 業

当社、連結子会社である大末テクノサービス株式会社及び株式会社神島組、非連結子会社である川西土木株式会社、関連会社である金岡単身寮ＰＦＩ株式会社は、建設事業を営んでおります。

そ  の  他

当社及び連結子会社である大末テクノサービス株式会社は、不動産事業を営んでおります。また、大末テクノサービス株式会社は、保険の代理業、労働者派遣業、警備業を営んでおります。連結子会社であるやすらぎ株式会社は訪問看護事業を営んでおります。

 

 

（注）※は持分法非適用会社であります。"
1815,鉄建建設株式会社,2026-03-31,"３【事業の内容】

当社グループは、連結財務諸表提出会社（以下「当社」という。）、子会社10社及び関連会社３社（内、連結対象は子会社３社）で構成され、土木工事・建築工事を主な事業とし、その他不動産事業などの兼業事業を展開しています。

当社グループの事業に係わる位置づけ及びセグメントとの関連は、次のとおりです。

なお、当社グループが行っている事業内容と、セグメントにおける事業区分は同一です。

 

土木工事 当社は土木工事を営んでおり、建設資機材の一部をテッケン興産㈱及び㈱ディッグより調達している他、㈱ジェイテック、鉄名建設㈱、㈱忠武建基、東和建設㈱及び建研工業㈱が専門工事の施工を行い、それらの一部は当社が発注しています。

また、THANH PHAT CONSTRUCTION WORK JOINT STOCK COMPANYは、海外工事の施工を行っています。

 

建築工事 当社は建築工事を営んでおり、建設資機材の一部をテッケン興産㈱及び㈱ディッグより調達しています。

また、㈱アル．パートナーズ建築設計が設計業務を行っています。

 

不動産事業 当社、テッケン興産㈱及び鉄建プロパティーズ㈱は、不動産の売買、賃貸、土地開発関連事業を行っています。

 

付帯事業 テッケン興産㈱が、主に土木工事及び建築工事に付帯する資機材販売や警備業務等の事業を行い、㈱ディッグが土木工事及び建築工事に付帯する資機材販売を行っています。

また、鉄建プロパティーズ㈱が、主に土木工事及び建築工事に付帯する事務業務の受託事業を行っています。

 

その他 ＴＫパートナーズ㈱は、建築技術者の教育及び建築工事の業務支援を行っています。

㈱ファーム ティー・エスは、いちご観光農園の運営を行っています。

ＴＫアクアグリーン㈱は、小水力発電事業を行っています。

 

事業の系統図は次のとおりです。"
1820,西松建設株式会社,2026-03-31,"３ 【事業の内容】

当社グループは、当社、子会社22社及び関連会社19社（うち持分法適用関連会社は２社）で構成され、建設事業、アセットバリューアッド事業及び地域環境ソリューション事業を主な事業内容としております。

なお、当連結会計年度末後の2026年４月に、アセットバリューアッド事業本部と地域環境ソリューション事業本部を統合し、新たに環境・都市開発事業本部を設置しております。

当社グループの事業に係わる位置づけ及び報告セグメントとの関連は以下のとおりであります。

 

（建設事業（土木・建築・国際））

・当社、連結子会社の泰国西松建設㈱他３社及び関連会社の㈱増永組他１社は、建設事業を営んでおります。当社はこれらの会社に工事の一部を発注することがあります。

（アセットバリューアッド事業・地域環境ソリューション事業）

・当社、連結子会社の西松地所㈱他４社、非連結子会社の嶋静商事㈱他３社及び関連会社の浜松中央西ビル㈱他２社は、不動産の販売・賃貸・管理・その他の事業を営んでおります。また、連結子会社の西松リアルエステート・デベロップメント(アジア)社他４社は海外において収益不動産への投資・その他の事業を行っております。

・非連結子会社の新浦安駅前ＰＦＩ㈱他１社及び関連会社の㈱徳島農林水産ＰＦＩサービス他11社は、ＰＰＰ事業の主体企業であります。

・連結子会社の山陽小野田グリーンエナジー㈱、非連結子会社の㈱サイテックファーム及び関連会社のエヌエナジー㈱他１社は、その他の事業を行っております。

（その他の関係会社）

・その他関係会社の伊藤忠商事㈱と当社との間で、工事施工、資材調達、不動産開発・共同投資の取引がありま

す。

 

 

≪事業の系統図≫"
1822,大豊建設株式会社,2026-03-31,"３【事業の内容】

当社グループ（当社（大豊建設株式会社）及び子会社11社（内３社は間接所有によるものであります。）をいう。以下同じ）は、建設事業を主たる業務としております。

当社グループの事業に係わる位置付けは次のとおりであります。

なお、次の３部門は「第５ 経理の状況 １ 連結財務諸表等 (1)連結財務諸表 注記事項」に掲げるセグメント情報の区分と同一であります。

（土木事業） 当社は、建設事業のうち土木事業を営んでおり、子会社である㈱森本組が土木事業の施工及び施工協力を行っております。

（建築事業） 当社は、建設事業のうち建築事業を営んでおり、子会社である㈱森本組が建築事業の施工及び施工協力を、タイ大豊㈱（タイ王国）が建築事業を行っております。

（その他の事業） 子会社である大豊不動産㈱が不動産事業を、大豊塗装工業㈱が塗装工事業を、進和機工㈱が建設資材リース業等を営んでおります。

 

事業の系統図は次のとおりであります。"
1826,佐田建設株式会社,2026-03-31,"３ 【事業の内容】

当社グループは、当社及び連結子会社４社で構成され、建設事業（土木関連セグメント・建築関連セグメント）を主な内容とした事業活動を展開しております。

当社グループの事業に係わる位置付けは次のとおりであります。

 

建設事業

当社グループは建設工事の受注・施工及びアスファルト合材等の販売・建設資機材の賃貸事業等を行っております。

 

《事業の系統図》"
1827,株式会社ナカノフドー建設,2026-03-31,"３ 【事業の内容】

当社グループは、提出会社、国内子会社10社、在外子会社５社及び関連会社５社により構成されており、建設事業及び不動産事業を主な内容として事業活動を展開している。日本及び東南アジアにおいて総合建設業を主として営んでいる。

当社グループの事業に係わる位置付け及びセグメントとの関連は次のとおりである。

なお、報告セグメントと同一の区分である。

 












建設事業



 







日本



提出会社及び連結子会社７社並びに関連会社３社が、建設業を営んでいる。







東南アジア



連結子会社 ナカノシンガポール(PTE.)LTD.他４社が、建設業を営んでいる。





 


 












不動産事業



 







日本



提出会社及び連結子会社 ㈱ＮＦリアルティ他２社が、主に不動産賃貸業を営んでいる。







東南アジア



連結子会社 ナカノコンストラクションSDN.BHD.が、不動産賃貸業を営んでいる。





 














その他の事業



提出会社が、再生可能エネルギー事業(太陽光・風力発電事業)を営んでいる。

連結子会社 ㈱ＮＦエージェンシーが、保険代理業を営んでいる。

関連会社２社がＰＦＩ事業等を行っている。





 


 

 

事業の系統図は次のとおりである。"
1828,田辺工業株式会社,2026-03-31,"３【事業の内容】

当社グループ（当社及び当社の関係会社）は、当社（田辺工業株式会社）及び連結子会社４社により構成されております。当社グループは、日本国内において設備工事事業（産業プラント設備工事、設備保全工事、電気計装工事、メカトロニクス、送電工事、管工事）を主体とした事業と、その他(鋳造用工業炉の製造・販売）の事業を営んでおります。また、海外においてはシンガポール、マレーシアを中心に設備工事事業と、タイ国内では表面処理事業及び設備工事事業を営んでおります。
当社グループの事業内容及び当社と関係会社との当該事業に係る位置付けは、次のとおりであります。

なお、次の部門は「第５ 経理の状況 １ 連結財務諸表等 （1）連結財務諸表 注記事項」に掲げるセグメントの区分と同一であります。

（1）設備工事事業

 

当社及び連結子会社が次の設備工事事業を営んでおります。

 

産業プラント設備工事

化学・医薬、その他工業部材等のプラント設備・装置、環境設備の設計・製作・施工を主な事業としております。

海外においては、タナベエンジニアリングシンガポール社（連結子会社）がシンガポール国内を中心にプラント設備の設計・施工・メンテナンスを、タナベテクニカルサービスマレーシア社（連結子会社）がマレーシア国内を中心にプラント設備の設計・施工・メンテナンスを、タナベエンジニアリングアジア社（連結子会社）がタイ国内を中心にプラント設備の設計・施工・メンテナンスを行っております。

 

 

設備保全工事

化学・食品・医薬品等のプラント設備、発電所機器の設備診断・保全改修を主な事業としております。

 

 

電気計装工事

化学・食品・医薬品等のプラント設備、公共・一般建築物の電気計装設備、情報通信設備の設計・施工及び太陽光発電設備の設計・施工・売電を主な事業としております。

 

 

メカトロニクス

各種省力機器システム、自動化機器の設計・製作・施工を主な事業としております。海外においては、タナベタイランド社（連結子会社）が主に機械装置の設計・製作を行っております。

 

 

送電工事

送電用鉄塔建設、送配電線の新設・張替の施工を主な事業としております。

 

 

管工事

公共ガス水道工事、防消火設備、衛生設備の設計・施工を主な事業としております。

 

（2）表面処理事業

連結子会社であるタナベタイランド社がタイ国内で表面処理事業を行っております。

 

（3）その他

鋳造用工業炉

当社の鋳造用工業炉部門が鋳造用工業炉（アルミ鋳物生産用工業炉）の製造・販売、また産業機械の輸入・販売を行っております。なお、鋳造用工業炉事業については、当連結会計年度において事業を廃止いたしました。

 

 

事業の系統図は次のとおりであります。"
1832,株式会社北海電工,2026-03-31,"３ 【事業の内容】

当社グループは、当社、子会社１社、関連会社１社で構成され、設備工事業を営んでおります。また、当社の親会社は２社であり、北海道電力株式会社は電気事業、北海道電力ネットワーク株式会社は一般送配電事業を営んでおります。

当社グループは設備工事業の単一セグメントであり、事業に係る位置付け及び事業内容は次のとおりであります。

 

(設備工事業)

当社は電気工事、電気通信工事、土木工事、建築工事、鋼構造物工事、とび・土工工事、管工事、塗装工事及び消防施設工事を請負施工しており、親会社からは、主に配電線・発送変電・地中線等の電気工事を受注しております。工事の一部については、連結子会社である株式会社アイテス及び関連会社である株式会社札幌電工に発注しております。

 

以上述べた事項を事業系統図によって示すと、次のとおりであります。

 

事業系統図"
1833,株式会社奥村組,2026-03-31,"３ 【事業の内容】

当社グループは、当社及び子会社９社、関連会社６社で構成され、土木事業、建築事業、投資開発事業を主な事業の内容としています。

当社グループの事業に係る位置付け及びセグメントとの関連は次のとおりであり、セグメント情報に記載された区分と同一です。

〔土木事業〕

当社及び関連会社である㈱オーゼットユーが営んでいます。

〔建築事業〕

当社及び関連会社である㈱オーゼットユーが営んでいます。

〔投資開発事業〕

当社及び子会社である太平不動産㈱が不動産の販売及び賃貸に関する事業を営んでいます。

子会社である石狩バイオエナジー(同)及び平田バイオエナジー(同)が再生可能エネルギーによる発電・売電事業を営んでいます。

〔その他〕

当社がコンサルティング等建設事業に付帯関連する事業を営んでいます。

子会社である奥村機械製作㈱が建設資機材等の製造・販売事業を営んでいます。

子会社である吹田南千里ＰＦＩ㈱他４社及び関連会社である㈱スイムシティ鹿児島他４社がＰＦＩ事業等を営んでいます。

 

事業の系統図は次のとおりです。"
1835,東鉄工業株式会社,2026-03-31,"３ 【事業の内容】

当社グループは、当社及び子会社５社で構成され、その他関連会社１社とともに、主として建設業に関連した事業を展開しております。

当社及び当社の関係会社の事業における当社及び関係会社の位置付け及びセグメントとの関連は、次のとおりであります。なお、以下に示す区分は、セグメントと同一の区分であります。

 


（土木事業）

当社は総合建設業を営んでおり、土木事業は、土木工事全般に関する、企画、設計、施工、監理等の事業を行っております。施工する工事の一部を連結子会社である東鉄メンテナンス工事株式会社及び株式会社全溶に発注しております。なお、その他の関係会社である東日本旅客鉄道株式会社は主要な得意先であります。


（建築事業）

当社は総合建設業を営んでおり、建築事業は、建築工事全般に関する、企画、設計、施工、監理等の事業を行っております。施工する工事の一部を連結子会社である東鉄創建株式会社に発注しております。なお、その他の関係会社である東日本旅客鉄道株式会社は主要な得意先であります。


（その他）

当社は、主に商業ビル等の賃貸事業及び発電事業・緑化事業等の環境事業を営んでおります。また、連結子会社である東鉄機工株式会社は保線機械の製作及び検査修繕等の事業を営んでおり、興和化成株式会社は鉄道関連製品の製造及び販売等の事業を営んでおります。なお、関連会社である株式会社日本線路技術は鉄道関連コンサルタント事業を営んでおります。

以上に述べた事項の概略図は次のとおりであります。"
1840,株式会社土屋ホールディングス,2025-10-31,"３【事業の内容】

当社グループ（当社及び当社の関係会社）は、当社（株式会社土屋ホールディングス）及び連結子会社４社により構成されており、注文・提案住宅等の施工・販売、リフォーム、分譲マンション、不動産賃貸、中古住宅・住宅用土地の売買、仲介業務を主たる業務としております。

当社は、有価証券の取引等の規制に関する内閣府令第49条第２項に規定する特定上場会社等に該当しており、これにより、インサイダー取引規制の重要事実の軽微基準については連結ベースの数値に基づいて判断することとなります。

当社グループの事業内容及び当社と関係会社の当該事業に係る位置付けは次のとおりであります。

次の４部門は「第５ 経理の状況 １ 連結財務諸表等 (1)連結財務諸表 注記事項」に掲げるセグメント情報の区分と同一であります。

(1）住宅事業

株式会社土屋ホームが、注文住宅・賃貸住宅等の工事を請負、施工監理するほか、提案住宅の施工販売を行っております。

(2）リフォーム事業

株式会社土屋ホームトピアがリフォーム工事の請負を行っております。

(3）不動産事業

株式会社土屋ホーム不動産が、分譲マンション、中古住宅、住宅用土地の不動産売買並びに仲介業務を行っております。また、株式会社土屋ホーム不動産販売が、分譲住宅の施工販売を行っております。

(4）賃貸事業

当社が、不動産の賃貸業務を行っております。また、当社が、再生可能エネルギーの電力会社への売電を行っております。

なお、当社グループは、持株会社体制のもと、当社が各事業会社への経営管理業務を行っております。

事業の系統図は次のとおりであります。"
1844,株式会社大盛工業,2025-07-31,"３【事業の内容】

当社グループは、当社と子会社３社（株式会社東京テレコムエンジニアリング、井口建設株式会社、港シビル株式会社）で構成されております。主な事業内容は、建設事業、不動産事業、ＯＬＹ事業、通信関連事業であり、更に、各々に付帯する事業を行っております。当社グループの事業に関わる位置付けは次のとおりであります。

 

（1）建設事業

当社及び子会社（井口建設株式会社、港シビル株式会社）が、建設工事の受注、施工を行っております。

（2）不動産事業

当社が、不動産の売買・賃貸等、太陽光発電設備の販売、クローゼットレンタル業務を行っております。

（3）ＯＬＹ事業

当社が、ＯＬＹの機材リース、鉄骨加工業を行っております。

（4）通信関連事業

子会社（株式会社東京テレコムエンジニアリング）が、通信回線の保守・管理業務を行っております。

 

当社グループにおける事業の系統図は、次のとおりであります。"
1847,株式会社イチケン,2026-03-31,"３【事業の内容】

当社グループは、当社、連結子会社（片岡工業株式会社）１社、非連結子会社（ICHIKEN VIETNAM CONSTRUCTION CO.,LTD.）１社及び持分法非適用関連会社（PFI成田スマートウェルネス株式会社）１社により構成されており、建築・土木・舗装・内装仕上工事等の建設事業及び不動産事業を主な事業の内容としております。

また、関連当事者である㈱マルハンはその他の関係会社であります。

当社グループの事業に係る位置付けは次のとおりであります。

なお、次の２部門は「第５ 経理の状況 １連結財務諸表等（１）連結財務諸表 注記事項」に掲げるセグメントの区分と同一であります。

建設事業 当社及び子会社は総合建設業を営んでおります。

不動産事業 当社は不動産売買・賃貸事業等を営んでおります。

 

事業の系統図は次のとおりであります。

※非連結子会社１社及び持分法非適用関連会社１社につきましては、重要性が乏しいため、事業の系統図への記載を省略しております。"
1848,株式会社富士ピー・エス,2026-03-31,"３【事業の内容】

当社及び当社の関係会社は、当社、子会社３社、その他の関係会社１社により構成され、PC技術を用いた建設業を主な事業の内容としております。

当社及び当社の関係会社の事業内容及び当社と関係会社の当該事業に係る位置付けは、次のとおりであります。

なお、次の２事業は「第５ 経理の状況 １ 連結財務諸表等 （１）連結財務諸表 注記事項」に掲げるセグメントの区分と同一であります。

また、当連結会計年度より報告セグメントの区分を変更しております。詳細は、「第５ 経理の状況 １ 連結財務諸表等 （１）連結財務諸表 注記事項（セグメント情報等）」に記載のとおりであります。

土木事業          当社は、PC技術を用いた土木工事の請負、企画、設計、施工監理及びPC土木製品の製造・

                販売を行っております。

                駿河技建㈱（連結子会社）は、コンクリート構造物の診断及び補修・補強を行っております。

                太平洋セメント㈱（その他の関係会社）からは、同社製品のセメント等を購入しております。

 

建築事業          当社は、PC技術を用いた建築工事の請負、企画、設計、施工監理及びPC建築製品の製造・

                販売を行っております。

太平洋セメント㈱（その他の関係会社）からは、同社製品のセメント等を購入しております。

 

その他            当社は、不動産の賃貸・管理等及び海外事業、建設資機材のリース等を行っております。

 

事業の系統図は次のとおりであります。

 

 

 

 

 

※関係会社の一部は複数の事業を行っており、上記は主な事業内容を掲載しております。"
184A,株式会社学びエイド,2026-04-30,"３ 【事業の内容】

当社は、『Be a Player.～教育の「意欲」の機会均等をあまねく達成し、前向きなひとをたくさん作る企業～』という企業理念及び『「教えたい」と「教わりたい」をていねいに紡ぐ。』という経営理念を掲げ、創業以来、教育デジタル事業を単一セグメントにて行っております。

当社が事業を行うに際して、現状では教育の「意欲」の機会均等が達成されていないという課題を認識しております。教育の「意欲」の機会均等は、「教えたい」という衝動がまずありきであり、「教えたい」という衝動があって、「教わった」ひとが、次の「教えたい」衝動へとつながり、教育の「意欲」の力強い循環を達成することになると考えております。

当社ではこの認識・考えのもと、「教育の機会均等を達成すること」、「教わるだけではなく、教えたい、というひとの場を提供すること」という大義を有しており、その大義に賛同してくれた「教えたい」ひととのつながりが、当社のビジネスモデルを構築するに至った経緯であります。

当社の主なビジネスモデルは、鉄人講師(※１)や教育関連事業者の「教えたい」ひとから映像授業のコンテンツを調達し、学習塾等の「教えたい」ひとに、当社が開発した映像授業・学習管理サービスを提供することで、エンドユーザー(生徒)等の「教わりたい」ひとに教育を届けるほか、当社の映像学習サービスを直接「教わりたい」ひとに届けることであります。「学びエイドマスター」「学びエイドマスターforSchool」「学びエイドforEnterprise」が主要サービスであり、３サービスで売上の97.6％（2026年４月期時点）を占めております。

 

※１ 鉄人講師とは、当社が定めた名称であり、「当社の企業理念に賛同し、高い指導力を持つ講師であって、当社の審査を経て、鉄人講師として登録された者」をいいます。

 

当社の教育デジタル事業における主なサービスは、以下のとおりであります。













サービス名称



商流



サービスの内容







学びエイド



BtoC

(当社to無料の一般会員)



無料会員登録で「映像授業」が１日３コマまで視聴可能。







BtoC

(当社to有料のプレミアム会員）



有料会員登録で「映像授業」が全科目見放題となることに加え、倍速再生、教材テキストの購入が可能。







学びエイドマスター



BtoBtoC

(当社to個人経営～中規模の学習塾to生徒)



「学びエイド」で提供する映像授業に加え、学習塾専用の「映像授業」と塾運営の効率化を支援する「管理機能」を提供。







学びエイドマスター

forSchool



BtoBtoBtoC

(当社to中規模～大手(全国展開)学習塾本部to傘下の学習塾to生徒)



「学びエイドマスター」の映像授業や管理機能を自社仕様へとカスタマイズして提供するほか、オリジナルの映像授業や学習管理システムの開発・構築に対応。







学びエイド

forEnterprise



BtoB

(当社to教育関連事業者)



教育関連事業者の教材（紙媒体）の「映像授業化」と映像授業化したコンテンツを配信するための「配信サービス」を開発・提供。







学習塾



BtoC

(当社to高校生・既卒生)



当社直営学習塾。「学びエイドマスター」を使用し、多様な映像授業と生徒一人ひとりにあわせた独自学習プログラムで効率的に学べる。





 


 

各サービスの内容は以下のとおりです。

 


(a) 学びエイド(無料の一般会員／有料のプレミアム会員)

・サービスの概要

「学びエイド」とは、無料の一般会員及び有料のプレミアム会員向けに、オンラインで視聴できる映像学習サービスです。最大の特徴は、1コマ5分程度で構成される「マイクロ講義」（※2）を採用している点です。中学から高校までの幅広い学習範囲に対応しており、生徒は「参考書を読んでも理解が難しい箇所」や「自分がわからないピンポイントの箇所」だけを能動的かつ効率的に学習することができます。配信している映像授業は、大手予備校等での豊富な指導実績を持つ講師（以下「鉄人講師」）自らが制作に関わっており、これまで大手予備校で提供されるような質の高い授業は大手予備校に通わなければ、受講することができなかった高いクオリティと多様性に富んだコンテンツを視聴することができます。現在、提供している映像コンテンツは70,000コマ以上、登録している鉄人講師は110名以上（科目換算（※3））にのぼります。

 

・利用形態と料金体系

教育の「意欲」の機会均等という当社理念のもと、学生から大人の学び直しニーズまで幅広く対応した以下の料金プランを提供しています。

・無料の一般会員：1日3コマまでの受講が可能です。

・プレミアム会員：月額898円（税込）からの定額制（サブスクリプション）です。中学・高校の全科目の講義が見放題となるほか、倍速再生機能や教材テキストの購入が可能となります。

 

・ビジネスモデルと収益認識

当社は鉄人講師とコンテンツ使用許諾契約を締結して映像コンテンツを調達し、これを会員に提供しております。

・売上計上（収益認識）の基準

利用料の受領形態には月額払い・半年払い・年間払いがありますが、いずれの決済方法においても、顧客へのサービス利用期間にわたって月次で売上計上を行っております。

・仕入・費用の発生仕組み

当社から鉄人講師へのコンテンツ使用許諾料の支払いはレベニューシェア方式を採用しており、当該コンテンツから得られた売上高の約５％を、提供本数に応じて按分して支払うこととしております。

 

※２ マイクロ講義とは、当社では、「講義を短く区切ることで、わからない箇所だけを繰り返し視聴することや、キーワード検索でピンポイント視聴できる等、能動的・効果的に学習することが可能となる講義方式」としています。

※３ 科目換算とは、１人の講師が複数科目担当している場合には、科目ごとに１名とカウントしております。（例：１名の講師が古文、漢文を担当している場合は、２名とカウント）

 

当該サービスの商流を図示すると以下のとおりであります。




 


(b) 学びエイドマスター及び学びエイドマスターforSchool

・サービス概要

本サービスは、主に小規模から大手までの学習塾（BtoB）向けに展開しており、「学びエイド」で提供する映像授業に加え、学習塾専用の「映像授業」、塾運営の効率化を支援する「管理機能」を提供するサービスです。また、提出した小論文の添削が自分専用の動画で届くオンライン小論添削サービス「総合型選抜対策 添削道場」や学習塾の生徒を当社が直接指導し、専門性が必要となる高校生・大学受験指導や人員不足を解決するオンライン学習指導サービス「テツヨビ」といった、学習塾の教室運営を支えるオプションサービスも展開しております。

 

①学びエイドマスター

・サービス概要

「学びエイドマスター」は、小規模～中規模の学習塾むけに提供しております。映像授業は、「学びエイド」サービスと同様に、１コマ５分程度のマイクロ講義で、中学から高校まで幅広く対応しているためあらゆる指導スタイルに対応することができます。また、映像授業や管理機能を用いることで、講師不足やアナログ管理といった課題に対応することができます。なお、2026年４月末日現在において、契約教室数300教室以上となります。

学びエイドマスターでは映像授業に加え、以下の管理機能も提供しており、学習塾の運営方法に合わせて使いたい機能を組み合わせて利用することができます。












機能



機能の内容







入退室管理



カードリーダー不要、生徒番号でお手軽に入退室登録







月謝管理



クレジットカード払いに対応(別途決済代行会社と契約が必要)







学習管理



生徒毎の「やることリスト」を設定でき進捗確認も可能







成績管理

 



画像ファイルのアップロードで紙管理から解放、指導報告書もフォーマットがあるため簡単に作成できる







お知らせ・連絡機能

 



メールアドレス登録不要で保護者・生徒と連絡のやりとりが可能、プライベートと学習空間をしっかり切り分けできる







オリジナル動画配信機能



定期テスト対策授業や、生徒への激励メッセージ等、塾オリジナル動画を塾生に限定配信できる





 


 

・利用形態と料金体系

当社サービスを導入する学習塾（小規模～中規模）向けに、以下の料金体系を提供しています。

・初期導入費用：サービス開始時に一時に受領する費用です。

・月額料金：以下の2種類で構成されています。

・月額基本費用：1教室あたりの定額費用。

生徒アカウント費用：利用する生徒数（アカウント数）に応じた従量課金費用。

 

・ビジネスモデルと収益認識

当社は、導入先の学習塾から初期導入費用および月額料金を受領し、学習塾は当社システムを活用して生徒への教育サービスを提供します。

 

・売上計上（収益認識）の基準

初期導入費用：一時に受領した対価を、本サービスの平均契約期間にわたって按分し、毎月売上計上しております。

月額料金（月額基本費用・生徒アカウント費用）：いずれも顧客へのサービス利用期間にわたって、月次で売上計上しております。

当該サービスの商流を図示すると以下のとおりであります。

 




 

②学びエイドマスターforSchool

・サービス概要

「学びエイドマスターforSchool」は、主として中規模から大手の全国展開する学習塾本部向けに提供しております。「学びエイドマスター」の映像授業や管理機能を各塾の指導形態に沿ってカスタマイズして提供するほか、顧客ごとのオリジナル映像授業や独自の学習管理システムの開発・構築に対応しております。近年増加している、新入試に対応した「学校推薦型選抜」や「総合型選抜」向けの対策講座の開発・カスタマイズに対応できる点が大きな特徴です。

 

・利用形態と料金体系

大手の学習塾本部向けに、カスタマイズの規模や用途に応じた柔軟な料金体系を提供しています。

・システム利用料：カスタマイズされたシステムの利用および動画利用の対価として受領する費用です。 

・カスタマイズ開発費等：オリジナルの映像授業や学習管理システムの構築規模、あるいは各種対策講座の開発規模に応じて、個別の開発・制作費用を受領しております。

 

・ビジネスモデルと収益認識

大手の学習塾本部からシステム利用料およびカスタマイズ開発費等を受領し、塾本部は全国の自社教室等を通じてエンドユーザー（生徒）へ独自の教育サービスを提供します。

 

・売上計上（収益認識）の基準

実質的に請負契約と判断されるカスタマイズ開発費等：システム開発部分については、進捗度を合理的に見積もるため作業工数に基づく「インプット法」等により売上計上しております。また、コンテンツ（映像授業等）の制作部分については、顧客への引渡し（検収）が完了した時点で売上を計上する「アウトプット法」を採用しております。

実質的に請負契約と判断される場合以外（システム利用料・動画利用料）：顧客へのサービス提供期間（契約期間）にわたって、月次で売上計上しております。 

・仕入・費用の発生仕組み

鉄人講師や制作に関わる講師との契約に基づき、映像の利用実績や契約内容に応じた許諾料、またはコンテンツ制作に関わる費用を支払っております。 

 

当該サービスの商流を図示すると以下のとおりであります。

 




 


(c) 学びエイドforEnterprise

・サービス概要

「学びエイドforEnterprise」は、教育現場におけるデジタル化のニーズに対応するため、参考書や教科書などの紙媒体を「映像授業化」するコンテンツ制作と、それらを配信するための「配信サービス（システム）」を一体として開発・提供するサービスです。

最大の特徴は、映像制作とシステム構築を当社1社でワンストップ提供できる点にあり、これにより顧客のデジタル化導入コストを大幅に削減することが可能です。当社には、創業以来「学びエイド」等で培ってきた95,000コマ以上（※他サービスとの合算）の豊富な映像制作ノウハウ、鉄人講師・登録講師（※4）との強力なネットワーク、そして現場の声を反映した確かなシステム構築力があり、これらを結集して高品質なサービスを実現しています。

 

・利用形態と料金体系

教科書会社や参考書出版会社などの教育関連事業者を主な顧客（BtoB）としており、契約内容や開発規模に応じて以下の料金体系を組み合わせて提供しています。 

・コンテンツ・システム開発費：初期の映像授業の制作、および独自の配信システム構築の対価として受領する費用です。 

・運用・利用料：システムの稼働に応じた「システム利用料」や「動画利用料」です。 

・成果報酬（レベニューシェア）：顧客（教育関連事業者）が提供するサービスの売上や実績に応じて受領する費用です。 

 

・ビジネスモデルと収益認識

当社は、鉄人講師・登録講師と共に制作した映像とシステムを教育関連事業者へ提供し、事業者はこれらを活用して一般の学習者（エンドユーザー）に対してデジタル教育サービスを提供するビジネスモデル（BtoBtoC）です。 

・売上計上（収益認識）の基準

コンテンツ・システム開発費：契約内容（実質的な契約性質）等に応じて、主としてサービス（開発・制作）の提供が行われる「一定期間にわたって」売上計上しております。 

システム利用料・動画利用料・レベニューシェア：教育関連事業者がエンドユーザーへサービスを提供した対価（利用実績等）に応じて当社へ支払われるものであり、一定期間において計算（確定）された結果に基づき、月次等で売上計上しております。 

・仕入・費用の発生仕組み

映像授業の制作に関わる鉄人講師や登録講師（※4）等に対し、契約やコンテンツの利用実績に基づいた制作料や使用許諾料を支払っております

 

当該サービスの商流を図示すると以下のとおりであります。

 




※４ 登録講師とは、当社が定めた名称であり、「鉄人講師としてデビュー前の講師であり、当社コンテンツの制作等を通じて、講義力を高め鉄人講師を目指す者」を指します。

 


(d) 学習塾

学習塾とは、当社が運営する学習塾空間にて、「学びエイドマスター」による指導を提供するサービスであります。

学習塾では、「学びエイドマスター」を使用し、多様な映像授業と生徒一人ひとりにあわせた独自学習プログラムで効率的に学べる指導を行っております。また、学びエイドマスターの効率的な利用方法等を活かした運営ノウハウを、「学びエイドマスター」等のサービス提供を行っている学習塾に提供することにより、「学びエイドマスター」の利用促進のために活かしております。

当該サービスの商流を図示すると以下のとおりであります。

 




 

当社の事業及びサービスの特徴として、以下があげられます。

 


(a) 豊富な鉄人講師・登録講師ネットワークが生み出す個別最適化への対応

当社が顧客に提供する映像授業・学習管理サービスや参考書や教科書など紙媒体の「映像授業化」は、良質な映像コンテンツを、網羅的に調達することが可能であります。これらが可能になる理由としては、当社の「教育意欲の機会均等を達成すること」、「教わるだけではなく『教えたい』ひとに場を提供すること」という大義に対し、創業当時からご賛同いただいた鉄人講師とのネットワークがあげられます。また、「登録講師」という形で、鉄人講師としてデビュー前の講師とのネットワークも広がっており、当社の受託コンテンツの制作等を通じて、講義力を高め鉄人講師を目指す講師も増えてきております。

学びエイドマスター（forSchoolを含む）のような映像授業配信サービスは、一般的には、映像コンテンツを買い取り、買い取った時点では最新の情報に基づき制作されていたとしても、いずれは陳腐化する可能性があるほか、映像コンテンツの質を求めると価格が高くなる傾向にあります。当社では、鉄人講師が制作した映像コンテンツを調達し、これを顧客に提供しておりますが、当社は鉄人講師とコンテンツ使用許諾を締結し、その使用許諾料を、顧客に提供した実績に応じて、レベニューシェアの方式（当該コンテンツを利用して得られた売上高の約５％を提供本数に応じて按分）により支払うこととしております。鉄人講師からみると、使用許諾料は一般的な映像コンテンツの販売価格と比較して、一時的には必ずしも有利な価格とは言えませんが、当社の売上高が増えれば、継続的に使用許諾料を受け取ることができ、鉄人講師が得られる使用許諾料も高くなる可能性があります。

一方で、鉄人講師は、当社の経営理念に賛同し、「教えたい」という自らの使命感をもって、当社にご協力いただいております。一般的な予備校で講師が生徒に教える場合、使用する教材等の制約がありますが、当社の映像コンテンツの場合、「講師の顔は出さない」、「１コマ５分」といった最低限の制約のみとしており、教えるにあたっての自由度が高く設定されております。鉄人講師は自らが理想と考える映像コンテンツを制作することが可能となり、自らの「教えたい」という使命を果たすことができます。

また、学びエイドforEnterprise（学びエイドマスターforSchoolのカスタマイズを含む）では、これらの鉄人講師・登録講師の豊富なネットワークを持つことで、顧客からの指導法、対象学年、求める講師のキャラクターといった細かなニーズに応えるオリジナルな映像コンテンツの制作が可能となります。予備校講師を始めとする鉄人講師は、少子化、浪人生の減少、総合型選抜の増加による一般入試の減少により、「教える場」が減りつつあります。教育関連事業者からの学習コンテンツ制作やテキストの映像化といった需要は、講師にとっても新たな「教える場」となり、指導力をもつ講師の新たな活躍の場を提供することに繋がっていると考えております。

以上のことから、当社としても良質な映像コンテンツを、網羅的に調達・制作ができ、常に最新の情報に基づいた映像コンテンツを提供することが可能になります。

 

(b) タイムパフォーマンスを重視した映像授業の制作実績

当社では、映像コンテンツの開発コンセプトとしてマイクロ講義という形態を採用しております。マイクロ講義では、１コマを５分で区切ることで、生徒が能動的・効果的に学習することが可能になります。具体的には、分からない箇所だけを繰り返し視聴することができる、キーワード検索でピンポイント視聴ができるなどがあげられます。

エンドユーザーである生徒は「Ｚ世代（※５）」と呼ばれ、タイムパフォーマンス（※６）を重視する傾向が強まり、対応したSNSを中心としたサービスや商品（※７）が増加しています。

特に動画分野においては、「短時間」「倍速再生」「要点まとめ」 等をキーワードに、対応したサービスやコンテンツが増加しています。当社の映像授業は、こうした個別最適化をはじめとする教育業界のニーズと、タイムパフォーマンスを向上させたいエンドユーザーのニーズに対して、マイクロ講義の形態を採用しております。

※５ 野村総合研究所（NRI）の用語解説によると、1990年代半ばから2010年代序盤に生まれた世代で、デジタルネイティブ、タイムパフォーマンス重視の効率主義、多様性を重んじる等の特徴的な価値観を持つ。

※６ 費やした時間に対して得られた効果の割合（時間対効果）を表す言葉で、略称である「タイパ」は三省堂辞書を編む人が選ぶ「今年の新語2022」において大賞を受賞している。

※７ 代表例として、効率的に必要な栄養を取得できる「完全栄養食」やスキマ時間でアルバイトを可能とする「スキマバイト募集サービス」、注文から短時間で商品が届く「クイックコマース」等が挙げられる。

 

従来の映像授業とマイクロ講義を採用した当社の映像授業の違いは以下のとおりであります。

 




従来の一般的な映像授業では、映像授業が60分～90分と長尺であり、学習する際には既習範囲、不要なところも見なければなりませんでした。また、料金は１教科あたりで発生し(従量制)、比較的高額でありました。一方、学びエイドの場合、１コマ５分程度で、かつ顔なしの映像授業となっているため、板書や言い直し等がないことから、本来学習に必要のない部分を削ることができるため、履修時間を従来の映像授業を視聴するよりも短縮できるほか、わからない箇所だけを繰り返し視聴することができます。また、キーワード検索機能を設けているため、ピンポイントで視聴することが可能になります。これらの違いは、これまでの一方的に講義を聞く受身的な学習の姿勢から、自ら学習する分野を探索する能動的な学習姿勢を育みます。更には、低額・定額制ですべての映像授業を見ることができます。

学びエイドforEnterpriseサービスでも、これらの映像コンテンツ制作に関するノウハウは活用しております。学びエイドforEnterpriseは、顧客からのニーズに応えるため、必ずしもマイクロ講義の形態をとるわけではありませんが、４年・10年に１度行われる学習指導要領の改訂により一部もしくは大半の映像コンテンツを定期的に制作しなおす必要があります。その負担は映像関連事業者に課せられるため、改訂に対して柔軟に対応していくことが必要となります。例えば、マイクロ化した講義を改訂部分のみ差替えできるように映像コンテンツを設計する、また、改訂に左右されない普遍的な講義を制作することなどがあげられます。

当社では、これまでの映像コンテンツに関する制作のノウハウだけではなく、教務的な効果を踏まえたノウハウを顧客に提案できることが強みと考えております。

当社の制作した延べコンテンツ数の推移は以下のとおりです。

 




※コンテンツ制作数とは、「学びエイド」「学びエイドマスター」で公開しているコンテンツ数に、「学びエイドforEnterprise」で制作したコンテンツ数を含みます。

 

(c) 教育分野に特化した映像制作による専門性と安心感の提供

教育現場では、「教材の著作権処理」「学習指導要領への対応」「教育的配慮に基づいた指導である事」等、通常の動画制作とは異なる専門性が求められます。創業より教育分野に特化した映像授業の制作を継続し、専門性と教育的配慮に基づいた内容であるか、学習指導要領と逸脱がないか等をチェックし、安心感のあるサービスを提供していると考えております。

 




 

以上に述べた事項を事業系統図によって示すと、次のとおりであります。

 

［事業系統図］"
1850,南海辰村建設株式会社,2026-03-31,"３ 【事業の内容】

当社及び当社の関係会社は、当社、連結子会社２社及び親会社の南海電気鉄道株式会社で構成され、建設事業及び不動産事業を主な内容とし、さらに各事業に付帯関連する事業活動を展開しております。

当社及び当社の関係会社の事業に係る位置付け及びセグメントとの関連は、次のとおりであります。

建設事業

当社は、建設工事の一部を親会社である南海電気鉄道株式会社から受注しております。施工にあたっては、建設用仮設資材の一部を連結子会社である南海建設興業株式会社から調達しているほか、施工の一部を連結子会社２社に発注しております。

不動産事業

当社は、不動産の売買及び賃貸事業を行っております。

事業系統図は、次のとおりであります。




（注）南海電気鉄道株式会社は、2026年４月１日付で鉄道事業を分社化し、株式会社ＮＡＮＫＡＩと社名変更しております。"
1852,株式会社淺沼組,2026-03-31,"３ 【事業の内容】

当社グループは、当社、子会社９社、関連会社２社で構成され、建築、土木及びその他の事業を行っております。

当社グループの事業に係る位置付け及びセグメント情報との関連は次のとおりであります。なお、以下に示す区分は、セグメント情報に記載された区分と同一であります。

 

（建築及び土木）

当社は総合建設業を営んでおります。

 

（主な関係会社）

SINGAPORE PAINTS & CONTRACTOR ………

PTE. LTD.

 

東南アジア地区における建物塗装・修繕工事請負業

EVERGREEN ENGINEERING & ………

CONSTRUCTION PTE. LTD.

 

東南アジア地区における(増改築)建設工事請負業、電気・設備工事業、建物メンテナンス業

THAI ASANUMA CONSTRUCTION ………

CO.,LTD.

 

タイ王国における高速道路や橋梁等のメンテナンス事業

AND B.V. ………

2025年日本国際博覧会のオランダ・パビリオンの設計・施工・保守、撤去、その他附帯業務

 

（その他）

当社は不動産関連事業を行っております。

 

（主な関係会社）

淺沼建物㈱ …………………………………

 

損害保険の代理業務並びに生命保険の募集業務、その他附帯業務

ASANUMA CONSTRUCTION LTD., ……………

INTERNATIONAL

 

アジア・オセアニア地区における不動産事業

長泉ハイトラスト㈱ ………………………

 

一般廃棄物最終処分場の運営及び維持管理、その他附帯業務

宇都宮郷の森斎場㈱ ………………………

 

宇都宮郷の森斎場の運営及び維持管理、その他附帯業務

桜井給食ファシリティーズ㈱………………

 

 

桜井市立学校給食センターの施設整備及び維持管理、その他附帯業務

小田原斎場ＰＦＩ㈱…………………………

 

小田原市斎場の施設整備及び維持管理、その他附帯業務

THAI ASANUMA HOLDINGS CO.,LTD. ………

 

タイ王国における工事用材料の調達及び販売業務

EVERGREEN ENGINEERING & ………

CONSTRUCTION PTE. LTD.

 

東南アジア地区における建物メンテナンス事業

 

事業の系統図は次のとおりであります。

 

 

（注） ＰＦＩ事業…公共施設等の建設、運営及び維持管理等を民間の資金、経営能力及び技術的能力を活用して行う事業手法。"
1853,株式会社　森組,2026-03-31,"３【事業の内容】

当社グループは、当社及びその他の関係会社２社で構成されております。当社は、建設事業、不動産事業、砕石事業を主たる業務とし、さらに各々に付帯する事業を行っております。

当社グループの事業内容及び当該事業に係る位置付けは次のとおりであります。

なお、次の３事業は「第５ 経理の状況 １ 財務諸表等 (1）財務諸表 注記事項」に掲げるセグメントの区分と同一であります。

建設事業 土木・建築その他建設工事全般に関する事業を営んでおります。

不動産事業 不動産の開発・売買、交換及び賃貸並びにその代理、仲介を営んでおります。

砕石事業 砕石、砕砂等の製造販売及び取引仲介を営んでおります。

 

事業の系統図は次のとおりであります。"
1860,戸田建設株式会社,2026-03-31,"３ 【事業の内容】

当社グループは、当社、子会社53社及び関連会社29社で構成され、建築事業、土木事業、国内投資開発事業、国内グループ会社が行う事業、海外グループ会社が行う事業及び環境・エネルギー事業を主な事業とし、その他各事業に付帯関連するＰＦＩ事業等を展開しております。

当社グループが営んでいる主な事業内容、主な関係会社の当該事業に係る位置付け及びセグメント情報との関連は次のとおりであります。なお、「第５ 経理の状況 １ 連結財務諸表等  (1) 連結財務諸表 注記事項 (セグメント情報等) １ 報告セグメントの概要」に記載された区分と同一であります。

 












 (建築事業)



当社が国内及び海外において、建築工事の施工等を行っております。

また、当社の海外連結子会社であるTobic Co., Ltd.がBIM（Building Information Modeling）モデルの作成を行っております。







 (土木事業)



当社が国内及び海外において、土木工事の施工等を行っております。

また、当社の持分法適用関連会社であるJapan Wind Farm Construction㈱が洋上風力施工船舶の保有等に関する事業を行っております。







 (国内投資開発事業)



当社が国内において、不動産の自主開発、売買及び賃貸等を行っており、連結子会社に対して、土地及び建物の賃貸を行うことがあります。また、国内連結子会社である戸田建設不動産投資顧問㈱が不動産投資の運用業務等を行っております。







 (国内グループ会社事業)



当社の国内連結子会社が国内において行っている事業であり、佐藤工業㈱及び昭和建設㈱他２社が建築及び土木一式工事の施工を、㈱アペックエンジニアリング他２社が建築設備工事の施工を、TGCゼネラルサービス㈱が人材派遣業及び建設資材納入等を、戸田道路㈱が土木工事の施工を行っており、当社は工事及び資材納入等の一部をこれらのグループ会社に発注しております。
また、戸田ビルパートナーズ㈱がビル管理業、建築工事の施工、保険代理業並びに不動産の売買、賃貸及び仲介等を行っており、その一部を当社が発注しております。
その他、戸田ファイナンス㈱が当社及びグループ数社に対して資金貸付等を、東和観光開発㈱がホテル事業並びに商業施設及び温浴施設の運営を、TODA農房(同)他１社が農業事業を行っております。







 (海外グループ会社事業)



当社の海外連結子会社が海外において行っている事業であり、Thai Toda Corporation Ltd.、Toda Vietnam Co., Ltd.及びPT Tatamulia Nusantara Indah他12社が建築工事の施工等を行っております。
また、Toda America, Inc.他２社がアメリカ合衆国において、PT Toda Group Indonesia他１社がインドネシア共和国において、不動産の売買及び賃貸を行っております。
その他、Toda Asia Pacific Pte. Ltd.がアジア・オセアニア地域における事業の統轄管理をしており、Coherent Hotel Ltd.がニュージーランドにおいてホテル事業を行っております。







(環境・エネルギー事業)



TODA Investimentos do Brasil Ltda.他３社がブラジル連邦共和国において陸上風力発電事業を行っております。
また、当社及び国内連結子会社である五島フローティングウィンドパワー(同)、五島フローティングウィンドファーム(同)並びにオフショアウィンドファームコンストラクション㈱が浮体式洋上風力発電事業を行っており、当社は工事及び業務の一部をこれらのグループ会社から受注しております。その他、フローティング・ウィンド・アグリゲーション㈱が電力卸供給事業を、戸田ソーラーエナジー深谷(同)、戸田ソーラーシェアリング(同)が国内において太陽光発電事業を行っております。







(その他の事業)



子会社であるエスシーシー・ヒューマンコミュニティサービス㈱他がPFI事業の事業主体となっております。





 


 

事業の系統図は次のとおりであります。"
1861,株式会社　熊谷組,2026-03-31,"３【事業の内容】

当社グループは、建設事業及びその周辺関連事業を主たる事業としている。事業の内容及び当該事業に係わる位置づけは次のとおりである。

  なお、以下は主要な事業の内容により区分しており、セグメント情報におけるセグメント区分と同一ではない。

建設事業 当社及び連結子会社である㈱ガイアート、関連会社である笹島建設㈱他が建設事業を営んでいる。

また、連結子会社であるテクノス㈱は建設事業のほか、建設用資機材の製造販売等を行っている。

その他の事業 連結子会社である㈱テクニカルサポートは保険事業及び事務代行事業を営んでおり、当社は事務業務の一部を委託している。

また、連結子会社である㈱ファテックは建設技術商品の提供事業を営んでおり、当社はその一部の提供を受けている。

 

事業の系統図は次のとおりである。"
1866,北野建設株式会社,2026-03-31,"３【事業の内容】

当社グループは当社、子会社５社で構成され、建設事業を主な事業としています。

当社及び当社の関連会社の事業内容及び位置付けは次のとおりであり、「第５ 経理の状況 １ 連結財務諸表等 (1）連結財務諸表 注記事項」に掲げるセグメント情報の区分と同一です。

建設事業

北野建設㈱

 

㈱キタノプロパティ

 

土木、建築に関する建設工事の施工、その他関連業務及び太陽光発電事業を行っています。

 

建設工事の施工、建築物の総合管理及び警備業を行っています。

 

ゴルフ場事業

川中嶋土地開発㈱ ※

 

「川中嶋カントリークラブ」にてゴルフ場経営を行っています。

 

ホテル事業

北野建設㈱

長野市にてホテル経営を行っています。

ソロモンキタノメンダナホテル

リミテッド ※

「ソロモンキタノメンダナホテル」にてホテル経営を

行っています。

サクラハノイプラザインベストメントカンパニーリミテッド ※

ベトナム ハノイ市の「ホテルデュパルクハノイ」のホテル事業に投資を行っています。

㈱キタノプロパティ

当社からの業務委託により、長野市にてホテルを運営しています。また、フランチャイズ契約により、長野市にて料飲店経営を行っています。

広告代理店事業

㈱アサヒエージェンシー ※

 

広告代理店を経営しています。

 

（注）※連結子会社です。

 

事業の系統図は次のとおりです。

 

（注）※連結子会社です。"
1867,株式会社植木組,2026-03-31,"３【事業の内容】

当社のグループは、子会社13社及び関連会社３社で構成され、建設事業、不動産事業を主な事業としており、その
他の事業では建材製造販売等の事業、ソフトウェアの開発及び販売事業、介護福祉事業、ゴルフ場運営事業等各事業に関連するサービスを展開しております。

当社グループの事業に係る位置付け及びセグメントとの関連は、次のとおりであります。

建設事業 当社が建設工事の受注、施工を行うほか、北陸施設工業㈱他５社が建設工事の受注、施工を行っており、㈱植木機工が建設資材の賃貸事業を行っております。

不動産事業 当社が不動産の売買、賃貸及び開発に関する事業を行っているほか、子会社の植木不動産
㈱が不動産事業を行っております。当社は植木不動産㈱が行っている宅地開発事業等について工事の一部を受注しております。

建材製造販売事業 当社が建設資材の製造販売を行っており、自社で使用するほか、一部の建設事業を営む子会社へ販売しております。

その他 その他の主な事業として、子会社の㈱ユニテックがソフトウェアの開発及び販売事業を行っており、当社はソフトウェアの開発等を発注しております。また、㈱はまなす保険企画が損害保険代理事業を、㈱さくら介護サービスが有料老人ホームの運営事業を、高浜観光開発㈱がゴルフ場の運営事業を行っております。

事業系統図を示すと次のとおりです。

 

（注）１．上記子会社の一部は、複数の事業を行っております。

２．＊１の会社は、連結子会社であります。"
1869,名工建設株式会社,2026-03-31,"３【事業の内容】

当社の企業集団は、子会社４社及び関連会社10社で構成され、建設事業及び不動産事業等を主な事業内容としております。なお、連結子会社は子会社である㈱大軌、㈱ビルメン、名工商事㈱、㈱静軌建設で、非連結子会社はありません。また、持分法適用の関連会社はありません。

 

当企業集団の事業に係わる位置づけは次の通りであります。

［建設事業］

当社は総合建設業として土木工事並びに建築工事を営んでおり、施工する工事の一部を建設業を営む㈱大軌、㈱ビルメン、㈱静軌建設、㈱濃建他８社に発注しております。

［不動産事業等］

当社は土地・建物の売買及び貸事務所などの賃貸事業を営んでおります。

名工商事㈱は当社の各事業に関連して発生する損害保険の代理店業務などを営んでおります。

 

 

事業の系統図は次の通りであります。"
186A,株式会社アストロスケールホールディングス,2026-04-30,"３ 【事業の内容】

当社グループは、当社並びに連結子会社である株式会社アストロスケール（日本）、Astroscale Ltd（英国）、Astroscale U.S. Inc.（米国）、Astroscale France SAS（フランス）、Astroscale Israel Ltd.（イスラエル）及びAstroscale Singapore Pte. Ltd.(シンガポール)（注１）で構成されております。

当社グループは、宇宙空間における軌道上サービス（注２）を通じて、人工衛星運用者やロケット事業者の事業価値の向上及び宇宙の持続的な利用に貢献してまいります。技術面では、コア技術である「宇宙空間の非協力物体（注３）に対するRPO技術（注４）」及び関連技術の研究開発並びに宇宙空間で提供されるサービスの開発を行っております。RPO技術は、人工衛星やデブリの除去、軌道変更・軌道維持、燃料補給、観測・点検、再利用・交換、製造・修理といった様々な軌道上サービスを実現可能にするものです（注５）。

事業面では、非協力物体に対するRPO技術の実証ミッションである、「ELSA-d（後述）」及び「ADRAS-J（後述）」による成果をもとに、2030年までに観測・点検、寿命延長・燃料補給、並びにデブリ除去をそれぞれ複数ミッション打ち上げることで軌道上サービスを日常的なものにすべく、日本、英国、欧州、米国等において、調査研究・研究開発・宇宙空間での実証・サービス等購入に関する契約の締結や補助金の獲得等に取り組んでおります。2035年までにさらに部品交換・修理といったサービス分野にまで広げ、政府機関・防衛機関からの需要獲得を継続・拡大しつつ、民間事業者からの需要獲得拡大によりさらに成長することを目指しております。

 




図１ 当社グループが取り組む軌道上サービスと時間軸


 

(注) １．本書提出日現在において、Astroscale Singapore Pte. Ltd.は休眠状態にあります。

２．人工衛星やデブリ等に対して軌道上において提供するサービスのことをいいます。

３．「宇宙空間の非協力物体」とは、デブリなど、位置情報を発信せず自由運動（回転など）をして宇宙空間を飛翔している物体を指します。

４．Rendezvous and Proximity Operations（ランデブ・近傍運用）技術の略です。

５．現時点で構想段階にあり、提供が開始されていないサービスも含みます。

６．以下、本「３ 事業の内容」においては、個別に明記している場合を除き、１米ドル＝155円、１ユーロ＝180円、１英ポンド＝205円の円換算レートを使用しております。

 

 


 1 宇宙環境と軌道上サービスの必要性



1.1 軌道について

人工衛星が通る道筋を「軌道」といい、衛星は、１つの決まった平面の中で地球を周回しています。この平面は「軌道面」と呼ばれ、人工衛星が地球を回る軌道面には、必ず地球の中心が含まれます。地球を回る軌道のうち、高度2,000km以下の軌道を低軌道（low Earth orbit、以下「LEO」）、高度約36,000kmの軌道を静止軌道（geostationary orbit、以下「GEO」）といいます。

低軌道は地表に近いため、高精度観測を必要とする観測衛星に多用されます。国際宇宙ステーションも低軌道を飛行しています。静止軌道は、同軌道上の衛星が地球の自転周期と同じ時間（約24時間）で地球を一周し、地上の観測者から相対的に静止しているように見えることから「静止軌道」と呼ばれております。静止軌道上の衛星からは地球の片半球全体を常に俯瞰できるため、気象衛星や通信・放送衛星に適します。当社グループは、低軌道及び静止軌道の双方において軌道上サービスを提供すべく、研究開発を行っております。

 




図２ 人工衛星が通る道筋である「軌道」

 


1.2 衛星データ利用の活発化

グローバル経済は人工衛星から受け取るデータに大きく依存しています。自動車、船舶及び飛行機の交通管制、天気予報、衛星放送並びに災害監視のほか、農業や漁業にも衛星データがリアルタイムに活用されています。その他にも、物流、金融市場、インターネット、安全保障等の地球上の社会基盤インフラサービスが、宇宙技術と密接不可分に様々な形で提供されています。

国連が定めた持続可能な開発目標（SDGs）の実現にも、衛星は大きく貢献しています。SDGsは17の目標とそれに因んだ169のターゲットによって構成されていますが、国連宇宙部等の共同研究によれば、そのうち65個のターゲットは地球観測や位置情報といった衛星技術を直接的に必要としており、通信衛星を含めればさらに衛星技術を必要とするターゲットの数は増えると考えられています（注１）。

例えば、１番目の目標である「貧困をなくそう」については、インターネット網が行き届かない貧困地域において、通信衛星が宇宙からデータ通信サービスを提供することで、モバイルバンキングシステムを実現しています。また、13番目の目標である「気候変動に具体的な対策を」については、大気、海洋及び地表における気候データの５割以上は衛星の観測データによるものであり、気候変動予測などに役立てられています。これらは一例であり、様々なSDGs目標の実現のために、衛星データの多様な活用がなされています。

 




図３ 地球上の社会基盤インフラサービスは宇宙技術に大きく依存

 

(注) １．国連宇宙部: https://sdgs.un.org/un-system-sdg-implementation/united-nations-office-outer-space-affairs-unoosa-24523

 


1.3 宇宙環境の悪化（これまで）

宇宙空間においては、運用終了や故障により役目を終えた人工衛星、人工衛星の打上げに使われたロケットの上段、それらの爆発や衝突で生じた破片などが、デブリとなり地球の周囲を秒速約７〜８kmという非常に速い速度で飛翔しています。その数は年々増加し続けており、大きさが10cm以上の観測可能なデブリは約54,000個となり、大きさが数cm級のものも含めると約120万個にのぼります（2026年６月現在、注１）。また、大型のデブリは質量数トン、大きさ数十m級のサイズになります。稼働中の人工衛星の数も増加しており、約15,800機となっています（2026年６月現在、注１）。これらの人工衛星も、運用終了や故障等により将来のデブリになる可能性があります。

 

(注) １．欧州宇宙機関（European Space Agency、以下「ESA」）""Space debris by the numbers (Information last updated on 25 June 2026)""

 




図４ デブリによる宇宙環境の悪化（イメージ図）（注２）

 

(注) ２．左：アメリカ航空宇宙局（the National Aeronautics and Space Administration（以下「NASA」）ゴダード宇宙飛行センター、右：ESAの公表資料をもとに当社作成

 




図５ 地球周回軌道上における物体数の推移（注３）

 

(注) ３．NASA Orbital Debris Program Office（https://orbitaldebris.jsc.nasa.gov/quarterly-news/pdfs/odqnv29i1.pdf）

 

宇宙空間の物体（衛星やデブリ）の数は、図５が示すように、増加傾向にあります。特に、2020年以降は、コンステレーション衛星を含む人工衛星の打上げなどにより増加のペースが速まっています。宇宙空間における物体の数は既に危機的な水準にまで達しており、低軌道における衛星の他物体との１km以内のニアミスの数は、2020年以降、加速度的に増加しています（図６）。実際に物体同士の衝突も起きており、小さな破片が多数発生しております。これらの破片は、大きさわずか数mmであっても、衛星やロケットなどの宇宙機に衝突すれば壊滅的な被害を生じさせることが想定されます。宇宙空間の物体の連鎖反応的な衝突はいつ起きてもおかしくない状態であり、速やかに対策を講じなければ、やがて宇宙空間は利用できなくなり、交通管制、通信、放送、測位といった宇宙技術の恩恵を受けられなくなると考えます。したがって、デブリの増加防止及び（衝突や爆発をする前の）既存デブリの除去が、宇宙の持続利用のために急務となっています。

 




 図６ 低軌道（LEO）における人工衛星の他物体との１km以内のニアミス数（月次）（注４）

 

(注) ４．The Center for Space Standards & Innovation at COMSPOC, with the Space Data Association, “Evaluation of LEO Conjunction Rates Using Historical Flight Safety Systems and Analytical Algorithms” (2021) をもとに当社作成

 


1.4 宇宙環境の悪化（これから）

宇宙利用は拡大基調にあります。数十機から数千機という多数の小型衛星を一体的に運用する「衛星コンステレーション」という新たな運用形態により、観測衛星による観測頻度を大幅に向上させたり、静止軌道以外での衛星通信を可能にしたりする新たなサービスが生まれています。加えて、ビッグデータ処理や、AI解析、IoTなどの宇宙分野以外における変革により、新たな宇宙利用サービスの創造が起きています。

さらに、従来は国が主体となって宇宙開発を行うことが一般的でしたが、宇宙の事業主体が官から民へ移行しつつあります。米国を始めとする先進国では、商業ベースで、衛星の開発・運用や打上げサービス等を提供できるベンチャー企業等を政策的に育成・強化し、国はこれらの事業者からサービスを調達する方式が徐々に採用され始めています。

このような、新たなサービスの創造並びに衛星の製造、打上げ及び運用に伴う宇宙利用コストの大幅な低下が、宇宙利用を加速させています。その結果、2030年までに、宇宙空間における宇宙機及びデブリがともに大幅に増加すると予見されており、宇宙環境は今にも増して加速度的に悪化すると考えられています。

 


1.5 軌道上サービス

自動車・船舶・航空業界等には販売後のアフターサービスがあり、点検・保守、修理・延命、移動・廃棄といったバリューチェーンを用意することで、利用環境を持続可能にするとともに、利用者のコストを最適化しています。宇宙環境が持続利用不可能な状態に向かっているのは、そのようなバリューチェーンが存在せず、いわゆる使い捨て文化のまま今日に至ったためです。役目を終えたり故障したりした衛星やロケット上段は、そのまま軌道上に滞在し続けデブリと化しています。

すなわち、これまでの宇宙業界は、Reduce（削減）、Reuse（再使用）、Refuel（燃料補給）、Repair（修理）、Relocation（移動）、Remove（除去）、Recycle（再利用）などができない状態であり、それを可能にするのが当社グループの軌道上サービスです。

 




図７ 軌道上サービスは宇宙業界のバリューチェーンを拡大

(イメージ図。現時点で構想段階にあり、提供が開始されていないサービスも含む)

 

実際に、宇宙環境の急速な悪化を受け、自動車・船舶・航空業界に交通管理の仕組みがあるように、宇宙機の円滑かつ安全な運行のために、いわゆる「宇宙交通管理（Space Traffic Management、以下「STM」）」が必要との議論が、2018年頃から米国や欧州等の宇宙先進国や国際連合等で行われています。

例えば、日本における自動車の交通管理に関しては、道路交通法やその他の交通管制に係る法律があり、また、公益財団法人日本道路交通情報センターのように、国内の交通状態を一元的に把握する仕組みがあります。さらに、故障車や事故車によって交通を妨げず、円滑で適切な運用を実施できるよう、一般社団法人日本自動車連盟（JAF）等が提供するロードサービスが存在します。

このような仕組みを宇宙空間にも整備しようとするSTMの議論が世界で活発になっており、現時点で、そのルールは、各国の法規制や国際的ガイドライン、行動規範、ベストプラクティス事例、業界指針などの集合体になると考えられています。STMのうち、宇宙空間状況を把握することをSSA（Space Situational Awareness）、軌道上サービスをOOS（On-Orbit Servicing）と呼び、安全な宇宙航行のための必要な要素と考えられています。

2024年９月には、国連本部において全会一致で「未来のための協定」が採択され、国連宇宙空間平和利用委員会（UN COPUOS）を通じて、スペースデブリ、宇宙交通管理・調整、宇宙資源に関する新たな枠組みの構築について議論することが合意されました。

 


1.6 RPO技術

当社グループの軌道上サービスにとって特に重要な技術は「安全に接近・捕獲し、何らかのサービスを提供する技術」であり、RPO技術と呼ばれます。RPO技術は、複数のプロセスとそれに必要な技術要素の組み合わせになります。例えば、デブリ除去には、（１）対象物体（デブリなど）の軌道要素の推定及び打上時刻の決定、（２）対象物体の絶対位置を推定して接近する遠方域接近（絶対航法）、（３）対象物体の姿を捉えて様々なセンサを用いながら接近する近接接近（相対航法）、（４）対象物体の運動推定、回転を合わせることによる相対運動量の除去、（５）捕獲とその後の合体重心の推定や姿勢の安定化、（６）軌道上サービスの提供、といった各ステップで高度な技術が必要になります。また、必要に応じて制御落下（対象物体が大気圏に突入する際に燃え残った場合の地上への落下災害リスクを低減するため、安全な海域に落下させること）といった技術の開発も求められます。過酷な宇宙環境を想定した試験や、故障が起きた場合の対応、安全性を担保するための高性能なシミュレーション、複雑な衛星運用のための管制センターや運用手順書など、各ステップで必要となる技術の開発やその運用を支える基盤技術やノウハウも、RPO技術を支える重要な構成要素になります。

 




図８ コア技術であるRPO技術

(上図⑥には、現時点で構想段階にあり、提供が開始されていないサービスも含む)

 


 2 事業の内容



2.1 グローバル体制図

宇宙環境問題の解決には全世界的に取り組む必要があるため、当社グループは、日本に本社を置き積極的なグローバル展開を実施しております。日本のほか、英国、米国及びフランスに現地拠点を有し、世界の政府宇宙予算トップ10か国に含まれる同盟国・同志国（注１）全てにアクセス可能な体制としております。また、当社グループ従業員の約７割を占めるエンジニアは各国に所在しており、現地で研究開発を行っている他、現地の経営陣や営業部隊、生産設備等も有しており、現地企業として直接現地政府から受注可能な体制を整備しております。

 




図９ 当社グループのグローバル体制（注２）

 

(注) １．Novaspace “Government Space Programs 25th Edition”

２．本書提出日現在において、図に記載の他、イスラエル及びシンガポールに連結子会社を有しております。なお、シンガポールの連結子会社であるAstroscale Singapore Pte. Ltd.は休眠状態にあります。

 


2.2 軌道上サービス市場

軌道上サービスは、宇宙業界でも新しい分野ですが、市場規模拡大が期待されており、2023年から2033年の累計売上収益は182億ドル（約2.8兆円）（注１）と推計されています。これまでは政府機関（非防衛）が需要を牽引しており、当社グループとしては、政府機関からの需要は今後も引き続き拡大していくと見込んでいます。

また、2024年４月期中に、地政学的な変化と防衛における宇宙領域の重要性認識の高まりにより、防衛機関からの需要が顕在化し始めました。防衛機関からの需要はこの市場の当面の成長ドライバーになると期待されています。現在、特に静止軌道上では敵国衛星が安全保障上重要な衛星に対して異常に接近するといった脅威が観測されており、重要な衛星を防護する衛星に対するニーズが高まっています。防衛省が2025年７月に公表した宇宙領域防衛指針においては、重要宇宙アセットを脅威から守るために、①SDA（Space Domain Awareness、宇宙領域把握）衛星、②自律的かつ機動的な運用が可能な衛星、③防護能力を持つ衛星の３種類を明示しています。当社は2025年２月に、防衛省より②の衛星に相当する「機動対応宇宙システム実証機」の試作に係る契約を獲得しており、この分野での継続受注獲得を目指しています。また、日本国外でも同様の防護衛星に対するニーズが顕在化しています。この他、米国宇宙軍では次世代のSDA衛星には燃料補給能力を必須化する計画を明示しており、当社米国法人が米国宇宙軍から受注したAPS-Rミッションを通じて実施する燃料補給実証を経て、燃料補給ビジネスに対するニーズの増加も期待しています。

加えて、政府機関及び防衛機関からの需要の増加とそれに伴う技術進展並びに当社の寿命延長サービスの実証完了やデブリの低減に関する法規制の議論の前進（注２）などによって民間事業者からの需要の出現がさらなる市場拡大に寄与していくものと考えております。軌道上サービスを受けられるよう、事前にドッキング・インターフェース（例：ドッキングプレート（注３））を搭載した衛星の打上げも進められています。

 

(注) １．Northern Sky Research In-Orbit Services Report (NSR IOSM) 3rd, 7th edition

２．詳細については、下記「第２ 事業の状況 １ 経営方針、経営環境及び対処すべき課題等 (3) 経営環境及び対処すべき課題」の「法規制作りへの働きかけ」をご参照ください。

３．あらかじめ識別マーカを備えた磁性体のプレート。衛星に当該プレートを搭載することで、捕獲機（サービサー）による捕獲対象衛星（クライアント）の識別、運動推定、接近、捕獲、軌道離脱を比較的容易にし、除去費用を抑えることが可能になります。

 

 


2.3 ５つの軌道上サービス

当社グループでは、以下５つの軌道上サービスの開発を行いながら、政府機関、防衛機関及び民間事業者の需要獲得に取り組んでいます。

① 故障機や物体の観測・点検サービス（In-situ Space Situational Awareness、以下「ISSA」）

② 寿命延長・燃料補給サービス（Life Extension Service、以下「LEX」）

③ 衛星の修理・改修サービス

④ 既存デブリの除去サービス（Active Debris Removal、以下「ADR」）

⑤ 衛星運用終了時のデブリ化防止のための除去サービス（End-of-Life Service、以下「EOL」）

 




図10 ５つの軌道上サービスのイメージ図

 

各サービスの想定顧客と主な技術の比較は以下の通りです。

 




図11 各軌道上サービスの想定顧客と主な技術の違い

 

 

 


① ISSA（故障機や物体の観測・点検サービス）

概要：故障衛星やデブリといった非協力物体に対し、安全に至近距離に接近することは極めて難易度が高く、その理由は、非協力物体からは位置情報が発信されず、接近して観測・点検を行うことが困難であることにあります。この点、当社グループの故障機や物体の観測・点検サービス（ISSA）においては、観測用衛星を打ち上げ、非協力的物体に安全に近距離まで接近し、可視光カメラ及びその他のセンサ類を用いて、対象物体のデータを取得することで、故障の原因解析への活用や、相手物体の把握（例えば、大型デブリを除去する前に位置や回転状況、形状、表面状態などを確認すること）を可能にするサービスを提供します。ISSAにおける相手物体の把握は、ADRに必要なデータを事前取得する役割も果たします。また、防衛用途では、特に静止軌道上での宇宙領域把握（Space Domain Awareness、以下「SDA」）をはじめとする宇宙監視、情報収集による宇宙作戦能力の向上にも貢献します。

主な顧客：本サービスが想定する対象顧客は主に政府機関や防衛機関となります。

提供価値：概要に記した通りです。

技術：当社グループは、CRD2のフェーズIとして、2024年２月18日に打ち上げたサービサー衛星ADRAS-Jを用いて、非協力物体への近接、観測のための技術の宇宙実証を行い、フェーズIを完了しました。本ミッションの実証成果につきましては、下記「3.4 ADRAS-J（アドラス・ジェイ）」にて詳述しております。

事業上の取り組み：文部科学省の中小企業イノベーション創出推進基金（SBIR基金）における宇宙分野のテーマ「スペースデブリ低減に必要な技術開発・実証」において、当社グループが、2023年９月、「軌道上の衛星等除去技術・システムの開発・実証」という研究開発課題に採択されました。当社グループは、2023年10月から最長2028年３月までの期間、文部科学省からの補助を受け、大型の衛星を対象デブリとした近傍での撮像・診断ミッションにおいて、技術開発及びミッション遂行を担います。また、2025年１月に、英国政府プログラムの一環としてBAE Systems plc社から観測ミッションに関する契約（プロジェクト名：Orpheus（オルフェウス））を獲得しています。さらに、2025年２月に、防衛省より機動対応宇宙システム実証機の試作に係る契約を獲得しており、2028年３月末までに納品予定です。実際の打上げ、運用、実証に関しては別契約を予定しています。

 


② LEX（寿命延長・燃料補給サービス）

概要：当社グループの寿命延長サービス（LEX）は、燃料が枯渇した衛星や、想定外の燃料消費により予定より早く寿命を迎える衛星、あるいは軌道がずれてしまった衛星に対して、ドッキング（捕獲）を行い、当社グループのサービサー衛星の燃料を用いる、若しくは燃料補給を通じて、衛星の運用期間の延長や別の軌道への遷移などのサービスを提供するものです。

主な顧客：想定する対象顧客は、低軌道や静止軌道で衛星を運用する政府機関・防衛機関や民間事業者になります。特に、静止軌道では毎年20機以上の衛星が退役しております。

提供価値：静止衛星は、軌道上の特定の場所において、地上に対して相対的に静止し続ける必要がありますが、衛星には外力（月や太陽による引力等の様々な力）が働くため、ステーションキーピングと呼ばれる軌道を維持するための制御を随時行う必要があり、かかる軌道制御のために定常的に燃料を消費します。そのため、静止衛星は、燃料が枯渇すると運用ができなくなります。静止衛星は、軌道制御のほかにも、①軌道投入に失敗した場合の位置補正、②フリートマネジメント（静止衛星を別経度に移動させること）、③墓場軌道への移動（国際ガイドラインにより、運用を終了した静止衛星は高度を300kmほど上げ、墓場軌道と呼ばれる場所に退避することが勧告されています）などのために、燃料を消費します。静止衛星の運用者は、静止衛星の燃料枯渇の数年前から後継衛星の開発を開始しますが、静止衛星の大型化に伴い、打上げ費用を含めた数百億円の投資が必要となります。LEXサービスは、そうした衛星運用者の、既存の衛星を極力使用し続けたいというニーズに応えるものです。

技術：当社グループは、イスラエルに連結子会社であるAstroscale Israel Ltd.を設立し、2020年６月に、同国で寿命延長サービスを開発する、Effective Space Solutions社の知的財産権を取得し、同社のR&D拠点の従業員を承継しました。この事業譲受により、低軌道（LEO）から静止軌道（GEO）までを対象とした軌道上サービスに取り組むことが可能になりました。LEXサービスに用いるLEXI（レクシー）という名称のサービサーは、将来需要を鑑み、本書提出日現在、当社グループの自己資金で開発しております。LEXIの捕獲機構は、ペイロード・アダプター・リング（PAR）という、宇宙業界で幅広く採用されている、打上げ時のロケットと衛星のインターフェースとなる円形状の構造物を把持する設計で、軽量であり、様々なサイズのPARを把持できる特徴を持っています。

事業上の取り組み：当社の米国子会社であるAstroscale U.S. Inc.は、寿命延長サービスに興味を示している静止衛星を運用する民間事業者と協議を継続しております。当社では、2027年４月期から2031年４月期にかけて毎年約20～30基の静止衛星が退役し、寿命延長サービスに関する需要が生じると見込んでおります。その上で、当社は、LEXサービスのうち軌道修正に関して、毎年１～２社程度の各国の顧客に軌道修正サービスを提供することを目指しております。

LEXサービスのうち燃料補給に関しては、Astroscale U.S. Inc.が、2022年１月に米国Orbit Fab社との間で、静止軌道上の衛星への燃料補給に関する商業契約を締結したほか、2023年９月に米国宇宙軍より静止軌道における燃料補給衛星の開発を受注しております。その後、３回にわたり契約金額が増額され、燃料補給衛星のプロトタイプの開発から、静止軌道上での実証運用に契約範囲が拡大しています。国内では、内閣府主導のもと創設された「経済安全保障重要技術育成プログラム（以下「K Program」）において、国立研究開発法人科学技術振興機構（以下「JST」）が公募した「協力衛星を対象とした宇宙空間における燃料補給技術の確立」の研究開発の募集が行われ、2025年１月に、日本子会社である株式会社アストロスケールが委託先として採択されました。2025年９月には初年度の契約を締結し、衛星名をREFLEX-Jとしてプロジェクトが開始いたしました。その後初年度の契約額増額、２年目の契約締結を行っております。なお、燃料補給サービスに必要な衛星給油口接続システムについては、本田技術研究所と共同で開発し、本ミッションにおいて使用される予定です。

 


③ 衛星の修理・改修サービス

概要：衛星の修理・改修サービスは運用中の既存衛星に接近した上で安全に接続し、ロボティクス等の技術を用いて劣化・旧式化したシステムの交換等による衛星の修理や機能アップグレードを通じた寿命延長を計るサービスです。

主な顧客：本サービスが想定する対象顧客は政府機関、防衛機関や民間事業者です。

提供価値：軌道上での修理・改修を可能とすることにより、顧客は代替機を打ち上げることと比較して低廉な投資額で損傷した衛星を修理し、運用を継続できる他、運用中に機能アップグレードを施すことで獲得できる収益を増加させること等が期待できます。また、修理を前提とした衛星の設計を採用することにより、必要となる冗長性を減らし、当初必要となる設備投資額を緩和させる効果も期待できます。

技術：修理・改修サービスでは、ADRやEOLサービス同様、対象衛星に接近・ドッキングすることが求められます。その上で、ロボットアーム等の機構を用いて、部品の交換等を実施します。また、軌道上で精密な動きを求められるほど修理に係るコストが高くなることが想定されるため、対象となる衛星を容易に修理可能となるようモジュール化しておくことで、運用期間全体にわたるコストの低減を狙うことが可能となります。

事業上の取り組み：当社グループは英国で2025年12月に欧州宇宙機関から軌道上改修・アップグレードサービス（In-Orbit Refurbishment and Upgrading Service）の調査案件を受注いたしました。この調査案件においては、ロボット技術とサービス技術を用いて、軌道上の既存衛星に安全に接続し機能向上を図る方法を検討し、劣化・旧式化したシステムの交換等による衛星の機能アップグレードや寿命延長が、技術的及び商業的に実現可能か評価することを目的としています。また、米国では2026年１月に米国航空宇宙局（以下「NASA」）よりNASAのHabitable Worlds Observatory (以下「HWO」)への軌道上サービス提供の可能性を調査する新規案件に採択されました。本案件は、NASAと初めての直接契約です。HWO は、他の恒星を周回する惑星において生命の兆候を探すことを目的に設計された、初めての宇宙望遠鏡です。NASA は今回初めて、将来軌道上サービスを受けることを前提としたミッション設計を検討し、軌道上サービスを受けることで、HWO の運用を世代を超えて長期的に継続することを目指しています。本件では、ASUSの軌道上サービスの技術を取り入れることで、HWOの①プログラムリスクの低減、②科学的成果の向上、③資源利用の最適化、④観測停止期間の最小化、⑤メンテナンス及びアップグレード機会の最大化を実現する方法を調査します。

 


④ ADR（既存デブリの除去サービス）

概要：ADRサービスは、捕獲用アームを用いたデブリの除去サービスであり、当社グループのサービサーを打ち上げ、既存デブリを捕獲し、軌道を降下させ、大気圏で燃焼させて除去するサービスです。既存デブリのうち、特に質量数トン級の巨大なデブリは破砕すると宇宙環境に大きな影響を与えるため、早期の除去が必要です。

主な顧客：本サービスが想定する対象顧客は政府機関です（過去に排出されたデブリの大半が政府機関によるミッションに由来するものであることに加え、過去に民間事業者により排出されたデブリについては、その排出の責任を当該民間事業者に遡及的に問うことは困難であるため）。

提供価値：既存デブリを早期に除去することで、既存デブリが破砕し、捕捉も捕獲もできない小さなデブリとなることを防ぎます。宇宙環境を保全し、宇宙空間に配置されている衛星群を持続的に利用するためには、既存デブリの除去が必要です。

技術：ADRサービスにおいては、当社グループのサービサーが、既存デブリ（重量数トンまで）をクライアントとして、接近し、捕獲用アームで捕獲後、軌道を降下させることで、クライアントを混雑軌道から退避させて破砕による宇宙環境の悪化を防ぎます。EOLサービスと異なり、クライアントがドッキングプレートを搭載していないことから、捕獲に磁石ではなく捕獲用アームを使用するため、運動推定や捕獲の難易度はEOLサービスより高くなります。

事業上の取り組み：日本では、宇宙航空研究開発機構（以下「JAXA」）が民間事業者と連携し、世界初の大型デブリ除去等の技術実証（CRD2：商業デブリ除去実証）を開始しました。当社グループは、2020年に同ミッションのフェーズIを受注しました。フェーズIは、サービサーが、非協力物体であり日本を登録国としているロケットの上段へ接近し、その運動や損傷・劣化状況を観測するものです。そのため、フェーズIで実証された技術の内容は、先述のISSAに相当します。当社グループは、CRD2のフェーズIを遂行する当社グループのサービサー衛星であるADRAS-Jを2024年２月18日に打ち上げ、JAXA要求ミッションを完了しました（後述の「3.4 ADRAS-J（アドラス・ジェイ）」参照）。また、フェーズII(ADRAS-J2)においては、当該ロケット上段に接近後、捕獲し軌道降下させる実証実験が計画されております。当社グループは、フェーズIIに係るフロントローディング技術検討を2022年８月に受注し、2023年12月に完了しており、フェーズII本体についても、2024年４月にJAXAから株式会社アストロスケールを選定企業として選定する旨の選定結果通知書を受領し、2024年８月に契約締結いたしました。

英国では、英国宇宙庁（United Kingdom Space Agency、以下「UKSA」）のデブリ除去プログラムCOSMICに関し、2021年10月にADRの概念設計(フェーズ0/A)を受注、2022年９月には基礎設計に該当するフェーズBを受注し、2024年４月にはフェーズBを完了しました。さらに、従前当社開示資料にてCOSMICフェーズCと呼称していた後続ミッションの初期段階を切り出したフェーズ２を2024年９月に受注し、2025年５月に完了しました。2025年７月に後続フェーズであるミッション契約の公募が公表され、Astroscale Ltdは入札に参加しています。

フランスでは、フランス国立宇宙研究センター（CNES）と、2023年６月に同国由来のデブリのうちいずれを優先的に除去すべきか検討するための共同研究契約を締結しました。

今後、日本での実証を経て技術が成熟化し、尚且つ世界の主要国で各国が排出したデブリを除去するためのサービス調達が始まることを想定して、当社グループは、世界主要国の政府機関や宇宙機関を主要顧客としてADRサービスを展開します。

 


⑤ EOL（衛星運用終了時のデブリ化防止のための除去サービス）

概要：EOLサービスは、運用を終了した衛星のデブリ化を防止するための除去サービスです。具体的には、当社グループの捕獲機（サービサー）を打ち上げ、故障機や寿命を迎えた衛星を捕獲し、のちに軌道を降下させ、大気圏で燃焼させて除去するサービスです。ADRと異なり、打上げ前にドッキングプレートを潜在顧客衛星に取り付けておくことで、磁石を用いた捕獲機構で捕獲が可能となります。接近・捕獲の難易度を下げることに加え、1,000kg以下の故障衛星を対象とし、サービサー１機で複数の故障衛星を除去することを想定しており、ADRに比して安価な除去サービスが可能になります。

主な顧客：本サービスが想定する対象顧客は衛星コンステレーションの運用事業者です。衛星コンステレーションは、多数の衛星を一つの軌道面に配備し、その上で、複数の軌道面を用いることで、数十機から数千機の衛星を用いて地球全体をカバーする運用を行います。故障機等がデブリとして軌道上にそのまま放置され続けると、デブリと故障機の衝突により生じた微小デブリによる軌道面汚染、自社の他衛星との衝突によるサービス停止、及び衝突回避のための燃料消費による衛星の短命化等の危険性が高まり、かかるリスクによって収益が減少する恐れがあるため、速やかに故障機等を除去するニーズがあります。2020年前後より、数社が大型のコンステレーション衛星の打上げを開始し、現在、世界中で100以上の会社・組織がコンステレーション衛星の設計・開発又はその検討を進めています。

 




図12 コンステレーション衛星の配置イメージ

 

今後生まれるデブリの大半は、コンステレーション衛星から発生すると考えられています。各コンステレーション衛星は、ミッション終了後に軌道離脱（デオービット）する機構を保有しますが、故障した場合の軌道離脱のバックアップ手段を有しません。

国際機関間スペースデブリ調整委員会（以下「IADC」）によるデブリ低減ガイドライン及び国連デブリ低減ガイドラインでは、低軌道（LEO）においては、衛星の運用終了後25年以内に、大気圏に突入し燃焼することでの廃棄を行うこと（Post Mission Disposal、以下「PMD」）とされています。軌道上の衛星のうち、運用終了後25年以内に大気圏に落下させることによる廃棄の成功率（Post Mission Disposal Rate、以下「PMD率」。自然に25年以内に落下する軌道の物体は除く）は、2000年以降改善してきたものの、７割程度にとどまっており（注１）、全体の衛星数の増加を考えると、運用終了又は故障後の衛星の多くが宇宙空間に長期にわたり残存して宇宙環境を悪化させていることがうかがえます。

提供価値：上述のデブリと故障機の衝突により生じた微小デブリによる軌道面汚染、自社他衛星との衝突によるサービス停止、及び衝突回避のための燃料消費による衛星の短命化等、並びにこれらのリスクによってもたらされる収益減少のリスクを低減します。また、米国、欧州、日本等の各国・地域において進んでいるデブリ低減のための新たな法規制づくりの遵守を可能にします（注２）。さらに、EOLはコンステレーション衛星のエコノミクスを最適化します。コンステレーション衛星自らによる軌道離脱だけでPMD率を100%に近づけようとすると、全ての衛星に二系統の軌道離脱機能を持たせることなどが必要になりますが、その反面、重量や打上げ費用の増加等によりコストが大幅に上昇します。加えて、コンステレーション衛星は、寿命が近づくと次の新たな衛星群に世代交代しサービスを継続しますが、新たな衛星群の準備が間に合わない場合には、軌道離脱用の燃料を用いて運用寿命を延長し、自力で軌道離脱できなくなった衛星にEOLサービスを用いるという選択肢も提供します。

技術：EOLサービスは、コンステレーション衛星に、ドッキングプレートを搭載することを前提としています。故障機又は運用終了後の衛星である捕獲対象衛星（クライアント）を捕獲する際は、あらかじめドッキングプレートを付けたクライアント（主に重量100kg～1,000kg）に対し、捕獲機（サービサー）が磁石を用いた捕獲機構を駆使して捕獲・除去します。

事業上の取り組み：グローバルに衛星通信サービスを提供するNetwork Access Associates Ltd（以下「Eutelsat OneWeb社」）は、2019年12月には当社グループが設計に参画した、Altius Space Machines Inc.（以下「Altius社」）製ドッキングプレートを事前にEutelsat OneWeb社の衛星に搭載することを発表し、2020年12月以降に打ち上げられた同社の全ての衛星にドッキングプレートが搭載されています。また、ESAによる支援のもと、当社グループは、Eutelsat OneWeb社とSunriseプロジェクトを契約し、故障や運用終了により役目を終えたコンステレーション衛星を複数機除去可能なEOLサービサー「ELSA-M」（後述）を開発中です。Sunriseプロジェクトは、2024年７月、全部で４つのフェーズのうちの最終フェーズ（フェーズ４）の契約を獲得しました。また、他の衛星コンステレーション運用事業者も、ELSA-Mによる磁石捕獲が可能なインターフェースの事前の搭載を検討しております。Astro Digital US Inc.(以下「Astro Digital社」)は、同社が製造するコンステレーション衛星等向けのバスに当社グループ製のドッキングプレートを搭載することを発表し、2025年１月に搭載済み衛星が打上げられました。Airbus Constellations Satellites SAS社からは、2025年３月に100個以上のドッキングプレートを受注いたしました。また、上記以外の衛星コンステレーション運用事業者ともドッキングプレートの搭載について議論を続けており、2025年11月に公表した詳細非開示のドッキングプレートの受注をもって、将来ドッキングプレートを搭載した軌道上の衛星は1,000基を超える見込みです。本書提出日現在、ドッキングプレート（ELSA-Mと互換性のある第三者製造のドッキングプレートを含む）を搭載した衛星は軌道上に571機存在しております。

 

(注) １．ESA's Annual Space Environment Report 2026

２．詳細については、下記「第２ 事業の状況 １ 経営方針、経営環境及び対処すべき課題等 (3) 経営環境及び対処すべき課題」の「法規制作りへの働きかけ」をご参照ください。

 




図13 ドッキングプレートについて

左：ELSA-Mがドッキングプレートを目標として故障衛星に接近する様子（イメージ図）

右：ドッキングプレート

 

 


2.4 事業系統図

当社グループは、軌道上サービサーの設計・開発及び製造から、サービス提供に至るまで一貫して自社で行います。当社のサービス提供領域は宇宙空間ですが、ミッション遂行時の取得データを地上で顧客に提供する場合もあります。５つの軌道上サービスのいずれも、対象物体（衛星やデブリなど）の保有者や運用者から依頼を受けてサービスを提供し、かかるサービス提供の対価を受領する仕組みです。サービサーの一部部品の調達や加工においてはサプライヤーと協業し、ロケットによる打上げは、打上げサービス業者に委託します。

 




図14 当社グループの事業系統図

 

当社グループが想定する収入形態は、政府機関・防衛機関等の需要に応じたプロジェクトか民間需要に応じたミッションかによって異なります。また、今後市場の成長・成熟化に伴い、想定される収入形態が変化する可能性もあります。

政府機関・防衛機関と締結する契約に基づく収入は、現時点においては、調査研究・研究開発・宇宙空間での実証のいずれについてもマイルストーン収入がメインとなっており、実証完了後のサービスの提供についてもマイルストーン収入がメインになると想定しております。マイルストーン収入は、後述する、宇宙業界特有の技術開発段階等に応じて設置された審査会の審査結果をもって支払われるケースが多く、ミッション完了まで複数回に分けて支払いを受けることになります。

なお、LEXサービスは、政府機関・防衛機関の顧客に対しては、当社グループが開発したサービサーを宇宙空間において顧客に引き渡し、以後の宇宙空間におけるサービサーの運用は政府機関顧客が行い、収入体系についてもサービサーの販売収入となることを見込んでおります。また、政府機関顧客との契約締結からサービサーの提供までには、約２〜３年を要すると見込んでおります。他方で、民間事業者を顧客とする場合は、契約時の少額の頭金と寿命延長期間のサービスフィー収入になることを見込んでおります。

民間コンステレーションを主な顧客と想定するEOLサービスについては、費用の大部分は衛星開発や打上げに関するものであり、打上げ時までに発生するため、打上げまでにかかる費用の大部分に対応する打上げ前のマイルストーン収入とミッション成功時の支払いの組み合わせを標準的な支払モデルとして想定しております。当社グループとしては、支払モデルの変更（定額払い等の採用）については顧客の要望に柔軟に対応しつつも、当社グループの事業運営上確保されるべき資金回収のタイミング及びマージンは堅持する方針です。

 




図15 収入形態（イメージ図）

 

当社グループへのマイルストーン収入の入金は、原則としてマイルストーンの達成に関する審査の完了後となります。また、顧客契約については、顧客セグメントによって支払形態や収益認識方法が異なります。

 




図16 顧客セグメントと契約形態及び収益認識の関係

 


 3 研究開発の状況



3.1 先進的技術

当社グループは、軌道上サービスを事業化させるために、先進的な技術開発を自社内で行っております。主なイノベーションとして、RPO技術、様々な宇宙機・物体を捕獲するための捕獲機構及び事前に衛星に取り付けるドッキングプレート、接近や捕獲動作等をアルゴリズムで自律的に判断することでより正確、安全、効率的な運用を可能にする自律化技術、複雑な運用を安全に実現するための地上局（アンテナ）網と管制局などがあります。

 




図17 イノベーションを支える革新技術

 


3.2 開発方針

品質、信頼性、安全性、コンフィギュレーション、スケジュール等のプロジェクト管理を含む品質保証体系については、航空宇宙業界のグローバルスタンダードとされる品質マネジメントシステム（QMS）要求規格である、AS/EN/JIS Q 9100に準拠した規定を制定し、実業務への浸透を行っております。

また、当社グループは、宇宙機のような大規模で複雑なシステムの開発アプローチ方法の基本である、システムズエンジニアリング手法の開発Ｖ字モデルを忠実に採用しています。このモデルは、NASA、ESA、JAXAのほか、多くの航空宇宙企業が採用しております。このモデルに沿った設計・試験を実施する場合、例えば、システム試験を行う段階では、下位のコンポーネントやサブシステムそのものにおける不具合は、全て洗い出し・修正が完了しているとみなせます。このため、システム試験では、システム設計とサブシステム間インターフェースの不具合を洗い出すことに専念でき、手戻りがありません。また、最終的な地上でのシステム試験が完了したということは、軌道上でのミッションの実現を担保するものになっていると考えられます。

他方で、軌道上サービスのような新規性の高いミッションでは、伝統的な開発プロセスではシステム要求を定義し難いことや、新規技術に対する耐環境性や機能の検証作業に要する時間が長くかかりすぎて問題の発見が遅れ、手戻りが発生するなどのリスクがあります。そこで、信頼性を担保しつつ、合理的な開発スケジュールと収益性を実現するために、開発アプローチ、試験検証単位の考え方、信頼性工学に基づく手法など、柔軟かつ効果的な方法を取り入れています。

 




図18 開発の基本となるシステムズエンジニアリングのＶ字モデル

 













MCR



Mission Concept Review

ミッション概念審査



ミッションのニーズを確認し、提案されたミッションの目的と、その目的を達成するための概念を審査







MDR



Mission Design Review

ミッション定義審査



ミッションを遂行するために必要なシステムの要求事項をまとめ、要求事項を実現するためのシステムを定義するための全体計画を策定







SRR



System Requirement Review

システム要求審査



必要なシステムに関する機能や性能の要求及び、その検証方針の妥当性を審査し、定義したミッションを満たすことを確認







PDR



Preliminary Design Review

基本設計審査



契約書やシステム仕様の各項目を満足する製品の実現性などを検討し、詳細設計に移行できることを確認する設計審査







CDR



Critical Design Review

詳細設計審査



フライトモデルの製造に先立ち、製品の詳細な設計内容が技術仕様書の要求事項を満足し、製造に移行できることを確認する設計審査







PSR



Pre-shipment Review

出荷前審査



衛星の出荷に際し、衛星や管制センターなど全体システムが契約書・技術仕様書の要求事項を満足し、出荷に問題がないことを確認する審査







ORR



Operational Readiness Review

運用準備審査



運用へ移行する準備が整っていること、あらゆる運用モード（正規、緊急、計画外）も考慮して運用の準備が整っていることを確認する審査





 


 

 

 


3.3 ELSA-d（エルサ・ディー）

ELSA-dは、EOLサービス（衛星運用終了時のデブリ化防止のための除去サービス）に係る一連のコア技術の宇宙実証を目的として開発されました。ELSA-dの名称は、End-of-Life Service by Astroscale – demonstrationの略です。ELSA-dで培われた技術は、ADR、LEX、ISSA等他の軌道上サービスに必要な技術開発の基盤にもなります。

ELSA-dはサービサー衛星（捕獲機）とクライアント衛星（模擬デブリ）から成り立っており、デブリ除去に必要な一連の技術（上記RPO技術の重要な部分を包含します。）を搭載したend-to-endの世界初のデブリ除去実証です。当社グループの知る限り、非協力物体の捕獲、連続可視のない状況下での接近・捕獲を目的とする宇宙実証は世界初と認識しています。

 




 図19 宇宙空間航行中のイメージ図

左：サービサー（捕獲機）、右：クライアント衛星（模擬デブリ）

 




図20 デブリ除去技術実証衛星ELSA-d（エルサ・ディー）

左：打上げ直前のELSA-d最終確認の様子、右：英国オフィス管制センターと運用チーム

 

ELSA-dは、2021年３月に高度550kmの軌道へサービサーとクライアントを固定した状態で打ち上げられました。約１年をかけて、デブリ除去に必要な技術要素である、クライアントの捕獲・分離機構や、接近に必要なセンサ群やスラスタ機能及び航法誘導制御技術（サービサーの位置や速度等を把握し、目標地点へ到達するための軌道を生成し、サービサーを制御していく技術）、また、それらを実現する管制センターや運用技術等の実証を行いました。

ELSA-dミッションにて、以下を含むデブリ除去のためのコア技術を実証することができました。

・自律制御機能と航法誘導制御アルゴリズム

・航法センサ群を駆使した閉ループ制御（自律的に望ましい状態との差を縮めていく制御）

・スラスタによる自律的な接近マヌーバ及び姿勢制御

・絶対航法の技術（GPSと地上観測）を活用したサービサーの誘導航法（クライアントから約1,700kmの距離から約160mへの接近）

・絶対航法から相対航法への移行（サービサー搭載のLPRセンサを活用）

・２年以上にわたる軌道上でのミッション運用経験

・ドッキングプレートと磁石を用いた捕獲機構

 




図21 ELSA-dの宇宙実証の内容（*はサービサーとクライアントの距離）

 

ELSA-dは、2022年には、米宇宙業界誌Via Satelliteの「Satellite Technology of the Year」や内閣府主催第５回宇宙開発利用大賞の「内閣府特命担当大臣（宇宙政策）賞」を、2023年には、国際宇宙会議（International Astronautical Congress）において国際宇宙航行連盟（International Astronautical Federation）より「The IAF Excellence in Industry Award」を含む数々の賞を受賞しており、この先駆的な技術開発とその宇宙実証により宇宙の持続可能性（スペースサステナビリティ）や軌道上サービスの実現への道を切り拓いたという観点で評価を得たものと考えております。

 


3.4 ADRAS-J（アドラス・ジェイ）

ADRAS-Jは世界で初めて、実際にデブリに至近距離まで接近し観測・点検を行った画期的な衛星です。

対象となるデブリへのRPOを実施し、接近・近傍運用を実証し、長期にわたり放置されたデブリの運動や損傷・劣化状況の撮像を行いました。具体的には、低軌道（LEO）にあるロケット上段（H-IIAロケット15号機の第２段（2009年１月打上げ））について、遠方域接近、近接接近、運動推定・回転などを行いました。

 




図22 宇宙空間航行中のイメージ図

左：サービサー（捕獲機）、右：クライアント衛星（H-IIAロケット上段）

 

ADRAS-Jは、Rocket Lab, Inc.のロケット「Electron」により、ニュージーランドのマヒア半島所在の同社第１発射施設（Launch Complex 1）より、2024年２月18日に打ち上げられました。打上げは、正確なタイミングで行われ、予定通りの軌道に投入されました。ADRAS-Jは、軌道投入後の４日間の初期運用を無事に終えた後、同年２月22日に接近フェーズへと移行しました。

同年４月16日に赤外線カメラによって取得するデブリの形や姿勢などの情報を用いる相対航法（Model Matching Navigation）を開始し、同年４月17日にデブリの後方数百mへの接近に成功しました。また、同年５月23日には、観測対象のデブリから約50mの距離へ接近に成功し、さらにその距離において定点観測に成功しました。これは、民間企業がRPO（ランデブ・近傍運用）を通じて実際のデブリに世界で最も近接した距離（注１）となります。加えて、同年６月19日にデブリの状態や動きを詳細に把握するために観測対象のデブリの周回観測も行い、その実施中に行われた自律的なアボート（クライアントに対する衝突を回避するためマヌーバを実施し安全な距離まで待避すること）により、安全運用のための衝突回避機能の有効性も実証いたしました。同年７月15日、16日には、観測対象のデブリの周回観測（デブリの周囲を約50mの距離を維持しつつ姿勢を制御しながら360度周回飛行する運用）に成功いたしました。本物のデブリの周囲を飛行する運用の成功は世界初となります（注１）。

さらに、同年11月30日には、最終接近を実施し、将来のデブリ除去としてその捕獲や軌道離脱も行うADRAS-J2のミッションで捕獲箇所として想定している衛星分離部（PAF）の下方に回り込んで接近し、約50mから約15mへとデブリとの距離をさらに縮めました。

2026年３月25日には、全実証を終了し、軌道上での運用終了に向け、軌道降下の運用を開始しました。今後は軌道降下運用を継続し、最終的には大気圏に再突入する予定です。

 

（注）１．過去の同様ミッション実施の有無に関する当社調査に基づき判断しています。

 

 

 




図23 ADRAS-Jの定点観測により撮影された観測対象のデブリ

 




図24 ADRAS-Jの周回観測により撮影された観測対象のデブリ

 

 


3.5 開発・製造体制の確保

現在、当社グループの衛星の設計・開発・製造は、日本、英国、米国、イスラエル、フランスの各オフィスにて分担し、日々連携しております。各国で開発・製造体制を整えることで、プロジェクトや従業員の採用を並行して進められることに加え、各国の政府機関・宇宙機関プロジェクトの受注にあたっては、その国での製造、雇用その他サプライチェーンの活用などが要件とされる場合があることなどから、複数地域で開発・製造体制を整備することは当社グループの成長に寄与します。開発・製造体制については、今後とも軌道上サービス市場の伸びに応じて、また、セキュリティ面で特段の配慮を必要とする防衛機関からの需要にも対応できるよう、拡張していく予定です。

 




図25 各国の拠点"
1870,矢作建設工業株式会社,2026-03-31,"３【事業の内容】

当社グループは、当社、子会社８社で構成され、建築、土木、不動産の事業を行っております。

当社グループの事業に係る位置づけ及び報告セグメントとの関連は、次のとおりであります。

なお、次の３部門は「第５ 経理の状況 １. 連結財務諸表等 （１）連結財務諸表 注記事項（セグメント情報等）」に掲げる報告セグメントの区分と同一であります。

 

（建築セグメント）

当社が建築工事の請負並びにこれに付帯する事業を営んでいるほか、子会社では矢作ビル&ライフ株式会社と北和建設株式会社が建築事業、株式会社テクノサポートが建設用資材の販売を行っております。また、当社グループ独自の外付耐震補強工法による耐震診断やコンサルティング、調査、設計、施工など一連の耐震補強サービスの提供を矢作ビル&ライフ株式会社、株式会社テクノサポートが行っております。なお、その他の関係会社である名古屋鉄道株式会社より駅舎建築工事等を継続的に受注しております。

（土木セグメント）

当社が土木・鉄道工事の請負並びにこれに付帯する事業を営んでいるほか、子会社ではヤハギ道路株式会社が道路舗装及び土木工事の請負に関する事業、ヤハギ緑化株式会社が緑化工事及びゴルフ場の維持管理に関する事業、株式会社テクノサポートが補強土工法「パンウォール」に関する事業を営んでおり、南信高森開発株式会社は、ゴルフコース（コース名：高森カントリークラブ）を所有し、その運営を行っております。また、その他の関係会社である名古屋鉄道株式会社より鉄道工事等を継続的に受注しております。

（不動産セグメント）

当社が不動産の売買、賃貸等の不動産事業を営む他、子会社の矢作地所株式会社が分譲マンション、不動産賃貸及び不動産開発事業を行い、矢作ビル&ライフ株式会社がビル・マンション管理、不動産賃貸及び分譲マンションのカスタマーサービス事業を行っております。当社は、矢作地所株式会社よりマンション工事等を受注しております。

※なお、2026年４月１日付で分譲マンション及び分譲マンション管理事業については譲渡しております。

以上に述べた事項の概略図を示すと、次のとおりであります。"
1871,ピーエス・コンストラクション株式会社,2026-03-31,"３【事業の内容】

当社グループは、当社、子会社８社、関連会社２社で構成され、土木事業、建築事業、関係会社事業、その他事業を主な事業の内容としております。また、当社グループは、大成建設グループに属しております。

なお、当連結会計年度より、報告セグメントを従来の「土木事業」、「建築事業」、「製造事業」、「その他兼業事業」の４区分から、「土木事業」、「建築事業」、「関係会社事業」、「その他事業」の４区分に変更しております。

当社グループの事業内容及び当社と関係会社の当該事業に係る位置付けは次のとおりであります。

次の４部門は「第５ 経理の状況 １ 連結財務諸表等 (1)連結財務諸表 注記事項」に掲げるセグメントの区分と同一であります。

土木事業

当社はプレストレスト・コンクリート（ＰＣ※）工事、その他一般土木工事の請負等及び

ＰＣ製品等の製造販売を営んでおります。

 

親会社である大成建設株式会社から土木工事等の発注を受け施工協力を行っています。

建築事業

当社はプレストレスト・コンクリート工事、その他一般建築工事の請負等及びＰＣ製品等の

製造販売を営んでおります。

親会社である大成建設株式会社から建築工事等の発注を受け施工協力を行っています。

 

関係会社事業

当社の連結子会社が行っている事業であります。

 

その他事業

当社は不動産の販売・賃貸及び仲介を営んでおります。

 

 

※プレストレスト・コンクリート（ＰＣ）とは、あらかじめ応力を与えることで、一般的にコンクリートの最大の弱点とされる引張力に対する耐性を強化したコンクリートを指します。

 

以上について事業系統図を示すと次のとおりであります。

（注）１.関係会社の一部は複数の事業を行っており、上記区分は代表的な事業内容により記載しております。

２.当社は2026年４月１日付でピー・エス・コンクリート株式会社を吸収合併しております。"
1873,株式会社日本ハウスホールディングス,2026-04-30,"３ 【事業の内容】

当社グループは、当社、連結子会社４社を中心にして構成されており、住宅の請負建築、宅地の造成・販売を中心とした住宅事業及びホテル・レジャー施設の経営を行うホテル事業など、住の生活産業とサービス産業に関連した事業を行なっております。

なお、次の３部門は「第５ 経理の状況 １(1) 連結財務諸表 注記事項(セグメント情報等)」に掲げるセグメントの区分と同一であります。













(住宅事業)



…



当社が顧客から住宅工事を請負い、㈱日本ハウスウッドワークス北海道、㈱日本ハウスウッドワークス中部等より住宅部材を仕入れて指定外注先で施工し、当社が施工監理し販売しております。







(ホテル事業)



…



主に当社所有のホテル・レジャー施設を㈱日本ハウス・ホテル＆リゾートが運営管理しております。







(その他事業)



…



当社が太陽光発電による電力会社への売電を行っております。





 


 

事業の系統図は次のとおりであります。

 




※ 連結子会社であります。"
1878,大東建託株式会社,2026-03-31,"３ 【事業の内容】

当社グループは、当社、連結子会社71社、関連会社５社で構成され、建物賃貸事業によって土地活用を考える土地所有者に対し、建物賃貸事業の企画・建築・不動産の仲介・不動産管理までを総合的に提供するとともに、関連事業にも積極的に取り組んでいます。

なお、当社グループの各事業における当社及び関係会社の位置づけは次のとおりであり、セグメントと同一の区分です。













建設事業



…………………



当社は、土地の有効活用に関する企画を提案するとともに建築請負契約を締結し、設計及び施工を行っています。

大東建設株式会社は、当社が施工する建築工事の一部の請負を行っています。

大東スチール株式会社は、当社の建築工事に要する資材の一部を供給しています。

DAITO CANADA TRADING INC.は、カナダの現地製材所と連携し、安定的に適正価格で木材調達を行い、当社に供給しています。

株式会社シマは、関西圏・首都圏を中心に公営住宅や民間物流施設等の施工を行っています。





 


 

不動産賃貸事業













一括借上



…………



大東建託パートナーズ株式会社は、「賃貸経営受託システム」において、家主と一括借上契約を締結し、また、入居者と転貸借契約を締結し、一括借上事業を行っています。







不動産の仲介



…………



大東建託リーシング株式会社、ハウスコムグループ及び良部屋商務咨詢（上海）有限公司は、賃貸建物に対し入居者の仲介斡旋を行っています。







不動産の賃貸



…………



大東建託株式会社が保有しているオフィスビル等の一部を、テナントに対し賃貸しています。





 















保証人の受託



…………



ハウスリーブ株式会社は、賃貸建物入居者の保証人受託等の事業を行っています。





 















不動産プラット

フォーム



………



株式会社キマルームは、不動産業務の総合デジタルプラットフォームの企画・開発・販売・運営を行っています。





 


 













不動産開発事業



…………



当社は、物流施設、ホテルの開発・販売を行っています。

株式会社インヴァランスは、東京23区を中心に資産運用型マンションの開発・販売をしています。

大東建託アセットソリューション株式会社は、収益不動産の買取リノベ再販・開発販売を行っています。

DK Realty Management America,Inc.は、アメリカにおける不動産管理・仲介事業を行っています。

Amethyst Investment,LLC.は、アメリカにおける収益不動産の買取リノベ再販を行っています。

株式会社アスコット及び同社の子会社は、都心エリアを中心にマンション、オフィス、商業施設、物流施設等の開発・販売をしています。

大東建託インベストメント・マネジメント株式会社は、不動産ファンドの管理・運営を行っています。

KME PROP REAL ESTATE,LLC.は、ドバイにおける収益不動産の開発販売を行う予定です。





 


 













金融事業



…………………



大東ファイナンス株式会社は、建築資金融資（金融機関から長期融資が実行されるまでのつなぎ融資及び長期融資の２次融資）等を行っています。
大東みらい信託株式会社は、不動産管理信託を中心とする信託業務及び資産承継・資産管理に関するコンサルティング業務を行っています。
少額短期保険ハウスガード株式会社は、家主及び賃貸入居者向けの火災保険を販売しています。
ハウスリーブ株式会社(ハウスペイメント㈱はハウスリーブ㈱に吸収合併されました)は、賃貸不動産専用のクレジットカード決済代行業務を行っています。
D.T.C. REINSURANCE LIMITEDは、大東建託リーシング株式会社及びハウスコムグループを代理店とする賃貸アパート・賃貸マンションの入居者に対する火災保険等の再保険会社です。





 


 














その他事業



………………



１)



株式会社ガスパル及び地域子会社は、燃料（ＬＰガス等）の販売等を行っています。







 



 



２)



ケアパートナー株式会社は、デイサービスセンター及び住宅型有料老人ホーム、保育施設の運営、訪問介護・看護サービス等を行っています。







 



 



３)



大東コーポレートサービス株式会社は、障害者雇用促進法に基づき設立された特例子会社であり、当社グループからの事務作業の受託及びシェアードサービス等を行っています。







 



 



４)



DAITO ASIA DEVELOPMENT PTE.LTD.は、海外ホテル事業の運営を行っている会社に対し出資及び資金融資を行っています。







 



 



５)



DAITO ASIA DEVELOPMENT (MALAYSIA) SDN.BHD.及びDAITO ASIA DEVELOPMENT (MALAYSIA) Ⅱ SDN.BHD.は、マレーシアのクアラルンプールにおけるホテル事業を行っています。







 



 



６)



DAITO KENTAKU USA,LLC.は、米国における不動産投資事業を行っています。







 



 



７)



大東バイオエナジー株式会社、株式会社一戸フォレストパワー及び株式会社一戸森林資源は、自然エネルギー等による発電事業及びその管理・運営並びに電気の販売等に関する事業を行っています。





 


 

事業の系統図は、次のとおりです。"
1879,新日本建設株式会社,2026-03-31,"３ 【事業の内容】

当社グループ(当社及び当社の関係会社)は、当社、連結子会社３社(㈱建研、㈱新日本コミュニティー及び新日本不動産㈱)、非連結子会社２社(リハウスビルドジャパン㈱及びSHINNIHON AMERICA, INC.)、関連会社３社(㈱ならしのスクールランチ、ＭＩＣＥ ＩＲ千葉㈱、ＰＦＩこしがや教育推進整備㈱)の計９社で構成されており、建設事業及び開発事業等を主たる業務として事業活動を展開しております。

当社及び当社の関係会社の事業における当社及び関係会社の位置付け並びにセグメントとの関連は、以下のとおりであります。なお、以下に示す区分は、セグメントと同一であります。

建設事業

(イ)当社は、建築・土木工事を請負い、企画、設計及び施工しております。

(ロ)子会社㈱建研は、主に自社及び提携工場で製造するプレキャスト及びプレストレストコンクリート部材を主材とする建築・土木工事、アウトフレーム工法による耐震補強工事を請負い、企画、設計及び施工しております。また、当社より建築工事を請負い、施工しております。

(ハ)子会社㈱新日本コミュニティーは、小規模工事及び管理を受託しているマンションの大規模修繕工事等を当社及び得意先より請負い、施工しております。

開発事業等

(イ)当社は、土地を取得して建物を建設し、分譲又は一括譲渡しております。また、オフィスビル等を保有し、賃貸しております。

(ロ)子会社㈱新日本コミュニティーは、当社保有物件及び当社販売・建築物件の一部について、マンション・ビル管理及び賃貸管理を受託しております。

(ハ)子会社新日本不動産㈱は、新日本ビル(当社の本社社屋)を保有し、当社に賃貸しております。

※非連結子会社２社及び関連会社３社につきましては、重要性がないため記載を省略しております。

事業の系統図は以下のとおりであります。"
1882,東亜道路工業株式会社,2026-03-31,"３ 【事業の内容】

当社グループは、当社及び関係会社26社(子会社24社、関連会社２社)で構成されており、建設事業を中核に、関連する建設資材の製造販売事業、環境事業等を主たる事業内容としております。

当社グループ各社の主な事業に係わる位置付け及びセグメント情報との関連は、以下のとおりであります。

 

建設事業

舗装工事を中心として、土木工事、造園・緑化工事、スポーツ施設工事、地盤改良工事、河川改修工事、特殊浚渫工事等の建設工事、建設物の解体、コンサルタント業務等を行っております。

主な関係会社

姶建産業株式会社、株式会社敷島組、コクド株式会社等14社

建設材料等の製造販売・環境事業等

アスファルト乳剤、改質アスファルト、アスファルト合材、リサイクル骨材、土木・生コンクリート用砕石等の製造・販売、建設機械の製造販売、舗装工事等に関連する商品販売、建設廃棄物の中間処理、汚染土壌の調査・浄化処理等を行う環境事業等を行っております。

主な関係会社

札幌共同アスコン株式会社、株式会社東亜利根ボーリング、株式会社トーア物流等12社

 

 

 

2026年３月31日現在での事業の系統図は次のとおりであります。"
1885,東亜建設工業株式会社,2026-03-31,"３ 【事業の内容】

当社グループは、当社、子会社15社及び関連会社28社で構成され、建設事業、建設に附帯する事業、不動産事業及び船舶の建造・修理その他の事業活動を展開しております。

セグメントと主要な関係会社の位置付け及び事業の内容は、次のとおりです。

国内土木事業     当社の国内土木工事、設計受託等に関する事業

国内建築事業     当社の国内建築工事、設計受託等に関する事業

海外事業         当社の海外工事全般に関する事業及び現地法人であるPT TOA TUNAS JAYA INDONESIA、R2TOA CORPORATIONが営む事業

その他 当社の不動産の開発、販売、賃貸に関する事業及び関係会社が営む事業

 

事業の系統図は以下のとおりであります。"
1887,日本国土開発株式会社,2026-05-31,"３ 【事業の内容】

当社グループは、当社、子会社18社、関連会社１社で構成され、主な事業内容とその位置づけは次のとおりであります。

以下に示す区分は、セグメントと同一の区分であります。

なお、当連結会計年度より、報告セグメントの区分を変更しております。詳細は、「第５ 経理の状況 １ 連結財務諸表等（１）連結財務諸表 注記事項 （セグメント情報等）」をご参照ください。


(1) 土木事業

当社の土木事業は日本国内と東南アジアを拠点に、総合建設会社として、ダム、河川、橋梁、トンネル、道路、上下水道、造成工事等の社会基盤整備及び災害関連復興工事から、太陽光発電所建設工事まで幅広い工事の施工管理を行っております。建設材料のリサイクルを実現する「ツイスター工法」、自然材料を利用した新しい処分場覆土技術「キャピラリーバリア」、ゴミの減容化に対応する「動圧密工法」等を当社で独自に開発し、実用化を図っております。

また、当社は環境負荷低減と持続可能な社会の実現に向け、CO₂排出削減にも積極的に取り組んでおります。

現在では、建設機械の高度活用による生産性の向上にも力を入れ、特にスクレーパの導入による大規模造成工事における工期短縮・省力化は、生産性向上と環境負荷低減を両立する当社の強みとなっております。さらに、国土交通省が推進するi-Constructionに積極的に取り組み、ICT技術を積極的に導入し、無人航空機（UAV）による測量データの三次元化やICT建機による施工の自動化など、調査・測量から施工、維持管理に至るまでデジタル技術を活用することで、現場の生産性を向上させるための技術開発にも力を入れております。

子会社の国土開発工業株式会社は主に土木工事の施工及び建設用機械の製造・販売・賃貸を行っております。また、海洋工業株式会社は主に動圧密工法、リフューズプレス工法等による地盤改良工事を行うなど、グループ一体となった体制により、施工から機械、地盤改良までを一貫して提供し、環境に配慮した高付加価値なサービスを実現しております。


(2) 建築事業

当社の建築事業は公共施設、競技場等の大型施設、オフィスビル・マンション等の建造物（超高層建築）、マルチテナント型物流施設等、多岐にわたる実績を有しております。工事の工程管理、出来形管理、品質管理等、発注者が要求する管理基準を満たす高い施工管理能力に基づく高品質な建物の提供、及び設計・施工が可能である当社の強みを活かした「建築デザイン計画ソリューション」「建築事業計画ソリューション（お客様の計画の推進と課題解決を総合的にサポートし、プロジェクトの円滑な実現のご提案）」「建物価値再生ソリューション リニューアル・リノベーション・コンバージョン（経年劣化による利便性・機能性の低下、あるいは災害に対する安全性・耐久性の問題などを克服するだけでなく、デザインや機能に新たな付加価値を設けることで、資産価値の向上と収益性確保への貢献、また、コストと収益性の正確な分析・把握を行い、全面改修による既存の機能、用途とは異なる新しい建物への転換・再生のご提案）」「RE100達成の支援（電力コストダウンや再エネ比率の向上に向けた幅広いトータルソリューションのご提案）」「食品工場エンジニアリング（衛生管理対策に加え、セキュリティ対策、人や物の動線計画などの最適なご提案）」「免震エンジニアリング（地域性、地盤状況、建物特性等から免震を導入する建物の地震リスク予測を綿密に行い、免震による効果を解析して、最適なプランのご提案）」等お客様のニーズに合わせたソリューションの提供を行っております。これらの役務の提供にあたっては、様々な技術を用いております。また、子会社のコクドビルエース株式会社は主にリニューアル工事を主体とした建築工事の施工等を行っております。


(3) 不動産事業

当社の不動産事業は、不動産開発・投資・賃貸・販売事業等を行っております。用地取得から企画・開発、販売、賃貸管理まで一貫して事業を展開しており、建設事業との連携により付加価値の高い開発を推進しております。当連結会計年度においては、不動産事業として、豪州ブリスベンにおいてオフィス投資を行っております。

(4) エネルギー事業

当社のエネルギー事業は、再生可能エネルギー事業を中心に展開しております。太陽光発電事業においては、事業スキームに応じて、当社又は連結子会社が太陽光発電所の開発、売電及び売却等を行っております。当社は、宮古発電合同会社を営業者とする匿名組合、松島太陽光発電合同会社を営業者とする匿名組合、延岡太陽光発電合同会社を営業者とする匿名組合、合同会社地域共生発電所を営業者とする匿名組合及び田老発電合同会社を営業者とする匿名組合に出資しており、これらを連結子会社としております。また、営農型太陽光発電事業を展開するＪＤＣグリーンエナジー合同会社及び高圧太陽光発電事業を展開するＪＤＣエナジー合同会社を連結子会社としており、再生可能エネルギー事業の拡充を図っております。

 

 

(5) その他

当社グループは、建設事業に付随する材料・製品事業等を展開しております。福島エコクリート株式会社は、石炭火力発電所から排出される石炭灰を主原料とした路盤材等の石炭灰混合材料（製品名：ORクリート）の製造販売を行っております。また、ＡＮＩＯＮ株式会社は、塩害対策等を目的として樹脂材料やコンクリート材料に添加する硝酸型機能性吸着材（製品名：ADOXパウダー）の製造販売を行っております。

 

主な事業の系統図は次のとおりであります。"
1888,若築建設株式会社,2026-03-31,"３【事業の内容】

当社グループは、当社、子会社９社、関連会社１社及び実質的な親会社１社で構成され、建設事業及び不動産事業を主な事業の内容としております。

当社グループの事業に係わる位置づけ及びセグメントとの関連は、次のとおりであります。

なお、次の２部門は「第５ 経理の状況 １．(1）連結財務諸表」の注記に掲げるセグメント情報の区分と同一であります。

建設事業 当社は総合建設業を営んでおり、連結子会社である新総建設㈱、大丸防音㈱と他４社が施工協力を行い、当社は工事の一部を受注、発注しております。

 

不動産事業 当社は不動産事業を営んでおり、連結子会社である㈱都市空間が同様に不動産事業を営み、当社は㈱都市空間に不動産の一部の管理を委託しております。

 

事業の系統図は次のとおりであります。"
1892,徳倉建設株式会社,2026-03-31,"３【事業の内容】

当社グループは、当社、連結子会社６社、非連結子会社７社、関連会社６社で構成され、建設事業を主体として、これに伴う工事の発注、施工、管理を行うほか、不動産の売買、賃貸および建設資材の販売、建設機械等の賃貸の事業を展開しております。

当社グループの事業に係る位置付け及びセグメントとの関連は、次のとおりであります。なお、以下に示す区分はセグメントと同一の区分であります。

 

建築セグメント

民間企業、個人の発注するビル、住宅、工場、医療福祉施設、商業施設など建築工事の設計、施工、維持、修繕工事を行っております。また、官公庁発注の学校など公共施設の建築工事を行っております。

（主な関係会社）当社、坂田建設㈱、九州建設㈱、セントラル工材㈱

及びTOKURA(THAILAND)CO., LTD.

 

土木セグメント

官公庁発注のインフラ整備をはじめとする各種の一般土木工事、民間企業の発注による宅地造成工事などを行っております。

（主な関係会社）当社、坂田建設㈱、九州建設㈱及びセントラル工材㈱

 

不動産セグメント

建設事業に関連する事業として、不動産の売買、賃貸等を行っております。ほか、建設事業に付帯して、ビル管理、警備業務を営んでおります。

（主な関係会社）九州建設㈱、中央地所㈱及び中央管理㈱

 

その他のセグメント

建設事業に関連する事業として、建設工事に使用する資材の販売、賃貸等の事業も併せて行っております。また、ＰＦＩ事業として、斎場、学校給食センターの運営を行っております。

（主な関係会社）セントラル工材㈱、中央管理㈱

 

事業の系統図は次のとおりであります。"
1893,五洋建設株式会社,2026-03-31,"３ 【事業の内容】

当社グループは、当社、子会社32社及び関連会社８社で構成され、国内土木事業、国内建築事業、海外建設事業及びこれらに関連する建設資材の販売、機器リース並びに国内開発事業、造船事業等の事業活動を展開している。

当社グループの事業に関わる位置付け及びセグメント情報との関連は、次のとおりである。

なお、これらはセグメント情報に記載された区分と同一である。

(1) 国内土木事業

当社及び連結子会社である五栄土木㈱、洋伸建設㈱等が営んでおり、当社は工事の一部をこれらの連結子会社に発注している。

(2) 国内建築事業

当社及び連結子会社であるペンタビルダーズ㈱が営んでおり、当社は工事の一部を連結子会社に発注している。

(3) 海外建設事業

当社及び連結子会社であるＵＧ Ｍ＆Ｅ社等が営んでおり、当社は工事の一部をこれらの連結子会社に発注している。また、連結子会社であるアンドロメダ・ファイブ社及びカシオペア・ファイブ社が大型自航式浚渫船の賃貸・運航管理を営んでいる。

(4) その他

当社が不動産の自主開発、販売及び賃貸等の開発事業を営んでおり、連結子会社に対して、土地・建物の賃貸を行っている。また、連結子会社である警固屋船渠㈱が造船事業を営んでいる。連結子会社であるペンタテクノサービス㈱が事務機器等のリース事業を営んでおり、当社に事務機器等の一部をリースしている。このほか、連結子会社であるジャイワット㈱等が環境関連事業を営んでいる。

 

事業の系統図は次のとおりである。"
1897,金下建設株式会社,2025-12-31,"３【事業の内容】

当社グループは当社、子会社５社及び関連会社４社で構成され、建設事業を主な事業として、建設事業に関連附帯するその他の事業及び飲食事業を展開しております。

当社グループの事業に係る位置付け及びセグメント情報との関連は、次のとおりであります。

（建設事業）

当社及び連結子会社である司建設㈱、㈱和田組並びに関連会社である㈱金下工務店、サンキ工業㈱は建設事業を営んでおります。当社は施工する工事の一部をこれらの関係会社へ発注するとともに、関係会社が受注した工事の一部について施工協力を行っております。

（製造・販売事業等）

当社は、アスファルト製品等の製造販売、産業廃棄物の中間処理（リサイクル）及びその他建設資材の販売、並びに飲食事業（回転寿司店の運営）等を行っております。

非連結子会社の橋立生コンクリート工業㈱は生コンクリートの製造販売事業、非連結子会社の㈱ソーゴーギケンは建設コンサルタント事業、関連会社のサンキ工業㈱は建設資材の販売事業をそれぞれ営んでおります。当社はこれらの関係会社から資材の購入、役務の提供を受けております。また、非連結子会社のＰＦＩ舞鶴常団地㈱は公営住宅（舞鶴常団地）の維持管理に係る業務を行っており、持分法適用関連会社の宮津太陽光発電(同)及び丹後太陽光発電(同)は太陽光発電事業を営んでおります。

 

事業の系統図は次のとおりであります。"
1898,世紀東急工業株式会社,2026-03-31,"３ 【事業の内容】

当社グループ（当社及び当社の関係会社）は、舗装・土木を主とする建設事業及び舗装資材の製造販売等を営んでいる当社（世紀東急工業㈱）、子会社12社、関連会社２社及びその他の関係会社２社で構成されております。
当社グループ各社の主な事業内容と当該事業における位置付けは次のとおりであります。

なお、当社グループは東急㈱を中心とする東急グループの一員であります。

 

 












建設事業…………



当社と子会社であるやまびこ工業㈱、みちのく工業㈱、新世紀工業㈱、クマレキ工業㈱、㈱孝松工務店、舗道工業㈱、舗栄建設工業㈱、日東道路㈱及び中外エンジニアリング㈱、関連会社であるガルフシール工業㈱が営んでおります。
その他の関係会社である東急建設㈱及び東急㈱からは、工事の一部を受注しております。







舗装資材製造……
販売事業



当社と子会社である新世紀工業㈱、㈱ゼネラルアクト、SEIKITOKYU MYANMAR ROAD COMPANY LIMITED及び関連会社である能登アスコン㈱が営んでおります。
新世紀工業㈱、㈱ゼネラルアクト及び能登アスコン㈱からは製造された舗装資材の一部及び原料を購入し、また、当社からも新世紀工業㈱へ同様の製品の一部を販売しております。







その他……………



当社は上記の事業の他にも売電事業等を営んでおります。
子会社であるエス・ティ・サービス㈱は建設機械の販売及び自動車等のリース事業を営んでおり、当社はその一部を購入または賃借しております。"
1899,株式会社福田組,2025-12-31,"３ 【事業の内容】

当社の企業集団は、当社、子会社25社、関連会社４社で構成され、建設事業、不動産事業を主な事業としており、その他として建設関連以外のサービスも展開しております。

当社グループの事業に係わる位置づけは次のとおりであり、連結財務諸表に関する注記事項のセグメント区分と同一であります。

 












建設事業



当社が建設工事の受注、施工を行うほか、子会社の福田道路㈱他20社、関連会社の㈱高建他２社が建設工事の受注や施工、並びに建設工事関連資機材の賃貸や製造販売等を行っており、その一部は当社が発注しております。







不動産事業



当社が不動産の売買、賃貸及び開発に関する事業を行っているほか、子会社の福田アセット＆サービス㈱他４社、関連会社の㈱高建他１社が不動産事業を行っております。







その他



子会社の福田道路㈱他４社は建設工事関連以外の製品を賃貸や販売、又はサービスの提供を行っており、当社はそれらの会社から仕入や賃借を行っております。

また子会社の㈱デザイン工房は、福祉施設を経営しております。





 


 

事業の系統図は次のとおりであります。




 

(注) １．上記の関係会社の一部は、複数の事業を行っております。

２．※１の会社は連結子会社であります。

３．※２の会社は持分法適用関連会社であります。"
189A,株式会社Ｄ＆Ｍカンパニー,2026-05-31,"３ 【事業の内容】

当社グループは、当社及び連結子会社２社で構成されており、医療機関等に対する経営サポート事業を営んでおります。私たちの理念は「社会課題を解決し、人の願いを叶える」であり、安心できる医療、穏やかな老後を暮らせる福祉、子供から老人まで全ての世代が夢を持って生きられる仕組みを創り、より素晴らしい社会・世界の実現に貢献することを追求しています。事業を構成する主要なサービスは①Ｆ＆Ｉ（ファイナンス＆インベストメント）、②Ｃ＆Ｂｒ（コンサルティング＆ビジネスリノベーション）、③ＨＲ＆ＯＳ（人材＆アウトソーシング）の３つのサービスであり、複合的に医療機関等に提供することにより事業展開しております。当社グループの特徴は、先ずはコンサルティングを行うことで、顧客の課題と問題点をあぶり出し、その解決策を実行するために、これら３つのサービスを融合して提供することであります。

 

事業系統図は次のとおりであります。

 




 

※社会保険診療報酬支払基金、国民健康保険団体連合会

 

（1）Ｆ＆Ｉサービス

当サービスは、①診療・介護報酬債権等譲渡に基づく資金支援、②各種動産のリース、③不動産活用型支援で構成されております。

 

① 診療・介護報酬債権等譲渡に基づく資金支援サービス

当社は、診療・介護報酬債権等買取サービスを提供しています。医療機関・介護施設等（以下、「事業者等」という。）が、国民健康保険、社会保険及び介護保険（以下、総称して「保険者」という。）に対して有する債権について、既に医療・介護サービス提供が終了し、診療・介護報酬請求行為も終了した債権又は医療・介護サービス提供は完了しているものの、診療・介護報酬請求行為が未了の債権（以下、「確定債権」という。）及び、事業を継続することで将来発生する見込みの債権（以下、「将来債権」という。）のうち、あらかじめ定めた月あたりの買取債権金額分（以下、「月間買取金額」という。）を買取り、事業者等から手数料を受領しております。

毎月、保険者から、当該月の保険報酬総額が当社に入金され、そこから当社が買取った月間買取金額を控除します。この残金に加え、新たに将来債権の中から、１ヶ月分の月間買取金額を買取り、残金と合わせて事業者等に支払います。これらの債権買取を継続することで、事業者等の必要な資金を継続的に支援しております。一般的に、債権買取はすでに確定したものを買取るため、事業者等の資金需要に関係なく、確定債権（約２ヶ月）に限定されますが、当社グループが抱える大手金融機関出身者や医療コンサルタントらの目利きと経験を活かすことで、事業者等が行う事業に地域インフラとして必要性や持続可能性があるか、また事業者等の再生が可能か等を見極め、積極的に将来債権を買取る点が、当社の特徴です。

また当社は、事業者等の資金需要に合わせて債権の買取月数を柔軟に設定するところに特徴があります。

当社は、事業者等の資金需要状況に応じた形で債権の買取月数を検討しますので、顧客の経営改善に向けた資金需要の潜在ニーズにも柔軟に対応できることから、付加価値のある資金提供が可能となる点で顧客への訴求力があります。なお、2026年５月末時点での買取債権残高（8,746,405千円）に占める将来債権の割合は57.1％であります。

 




 




 

② 各種動産のリース

当社グループは、事業者等の医療用機器等の導入に対して、リースサービスを提供しております。事業者等のリース利用に際しては、コンサルティングをベースとした経営のトータルサポートの一環として、導入当初の資金負担の軽減、費用の平準化、固定資産保有による事務負担の軽減等の効率化支援を目的として事業者等に適切な条件（導入物件・契約期間・決算内容など）を提案いたします。

 

③ 不動産活用型支援

医療法人や介護・障がい福祉事業者の事業継続・事業展開を支援する手段として、当社が不動産を取得し、賃貸等の方法により活用する支援を行ってまいります。また、必要に応じて当社の既存サービスである資金支援、経営コンサルティング、人材支援等を組み合わせることで、事業者の経営課題に対して複合的な支援を提供してまいります。

 

    （2）Ｃ＆Ｂｒサービス

         当サービスは経営診断、コスト削減コンサルティング等で構成されております。

 当社グループは、主に当社が診療・介護報酬債権等買取を行っている事業者等に対し、債権買取のみを行うのではなく、経営改善を目的としてコンサルティングを実施しております。規模や立地において、経営改善が相当困難な事業者においては、事業再生における「ハンズオン」に相当する経営サポートを行い、事業者等と同じ目線に立ち、コスト削減提案や種々の交渉等への積極的関与など業績改善を図るものです。

 具体的には、理事会等へのオブザーバーとしての参加、業績状況のチェックと改善策の進捗状況の確認、経費支払の権限整備や取引業者との価格交渉等に積極的に関与することなどです。

 なお、コンサルティングの内容は改善施策を実行するうえでの難易度に応じ、柔軟に対応しております。債権買取のみを行う事業者やコンサルティングのみを行う事業者は多くあり、個別にサービスを受けることも可能ですが、当社グループでは、経営改善を行うために真に必要な改善策とそれを推進するための資金・人材・情報提供をワンストップで行うことで、顧客と二人三脚で早期の経営改善を目指せることが特徴であります。

 




 

    （3）ＨＲ＆ＯＳサービス

 当サービスは、①医療・介護事業者の、主に経営層や管理者人材の紹介、②医療・介護事業者の、主に事務系やヘルパー系人材派遣及び③医療・介護事業者からのアウトソーシングの受託で構成されております。

 

① 人材紹介

株式会社Ｄ＆Ｍキャリアは、「職業安定法」に基づき有料職業紹介事業を行っております。

医療・介護業界への経営層や管理者・事務系業務の転職希望者に対して、自社が運営する登録サイト、インターネット広告、ＳＮＳ発信等を通じて広く募集を行っており、これら転職希望者と求人事業者等とのマッチングを図るサービスを提供しております。ご紹介に際しては、コンサルタントが転職希望者のキャリアプランや希望条件等を伺うとともに、求人事業者等に対し求人像や採用条件等につきよくヒアリングを行い、両者にとって最良のマッチングをめざしています。そして採用が決定した際、求人事業者等より紹介手数料を受領いたします。

 また外国人人材を紹介した際は、受入れ先では外国人の生活支援も必要になります。この場合、外部への委託を行うケースが大半で、生活支援を受託する業者は登録支援機関であることが必要です。株式会社Ｄ＆Ｍキャリアは、登録支援機関としての登録を受けていることから、外国人人材紹介に伴い多くのケースで生活支援の業務も受託しております。

当社グループでは、特に診療・介護報酬債権等買取取引先においては、コンサルティングや経営層とのヒアリングにより経営改善に必要な潜在的人材ニーズを把握できることから、付加価値の高い人材提供が可能である点が特徴であります。

 

② 人材派遣

株式会社Ｄ＆Ｍキャリアは、「労働者派遣事業の適正な運営の確保及び派遣労働者の保護等に関する法律」に基づき、人材派遣事業を行っております。

 自社が運営する登録サイト、インターネット広告、ＳＮＳ発信等を通じて求職者を広く募集し、派遣就業希望者を登録しております。これらの登録者の中から、依頼事業者等の依頼内容に適した人材を選び、依頼事業者等との間で労働者派遣契約を締結するとともに、登録者との間でも期間を定めた雇用契約を締結したうえで、依頼事業者等へ人材を派遣しております。

 

③ アウトソーシング

株式会社Ｄ＆Ｍキャリアは、人材事業との親和性も高いことから、医療機関や介護事業者等の業務効率化をサポートするため、経理や労務管理業務領域でのアウトソーシングサービスを提供しており、登録スタッフを活用することで積極的にこれらの受託サービスを展開しております。また、当社においても、調剤薬局の業務オペレーション等のアウトソーシングサービスを提供しております。"
1904,大成温調株式会社,2026-03-31,"３【事業の内容】

当社グループ（当社及び当社の関係会社）は、当社（大成温調株式会社）及び子会社９社並びに関連会社２社により構成されており、設備工事事業を主に営んでおります。

当社グループの当該事業に係る位置付けは、次のとおりであります。

区分

事業内容

主要な会社

設備工事事業

冷暖房、給排水衛生、電気、恒温恒湿、除湿、熱交換、冷凍冷蔵等に関する設計・施工

当社

ALAKA'I MECHANICAL CORPORATION

大成温調建築工程（上海）有限公司

その他会社３社        （会社数  計６社）

建築事業

建物及び附帯設備の設計・施工

大成温調建築工程（上海）有限公司

        （会社数  １社）

不動産事業

業務用及び居住用の土地建物の賃貸等

当社

その他会社２社        （会社数  計３社）

その他の事業

冷暖房機器等の販売、太陽光発電事業、その他

当社

温調エコシステムズ株式会社

その他会社５社        （会社数  計７社）

 

なお、報告セグメントごとの区分は以下のとおりであります。

報告セグメント

会社名

事業の区分

日本

大成温調株式会社

設備工事事業

不動産事業

その他の事業（太陽光発電事業）

温調エコシステムズ株式会社

設備工事事業

その他の事業（冷暖房機器等の販売）

ホライズン５株式会社

その他の事業（投資事業）

ウッドテック株式会社

設備工事事業

その他の事業（浄化槽メンテナンス事業）

米国

ALAKA'I MECHANICAL CORPORATION

設備工事事業

中国

大成温調建築工程（上海）有限公司

設備工事事業

建築事業

オーストラリア

TAISEI ONCHO AUSTRALIA PTY. LIMITED

不動産事業

NT AUSTRALIA PTY. LIMITED

不動産事業

 

以上の当社グループについて図示すると次のとおりであります。"
1905,株式会社テノックス,2026-03-31,"3 【事業の内容】

当社グループは、当社と連結子会社4社（㈱テノックス技研、㈱広島組、㈱複合技術研究所、TENOX ASIA COMPANY LIMITED）及び持分法非適用非連結子会社2社（大三島物産㈱、TENOX VIETNAM PILE FACTORY COMPANY LIMITED）、持分法適用関連会社1社（ジャパンホームシールド㈱）で構成されており、建設及び建設資材の販売を主たる事業としております。

当社グループの事業内容及び当社と関係会社の当該事業に係る位置付けは次のとおりであります。

なお、次の3部門は、「第5 経理の状況 1 連結財務諸表等 （1）連結財務諸表 注記事項」に掲げるセグメント情報の区分と同一であります。

建設事業………………

当社、㈱テノックス技研、㈱広島組、及び大三島物産㈱の4社は基礎工事に特化した建設事業を営んでおり、㈱テノックス技研は、主に当社からの基礎工事の請負及び機材の賃貸を行っております。

海外においては、TENOX ASIA COMPANY LIMITEDが事業を行っております。

土木建築コンサ………

ルティング全般

等事業

㈱複合技術研究所は土木建築コンサルティング全般等に関する事業及び工事物件の斡旋業務を営んでおります。

その他の事業…………

当社が行っている不動産賃貸事業等を含んでおります。

これらのほか、ジャパンホームシールド㈱（持分法適用関連会社）は、戸建住宅関連事業を営んでおります。

 

また、事業の系統図は次のとおりであります。

 

（注） 無印 連結子会社

※1 持分法非適用非連結子会社

※2 持分法適用関連会社"
1909,日本ドライケミカル株式会社,2026-03-31,"３【事業の内容】

当社グループ（当社及び当社の関係会社）は、当社（日本ドライケミカル株式会社）及び関係会社７社により構成されており、各種防災設備の設計・施工・保守点検、消火器及び消火設備、消防自動車、自動火災報知設備の製造・販売、防災用品の仕入・販売等の防災事業を行っております。

当社グループは1955年４月の当社設立以来、粉末消火剤を用いた消火器及び消火設備の開発、販売を始めとして、商業ビル等の一般建築物、複合用途の建築物、危険物施設のあるプラント、工場、船舶等に各種消火器及び消火設備等を納入し、さらにこれらの設備の保守点検等のサービスも合わせた、人々に安心と安全を提供する総合防災企業として事業を行ってまいりました。

当社グループが行っている防災に関するすべての事業は、設計、製造、施工、検査、保守点検に至るまで消防法をはじめとする法律及び関連する法規制に従って行われております。そのため、製品に対しては日本消防検定協会等の公的な第三者機関から製品型式を取得し、製造毎の個別検査を受け合格することが義務付けられております。また、防災設備の設置場所における消防検査に合格することも義務付けられております。

当社グループは、消火器、消火設備、自動火災報知設備等のほとんどを自社ブランドで取り扱っており、大型の消火薬剤タンク等の消火設備、各種消火器及び消防自動車、自動火災報知設備の受信機等を自社工場で生産しております。

なお、当社グループは、各種防災設備の設計・施工・保守点検、消火器及び消火設備、消防自動車、自動火災報知設備の製造・販売、防災用品の仕入・販売等の防災事業を行っており単一セグメントであるため、事業の内容について営業種目別に記載しております。

当社グループでは、取り扱う製品、商品及びサービスの商流に合わせて、防災設備事業、メンテナンス事業、商品事業の３つの営業種目に区分し、顧客層に応じた販売部門を組織しております。

 

(1) 防災設備事業

防災設備事業では、建築防災設備、プラント防災設備、船舶防災設備における各種防災設備の設計・施工、各種消防自動車の製造・販売を行っております。

当社は、各種防災設備の設計・施工をするほか、千葉工場において各種防災設備の容器を製造し、福島工場において各種自動火災報知設備の受信機等を製造しております。

① 建築防災設備

一般建築物の防災設備は、消防法によりその設置が義務付けられており、かつ設置基準が詳細に定められておりますが、その中で当社は一般建築物の高層化・高度化・短工期化に対応する施工管理能力の強化、自社開発のコスト管理システムによる厳正な原価管理、施工実績や設置基準に効率的に適合させるための知見を活用した設計の見直し提案等を行っており、これらの施工管理能力・提案能力等により再開発物件や大型物件を受注し施工しております。

一般建築物の主な防災設備は以下のとおりであります。

・ 事務所、会議室、廊下にはスプリンクラー設備

・ 電気・機械室にはガス系消火設備

・ 地下駐車場には泡消火設備（寒冷地は凍結事故を考慮して粉末消火設備も多い）

・ 立体駐車場にはガス系消火設備

・ 全体的には消火栓設備、消火器、自動火災報知設備

② プラント防災設備

当社の施工納入するプラント防災設備は、主として危険物施設である火力発電プラント、石油プラント、石油化学プラント及びそれらに関わる工場、倉庫、移送施設（桟橋等）等に設置するものであり、個々に顧客の要望、過去の実績、消防の要求等を考慮して設備仕様が決定されます。

危険物とは主として石油類でありますが、平面的な火災には泡消火設備、立体的な火災には粉末消火設備、水噴霧消火設備、密閉された施設にはガス消火設備等それらの形に最も適した防災設備を設置することが重要です。

その他には原子力発電プラント、最近ではバイオエタノールプラントにも対応しております。

③ 船舶防災設備

船舶用防災設備は、その船自体のエンジン室火災等に対応して設置するものと、別の船の火災を消火するための設備である他船消火設備があります。

船舶用防災設備は船舶安全法、海上人命安全条約、船級協会等の規定により義務付けられております。また、警戒船として稼動しているタグボート等に搭載される他船消火設備は、海上保安庁告示第29号第２条に記載された設備の設置を義務付けられております。

船舶用防災設備は主として機関室及び貨物艙の消火設備として二酸化炭素消火設備、ガス運搬船の甲板部の消火設備として粉末消火設備があります。二酸化炭素消火設備・粉末消火設備は当社の主力製品であります。

また、タグボートや消防船のように他船舶の火災の消火活動に従事する船舶には泡水消火設備、粉末消火設備が設置されます。

船舶用自動火災報知設備は、普通型の火災探知機に加え防爆型、赤外線式炎探知機などがあり、タンカーや客船など用途に応じた船舶用防災システムを構築しております。

④ 車輌

各種消防自動車の製造・販売を行っております。

当社は千葉工場及び協力会社において、購入したトラックシャシーに、顧客の要求する仕様に合わせた各種装置の艤装を行い、消防自動車として納入しております。当該装置には、自社開発の無給油式グランドパッキンを採用してメンテナンス性を向上した消防ポンプ、従来付属していた補器類を不要にすること等でメンテナンス性を向上した無給油式真空ポンプ、電子スロットル装置、化学消防自動車用の自動混合装置等があります。また、消防自動車に積載する動力消防ポンプや電動ホースカー等の製造・仕入・販売を行っております。

主要な顧客は、地方自治体であり、購入する消防自動車の多くが古い車輌の交換需要によるものであります。

 

(2) メンテナンス事業

メンテナンス事業では、各種防災設備の保守点検業務及びそこから派生する修繕及び改修工事を行っております。メンテナンス事業は、当社及び子会社の北海道ドライケミカル株式会社が行っております。

防災設備の点検は消防関係法令に規定されており、定期的な点検、維持管理が建物所有者等に義務付けられております。メンテナンス事業は当社防災設備事業で納入した各種防災設備のみならず、あらゆる既存防災設備の点検を行っております。また、点検で発見された不具合箇所の修理、改修工事、部品・機器の交換も行っており、更には老朽化した設備のリニューアル提案による大規模改修工事に至るまで建物の維持管理の為の一連のサービスを提供しております。

 

(3) 商品事業

商品事業では、各種消火器の製造・販売、各種防災用品の仕入・販売、各種防災設備の小型工事を行っております。各種消火器及び各種防災用品の販売、各種防災設備の小型工事案件につきましては、主に販売代理店を介して行っております。商品事業は、当社及び子会社の北海道ドライケミカル株式会社が行っております。

当社は1955年４月に、粉末消火器の製造、販売を目的に設立され、以降各種消火設備等の開発、製造、施工、販売と事業を広げてまいりました。

当社グループは、日本で初めてアルミ製容器を、市場で最も流通しているＡＢＣ粉末消火器10型をはじめとした多くの製品に採用してまいりました。このアルミ製容器を用いた消火器は、軽くて耐食性に優れ、リサイクル性が高く環境にやさしいという利点があります。

また、当社千葉工場で生産している各種消火器及び消火薬剤が販売の主体でありますが、火災を事前に発見する各種自動火災報知設備機器、その他防災用品である避難器具、消防ホース等の消火設備用機器、更に非常時に必要となる防災グッズ、非常用食料、消耗品としての誘導灯、受信機、制御盤等の非常用バッテリー等も売上の多くを占めております。

 

 

なお、当社グループの事業系統図は以下のとおりとなっております。

 

［事業系統図］"
190A,Ｃｈｏｒｄｉａ　Ｔｈｅｒａｐｅｕｔｉｃｓ株式会社,2025-08-31,"３【事業の内容】

 

(1）事業の概要

①ビジネスモデル

当社は、新規抗がん薬の市販を目指して研究開発を行う創薬ベンチャー企業です。医療ニーズ（アンメットメディカルニーズ）の高いがん領域で、新しい作用を有する低分子の画期的医薬品（ファーストインクラス）の研究開発が主要な事業の内容です。当社がマネジメントと研究業務（探索研究、前臨床研究、臨床研究）、特に候補化合物の探索、評価、最適化、臨床試験に集中し、外部協力先が得意な業務、中でも基礎研究、原薬及び製剤の製造、流通・販売などは各外部協力先に委託するという形を取ってビジネスを進めております。

 

 

 

創薬事業においては様々な専門性の高い作業や過程があり、また長い開発期間と多額の研究開発費用が必要です。当社は、効率的な創薬事業を実現するために、大学や公的機関、事業補完性のある企業、製薬会社などと積極的に共同研究やライセンス提携などの協業を行い、より短い期間で効率的に新しい抗がん薬の創出に取り組んでいます。

 

・パートナリングに関する方針、考え方

当社における事業提携の基本戦略は、パイプライン（開発プログラム）の医薬品として市販される蓋然性が高まったタイミングで日本国外の販売権についてライセンス交渉を行う事です。2021年のBiotechnology Innovation Organizationの報告では、第２相臨床試験の成功確率が最も低いとされており、第２相臨床試験が成功してパイプラインが医薬品として市販される蓋然性が高まったタイミングは、パイプラインの価値が高くなるタイミングと当社は考えております。そのため事業提携の基本戦略としては第２相臨床試験の結果を確認できるタイミングで行うことが最適であると当社では考えています。

パートナー企業の選定基準としては、①パートナー企業の臨床開発戦略立案力、②パートナー企業の臨床開発に関する資金力、③当社のパイプラインの理解力、④パートナー企業内での当社のパイプラインの優先順位などを基準に選定を行います。

 

＜事業系統図＞

 

 

②ファーストインクラスの抗がん薬を生み出すための研究開発

がんは世界において主要な死因の一つであり、国立がん研究センターの統計によると日本人が一生のうちにがんと診断される確率は、２人に１人ががんと診断され、また、がんで死亡する確率は男性が27.9％で約４人に１人、女性が21.1％で約５人に１人となっています（国立がん研究センター調査データに基づく。診断される確率は2021年、死亡確率は2022年のデータを引用）。そのため、患者や家族、社会にとって、がんは大きな問題になっています。また、近年、新しい治療法や新規抗がん薬が開発され、生存予後が改善する傾向がみられていますが、がんと診断された人の５年相対生存率（国立がん研究センターがん情報サービス「院内がん登録生存率集計」）は68.9％にとどまり、依然として新しい抗がん薬や治療法の開発が望まれています（国立がん研究センター がん情報サービス「最新がん統計」）。このことから、がん領域は依然としてアンメットメディカルニーズが高い領域と考えています。

当社は、がん領域において、ファーストインクラスの研究開発を行っています。ファーストインクラスの医薬品は、既存治療薬と異なる有用性を示すことが期待され、これまでの治療法を大きく変えることができる医薬品に成長する可能性があると考えています（図１）。特に既存治療薬では十分な効果が認められず、現在のがんの進行に不安を感じている多くの患者に対して、がんの進行をコントロールできるという希望を届けられる可能性を秘めております。医薬品市場の観点からは、初めて市場に出るため大きな市場を取れる可能性が高く、薬価算定の際にその有効性や新規性に応じた高い価格が設定されることが多いことから、数多くのグローバル製薬企業が非常に高い関心を持っていると考えています。そのため、ファーストインクラスの医薬品にフォーカスしたパイプラインを有する当社は、グローバル製薬企業との共同開発やライセンス契約等の機会を積極的に検討しながら事業の価値最大化をめざすことが可能になります。

 

図１．ファーストインクラス創薬とは

 

 

③当社の研究領域

抗がん薬の標的となる分子を見つけ出すには、がんのホールマーク（特徴）、つまり、がん細胞が正常細胞と比べてどのように異なるのかを明らかにすることが重要です。これまでに、12種の多様なホールマーク（継続的な血管新生、組織への浸潤と転移、アポトーシスの回避、増殖シグナルの自己充足、増殖抑制シグナルに対する不応答性、無制限の複製能力、DNA損傷ストレス、酸化ストレス、有糸分裂ストレス、タンパク質毒性ストレス、代謝ストレス、及び免疫ストレス）が見出されていましたが、近年、最新の研究によって、RNA制御ストレスが新たなホールマークとして認識されるようになりました（右図、枠内がRNA制御ストレス）。がんのホールマーク（特徴）に着目した医薬品開発はこれまでにも盛んに行われてきており、優れた抗がん薬が多数生み出されてきたことから、高い効能を有する抗がん薬の開発において有効な研究戦略であると考えています。

 

 

・がんの新しいホールマークである“RNA制御ストレス”

RNA制御ストレスとは、細胞内でRNAを生成する過程に乱れが生じ、異常なRNAが蓄積し、それが細胞へ負荷をかけている状態のことです。特にがん細胞ではRNAを生成する複数の過程が乱れ、正常細胞に比べてがん細胞では過剰に負荷がかかっている状態です。当社の研究開発は、この新たに見出されたがんのストレス表現型である、RNA制御ストレスに焦点を当てています。当社のパイプラインは、RNA制御ストレスを標的とするコンセプト、すなわち異常RNAをさらに生成、蓄積させることでがん細胞に追加の負荷をかけて死に至らしめるという科学的なコンセプトに基づいています（図２）。RNA制御ストレスを標的としたがん治療薬は未だ医薬品として市販されていません。当社は、このRNA制御ストレスにいち早く注目して研究開発を行っており、当領域におけるリーディングカンパニーとして、新しい抗がん薬の研究開発を世界に先駆けて行っています。

 

図２．RNA制御ストレスとは

 

 

 

④パイプラインの概要

当社は現在、２つの臨床パイプライン（CLK阻害薬CTX-712、国際一般名称はrogocekib（以下、「rogocekib」という。）、MALT1阻害薬CTX-177、（以下、「CTX-177」という。））に加えて、３つの前臨床パイプライン（CDK12阻害薬CTX-439（以下、「CTX-439」という）、GCN2阻害薬、新規パイプライン）、合計５つのパイプラインを保有しています（図３）。前臨床パイプラインのうち、CTX-439は前臨床研究段階に、その他２つは探索研究段階です。

 

 

 

図３．パイプラインの概要と開発状況と開発タイムライン

 

⑤収入形態

当社が得る収入は、当面の間は、ライセンス契約に基づく提携企業からの収入を想定しています。ライセンス契約の収入には、「契約一時金」「開発マイルストン収入」「販売マイルストン収入」「ロイヤリティ収入」があります。また、当社は自社でも製造や販売する体制を構築することを視野にいれてパートナー企業との戦略的提携を進めていますので、今後のビジネスの進展により自社で製品を販売して得る収入も想定しています。

 

＜事業収益の類型＞

収入形態

内容

ライセンスの契約一時金

ライセンス契約を行った際に独占的な権利をパートナーに付与する対価として得られる一時金収入。

ライセンスの開発マイルストン

ライセンス契約を行ったパイプラインの開発進捗に応じて設定したいくつかの目標を達成する毎に一時金として得られる収入。臨床試験段階での開発マイルストンについては、目標間の期間は数年程度と想定する。

ライセンスの販売マイルストン*

ライセンス契約を行った際に設定した売上目標達成に応じて受領する収入。

ライセンスのロイヤリティ*

製品が市販後に、その売上からあらかじめ定められた一定割合を受領する収入。

*：現時点での受領実績はない。

**：現時点では自社で製品を販売する意思決定は行われていないため、計画上で想定される「製品の販売収入」につ

いては表中に記載されていない。

 

(2）個別パイプラインの状況

①RNA制御ストレスに焦点を当てたパイプライン

RNAを生成する過程には、転写、スプライシング、分解、輸送などが挙げられます。これら各過程を標的とした抗がん薬は未だに市販されていません。当社はこれらに対するパイプラインを有しており、いずれのパイプラインも医薬品として市販されておらず、ファーストインクラスの医薬品になる可能性を有しています（図４）。特に当社が最も期待するパイプラインであるrogocekibにより、RNA制御ストレスを標的とした抗がん薬の有用性が立証されれば、RNA制御ストレスを対象とした抗がん薬の開発において新たな一歩が示せると考えています。

また、がん特有のホールマークは複数のがん種において共通して認められることから、このホールマークに焦点を当てた創薬研究は一つのがん種に限定されず、多くのがん種に対して適応できることが期待されます。実際に、既知のホールマークを標的とした医薬品は、市販後に適応とされるがん種が拡大され、ブロックバスターとして成長したケースがあり、当社が焦点を当てるホールマークであるRNA制御ストレスにおいても同様、幅広いがん種に適応する可能性があると考えています。すなわち、当社の研究アプローチは、がんのホールマークを標的とするという考え方であり、この考え方は既存の市販医薬品で有効性が示されている実績があります。

 

 

図４.DNA、RNA及びタンパク質に係るストレスを標的とした市販済みのがん治療薬の現状と当社パイプライン

 

②当社のパイプラインの標的となるRNAを生成する過程

DNAは生命活動の維持に不可欠な、タンパク質を合成するための設計図として機能しています。DNA上の遺伝情報は、メッセンジャーRNA（mRNA）へ写しとられ、このmRNAの情報をもとにタンパク質が作られます。当社のパイプラインは、mRNAを生成する過程に対してかかる制御ストレスを標的としており、イメージ図（図５）においては、A：転写を調節するCDK12、B：スプライシングを調節するCLK、C：RNA輸送を調節するGCN2、D：RNA分解を調節する新規パイプラインとして記載しています。

図５．RNAを生成する過程のイメージ図

 

ウイルスからヒトに至る多くの生物は遺伝子DNAを有しています。DNAは生命活動の維持に不可欠な、タンパク質を合成するための設計図として機能しています。DNA上の遺伝情報は、メッセンジャーRNA（mRNA）へ写しとられ、このmRNAの情報をもとにタンパク質が作られます。「DNA→mRNA→タンパク質」という細胞内における遺伝情報の流れは、生命の営みの基本的かつ普遍的な反応であることからセントラルドグマと呼ばれています。

RNAの転写とは、上記のセントラルドグマの中で、DNA情報をmRNAに写しとる過程です。この転写過程を直接つかさどっている重要なタンパク質としてRNAポリメラーゼⅡが知られています。RNAポリメラーゼⅡはDNAを鋳型として前駆型mRNAを作ります。

RNAのスプライシングとは、転写後の前駆型mRNAはタンパク質を作るために必要なエクソン配列に加えてタンパク質合成に不要なイントロン配列の両方を含んでいるため、エクソン配列を繋げ、イントロン配列を取り除き、成熟型mRNAを作る過程です。

RNAの輸送とは、スプライシングを受けた成熟型mRNAやタンパク質を作るために必要なトランスファーRNA（tRNA）をタンパク質合成の場に輸送する過程です。

RNAの分解とは、タンパク質合成の鋳型として役割を果たしたmRNAやtRNAが分解される過程です。

 

 

 

 

 

 

 

Ⅰ．rogocekib（CLK阻害薬CTX-712）

①作用

CLKはスプライシングを調節しています。rogocekibがCLKを阻害することによって正常のスプライシングが行われなくなるため、異常なmRNAが蓄積し、細胞に負荷がかかります。そもそも、がん細胞には過剰に負荷がかかっているためCLK阻害による追加の負荷に耐えられず、正常細胞に比べてがん細胞が選択的に死滅すると考えています。

 

②特徴及び対象疾患

正常なスプライシングを阻害する作用の抗がん薬はこれまで市販されていないため、これまでの治療法で効果が無かった患者に対して新たな治療法となる可能性があると考えております。非臨床試験の結果からは、急性骨髄性白血病（以下、「AML」という。）や骨髄異形成症候群（以下、「MDS」という。）などの血液がんのみならず、卵巣がんなど複数の固形がんに対しても有効性が期待されていると考えております。

また患者を対象にした国内第１相臨床試験の結果からも、再発・難治性のAMLやMDS、卵巣がんがrogocekibに対する感受性が高いことが示唆されました。非臨床試験である動物モデルと実際の臨床試験が大きく相違ない結果であり、rogocekibは特定の特徴を有する複数種類のがんにおいて効果が期待されると考えております。

 

③開発状況の概要

2018年から実施中のrogocekibの日本国内第１相臨床試験では、2023年８月に全ての患者登録が完了し、固形がん46名、血液がん14名合わせて60名の患者への投薬が行われました。

観察されたDLT（Dose-Limiting Toxicity：用量制限毒性）は、脱水、血小板数減少、低カリウム血症,及び肺炎であり、週２回の投与におけるMTD（Maximum Tolerated Dose：最大耐用量）は140 mgと決定されました。rogocekibに関連する有害事象として吐き気、嘔吐、下痢等が挙げられましたが、許容される安全性プロファイルと考えられました。有効性に関しては、固形がんにおいて４例のPR(partial response：部分奏効)を認め、それらはすべて卵巣がん（４/14例、28.6%）でした。AML、MDS計14例において、４例のCR（complete remission：完全寛解）、１例のCRi（complete remission with incomplete hematologic recovery：好中球未回復の完全寛解）、１例のMLFS（morphologic leukemia-free state：形態学的無白血病状態）を認め、Overall Response Rateは42.9％でした。以上より、卵巣がん、血液がんにおいてrogocekibが有効であることを示しました。

当事業年度末現在では、2023年に米国において開始した再発又は難治性のAML及びMDSの患者を対象にした第１/２相臨床試験を進めており、2025年８月末時点では36人の患者への投与を完了し、更なる症例登録を進めている状況でございます。

 

④ライセンス状況

当事業年度末現在、武田薬品工業株式会社（以下、「武田薬品」という。）とのライセンス契約に基づき全世界での独占的な研究、開発、製造及び商業化する権利は、当社が保有しています。今後の研究開発状況にあわせてライセンス活動を積極的に行ってまいります。

 

Ⅱ．CTX-177（MALT1阻害薬）

①作用

MALT1は転写因子NF-κBを活性化します。難治性リンパ腫においては、T細胞シグナルあるいはB細胞シグナル伝達経路の因子（T細胞受容体CD28、B細胞受容体CD79A/B、PLCγ1，PKCβ、CARD11）にシグナルを活性化する遺伝子変異が起こり、そのシグナルがBTKやMALT1を経由してNF-κBの活性化が引き起こされ、リンパ腫が異常に増殖しています（図６）。CTX-177は、MALT1を阻害してNF-κBの活性化を抑制する事で抗がん作用を生み出すと考えています。本パイプラインはRNA制御ストレスを標的としてはいません。

 

②特徴及び対象疾患

MALT1阻害薬は難治性リンパ腫での有効性が期待されています。いくつかの難治性リンパ腫ではBTK阻害薬による治療が行われています。しかしながら、MALT1がNF-κBを活性化することによりBTK阻害薬に耐性を獲得したリンパ腫が出現しており、治療上の問題となっています。MALT1阻害薬はNF-κBの活性化を抑制することが可能であるため、BTK阻害薬に耐性のリンパ腫においても効果を示すことが期待されています。

 

図６.CTX-177の作用のイメージ

 

 

③開発・ライセンス状況

2020年に武田薬品とのライセンス契約に基づき、当社は対象化合物に関する全世界での独占的な研究、開発、製造及び商業化の権利を取得しました。その後、当該権利は小野薬品工業株式会社（以下、「小野薬品」という）に導出され、同社により米国及び日本において第１相臨床試験が実施されました。

しかしながら、2025年４月28日に、小野薬品より戦略的判断に基づき臨床試験を中止する旨の通知を受領し、これに伴い当社が当該権利を回収いたしました。これにより、当事業年度末現在、当該化合物に関する全世界での独占的な研究、開発、製造及び商業化の権利は、当社が保有しています。現在、当社は新たなライセンス許諾先の選定に向けた検討を進めております。

 

 

Ⅲ．CTX-439（CDK12阻害薬）

①作用

CDK12はRNAポリメラーゼⅡによるmRNAの転写を調節しています。CTX-439は、CDK12を阻害することによってRNAポリメラーゼⅡによるmRNAの転写を抑制します。このmRNAの転写の抑制により異常なmRNAが蓄積し、細胞に負荷がかかります。そもそも、がん細胞には過剰に負荷がかかっているためCDK12阻害による追加の負荷に耐えられず、正常細胞に比べてがん細胞が選択的に死滅すると考えています。

 

②特徴及び対象疾患

CTX-439は、単剤で乳がん及び卵巣がんを含むその他複数の固形がん及び血液がんのマウスモデルで抗がん作用を示しております。加えて、化学療法薬あるいは分子標的薬の魅力的な併用薬となる可能性を有しています。

 

③開発状況

当事業年度末現在、臨床試験開始に向けての安全性試験や治験原薬の製造を終え、次のフェーズの準備を進めているところです。

 

④ライセンス状況

当事業年度末現在、武田薬品とのライセンス契約に基づき全世界での独占的な研究、開発、製造及び商業化する権利は、当社が保有しています。今後の研究開発状況にあわせてライセンス活動を積極的に行ってまいります。

 

 

Ⅳ．GCN2阻害薬

①作用

GCN2は、タンパク質を作るために必要なtRNAの輸送を調節しています。GCN2阻害薬は、tRNAの輸送に異常を生じさせ、輸送が正常に行われなかった異常なtRNAが蓄積し、細胞に負荷がかかります。そもそも、がん細胞には過剰に負荷がかかっているためGCN2阻害による追加の負荷に耐えられず、正常細胞に比べてがん細胞が選択的に死滅すると考えています。

 

②特徴及び対象疾患

GCN2阻害薬は、単剤で異常なtRNAを誘導することによる抗腫瘍効果を示すことが期待されます。加えて、化学療法薬あるいは分子標的薬の魅力的な併用薬となる可能性を有しています。

 

③開発状況

当事業年度末現在、前臨床研究に向けて、内部リソースを活用した探索研究を実施中です。

 

④ライセンス状況

当事業年度末現在、武田薬品とのライセンス契約に基づき全世界での独占的な研究、開発、製造及び商業化する権利は、当社が保有しています。今後の研究開発状況にあわせてライセンス活動を積極的に行ってまいります。

 

 

 

（3）用語説明（五十音順）

用語

解説

RNA

Ribonucleic acidリボ核酸の略で、遺伝子であるDNAからタンパク質を生成するために必要な物質。ゲノムDNAから転写されたメッセンジャーRNA（mRNA）、タンパク質合成時に利用されるトランスファーRNA（tRNA）などがある

RNAポリメラーゼⅡ

DNAからmRNAへの転写を触媒するタンパク質複合体

アンメットメディカルニーズ

未だ有効な治療法がない疾患に対する医療ニーズ

イントロン

タンパク質合成に不必要なRNA部分

AML

Acute Myeloid Leukemia急性骨髄性白血病の略で、骨髄中で白血球の元になる血液細胞ががん化した疾患で、血液がんのひとつ

エクソン

タンパク質合成に必要なRNA部分

エクソンスキッピング

一部のエクソンが抜け落ちるスプライシングの変化

FDA

Food and Drug Administration米国食品医薬品局の略で、医薬品などを審査、取り締まるアメリカ合衆国の政府機関

NF-κB

Nuclear Factor-kappa Bの略で、転写を担うタンパク質複合体のひとつ

MFLS

CRには至らないものの、形態学的には骨髄中に白血病細胞が見られない状態

MDS

Myelodysplastic syndromes骨髄異形成症候群の略で、骨髄中で血液細胞のもとになる造血幹細胞に異常がおき、正常な血液細胞がつくなれなくなる疾患で、血液がんのひとつ

MTD

Maximum Tolerated Dose最大耐量の略で、毒性が認容できる範囲内で最大の投与量

CARD11

Caspase Recruitment Domain Family Member 11の略で、MALT1の活性調節に働くタンパク質

拡大コホート

第1相臨床試験のなかで、次相の推奨使用用量の設定後、安全性と一部有効性を確認するために症例を集めた患者集団のこと

血管新生

新しい血管が作られる現象のことで、創傷部位やがんが進行する際にも認められる現象

血液がん

血液細胞が分化の過程でがん化して増殖する疾患の総称

好中球

細菌などの感染から体を守る働きを有した白血球の一種。白血球全体の約45～75％を占めている。

固形がん

血液がん以外の、臓器や組織などで塊をつくるがんの総称

最大耐量

毒性が認容できる範囲内で最大の投与量、MTDのこと

CR

Complete Remission完全寛解の略で、血液がんの評価において使用され、患者の骨髄に存在するがん細胞の割合が５％未満であり、末梢血中の好中球と血小板などの数値が完全に回復している状態

固形がんの評価におけるCRは、Complete Response完全奏効の略で用いられ、腫瘍が完全に消失した状態

CRi

Complete Remission with incomplete hematologic recoveryの略で、血液がん（AML）の評価において使用され、患者の骨髄に存在するがん細胞の割合が5％未満であるが、末梢血中の好中球と血小板の回復が不完全な状態

CLK

CDC2-Like Kinaseの略で、対象となるタンパク質にリン酸基を転移させる反応を触媒する酵素でスプライシングにおいて重要な役割を果たしている

CDK12

Cyclin Dependent Kinase 12の略で、対象となるタンパク質にリン酸基を転移させる反応を触媒する酵素で転写の伸長反応において重要な役割を果たしている

GCN2

General Control Nonderepressible 2の略で、対象となるタンパク質にリン酸基を転移させる反応を触媒する酵素で細胞内のアミノ酸の量において重要な役割を果たしている

浸潤

がん細胞や免疫細胞などが周辺組織に染み広がる特徴のことで、転移するがんが有している特徴の一つである

スプライシング

RNAを成熟させる過程

成熟型mRNA

スプライシングを受けて成熟したRNA

前駆型mRNA

スプライシングを受けて成熟する前のRNA

前臨床研究

臨床試験を実施する前に検討する研究。ヒトにおける医薬品候補化合物の安全性、薬物濃度、有効濃度などを推定する研究の総称

探索研究

医薬品の研究開発の初期段階であり、病態の進展に寄与している生体分子（薬物標的）を探索する研究

 

 

 

用語

解説

治療モダリティ

治療薬の種類のことで、低分子医薬品、抗体医薬品、核酸医薬品、細胞医薬品などがある

DNA

Deoxyribonucleic acidデオキシリボ核酸の略で、DNAには全ての遺伝情報が蓄えられている

DLT

Dose-Limiting Toxicity用量制限毒性の略で、臨床試験において増量できない理由となる毒性のこと

転写

遺伝情報をDNAからメッセンジャーRNAにコピーする過程

バイオマーカー

ある疾患の有無、病状の変化や治療の効果の指標となる生体内の物質。特に抗がん薬領域では患者の層別化に用いることが多い

パイプライン

研究開発プログラムもしくは医薬品候補化合物

曝露

生体に化学物質がさらされていること

PR

Partial Remission部分寛解の略で、血液がんの評価において使用され、骨髄に存在するがん細胞の割合が５－25％（AMLの場合）あるいは５％以上（MDSの場合）であるが、治療前に比べ50％減少した状態

固形がんの評価におけるPRは、Partial Response部分奏効の略で用いられ、標的病変の径の和が30％以上減少した状態

POC

Proof of Concept概念実証の略で、患者での安全性と有効性（治療効果）が確認されること

PK

Pharmacokinetics薬物動態の略で、薬物投与後の体内薬物濃度の推移

PD

Pharmacodynamics薬力学の略で、生体や細胞に対する薬物の作用

PMDA

Pharmaceuticals and Medical Devices Agency医薬品医療機器総合機構の略で、厚生労働省所管の独立行政法人であり、医薬品等の品質、有効性及び安全性の向上に関する審査機関

非臨床試験

臨床試験以外の試験であり、臨床試験を行う前に実施する安全性試験、薬物動態試験、薬効薬理試験などが含まれる。

ファーストインクラス

これまでになかった新しい作用を有する低分子の画期的医薬品のカテゴリーのことで、既存治療薬による治療法を大きく変えることができる可能性のある医薬品のこと

B細胞シグナル、T細胞シグナル

リンパ球であるB細胞やT細胞の増殖を活性化するシグナル

BTK

Bruton’s Tyrosine Kinaseの略で、対象となるタンパク質にリン酸基を転移させる反応を触媒する酵素

ブロックバスター

画期的な薬効を持つ新薬で、大きな売上を生み出す医薬品（年商1,000億円以上の製品を指すことが多い）

分子標的薬

特定の生体分子を標的として、その機能を制御する医薬品

MALT1

Mucosa-Associated Lymphoid Tissue lymphoma translocation protein １の略で、タンパク質を切断する酵素のひとつ

薬物動態

薬物投与後の体内薬物濃度の推移、PK（Pharmacokinetics）のこと

用量漸増コホート

第１相臨床試験のなかで、最大耐量MTDや用量制限毒性DLTを確認するために症例を集めた患者集団のこと

臨床試験

新しい医薬品などの効果や安全性について確認するために行われる患者を対象とした試験

臨床研究

病気の原因及び病態の理解ならびに予防方法、診断方法及び治療法の改善を目的として実施されるヒトを対象とする医学系研究の総称"
1911,住友林業株式会社,2025-12-31,"３ 【事業の内容】

当社グループ（当社及び当社の関係会社）は、当社、連結子会社509社及び持分法適用関連会社248社で構成され、山林事業を礎として、木材・建材の仕入・製造・加工・販売、戸建住宅等の建築工事の請負・リフォーム、分譲住宅の販売、集合住宅・商業複合施設等の開発、不動産の管理・仲介、及びそれらに関連する事業活動を、国内外において行っております。

事業内容と当社グループの当該事業における位置付けは次のとおりであります。

なお、次の５部門は「第５ 経理の状況 １ 連結財務諸表等 （１）連結財務諸表 注記事項（セグメント情報等）」に掲げるセグメントの区分と同一であります。













木材建材事業



事業内容



木材（原木・チップ・製材品・集成材等）・建材（合板・繊維板・木質加工建材・窯業建材・金属建材・住宅設備機器等）の仕入・製造・加工・販売等







主な関係会社



㈱井桁藤、住友林業クレスト㈱、住友林業フォレストサービス㈱、PT. Kutai Timber Indonesia、Nelson Pine Industries Ltd.







住宅事業



事業内容



戸建住宅・集合住宅等の建築工事の請負・アフターメンテナンス・リフォーム、分譲住宅等の販売、不動産の開発・賃貸・管理・売買・仲介、住宅の外構・造園工事の請負、都市緑化事業、ＣＡＤ・敷地調査等







主な関係会社



住友林業アーキテクノ㈱、住友林業ホームエンジニアリング㈱、住友林業ホームサービス㈱、住友林業ホームテック㈱、住友林業緑化㈱、住友林業レジデンシャル㈱、㈱ＬｅＴｅｃｈ







建築・不動産事業



事業内容



海外における、分譲住宅等の販売、戸建住宅の建築工事の請負、戸建住宅・集合住宅のトラス・パネル等の設計・製造・配送・施工、集合住宅・商業複合施設の開発、国内における中大規模建築工事の請負等







主な関係会社



Henleyグループ (Henley Arch Unit Trust 他６社) 、Metriconグループ (Met Group Holdings Pty Ltd 他13社) 、Scott Parkグループ (Scott Park Group Pty Ltd. 他15社) 、Bloomfield Homesグループ (Bloomfield Homes, L.P. 他３社) 、Crescent Communitiesグループ（Crescent Communities, LLC 他271社）、DRBグループ (DRB Enterprises, LLC 他35社) 、Edge Homesグループ (Edge Utah HoldCo, LLC 他30社)、FLTグループ (FLT HoldCo, LLC 他２社)、MainVue Homesグループ (MainVue Homes LLC 他３社)、Mark III Properties, LLC 、JPIグループ（SFA JPI Top Holdings, LLC 他159社）







資源環境事業



事業内容



再生可能エネルギー事業、森林資源事業等







主な関係会社



紋別バイオマス発電㈱、Tasman Pine Forests Ltd.







その他事業



事業内容



有料老人ホーム・サービス付き高齢者向け住宅の運営事業、保険代理店業、土木・建築工事の請負等







主な関係会社



スミリンエンタープライズ㈱、スミリンケアライフ㈱、㈱熊谷組





 


 

 


［事業系統図］

以上述べた事項を事業系統図によって示すと次のとおりであります。"
1914,日本基礎技術株式会社,2026-03-31,"３【事業の内容】

当社グループは、当社、連結子会社２社、関連会社２社で構成され、法面保護工事、ダム基礎工事、アンカー工事、重機工事、注入工事、維持修繕工事、環境保全工事ならびにこれらに関する事業を行っており、あわせて建設コンサルタント及び地質調査を行っている。連結子会社のJAFEC USA，Inc．は、海外工事への参入を図るため平成21年10月に米国ネバダ州に設立し、株式会社オーケーソイルは、都市部の地盤改良工事および海外工事に実績があるため平成22年４月に子会社化した。また、関連会社の日本施設管理株式会社は、当社業務に関連するダム施設管理業務および建設コンサルタント業務を、株式会社オリオン計測は当社業務に関連する地質調査やデータ解析を行っている。

［事業系統図］

以上述べた事項を事業系統図によって示すと、次のとおりである。

（建設工事）

 

 

（建設コンサル・地質調査等）"
1921,株式会社　巴コーポレーション,2026-03-31,"３【事業の内容】

当社グループは、当社、子会社５社及び関連会社１社で構成され、鉄構建設事業及び不動産事業の二事業を主な内

容とし、更に各事業に付帯する事業活動を展開している。

当社グループの事業に係る位置付け及びセグメント情報との関連は、次のとおりである。

なお、次の二事業はセグメント情報に記載された区分と同一である。

鉄構建設事業……当社は立体構造物・橋梁・鉄骨・鉄塔の設計、製作、施工並びに総合建設工事の企画、設計、施工を行っており、関係会社にその一部を発注している。

不動産事業………当社は不動産の売買、管理及び賃貸借並びにこれらの仲介を行っており、その業務の一部を関係会社に委託している。

事業の系統図は次のとおりである。"
1925,大和ハウス工業株式会社,2026-03-31,"３ 【事業の内容】

当社グループ（当社、連結子会社507社、持分法適用関連会社207社及び持分法非適用関連会社１社（2026年３月31日現在）により構成）においては、戸建住宅、賃貸住宅、マンション、商業施設、事業施設、環境エネルギー及びその他の７事業を主として行っており、生活基盤産業への総合的な事業を展開しております。

各事業における当社グループの位置付け等は次のとおりです。

 

（戸建住宅事業）

戸建住宅事業においては、戸建住宅の注文請負・分譲を行っております。

［主な関係会社］

Stanley Martin Holdings, LLC、Rawson Group Pty Ltd、Trumark Companies, LLC、CRC Holdings LLC、CastleRock Communities LLC、大和ハウスリフォーム㈱、大和ハウスリアルエステート㈱、㈱デザインアーク、大和ランテック㈱

 

（賃貸住宅事業）

賃貸住宅事業においては、賃貸住宅の開発・建築、管理・運営及び仲介を行っております。

［主な関係会社］

大和リビング㈱、North Clark LLC、DH MQW Pty Ltd、Daiwa House USA Member LLC、DH Phoenix, LLC、AP 355 N. Central Holdings, LLC、大和ハウス賃貸リフォーム㈱、Daiwa House Modular Europe B.V.

 

（マンション事業）

マンション事業においては、マンションの開発・分譲・管理を行っております。

［主な関係会社］

大和房屋（常州）房地産開発有限公司、大和ライフネクスト㈱、和宝（南通）房地産開発有限公司、玖心（常州）房地産開発有限公司、玖心（蘇州）房地産開発有限公司、Elephant Park Plot H11b LLP、Broadway Community Venture LLC、Broadway Community Owner LLC

 

（商業施設事業）

商業施設事業においては、商業施設の開発・建築、管理・運営を行っております。

［主な関係会社］

大和リース㈱、大和ハウスリアルティマネジメント㈱、ロイヤルホームセンター㈱、スポーツクラブNAS㈱、大和ハウスパーキング㈱

 

（事業施設事業）

事業施設事業においては、物流・製造施設、医療介護施設等の開発・建設、管理・運営を行っております。

［主な関係会社］

㈱フジタ、大和物流㈱、Daiwa House Malaysia Logistic Sdn. Bhd.、住友電設㈱、㈱ダイワロジテック、若松梱包運輸倉庫㈱、神山運輸㈱、大和ハウスプロパティマネジメント㈱

 

（環境エネルギー事業）

環境エネルギー事業においては、再生可能エネルギー発電所の開発・建築、再生可能エネルギーの発電及び電力小売事業等を行っております。

［主な関係会社］

大和エネルギー㈱、エネサーブ㈱

 

（その他事業）

その他事業においては、金融事業及びその他の事業を行っております。

［主な関係会社］

PT. Daiwa House Indonesia、Daiwa House Malaysia Sdn. Bhd.、大和ハウスグループ投資事業有限責任組合、㈱メディアテック、㈱伸和エージェンシー、大和ハウスフィナンシャル㈱、大和ハウスインシュアランス㈱、ダイワロイヤルゴルフ㈱、大和ハウス・アセットマネジメント㈱、大和ハウス不動産投資顧問㈱

 

(注)地域統括会社等であるDH Asia Investment Pte. Ltd.、Daiwa House Australia Pty Ltd、Daiwa House USA Holdings Inc.、Daiwa House Texas Inc.については、上記７事業における主な関係会社に含まれておりません。

 

［事業系統図］

 

 

以上述べた事項を事業系統図によって示すと次のとおりです。

 

 

 

 

2026年３月31日現在"
1926,ライト工業株式会社,2026-03-31,"３【事業の内容】

当社グループは、当社、連結子会社12社、関連会社１社、非連結子会社４社で構成され、建設事業及びその他（車両・建設機械・事務機器のリース、建設資材の販売、損害・生命保険代理店、福利厚生施設の管理、介護サービス業等）の事業活動を行っております。

各事業における当社グループ各社のセグメント毎の位置付け等は、次のとおりであります。

建設事業

当社は法面保護工事、地盤改良工事を主体とした土木工事業及び建築事業を営んでおり、連結子会社であるRAITO, INC.は米国の現地法人として地盤改良工事等を、Fecon Raito Underground Construction Joint Stock Companyはベトナムでの合弁会社として地盤改良工事等を、㈱小野良組は建築工事及び土木工事等の事業活動を、㈱アウラ・シーイー、㈱みちのくリアライズ、㈱東北リアライズ、㈱福島リアライズ、㈱新潟リアライズ、㈱東海リアライズ、サンヨー緑化産業㈱、㈱山口リアライズ、㈱九州リアライズは建設工事の請負並びに建設資材の販売を業務としており、非連結子会社である㈱タフアースは建設工事の内、労務提供の請負を主業務としております。持分法適用の関連会社である、Fecon Corporationは建設工事の請負を主業務としております。

 

その他

連結子会社である㈱アウラ・シーイーは建設資材の販売、車両・建設機械・事務機器のリース、福利厚生施設の管理等を、非連結子会社である㈱エド・エンタープライズは損害・生命保険代理店業を、㈱らいとケアはサービス付き高齢者住宅の運営及び介護サービス業を、FECON RAITO HOANG MAI COMPANY LIMITEDは資材の製造販売を営んでおります。

 

企業集団の事業の系統図は、次のとおりであります。"
1928,積水ハウス株式会社,2026-01-31,"３ 【事業の内容】

当社グループ(当社及び当社の関係会社)は、当社、連結子会社301社及び持分法適用関連会社36社で構成され、戸建住宅事業、賃貸・事業用建物事業、建築・土木事業、賃貸住宅管理事業、リフォーム事業、開発事業、国際事業等に関連する事業活動を行っています。

当社グループの各事業における位置付けは次のとおりです。

また、各事業に関わる主な関係会社については、事業系統図に記載しています。

 

(1) 戸建住宅事業

戸建住宅の設計、施工の請負、販売を行っています。

（主要会社 積水ハウス㈱、積水ハウス建設グループ）

(2) 賃貸・事業用建物事業

賃貸住宅及び事業用建物等の設計、施工の請負、販売を行っています。

（主要会社 積水ハウス㈱、積水ハウス建設グループ）

(3) 建築・土木事業

事業用建物等の建築工事及び土木工事の設計、施工の請負を行っています。

（主要会社 鴻池組グループ）

(4) 賃貸住宅管理事業

賃貸住宅等の借上、管理業務を行っています。

（主要会社 積水ハウス不動産グループ）

(5) リフォーム事業

戸建住宅及び賃貸住宅等のリフォームを行っています。

（主要会社 積水ハウスリフォーム㈱、積水ハウスサポートプラス㈱、

           積水ハウス不動産グループ、積水ハウス建設グループ）

(6) 開発事業

以下の３つの事業を包括しています。

① 仲介・不動産事業

  住宅用地、既存住宅及び収益用不動産等の仲介、販売を行っています。

  （主要会社 積水ハウス㈱、積水ハウス不動産グループ）

② マンション事業

分譲マンションの開発、販売、管理を行っています。

（主要会社 積水ハウス㈱、積水ハウスGMパートナーズ㈱）

③ 都市再開発事業

オフィスビル、ホテル及び賃貸マンション等の開発、管理、運営を行っています。

（主要会社 積水ハウス㈱、積水ハウス・アセットマネジメント㈱、

           積水ハウスホテルマネジメント㈱）

(7) 国際事業

海外における戸建住宅の販売や宅地の造成開発、販売、分譲マンションや賃貸マンション等の開発を行っています。

（主要会社 SEKISUI HOUSE US HOLDINGS, LLC、SEKISUI HOUSE AUSTRALIA HOLDINGS PTY LIMITED）

(8) その他

報告セグメントに含まれない事業セグメントであり、不動産管理業、損害保険代理店業等を行っています。

 

 

〔事業系統図〕

主要な関係会社を事業系統図に示すと、次のとおりです。"
1929,日特建設株式会社,2026-03-31,"３【事業の内容】

当社の企業集団は、当社、子会社７社、実質的な親会社１社で構成され、主な事業内容は建設事業であります。当社は建設業を営んでおります。連結子会社緑興産株式会社は土木工事業と材料販売を営んでおり、当社は材料等の仕入れを行っております。連結子会社麻生フオームクリート株式会社は、土木工事業を営んでおり、当社は施工する工事の一部を同社に発注しております。島根アースエンジニアリング株式会社、山口アースエンジニアリング株式会社、愛媛アースエンジニアリング株式会社、福井アースエンジニアリング株式会社、PT. NITTOC CONSTRUCTION INDONESIAは、土木工事業を営んでおります。"
192A,インテグループ株式会社,2026-05-31,"３【事業の内容】

当社は、「我々は、完全成功報酬制のＭ＆Ａ仲介会社として、質量ともに圧倒的なリーディング企業になり、優良企業の存続・発展、起業家精神の高揚、経済全体の生産性の向上に貢献する。」及び「我々は、様々な経営課題を解決することで、経営と経営者に付加価値を与え、企業や組織の経営力の向上に貢献し、社会に活力を与え、そして最も信頼される経営支援会社になる。」というビジョンの下、日本社会が抱える重要課題である中小企業の後継者不足問題等をＭ＆Ａで解決するために、創業以来、中小企業を中心としたＭ＆Ａ仲介サービスを提供しております。当社はＭ＆Ａ仲介事業のみの単一セグメントであるため、セグメント別の記載はしておりません。

 

(１) Ｍ＆Ａ仲介サービスについて

当社のＭ＆Ａ仲介サービスは、会社売却を希望されている経営者に、初期のご相談から、売却見込額の査定、買い手候補企業・譲渡スキームの提案、必要資料の準備、買い手候補の選定、買い手候補への提案、買い手候補との面談、条件交渉、基本合意、デューデリジェンスのアレンジ、最終契約に至るまでワンストップで支援するサービスです。

 

(２) 当社の特徴

①完全成功報酬制の料金体系

当社は、売り手・買い手ともに、着手金（一般的に仲介契約書締結時に発生）、中間金（一般的に基本合意書締結時に発生）を徴収せず、成功報酬のみでＭ＆Ａを支援しております。

Ｍ＆Ａは必ず成立するというものではなく、交渉が進んでいても、最後の最後まで破談する可能性があります。最終的にＭ＆Ａが成立しなかった場合でも、着手金や中間金は返金されないケースが多くなっております。当社のＭ＆Ａ仲介サービスでは、Ｍ＆Ａが成立しなければ報酬は一切発生しませんので、顧客は不要なリスクを負うことなく、安心して利用することができます。

 

②低廉な最低成功報酬額（※１）

Ｍ＆Ａ仲介業界では、各Ｍ＆Ａ仲介会社が成功報酬額の下限である最低成功報酬額を設定しております。上場している大手Ｍ＆Ａ仲介専門会社（※２）４社は、この最低成功報酬額として20百万円～25百万円を採用しております（2026年７月末日時点の各社ＨＰを基に当社調べ）が、当社は15百万円と低い水準となっております。このため、国内中小企業Ｍ＆Ａ市場におけるボリュームゾーンである小規模案件について、当社の低廉な最低成功報酬額は、価格競争力を有します。

※１ 最低成功報酬額とは、譲渡価格に一定の料率を乗じて算定される成功報酬について下限を設けるもので、小規模案件に適用されます。例えば、譲渡価格120百万円の案件であれば、最低成功報酬の設定がなければ成功報酬額は120百万円×５％＝６百万円となりますが、最低成功報酬が15百万円と設定されていれば譲渡価格120百万円の案件であっても、成功報酬額は15百万円に固定されます。最低成功報酬額の設定は各社で大きく異なっております。

※２ Ｍ＆Ａ仲介専門会社とは、「連結又は単体売上高の90％以上がＭ＆Ａ仲介に係る売上高で構成されている会社」と定義しております。

 

 

③売買金額ベースの成功報酬算定方式

上場している大手Ｍ＆Ａ仲介専門会社４社の中には、成功報酬の算定基準を移動総資産ベースとする会社もある中、当社は売買金額ベースの算定基準を採用しております。売買金額ベースの算定方式は移動総資産ベースの算定方式と比して顧客の負担額が下がるため、顧客にとってのコストメリットがあり、価格訴求力を有しております。

 

 

(３) 業務フロー

当社のＭ＆Ａ仲介サービスは、Ｍ＆Ａの初期相談から最終のクロージングまで、コンサルタント１名が一気通貫で支援する体制をとっております。プロセスごとに担当を分ける分業制に対して、当社の一気通貫の支援体制では、全てのプロセスに精通したコンサルタントが最初から顧客の相談に乗ることで、顧客との信頼を醸成できることに加え、論点が早い段階で明確になり、顧客に寄り添った質の高いサービスが提供可能になります。

また担当者間の非効率な情報共有、ミスコミュニケーションも発生せず、スピードと効率性が向上します。一方で、作成資料はダブルチェックする管理体制を整備しており、業務の質を担保するよう努めております。業務フローの各プロセスは以下の通りです。

 

① ソーシング

インターネット等への広告出稿、ダイレクトメール、及びコールドコール（架電リストに対して行う新規の電話営業）によるダイレクトソーシング、並びに、金融機関等の提携先からの紹介によるネットワークソーシングを通じて、会社・事業の売却を希望する経営者又は企業（売り手）と会社・事業の買収を希望する企業（買い手）から幅広くＭ＆Ａに関する相談を受けます。

なお、現在、当社では、広告出稿、ダイレクトメール及びコールドコールにより顧客を直接開拓するダイレクトソーシングを得意としておりますが、今後の更なる成長のために、これらの手法ではアクセスしにくい潜在顧客との接点を増やすべく、金融機関等の提携先からの紹介であるネットワークソーシングの強化を進めております。

 

② 案件化

売り手から売却相談を受けた場合、秘密保持契約書（※１）を締結した上で、売却可能性の診断、企業価値評価、及び買い手候補の提案を行い、売り手と仲介契約書（※２）を締結します。仲介契約書を締結後、資料パッケージ（※３）の作成、買い手候補への打診を行います。

※１ 秘密保持契約書：当社及び顧客が、Ｍ＆Ａの検討に際して相互に開示する情報に関して、秘密保持を約する契約書です。

※２ 仲介契約書：当社が提供する業務内容、成功報酬等を定めた契約書です。

※３ 資料パッケージ：企業（売り手）の会社概要、財務内容、希望条件等を含む案件概要書及び附属資料一式を指します。

 

③ 買い手への提案

買い手から買収相談を受けた場合、買収希望をヒアリングした上で、買収ニーズを当社の社内データベースに登録します。その後、買い手の買収ニーズに合致する具体的な売却案件が出てきた際に、ノンネームシート（※１）による提案を行い、秘密保持契約書を締結した上で、詳細資料による提案を行います。その後、売り手とのトップ面談（※２）まで進む場合には、買い手と仲介契約書を締結します。

このように、売り手の売却ニーズありきで、買い手候補に売却案件を紹介することが一般的ですが、これとは逆に、買い手の買収ニーズありきで、売り手候補にＭ＆Ａの打診をしていくこともあります。

※１ ノンネームシート：秘密保持契約書を締結する前の段階で買い手候補企業に提示する一枚ものの資料で、会社名等の具体的な会社が特定できる情報は記載せず、会社所在地、事業内容、売上規模等の情報を記載したものです。

※２ トップ面談：売り手と買い手が直接顔を合わせ、話し合い及び質問をすることで相互理解を深める面談です。

 

④ マッチング及びエグゼキューション

当社は、売り手と買い手を中立的に仲介する立場として、売り手と買い手のマッチング、トップ面談の設定、意向表明書（※１）の授受、基本合意書（※２）の締結、デューデリジェンス（※３）の設定、最終条件の交渉、株式譲渡契約書（※４）等の契約書類等の調整、譲渡の実行・譲渡対価の支払（クロージング）まで、Ｍ＆Ａにおける一連のプロセスを支援し、クロージングが完了した段階で、売り手と買い手の双方から成功報酬を受領します。

また、当社が売り手のファイナンシャル・アドバイザー（※５）、提携先が買い手のファイナンシャル・アドバイザー（又はその逆）の立場でＭ＆Ａを支援することもあり、この場合、Ｍ＆Ａが成立すれば、当社は売り手（又は買い手）からのみ成功報酬を受領します。

なお、提携先から売り手又は買い手の紹介を受けていた場合は、クロージング後に、業務提携契約に定めた紹介料（売り手又は買い手から受領した成功報酬の一定割合）を当社から提携先に支払います。現状、主としてダイレクトソーシングによる案件開拓を行っていることから、当社の成約組数に占める提携先からの紹介案件比率は低くなっておりますが（2026年５月期において紹介料の支払が発生した案件は全成約49組中11組）、金融機関等との提携を担当するコンサルタントを置くなど提携先からの案件開拓の強化を進めております。

※１ 意向表明書：買収目的、買収スキーム、買収価格、スケジュール等、記載した条件を基準に買収検討を進めたい旨を買い手が売り手に対して表明する書面です。

※２ 基本合意書：売り手と買い手の間で合意した基本的条件や独占交渉期間等を定める契約書です。

※３ デューデリジェンス：Ｍ＆Ａ実行前に、買い手及び買い手が起用した専門家が、企業（売り手）に対して実施する調査であり、法務デューデリジェンス、財務デューデリジェンス、ビジネスデューデリジェンス等があります。

※４ 株式譲渡契約書：譲渡価格、譲渡日、表明保証等、全ての最終的なＭ＆Ａの取引条件について定める契約書です。

※５ ファイナンシャル・アドバイザー：売り手側又は買い手側どちらか一方のみに対して助言を行うＭ＆Ａの専門家を指します。

 

当社の通常の業務フローは以下のとおりです。

 

 

※ダイレクトソーシングとは、広告出稿、ダイレクトメール等によるインバウンドマーケティング及びコールドコール等によるアウトバウンドマーケティングを含む、提携先からの紹介ではない、当社が直接案件開拓する手法を指します。

 

当社の事業系統図は以下のとおりです。"
1930,北陸電気工事株式会社,2026-03-31,"３ 【事業の内容】

当社グループは、当社、その他の関係会社１社、子会社６社及び関連会社１社で構成され、設備工事業を主な事業の内容としている。

当社グループの事業に係る位置付け及び事業内容は次のとおりである。

 


〔設備工事業〕


・当社は電気工事、電気通信工事、管工事、水道施設工事、消防施設工事、土木工事を請負施工している。なお、配電設備等の電力供給設備に係わる電気工事は、その他の関係会社である北陸電力㈱を中心とする北陸電力グループから請負施工している。

・㈱スカルトは電力供給設備に係わる電気工事以外の電気工事を請負施工している。

・㈱蒲原設備工業及び㈱日建は管工事を請負施工している。

 


〔その他の事業〕


・ホッコー商事㈱は不動産賃貸等を行っている。

・Ｂｌｕｅ・Ｓｋｙ㈱はクライミング施設の運営等を行っている。

・PT AWINA RIKUDENKO SOLAR ENGINEERING INDONESIAはリース事業を行っている。

・㈱大山ファーストはＰＦＩ事業を行っている。

 

事業の系統図は次のとおりである。"
1934,株式会社ユアテック,2026-03-31,"３ 【事業の内容】

当社グループは、当社、連結子会社16社、その他の関係会社１社で構成され、設備工事業を主な事業としている。

当社グループの事業に係る位置付け及びセグメントとの関連は、次のとおりである。

なお、セグメント情報に記載された区分と同一である。

 

（設備工事業）

当社は、電気、通信、土木、建築及び空調管工事などの請負施工を行っており、国内連結子会社７社に工事の一部を発注している。

また、当社、㈱ユートス、㈱ユアテック宮城サービス、㈱テクス福島は、その他の関係会社である東北電力㈱及び同社の子会社である東北電力ネットワーク㈱より電気工事等を請負施工している。

海外連結子会社であるYURTEC VIETNAM CO.,LTD.及びSIGMA ENGINEERING JSCは、ベトナム社会主義共和国にて電気・空調管工事等を請負施工している。

 

（その他）

㈱トークスは、警備・不動産業等を営んでおり、当社は警備業務、不動産の管理業務を委託している。

㈱ニューリースは、リース事業等を営んでおり、当社は工事用機械及び車両等のリースを受けている。

グリーンリサイクル㈱は、廃棄物処理業を営んでおり、当社は伐採材等の処理を委託している。

㈱アクアクララ東北は、ミネラルウォーターの製造・販売業を営んでいる。

㈱ユアソーラー富谷他２社は、太陽光発電による電気の卸供給業を営んでおり、東北電力㈱に電力を売電している。

 

事業の系統図は次のとおりである。"
1938,日本リーテック株式会社,2026-03-31,"３ 【事業の内容】

当社グループは、当社、子会社７社及び関連会社３社（2026年３月31日現在）で構成され、電気設備工事業（鉄道電気設備工事、道路設備工事、屋内外電気設備工事、送電線設備工事）、兼業事業及び不動産賃貸事業を主な内容として事業活動を展開しております。

 

当社及び当社の関係会社の事業における当社及び関係会社の位置付け及びセグメントとの関連は、次のとおりであります。なお、セグメントと同一の区分であります。

 

 














区分



内容



関係会社







電気設備
工事業



鉄道電気設備工事



信号設備、電車線設備、発変電設備、電灯・電力設備、情報・通信システム、鉄道送電線工事



当社、㈱保工北海道、東日本電気エンジニアリング㈱、日本鉄道電気設計㈱、ＮＲ電気システム㈱







道路設備工事



交通信号・道路情報制御システム、標識・標示、遮音壁・防護柵・裏面吸音板、景観サイン工事



当社、㈱保工北海道、㈱保工東北、交通安全施設㈱







屋内外電気設備工事



屋外電気設備、屋内電気設備、太陽光発電システム工事



当社、㈱シーディーサービス







送電線設備工事



送電線設備工事



当社、㈱シーディーサービス、㈱ケンセイ







兼業事業



製造・販売業務



交通施設に関する標識及び交通安全用品の製造・販売業務



当社、㈱保安サプライ、㈱保工北海道、㈱保工東北、交通安全施設㈱







機械工具・工事用資材販売業務



㈱シーディーサービス







保守・管理・
事務代行業務



建物・関連設備の保守・管理業務、機械装置・仮設材関係の保守・管理業務・事務代行業務



㈱シーディーサービス、
ＮＲシェアードサービス㈱







不動産
賃貸事業



不動産賃貸業務



土地・建物の賃貸業務



当社





 


 

事業の系統図は次のとおりであります。"
1939,株式会社四電工,2026-03-31,"３ 【事業の内容】

 

当社グループは、当社、子会社２６社、関連会社８社で構成され、「設備工事業」、「リース事業」及び「太陽光発電事業」の３つを報告セグメントとしている。

「設備工事業」では、配電工事、送電・土木工事、電気・計装工事、空調・管工事、情報通信工事を受注施工しており、「リース事業」では、工事用機械、車両、備品等のリースを行っている。また、「太陽光発電事業」では、太陽光発電による電気の販売を行っている。

 

当社グループの事業に係る位置づけ及びセグメントとの関連は、次のとおりである。

 

(設備工事業)

当社が得意先から設備工事を受注施工する他、工事の一部については連結子会社 ㈱アクセル徳島、㈱高知クリエイト、㈱アクセル松山、㈱香川クリエイトに発注している。

連結子会社 有元温調㈱は、兵庫県を中心に空調・管工事を受注施工している。

連結子会社 アイ電気通信㈱は、関西圏及び首都圏を中心に、非連結子会社 恒栄通建㈱は、首都圏を中心に電気・電気通信工事を受注施工している。

連結子会社 菱栄設備工業㈱は、首都圏を中心に空調・管工事を、非連結子会社 ㈱一水社は、同エリアにて管工事を受注施工している。

連結子会社 ㈱関西設備は、高知県を中心に空調・管工事を受注施工している。

連結子会社 横山工業㈱は、栃木県を中心に空調・管工事を受注施工している。

連結子会社 ㈱ベルテックは、岡山県を中心に電気・計装工事を受注施工している。

連結子会社 ㈱キャデワサービスはＣＡＤによる図面作成等を行っており、当社は図面作成等の一部を発注している。

非連結子会社 徳島電工㈲、南海電工㈲、香川電工㈲は、配電工事における当社と協力業者との取引に係る事務手続を代行している。

非連結子会社 Yondenko Vietnam Company Limitedは、ＣＡＤによる図面作成等を行っており、当社は図面作成等の一部を発注している。

 

(リース事業)

連結子会社 ㈱ヨンコービジネスは工事用機械、車両、備品等のリースを行っており、一部について当社との間でリース取引がある。

 

(太陽光発電事業)

当社、連結子会社 ㈱ヨンコーソーラー、㈱仁尾太陽光発電及び㈱桑野太陽光発電並びに関連会社 こうち名高山ソーラーファーム㈱は、太陽光発電による電気の販売を行っており、当社は主要な設備について工事・管理・運営を行っている。

 

(その他)

当社は、ＣＡＤソフトウェアの開発・販売、指定管理業務、工事材料の販売等を行っている。

非連結子会社 ㈱鈴木建築設計事務所は、東北地方を中心に建築設計に関する業務を行っている。

非連結子会社 ㈱マルケンは、首都圏を中心に建築・設備資機材の販売に関する業務を行っている。

非連結子会社 ㈱宇多津給食サービス、㈱徳島農林水産ＰＦＩサービス及び㈱大洲給食ＰＦＩサービス並びに関連会社 ㈱笠岡給食ＰＦＩサービス、㈱大洲学校ＰＦＩサービス、㈱松山学校空調ＰＦＩサービス、㈱西予まちづくりサービス、㈱徳島県警ＰＦＩサービス、㈱西条学校空調ＰＦＩサービス及び㈱三木町学校給食施設は、ＰＦＩ事業を営んでいる。

 

 

事業の系統図を示すと次のとおりである。"
1941,株式会社中電工,2026-03-31,"３【事業の内容】

当社グループは、当社、子会社19社、関連会社９社及びその他の関係会社１社で構成され、その主な事業内容と各社の事業に係る位置付けは、次のとおりである。

 












設備工事業



当社及び三親電材㈱他国内10社が、屋内電気工事、空調管工事、情報通信工事、配電線工事、送変電地中線工事の設備工事業を営んでいる。

三親電材㈱他国内９社が、当社工事の請負施工を、㈱イーペック広島が、当社工事の設計・積算業務を行っている。また、三親電材㈱が、工事材料の納入を行っている。

CHUDENKO(MALAYSIA)SDN. BHD.及びRYB ENGINEERING PTE LTDの子会社であるRYBE ENGINEERING (M) SDN. BHD.並びに同社の関連会社であるR&L ENGINEERING SDN. BHD.が、マレーシアにおいて設備工事業を営んでいる。

RYB ENGINEERING PTE LTD及び同社の子会社であるELEVATE ENGINEERING SOLUTION PTE. LTD.が、シンガポールにおいて設備工事業を営んでいる。

㈱昭和コーポレーションの子会社であるSHOWA VIETNAM CO., LTDが、ベトナムにおいて設備工事業を営んでいる。

IAQ TECHNOLOGY INTERNATIONAL SDN. BHD.が、マレーシア、シンガポール及びドイツにおいて設備工事業を営んでいる。

 







その他の事業



三親電材㈱が、電気機器・工事材料の販売事業を営んでいる。

㈱昭和コーポレーションが、工事材料の製造・販売事業を営んでおり、同社の子会社であるSHOWA VIETNAM CO.,LTDが、ベトナムにおいて工事材料の販売事業を、同社の子会社であるSHOWA TECH VIETNAM CO.,LTDが、同国において工事材料の製造・販売事業を営んでいる。

中工開発㈱が、保険代理、リース等の事業を営んでいる。

㈱ベリーネ及び㈱中電工ワールドファームが農業関連事業を営んでいる。

PFI学校空調東広島㈱、PFI学校空調やまぐち㈱、PFI学校空調三原㈱及びPFI学校空調周南㈱が、学校施設空調設備整備のPFI事業を営んでいる。

OCソーラー㈱が、太陽光発電事業を営んでいる。

SAMAIDEN CHUDENKO RENEWABLES SDN. BHD.が、再生可能エネルギー等の電力事業投資を行っている。

中国電力㈱が、電気事業を営んでおり、当社は同社及び同社の子会社である中国電力ネットワーク㈱の電気工事等を請負施工している。





 


 

 

事業の系統図は次のとおりである。

 




 

(注)中国電力グループは、中国電力㈱及び中国電力ネットワーク㈱である。"
1942,株式会社関電工,2026-03-31,"３【事業の内容】

当社グループは、当社及び連結子会社30社で構成され、設備工事業、電気機器販売業、不動産事業、リース業及び発電事業を事業内容としている。当社グループの事業に係る位置付け及びセグメント情報との関連は、次のとおりである。

（設備工事業）

当社、川崎設備工業㈱、㈱関工ファシリティーズ、㈱神奈川ケイテクノ、㈱千葉ケイテクノ、㈱埼玉ケイテクノ、㈱茨城ケイテクノ、㈱栃木ケイテクノ、㈱群馬ケイテクノ、㈱多摩ケイテクノ、㈱静岡ケイテクノ、㈱阪電工、㈱関工パワーテクノ、㈱神奈川パワーテクノ、㈱千葉パワーテクノ、㈱埼玉パワーテクノ、㈱茨城パワーテクノ、㈱栃木パワーテクノ、㈱群馬パワーテクノ、㈱西関東パワーテクノ、㈱静岡パワーテクノ、㈱タワーライン・ソリューション、佐藤建設工業㈱及び㈱ネットセーブは電気・管工事その他設備工事の施工を、東京工事警備㈱は工事警備業務を、㈱ベイテクノは設計・積算業務を、それぞれ行っている。当社は、工事の一部、工事警備業務及び設計・積算業務をこれらの関係会社に発注している。

また、当社及び㈱タワーライン・ソリューションは、東京電力グループより電気工事を受注している。

 

（その他の事業）

当社は不動産事業及び発電事業を、関工商事㈱は電気機器販売業を、㈱ケイアセットマネジメントは不動産事業及びリース業を、銚子風力開発㈱、嘉麻太陽光発電㈱及び前橋バイオマス発電㈱は発電事業を、それぞれ営んでいる。当社は、関工商事㈱より工事施工に伴う材料等の一部を購入し、㈱ケイアセットマネジメントより土地・建物を賃借するとともに車両等のリースを受けている。

また、当社、銚子風力開発㈱及び前橋バイオマス発電㈱は、東京電力グループに電力を販売している。

 

以上述べた事項を事業系統図によって示すと、次のとおりである。"
1944,株式会社きんでん,2026-03-31,"３【事業の内容】

 

  当社グループは、当連結会計年度末現在、当社並びに被関連会社（その他の関係会社）１社・連結子会社25社・持分法適用関連会社１社・非連結子会社１社・持分法非適用関連会社４社により構成され、その主な事業内容と各関係会社等の当該事業に係る位置付けは次のとおりである。

  当社は、電気工事（配電工事、ビル・工場等の一般電気工事、送電線工事、発変電所工事等）、情報通信工事（電気通信工事、計装工事等）、環境関連工事（空調管工事等）、内装設備工事及び土木工事並びにその他これらに関連する事業を営んでいる。

〔被関連会社〕

  関西電力㈱は、電気事業を営み、当社は同社から発電事業工事等を受注している。

〔連結子会社〕

  近電商事㈱は、当社事業活動上必要な車両等のリース・販売、各種損害保険代理業、不動産の維持管理・賃貸を中心に事業を営んでいる。

  ㈱西原衛生工業所は、給排水衛生工事その他これらに関連する事業を営んでいる。

  ㈱西原衛生工業所の子会社である西原工事㈱は、給排水衛生工事等の施工、保守管理を中心に事業を営んでいる。

  ㈱ＦＥＮは、電力・情報通信工事その他これらに関する事業を営んでいる。

  ㈱北弘電社は、一般電気工事・電力工事及び機器販売に関する事業を営んでいる。

  きんでん東京サービス㈱、きんでん中部サービス㈱、きんでん関西サービス㈱及びきんでん西日本サービス㈱は、当社が施工した一般電気工事等の保守管理、施工を中心に事業を営んでいる。

  ダイトウ電気工事㈱は、一般電気工事等の保守管理、施工を中心に事業を営んでいる。

  きんでんサービス㈱は、被関連会社である関西電力㈱の子会社である関西電力送配電㈱から当社に発注された配電工事等の周辺業務の請負を中心に事業を営んでいる。

  ㈱きんでんスピネットは、情報通信システム機器の販売及びエンジニアリングを中心に事業を営んでいる。

  白馬ウインドファーム㈱は和歌山県にて、白滝山ウインドファーム㈱は山口県にて、それぞれ風力発電事業を営んでいる。

  しらまグリーンエナジー㈱は和歌山県にて、しらたきやまグリーンエナジー㈱は山口県にて、それぞれ風力発電の準備事業を行っている。

  ㈱Ｋ２－ＢａｔＯＭは、蓄電所等の保守管理、その他これらに関する事業を営んでいる。

  ユー・エス・キンデン・コーポレーションは、米国ハワイ州所在の持株会社であり、同州にて一般電気工事の設計、施工を営んでいるワサ・エレクトリカル・サービス・インクを所有している。

  ピー・ティー・キンデン・インドネシアはインドネシアにて、キンデン・フィルス・コーポレーションはフィリピンにて、キンデン・ベトナム・カンパニー・リミテッドはベトナムにて、キンデン（タイランド）・カンパニー・リミテッドはタイにて、それぞれ一般電気工事・空調管工事の設計、施工を営んでいる。

  アンテレック・プライベート・リミテッドは、インドにて一般電気工事の設計、施工を営んでいる。

  インターナショナル・エレクトロ-メカニカル・サービス・カンパニーは、アラブ首長国連邦ドバイ首長国にて空調管工事・一般電気工事の設計、施工を営んでいる。

〔持分法適用関連会社〕

  ㈱近貨は、コンクリート電柱の運搬を中心に事業を営んでいる。

〔非連結子会社〕

  きんでん蓄電池ファンド合同会社は、蓄電所事業を投資対象とする投資事業有限責任組合の運営・管理を行っている。

〔持分法非適用関連会社〕

  ㈱サンユーは、消防設備工事等の施工、保守管理を営んでいる。

  おおたかの森ＰＦＩ㈱は、ＰＦＩ事業を営むことを目的に設立された会社である。

 

 

  以上述べた事項を事業系統図によって示すと、下図のとおりである。

 

≪事業系統図≫

 

（注）当連結会計年度において、次のとおり変更があった。

[連結子会社]

・2025年４月１日に㈱北弘電社を子会社化し、新たに連結対象とした。

・2025年９月１日にしらまグリーンエナジー㈱、しらたきやまグリーンエナジー㈱を設立し、新たに連結対象とした。

・2025年12月15日に㈱Ｋ２－ＢａｔＯＭを設立し、新たに連結対象とした。

[非連結子会社]

・2026年３月16日にきんでん蓄電池ファンド(同)を設立した。"
1945,株式会社東京エネシス,2026-03-31,"３【事業の内容】

当社グループは、当社、子会社10社及び関連会社４社で構成され、電力関連設備や一般電気設備工事等の設計及び施工を主な事業としております。また、太陽光発電やバイオマス発電による電力の販売、不動産の賃貸・管理、工具・備品・車両等のリース・レンタル及び保険代理業等の事業活動を展開しております。これら既存事業領域を堅持するとともに、事業領域を拡大すべく、子会社による国内外でのエネルギー関連事業への参画等に取り組んでおります。

各事業における当社グループの位置付け並びにセグメントとの関連は、次のとおりであります。

なお、電力関連設備工事の主要部分は、その他の関係会社である東京電力ホールディングス㈱を含む東京電力グループより受注しております。

 

［設備工事業］

火力、原子力、水力、コージェネレーション、太陽光及びバイオマス発電設備の建設・保守、並びに変電、一般電気、情報通信及び空調設備工事の設計・施工

(主な関係会社)

当社、㈱テクノ東京、Tokyo Enesys Vietnam Co.,Ltd.、アサバヌエネシスエンジニアリング㈱

［その他の事業］

発電事業、不動産事業、リース・レンタル事業、保険代理業、製造・販売事業及び卸売業

(主な関係会社)

当社、東工企業㈱、㈱バイコム、㈱東輝、Tokyo Enesys(Thailand) Co.,Ltd.、Admiration Co.,Ltd.、(同)境港エネルギーパワー、(同)熊本エネルギーパワー、(同)北アルプスエネルギーパワー、SCI Enesys Co.,Ltd.、(同)会津こもれび発電所、(同)白馬猿倉小水力発電

 

事業の系統図は次のとおりであります。"
1946,株式会社トーエネック,2026-03-31,"３【事業の内容】

当社グループは、連結財務諸表提出会社（以下「当社」という。）、連結子会社8社及び持分法適用関連会社4社で構成され、設備工事業を主な事業の内容としている。

当社グループの事業に係る位置付け及びセグメントとの関連は、次のとおりである。また、当社は中部電力㈱〔電気事業〕の関連会社である。

 

〔設備工事業〕

当社は、配電線工事、地中線工事、屋内線工事、空調管工事、通信工事の施工を行っており、工事の一部を㈱トーエネックサービスが下請施工している。

㈱トーエネックサービスは、屋内線工事等の施工を行っている。

旭シンクロテック㈱は、空調管工事の施工を行っている。

海外子会社である統一能科建筑安装（上海）有限公司、TOENEC (THAILAND) CO.,LTD.、Tri-En TOENEC Co.,Ltd.、TOENEC PHILIPPINES INCORPORATED、PT. ASAHI SYNCHROTECH INDONESIAは、それぞれ中華人民共和国、タイ王国、フィリピン共和国、インドネシア共和国において屋内線工事、空調管工事等の施工を行っている。

海外持分法適用関連会社であるHAWEE MECHANICAL AND ELECTRICAL JOINT STOCK COMPANY、FUHBIC TOENEC Corporationは、それぞれベトナム社会主義共和国、台湾において屋内線工事、空調管工事等の施工を行っている。

また、当社は、中部電力グループ（中部電力㈱、中部電力パワーグリッド㈱、中部電力ミライズ㈱）から配電設備の新増設工事やその他の修繕工事等を受注しており、その周辺業務を㈱トーエネックサービスに発注している。

（注） TOENEC (THAILAND) CO.,LTD.は、Tri-En TOENEC Co.,Ltd.への事業移管が終了し清算手続中である。

 

〔エネルギー事業〕

当社は、FIT太陽光発電事業、PPAサービス、学校空調システムサービス、マンション高圧一括受電サービス等を行っている。

合同会社たてしなサンサンファームは、営農型太陽光発電所に係る営農事業として、農産物の生産、加工及び販売を行っている。

 

〔その他〕

当社は、商品販売を行っている。

㈱トーエネックサービスは、商品販売、土地建物の賃貸、事務用機器の賃貸、損害保険代理業等を行っている。

ＰＦＩ豊川宝飯斎場㈱は、ＰＦＩ事業である豊川市斎場会館の施設整備、維持管理及び運営を受託している。

㈱中部プラントサービスは、中部電力㈱の子会社であり、火力・原子力発電所の建設・点検・保守工事を行っている。

（注） ＰＦＩ豊川宝飯斎場㈱は、2026年3月31日をもって、豊川市との事業契約期間満了に伴い、同事業を終了した。今後、清算手続を行う予定である。

 

事業の系統図は次のとおりである。"
1948,株式会社弘電社,2026-03-31,"３ 【事業の内容】

当社グループ(当社及び当社の関係会社)は、当社、連結子会社２社、非連結子会社１社、親会社で構成され、電気設備工事事業(屋内線工事、送電線工事、発変電工事、通信工事、空調工事の設計・施工・請負)並びに商品販売事業(汎用電気機器、産業用電気・電子機器、冷熱住設機器等の販売)を主な事業として事業活動を展開しております。また、親会社の子会社１社との間には継続的で緊密な事業上の関係があります。

各社の事業に係わる位置付けは次のとおりであります。なお、セグメントと同一の区分であります。

 

電気設備工事事業 当社の受注した電気設備工事の一部につき、その施工の一部を子会社の弘電工事株式会社に、設計積算等業務の一部を子会社の弘電社機電工程(北京)有限公司に、機器の一部については親会社の三菱電機株式会社に発注しております。また、工事の一部につき、親会社の三菱電機株式会社より受注しております。

 

商品販売事業 親会社の三菱電機株式会社との代理店契約等に基づき、同社の製造する商品を当社が仕入・販売しており、また、同社子会社である三菱電機住環境システムズ株式会社より、親会社の三菱電機株式会社の製造する住宅設備機器及び冷熱住設機器等を当社が仕入・販売しております。

 

事業の系統図は次のとおりであります。"
194A,株式会社ＷＯＬＶＥＳ　ＨＡＮＤ,2025-06-30,"３【事業の内容】

当社グループは、当社、連結子会社３社（株式会社そよかぜ、株式会社バハティー及び株式会社ペット・ベット）及び持分法適用関連会社１社（飛鳥メディカル株式会社）で構成されており、動物病院及びペットサロンの運営、動物病院向けソフトウエアの提供、獣医療教育セミナーの配信及び医療用機械器具の製造・販売を主な事業として取り組んでおります。

当社グループが属する動物医療業界においては、人口減少や動物愛護法の規制強化などを背景に、犬・猫の飼育頭数が減少傾向にある一方で、ペット寿命の長期化や「ペット＝家族」という価値観の醸成により、ペットに対する医療費支出は増加傾向にあります（出典：ペットビジネスマーケティング総覧2025年版（矢野経済研究所））。“動物たちにもより良い治療を受けさせたい”という社会的ニーズの高まりを受け、当社グループでは、身近なケアからCTやMRIを用いた高度医療まで、幅広いニーズに応えることができる動物医療を提供してまいりました。いつでも安心して通える動物病院グループを目指し、動物医療の発展に寄与することで、これからも広く社会に貢献してまいります。

なお、当社グループは、動物病院事業の単一セグメントであるため、セグメントごとの記載を省略しておりますが、事業・サービス内容を機能別に記載しております。

事業・サービスの名称

事業・サービスの主な内容

主な会社名

① 動物病院運営

動物病院における獣医療の提供

当社

株式会社そよかぜ

株式会社バハティー

② ペットサロン運営

トリミングサービスの提供、ペットホテルの運営

当社

③ 動物病院向けソフトウエアの提供

動物病院向け顧客管理システム「わん太郎」の開発・販売

当社

④ 獣医療教育セミナーの配信

獣医師向け情報サイト「VMN」の運営、セミナーコンテンツの制作

株式会社ペット・ベット

⑤ 医療用機械器具の製造・販売

医療用機械器具、医療用具の研究、開発、製造、販売、リース及び輸出入

飛鳥メディカル株式会社

 

 

 

各事業・サービスの連結売上高に占める割合は以下のとおりであります。

事業・サービス

第４期連結会計年度

(自 2021年７月１日

至 2022年６月30日)

第５期連結会計年度

(自 2022年７月１日

至 2023年６月30日)

第６期連結会計年度

(自 2023年７月１日

至 2024年６月30日)

第７期連結会計年度

(自 2024年７月１日

至 2025年６月30日)

売上高

（千円）

構成比（％）

売上高

（千円）

構成比（％）

売上高

（千円）

構成比（％）

売上高

（千円）

構成比（％）

動物病院運営

3,579,394

83.3

3,991,259

85.8

4,296,704

86.1

4,759,105

87.1

ペットサロン運営

447,181

10.4

441,713

9.5

463,033

9.3

461,583

8.5

動物病院向けソフトウエアの提供

16,801

0.4

17,154

0.4

18,893

0.4

17,715

0.3

獣医療教育セミナーの配信

108,001

2.5

89,654

1.9

97,557

2.0

104,851

1.9

その他

143,653

3.3

111,286

2.4

114,450

2.3

120,561

2.2

合計

4,295,031

100.0

4,651,067

100.0

4,990,639

100.0

5,463,817

100.0

 

当社グループの各事業・サービスの具体的な内容は次のとおりです。

 

① 動物病院運営

当社が運営する動物病院において、診察、検査、手術等の診療サービスを提供し、その対価として診療費を受領しております。当該事業は、当社グループ売上の80％以上を占めております。

現在、関西エリア、関東エリア、九州・沖縄エリアの３エリアにおいて、CTやMRIなどの高度医療機器を備え、専門分野を持った獣医師が診療を行う『センター病院』と、かかりつけ病院として、診療や簡易的な手術等を行う『サテライト病院』をドミナントで複数配置しており、2025年６月30日現在における年間診療件数は395,059件と豊富な診療実績を誇っております。

 

各エリアにおける2025年６月末時点における病院数及び獣医師数は以下のとおりです。

 

関西エリア

関東エリア

九州・沖縄エリア

全社合計

センター病院（拠点）

5

2

4

11

サテライト病院（拠点）

10

12

5

27

合計（拠点）

15

14

9

38

獣医師数（人）

50

40

21

111

 

 

一般的な動物病院では、かかりつけ診療と高度診療は別病院での対応となっており、高度診療は紹介によりペットの受け入れを行っているのが通例ですが、当社グループの各動物病院は、センター病院を中心に相互ネットワークを形成しており、爪切り等の身近なケアから脳神経外科等の高度医療まで、シームレスに提供することを可能としている点に大きな特徴があります。

豊富な診療実績からノウハウを蓄積し、経験豊富な獣医師を育成するとともに、全拠点と共有することで、質の高い動物医療サービスを提供できる体制を構築しております。

 

＜当社グループの動物医療体制＞

 

 

当社グループの動物病院数、診療件数及びそれぞれの関連指標の推移は以下のとおりであります。

 

（注）2019年12月期は当社が設立された期であり、比較に適さないため、グラフに含めておりません。2020年６月期の診療件数については、当該事業年度が2020年１月から６月の６ヶ月決算であり、動物病院における繁忙期である４月から６月を含む期間の年換算となっているため、各数値が相対的に高めに出ております。

 

また、当社グループは豊富な診療機会や教育研修機会の提供を通じて、獣医師にとって好ましい環境づくりに努めた結果、獣医師の人手不足が慢性化する中でも大学病院への営業強化などにより新卒採用を推進した結果、十分な獣医師を確保できているものと考えております。

獣医師に対して十分な経験を積める機会を提供することは、獣医師の確保において有利に機能するだけでなく、診療の質の向上を通じて当社グループ動物病院の評判向上につながり、外来・紹介による来院者の増加が獣医師に更なる多様な診療機会を提供するという好循環を形成します。当社グループは、当該好循環を継続・改善することが、当社グループの競争力向上に資するものと考えております。

なお、獣医師は経験・能力によって売上高に差が生じますが、増員を進めながらも、豊富な診療機会の提供、教育研修の推進などにより全体的な能力の底上げに努めております。

こうした、かかりつけから高度医療までをシームレスに提供する診療体制の構築及び獣医師の確保・育成の取り組みにより、当社グループは十分な診療件数を確保しております。これにより、多数の動物病院を抱え、高価な医療機器を有しながらも保有資産が効率よく機能し、経営の高効率化を実現していることが当社グループの強みであります。

 

② ペットサロン運営

当社グループが運営するペットサロンにおいて、トリミングやペットホテルなどのサービスを提供し、その対価としてサービス料を受領しております。

動物病院に併設する形で運営することを基本としており、ペットの医療ニーズが顕在化していない潜在顧客との関係性構築に貢献しております。定期的なトリミングによってペットの体を清潔に保ち、ノミ・ダニの発生を抑制することや、皮膚などの健康チェックを行い、異常があれば併設する動物病院での診療を勧めることなど、ペットの健康管理にも重要な役割を果たしております。

 

③ 動物病院向けソフトウエアの提供

2020年６月期に動物病院向け顧客管理システム「わん太郎」の開発及び販売会社であるわん太郎株式会社を買収し、利用ユーザーから初期費用や月額利用料を受領するサブスクリプション型の事業を行っております。

「わん太郎」は、電子カルテや各種証明書の発行、顧客管理、会計管理など、動物病院を運営するうえで必要な機能を網羅的に有しており、2025年６月末時点で159の動物病院（当社グループ病院含む）で導入されております。オンプレミス型（サーバーやソフトウエアなどの情報システムを使用者が管理する設備内に設置し、運用する形態）のソフトウエアとして展開しておりますが、当社システム管理室を中心としたプロジェクトチームによりクラウド開発を進めており、かかりつけの小規模病院から高度医療に対応した大規模病院まで幅広く使いやすい形に改良を進めております。

 

 

④ 獣医療教育セミナーの配信

小動物臨床獣医師向けに、さまざまな情報を提供するサイト「VMN（Veterinary Medical Network）」を運営しており、有料会員から会員種別に応じた月額利用料を受領するサブスクリプション型の事業であります。

「世界標準を一次病院の獣医師へ」を理念として掲げ、若手獣医師の卒後教育を目的とした、実践的な情報を提供しており、2025年６月末時点で1,200名を超える有料会員に利用いただいております。

オンデマンドによる動画配信、最新の獣医療情報（獣医療雑誌や文献）、各種コンサルティング、セミナーの開催、臨床現場の疑問をコンサルタントに質問できる「Vet to Vet Board」など、多様なコンテンツを有しております。

 

⑤ 医療用機械器具の製造・販売

2023年６月期に医療用機械器具の製造・販売を手掛ける飛鳥メディカル株式会社に出資を行い、関連会社化しました。同社は、主にレーザー医療に特化した動物用の製品の製造、販売を手掛けております。なお、同社の業績は、持分法投資損益（営業外損益）として当社連結業績に反映されることとなりますが、同社は利益計上をしているものの、現在では債務超過の状態にあることから、のれん相当額の償却部分を持分法投資損失として計上しております。

 

《事業系統図》"
1950,日本電設工業株式会社,2026-03-31,"３ 【事業の内容】

当社グループ（当社及び関係会社）は、当社と子会社17社、関連会社５社及びその他の関係会社１社により構成されており、事業は設備工事（電気工事、情報通信工事、管工事）の請負、企画、設計・積算、監理を主として、電気設備の保守、電気機器・材料の製作、販売、不動産の賃貸・仲介・管理並びに電気設備に関する教育・図書出版を行っているほか、情報サービス業並びに通信インフラシェアリング事業を営んでいる。

設備工事業にかかる当社及び関係会社の位置付けは、次のとおりである。

 














セグメント



部門



内容



関係会社







設備工事業



鉄道電気工事



電車線路、発変電、送電線、電灯電力、信号工事



当社、日本電設電車線工事㈱、日本電設信号工事㈱、東日本電気エンジニアリング㈱、八重洲電機工事㈱、大栄電設工業㈱、㈱新陽社







一般電気工事



建築電気設備工事



当社、ＮＤＫ総合サービス㈱、ＮＤＫ電設㈱、ＮＤＫ西日本電設㈱、㈱東電、トキワ電気工業㈱







情報通信工事



情報通信設備工事



当社、日本電設通信工事㈱、東日本電気エンジニアリング㈱







環境エネルギー工事



再生可能エネルギー工事、ＺＥＢ・省エネルギー対策工事、空気調和・給排水衛生設備工事



当社、東日本電気エンジニアリング㈱、㈱石田工業所





 


(注) 当社グループは、東日本旅客鉄道㈱（その他の関係会社）より設備工事を受注している。

 

なお、参考のため設備工事業以外の事業は、次のとおりである。

 












内容



関係会社







電気設備の企画、設計・積算、監理



当社、ＮＤＫ設備設計㈱、日本鉄道電気設計㈱







電気設備の保守、管理



当社、ＮＤＫ総合サービス㈱、東日本電気エンジニアリング㈱







電車線路用架線金具・各種サイン表示システム・鉄道信号機器等の製作、販売



日本架線工業㈱、㈱新陽社、永楽電気㈱、㈱三工社、三誠電気㈱







電気機器・材料の販売



当社、ＮＤＫ総合サービス㈱







不動産の賃貸・仲介・管理



当社、ＮＤＫ総合サービス㈱







電気設備に関する教育、図書出版



ＮＤＫアールアンドイー㈱







ソフトウェアの開発等の情報サービス



ＮＤＫイッツ㈱







通信インフラシェアリング事業



ＪＣｒｏｃ㈱





 


 

以上の当社グループについて図示すると、事業系統図は次のとおりである。

 

 




 

(注) ◎印 連結子会社（14社）

●印 非連結子会社で持分法非適用会社（３社）

☆印 関連会社で持分法適用会社（１社）

無印 関連会社で持分法非適用会社（４社）"
1951,エクシオグループ株式会社,2026-03-31,"３【事業の内容】

当社グループは、エクシオグループ㈱を親会社とし、シーキューブ㈱、西部電気工業㈱、日本電通㈱を含む子会社151社及び関連会社15社で構成され、エンジニアリングソリューション事業（注１）及びシステムソリューション事業（注２）を主な事業としております。

 

当社グループの構成図は概ね次のとおりであります。

当社グループの各事業の内容は以下のとおりであります。なお、関係会社のセグメントとの関連は「４ 関係会社の状況」に記載しております。

区分

事業内容

エンジニアリング

ソリューション

（注）１

通信キャリア

 - NTTグループ向け各種通信インフラ設備の構築・保守

 - NCC向け各種通信インフラ設備の構築・保守

都市インフラ

 - 自治体、官公庁、CATV会社、鉄道会社、民間企業向けの各種通信インフラの設備の構築・保守

 - オフィスビル、マンション、データセンター、メガソーラー等の電気・空調工事・スマートエネルギー工事

 - 無電柱化・上下水道整備等の都市土木工事

 - 水処理・廃棄物処理プラント、バイオマスボイラ等の建設・運転維持管理

システムソリューション

（注）２

 - 通信キャリアや金融業、製造業をはじめとする各種企業向けのシステム構築・保守等、システムインテグレーションの提供

 - 企業向けサーバ・LAN等の設計・構築・運用やインターネット環境整備等、ネットワークインテグレーションの提供"
1952,新日本空調株式会社,2026-03-31,"３ 【事業の内容】

当社グループは、当社ならびに子会社10社で構成され、空気調和、冷暖房、換気、環境保全、温湿度調整、除塵、除菌、給排水、衛生設備、電気設備等の設計、監理ならびに工事請負を行い、幅広い分野の環境づくりに貢献しております。

当社グループの事業における位置づけおよびセグメントとの関連は、次のとおりであります。なお、セグメントと同一の区分であります。

 

設備工事事業

当社グループは設備工事事業を営んでおり、国内連結子会社である新日空サービス株式会社は当社の工事施工に伴う施工協力および空調設備等の保全業務を行っており、日宝工業株式会社は電気設備工事、産業施設設備工事を施工しております。海外連結子会社である新日空（中国）建設有限公司は空調設備工事を施工しており、新日空工貿（上海）有限公司は主に同社の工事施工に伴う資機材納入、新日空建築労務（上海）有限公司は同社の工事施工に伴う施工協力、福建新日空投資諮詢有限公司は同社の工事施工に伴う市場調査、環境保全、建築設計、施工等に関するコンサルティング業務、新日空（香港）建設有限公司は空調設備工事を施工しております。SNK (ASIA PACIFIC) PTE.LTD.、SHIN NIPPON LANKA (PRIVATE) LIMITEDおよびSNK ASIA PACIFIC VN CO., LTDは空調設備工事を施工しております。

 

事業系統図は次のとおりであります。"
1959,株式会社クラフティア,2026-03-31,"３ 【事業の内容】

当社グループは、当社、その他の関係会社１社、子会社63社及び関連会社51社で構成され、設備工事業として、主に配電線工事・屋内配線工事・電気通信工事等の電気工事及び空気調和・冷暖房・給排水衛生設備・水処理工事等の空調管工事の設計・施工を行っている。

また、その他の事業として、電気工事及び空調管工事に関連する材料及び機器の販売事業、不動産事業、ソフト開発事業、人材派遣事業、再生可能エネルギー発電事業、環境分析・測定事業、医療関連事業、印刷事業、ビジネスホテル経営、ゴルフ場経営、商業施設の企画・運営等を行っている。

 

当社グループの事業に係わる位置付け及びセグメントとの関連は次のとおりである。なお、セグメントと同一の区分である。

 


〔設備工事業〕












○



当社及び子会社㈱明光社が、その他の関係会社である九州電力㈱及び同子会社である九州電力送配電㈱、㈱九電送配サービスより配電線工事を受注施工している。







○



当社が配電線工事以外の電気工事全般及び空調管工事全般を受注施工するほか、工事の一部についてグループ各社へ外注施工として発注している。







○



子会社㈱設備保守センター及び中央理化工業㈱が、設備の保守・点検並びにメンテナンスを行っている。





 


 


〔その他〕












○



当社及び子会社㈱Q-mast並びにリアラン㈱が、電気工事及び空調管工事に関連する材料及び機器の販売事業を行っている。







○



当社及び子会社㈱九電工ホーム並びに関連会社セントラル総合開発㈱が、不動産の販売・賃貸・管理業務を行っている。







○



子会社㈱オートメイション・テクノロジーが、ソフトウエアの開発事業を行っている。







○



子会社㈱ポータルが、人材派遣業を行っている。







○



当社、子会社霧島木質発電㈱、渥美グリーンパワー㈱、㈱鹿児島ソーラーファーム、名取メガソーラークラフティア・グリーン企画有限責任事業組合、㈱グリーンバイオマスファクトリー、葛尾風力㈱、上州太田蓄電所合同会社匿名組合並びに関連会社長崎鹿町風力発電㈱、大分日吉原ソーラー㈱、佐賀相知ソーラー㈱、串間ウインドヒル㈱、宇久島みらいエネルギーホールディングス合同会社、宇久島みらいエネルギー合同会社、ＳＦＫパワー合同会社、綿半ウッドパワー㈱、波松風力㈱、松島風力㈱、ソヤノウッドパワー㈱、京セラグリーンイノベーション合同会社及び鼎龍能源科技股份有限公司が再生可能エネルギー発電事業を行っている。







○



上記のほか、子会社九連環境開發股份有限公司が、空気・水・廃棄物等に含まれる環境負荷の分析サービスを、㈱ネット・メディカルセンターが遠隔画像診断支援サービスを、㈱九電工フレンドリーが印刷、製本等を、㈱スリーインがビジネスホテル経営を、九電工北山観光㈱がゴルフ場の経営を、㈱ベイサイドプレイス博多が商業施設の企画・運営等を、クラフティアイノベーション投資事業有限責任組合が投資事業を行っている。





 


(注) １ 非連結子会社であった㈱グリーンバイオマスファクトリーは、重要性が増したことにより、当連結会計年度から連結の範囲に含めている。

２ 持分法非適用関連会社であった葛尾風力㈱は、追加で株式を取得したことにより、当連結会計年度から連結の範囲に含めている。

３ ASIA PROJECTS ENGINEERING VIETNAM CO., LTD.を新規設立したことに伴い、当連結会計年度から連結の範囲に含めている。

４ クラフティアイノベーション投資事業有限責任組合を新規設立したことに伴い、当連結会計年度から連結の範囲に含めている。

５ 箱根仙石原特定目的会社は、新たに出資したことにより、当連結会計年度から持分法適用の範囲に含めている。

６ 2025年10月１日に、連結子会社である名取メガソーラー九電工・グリーン企画有限責任事業組合は、名取メガソーラークラフティア・グリーン企画有限責任組合に商号を変更している。

７ 2026年４月１日に、清和工業㈱は、セイワテクノス㈱に商号を変更している。"
195A,株式会社ＭＵＳＣＡＴ　ＧＲＯＵＰ,2026-03-31,"３ 【事業の内容】

当社グループはブランドプロデュース事業のみの単一セグメントであり、事業領域としてはブランドプロデュース領域とブランドパートナー領域に分かれています。

 


① ブランドプロデュース領域

当社グループにおける中心的な事業領域であり、当社グループで自社開発したブランドであるオーラル美容ブランド『MiiS』や、M&Aによりグループインした美容コスメブランドの『Fujiko』や『b idol』、同じくM&Aによりグループインしたファミリー向けヘアケアブランド『bialne』などを中心として複数のブランドを運営し、多数の商品を販売しております。販売経路は多様であり、自社で運営するECサイトやAmazonや楽天市場等のECモールなどインターネット上での販売に加え、バラエティストアやドラッグストアなどの小売店での販売も行っております。また、『MiiS』においてはオーラル美容市場でのブランド力を活用し、デンタルクリニックのブランディング支援・マーケティング支援も行っています。また、『MiiS』を展開する株式会社WinCの孫会社（一般社団法人MOM、医療法人春樹会）では複数のデンタルクリニックの運営も行っています。なお、2027年３月期よりこれらを新たな領域としてさらに細分化し、自社ブランド領域と区分いたします。

また、本領域においてはさらに、当社子会社の株式会社松村商店が小売店やブランドに対し、キッズ・ティーン向けバッグや雑貨の企画及び製造受託も行っております。2027年３月期よりこれを企画・製造受託領域と区分いたします。

 


② ブランドパートナー領域

本領域においては、企業向けにSNSを中心としたコミュニティに関連する運用、マーケティング、広告、キャンペーン企画等の戦略立案及び実行を総合的に支援する各種ソリューションの提供に加え、中小企業向けSNSコミュニティ集客ツール『アドスタ byCCXcloud』を提供しております。2027年３月期より、これらのソリューション及びツールの提供に加え、自社ブランド領域や企画・製造受託領域に限定されず試験的に展開していく新規事業についてはその他新規事業領域として区分いたします。

 


[事業系統図]

当社グループの事業系統図は以下の通りです。

 

（当連結会計年度末まで）




 

 

（2027年３月期以降）"
1960,株式会社サンテック,2026-03-31,"３【事業の内容】

当社グループは、当社、子会社12社及び関連会社３社で構成され、内線工事、電力工事を中心とする

設備工事業及び設備工事に関連する機器の製作・販売等の事業活動を展開しております。

各事業における各社の位置付け等は次のとおりであります。なお、以下に示す区分は、セグメントと同一の区分であります。

 

設備工事業：当社及び連結子会社９社、非連結子会社２社、持分法適用関連会社１社は内線工事、電力工事、空調給排水工事の設備工事業を営んでおります。

施工する工事の一部や海外への資材の納入に関して連結子会社及び非連結子会社へ発注しております。

 

機器製作業：当社は電気関連機器の製造業を営んでおります。

 

その他事業：非連結子会社１社、持分法非適用関連会社２社は、太陽光発電事業を営んでおります。

 

なお、当グループの事業内容を区分すると次のとおりであります。

セグメントの名称

事業内容

会社

設

備

工

事

業

内線工事

屋内外電気設備工事、内線通信設備工事、各種プラントの電気、計装設備工事の設計、施工

㈱サンテック（当社）

（連結子会社）

三喜産業㈱

〔東南アジア〕

SECT COMPANY LIMITED

SECM SDN.BHD.

SEC MASHIBAH SDN.BHD.

SANYO ENGINEERING ＆ CONSTRUCTION VIETNAM CO.,LTD.

SEC(S)PTE.LTD.

PT SECM TECH INDONESIA

〔その他アジア〕

山陽機電技術（上海）有限公司

電力工事

送配電線工事（架空・地中）の設計、施工

発変電設備工事の施工

当社

（非連結子会社）

山陽電気工事㈱

空調給排水工事

空調設備工事、給排水設備工事の設計、施工

当社

（連結子会社）

武蔵野工業㈱

（持分法適用関連会社）

〔東南アジア〕

SEAREFICO CORPORATION

（非連結子会社）

ニイヤマ設備㈱

機器製作業

高低圧受配電盤、各種分電盤、制御盤、監視盤、操作盤等の設計・製作

電気関連機器の販売・保守

当社

その他事業

太陽光発電事業

（非連結子会社）

山口宇部ソーラー㈱

（持分法非適用関連会社）

宇部東メガソーラー㈱

（同）黒瀬町メガソーラー

 

当社グループの事業系統図は、次のとおりであります。"
1961,三機工業株式会社,2026-03-31,"３ 【事業の内容】

当社及び当社の関係会社（連結子会社８社（2026年３月31日現在）により構成）においては、建築設備事業、機械システム事業、環境システム事業、不動産事業を主な事業として取り組んでおります。

当社及び当社の関係会社の事業における当社及び関係会社の位置付け及びセグメントとの関連は、次のとおりであります。なお、セグメントと同一の区分であります。

＜建築設備事業＞

ビル空調衛生、主に工場向けの空調設備を中心とする産業空調、電気設備及びファシリティシステムなどの建築設備全般に関する事業を行っております。

（主な関係会社）三機テクノサポート㈱、THAI SANKI ENGINEERING & CONSTRUCTION CO.,LTD.、

                三机建筑工程（上海）有限公司

＜機械システム事業＞

搬送システム及び搬送機器に関する製造販売事業を行っております。

（主な関係会社）三機産業設備㈱

＜環境システム事業＞

上下水道施設及び廃棄物処理施設に関する事業を行っております。

（主な関係会社）三機グリーンテック㈱、三機アクアテック㈱、AQUACONSULT Anlagenbau GmbH

 

＜不動産事業＞

保有不動産の賃貸・管理事業を行っております。

＜その他＞

主に保険代理事業、リース事業及び人材派遣事業等を行っております。

（主な関係会社）三機パートナーズ㈱

 

以上に述べた事項の事業系統図は次のとおりです。"
1963,日揮ホールディングス株式会社,2026-03-31,"３ 【事業の内容】

当社グループ（当社、当社の子会社58社及び関連会社45社）は、総合エンジニアリング事業及び機能材製造事業を主たる事業としており、これに加え、機器調達及びコンサルティング等の附帯事業を営んでおります。各事業における当社及び主要な関係会社の位置付け等は次のとおりであります。なお、次の区分はセグメント情報に記載された区分と同一であります。

 

総合エンジニアリング事業

当セグメントは、石油、石油精製、石油化学、ガス、LNG、一般化学、原子力、金属製錬、バイオ、食品、医薬品、医療、物流、IT、環境保全、公害防止等に関する装置、設備及び施設の計画、設計、調達、建設及び試運転役務等のEPCビジネスを中心に構成されております。なお、当セグメントを構成する主要な会社は以下のとおりであります。












分野



会社名







設計・調達・建設



日揮グローバル㈱、日揮㈱、㈱高田工業所

JGC ASIA PACIFIC PTE. LTD.、JGC PHILIPPINES, INC.、

PT. JGC INDONESIA、JGC Gulf International Co., Ltd.、

JGC OCEANIA PTY LTD、JGC America, Inc.、

JGC Gulf Engineering Co., Ltd.、

JGC Construction International Pte. Ltd.、

JGC ASIA PACIFIC (M) Sdn.Bhd.、JGC INDIA EPC PRIVATE LIMITED、

JGC Corporation Oceania Pty Ltd、JGC France SAS、

Japan NuScale Innovation, LLC







検査・保守



青森日揮プランテック㈱







プロセスライセンシング



日揮ユニバーサル㈱







その他



Sunrise Healthcare Service Co., Ltd.





 


 

機能材製造事業

当セグメントは、以下のような分野別製品群からなる事業で各関係会社にて製造・販売しております。













分野



製品



会社名







触媒分野



重質油の水素化精製・流動接触分解、灯軽油の脱硫などの石油精製用触媒及び素材、化学品の水素化・異性化・酸化などの石油化学用触媒など



日揮触媒化成㈱

日揮ユニバーサル㈱







ナノ粒子技術分野



フラットパネルディスプレイ・半導体・化粧品・プラスチック眼鏡レンズなどに使用される機能性素材、化学的機械研磨材料、ライフサイエンス材など



日揮触媒化成㈱







クリーン・安全分野



環境触媒、脱臭・消臭剤、オゾン分解触媒、酵素フィルタなど



日揮触媒化成㈱

日揮ユニバーサル㈱







電子材料・高性能セラミックス分野



薄膜集積回路、高品位アルミナ基板、高熱伝導窒化ケイ素基板、半導体・FPD製造装置用セラミックス部品、半導体・FPD製造装置用金属セラミックス複合材部品など



日本ファインセラミックス㈱

JFCマテリアルズ㈱







次世代エネルギー分野



燃料電池用脱硫材、色素増感型太陽電池用材料など



日揮触媒化成㈱





 


 

 

その他の事業

その他の事業は総合エンジニアリング事業及び機能材製造事業以外の事業であり、以下のような分野及び会社で構成されております。












分野



会社名







機器調達



日揮商事㈱







コンサルティング



日本エヌ・ユー・エス㈱







オフィスサポート



日揮ビジネスサービス㈱







原油・ガス生産販売事業等



JGC (GULF COAST), LLC、JGC Exploration Eagle Ford LLC、

JGC EXPLORATION CANADA LTD.







水処理事業



水ing㈱、水ingAM㈱、水ingエンジニアリング㈱







発電・造水事業



Al Asilah Desalination Company S.A.O.C.、A.R.C.H WLL、

ASH SHARQIYAH OPERATION AND MAINTENANCE COMPANY LLC







FPSO(浮体式石油・ガス生産貯蔵積出設備)保有・傭船事業



Japan Sankofa Offshore Production Pte. Ltd.







国産廃食用油を原料とするSAF、バイオナフサ、バイオディーゼルの製造事業



(同)SAFFAIRE SKY ENERGY





 


 

また、当社グループに対してコーポレート業務を提供する日揮コーポレートソリューションズ㈱があります。

 

以上に述べた事項の概略は次のとおりであります。"
1964,中外炉工業株式会社,2026-03-31,"３ 【事業の内容】

当社グループは、当社及び子会社７社で構成され、熱処理事業（主に自動車、機械、半導体、化学、電池製造関連）、プラント事業（主に鉄鋼、非鉄、窯業関連）、開発事業（主に脱炭素関連、精密塗工・乾燥関連、廃棄物処理・リサイクル関連）の３分野における、工業炉・産業機械・環境設備・燃焼設備についての設計・製作・施工及び燃焼機器などの製作・販売を主な内容とし、さらに各事業に付帯するエンジニアリング、研究開発並びにその他のサービスなどの事業活動を展開しております。

当社グループの事業に係わる位置付け及びセグメントとの関連は、次のとおりであります。

 

熱処理事業

自動車・機械・半導体・化学部材熱処理炉、電池・基板・触媒・磁性材熱処理炉及び大気浄化設備などの設計・製作・施工・販売を行っております。

（主な関係会社）当社

 

プラント事業

鉄鋼・非鉄金属等加熱炉・熱処理炉、金属ストリッププロセスライン、塗装ライン、各種工業用バーナ、省エネ制御機器などの設計・製作・施工・販売を行っております。

（主な関係会社）当社

 

開発事業

脱炭素関連の研究開発、精密塗工・乾燥装置、キルン・環境プロセス設備などの設計・製作・施工・販売を行っております。

（主な関係会社）当社

 

その他

国内・海外子会社の事業を「その他」としております。中外プラント㈱は工業炉等の技術サービス・メンテナンス・人材派遣業務を、台湾中外炉工業股份有限公司は台湾における工業炉等の販売・資材調達を、中外炉熱工設備(上海)有限公司は中国における工業炉等の製作・販売・資材調達を、中外炉設備技術(上海)有限公司は中国における工業炉等の設計・技術サービス提供、仲介販売及び輸出入代理業務を、Chugai Ro (Thailand) Co.,Ltd.はタイにおける各種工業炉等の販売及びメンテナンス業務を、PT. Chugai Ro Indonesiaはインドネシアにおける各種工業炉等の販売及びメンテナンス業務を、Chugai Ro de Mexico, S.A. de C.V.はメキシコにおける各種工業炉等の販売及びメンテナンス業務を、それぞれ行っております。

（主な関係会社）中外プラント㈱、台湾中外炉工業股份有限公司、中外炉熱工設備(上海)有限公司、中外炉設備技術(上海)有限公司、Chugai Ro (Thailand) Co.,Ltd.、PT. Chugai Ro Indonesia、Chugai Ro de Mexico, S.A. de C.V.

 

 

事業系統図等

以上述べた事項を事業系統図によって示すと次のとおりであります。"
1965,株式会社テクノ菱和,2026-03-31,"３ 【事業の内容】

当社の企業集団は、当社及び子会社６社で構成され、空調衛生設備技術を核とした設備工事の設計・施工を主な内容としており、さらに冷熱(空調)機器の販売、修理・サービス・リフォーム工事及び各事業に関連する研究の事業活動を展開しております。

当社グループの事業に係わる位置づけは、次のとおりであります。

[空調衛生設備工事業]

当社が大型空調衛生設備工事を中心として設計・施工するほか、子会社４社〔東京ダイヤエアコン㈱、菱和エアコン㈱、㈱アール・デザインワークス、PT.TECHNO RYOWA ENGINEERING〕においては、下記の冷熱(空調)機器類を使用した小型空調衛生設備工事の設計・施工を担当しております。また、当社の施工工程の一部について、上記子会社４社に外注施工させております。さらに、当社において、上記子会社４社の受注工事について施工を受託することがあります。

[電気設備工事業]

子会社松浦電機システム㈱は、電気設備工事の設計・施工を行っております。

[冷熱機器販売事業]

当社が三菱重工業㈱の代理店として一括で仕入れた冷熱(空調)機器類を、上記空調衛生設備工事業を営む子会社４社に売渡し、各社はこれを主要機器として使用した小型空調衛生設備工事の設計・施工を行っております。また、当機器類の一部は当社においても直接販売を行っております。

[その他の事業]

当社は、太陽光発電施設を建設し、発電した電力を売電する事業、並びにマンションを建設し、賃貸する事業を行っております。

また、子会社菱和エアコン㈱は、マンションを賃貸する事業を、子会社㈱ダイヤランドは、損害保険代理業を行っております。

事業の系統図は、次のとおりであります。

 




(注) ※１ 連結子会社であります。

※２ その他の事業として、太陽光発電事業を行っております。

※３ その他の事業として、不動産賃貸事業を行っております。"
1966,株式会社　高田工業所,2026-03-31,"３【事業の内容】

 

当社グループは、当社、子会社８社、その他の関係会社１社で構成され、プラント事業を主な事業の内容としております。

当社グループの事業に係わる位置付け及びセグメント情報との関連は、次のとおりです。

プラント事業

鉄鋼、化学、石油、ガス、電力、原子力、海洋開発、都市開発、自動車、通信、新素材、バイオテクノロ ジー、エレクトロニクス、ガラス、食品、医薬品、物流などの各種産業設備及び水処理、廃棄物処理その他公害防止設備などに関する設計、製作、据付、配管、電気、計装及び保全・修理事業、並びにこれらに関連する事業を営んでおります。

（主な子会社） 高田プラント建設㈱、高田サービス㈱、渡部工業㈱、タカダ・コーポレーション・アジア・リミテッド、シンガポール・タカダ・インダストリーズ・プライベート・リミテッド、スリ・タカダ・インダストリーズ（マレーシア）・エスディエヌ・ビーエッチディ、キクチ・インダストリー（タイランド）・カンパニー・リミテッド

※その他の関係会社である日揮株式会社の事業の内容については、「４ 関係会社の状況」に記載しております。

 

事業の系統図は、次のとおりです。

 

（注）１ ○印は、連結子会社です。

２ ●印は、非連結子会社です。

３ △印は、その他の関係会社です。

４ ※印は、持分は100分の50以下ですが、実質的に支配しているため子会社としております。"
1967,株式会社ヤマト,2026-03-20,"３ 【事業の内容】

当社グループは、当社及び子会社11社で構成され、建設工事業を主に営んでいます。

 

当社グループの事業に係る位置付け及び事業の種類別セグメントとの関連は、次のとおりです。

 













セグメントの名称



事業内容



会社







建設工事業



建築・土木、空調・衛生、電気・通信、水処理プラント、冷凍・冷蔵に関する工事の設計・監理及び施工並びに、これらに関連する事業



当社







上記各種工事に関わる修理工事及び空調衛生設備工事の施工、保守、点検、維持管理業務の一部を施工



（連結子会社）

大和メンテナンス株式会社

株式会社埼玉ヤマト







電気設備工事の設計及び施工と当社が施工する上記各種工事に関わる電気設備工事の一部を施工



（連結子会社）

株式会社ヤマト・イズミテクノス







空調衛生設備工事の設計、施工、保守、点検と当社が施工する上記各種工事に関わる保守、点検の一部を施工



（連結子会社）

株式会社サイエイヤマト







水力発電装置の維持管理業務と水力発電による電力の売電業務



（連結子会社）

箱島湧水発電ＰＦＩ株式会社







鉄骨の設計・加工



（連結子会社）

株式会社大塚製作所







内装工事業



（連結子会社）

株式会社テンダー







土木と建築の総合企画設計監理



（連結子会社）

日新設計株式会社







電気工事業



（連結子会社）

株式会社スズデン







土木工事業



（連結子会社）

上毛建設株式会社







商業施設運営業



道の駅まえばし赤城の運営業務



（連結子会社）

株式会社ロードステーション前橋上武





 


(注) 当社は2026年10月21日付（予定）で、大和メンテナンス株式会社を吸収合併いたします。

 

事業の系統図は次のとおりです。"
1968,太平電業株式会社,2026-03-31,"３ 【事業の内容】

当社グループは、当社、連結子会社９社、関連会社１社で構成され、建設工事部門および補修工事部門を主な事業の内容としております。

当社グループの事業に係る位置付けおよびセグメント情報との関連は次のとおりであります。なお、セグメント情報に記載された区分と同一であります。


建設工事部門

当社が施工する他、子会社である富士アイテック㈱他３社および関連会社である東京動力㈱が工事の施工を行っております。


補修工事部門

当社が施工する他、子会社である富士アイテック㈱他３社および関連会社である東京動力㈱が工事の施工、子会社である豊楽興産㈱が部品・機器販売を行っております。

事業の系統図は次のとおりであります。

 




(注) ☆印の東京動力㈱は持分法適用会社であり、その他の会社については連結子会社であります。"
1969,高砂熱学工業株式会社,2026-03-31,"３【事業の内容】

当社グループは、当社、連結子会社15社、持分法適用関連会社２社、持分法非適用非連結子会社８社、持分法非適用関連会社４社で構成され、設備工事事業、設備機器の製造・販売事業を主な事業内容としております。

当社グループの事業に係る位置付けおよび事業のセグメントとの関連は、次のとおりであります。

なお、セグメントと同一の区分であります。

設備工事事業

 

当社は空調設備の技術を核として、その設計・施工を主な事業としており、TMES㈱（連結子会社）は、設備の保守メンテナンス、設備総合管理等を行っております。また、持分法適用関連会社である日本設備工業㈱は、空調・給排水設備の設計・施工を行っております。一方、海外においては、連結子会社である高砂建築工程（中国）有限公司、タカサゴシンガポール Pte. Ltd.、高砂熱学工業（香港）有限公司、タカサゴベトナムCo., Ltd.、タイタカサゴCo., Ltd.、T.T.E.エンジニアリング（マレーシア）Sdn.Bhd.、タカサゴエンジニアリングメキシコ,S.A.de C.V.、THSイノベーションズ Co.,Ltd.ならびに持分法適用関連会社であるTHSデベロップメント Co., Ltd.が空調設備の設計・施工等を行い、プロンプト・テクノ・サービス Co.,Ltd.は設備保守管理等を行っております。また、連結子会社であるインテグレーテッド・クリーンルーム・テクノロジーズPvt.Ltd.は、クリーンルーム向け関連機器・内装材の製造・販売・取付事業を行っております。当社はこれら在外子会社に対して技術援助を行っております。

設備機器の製造・販売事業

 

日本ピーマック㈱（連結子会社）は、空調機器等の設計・製造・販売の事業を行っております。

その他

 

ヒューコス㈱（連結子会社）は、保険代理店等の事業を行っております。

 

事業の系統図は次のとおりであります。

 

 

(注) TTEマレーシアホールディングスSdn.Bhd.はT.T.Eエンジニアリング(マレーシア)Sdn.Bhd.の株主であり、当社はその株主に対して貸付を行っていること等から、連結の範囲に含めております。"
196A,株式会社ＭＦＳ,2025-06-30,"３ 【事業の内容】

当社グループ（当社及び当社の関係会社）は、創業以来、「テクノロジーと分析の力でユーザーにパワーを」をミッションに、「真にユーザーサイドに立った新しいフィナンシャルサービスを作る」をビジョンに掲げています。また、当社のバリュー（行動指針）として、「Enjoy（挑戦は明るく楽しく。そして、チーム一丸となってゴールに向かおう。）」「Big Try（非連続な成長ポイントを見極め、果敢にチャレンジしよう。）」「Professional（ビジネスは結果が全て。結果に繋がるアクションを自分の頭で考えて実行しよう。）」の３つを定めております。多くの人にとって人生最大の借り入れとなり得る住宅ローンについて、借手の立場で最適な住宅ローンをアドバイスしてくれるサービス、「住宅ローンを必要とする全ての人が、最も有利な条件で借り入れ、借り換えできる」世界の実現を目指しており、住宅ローンの借り入れ、借り換えに伴う人々の意思決定を支えるプラットフォームを作り上げたいと考えております。

当該ミッションを果たすために、当社、連結子会社（コンドミニアム・アセットマネジメント株式会社）の計２社で、住宅ローン及び不動産投資用ローンの媒介、投資用不動産の媒介を主な事業として取り組んでいます。

住宅ローンにおける業務は依然として手書きの事務作業が多く、書類も煩雑であるなどユーザー側が作業を行う事務負担が大きい状態にあります。また、不動産会社が主導で金融機関を紹介することによるミスマッチの発生など、業界全体として様々な課題を抱えていると考えられます。加えて、IT化が進んでいないという側面は不動産会社側にも少なからず事務負担の増加など影響を及ぼしているものと考えられます。当社グループは、テクノロジーを活用してこれらの課題に取り組んでおり、住宅ローンを検討するユーザーや不動産会社の負担を減らすだけでなく、一生に一度の住宅購入をより満足に行える機会を作ることで、人々の幸せに寄与することを目指しております。

 

各社の位置付け及びセグメントとの関連は、次のとおりであります。なお、以下に示す区分は、セグメントと同一の区分であります。

 

「モゲチェック」事業

「モゲチェック」は、ウェブサービス及びスマートフォン向けアプリを通じて、住宅購入予定者に対する住宅ローンの媒介を主要業務としています。当該媒介業務においてユーザーの住宅ローン審査申込に際して審査申込先銀行と契約している広告代理店より広告宣伝費を受領しております。また、住宅ローンの媒介に係る顧客獲得のためにオンラインマーケティングを中心とした広告戦略に加えて、保険代理店等向けのモゲチェック機能の紹介及び住宅購入予定者に対する利用促進、不動産会社向けのモゲチェック機能の紹介及び住宅購入予定者に対する利用促進並びにモゲチェック事業会員向け情報提供等をしております。当該住宅ローンの媒介に係る顧客獲得のために不動産会社に対する住宅購入予定者の紹介、保険代理店等に対する住宅ローン利用顧客の紹介においては、紹介手数料として当社より不動産会社及び保険代理店等に手数料を支払っております。

モゲチェック事業会員向け情報提供の主な内容は次のとおりとなっております。












今月の金利動向



・毎月の住宅ローン金利の動きをお伝え

・住宅ローン金利が上がっているのか下がっているのか、金利タイプ別にトレンドが把握可能







金利耐久力



・現在の年収で、何%までの住宅ローン金利の上昇に耐えられるかを把握可能

・金利耐久力によっては固定金利への金利タイプの変更を検討する際の参考として活用可能







借り換えメリット



・現在借り換えると、どれくらい利息支払額を減らせるか

・借り換えメリットがあれば、そのままモゲチェックを使って借り換えサービスの申込が可能







総返済額内訳



・現在の住宅ローン残高（元本）と利息支払額の総額が把握可能

・住宅ローン残高（元本）と利息支払額の総額を毎月自動的に更新







毎月返済額内訳



・毎月の返済額の内、元本返済と利息返済それぞれの金額が把握可能

・現在毎月どれだけの金額の利息を払っているのか把握することが可能







金利推移



・金利タイプ別の金利推移とユーザーのローンの金利との比較が可能

・現在借りているローンの金利が割高なのか割安なのかを判断可能







将来金利予測



・独自の金利予測モデルを使って、ユーザーのローンの将来の金利の動きを予測

・金利タイプ別に将来の金利の動きを比較できるため、金利タイプの選択や将来の金利上昇リスクに備えるツールとして使用可能







純資産価値



・住宅の現在及び将来の価値（予測値）を表示します。住宅ローン残高との差を計算し、純資産価値を把握することが可能

・現在又は将来のある時点で自宅を売却した場合に、どれくらいの資産が残るのかが把握可能





 


 

 

また、モゲチェック事業における主要KPIとしては売上、モゲチェックサービスの利用を通じた住宅ローン審査申込数、銀行又は銀行と契約している広告代理店から受け取る1審査申込当たりの手数料及び1審査申込当たり顧客獲得コストとなります。

 

サービス名である「モゲチェック」は、「モーゲージ」の略である“モゲ”と、“チェック”からなる造語です。モーゲージ（mortgage)とは、住宅ローンを指す英単語で、「住宅ローンのことをチェックしよう！」というサービスの内容・目的を、「モゲチェック」というサービス名で表しています。

2015年８月のサービス提供開始から、テクノロジーとデータ分析を活かして「住宅ローン借り入れ可能額の判定」「金融機関ごとの融資承認確率の推定」「ユーザーにとってベストな条件の住宅ローン商品の提案」などを行ってまいりました。以下のグラフのとおり月次の会員数及び四半期ごとの住宅ローン審査の申込数は増加し、現在まで続いております。オンラインサービスへの需要の高まりや、コロナ禍において在宅勤務が普及したことによる住環境の見直し、低金利が続く住宅ローンに応じた借り入れ、借り換え需要などと考えております。また、社会全体のオンライン化が進む中、住宅ローンの分野でも今後ますますオンラインサービスの需要は伸びると当社グループとしては考えております。

 

モゲチェックサービス会員数

 




 

住宅ローン審査申込数(件)

 




 

 

以下、モゲチェック事業の特徴について説明いたします。サービスの概要図は以下のとおりです。




 

①お客様ごとの住宅ローンの提案

当社は、オンラインサービスを通じて、住宅ローンの借入又は借換を検討するユーザーに対して住宅ローンの提案を行っております。提案に際しては当社独自のシステムを用いてお客様情報及び各銀行の審査ロジックを分析した上で、サービスをお申込みされたユーザーの借入可能額（借換可能額）、融資承認確率（※1）を算出し、年齢、地域、自己資金、団体信用保険に対する顧客ニーズ等に基づき、住宅ローンを当該ユーザーに提示しております。なお、ユーザーがモゲチェックを通じて金融機関に審査申込を行った場合に、金融機関の審査において融資承認が下りなかったとしても、当社は責任を負わないことについてユーザーより事前の同意を得ております。

 

（※１）融資承認確率

年齢、年収、職種、業種などの12項目のユーザー情報を入力すると、住宅ローン審査を通過する確率（融資承認確率）付きのランキングが表示されます。また、融資承認確率は借り入れ希望額や自己資金の金額によって変わるため、住宅購入の予算を検討するシミュレーションとしても利用できます。

 




 

②クイック申込

最終的な住宅ローンのお申込はユーザーご自身の判断において実行されます。また、モゲチェックサービスにおいてユーザーは無料で当社サービスをお使いいただくことが可能であり、当社はユーザーが銀行に住宅ローンの審査にお申込みされた時点を起点として、審査申込１件あたりに対して銀行又は銀行と契約している広告代理店より手数料を受領しています。また、ユーザーがモゲチェックに登録すると、そのユーザー情報を利用し最小限の追加情報でオンライン上で審査申込が可能となります。

 

 




 

③チャットサポート

モゲチェックは住宅ローンの提案内容から決済において、オペレーターもしくはAIによるチャットサポートを実施しています。

 

 




 

銀行又は銀行と契約している広告代理店から受け取る１審査申込当たりの手数料の推移及び審査申込当たり顧客獲得コスト（単位：円）は以下のとおりです。2023年６月期より安定してマージンを確保していると判断しております。

 




 

 

④不動産会社との提携による顧客獲得の効率化

ユーザー獲得を目的として、提携している不動産会社や保険代理店等よりユーザーにモゲチェックをご紹介いただいており、住宅ローン審査にお申込みされた時点を起点として、当該提携不動産会社や保険代理店等に手数料を支払っております。

(主な関係会社)当社

 

「INVASE」事業

INVASE事業は、サービス名を「INVASE」として、ウェブサービス及びスマートフォン向けアプリを通じて2つの主要業務を営んでおります。

 

１つ目は投資用物件購入予定者に対する投資用不動産の売買・仲介です。２つ目は当該投資用不動産の売買・仲介に係る顧客獲得を目的とした各種業務となります。具体的には投資用物件購入予定者及び投資用物件保有者に対する不動産投資用ローンの媒介、投資用物件購入予定者に対する投資用不動産物件の紹介、不動産会社に対する投資用物件購入予定者の紹介、不動産会社等からの物件の仕入等をしております。

以下が主要業務の概要図となります。

 

 




 

ウェブサービスにおいては、投資用物件仲介の顧客獲得を目的として、当社のオンラインサービスを通じて、不動産投資物件に係る不動産投資用ローンの借入を検討されるユーザーに対して、お客様の情報及び銀行の不動産投資用ローンに係る審査ロジックを分析の上、不動産投資用ローンの借入可能額を提示（サービス名：バウチャー）しております。当該バウチャー発行時に、ユーザーの属性及びニーズに即した投資用不動産物件仲介会社を紹介し、当該紹介１件あたりに対して紹介先不動産会社より手数料を受領しています。当該紹介先不動産会社には子会社であるコンドミニアム・アセットマネジメント社も含まれており、投資用物件の仲介に至った際にはお客様より仲介手数料を受領いたします。加えて、不動産投資用ローンの借換を検討するユーザーに対しては、当社のオンラインサービスを通じて、不動産投資用ローンの提案を行っております。当該借換については、銀行から融資承認を受領した時点を起点として、借換によって生じるメリット額の10%あるいは35万円（税抜）のいずれか高いほうをお客様より手数料として受領しております。

 

主なKPIとしては売上、バウチャーサービスの申込数、借換サービス申込数、不動産売買・仲介に係る契約数となります。

 

アプリサービスにおいては、アプリを通じて常時ユーザーに価格情報（物件の時価、純資産、必要自己資金等）を提供し、コンドミニアム社が売買をサポートしています。売主は保有物件の純資産を把握して適切なタイミングで売却でき、買主は現在保有する自己資金で買える物件が探せるサービスです（買主または売主が不動産会社等の法人の場合もございます）。

以下がアプリサービスの概要図となります。




 

また、以下のグラフのとおり収益不動産（賃貸物件）の資産規模は増加しており、低金利環境下における不動産投資需要の高まりが要因であると判断しています。IVNASEサービスの会員数についても当該需要により増加しているものと考えております。

 

収益不動産（賃貸住宅）の資産規模（単位：兆円）

 




出所：2024年12月17日 ニッセイ基礎研究所「わが国の不動産投資市場規模（2024年）」より当社作成

 

INVASEサービス会員数

 




 

 

以上を述べた事業系統図は、次のとおりであります。

＜モゲチェック事業＞




＜INVASE事業＞"
1972,三晃金属工業株式会社,2026-03-31,"３ 【事業の内容】

当社グループは、「当社」、「子会社４社」及び「その他の関係会社１社」で構成されており、屋根事業及び建材事業を主な事業として取り組んでおります。

当社グループの事業における当社グループ各社の位置付け及びセグメントとの関連は、次のとおりであります。なお、セグメントと同一の区分であります。

［屋根事業］

長尺屋根工事、Ｒ－Ｔ工事、ハイタフ工事、ソーラー工事、塗装工事及び長尺成型品販売を行っております。
屋根事業で使用する材料については、主に、その他の関係会社の「日本製鉄（株）」の製品を、その他の関係会社の子会社の「日鉄鋼板（株）」にて表面処理加工を行い、その他の関係会社の子会社の「日鉄物産（株）」を通じて仕入れております。
また、屋根材等の加工作業の相当部分を非連結子会社の「（株）深谷三晃」、「（株）福知山三晃」、「光三晃（株）」に外注しております。

［建材事業］

住宅成型品販売を行っております。
建材事業で使用する材料については、主に、その他の関係会社の「日本製鉄（株）」の製品を、その他の関係会社の子会社の「日鉄鋼板（株）」にて表面処理加工を行い、その他の関係会社の子会社の「日鉄物産（株）」を通じて仕入れております。
また、屋根材等の加工作業の相当部分を非連結子会社の「（株）深谷三晃」、「（株）福知山三晃」、「（有）江別三晃工作」に外注しております。

 

［その他］

太陽光により発電した電力を電力会社に卸売りする事業を行っております。

 

事業の系統図は次のとおりであります。"
1975,株式会社朝日工業社,2026-03-31,"３【事業の内容】

当社グループは、株式会社朝日工業社（当社）及び子会社３社で構成され、空気調和衛生設備工事の設計・監督・施工を主な事業としております。

当社グループ内の事業に係わる位置づけは次のとおりです。

設備工事事業

当社は空気調和衛生設備の技術を核として、その設計・監督・施工を主な事業としており、子会社の北海道アサヒ冷熱工事㈱は、当社への施工協力及び子会社独自受注工事の施工を行っております。

海外子会社の亞太朝日股份有限公司（台湾）及びASAHI ENGINEERING（MALAYSIA）SDN.BHD.（マレーシア）は、当社100％出資の現地法人であり、当社は２社に対して技術援助をしております。

機器製造販売事業

当社は設備工事事業と合わせて、空気調和・温湿度調整の技術を活かし、半導体やＦＰＤ（フラットパネルディスプレイ）製造装置向け精密環境制御機器を主とした環境機器の製造販売を行っております。

 

事業の系統図は次のとおりです。

 

（注）上記子会社は全て連結子会社であります。"
1976,明星工業株式会社,2026-03-31,"３【事業の内容】

当社グループは、当社及び連結子会社16社の計17社により構成されており、熱絶縁工事を中心とする建設工事事業

及びボイラ事業の事業活動を展開しております。

各事業における当社及び関係会社の位置付け等は次のとおりであります。

なお、次の２事業は「第５ 経理の状況 １ 連結財務諸表等 (1）連結財務諸表 注記事項（セグメント情報等）」に掲げるセグメントの区分と同一であります。

(1）建設工事事業（16社）

当社と国内及びアジア地域等での現地法人を含めた連結子会社で構成されており、国内外での材料等の製造及び施工において、熱絶縁工事、建材工事（クリーンルーム）、冷凍冷蔵低温設備工事等、幅広い需要先のニーズに対応しています。

［主な関係会社］

（施 工） 明星建工(株)、(株)エムエステック、メイセイ工事(株)、

MEISEI INTERNATIONAL PTE.LTD.（シンガポール）

（製 造） 日本ケイカル(株)

(2）ボイラ事業（１社）

ボイラ及び産業用機械器具の製造・施工及び販売・据付を国内外で行っております。

［関係会社］

（製造・施工） (株)よしみね

 

なお、事業の系統図は次のとおりであります。"
1979,株式会社大気社,2026-03-31,"３ 【事業の内容】

当社グループは、国内外にわたり、当社及び子会社32社並びに関連会社３社で構成されており、「環境システム事業」及び「塗装システム事業」を主たる事業としております。

「環境システム事業」は、主に一般事務所等に関連するビル空調設備及び工場等の生産設備や研究所等に関連する産業空調設備の設計・監理・施工並びにこれらに関連する資機材の製造・販売を行っております。

「塗装システム事業」は、主に自動車産業に関連する塗装設備の設計・監理・施工並びにこれらに関連する資機材の製造・販売を行っております。

なお、これらの事業はセグメント情報に掲げるセグメント区分と同一であります。

各事業別の市場・顧客分野は次のとおりであります。













環境システム事業



：



事務所、ホテル、店舗、学校、研究所、劇場、ホール、病院、データセンター等の一般空調設備

半導体、電子部品、電池、精密機械、医薬品、食品等の製造工場におけるクリーンルーム等及び植物工場等の産業空調設備







塗装システム事業



：



自動車車体・バンパー等、自動車産業向けのほかに建設車両・鉄道車両・航空機・一般産業機器等の各製造工場における塗装設備





 


 

事業の系統図は次のとおりであります。

 




 

(注) ※ 持分法非適用関連会社"
197A,株式会社タウンズ,2025-06-30,"３【事業の内容】

当社は感染症臨床検査用の抗原検査キットメーカーとして、創業以来30年以上の長きにわたり、さまざまな分析技術を応用した体外診断用医薬品等を製造し、国内を中心として海外にも販売しております。高品質な製品と顧客サービスを提供する企業として、医薬品卸売販売業者を通じてエンドユーザーとして病院及び開業医のみならず、WHO等の国際機関、研究機関やバイオベンチャー企業等にも製品を提供し、事業活動を行っております。

当社は、体外診断用医薬品事業の単一セグメントであるため、セグメント別の記載を省略しております。

当社主力製品は、イムノクロマト法※を利用することで、特別な装置を必要とせず患者のそばで迅速な診断を可能な抗原検査キットであります。他の検査手法としては例えばPCR検査が挙げられますが、PCR検査は検出する対象が核酸であるため、イムノクロマト法を利用した抗原検査キットの検出対象であるウイルスタンパク質とは性質が異なり、また検査の特性・目的も異なります。判定時間・手技の簡易さ・検査コスト等の観点から、当社は感染症検査のマーケットのニーズには、イムノクロマト法を利用した製品がより適していると考えております。

 

※ イムノクロマト法：この方法を利用した代表的な検査薬としては、薬局等で広く販売されている妊娠診断薬が挙げられます。この検査法のおおまかな原理は、以下のとおりになります。①テストプレートの試料滴下部に検体を滴下すると、検体はテストストリップへ浸透します。検体中の標的抗原は、コロイド等に標識された標識抗体との反応が始まります。この標識抗体は、標的抗原に対して特異的に結合する抗体を使用しております。②標的抗原と標識抗体を含む溶液はメンブレン内を毛細管現象により展開しながら、さらに標的抗原と標識抗体との反応が進みます。③標識抗体と反応した標的抗原の複合体は、メンブレン上に固定化された抗体（判定ライン）と標的抗原が反応し標識抗体と標的抗原の複合体が捕捉されます。この結果、判定ライン上に標識物が集積しラインとして目視判定が可能となります。④標的抗原と反応しなかった標識抗体は、標識抗体認識抗体（コントロールライン）と反応し、標識物が集積しラインとして目視判定が可能となり、検査が正常に機能したことを示します。陽性であれば２本のライン、陰性であれば１本のラインが出現、出現したラインを目視で確認するだけの簡便な検査法であります。

 

＜イムノクロマト法の原理＞

 

※ 各部の名称：テストストリップは標識抗体を含むパット部から吸収パッドまですべての部材を含むものを指しております。①検体滴下部では、滴下した標的抗原と抗体が結合する反応が起こります。メンブレンは図中のとおり、検体と標識抗体が展開される部位を指します。また、図の下段で示しているとおり、図①～④の一連の反応が起こるテストストリップはプラスチック製のカバーで覆われますが、これらを総合してテストプレートと呼びます。

 

当社の製品の特長としては、以下の事項が挙げられます。

検体抽出液の共通使用

検体抽出液（鼻咽頭ぬぐい液）はイムノエース®SARS-CoV-2 Ⅲ・SARS-CoV-2/Flu・Flu・アデノ・hMPV・RSV Neo・Flu/RSVで共通使用が可能

 

 

 

検体抽出液の共通化の大きなメリットは、１回の検体採取、１回の抽出操作で、複数項目を検査できる点にあります。新型コロナウイルスやインフルエンザ等の感染症の診断においては鼻咽頭ぬぐい検体が使用されますが、検体採取において鼻咽頭部（鼻腔の最奥）までスワブを挿入する必要があり、軽微ながらも痛みを伴うことがあります。検体採取を一度で完了させることができることは、被検者と医療従事者双方において検体採取における負担が軽減され、また業務効率の観点からも有益であると考えております。

ブラックライン

独自開発のナノテクノロジー「白金-金コロイド」採用により判定ライン・コントロールラインを視認性の高いブラックラインで表示

 

 

他社イムノクロマト法製品においては、標識物が金コロイド粒子又はカラーラテックスが主流となっておりますが、当社は独自の白金―金コロイド粒子を用いております。当社技術の白金―金コロイド粒子を用いると判定ラインは黒色となりますが、金コロイド粒子では赤紫色、カラーラテックスでは主に赤色と青色となります。従来技術の色調と比較し、当該技術を用いた黒色のラインは背景となるメンブレンの白色とのコントラスト差が大きくなるため、判定ラインの視認性が高くなると考えております。

 

ユーザーからは、当社製品の使用感として、①独自のブラックラインを用いた判定ラインの見易さ（視認性）、②診断の正確性（感度・特異度）、③キットに同梱されている綿棒(コパン社製)の使いやすさと患者に対する侵襲性の低さ、④高感度を保ったうえでの判定時間の短さ、が主に評価され、これらの理由から当社製品を選択頂いているケースが多いものと認識しております。

 

 

当社の主な製品は、以下のとおりであります。

製品名

一般的名称

製品の特長

イムノエース®Flu

インフルエンザウイルス抗原検査キット

・判定時間※は５分（陽性は３分から判定が可能）

・判定ラインはブラックライン

・ナイロン軸で植毛タイプの滅菌済み鼻腔用スワブを採用

・検体抽出液（鼻咽頭ぬぐい液）はイムノエース®SARS-CoV-2 Ⅲ・アデノ・hMPV・RSV Neoと共通使用が可能

イムノエース®SARS-CoV-2 Ⅲ

新型コロナウイルス抗原検査キット

・判定時間は10分（陽性は10分より前でも判定部[T]及び[C]の両方にラインが認められた場合には判定可能）

・判定ラインはブラックライン

・ナイロン軸で植毛タイプの滅菌済み鼻腔用スワブを採用

・検体抽出液（鼻咽頭ぬぐい液）はイムノエース®Flu・アデノ・hMPV・RSV Neo・Flu/RSVと共通使用が可能

イムノエース®SARS-CoV-2 Saliva

新型コロナウイルス抗原検査キット

・唾液を検体とした抗原定性検査キット

・判定時間は20分（陽性は20分より前でも判定部[T]及び[C]の両方にラインが認められた場合には判定可能）

・判定ラインはブラックライン

・スワブによる侵襲がなく、くしゃみによる飛沫発生もない

イムノエース®SARS-CoV-2/Flu

新型コロナウイルス抗原検査キット

インフルエンザウイルス抗原検査キット

・SARS-CoV-2とFluを同時に検査

・判定時間は15分（陽性は15分より前でも判定部[T]又は[A]又は[B]及び[C]の両方にラインが認められた場合には判定可能）

・判定ラインはブラックライン

・ナイロン軸で植毛タイプの滅菌済み鼻腔用スワブを採用

・検体抽出液（鼻咽頭ぬぐい液）はイムノエース® アデノ・hMPV・RSV Neoと共通使用が可能

イムノエース® アデノ

アデノウイルス抗原検査キット

・判定時間は５分（陽性は３分から判定が可能）

・判定ラインはブラックライン

・ナイロン軸で植毛タイプの滅菌済み咽頭・角結膜用スワブを採用

・検体抽出液（鼻咽頭ぬぐい液）はイムノエース®SARS-CoV-2 Ⅲ・SARS-CoV-2/Flu・Flu・hMPV・RSV Neo・Flu/RSVと共通使用が可能

イムノエース®Strep A Neo

A群β溶血連鎖球菌抗原検査キット

・判定時間は５分

・判定ラインはブラックライン

・ナイロン軸で植毛タイプの滅菌済み咽頭・角結膜用スワブを採用

イムノエース®hMPV

ヒトメタニューモウイルス抗原検査キット

・判定時間は５分（陽性は３分から判定が可能）

・判定ラインはブラックライン

・ナイロン軸で植毛タイプの滅菌済み鼻腔用スワブを採用

・検体抽出液は（鼻咽頭ぬぐい液）はイムノエース®SARS-CoV-2 Ⅲ・SARS-CoV-2/Flu・Flu・アデノ・RSV Neo・Flu/RSVと共通使用が可能

イムノエース® マイコプラズマ

マイコプラズマ抗原検査キット

・判定時間は15分（陽性は５分から判定が可能）

・判定ラインはブラックライン

・ナイロン軸で植毛タイプの滅菌済み咽頭・角結膜用スワブを採用

・取り違い防止のため、アルミシールにMycoと印字し、紫に着色した検体抽出液容器（本体及びノズル）を採用

イムノエース®RSV Neo

RSウイルス抗原検査キット

・判定時間は５分（陽性は３分から判定が可能）

・判定ラインはブラックライン

・ナイロン軸で植毛タイプの滅菌済み鼻腔用スワブを採用

・検体抽出液（鼻咽頭ぬぐい液）はイムノエース®SARS-CoV-2 Ⅲ・SARS-CoV-2/Flu・Flu・アデノ・hMPVと共通使用が可能

イムノエース® ノロ

ノロウイルス抗原検査キット

・判定時間は10～15分

・判定ラインはブラックライン

・滅菌済みスポンジスワブを採用

・検体抽出液容器の取り違い防止（検体抽出液容器・ノズルを淡橙に着色）を採用

・スワブ輸送用チューブを付属

※ 判定時間：各キットで定められた陽性・陰性判定を実施する時間のこと。通常、抗原検査キットにおいては陰性であることを確認（判定）することで本検査を終了しております。キットによっては判定時間まで待つことなく陽性判定を行うことができ、このような場合は判定時間に関わらず陽性判定できます。

 

 

［事業系統図］"
1980,ダイダン株式会社,2026-03-31,"３【事業の内容】

当社グループは、当社、連結子会社６社及び非連結子会社８社で構成され、空調衛生、電気工事の設計、監理及び施工を主な事業としております。

当社グループの事業に係る位置づけは次のとおりであります。

 

＜設備工事業＞

当社が受注した工事のうちの一部については、ダイダンサービス関東㈱、ダイダンサービス関西㈱、大電工事㈱、岡山大電設備㈱、九州大電設備㈱、熊本大電設備㈱、DAI-DAN INTERNATIONAL ASIA PTE. LTD. 、Presico Engineering Pte. Ltd. に施工を担当させております。

DAI-DAN（THAILAND）CO., LTD. 、DAI-DAN（VIETNAM）CO., LTD. 及びDAI-DAN INTERNATIONAL ASIA PTE. LTD. に対して当社は技術支援を行っております。Presico Engineering Pte. Ltd. はシンガポールを中心に設備工事業を行っております。

＜その他＞

セラボヘルスケアサービス㈱は、再生医療関連の機器販売及び細胞加工による医薬品の受託製造等を行っております。

 

当社グループは、設備工事業の単一セグメントであります。

 

≪事業の系統図≫"
1981,株式会社協和日成,2026-03-31,"３ 【事業の内容】

当社は、主に東京ガス株式会社、東京ガスネットワーク株式会社（以下、東京ガスグループという）のガス・機器設備事業（屋内配管工事・戸建住宅暖冷房給湯工事・集合住宅暖冷房給湯工事）、ガス導管事業（本支管埋設工事・供給管工事）を主体としておりますが、そのほか建築設備事業（建築工事・給排水衛生設備工事・空気調和設備工事）、電設・土木事業（電気管路洞道埋設工事・上下水道工事・土木工事）を営み、総合設備工事業として事業活動を展開しております。

また、当社には非連結子会社として株式会社協和ライフサービス（車両のリース・整備および損害保険代理店業務）、ガイアテック株式会社（ガス設備工事・床暖房工事・ガス機器設置工事・プロパンガス工事・エクステリア工事）があります。

更に、当社には関連会社として東京理学検査株式会社がありますが、同社は配管に対する理化学機器による検査業務を主として営んでおります。

 

以下に示す区分は、セグメントと同一の区分であります。

なお、当事業年度より、報告セグメントの区分方法を変更しております。詳細は、「第５ 経理の状況 １ 財務諸表等 (1)財務諸表 注記事項 (セグメント情報等) １ 報告セグメントの概要 （報告セグメントの変更）」をご参照ください。"
1982,日比谷総合設備株式会社,2026-03-31,"３【事業の内容】

当社グループは、当社、連結子会社の日比谷通商株式会社、ニッケイ株式会社で構成され、空調設備、衛生設備、電気設備等の計画、設計、監督並びに施工を行う設備工事事業と、これら設備工事に係る機器の販売等を行う設備機器販売事業、並びに設備工事に係る機器の製造等を行う設備機器製造事業を主な内容として事業活動を展開しております。

当社グループの事業に係る位置付け及び事業の種類別セグメントとの関連は、次のとおりであります。

 

設備工事事業…………当社は、総合設備工事業を営んでおります。

設備機器販売事業……連結子会社である日比谷通商㈱が設備機器の販売及びメンテナンスを行っております。

設備機器製造事業……連結子会社であるニッケイ㈱が設備機器の製造及び販売を行っております。

 

事業の系統図は次のとおりであります。"
198A,ＰｏｓｔＰｒｉｍｅ株式会社,2026-05-31,"３【事業の内容】

当社グループは、当社及び連結子会社１社で構成されております。

当社グループは、「最新テクノロジーを使用して、誰でもお金のことを楽しく学べるプラットフォームを拡大」というミッションを掲げ、金融・経済情報プラットフォーム事業及び取引プラットフォーム事業を行っております。

金融・経済情報プラットフォーム事業では、当社の主力事業であるSNS「PostPrime」の開発及び運営をしており、取引プラットフォーム事業では、連結子会社であるＴａｋａＴｒａｄｅ株式会社（旧 ＰｏｓｔＰｒｉｍｅ Ｔｒａｄｉｎｇ株式会社）において、商品CFD取引を中心としたプラットフォーム「TakaTrade」の開発及び運営をしております。

 

（金融・経済情報プラットフォーム事業）

(1）当社SNSのコンセプト

当社は、金融・経済情報プラットフォーム事業の主力事業として、SNS「PostPrime」を運営しております。

SNSは、ソーシャルネットワーキングサービス（Social Networking Service）の略で、一般的にユーザーが会員登録することによって、自らが情報発信したり、別のユーザーが発信する情報の入手や検索が容易にできるようになるサービスであり、ユーザー間での情報交換などの交流を促進する機能を備えていること等に特徴があります。

当社が事業として運営しているSNS「PostPrime」は、当初から金融・経済を中心としたコンテンツを標榜していたことから、SNSの中でも、とくに金融・経済の分野に強みを持つことに特徴があります。

これまでのところ、SNS「PostPrime」が着実に登録ユーザー数を増加させてきた背景には、金融・経済の分野の情報の特殊性と、それゆえの社会的なニーズがあると当社は考えております。

金融・経済の分野の情報の特殊性としては、「専門性」「情報の非対称性」「速報性」などがあげられると考えられます。

「専門性」が高く金融機関等で経験を積んでいない、または金融に関する教育を受けていない一般的な人々にとっては、金融・経済分野自体がわかりにくいという特殊性があります。もちろん、金融・経済の分野の専門紙・専門誌や、情報ベンダー等も多く存在しておりますが、それらも専門性が高く一般的には難解な情報となっている場合も多いと考えられます。この点、SNSはユーザーからユーザーへの情報発信であり、ユーザー目線での情報発信も多く、また、より多くの支持を集める情報発信は初心者にもわかりやすい情報発信となっているという傾向がみられます。加えて、SNS「PostPrime」では、文章だけではなく、画像、音声、動画、ライブ配信などの様々な情報発信の方法が活用でき、ユーザーがわかりやすい情報発信をするための機能が充実している上、ユーザーからユーザーへのコメント機能やライブチャット機能等の利用によって質問などをすることも可能となっています。

また、「情報の非対称性」についてですが、「専門性」が高いがゆえに、金融商品を提供する金融機関と、金融商品を購入する消費者の間で情報格差が生まれてしまい、圧倒的な情報収集を行っている金融機関が金融商品を販売するにあたって、金融機関に有利で、消費者に不利となる可能性がある場合が発生してしまうという構造的な問題があります。この点、SNSでは、多くのユーザーから、金融機関を利用する側としての情報発信がなされており、ユーザーが多方面からの情報を入手できるようになることから、金融機関と消費者の間の情報格差を解消することに役立つと考えられます。

最後に、「速報性」について、金融・経済の分野の情報は、株式市場や為替相場等のマーケットをタイムリーに大きく動かすような情報もあり、旧来のメディアである金融・経済の分野の専門紙・専門誌では、スピードの面で対応しきれない面があります。なお、金融・経済の分野の情報ベンダーもありますが、「専門性」の問題もあり、まだ一般的な個人による利用が拡大しているとは必ずしもいえない状況と考えております。この点、SNSはユーザーによる情報発信が容易なサービスであり、一般的に「速報性」の高い情報発信がなされるメディアとして認知されています。

これらのような旧来のメディアにはなかった様々な利点がある一方で、SNSは、匿名であることが多いユーザーによる情報発信の集積であることもあり、発信される情報の質が担保されているのかどうかが問題になってきます。この点、SNS「PostPrime」には、発信される情報の質を担保するための仕組みがあり、そのことがSNS「PostPrime」の大きな特徴になっております。

以上のように「専門性」「情報の非対称性」「速報性」といった金融・経済の分野の情報の特殊性については、それぞれ解決が望まれる社会的な課題があり、金融・経済の分野に強みを持つSNS「PostPrime」は、それらの課題に直面するユーザーの課題解決への貢献を通じて、サービスの展開を進めてまいりたいと考えております。

 

(2）SNS「PostPrime」の概要

①SNS「PostPrime」のサービスの概要

当社が運営するSNS「PostPrime」では、ユーザーは無料で会員登録することができます。

会員登録したユーザーは、文章、画像、音声、動画、ライブ配信などの様々な情報発信の方法を選択して、無料で投稿することができるとともに、他のユーザー等の投稿を視聴・閲覧することができます。

「プライム登録」は、他のユーザー等の投稿を有料で視聴・閲覧するために登録するサービスとなっており、登録するには、一定の視聴・閲覧期間に対応する料金を支払う必要があります。

また、ユーザーは「メンバーシップ」という有料で特典が付与されるサービスに申し込むことによって、「プライム登録」の支払にあたり、メンバーシップのグレードに応じた割引が受けられる他、ユーザーによる株式指数等に関する予想の投票を集計した結果について、グレードに応じて、より有利な情報を閲覧できるようになります。

これらの他にも、ユーザー間での情報連携などの交流を促進する機能として、ユーザーからユーザーへのコメント機能やライブチャット機能等、無料で使用できる機能があるなど、様々な無料または有料の機能があります。

さらに、SNS「PostPrime」のユーザーは、一定の要件をクリアし、後述する「プライムクリエイター」になることによって、自らの投稿の一部を有料投稿として設定することができ、自らの情報発信によって収益を獲得することが可能になります。

「プライムクリエイター」になるためには、ユーザーとして活動中に、他ユーザーからの閲覧数、いいね数、コメント数等の評価だけではなく、ユーザー本人による投稿数や他のユーザーに対するいいね数、コメント数等の行動まで含めたデータを評価する「バッジシステム」によって、一定のレベルに達することが必要とされています。その後、「プライムクリエイター」になるための申請を行い、過去の投稿に対するチェックなどを含めた当社の審査を通過することにより、「プライムクリエイター」として承認され、自身の投稿を収益化できるようになります。

 

（「PostPrime」サービス概要）

 

（「PostPrime」の画面イメージ）

 

 

（プライム登録までの流れ）

（メンバーシップ登録までの流れ）

 

②SNS「PostPrime」の特徴

当社が主力事業として運営しているSNS「PostPrime」には、主に３つの特徴があります。

それは、「SNS」であること、その中でも、「とくに金融・経済分野のコンテンツが多いという強みを持っている」こと、「発信される情報の質を担保するための仕組み」があることです。

SNS「PostPrime」では、情報発信の方法として、ユーザーがわかりやすい情報発信をするための機能が充実しており、文章だけではなく、画像、音声、動画、ライブ配信などの様々な情報発信の方法を無料で選択することができます。さらに、ユーザー間での情報連携などの交流を促進する機能として、ユーザーからユーザーへのコメント機能やライブチャット機能等があり、ユーザーは疑問点を解消するために質問などをすることも可能となっています。

次に、SNS「PostPrime」は、SNSの中でも、とくに金融・経済分野のコンテンツが多いという強みを持っているSNSとなっております。

加えて、2024年７月よりオプション機能として「IZANAVI（イザナビ）」をリリースし、SNS「PostPrime」の中でAIを活用したチャート分析機能を提供しております。「IZANAVI（イザナビ）」は、過去30年分のデータを用いた機械学習によってチャートパターンを検出し、リアルタイムで通知することで、ユーザー自身の経験や知識では補えない情報を提供し、投資経験を手助けしております。

この特徴によって、金融・経済の分野についてのより有益な情報を入手したいユーザーにとって、SNS「PostPrime」を利用すれば、金融・経済の分野についてのより有益な情報を入手することが容易になるという意味で、SNS「PostPrime」を利用する動機になっていると考えております。

さらに、SNS「PostPrime」がSNSであり、旧来のメディアにはなかった様々な利点があるということによって、「専門性」「情報の非対称性」「速報性」といった金融・経済の分野の情報の特殊性ゆえの課題に対して、金融・経済の分野についてのより有益な情報を入手したいユーザーが、よりわかりやすく、よりユーザー視点に立った情報を、より迅速に入手することが容易になっております。

 

（ライブ投稿のイメージ） （チャート機能）

 

 

また、SNS「PostPrime」には、発信される情報の質を担保するための仕組みがあります。

それらの仕組みとしては、まず、SNS「PostPrime」のシステム上で良質な投稿を優先表示させる仕組みである当社独自の「バッジシステム」があげられます。

SNS「PostPrime」のユーザーは、他のユーザーからの閲覧数、いいね数、コメント数等の評価だけではなく、ユーザー本人による投稿数や他のユーザーに対するいいね数、コメント数等の行動まで含めたデータを自動収集した結果の相対評価として自動的に「バッジ」が付与されます。「バッジ」は10段階に設定されており、相対評価によってレベルアップが可能となっています。この「バッジシステム」による「バッジ」、投稿の閲覧状況等によって、SNS「PostPrime」のシステム上で良質な投稿を優先表示させることになりますので、SNS「PostPrime」のユーザーは、良質な投稿や行動をするインセンティブを持つことになります。

次に、SNS「PostPrime」のユーザーは、一定の要件をクリアすることによって、自らの投稿の一部を有料投稿として設定することができ、自らの情報発信によって収益を獲得することができるようになることがあげられます。

「バッジシステム」における「バッジ」がレベル４に到達したユーザーは、自らの投稿の一部を有料投稿として設定することができる「プライムクリエイター」になるための申請が可能となります。そして、ユーザーによる申請後、過去の投稿に対するチェックなどを含めた当社独自の審査をクリアすることができれば、「プライムクリエイター」となり、自らの情報発信によって収益を獲得することができるようになります。自らの情報発信によって収益を獲得することを目指すユーザーは、良質な投稿を継続しなければなりませんので、このことも、SNS「PostPrime」のユーザーが、良質な投稿や行動をするインセンティブを持つことになります。

さらに、「プライムクリエイター」となった後も、「バッジシステム」によって、「バッジ」がレベルアップすることでSNS「PostPrime」のシステム上で投稿をより優先的に表示させることができますので、SNS「PostPrime」のユーザーが、良質な投稿や行動を継続させていくインセンティブを持つことになります。

「SNS」であること、その中でも、「とくに金融・経済分野のコンテンツが多いという強みを持つ」こと、「発信される情報の質を担保するための仕組み」があることといった３つの主な特徴によって、SNS「PostPrime」において、金融・経済の分野についてのより有益な情報を入手したいユーザーが、よりわかりやすく、より迅速に、よりユーザー視点に立った情報であり、かつ質を担保する仕組みの中で発信された情報を入手することを容易にできると考えております。

 

（「バッジシステム」について）

 

■バッジの基準となるデータについて

以下の３つの指標とその他データを集計し、レベル分けを行います。インタレスト、エンゲージ、フォロワーの基準は、AND条件であり、全て満たす必要があります。過去の一定期間のデータを使用します。バッジとその基準となるインタレスト、エンゲージは、一定期間ごとに、更新されます。フォロワーは、フォローされた瞬間に更新されます。

インタレスト

…他のユーザーからの関心度を示します。ユーザーによる投稿への閲覧数・いいね数・コメント数・保存数・シェア数に基づいて算出されます。

 

エンゲージ

…ユーザーの行動力を示します。ユーザーによる投稿数に加え、他のユーザーの投稿への閲覧数・いいね数・コメント数・保存数・シェア数に基づいて算出されます。

 

フォロワー

…フォロワー数を示します。

 

(3）当社の収益構造

①「プライム登録売上」

SNS「PostPrime」において、ユーザーは、他のユーザー等による文章、画像、音声、動画またはライブ配信による投稿を視聴・閲覧することができますが、他のユーザー等の投稿の視聴・閲覧については、無料で視聴・閲覧できるものと、有料で視聴・閲覧できるものがあります。

有料でのみ視聴・閲覧できる投稿は、「プライムクリエイター」によって有料投稿として設定されたものです。

 

当社は、ユーザーが支払った一定の期間に対応する料金から「プライムクリエイター」の「バッジ」レベルに応じた還元率をもって、「プライムクリエイター」にロイヤリティを支払います。当社の利益は、ユーザーが支払った一定の期間に対応する料金からロイヤリティを除いた金額となります。

なお、ユーザーが上記プロセスを経て「プライムクリエイター」となり有料投稿を行うほか、当社自身が「日本株News」等の有料投稿を行うアカウントを複数運営しております。ユーザーは、当社アカウントによる有料投稿を「プライム登録」することによってその投稿を視聴・閲覧できるようになります。

 

②「メンバーシップ売上」

SNS「PostPrime」において、ユーザーが「メンバーシップ」に加入し一定の期間に対応する料金を当社に支払うことによって、ユーザーが「プライム登録」の支払にあたり、メンバーシップのグレードに応じた割引が受けられる他、ユーザーによる株式指数等に関する予想の投票を集計した結果について、グレードに応じて、より有利な情報を閲覧できるようになるなどの特典が付与されるサービスです。

 

（メンバーシップの月額価格と特典） ※2026年７月末日時点

 

※ SNS「PostPrime」は、インターネットブラウザ（WEB）以外に、iOS、Androidアプリから利用することが可能です。

 

（メンバーシップ機能の例） （メンバーシップ加入により利用できる投票機能）

 

 

③アフィリエイト広告

アフィリエイト広告とは、広告主がアフィリエイト・サービス・プロバイダー（ASP）と呼ばれる仲介業者を通じて、ウェブメディアの運営者等に対して広告を出稿し、一定の成果条件を達成した場合に成果報酬が支払われるというインターネット広告の一形態です。

当社は、SNS「PostPrime」において、アフィリエイト広告の出稿を受け、掲載しております。

当社は、アフィリエイト・サービス・プロバイダー（ASP）を通じて掲載した広告について、一定の成果条件を達成した場合に成果報酬を受領しております。

 

④その他

a.「ありがとう」

SNS「PostPrime」において、ユーザーが「ありがとう」を購入することによって、特定のプライムクリエイターの投稿内容に対し特別の感謝を伝えることができるとともに、ユーザー自身のプロフィール画像を優先的に目立たせて表示することなど、ユーザーが自身の投稿や表示について特別な取り扱いを受けることができます。当社は、ユーザーが支払った「ありがとう」に係る料金から、対象となったプライムクリエイターの「バッジ」レベルに応じた還元率をもって、当該プライムクリエイターにロイヤリティを支払います。

b.「コース」

SNS「PostPrime」において、プライムクリエイターまたは当社アカウントが金融・経済等の知見・ノウハウをまとめた動画等のコンテンツを一般ユーザーが購入することができるサービスです。プライムクリエイターによって提供されたコンテンツがユーザーに購入された場合、当社は、ユーザーが支払った金額から、対象となったプライムクリエイターの「バッジ」レベルに応じた還元率をもって、当該プライムクリエイターにロイヤリティを支払います。

c.「プライムパートナーズ」

SNS「PostPrime」において、プライムクリエイターの概要欄にアフィリエイト広告を出稿、掲載し、一定の成果条件を達成した場合に当社が得た成果報酬の一部を当該プライムクリエイターへ支払います。

d.他のメディア

当社が運営するYouTubeチャンネルにおける動画配信及びライブ配信について、Google LLCより、視聴に応じた広告収入等を受領するほか、YouTubeチャンネルにおいて、アフィリエイト広告を掲載し、成果報酬を受領しております。

 

（取引プラットフォーム事業）

(1）取引プラットフォーム「TakaTrade」

かねてより当社が培ってきた投資・経済分野の知見を活用するとともに、ユーザーに対して情報提供の枠を超えた新たな価値の提供を行う新規事業を構想し、2024年10月に連結子会社であるＴａｋａＴｒａｄｅ株式会社（旧 ＰｏｓｔＰｒｉｍｅ Ｔｒａｄｉｎｇ株式会社）を設立いたしました。同社は、商品CFD取引を中心としたプラットフォーム「TakaTrade」の調査及び運営に向けた開発を行っておりました。2025年５月に農林水産大臣ならびに経済産業大臣より商品先物取引法における商品先物取引業者として許可を受け、2025年８月よりサービスを開始しましたが、事業環境及び競合状況を精査した結果、取引プラットフォーム事業からの撤退を決議いたしました。詳細については「第５ 経理の状況 １ 連結財務諸表等（１）連結財務諸表 注記事項 （重要な後発事象）（取引プラットフォーム事業からの撤退）」をご参照ください。

 

 

［事業系統図］

以上を踏まえた当社グループの事業系統図は、次のとおりであります。"
1992,神田通信機株式会社,2026-03-31,"３ 【事業の内容】

当社グループは当社及び連結子会社１社、非連結子会社１社で構成されており、情報通信事業、照明制御事業及び不動産賃貸事業を営んでおります。

当社グループの事業における当社及び子会社の位置付け及びセグメントとの関連は、次のとおりであります。












情報通信事業



当社は、建設業法に基づく特定建設業者として、国土交通大臣許可をうけ、電話交換設備、各種ネットワークシステム及びサポートサービスを展開しております。また、三菱電機株式会社の代理店となっており情報機器、ソフトウェアの販売、情報システムの企画・提案・構築及びサポートサービスを展開しております。
連結子会社の日神電子株式会社は、建設業法に基づく特定建設業者として、国土交通大臣許可をうけ、無線関係、映像通信関係、その他電子機器の販売、設計、施工、保守を展開しております。
非連結子会社の日本電話工業株式会社は、通信機器・ＯＡ機器の販売・電気通信機器の設備、設計、保守を展開しております。







照明制御事業



当社は、照明制御方式として国際標準規格である「ＤＡＬＩ」を採用し、メーカーフリーな照明制御の企画、提案、構築及びサポートサービスを展開しております。

また、建物設備（照明・空調など）と、ＩＴ機器、クラウドシステムなど様々な通信方式を接続可能となる「マルチゲートウェイ®」も同様に企画からサポートまで展開しており、どちらも「オープン化」をキーワードにお客様のニーズに沿った製品活用を基に、省エネ・省人化等の社会課題解決ソリューションを提供しております。







不動産賃貸事業



当社は、所有不動産を有効活用するため、賃貸事業を営んでおります。





 


 

事業の系統図は次のとおりであります。"
1994,高橋カーテンウォール工業株式会社,2025-12-31,"３ 【事業の内容】

当社企業グル－プは、当社・連結子会社１社・非連結子会社２社の計４社で構成され、ビル外壁材等の建設業を主な内容として事業活動を展開しております。

当社企業グル－プの事業に係わる位置づけ及びセグメント情報との関連は、次のとおりであります。

また、事業区分については、セグメント情報と同一であります。

ＰＣカーテンウォール事業

当社は、プレキャストコンクリートカーテンウォールをはじめとするビル外壁材並びに建築用プレキャストコンクリート部材［N認定］の設計・製造・施工を行っております。

中国の非連結子会社である大連高連幕墻有限公司へは、プレキャストコンクリートカーテンウォールの設計を委託しております。

アクア事業

ホテル・学校・スポーツ施設のプールならびに各種温浴施設などの水施設・水空間・水環境の企画・提案・設計・施工を行っております。

その他

連結子会社㈱タカハシテクノは、不動産賃貸事業を行っております。

非連結子会社の㈱アシェルは当社企業グル－プの保養所管理を行っております。

 

事業の系統図は、次のとおりであります。"
1997,暁飯島工業株式会社,2025-08-31,"３ 【事業の内容】

当社は、空気調和、給排水衛生等設備工事の設計・施工及び保守管理を主な事業として営んでおります。

当社の主な事業内容は次のとおりであります。

 












事業区分



事業の内容







設備事業



設備工事の設計・施工、設備及び機器類の保守管理







太陽光発電事業



太陽光発電及びその売電







その他事業



不動産の売買・賃貸、その他





 


 

事業の系統図は次のとおりであります。"
1999,サイタホールディングス株式会社,2025-06-30,"３【事業の内容】

当社グループ（当社及び当社の関係会社）は、サイタホールディングス株式会社（当社）、子会社９社により構成され、建設事業、建材事業を主な事業としており、この他、酒類製造販売、石油製品販売、不動産事業、太陽光発電事業、環境事業、警備事業及び乳酸菌事業を行っております。当社グループの事業に係わる位置付け及びセグメントとの関連は、次のとおりであります。

なお、事業区分はセグメントと同一であります。

また、当連結会計年度より報告セグメントの区分を変更しております。詳細は、「第５ 経理の状況 １ 連結財務諸表等 (1）連結財務諸表 注記事項（セグメント情報等）」に記載のとおりであります。

 

(1）建設事業

株式会社才田組、立花建設有限会社（いずれも連結子会社）は、土木工事等の受注・施工を行っております。また、有限会社賀和運送（連結子会社）が、上記土木工事に係る運搬業務を行っております。

 

(2）建材事業

才田砕石工業株式会社（連結子会社）は砕石の製造販売を行っております。また、有限会社賀和運送（連結子会社）は、砕石製品の運搬業務や砕石場内作業を行っております。朝倉生コンクリート株式会社（連結子会社）は、生コンクリートの製造・販売を行っております。

 

(3）酒類事業

HUE FOODS COMPANY LIMITED（連結子会社）は、ベトナム社会主義共和国で酒類等の製造、SAITA TRADING COMPANY LIMITED（連結子会社）は、同国において酒類等の販売を行っております。また、フエフーズ・ジャパン株式会社(連結子会社)は、HUE FOODS COMPANY LIMITED（連結子会社）で生産された焼酎等の商品の輸入卸及び小売販売を行っております。

 

(4）その他の事業

当社は不動産賃貸業及び太陽光発電事業を行っております。

また、才田砕石工業株式会社（連結子会社）は、石油製品販売を行い、株式会社サイテックス（連結子会社）は環境事業、警備事業及び乳酸菌事業を行っております。

 

当社は、有価証券の取引等の規制に関する内閣府令第49条第２項に規定する特定上場会社等に該当しており、これにより、インサイダー取引規制の重要事実の軽微基準については連結ベースの数値に基づいて判断することとなります。

 

事業の系統図は次のとおりであります。"
2001,株式会社ニップン,2026-03-31,"３【事業の内容】

当社グループ（当社及び当社の関係会社）は、当社（株式会社ニップン）及び子会社59社、関連会社21社で構成されております。

営んでいる主な事業内容と当社及び子会社、関連会社の当該事業に係る位置付けは、次のとおりであります。

 

(1) 製粉事業

当社が小麦粉、ふすまを製造し、特約店を通じて販売しており、ニップン商事㈱、㈱ニップン商事コーポレーション、鈴木㈱及び丸七商事㈱は、この特約店の一部であります。

松屋製粉㈱がそば粉を製造し、販売しております。

(2) 食品事業

＜国内＞

当社が家庭用小麦粉、プレミックス等、冷凍食品類を製造し、特約店を通じて販売しております。

オーマイ㈱が当社製造の小麦粉を使用して、パスタ類を製造し当社に販売しております。

日本リッチ㈱が冷凍食材を当社から仕入れて販売しております。

㈱畑中食品が当社製造の食材を使用して、冷凍食品を製造し当社に販売しております。

㈱ファーストフーズ、㈱一富士製麺所、㈱ファーストフーズつくば、㈱ファーストフーズ名古屋が当社製造の食材を使用して、中食関連食品を製造、販売しております。

オーケー食品工業㈱、㈱ナガノトマトが加工調理製品を製造、販売しております。

＜海外＞

タイにおいて、NIPPN(Thailand)Co.,Ltd.がプレミックス及び冷凍生地を製造しており、NIPPN FOODS CORPORATION（THAILAND) LTD.がプレミックス等を販売しております。

中国において、上海金山日粉食品有限公司がプレミックスを製造しており、上海日粉総合貿易有限公司がプレミックス等を販売しております。

米国において、Pasta Montana,L.L.C.がパスタ類を製造、販売しており、NIPPN California Inc.がプレミックス等を当社等から仕入れて販売しております。

インドネシアにおいて、PT NIPPN PRODUCTS INDONESIAがプレミックスを製造しており、PT NIPPN FOODS INDONESIAがプレミックス等を販売しております。

(3) その他事業

当社が不動産の賃貸を行っております。

エヌピーエフジャパン㈱がペットフードを製造、販売しております。

ニップンライフイノベーション㈱が健康食品類を当社から仕入れて販売しております。

ニップンエンジニアリング㈱が食品関連プラントの設計、施工を行っております。

ニップンドーナツ㈱、ニップンドーナツ関西㈱、ニップンウミノ㈱及び大和フーヅ㈱が当社製造のプレミックスを使用する飲食店を経営しております。

ニップンビジネスシステム㈱が情報処理システムの開発、提供をしております。

㈱ニップンロジスが物流サービスを提供しております。

 

以上に記載した事業を系統図によって示すと次のとおりであります。"
2002,株式会社日清製粉グループ本社,2026-03-31,"３【事業の内容】

当社グループ(当社、連結子会社67社及び持分法適用会社９社)の主な事業内容と、各関係会社等の当グループの事業に係わる位置付け、及びセグメントとの関連は、次のとおりであります。なお、事業内容の区分は「第５ 経理の状況 １ 連結財務諸表等 （１）連結財務諸表 注記事項（セグメント情報等）」に掲げるセグメントの区分と同一であります。

なお、当社は、有価証券の取引等の規制に関する内閣府令第49条第２項に規定する特定上場会社等に該当しており、これにより、インサイダー取引規制の重要事実の軽微基準については連結ベースの数値に基づいて判断することとなります。

(1) 製粉事業

日清製粉㈱（連結子会社）及び熊本製粉㈱（連結子会社）は小麦粉、ふすま（副製品）等を製造・販売しております。フレッシュ・フード・サービス㈱（連結子会社）は主として冷凍食品及びその原材料の販売と小麦粉関連の商材を用いた飲食店経営を行っており、日清製粉㈱から関連商材及び小麦粉を仕入れております。ヤマジョウ商事㈱（連結子会社）及び石川㈱（持分法適用会社）は日清製粉㈱の特約店であります。なお、石川㈱は日清製粉㈱に包装資材の販売も行っております。

アメリカのMiller Milling Company, LLC（連結子会社）、カナダのRogers Foods Ltd.（連結子会社）、タイのNisshin-STC Flour Milling Co., Ltd.（連結子会社）及びニュージーランドのChampion Flour Milling Ltd.（連結子会社）は、小麦粉の製造を行い、北米、アジア及びオセアニアにて販売を行っております。オーストラリアのAllied Pinnacle Pty Ltd.（連結子会社）は小麦粉・プレミックス・ベーカリー関連原材料等の製造を行い、オセアニア及びアジアにて販売を行っております。

 

(2) 食品事業

㈱日清製粉ウェルナ（連結子会社）はプレミックス等を製造・販売し、日清製粉㈱から仕入れる家庭用小麦粉、製造子会社が製造するパスタ・パスタソース・冷凍食品等、及び外部の取引先から仕入れる加工食品を販売しております。日清製粉プレミックス㈱（連結子会社）はプレミックスを製造・販売しております。マ・マーマカロニ㈱（連結子会社）はパスタ・冷凍食品を製造し、㈱日清製粉ウェルナが販売しております。

タイのThai Nisshin Technomic Co., Ltd.（連結子会社）及びベトナムのVietnam Nisshin Technomic Co., Ltd.（連結子会社）はプレミックスの製造を行い、東南アジアにて販売しております。中国の新日清製粉食品（青島）有限公司（連結子会社）はプレミックスの製造を行い、中国にて販売しております。インドネシアのPT. Indonesia Nisshin Technomic（連結子会社）は東南アジアにてプレミックスの販売を行っております。アメリカのMedallion Foods, Inc.（連結子会社）はパスタの製造を行い、主として㈱日清製粉ウェルナが輸入・販売を行っている他、プレミックスの製造を行い、主に北米にて販売しております。トルコのNisshin Seifun Turkey Makarna Ve Gida Sanayi Ve Ticaret A.S.（連結子会社）はパスタ、タイのThai Nisshin Seifun Co., Ltd.（連結子会社）はパスタソース・冷凍食品、Vietnam Nisshin Seifun Co., Ltd.（連結子会社）はパスタソースの製造を行い、主として㈱日清製粉ウェルナが輸入・販売をしております。

オリエンタル酵母工業㈱（連結子会社）は製パン用をはじめとした食品素材、生化学製品等の製造・販売及び創薬研究支援事業を行っております。

日清ファルマ㈱（連結子会社）は健康食品・医薬品原薬等を製造・販売しております。なお、同社は医薬品原薬の製造・販売を行うファインケミカル事業を本年３月に終了し、サプリメント製品の製造・販売等を行う健康食品事業をオリエンタル酵母工業㈱へ本年４月に移管しました。

 

(3) 中食・惣菜事業

トオカツフーズ㈱（連結子会社）は弁当・惣菜等調理済食品の製造・販売を行っております。㈱ジョイアス・フーズ（連結子会社）は調理麺等の製造・販売を行っております。イニシオフーズ㈱（連結子会社）は惣菜の製造・販売及びデパートの直営店舗の経営を行っております。㈱日清製粉デリカフロンティア（連結子会社）は中間持株会社として、これら３社の事業活動の支援及び管理を行っております。なお、当社グループの中食・惣菜事業の成長スピードを加速すべく、事業と組織の一体化を目的として、トオカツフーズ㈱は本年６月に㈱日清製粉デリカフロンティアを吸収合併する予定です。

 

(4) その他事業

日清エンジニアリング㈱（連結子会社）は穀類・食品・化学製品等の生産加工設備の設計・工事の請負・監理、粉体機器の製作・販売及び粉体加工事業を行っており、一部当社グループの工事の請負等をしております。

㈱ＮＢＣメッシュテック（連結子会社）はメッシュクロス及び成形フィルターの製造・販売を行っております。

日清丸紅飼料㈱（持分法適用会社）は配合飼料を製造・販売しております。

日本ロジテム㈱（持分法適用会社）は貨物自動車運送事業・倉庫業等を営んでおり、一部当社グループ製品の輸送・保管を行っております。日清サイロ㈱（連結子会社）、阪神サイロ㈱（連結子会社）及び千葉共同サイロ㈱（持分法適用会社）は穀物の荷役保管業務を行っております。信和開発㈱（連結子会社）はスポーツ施設の経営をしております。

 

当社グループの状況について、事業系統図を示すと次のとおりであります。

 

（事業系統図）"
2003,日東富士製粉株式会社,2026-03-31,"３ 【事業の内容】

当社の企業グループは、当社、連結子会社6社、関連会社1社及び親会社で構成され、小麦その他農産物等を原料として、小麦粉・ふすま・ミックス粉・食品等の製造販売を行う製粉及び食品事業、並びに小麦を保管する倉庫業、ケンタッキーフライドチキン(以下KFC)等のファーストフード店舗経営を行う外食事業、主に当社の原料・製品を運送する運送事業を展開しております。

 

当グループの事業に係る位置付けは次のとおりであります。












製粉及び…………
食品事業



当社及び㈱増田製粉所が製造した小麦粉・ミックス粉・食品等を、代理店である三菱商事㈱(親会社)や隅田商事㈱・兼三㈱(連結子会社)などの特約店等を通じて販売しております。また、三菱商事㈱・㈱増田製粉所から製品・原材料の一部を、隅田商事㈱からは原材料の一部を購入しております。
なお、当社の工場付属営業倉庫(サイロ)においては、小麦の保管業務及び荷揚荷役等を行っております。







外食事業…………



連結子会社である㈱さわやかが「KFC」のトップフランチャイジーとして関東、東海地区で店舗展開しているほか、各種レストラン等多角的な事業活動を進めております。







運送事業…………
 



関連会社であるM&Fロジスティクス㈱が当社の原料小麦及び製品の運送の大部分を行っております。





 


事業の系統図は次のとおりであります。"
2004,昭和産業株式会社,2026-03-31,"３ 【事業の内容】

当社グループは、当社、連結子会社28社及び持分法適用会社７社他により構成されており、小麦粉、植物油、糖化製品等の食品と飼料の製造販売を主要な内容とし、他に倉庫業、不動産の賃貸等の事業を行っております。

当社グループの事業に係わる位置付け及びセグメントとの関連は次のとおりであります。なお、以下に示す区分は、セグメントと同一の区分であります。

 


(1) 食品事業


① 製粉カテゴリ

当社は小麦粉及びプレミックス等の製造販売を行っており、昭産商事㈱は当社製品を購入して販売しております。奥本製粉㈱、木田製粉㈱、㈱内外製粉、セントラル製粉㈱は小麦粉等の製造販売を行い、当社はそれらの製品の一部を購入して販売しております。Showa Sangyo International Vietnam Co., Ltd.はプレミックスの製造販売を行っております。㈱スウィングベーカリー、グランソールベーカリー㈱、ガーデンベーカリー㈱、タワーベーカリー㈱はコンビニエンスストア向けのパン類の製造販売を行っております。

 


② 製油カテゴリ

当社は植物油等の製造販売を行っており、昭産商事㈱は当社製品を購入して販売しております。ボーソー油脂㈱及び辻製油㈱は植物油等の製造販売を行い、当社はそれらの製品の一部を購入して販売しております。昭和冷凍食品㈱は冷凍食品の製造販売を、東葛食品㈱は中華まんじゅう等の製造販売を行っております。

 


③ 糖質カテゴリ

当社は糖化製品及びコーンスターチ等の製造販売を行っており、昭産商事㈱は当社製品を購入して販売しております。敷島スターチ㈱及びサンエイ糖化㈱は糖化製品及びコーンスターチ等の製造販売を、新日本化学工業㈱は食品用酵素等の製造販売を行っており、当社はその製品の一部を購入しております。

 

(注) 製粉カテゴリ、製油カテゴリ、糖質カテゴリに属さない食品等の販売を行う「その他食品カテゴリ」は重要性が乏しいため、事業の内容の記載及び事業の系統図への記載を省略しております。

 


(2) 飼料事業

当社は配合飼料の生産を委託して販売しており、昭産商事㈱は当社製品を購入して販売しております。九州昭和産業㈱は配合飼料の製造販売、畜産物等の販売を行っており、昭和鶏卵㈱及び中一食品股份有限公司は洗卵・選別による鶏卵の販売等を行っております。

 


(3) その他

当社、鹿島サイロ㈱及び志布志サイロ㈱は当社他穀物の荷役・保管、㈱ショウレイは当社グループ他の冷凍食品等の保管、当社及び昭産開発㈱は建物等の賃貸事業を行っております。

 

 

事業の系統図は次のとおりであります。"
2009,鳥越製粉株式会社,2025-12-31,"３【事業の内容】

当社グループは、当社及び子会社７社によって構成されております。

その主な事業内容と当社グループの当該事業における位置付け及び事業との関連は次のとおりであります。

なお、当社グループは単一セグメントであるため、その中の区分別により記載しております。

 

(1）食料品

① 製粉

当社が小麦粉、ライ麦粉、ふすま（副産物）の製造を行っております。販売については、当社が直接若しくは㈱カネニ（連結子会社）をはじめとする卸売業者等を通じて販売しております。

② 食品

当社が家庭用・業務用プレミックス、イノベイトシリーズ（品質改良剤、日持向上剤）、その他加工食品の製造を行っております。また、当社が乾麺類の仕入れ、ＣＳＭ社（ウルマ・シュパッツ）との業務提携による商品等の仕入れ及び製造を行っております。販売については、製粉と同様の方法によっております。

㈱大田ベーカリー（連結子会社）がパン・菓子等の製造・販売業を行い、久留米製麺㈱（連結子会社）が生麺類の製造・販売業を行い、それぞれ当社が製造若しくは仕入れた小麦粉、プレミックス、商品等を主原料として使用しております。

③ 精麦

鳥越精麦㈱（連結子会社）、石橋工業㈱（連結子会社）及び中島精麦工業㈱（連結子会社）が丸麦、押麦、もち麦、麦糠（副産物）の製造を行い、また、主食用商品を仕入れし、直接若しくは㈱カネニ（連結子会社）をはじめとする卸売業者等を通じて販売しております。

 

(2）飼料

石橋工業㈱（連結子会社）及び中島精麦工業㈱（連結子会社）が飼料の製造販売を行っております。また、㈱カネニ（連結子会社）が飼料用商品の仕入販売を行っております。

 

(3）その他

当社及び石橋工業㈱（連結子会社）が農産物の保管業務を行っております。

 

以上の当社グループの状況を事業系統図で示すと、次のとおりであります。"
2053,中部飼料株式会社,2026-03-31,"３【事業の内容】

当社グループは、当社、子会社６社及び関連会社２社で構成され、鶏・豚・牛用の畜産飼料、魚用の水産飼料の製造、販売等を行う「飼料セグメント」、消費者向けの畜水産物の販売、畜産用機器の販売、配合肥料の製造、販売、保険代理業等を行う「その他セグメント」を展開しております。

なお、配合飼料製造のため、各工場所轄税関での第一種承認工場の認可を、畜産用機器販売のため、建設業の許可を受けております。

当社グループの事業内容、当社と関係会社の当該事業に係る位置付け及びセグメントとの関連は次のとおりであります。

飼料……………… 当社は、畜産及び水産飼料の製造、販売を行っております。

連結子会社有限会社豊洋水産は、当社の水産用飼料の研究開発を行うとともに、水産物の生産及び販売を行っております。

持分法適用関連会社みらい飼料株式会社は、当社より原料を仕入れ、畜産用飼料の製造・販売を行っております。

持分法適用関連会社三通中部飼料（山東）有限公司は、水産用飼料の製造・販売を行っております。

その他…………… 当社は、セサミンを含んだ特殊卵「ごまたまご」やいも類を多く含む飼料で育てた「いもぶた」をはじめとする畜産物の委託生産を行うとともに、生産者から畜産物及び水産物を仕入れ、販売を行っております。

当社は、配合肥料の製造・販売や、工場跡地等活用のための不動産の賃貸を行っております。

連結子会社中部エコテック株式会社は、畜産用機器の開発、仕入及び販売を行っております。

連結子会社吉林華中緑色生態農業開発有限公司は、配合肥料の製造・販売を行っております。

連結子会社中部艾科太科（大連）環境技術有限公司は、畜産用機器の仕入及び販売を行っております。

連結子会社株式会社ダイコクは当社、グループ会社及び得意先に保険代理店業務を行っております。

連結子会社中部チムニー株式会社は、畜産物及び水産物を当社より仕入れ、販売しております。

 

事業の系統図は、次のとおりであります。"
2055,日和産業株式会社,2026-03-31,"３ 【事業の内容】

当社グループは当社及び連結子会社１社並びに関連会社１社で構成されており、穀物を主原料として養鶏用、養豚用、養牛用、養魚用等の配合飼料の製造販売を主たる事業とし、その他に畜産物の生産及び販売を行っております。

なお、当社グループの事業に係わる位置づけ及びセグメントとの関連は次のとおりであり、「第５ 経理の状況
１ 連結財務諸表等 (1)連結財務諸表 注記事項」に掲げるセグメント情報の区分と同一であります。

飼料事業…畜産用、水産用等の配合飼料を製造販売しております。配合飼料の一部を、得意先を通じて連結子会社東和畜産㈱に販売しております。養牛用配合飼料の一部を、関連会社みちのく飼料㈱に製造委託しております。
また、得意先が生産した畜産物の売買を行っております。
（関係会社）当社及びみちのく飼料㈱

畜産事業…連結子会社東和畜産㈱において、畜産物の生産及び販売を行っております。
（関係会社）東和畜産㈱

 

事業の系統図は、次のとおりであります。"
2058,株式会社ヒガシマル,2026-03-31,"３ 【事業の内容】

当社グループ(当社及び連結子会社。以下「当社グループ」という。)は、養魚用配合飼料等の製造・販売及び食品の製造・販売の事業活動を展開しております。

なお、当連結会計年度において連結子会社でありましたマリンテック株式会社は、保有する株式の一部を、株式会社ヤンバル琉宮水産は保有する全株式を譲渡したことに伴い、それぞれ連結子会社から除外しております。

当社グループの主な事業内容と事業に係わる位置付けは次のとおりであります。なお、事業区分は「第５  経理の状況  １ 連結財務諸表等 (1) 連結財務諸表  注記事項（セグメント情報等）」に掲げるセグメントの区分と同一であります。

 












水産事業



当社が養魚用配合飼料の製造販売を、永屋水産株式会社が生鮮魚介類及び養魚用配合飼料の販売を、奄美クルマエビ株式会社がクルマエビの養殖生産販売を行っております。







食品事業



当社が乾麺・即席めん・皿うどん等を、コスモ食品株式会社がカレールー・ジャム類及び調味料類を、株式会社向井珍味堂が穀粉・香辛料等の粉末食品を、株式会社なかしまが冷凍食品及び惣菜を製造販売しております。





 


 

事業の系統図は次のとおりであります。"
205A,株式会社ロゴスホールディングス,2026-05-31,"３ 【事業の内容】

当社グループは、当社及び連結子会社６社（株式会社ロゴスホーム、豊栄建設株式会社、坂井建設株式会社、株式会社GALLERY HOUSE、株式会社ROOT LINK、Logos Creative Office Philippines. Inc.）で構成されております。

 

なお、当社グループの事業は、住宅販売事業及びこれに付随する事業がほとんどを占めており、実質的に単一セグメントであるため、セグメント別の記載はしておりません。

 

当社は、有価証券の取引等の規制に関する内閣府令第49条第２項に規定する特定上場会社等に該当しているため、インサイダー取引規制の重要事実の軽微基準については連結ベースの数値に基づいて判断することとなります。

 

当社グループの事業系統図は、次のとおりです。

 




 

（当社グループ各社の役割等）

当社は、持株会社として当社グループの経営管理、それに関連する業務及びシェアードサービスの考え方に基づき管理部門・マーケティング等の業務を行っております。株式会社ロゴスホーム及び豊栄建設株式会社は、主に注文住宅、分譲住宅、宅地販売に関する業務を行っております。坂井建設株式会社は、主に注文住宅、分譲住宅、宅地販売及びその他（リノベーション・土木等）に関する業務、株式会社GALLERY HOUSEは、主に注文住宅、分譲住宅、宅地販売及びその他（リノベーション・グループホーム等）に関する業務、株式会社ROOT LINKは、主に工務店支援（住宅の設計補助・ITコンサルティング等）の業務を行っております。また、株式会社ROOT LINKの子会社であり、当社の孫会社であるLogos Creative Office Philippines. Inc.は主にCAD（Computer Aided Design）オペレーション（住宅の設計補助・積算等）の業務を行っております。当連結会計年度においては連結売上高の約６割を株式会社ロゴスホーム、坂井建設株式会社と豊栄建設株式会社がそれぞれ約２割ずつを占めております。

 

株式会社ロゴスホーム、豊栄建設株式会社、坂井建設株式会社及び株式会社GALLERY HOUSEは、いずれも同じターゲット層（国土交通省「住宅市場動向調査報告書（2021年度）」一次取得者の世帯年収別の割合による、注文住宅購入者及び分譲住宅購入者の世帯年収割合がいずれも400～800万円を指しております。）に向けた住宅の設計・施工・販売及び不動産の売買・仲介・斡旋を行っております。しかし、各社独自のブランド・商品を展開しております。具体的には、株式会社ロゴスホームは、北海道帯広市に本社を構え、注文住宅を主軸に、分譲住宅と宅地販売等の事業を北海道・東北・北関東・東海地方に展開しております。北海道・東北・北関東・東海に出店している「ロゴスホーム」と北海道に出店している「ハウジングカフェ」の２ブランドを展開しており、主力商品として「ロゴスホーム」では北海道にて注文住宅の『FORTAGE』、東北地域にて企画住宅の『GUUUS』、東海地域にて注文住宅の『YETY』、「ハウジングカフェ」では企画住宅の『e-Hikaria』を販売しております。

豊栄建設株式会社は、北海道札幌市に本社を構え、注文住宅を主軸に、分譲住宅と宅地販売等の事業を札幌市及びその近郊エリアに展開しており、主力商品として『チャレンジ999』を販売しております。

 

また、上記以外にも株式会社ロゴスホームと豊栄建設株式会社は、北海道札幌市に温度体験室や地震体験室など実際に体験できるショールームや全６棟のモデルハウスを備えた自社展示場「北海道クラシアム」を共同運営しております。

坂井建設株式会社は新潟県長岡市に本社を構え、注文住宅を主軸に、分譲住宅と宅地販売等の事業を新潟県に展開しており、主力商品として『DETAIL HOME』・『平屋生活』・『DETAIL BASE』の販売を行うほか、中古住宅に対してリノベーションを行う『ディテール・リノベ』及び土木事業も展開しております。

株式会社GALLERY HOUSEは栃木県宇都宮市に本社を構え、注文住宅を主軸に、分譲住宅、宅地販売及びその他（リノベーション・グループホーム等）の事業を栃木県に展開しており、「栃木建築社」ブランドとして注文住宅及び分譲住宅の販売を行うほか、中古住宅に対してリノベーションを行う『VINJOY』及び障がい者グループホームの建設を請負う『ノマリス』等も展開しております。

 

また、当社グループの主要な事業である住宅販売は、主に株式会社ロゴスホーム及び豊栄建設株式会社が担っております。当社グループは2023年、2024年において２年連続札幌市の住宅建築確認申請数No.1（注）です。

（注）．建築確認審査を行う行政庁に保管されている建築計画概要書を閲覧し、札幌市で2023年１月～12月、2024年１月～12月に建築確認された戸建注文住宅の戸数を集計しております（出所：北海道住宅通信社2024年３月30日第807号、2025年４月30日第833号）。株式会社ロゴスホーム及び豊栄建設株式会社の実績合算と他社の申請数と比較してNo.1であることを確認しています。なお、本書には、当社グループが事業を行っている市場に関する情報を含む、外部の情報源に由来し又はそれに基づく情報が記述されています。これらの記述は、本書に引用されている外部の情報源から得られた統計その他の情報に基づいており、それらの情報については当社グループは独自の検証を行っておらず、その正確性又は完全性を保証することはできません。

 

当社グループの引渡棟数の推移は、次のとおりです。






















（単位：戸）



2016年

５月期



2017年

５月期



2018年

５月期



2019年

５月期



2020年

５月期



2021年

５月期



2022年

５月期



2023年

５月期



2024年

５月期



2025年

５月期



2026年

５月期







引渡棟数



247



332



376



430



503



814



924



937



1,037



1,124



1,457





 


※2020年５月期から豊栄建設株式会社の実績、2023年５月期から株式会社GALLERY HOUSE（2022年５月に子会社化）の実績、2025年５月期から坂井建設株式会社（2024年12月に子会社化）の2025年１月から３月の実績を追加し、2026年５月期は2025年４月から2026年５月までの14ヶ月の実績を加えております。

 

株式会社ロゴスホーム及び豊栄建設株式会社の販売住宅・ブランドの特徴等は、次のとおりです。













会社名



株式会社ロゴスホーム



豊栄建設株式会社







本社所在地



北海道帯広市東３条南13丁目２番地１



北海道札幌市中央区北８条西12丁目28番地







Misson



家づくりで幸せな家庭を世の中に増やす



住まいの進化と革新を追求し、より多くの人の毎日を豊かにする







主要な販売地域



北海道・東北・北関東・東海地方



北海道







個別運営店舗数

（2026年５月末時点）



ロゴスホーム：24店舗（北海道・東北・北関東・東海地方）

ハウジングカフェ：２店舗（北海道）



豊栄建設：２店舗







共通運営店舗数

（2026年５月末時点）



北海道クラシアム：１店舗（北海道）







主な商品・ブランド



『FORTAGE』『TESSERA』『GUUUS』『TRES』『e-Hikaria』『YETY』



『チャレンジ999』







コンセプト



長期優良住宅認定相当（注）１・高い省エネ性能・適正価格にこだわり、北海道品質（注）２・どの地域でも快適に過ごせる家を提供



価格・品質・サポートにこだわった家を提供







工法



木造枠組壁工法（注）３



木造軸組工法（注）４







その他



「人材の派遣（営業・設計・IC（注）５・工事）」、「人材採用・交流、人材育成支援」及び「札幌エリアの土地情報」等の情報共有を行い、当社グループ間のシナジー効果の向上に取り組んでおります。





 


(注)１．「長期優良住宅の普及の促進に関する法律(2009年６月４日施行)」が施行されたことにより、長期優良住宅としての性能(劣化対策、耐震性、維持管理の容易性等の基準)が定められ、同制度に適合している住宅を購入し、認定を受けることで税制の特例措置(住宅ローン減税、登録免許税、固定資産税等の減免等)を受けることができる制度であります。また、株式会社ロゴスホームの提供している『TESSERA』、『TRES』、『GUUUS』、及び『YETY』は長期優良住宅認定を受けることができますが、認定取得はお客様の判断に依ります。

 

２．北海道の激しい寒暖差・地震・強風等の様々な環境に耐えうる住宅が必要であるため、激しい寒暖差・地震・強風にも強い住宅という意味合いで定義しております。

３．角材で形成された枠材に構造用合板などのパネルを張付けて壁を造り、その壁を組み合わせることにより建物を建築する工法になります。

４．柱や梁などの骨組みを基礎として建築する工法になります。

５．インテリアコーディネーターの略。営業にて、お客様からヒアリングした家族構成やライフスタイル、ご趣味等の情報を引継ぎ、空間デザイン、素材選定（仕様・色決め）をプランニングし、打ち合わせを行います。住設機器、照明・配線、クロス、家具・カーテン等のインテリアコーディネートや図面作成、現場仕上がり確認などの空間デザインに関わる分野を担当いたします。

 

当社グループの営業拠点は、次のとおりです。












会社



店舗







株式会社ロゴスホーム



（ロゴスホーム）

帯広、釧路、中標津、北見、苫小牧、札幌北、札幌南、札幌西、千歳、登別・室蘭、旭川、函館、八戸、仙台泉、名取、奥州、盛岡北、大崎、郡山、福島、いわき、宇都宮、名古屋、四日市

（ハウジングカフェ）

札幌、函館







豊栄建設株式会社



ハウジングラボサッポロ、苫小牧営業所







株式会社ロゴスホーム

豊栄建設株式会社



北海道クラシアム







坂井建設株式会社



（DETAIL HOME）

新潟南長潟、新潟女池、県央、長岡、柏崎、上越

（平屋生活）

県央

（DETAIL BASE）

新潟







株式会社GALLERY HOUSE



（栃木建築社）

宇都宮、真岡





 




※本連結会計年度末現在

※株式会社ロゴスホールディングス、株式会社ROOT LINK、Logos Creative Office Philippines. Inc.には営業拠点はございません。

 

（当社グループの特徴）

当社グループの主要な事業である住宅販売において、①商品開発力、②デジタルマーケティング及び③DX（注）による効率的なオペレーションの主に３つの特徴があり、当社グループの売上の構成要素は、主に注文住宅、分譲住宅、宅地販売及びその他（リノベーション・グループホーム・工務店支援・オフショア等）であり、2026年５月期連結ベースの売上比率は、注文住宅：77.3%、分譲住宅：6.5%、宅地販売：9.9%及びその他：6.3%となっております。

（注）「デジタルトランスフォーメーション」は、デジタルテクノロジーを使用して、ビジネスプロセス・文化・顧客体験を新たに創造（あるいは既存のそれを改良）して、変わり続けるビジネスや市場の要求を満たすプロセスのことです。

 

主な３つの特徴の詳細は以下の通りです。

（１）商品開発力

当社グループ全体で仕入・外注先の見直しや株式会社ロゴスホームにおいてMCB工法（注）１．を用いてモジュール（注）２．を生産する工場を活用等のコストダウン・人員不足の解決を図りながら、各事業会社の新商品開発を当社がサポートする体制を構築しております。

（注） １．一般的に木造建築は、工事現場に材料を運んで建築しますが、当社のMCB工法は、自社工場にて住宅の壁や床を箱型のモジュールに生産して、トラックに積載して運び、工事現場にて基礎の上にクレーンで積み上げて設置していきます。MCBは工場でつくって（Manufacturing）、トラックで運んで（Carry）、現場で建てる（Build）、製造～輸送～建造という建築の流れの頭文字を略したものです。

２．規格化された建築材料の組み立てユニットのことです。

 

当社の商品開発に関する主な特徴は次の３つです。

①省エネ、CO2の削減

当社では、省エネ・CO2削減に貢献する住宅の開発を継続しています。「ハウス・オブ・ ザ・イヤー・イン・エナジー」表彰制度において、株式会社ロゴスホームが４年以上連続受賞企業として「省エネ住宅優良企業賞」、また４年連続で同社の商品が「優秀賞」に選ばれ、本年はさらに「特別優秀賞」も受賞しました。当社の省エネ・CO2削減住宅への長期的な取り組みが評価されました。

②全棟太陽光パネル対応

2018年に発生した北海道胆振東部地震では、北海道電力が復旧宣言するまで「約64時間」も要しましたが、太陽光パネルの発電時は電力を使用できました。当社グループでは、災害への備えとして、太陽光発電システムと併せて家庭用蓄電池の設置に対応しています。また、お引渡し後の設置も対応できます。

③最高等級の耐震性

当社グループでは、全国で頻発する地震災害に備えて全棟において、国土交通省で定められた住宅性能表示制度で最も高い耐震性を表す耐震等級３相当としています。

※国土交通省「住宅性能表示制度の概要（令和５年12月改訂版）」において各耐震等級の具体的な性能は以下の通りとなっております。

等級１ 極めて稀に（数百年に一回）発生する地震による力に対して建物が倒壊、崩壊等しない程度

（＝建築基準法がすべての建物に求めている最低基準）

等級２ 極めて稀に（数百年に一回）発生する地震による力の1.25倍の力に対して建物が倒壊、崩壊等しない程度

等級３ 極めて稀に（数百年に一回）発生する地震による力の1.5倍の力に対して建物が倒壊、崩壊等しない程度

 

また、現在当社グループが販売する主な商品・ブランドは次の通りです。

a 『FORTAGE』

提案力と技術力をコンセプトとした完全自社設計・施工の注文住宅です。木造住宅で厳しい自然にも耐えられる強さを兼ね備えた住宅性能を根底に、品質と価格のバランスのとれたメインブランド「TRES」、さらに高性能な住宅を求める顧客向けの「TESSERA」、多彩なラインナップの設備機器と仕上げ材を選べる「DUO」の３プランを展開しております。

 

 

b 『e-Hikaria』

太陽光パネル×デザイン住宅がコンセプトになっております。ヒートポンプ冷暖房エアコン、LED照明、15年の長期製品保証のある太陽光パネル等の省エネ設備が標準装備となっており、予算・家族の規模に合わせて坪数・間取り・300プラン以上から選べる「豊富なプラン」を有している住宅であります。「e-Hikaria」は、Nearly-ZEH(注)に対応しています。

（注） Nearly-ZEH（ZEHに近い水準を目指した住宅のことを指す。ZEHの３要素である「断熱」「省エネ」「創エネ」のうち、「断熱」「省エネ」の基準はNearly ZEHも同じですが、「創エネ」がZEH基準よりも低く設定されております。ZEHの削減率が100%以上であるのに対して、Nearly ZEHは「創エネ」を加えたエネルギー消費量の削減率が、75%以上100%未満と定められています。）に対応した住宅のことです。

 

c 『GUUUS』

優れた住宅性能とコストパフォーマンスを両立したセミオーダー型のZEH住宅です。太陽光パネルや省エネ設備の標準装備によりランニングコストの低減を実現しています。2×6工法や制震システムの採用で高い耐震性も確保しており、400通り以上の豊富なプラン展開で多様な需要に対応しております。

 

d 『YETY』

耐震等級3の強度とトリプル遮熱による高い断熱性を備えた、耐災性や省エネ性に優れた注文住宅です。北海道の過酷な環境下で培った施工技術を基礎とし、高堅牢な「2×6」とコストパフォーマンスに優れた「2×4」の2工法を展開しています。太陽光パネルの標準搭載により高付加価値化を推進しております。

 

e 『チャレンジ999』

理想の住まいとは「価格」、「品質」、「サポート」が重要であるという考えのもと、分かりやすい料金設定に加えて、在来工法（メタルジョイント（注））を用いた自由設計できる注文住宅を、宅地の提供から戸建住宅の請負、設計、施工、監理を自社で一貫して行うワンストップサービスを提供しております。

(注) 従来の木造軸組工法の継手・仕口を金物(メタルジョイント)に置き換え剛接合にした方式。

 

f その他

上記のほか、注文住宅として『栃木建築社』・『DETAIL HOME』・『平屋生活』・『DETAIL BASE』、リフォーム・リノベーションとして『VINJOY』・『ディテール・リノベ』、障がい者グループホームの建築請負として『ノマリス』等があります。

 

（２）デジタルマーケティング

住宅会社の営業手法は「住宅総合展示場への出展」が一般的です。各住宅会社は、住宅総合展示場に出店するために、他社に見劣りしない豪華なモデルハウスの建築費用、借地料及び展示場の運営費や広告費などのコストを負担することになり、それらコストは販売価格に転嫁されることになります。また、住宅総合展示場は、キャラクターショーやプレゼント配布イベント等を活用することで大量集客を図りますが、来場者を各住宅会社で取り合うことになります。

一方、当社グループは「住宅総合展示場への出展」はしておりません。当社グループは、主にWEB戦略を中心としたデジタルマーケティングによって集客活動を実施しております。必要に応じて現地や交通の看板、地元紙などの広告も活用しますが、営業及びマーケティング活動の安定、営業のコストダウン（注）、営業の省人化などを目的とし、デジタルマーケティングやSNS公式アンバサダー制度を活用して、自社のショールームやモデルハウスに、効率良くピンポイントで集客しております。性別や年齢、地域、アクセスしたページなどの顧客情報を基に属性を分類することで、ターゲットを絞ってアプローチしやすくなり、自社サイトと連動させることなどにより、より効率的に集客するための活動に取り組んでおります。当社グループの顧客層は20～30代の若い世代が中心であり、このようなデジタルマーケティングによるアプローチが効果的であると考えております。

（注）インサイドセールスやSFA（営業支援ツール）・CRM（顧客管理ツール）・MA（マーケティングオートメーション）を活用した集客の効率化によりコストダウンを図っております。

また、より効果的かつ適正な広告配信を可能とするために、リスティング広告・SEO（注）対策に対しての分析を行い、適宜反響・商談単価の改善に取り組んでおります。

競合が入らないため、一般的な「住宅総合展示場」型集客に比べ成約率が高く、集客コストが抑えられることから、価格を安く設定できます。

（注） Search Engine Optimizationの略で「検索エンジン最適化」を意味します。

 

（３）DXによる効率的なオペレーション

広大な北海道に本社がある当社は、移動コストの削減が重要な経営課題です。従前より「移動時間を０にする家づくり」をテーマに、DX・オンライン化を進めてきたことによりコストダウンと生産性向上を実現しています。具体的には、一般的な住宅会社においては、チラシやDMで集客し、営業社員が資料送付や電話掛けを行い、顧客宅へ訪問し打合せ、その後毎日現場で施工管理、点検も毎回訪問となりますが、当社グループにおいては、デジタルマーケティング（ホームページ、SNS、SEO、住宅系ポータルサイト、リスティング広告等）で効率的に集客し、インサイドセールスがアプローチ（問合せには、専門スタッフが返信）、希望者にはオンラインでも打合せを実施（移動時間削減により、他の商談への充当や労働時間の短縮が可能）、施工管理アプリを活用してタイムリーに情報共有、希望者にはオンラインでも点検対応するなど、DXによる効率的なオペレーションに取り組んでおります。"
2060,フィード・ワン株式会社,2026-03-31,"３【事業の内容】

当社グループ（当社及び当社の関係会社）は、提出会社、その他の関係会社１社、子会社16社（全て連結子会社）及び関連会社11社（全て持分法適用関連会社）で構成されております（2026年３月31日現在）。畜産飼料事業として配合飼料の製造・販売、豚・鶏卵の生産・販売等、水産飼料事業として配合飼料の製造・販売、水産物の仕入・販売等、食品事業として食肉・鶏卵の仕入・加工・販売等、その他の事業活動を展開しております。

当社グループの事業に係る位置づけ及びセグメントとの関連は次のとおりであります。なお、セグメントと同一の区分であります。

 

・畜産飼料事業

飼料事業………製品（配合飼料）については、当社が製造するほか、連結子会社の志布志飼料㈱、関連会社の釧路飼料㈱、仙台飼料㈱、鹿島飼料㈱、平成飼料㈱、八代飼料㈱及び他社へ製造委託しております。また、関連会社の門司港サイロ㈱に配合飼料の原料を寄託しております。製品等の販売は、当社が直接又は連結子会社の北海道フィードワン販売㈱、道北協同飼料販売㈱、東北フィードワン販売㈱、鹿島フィードワン販売㈱、北九州フィードワン販売㈱、南九州フィードワン販売㈱、関連会社の㈱北海道サンフーズ及びその他特約店等を通して、一般得意先あるいは連結子会社の㈱第一原種農場、㈱南部ファーム、㈲グリーンファームソーゴ、関連会社の㈱美保野ポーク、マルイ飼料㈱への販売を行っております。

なお、その他の関係会社の三井物産㈱からは、原料を購入し同社に対し製品を販売しております。

 

畜産事業………連結子会社の㈱第一原種農場、㈱南部ファーム、関連会社の㈱美保野ポークが豚の生産・販売、連結子会社の㈲グリーンファームソーゴが鶏卵の生産・販売等を行っております。また、連結子会社の㈲いわき中央牧場が当社の配合飼料の研究目的で酪農事業を行っております。

 

・水産飼料事業

飼料事業………製品（配合飼料）については、当社が製造するほか、他社へ製造委託しております。製品等の販売は、当社が直接又はその他特約店等を通して、一般得意先への販売を行っております。

なお、その他の関係会社の三井物産㈱からは、原料を購入しております。

 

水産事業………当社は、水産物の仕入・販売等を行っております。また、連結子会社の南洋漁業㈱が当社の配合飼料の研究目的で養殖事業を行っております。

 

・食品事業…………連結子会社のフィード・ワンフーズ㈱、㈱横浜ミートが食肉の仕入・加工・販売、連結子会社のマジックパール㈱、ゴールドエッグ㈱が鶏卵の仕入・加工・販売等を行っております。

 

・その他……………当社は、不動産賃貸等の事業を行っております。また、国外において、関連会社のKYODO SOJITZ FEED COMPANY LIMITED（ベトナム）、NIPPAI SHALIMAR FEEDS PRIVATE LIMITED（インド）が飼料の製造・販売を行っております。

 

 

事業の系統図は次のとおりであります。

 

（注）１ 当連結会計年度において、苫小牧飼料㈱及び東北飼料㈱は当社を存続会社とする吸収合併により消滅したため、連結の範囲から除外しております。

２ 当連結会計年度において、八戸フィードワン販売㈱は岩手フィードワン販売㈱（2025年８月１日付で東北フィードワン販売㈱に商号変更）を存続会社とする吸収合併により消滅したため、連結の範囲から除外しております。

３ 当連結会計年度において、東海フィードワン販売㈱は鹿島フィードワン販売㈱を存続会社とする吸収合併により消滅したため、連結の範囲から除外しております。なお、鹿島フィードワン販売㈱は2026年４月１日付で、商号を関東フィードワン販売㈱に変更しております。

４ 当連結会計年度において、空知管理サービス㈱は清算結了したため、連結の範囲から除外しております。"
206A,株式会社ＰＲＩＳＭ　ＢｉｏＬａｂ,2025-09-30,"３ 【事業の内容】

当社は、これまで創薬が困難とされていた標的(Undruggable Targets)を創薬可能(Druggable)にすることで新たな創薬パラダイムを作り出し、治療法のなかった病気を治療することを目標に、新たな創薬基盤を構築して新薬開発に取り組んでおります。

 


(1) 当社のビジネスモデル

当社は、独自の創薬基盤技術である「PepMetics技術」を活用した医薬品の研究開発を行い、製薬会社等と提携、共同研究、導出することにより収入を得る創薬事業を展開しております。

 

当社の事業の系統図は以下のとおりです。(図１)

 




(図１)

 

PepMetics技術を最大限に活用するために、自社で創薬標的を選定してプログラムを創出する自社開発事業と、大手製薬会社の創薬標的に当社の技術を利用してプログラムを創出する、又は自社でヒット化合物を見出して大手製薬会社と共にプログラムを展開する共同開発事業の二つのビジネスモデルを並行して行っております。これにより、限られたリソースで多くの創薬プログラムを生み出すと同時に、技術の発展やノウハウの蓄積の相乗効果も得られます。

 

自社開発事業における製薬会社との主な提携として、エーザイ株式会社(以下、「エーザイ」という。)及び大原薬品工業株式会社(以下、「大原薬品」という。)との導出契約があり、アップフロント、マイルストン、ロイヤリティの収入を得ております。また、共同開発事業では、Merck KGaA社(以下、Merckという。)、Boehringer Ingelheim International GmbH(以下、「BI」という。)、F. Hoffmann-La Roche Ltd.(以下、「Roche」という。)、Genentech, Inc.(以下、「Genentech」という。)、小野薬品工業株式会社(以下、「小野薬品」という。)との提携があり、それぞれ創薬標的を定めてヒット化合物又はリード化合物の探索(*1)を行っております。

 

自社開発事業では、PepMetics技術に適し、かつアンメットメディカルニーズ(いまだに治療法が見つかっていない疾患に対する医療ニーズ)が高い疾患を治癒する可能性の高い創薬標的を選定し、自社でヒット化合物の創出、ヒット化合物から臨床候補化合物(*2)への最適化(Optimization)を行い、臨床試験に入るために動物等で確認する非臨床試験を進めながら開発パートナーとなる製薬会社を探し導出いたします。

プログラムを進めるための資金は自社で負担するため、当初は資金面でも人材面でも投資が必要なことに加え、プログラムが途中で中止になるリスクや、製薬会社のパートナーが見つからないリスクがあります。一方で、プログラムの開発が進むほど価値が高まり、導出できた場合に得られる収入(アップフロント、マイルストン、販売後の売上に対するロイヤリティ)は大きくなります。収入は、適用疾患の市場規模、創薬標的の有望性、開発計画の妥当性、競争相手の有無、化合物の有効性や投与方法等、複合的な要素により決まります。

 

また、自己資金で臨床試験に進める選択肢もあり、投資額は格段に大きくなりリスクも高まりますが、臨床試験で効果が認められれば飛躍的に良い条件で導出できる可能性も高まります。

このように自社開発事業は先行投資を行うハイリスク、ハイリターンのビジネスモデルとなり、成功確率を高めるためには複数のプログラムを持つことが重要になります。当社では、これまで２つのプログラムを日本の製薬会社に導出し、開発の進捗に応じたマイルストンを受け取り、承認されればロイヤリティを受け取ることになっております。現在それに続く新たな３つのプログラムの研究開発を行いつつ、継続的に次の創薬標的の選定を行っております。

 

共同開発事業では、大手製薬会社の創薬標的に当社の技術を利用してプログラムを創出する、又は自社でヒット化合物を見出して大手製薬会社と共にプログラムを展開します。従来は、創薬標的をすでに持っている製薬会社等をパートナーとし、当社のPepMetics技術を活用してヒット化合物を創出し、当社若しくは相手先或いは両社協業にて化合物の最適化を行う創薬基盤技術型の事業を展開しておりました。それに加えて、当事業年度より、当社が創薬標的を提案し、ヒット化合物を取得したうえで、大手製薬会社と共にプログラムを展開する事業を開始しました。これは当社内で創薬標的の選定からハイスループットスクリーニング（HTS）による活性評価の高速化、標的タンパク質と化合物の結合シミュレーションを行う計算化学、タンパク質-PepMetics化合物複合体のX線結晶構造解析を行う生物物理学等の新技術により可能となったものです。

当社はPepMetics化合物の知財と評価可能なライブラリーを有していることに加え、創薬標的に合わせて化合物を合成する独自の技術、ノウハウを持っており、製薬会社が困難とする創薬標的での創薬が期待されております。

収入は、アップフロント、共同研究収入、開発の進捗に応じたマイルストン及び販売後の売上に対するロイヤリティを受け取ります。それらの収入の総額は、自社開発事業に比較すると小さくなりますが、当社側の投資が少なく初めから収益化が見込めることが特徴となっております。共同開発事業の契約金は、過去の創薬の実績や他の技術では探し出せない創薬標的にヒット化合物が創出される期待値、パートナーの開発費予算等の要因から交渉によって決まります。すなわち、実績を積み信頼性が高まるほど期待値が高まり、大きな収入を得られるようになるビジネスモデルであります。今後は年に２件程度の新規契約を目標としてまいります。

 

PepMetics技術を活用して、ハイリスク、ハイリターンの収益モデルである自社開発事業と、安定的で早期収益化が可能な収益モデルである共同開発事業の二つを組み合わせることで、安定的かつ大きなリターンを目指すことが可能になっております。(図２、図３)




(図２)

 












収入の内訳



内容







共同研究収入



共同研究開発の役務及び必要な費用等を受領する収入







契約一時金



アップフロントとも呼ばれ、契約締結時に受領する収入







マイルストン



医薬品開発の進捗に応じて、その節目毎に受領する収入







ロイヤリティ



医薬品の上市後に、販売額の一定料率を受領する収入





 


 

※一般的な低分子による新薬開発の流れ：当社ではこのような一般的な新薬開発の流れに沿って、主に化合物最適化までを実施いたします。














プロセス



期間



内容







標的探索



0.5年



疾病に影響する可能性のある生体分子や生理的機序(メカニズム)を研究し、制御すべきタンパク質等の分子の候補を選び、疾患と標的の関係、評価系の構築難易度、結合様式とPepMeticsの適格性などを評価して創薬標的を選びます。







ヒット化合物探索



１年



創薬標的に対して作用していることを測定する評価系を構築し、候補化合物をスクリーニングして活性のある初期ヒット化合物を見出します。初期ヒット化合物の周辺化合物を合成し、活性を高めると同時に標的に結合しているかを複数の評価系で確認し、ヒット化合物を特定します。







リード化合物探索



1.5年



ヒット化合物をもとに、薬理活性を高め、動物モデルにおいて一定の治療効果が認められるリード化合物を特定します。







リード最適化



1.5年



リード化合物をもとに、更に活性を高めると共に薬に適した物性及び安全性を得られるように最適化を進め、医薬品の原料となる臨床候補化合物を見出します。







前臨床試験



１年



医薬品として可能性のある物質を対象に、動物や細胞を用いて、有効性(薬効)と安全性(毒性)を研究します。







臨床試験(治験)



臨床候補化合物が、安全で実際にヒトに役立つかどうかを調べる最終的な確認が臨床試験(治験)であります。治験は３段階に分かれ、病院等の医療機関で、健康な人や患者を対象に同意を得た上で行われます。







 



第Ⅰ相



1.5年



比較的少数の健康な人を対象に副作用等の安全性について確認します。







第Ⅱ相



2.5年



少数の患者を対象に有効で安全な投与量や投与方法等を確認します。







第Ⅲ相



2.5年



多数の患者を対象に有効性・安全性について既存薬と比較します。







承認申請と承認



1.5年



臨床試験で有効性、安全性、品質等が証明された後に、医薬品許認可審査機関への承認の申請を行い、審査を受けて、それに通過すると「医薬品」として製造することができます。







上市(販売)



―



新薬を製品として製造・販売する。







市販後調査



―



市販後ではより多くの幅広い患者に投薬されるため、開発段階では発見できなかった副作用や正しい使い方の情報が集められます。その情報をもとに、より安全な医薬品の使い方の検討や、より使いやすい医薬品への改善が行われます。





 


(注)１．上記期間は、一般的な新薬開発の流れをイメージとして示すものであり、実際の開発期間は、様々なリスクや不確実性に左右され、上記期間と大きく異なる可能性があります。

２．臨床試験の各相には、前期(a)、後期(b)が含まれる場合があります。

（図３）

 


(2) 当社の技術



① PepMetics技術について

PepMetics技術は、ヘリックス構造(*3)を模倣した低分子有機化合物(*4)によって、細胞内でのタンパク質間相互作用（PPI：Protein-Protein Interaction)(*5）を制御するものです。PepMetics化合物の基本構造は、複数の飽和環状構造(*6)を有する骨格に３個から５個の側鎖(*7)のついた構造で、３次元的に側鎖の位置と方向を制御することで、多種多様なヘリックス構造を高い精度で模倣することが可能となります。

キナーゼ阻害剤に代表されるタンパク質を標的とした従来の低分子による分子標的薬は、小さく深い穴に化合物が入り込むことで強く結合しておりました。ところが、PPIの結合部分のポケットは比較的大きく、従来の手法では十分な結合ができませんでした。

PepMetics化合物は、PPIで最も頻繁に利用されるモチーフであるヘリックス構造のペプチドの一部を模倣する低分子化合物で、比較的大きなポケットに対して複数の接点を確保することで強く結合します。(図４)

 

 




(図４)

 

② 細胞内のPPIの重要性

人の体は複雑に構成、制御され、恒常性を維持し、様々な環境の変化に対応しております。これらは、細胞のレベルで様々なシグナルを発生、伝達、解読し、適切な対応をすることで維持されております。そのためには、多種多様なシグナルを正確に伝えることが必要ですが、その役割を果たしているのがタンパク質(*8)や遺伝子(*9)であります。体内では様々なタンパク質が細胞内外にあってシグナルを伝える役割をしております。シグナルを伝えるタンパク質等が細胞の外にある受容体(*10)に結合することで細胞内のシグナルが起動され、それが細胞内のタンパク質や遺伝子の結合や相互作用の連鎖によって核内に伝えられ、DNA(*11)の適切な部分の情報を読み取ってmRNAを生成し、翻訳機構によって新たなタンパク質が生成されます。

これらのシグナル伝達に重要な役割を果たすのがPPIで、異常をきたすと疾患の原因ともなり、重要な創薬標的となります。(図５)

 




(図５)

 

バイオ医薬(タンパク医薬や抗体医薬)(*12)は、分子量が大きい(高分子)ために細胞の中には入らず、細胞の外や受容体の部分でシグナルを制御しております。一般に、細胞の中に伝えられるシグナル経路は、細胞内で複数の役割を果たすことが多く、細胞外で止めることは目的の作用以外の役割も上流で止めてしまうことになり、副作用が生じやすくなります。細胞内でタンパク質同士の結合を選択的に阻害(制御)して目的の作用のみを止めることは、これまで創薬の分野で重要と期待されながらも方法が確立されておりませんでした。

PepMetics技術では、細胞膜を通過できる低分子化合物を用いて、細胞の中に伝えられたシグナルの下流で治療に必要なシグナルだけを止めることが可能となります。(図６、図７)

 




(図６)

 


《PepMetics技術と従来の創薬技術(バイオ医薬)及び低分子との違い》




出所：Caroline et al. Novel Peptide Therapeutic Approaches for Cancer Treatment、A. Chakrabarti Novel avenues to use peptides as cancer drugs. Exploration of the effect of chemical coupling to polymers & cell-penetrating peptides on bioactivity

(図７)

 


③ PepMetics化合物の特徴

従来の人工合成による低分子では、細胞内でのPPIを制御することは困難とされてきました。一方で、天然物をもとにした薬では、細胞内でのPPIを含む様々な効果が認められております。これは、合成による化合物の場合は多様性を確保しやすい合成ルートを用いる結果、平面的な化合物が多くを占めるのに対し、天然物は３次元的、団子状(Globule)の化合物が多くみられる傾向にあるためです。しかし、天然物は合成が極めて困難で、最適化のための化合物改変の余地も限られるため、創薬の成功は偶然性に依存しており、特定のPPIを標的に創薬をすることは困難とされてきました。

PepMetics化合物の特徴を分析するために、承認された低分子医薬品を主成分分析モデル(PCA分析)で２次元平面に分散させ、合成化合物由来の上市医薬品(黄)と天然物由来の上市医薬品(赤)に分けました。そこに、PepMetics化合物(橙)を重ねわせたところ、PepMetics化合物は天然物由来の医薬品に近い特徴を持った化合物であることがわかります。(図８)

すなわち、PepMetics化合物は通常の低分子化合物のように合成できる一方で天然物の特徴を持つ化合物群で、そのために従来Undruggableとされてきた創薬標的でも多くのヒット化合物を生み出していると考えられます。

 




※論文「Property distributions: differences between drugs, natural products, and molecules from combinatorial chemistry」に記載の方法に従い、上市医薬品、ZINC databaseに登録されている約30,000化合物（従来の化学合成化合物）、PepMetics libraryの約17,000化合物に対して、主成分分析(PCA, principal component analysis)を行いグラフを作成。横軸は第1主成分、縦軸は第2主成分を示す。 (図８)

 

 


④ 多様な化合物空間とライブラリーの有用性

体内では様々なPPIが選択的に制御され、特定のタンパク質やペプチドが、特定の相手に結合することでシグナルを正確に伝えております。

この選択性に重要なのがアミノ酸配列と骨格の形状で、PepMetics化合物では40種類の骨格と、天然アミノ酸と非天然アミノ酸を含む50種類以上のアミノ酸側鎖を自由に組み合わせられる技術を開発いたしました。それにより、例えば４つのアミノ酸をつなげたPepMetics化合物の場合、理論的には２億５千万とおり以上の組み合わせの化合物をデザインすることが可能で、当社はそのような化合物をバーチャルライブラリー(V-Library：Virtual Library)として確保しており、その中で、実際に合成を完了して評価することができるライブラリー化合物(R-Library：Real Library)が２万個以上あります。(図９)

 




※1：3～5個の側鎖をつけることが可能

※2：当社のライブラリーでは、天然アミノ酸20種類に加えて約30種類の非天然アミノ酸を使用

※3：当社では、４０種類以上の骨格を開発し、使用可能 (図９)

 

これらのライブラリーのバーチャルスクリーニングと実際の細胞等を使った評価を行うことで、効率よくヒット化合物を見出し、改良することが可能となると考えております。

 


⑤ 多様な創薬アプローチの開発

当社は、PepMetics技術を多くの創薬標的に活用するために様々なアプローチを開発しました。これにより、製薬会社の多様なニーズに合った研究が進められることになったと考えております。

 

a SBDD アプローチ

創薬標的のタンパク質同士の結合の様式がX線解析等の手法で明らかになっている場合、構造をもとにした分子設計(SBDD: Structure Based Drug Design)が可能です。標的とするポケットに対して、結合するタンパク(リガンド)がどのように結合するかを分析し、PepMeticsに置き換えて結合力を計算します。この手法で、当社のV-Library、R-Libraryを含む化合物のバーチャルライブラリーのスクリーニングを行い、結合する可能性の高い化合物をR-Libraryから選定、もしくはV-Libraryから選定して合成することでヒット化合物を創出いたします。また、ライブラリーにはない化合物もポケットに合わせてデザインし、個別に合成することで成功の確率を高めます。

 

b 配列に基づくアプローチ

標的タンパク質の結合構造がわからない場合には、PepMetics化合物が天然のヘリックス構造を模倣することを利用して、アミノ酸の配列情報から候補化合物を合成し、ヒット化合物を探索することも可能です。

PPIを制御するためにランダムに発生された中分子ペプチド、サイクリックペプチド(*13)等を用いて標的に結合するペプチドを探索する手法が活用されております。しかし、見出されたペプチド(バインダー)をそのままで薬にすることは難易度が高く、低分子に置き換えることが期待されております。また、バインダーが標的のタンパク質にどのような様式で結合しているかが解析できれば上記のSBDDが可能になりますが、ペプチドは様々な構造を持ちうるため、結合様式を予測することが困難な場合が多くあります。

PPIで最もよく使われるのはヘリックス構造で、ペプチドのある特定の部分(連続する３～４個のアミノ酸)がヘリックス構造を形成して相手に結合していると推測することができます。そこで、ペプチドの配列情報から、配列の中の連続する３つのアミノ酸を端から一つずつずらしながら模倣するPepMetics化合物を作ることで、結合構造を模倣できる可能性があります。

この方法を用いて、CTLA-4(cytotoxic T-lymphocyte-associated protein 4:免疫チェックポイントタンパク質)という従来の低分子では困難とされる標的に対して、ヒット化合物を見出す実例を示すことができました。

 

c ライブラリースクリーニング

創薬標的についての情報が少ない場合や標的そのものが限定されない場合には、可能性を最大化するためにライブラリー（R-Library）のスクリーニングを行います。これによって、想定している作用に加えて、異なる部分に作用することで同様の効果を生む(アロステリック効果)化合物の探索も可能になります。

体内でのPPIは65万種類あるといわれていますが、その中で知られているのはほんの一部にすぎません。結合に頻繁に使われるヘリックス構造をもち、多様なアミノ酸配列を模倣するPepMetics化合物を活用することで、想定外の結合様式やPPIの作用を見出す可能性もあります。

 


(3) 当社のパイプライン

当社ではPepMetics技術を活用して、独自のパイプラインの開発を行っております。

 


① CBP／β-カテニン相互作用阻害剤

Wntシグナル伝達経路(*14)は1980年代に発見され、ガンの細胞「増殖」に関係することが知られており、多くの新薬開発の試みがなされました。

正常細胞が細胞分裂の際に同じ細胞に分裂する「増殖」と異なる機能を持った細胞に分裂する「分化」のバランスをとるのに対し、突然変異によりできたガン細胞は異常に「増殖」を繰り返すことで腫瘍となって肥大化します。Wntシグナルは「増殖」を促進するため、Wntシグナルを阻害すれば、ガンが進行しないと考えられました。ところが、Wntシグナルは細胞が「増殖」する際のみならず、「分化」する際にも重要な機能を果たすため、Wntシグナルを止めることは副作用につながります。従来の技術で開発されたWnt阻害剤は細胞外からシグナルそのものを止めてしまうため、強い毒性を示して開発が中止されてきました。PepMetics化合物は細胞の中に入り込んでWntシグナル伝達経路全体の一部だけを止めることで、Wntシグナル全体を止めずに「増殖」を「分化」に切り替えるスイッチの役割を果たします。

Wntシグナルは、細胞の中でβ-カテニン(*15)というタンパク質を通じて伝達されます。細胞核内でβ-カテニンが、CBP(*16)というタンパク質に結合することで、転写が始まり、「増殖」のスイッチが入ります。PepMetics化合物は、この転写因子であるCBPに結合し、CBPとβ-カテニンの結合を阻害します。その結果、β-カテニンはCBPと似た別なタンパク質P300(*17)と結合し、この結合が細胞を「分化」に導く転写を始めます。すなわち、PepMetics化合物はWntシグナル全体を止めることなく、「増殖」を「分化」に切り替えるスイッチの役割を果たすことが可能です。

また、これまでの実験結果から、Wntシグナル伝達経路はガンのみならず線維症(*18)等の他の疾患分野にも深く関連することが知られており、様々な疾患での創薬に結び付ける開発を進めております。

 


a E7386

エーザイとの共同研究で見出された化合物で、当社の研究成果をエーザイに導出しました。

エーザイにより臨床試験を実施しており、2021年11月には臨床試験におけるPOCを達成いたしました。現在、第Ⅱ相臨床試験を実施しており、単剤、レンバチニブとの併用、ペムブロリズマブとの併用試験を実施しております。(図10)

 




 

※1：E7386はエーザイと共同創製した化合物

※2：CR, complete response; dMMR, mismatch repair deficient; MMR, mismatch repair; NE, not evaluable; PD, progressive disease; pMMR, mismatch repair proficient; PR, partial response; SD, stable disease; RECIST, response evaluation criteria in solid tumors.

出所：European Society for Medical Oncology：（ESMO）年次総会（ESMO Congress 2025）ポスター発表（2025年10月17日～10月22日）

※3：本剤は、エーザイが創製し、エーザイと Merck & Co., Inc., Rahway,NJ, USA が提携契約のもと、共同開発および共同商業化を行っています (図10)

 

 

 


b PRI-724

Wntシグナル伝達経路のCBP/β-カテニンの結合を阻害し、様々な線維症に対する効果が示されております。

2014年から肝硬変患者に対する臨床試験を開始し、2018年に大原薬品に導出しました。国立研究開発法人日本医療研究開発機構(AMED)の医療研究開発革新基盤創成事業(CiCLE)に採択されて臨床試験が進められております。(図11)

 




出所：Kiminori Kimura et al. Safety, tolerability, and anti-fibrotic efficacy of the CBP/β-catenin inhibitor PRI-724 in patients with hepatitis C and B virus-induced liver cirrhosis: An investigator-initiated, open-label, non-randomised, multicentre, phase 1/2a study（DOI: 10.1016/j.ebiom.2022.104069） （図11）

 

Ｃ型肝炎（HCV）及びＢ型肝炎（HBV）による肝硬変患者を対象とする第Ⅰ相及び第Ⅱa相臨床試験は2021年７月に終了し、肝硬度、肝予備能、及び血清アルブミンレベルの統計的に有意な改善が観察されました。これにより、AMEDのCiCLEの中間評価では「PhaseⅡa試験において有効性を確認でき、安全性上の懸念も少ないことから、次相試験の実施が可能と考えられ、今後も計画とおりに進捗することが期待される。」との評価結果を得て、2023年７月よりMASH(代謝機能障害関連脂肪肝炎、旧名：非アルコール性脂肪肝炎（NASH）)による非代償性肝硬変患者も対象に加え、多施設共同プラセボ対照無作為化二重盲検比較臨床試験（PhaseⅡ）が開始されております。

 

 

② その他自社プログラム : 細胞内の翻訳機構を制御する化合物

その他進行中の自社プログラムのひとつとして、「翻訳」に関わるタンパク質であるeIF4EとeIF4G(*19)の結合を制御する化合物(FEP)の開発を進めております。

ガンに関係する様々な細胞内シグナル伝達経路の終末で作用点であるCAP依存性翻訳複合体(CAP複合体)は、mRNAの情報からタンパク質を生成する役割を持っております。このCAP複合体を構成するeIF4EとeIF4Gの結合を阻害することで、ガンの増殖に必要なタンパク質の合成を止める仕組みです。

本来、この結合を調整する制御因子として4E-BP1というタンパク質がeIF4Eに結合することで過度な翻訳が制御されておりますが、ガン細胞では上流のPI3K/Akt/mTOR経路が活性化され、4E-BP1の機能が無効化されております。そこで、当社はPepMetics技術を用いて4E-BP1の模倣化合物を作り、過度な翻訳を制御することに成功いたしました。

実際にはいくつかのガン種において、この経路が特に活性化されていることが報告されております。たとえばTNBC(トリプルネガティブ乳ガン)では約42％、膀胱ガンでは約43％の患者様において本経路が活性化されており、4E-BP1の模倣化合物はこれらガンに対する分子標的薬として期待されております。アメリカ・日本・ヨーロッパ主要国でのこれら活性化されている対象患者数は、TNBCで約13万人、膀胱ガンで約11万人と見積もることができ(Datamonitor Healthcare® Patient-based market forecastによる)、更にはこれらガン腫に対する分子標的薬が無いことから、マーケット的に大きなインパクトがあります。

一方で従来すすめてきたeIF4E/eIF4G阻害剤に加えて、新たに創薬分子標的の選定を行い、複数のプログラムを進めております。成功確率が著しく低い創薬研究において継続的に新薬を創出するためには、バランスの取れた健全なプログラムポートフォリオの構築が必須となります。また、複数のプログラムを並行して走らせることにより、プログラムをストップする健全な判断がより容易となります。当社は、創薬標的の選定において、Scientific Advisory Board(科学的なアドバイスをする諮問委員会)からの助言を得ることにより成功確度をより高めるよう努めております。

 

以上のように、PepMetics化合物を用いることで、これまで制御困難とされてきた創薬が極めて困難な標的に対して様々な創薬プログラムを立ち上げております。(図12、図13)

 




出所：Capital IQ (図12)

 




出所：Capital IQ (図13)

 

 


(4) 当社の事業の可能性

新薬を作り出す歴史では、技術革新によって新たな創薬手法を生み出すパラダイムシフトが幾度となくあり、その度にそれまで不治とされていた病気に治療方法が生み出されております。天然物を煎じた薬に始まり、19世紀初頭に有効成分のみを抽出する技術によって薬効が高まり、19世紀末に人工的な合成技術によって低分子化合物医薬品(アスピリン)が生まれ、約一世紀にわたって低分子創薬の時代が続きました。20世紀末に高分子のバイオ医薬品(ヒトインスリン)が実用化されたことを皮切りに、抗体医薬品、免疫チェックポイント阻害剤、核酸医薬(mRNA等)等、それまでの常識を覆す技術が発明されることで、医薬品は飛躍的な発展を繰り返してまいりました。また、そのようなパラダイムシフトを牽引したバイオベンチャーは飛躍的に成長し、大手製薬会社と肩を並べる規模に成長しております。(図14)




(図14)

 

細胞内PPI阻害薬はこれまで三つしか承認されておらず(ベネトクラクス：Abbvie社、レブメニブ：Syndax社、ジフトメニブ：Kura Oncology社/協和キリン社)、その開発は極めて困難とされてきましたが、PepMetics技術により新たな創薬分野を切り開く可能性を持っていると当社は考えており、そのための技術確立と活用を目指しております。

当社の開拓する細胞内PPI創薬の可能性を示すために、同様に低分子である酵素(キナーゼ)阻害剤との比較を以下に記載いたしました。キナーゼ阻害剤が創薬標的の数や薬のメカニズム(作用機序)、適応症が限定されるのに比べ、細胞内PPI阻害剤はより大きな可能性を持つと考えております。(図15)

 




出所：※１ Robert Roskoski Jr Properties of FDA-approved small molecule protein kinase inhibitors:

            A 2023 update (DOI.org/10.1016/j.phrs.2022.106552)

※2 Douglas R. Green A BH3 Mimetic for Killing Cancer Cells (DOI:  10.1016/j.cell.2016.05.080)

     細胞内、細胞外を含む

※3 Datamonitor Healthcare

※4 AbbVie社により見出されたPPI阻害剤。BCL2タンパク質とBAXタンパクのPPIを阻害し、ガン細胞の細胞死を引き起こす事により、抗腫瘍効果を示す     (図15)

 


(5) 当社の優位性

当社でのPepMetics技術は下記の優位性を保持しており、PPIを狙った低分子創薬において競合優位性を保持しております。

 


① 有機合成

当社はPepMetics化合物の特許を取得していることに加え、他社が容易に追随できない合成ノウハウを蓄積しております。これまで３万以上のPepMetics化合物を合成した実績があり、成功例だけでなく失敗例を含めた反応実績を全て社内データベースで容易に参照可能となっております。これにより、天然物様の立体的で複雑な構造を有するPepMetics化合物の合成を、通常の平面来な低分子化合物の合成のように簡便かつ効率的に合成可能とする体制を整えております。

 


② 生物学・生物物理学

当社は生物学及び生物物理学の機能を拡充しております。具体的には、生物評価系設備として自社内でPepMeticsライブラリー化合物の評価を高速で行うハイスループットスクリーニング（HTS）を稼働し、早期にヒット化合物を見出す体制を構築しております。更に、PPI標的タンパク質の高次構造の予測やリガンドとの結合シミュレーションを行う計算化学、タンパク質-PepMetics化合物複合体のX線結晶構造解析による結合様式の解明を行う生物物理学の手法を確立して適用することにより、PepMetics化合物の創薬における探索規模の拡大と高度化を進めております。これにより当社は、共同開発事業におけるライブラリー化合物を提供するのみならず、PepMetics化合物のデザイン及び最適化合成、PPI活性評価、腫瘍細胞の試験管内（in vitro）及び動物（in vivo, Xenograft等）薬効評価までの一連の創薬プロセスを自社で行う体制を構築し、創薬開発のスピード化による自社開発事業の拡充と、多様化する相手先企業のニーズに応える創薬提案を行える組織を編成しております。

 


③ AI

当社では進展著しいAI(人工知能)技術をPepMetics化合物へ応用しております。多様な側鎖のバリエーションが可能な一方で限られた骨格群を有するPepMetics化合物は、無限に空間が広がる通常の製薬会社の低分子化合物よりもAIと相性が良いことが期待できます。この特性を活用し、当社ではPepMetics化合物に特化したADMET(化合物の吸収、分布、代謝、排泄、毒性)のAI予測モデルを構築・実用化しております。自社独自で保有するPepMetics化合物群のデータに基づき、高精度でのAI予測が可能です。

さらに、標的となるタンパク質のPPIの結合部分の構造とこれまでのPepMetics化合物に関する知見を基に、AIによる候補化合物の探索も進めており、すでにいくつかの成果が見られております。

自社プログラムや共同プログラムにおいて実績を残しているのみならず、他者が保有できない独自のAI技術として今後のさらなる深化、発展が見込まれます。

 

<用語解説>

 

*1 探索

創薬研究の最初の段階として、医薬品の元となる生理活性をもつ物質を探索する研究段階があります。この研究を一般的に探索研究と呼びます。

 

*2 臨床候補化合物

臨床試験の候補となる化合物です。創薬研究の探索段階において見出した初期化合物を、有効性や安全性など様々な側面から改良し、臨床候補化合物を創出します。

 

 *3 ヘリックス構造

生物学において、タンパク質や核酸といった生体高分子の主鎖の部分的な立体構造を二次構造と言います。ヘリックス構造は、二次構造のうちヘリックス(螺旋)状の構造をとるものです。

 

*4 低分子有機化合物

分子量の小さい有機化合物です。一般的に分子量が900以下のものを指します。

 

 *5 タンパク質間相互作用(PPI)

複数のタンパク質分子が状態に応じて特異的複合体を形成する現象です。

 

*6 飽和環状構造

主に有機化学において原子が環状に結合し、かつ単結合のみで構成される構造を飽和環状構造と言います。

 

*7 側鎖

鎖式化合物の分子構造で、最も長い炭素原子の連鎖(主鎖)から枝分かれしている部分です。

 

*8 タンパク質

アミノ酸が鎖状に多数連結(重合)してできた高分子化合物であり、生物の重要な構成成分の一つです。ヒトでは20種類のアミノ酸からタンパク質が構成されます。構成するアミノ酸の数や種類、また結合の順序によって種類が異なり、分子量約４千前後のものから、数千万から億単位になるウイルスタンパク質まで多種類が存在します。連結したアミノ酸の個数が少ない場合にはペプチドと言い、これが直線状に連なったものはポリペプチドと呼ばれることが多いです。タンパク質は、炭水化物、脂質と共に三大栄養素と呼ばれ、身体をつくる役割も果たしております。

 

*9 遺伝子

遺伝子とは人間の体をつくる設計図に相当するものです。ヒトには約２万個の遺伝子があると考えられております。人間の身体は、細胞という基本単位からなっております。この細胞の核と呼ばれる部分に染色体があり、この中のDNAが遺伝子として働いております。人間の身体は、この遺伝子の指令に基づいて維持されております。

 

*10 受容体

受容体とは、細胞膜表面、細胞質、又は核内に存在し、物理・化学的な刺激を認識して細胞に応答を誘起するタンパク質を言います。受容体は細胞での場所で、以下のように大きく二つに分けられます。

(1) 核内受容体(細胞内受容体とも言います)

細胞膜を自由に通過できる脂溶性ビタミンA、Dやステロイドホルモンや甲状腺ホルモン等の脂溶性の物質を受容します。これらのリガンド(情報伝達物質)により核内のDNAの特定配列に結合し転写して、必要なタンパク質を合成して生体反応を引き起こします。

(2) 細胞膜(貫通型)受容体

ペプチドホルモン、細胞伝達物質、増殖因子等の細胞膜を通過できない水溶性の物質を膜表面で受容します。

 

*11 DNA

DNAはヒトの細胞では、核の中の染色体にあり、A(アデニン)、T(チミン)、G(グアニン)、C(シトシン)の４種類の部品でできております。DNA中ではAとT、GとCが結合していて、その結合の対を塩基対と言います。DNAは、はしごをひねったような形をしていて、核の中の染色体の中に折りたたまれて入っております。DNAを簡単に言うと、私たちの体を作る設計図と言えます。

 

*12 バイオ医薬

組み換えDNA技術、細胞融合法、細胞大量培養法等のバイオテクノロジーで製造された医薬品。(1)組み換えDNA技術によるたんぱく質性医薬品(ホルモン、酵素、抗体等)、(2)遺伝子治療に用いる遺伝子組み換えウイルス、(3)培養皮膚等の細胞性治療薬、(4)RNAやDNAの断片そのものを用いる核酸性医薬品等です。日本で最初に承認されたバイオ医薬品は、組み換えDNA技術によるヒトインスリン(1985年)。ゲノム科学、ゲノム創薬の進展により、バイオ医薬品の研究開発が国際競争となっております。

 

*13 中分子ペプチド、サイクリックペプチド

中分子ペプチドは数個から十数個のアミノ酸からなる化合物、サイクリックペプチドは環状構造を持つ化合物で、どちらも新たな創薬モダリティとして注目されています。

 

*14 Wntシグナル伝達経路

胚発生、ガン、線維化などを制御するタンパク質のネットワークです。創薬標的として広く研究されています。

 

*15 β-カテニン

核内で他の様々な転写因子と結合して、細胞の増殖あるいは分化に関与する遺伝子の転写を制御します。

 

*16 CBP

CREBBP(CREB-binding protein、サイクリックAMP反応性エレメント結合タンパク質)とも称される、転写を調節するコアクチベーターとよばれる因子の一つです。β-カテニンと結合し、他の多くの転写因子とも協同しながら様々な遺伝子の転写活性を調整します。

 

*17 P300

CBPと類似の構造・機能をもち、転写を調節するコアクチベーターとよばれる因子の一つです。多くの転写因子と結合して基本転写因子の活性を制御する性質をもつタンパク質です。

 

*18 線維症

内臓等の組織を構成している結合組織と呼ばれる部分が異常増殖する現象により、たとえば、心筋に線維化が生じたときには心臓の働きに異常が起き、呼吸困難や心悸亢進(動悸)等の症状が出ます。また関節リウマチにおける骨の萎縮や変性、肝臓全体の線維化を示す肝硬変の病態等も、結合組織が線維化した例としてよく知られております。

 

*19 eIF4E、eIF4G

eIF4E、eIF4GはメッセンジャーRNA(mRNA)に結合して翻訳を調節することで細胞の成長や増殖に関与する因子であり、その過剰発現により細胞のガン化が誘導されることも知られています。ガン細胞はその急速な成長のために通常の細胞に対する成長制御を回避する必要があり、その回避策の一つとしてeIF4E、eIF4Gを過剰に活性化させるなどの方法により、タンパク質合成を制御する仕組みに発ガン性変化を起こさせることが挙げられます。eIF4E、eIF4Gを阻害することでガン細胞の成長促進を妨げるための研究が進められています。"
208A,株式会社構造計画研究所ホールディングス,2025-06-30,"３【事業の内容】

当社グループは、主に当社及び連結子会社５社及び持分法適用の関連会社２社により構成され、主にエンジニアリングコンサルティング及びプロダクツサービスの事業を行っております。

当社グループの事業における位置付け及びセグメントとの関連は次のとおりであります。

なお、以下に示す区分は、セグメント情報と同一の区分であります。

 

（１）エンジニアリングコンサルティング

・構造設計・構造解析コンサルティング：高層建築設計、大規模建築物の構造解析、風力発電設計

・環境評価・防災コンサルティング：地震動評価、風況解析、災害リスク評価

・住宅・建設分野のシステム開発：ＣＡＤ・ＢＩＭ・構造計算を含むシステム開発

・意思決定支援コンサルティング：社会シミュレーション、事業評価、最適化

・情報通信技術コンサルティング：通信ネットワーク・電波伝搬・電磁界シミュレーション

・製造技術コンサルティング：流体・粉体シミュレーション、生産技術の最適化

（主な関係会社）株式会社構造計画研究所、株式会社KKEスマイルサポート、株式会社PARA-SOL

 

（２）プロダクツサービス

・製造業関連：ＣＡＥ、熱流体解析、粒子法、粉体解析、営業支援ソリューション等

・建築・土木関連：建築構造物解析、地盤解析等

・情報通信関連：電波伝搬解析等

・その他・業界横断：社会シミュレーション、リスク評価、最適化、人流計測等
メール配信(Twilio SendGrid)※、屋内デジタル化プラットフォーム(NavVis)※
クラウド型入退室管理プラットフォーム(RemoteLOCK)※等
※はクラウドサービス

（主な関係会社）株式会社構造計画研究所、International Logic Corporation、株式会社リモートロックジャパン、株式会社KKEスマイルサポート、株式会社PARA-SOL、RemoteLock,Inc.、KoreLock,Inc.

 

事業の系統図は、次のとおりであります。"
2108,日本甜菜製糖株式会社,2026-03-31,"３ 【事業の内容】

当社グループは、当社、子会社５社及び関連会社１社により構成されており、その事業は、ビート糖、精糖、イースト、オリゴ糖等食品素材、配合飼料、紙筒（移植栽培用育苗鉢）、農業用機械器具等の製造販売、物流を主な内容とし、さらに不動産事業、石炭・石油類及び自動車部品の販売、スポーツ施設の経営を行っております。

当社グループの事業に係わる位置付け及びセグメントとの関連は、次のとおりであります。

なお、以下に示す区分はセグメントと同一の区分であります。

 

砂糖事業

ビート糖、精糖、ビート糖蜜、精糖蜜、ポケットシュガーは当社が製造（精糖及び精糖蜜は関門製糖㈱に製造を委託）し、販売代理店を通じて各得意先に販売しており、うち一部は子会社ニッテン商事㈱を通じて販売しております。なお、ビート糖製造の燃料である石炭・石油類の一部を子会社スズラン企業㈱を介して購入し、また、ビート糖原材料及び製品ビート糖の輸送・保管の一部を子会社十勝鉄道㈱が行っております。

 


食品事業

イースト、オリゴ糖、ベタインなどは、当社が製造し販売しており、うち一部は子会社ニッテン商事㈱を通じて販売しております。

子会社ニッテン商事㈱は食品の仕入れ販売を行っております。

 

飼料事業

配合飼料は、関連会社とかち飼料㈱に製造を委託し、当社が販売しております。なお、配合飼料の輸送の一部を、子会社十勝鉄道㈱が行っております。

ビートパルプは当社が製造し販売しております。

 

農業資材事業

紙筒（移植栽培用育苗鉢）、種子などは当社が製造し販売しております。

農業機材（農業用機械器具及び農業資材）は当社が仕入れ販売しております。

子会社サークル機工㈱にて、ビート用移植機を中心とした農業用機械器具の製造販売等の事業を行っております。

 


不動産事業

当社及び子会社スズラン企業㈱は、社有地に商業施設等を建設し賃貸するなどの不動産事業を行っております。

 

その他の事業

子会社十勝鉄道㈱は、貨物輸送事業を行っており、当社のビート糖原材料、製品ビート糖及び配合飼料等の輸送の一部を行っております。また、倉庫業として主に当社製品ビート糖の保管を行っております。

子会社スズラン企業㈱は、石炭・石油類及び自動車部品の販売を行っており、その一部を当社へ販売しております。また、保険代理業、スポーツ施設等の営業も行っております。

 

 

事業の系統図は次のとおりであります。

 




 

〇印は連結子会社、※印は関連会社で持分法適用会社であります。"
2109,ＤＭ三井製糖株式会社,2026-03-31,"３【事業の内容】

当社グループは、当社を含め、連結子会社17社及び持分法適用関連会社10社の計28社を中心に事業を行っており、原料糖、精製糖及びてん菜糖並びに砂糖関連商品、機能性食品の製造販売等の「砂糖事業」を主体としております。また、食品香味料、食品用天然色素、寒天、栄養療法食品及び嚥下障害対応食品等の製造販売等の「ライフ・エナジー事業」並びに不動産の賃貸及び太陽光発電による電気の供給・販売を中心とした「不動産事業」を行っております。

各事業における、当社、連結子会社及び持分法適用関連会社の主要な事業の内容は、以下の通りであります（※印は持分法適用関連会社）。事業区分はセグメントの区分と同一であります。

事業区分

当社、連結子会社

及び持分法適用関連会社

主要な事業の内容

砂糖事業

ＤＭ三井製糖㈱

精製糖、砂糖関連商品及び機能性食品の製造・販売

北海道糖業㈱

ビート糖及び機能性食品等の製造・販売

スプーンシュガー㈱

砂糖の包装・荷役・製袋、加工糖の製造

生和糖業㈱

原料糖の製造・販売

㈱ディーツーモンドシュガー・カンパニー

持株会社

石垣島製糖㈱

原料糖の製造・販売

鳳氷糖㈱

氷砂糖の製造・販売

日糖産業㈱

紙袋・合成樹脂製品の製造・販売

関門製糖㈱

砂糖の製造加工

SIS'88 Pte Ltd

精製糖コンシューマーパック事業

Asian Blending Pte Ltd

加工糖等の販売

SIS MIDDLE EAST INVESTMENT L.L.C

精製糖コンシューマーパック事業

Asian Blending LIMITED LIABILITY COMPANY

加工糖等の製造

南西糖業㈱ ※

原料糖の製造・販売

宮古製糖㈱ ※

原料糖の製造・販売

箱崎ユーティリティ㈱ ※

蒸気・電気等の供給事業

甲南ユーテイリテイ㈱ ※

蒸気・電気等の供給事業

新東日本製糖㈱ ※

砂糖の製造加工

関西製糖㈱ ※

砂糖の製造加工

Kaset Phol Sugar Ltd. ※

原料糖の製造・販売

中糧糖業遼寧有限公司 ※

精製糖の製造・販売

遼寧長和制糖有限公司 ※

精製糖及び加工糖の製造・販売

ライフ・

エナジー

事業

ＤＭ三井製糖㈱

グループ事業開発及び研究開発

㈱タイショーテクノス

食品添加物等の製造・販売

北海道糖業㈱

バイオ事業（発酵製品、工業製品及び医薬品の製造、加工並びに販売）

ニュートリー㈱

栄養療法食品及び嚥下障害対応食品などの開発、製造及び販売

㈱YOUR MEAL

ライフスタイルサポート事業、宅配弁当事業

サクラ食品工業㈱ ※

食品等の製造・販売

不動産事業

ＤＭ三井製糖㈱

不動産の賃貸及び太陽光発電による電気の供給・販売

明糖倉庫㈱

発券倉庫、構内荷役、運搬

ナカトラ不動産㈱

不動産賃貸

 

［事業の系統図］

当社、連結子会社及び持分法適用関連会社の主な事業の系統図は、以下の通りであります。"
2112,塩水港精糖株式会社,2026-03-31,"３ 【事業の内容】

当社グループは、当社、子会社２社及び関連会社４社により構成されており、砂糖事業・バイオ事業を主な事業としております。

当社グループ各社の事業に係る位置付けは、次のとおりであります。














（砂糖事業）



 







  砂糖製品



……



当社（太平洋製糖株式会社、関西製糖株式会社及び株式会社ナルミヤにそれぞれ加工を委託）が製造し、主に株式会社パールエースが販売。







（バイオ事業）



 







  バイオ製品



……



当社（関西製糖株式会社に加工を委託）が製造し、株式会社パールエースが販売。







（その他）



 







  その他



……



当社所有のニューＥＳＲビル（東京都中央区日本橋堀留町二丁目９番６号）の一部を第三者へ賃貸





 


 

上記の事項を事業系統図で示すと、次のとおりであります。

 




（注）※１ 連結子会社

※２ 関連会社で持分法適用会社"
2114,フジ日本株式会社,2026-03-31,"３ 【事業の内容】

当社グループ(当社及び当社の関係会社)は、当社、連結子会社６社、関連会社７社によって構成されております。当社グループは、糖類、機能性素材、不動産に関する事業を展開しております。
当社グループの事業内容及び各事業における当社グループ各社の位置付けは以下のとおりであります。

なお、当連結会計年度の期首より事業名称を従来の「精糖」から、「糖類」に変更しております。当該変更は名称変更のみであり、セグメント情報に与える影響はありません。

また、2025年４月１日付で組織変更を実施し、経営管理区分を変更いたしました。詳細は、「第５ 経理の状況 １ 連結財務諸表等（1）連結財務諸表注記事項（セグメント情報等）」に記載のとおりであります。

(1)糖類

当社は精製糖、砂糖関連製品の製造販売を行っております。また、関連会社である南栄糖業株式会社は鹿児島県で粗糖の生産を行っており、当社はその一部を購入しております。また、関連会社である太平洋製糖株式会社は、当社を含む同業他社から委託を受け、精製糖の製造を行っております。
なお、連結子会社であるフジ日本商事株式会社は、当社が製造した精製糖、液糖及び糖蜜の販売並びに国産原料糖の仕入を行っております。

(2)機能性素材

①食品添加物事業

当社は、食品添加物の製造加工、販売を行っております。

②機能性食品事業

当社及び連結子会社であるFuji Nihon Thai Inulin Co.,Ltd.は、機能性食品素材「イヌリン」の製造販売を行っております。

当社及び連結子会社であるフジ日本商事株式会社は果汁、香料等各種機能性食品素材の仕入販売を行っております。

連結子会社であるユニテックフーズ株式会社においては、「ペクチン」「ゼラチン」等の天然添加物素材の仕入販売を行っており、韓国の連結子会社であるUNITEC FOODS KOREA Co.,Ltd.は機能性食品のブレンド製造販売を行っております。また、連結子会社である株式会社Tastableは、プラントベーストミートの製造販売を行っております。また、関連会社である上海唯霓食品有限公司は、機能性食品の製造販売を行っております。

(3)不動産

当社が所有する土地建物の賃貸及びその他不動産関連事業を行っております。

(4)その他

報告セグメントに含まれない事業セグメントであり、当社は切花活力剤「キープ・フラワー」の製造販売を行っております。

 

以上に説明した事項を事業系統図によって示すと次のとおりであります。"
2117,ウェルネオシュガー株式会社,2026-03-31,"３【事業の内容】

当社グループは、当社、子会社10社および関連会社12社により構成されています。

 

主要な事業内容は以下のとおりです。

（Sugarセグメント）

・精製糖事業：主に砂糖を製造・販売しております。

 

（Food＆Wellnessセグメント）

・フードサイエンス事業：主に機能性素材やその他甘味料を製造・販売しております。

・フィットネス事業：主にフィットネスクラブを運営しております。

 

各事業を主に構成する当社グループ各社の主要な事業の内容は以下のとおりです。

なお、次の２部門は「第５ 経理の状況 １ 連結財務諸表等 （１）連結財務諸表 連結財務諸表注記」に掲げるセグメントの区分と同一です。

当社、子会社および関連会社

主要な事業の内容

セグメント

Sugar

Food＆Wellness

ウェルネオシュガー㈱

砂糖および機能性素材の製造、販売

〇

〇

東洋精糖㈱

砂糖および機能性素材の製造、販売

〇

〇

トーハン㈱

砂糖および機能性素材の販売

〇

〇

新豊食品㈱

砂糖等の加工および包装

〇

〇

日新サービス㈱

合成樹脂等の販売

〇

 

シー・アンド・エス・サービス㈱

中部工場内の設備点検、管理

〇

 

ツキオカフィルム製薬㈱

箔押製品・食用純金箔製品・可食フィルム製品の開発、製造、販売

 

〇

㈱日新ウエルネス

フィットネスクラブの運営

 

〇

ニューポート産業㈱

冷蔵倉庫・港湾運送業の運営

 

〇

新東日本製糖㈱

砂糖の製造

〇

 

太平洋製糖㈱

砂糖の製造

〇

 

新光糖業㈱

国産分蜜糖の製造、販売

〇

 

南栄糖業㈱

原料用粗糖の製造、販売

〇

 

久米島製糖㈱

原料用粗糖の製造、販売

〇

 

新中糖産業㈱

不動産の賃貸および取引

〇

 

宮古製糖㈱

原料用粗糖の製造、販売

〇

 

衣浦埠頭㈱

原料糖・穀物の荷役、保管

〇

 

衣浦ユーティリティー㈱

蒸気・電気・用水の供給、排水の処理、役務の提供

〇

 

ツルヤ化成工業㈱

甘味料を中心とした添加物、各種食品素材、健康食品、高機能性食品等の製造および販売

 

〇

 

以上に述べた事項の概要図は次のとおりです。"
211A,株式会社カドス・コーポレーション,2025-07-31,"３ 【事業の内容】

当社は、「お客様の発展を願うことが我社の発展の鏡と心得、共生と共栄を目指します」の企業理念のもと、「この街にこんなお店があれば便利だな」「この街にあのお店ができれば嬉しいな」という地域の声を形にし、地域の街づくりに貢献する企業のひとつとして、地域の価値向上を目指した事業を行っております。具体的には建設事業と不動産事業の２つを柱とする事業展開を行っております。両事業の区分は「第２ 事業の状況」や「第５ 経理の状況」において示すセグメントの区分と同一であります。各事業の具体的内容は次のとおりであります。

 

（１）建設事業

当社は、建設事業として、山口県・広島県を中心に主として流通店舗の設計施工を行っております。なお、当社は元請を主としており、実際の施工は当社の協力会社（下請会社）が行っております。

創業以来、土地の有効活用を希望する土地オーナーの情報、事業に適した用地の情報、新しい事業展開のために拠点を求めるテナント企業の情報を収集してまいりました。これらの情報をもとに、土地オーナーとその土地に適したテナント企業を引き合わせ、双方のニーズをつなげることで建築工事の受注に結び付けるビジネスモデルを「カドスＬＡＮシステム」と呼び、当社にとって強みと言えるビジネスモデルであると考えております。これにより、土地の特性に合わせた最適な事業プランの提案から店舗の設計施工、テナント企業の出店までをトータルプロデュースしております。なお、社名の「ＣＡＤＯＳ」は、「Ｃｏｎｓｔｒｕｃｔ＝建設」「Ａｒｃｈｉｔｅｃｔｕｒｅ＝建物」「Ｄｅｓｉｇｎ＝設計」「Ｏｆ」「Ｓｕｒｖｅｙ＝測量」の頭文字を組み合わせて命名したものであり、「カドスＬＡＮシステム」の「ＬＡＮ」は、「Ｌａｎｄ＝土地」「Ａｐｐｌｉｃａｔｉｏｎ＝活用」「Ｎｅｔｗｏｒｋ＝情報網」の頭文字を組み合わせて当社が作った造語です。いずれも、土地活用の提案から設計・施工までをトータルプロデュースするという、当社の事業スタンスを意図して表現しております。

競合企業の多くが、テナント企業の出店が決定した案件の施工を請負うことに集中しているのに対し、当社は創業当初から土地を活用したい土地オーナーへのアプローチを進め、活用することについて、土地オーナーから承諾を得た土地の情報を店舗設計図案とともにテナント企業に紹介し、土地の賃貸借契約につなげるマッチングを進めてまいりました。その結果、出店用地を探したいテナント企業の評価や土地を活用したいと考える土地オーナーの認知度も高めることができました。土地オーナーとテナント企業のマッチングは、テナント企業からの特命受注につながり、競合他社との価格競争も回避できております。また、当社は、店舗施工後においても物件の修繕対応や物件の土地オーナーとの関係性構築を行っております。土地オーナーとの関係性構築の一環として、土地オーナーそれぞれに管理番号を設定のうえ賃貸借契約管理書（管理カード）の発行を行っており、管理番号により物件名や担当者を即時に把握し、適切な対応を行えるようにしております。当社では、賃貸借契約締結後においても、土地オーナーに直接テナント企業から連絡があった場合には内容を確認し、テナント企業との面談に同席を行うなど、必要なアドバイスも行っており、また土地オーナーが所有する他の土地の相談等に応じるなど、土地オーナーのアフターケアを行うことで、賃貸借契約満了時には当社で新たな土地活用方法を提案し、永続的なトータルコーディネートを行うべく事業を推進しております。上記の賃貸借契約管理書（管理カード）を発行したオーナーを施工物件土地オーナーとして管理しており、2025年７月期末現在の管理数は303人(社)となりました。また、当社が土地オーナーから土地活用の依頼を受け、テナント企業に土地の紹介と出店の提案を行い、出店の合意をもとに土地オーナーとテナント企業が土地賃貸借契約を締結するまでのマッチング期間は、物件の規模によりさまざまではありますが、契約締結までに２か月を要しないケースもあるなど、早期契約締結の実現を目指しております。地域環境の変化や競合企業の参入などにより、ビジネス機会を逃すことのないよう、今後もマッチング期間の短縮は重要であると認識しております。

2025年７月期の完成工事高（売上高）は5,883百万円、新築工事件数（売上計上分）は24件、新築完工件数（施主引渡分）は20件（ドラッグストア８件（40.0％）、飲食店６件（30.0％）、その他店舗３件（15.0％）、コンビニエンスストア３件（15.0％））であり、売上高のうち、当社のメインターゲットであるナショナルチェーン（山口県隣県以外にも出店しているチェーン店）店舗関連は5,256百万円（89.3％）、ナショナルチェーン以外のローカル店舗（地場企業、オフィス・事業拠点など）関連が627百万円（10.7％）でありました。

当社設立から2025年７月期までの新築完工件数の累計は553件（コンビニエンスストア168件（30.4％）、飲食店137件（24.8％）、ドラッグストア105件（19.0％）、その他店舗83件（15.0％）、オフィス・事業拠点60件（10.8％））と実績を積み上げております。ナショナルチェーンの件数は442件（79.9％）、ナショナルチェーン以外のローカル店舗は111件（20.1％）であります。ブランド数は173件であり、ナショナルチェーン81件（46.8％）、ローカル店舗92件（53.2％）であります。１ブランド当たり平均店舗数は3.2店舗であり、ローカル店舗1.2店舗に対し、ナショナルチェーンは5.5店舗と４倍超となっております。

ナショナルチェーン442件のうち、同一ブランド10店舗以上のブランドは９ブランド303件（68.6％）、同一ブランド３店舗以上（～9店舗）は19ブランド71件（16.1％）、同一ブランド３店舗未満のブランドは53ブランド68件（15.4％）であります。

交通要地という好立地の提供・紹介により、ナショナルチェーンの割合は着実に上昇しております。また、ナショナルチェーンの割合を増やすことで、当社が営業エリアを拡大する際には一からテナント企業を開拓することなく、新たな営業エリアでも既存エリアのテナント企業に営業活動が可能となることから、営業エリア拡大にも寄与するものと考えております。

 

（２）不動産事業

当社の不動産事業は、建設事業の営業活動の中で土地オーナーとテナント企業とのニーズがマッチングしないケースがあることから、当社が両社の間に入り双方のニーズをつなぎ合わせることで案件を成立させております。例えば、土地オーナーの希望は土地の賃貸、テナント企業の希望は建物の賃借の場合では案件は成り立ちませんが、当社が土地オーナーより土地を賃借し、当社費用で建物を建築のうえテナント企業に土地・建物を賃貸（建貸）することで双方のニーズがマッチングします。また、土地オーナーの中には、テナント企業と直接賃貸借契約を結ぶことに不安を持たれる方もおられますので、当社が土地オーナーから土地を賃借してテナント企業に転貸することで、テナント企業から店舗施工の受注につながるとともに不動産賃貸収入を得られる場合もあります。これらのビジネスモデルにより、土地オーナーとテナント企業のマッチングを促進させ、店舗施工の受注成約率を高めるとともに、当社にとって長期安定収入となる不動産賃貸収入を得ております。また、中古の店舗・事務所・ビル等を取得し、必要な改装等を施したうえでの賃貸、出店を予定している企業と土地オーナー間の不動産売買の仲介、保有設備である太陽光発電システムによる売電も不動産事業として展開しており、建設事業と不動産事業の両輪でビジネス機会を最大化する構造を構築しております。さらに、収益規模の拡大を目的とし、採算性を十分に検討したうえでの不動産売買にも着手しております。

なお、当社の不動産事業における不動産賃貸借パターンは以下のとおりであります。

１．土地オーナーから当社が土地を賃借し、当社費用で建物を建設のうえ当社が土地建物をテナント企業に賃貸するケース

２．土地オーナーから当社が土地を賃借し、当社がテナント企業に土地を賃貸するケース

３．土地オーナーから当社が土地を購入し、当社がテナント企業に土地を賃貸するケース

４．土地建物オーナーから当社が土地建物を購入し、当社がテナント企業に土地建物を賃貸するケース

５．土地オーナーから当社が土地を購入し、当社費用で建物を建設のうえ当社が土地建物をテナント企業に賃貸するケース

６．土地オーナーから当社が土地を賃借し、自社で運用するケース：駐車場など

７．土地建物オーナーから当社が土地建物を賃借し、当社がテナント企業に土地建物を賃貸するケース

８．建物オーナーから当社が借地上の建物（敷地の借地権含む）を購入したうえで、土地オーナーから当社が土地を賃借し、当社がテナント企業に土地建物を賃貸するケース

９．土地オーナーから当社が土地を購入し、自社で運用するケース：太陽光発電所など

同事業は、山口県及び広島県を中心に事業展開しており、2025年７月期の不動産事業売上高は1,703百万円（対象物件数は97件）であり、内訳は、建物賃貸収入931百万円（54.6％）、土地賃貸収入268百万円（15.8％）、不動産販売収入450百万円（26.4％）、その他収入54百万円（3.2％）でありました。

 

当社は、建設受注と不動産賃貸の両面からアプローチすることにより、当社が不動産を賃借することで建設受注にもつながるなど、建設事業と不動産事業の複合案件を生み出し、不動産賃貸による不動産収入の獲得、さらには期間満了後には新たな建設受注の獲得も期待できることから、将来にわたって長期間安定した不動産収入と建設受注を獲得しうる事業構造（プラットフォーム）を確立しております。事業系統図によって示すと次のとおりであります。"
2120,株式会社ＬＩＦＵＬＬ,2025-09-30,"３ 【事業の内容】

当社グループは、当連結会計年度末現在、当社、連結子会社16社（国内11社、海外５社）より構成され、主要事業として、インターネットを活用した住まいとその周辺領域に関する情報サービス事業を展開しております。

当連結会計年度中に、当社の完全子会社であったLIFULL CONNECT, S.L.の全株式をCONNECT NEXT PTE.LTD.に現物出資したことにより、海外事業セグメントを非継続事業に分類しました。これに伴い、報告セグメントを「HOME'S関連事業」の単一セグメントに変更しております。

 

(1) HOME'S関連事業

当事業は、不動産・住宅情報サイト「LIFULL HOME'S」と不動産投資と収益物件の情報サイト「健美家」、及び関連事業で構成されています。

 

(2) その他

老人ホーム・介護施設の検索サイト「LIFULL 介護」や、地方創生事業等により構成されています。

 

また、当社には、eコマースを中心とした総合ネットサービスを展開する楽天グループ株式会社が18.57％出資しており、同社にとって当社は持分法適用関連会社となります。

 

以上述べた事項を事業系統図に示すと、次のとおりであります。"
2121,株式会社ＭＩＸＩ,2026-03-31,"３ 【事業の内容】

当社グループ（当社及び当社の関係会社）は、当社（株式会社MIXI）、連結子会社32社及び持分法適用関連会社４社により構成されております。

当社グループの事業内容及び当社と主要な関係会社の当該事業に係る位置付けは、次のとおりであります。

 

(1) デジタルエンターテインメント事業

当事業では、スマートデバイス向けゲームを中心としたゲームの提供等を行っており、主にユーザーからの有料サービス利用料を収益源として事業展開しております。

 

(2) スポーツ事業

当事業では、プロスポーツチーム経営や国内外のソーシャルベッティングサービスの提供を行っており、主に興行収入及び車券等販売委託料を収益源として事業展開しております。

 

(3) ライフスタイル事業

当事業では、インターネットを活用した人々の生活に密着したサービスの運営を行っており、ユーザーからの有料サービス利用料及び企業側からの広告料を収益源として事業展開しております。

 

(4) 投資事業

当事業では、スタートアップやベンチャーキャピタルへの出資を行っており、投資先企業からの配当等を収益源として事業展開しております。

 

 

[事業系統図]"
2122,株式会社インタースペース,2025-09-30,"３【事業の内容】

当社グループは当社、子会社12社（うち非連結子会社２社）および持分法適用会社１社で構成され、インターネットを活用したプロモーションやメディア運営およびこれらに附随する事業をおこなっております。
各事業の概要は以下のとおりであります。

 

(1）パフォーマンスマーケティング事業

パフォーマンスマーケティング事業は、主に日本や東南アジアを市場として成果報酬型広告（アフィリエイト）を取り扱う「パフォーマンス広告」と、スマートフォンユーザーの不安や課題を解消し、生活を便利にするサービス等を提供する「マーケティングソリューション」により構成されております。「パフォーマンス広告」の主力である「アクセストレード（海外版表記「ＡＣＣＥＳＳＴＲＡＤＥ」）」は、当社および海外子会社が運営しております。

アクセストレードは、商品・サービスの販売などをおこなっている企業（以下、「マーチャント」といいます。）がインターネット上で販売促進活動等をする際、その発生した成果の件数に応じて広告掲載料（成果報酬）が決定される、費用対効果の明確な広告モデルとなっております。アクセストレードは、マーチャントがみずからの商品・サービスの広告宣伝に適したインターネット上の媒体者（以下、「パートナー」といいます。）と提携すると、その提携したパートナーの運営するＷｅｂサイト（以下、「パートナーサイト」といいます。）にマーチャントの広告が掲載されます。これらのパートナーサイトや広告を見たインターネットユーザーにより商品・サービスの購入や会員登録の申込みなどがあった場合、マーチャントは成果報酬として、アクセストレードを通じてパートナーにその対価を支払います。

当社および海外子会社は、マーチャントが成果報酬型広告を導入する際に必要となるシステムの提供、マーチャントの広告を掲載するパートナーの獲得およびパートナーへの成果報酬の支払等をおこなっております。当社グループは、成果報酬額にかかる手数料のほか、システム利用料や初期導入費用などによって収益を得ております。

「マーケティングソリューション」に属する各種サービスは、子会社の株式会社ストアフロントおよび同じく子会社の株式会社Ｎ１テクノロジーズが運営しております。

株式会社ストアフロントは、スマートフォンユーザーの不安や課題を解消する個人向けサービスとして「ＭＷセキュリティストア」におけるアンチウィルスソフトの提供や、迷惑電話防止サービス「ダレカナブロック」の提供をおこなっております。また、生活を便利にする個人向けサービスとしてクラウドバックアップサービス「ポケットバックアップ」の提供をおこなっております。株式会社ストアフロントは、これらの個人向けサービスの提供にあたって主に携帯販売店などのリアル店舗を提携先としており、これらのリアル店舗の販売員が来店されたお客様に対し提案、導入支援をおこなうことによりユーザーの獲得を図っております。

株式会社Ｎ１テクノロジーズは、法人または個人事業主向けにＷｅｂマーケティングツール「ＳｉｔｅＬｅａｄ（サイトリード）」の提供をおこなっております。ＳｉｔｅＬｅａｄは、Ｗｅｂサイト運営者向けのツールで、Ｗｅｂサイト上におけるユーザーの行動の計測・集計をおこなう分析機能、ユーザーの行動傾向を表示させるヒートマップ機能およびユーザーの離脱防止を目的としたポップアップ・レコメンドウィジェット機能等を提供しております。

当社グループは、これらの個人、法人向けのサービスやソリューションについて、利用ユーザーからの月額定額課金（サブスクリプション）を得ることによって収益を得ております。

(2）メディア事業

メディア事業は、主に女性向けに興味関心の高い記事コンテンツを提供する「コンテンツメディア」と、商品・サービスの比較をおこない、ユーザーの選択に有益な情報を提供する「比較・検討メディア」により構成されております。

「コンテンツメディア」としては、当社が提供する「ママスタ」「ｓａｉｔａ」および「ヨガジャーナル」、当社子会社である４ＭＥＥＥ株式会社が運営する「４ＭＥＥＥ」および「４ｙｕｕｕ」等があります。「ママスタ」は、日本最大級のママ向け情報プラットフォームであり、有名人や専門家のコラムを通じて子育てや子供の成長ステージに合わせた情報を閲覧したり、マンガ形式のママの体験談を見て共感したり、コミュニティ機能を通じて、子育ての相談や息抜きトークで盛り上がったりすることができます。また、「ｓａｉｔａ」は、40歳からのライフスタイルの提案や、日々の生活を楽しむためのヒントを、「ヨガジャーナル」は、ヨガを中心としたライフスタイル「衣・食・住・美・癒」等の情報を、「４ＭＥＥＥ」はアラサー女性向けのライフスタイルの提案を、「４ｙｕｕｕ」は、ママになってもおしゃれを楽しみたい女性向け最新トレンドやライフスタイルを、それぞれ発信しております。

「ママスタ」等のコンテンツメディアは、主にアドネットワークに加盟することにより、広告料を得ております。

「比較・検討メディア」としては、当社子会社である株式会社ユナイトプロジェクトが運営する「塾シル」および同じく子会社の株式会社ＴＡＧ ＳＴＵＤＩＯが運営する「転職派遣サーチ」等があります。

「塾シル」は、国内最大級の学習塾ポータルとして、無料で学習塾の情報を掲載し、ユーザーは興味のある学習塾に対し資料請求や体験授業等を申し込むことができます。また、「転職派遣サーチ」は、転職や派遣に関する基礎的な情報や派遣会社の評判や口コミ情報を収集し、提供しております。

「塾シル」および「転職派遣サーチ」等の比較・検討メディアは掲載されているサービス等の運営先に対する「申込」や「資料請求」等の発生時に成果報酬を得るビジネスモデルとなっております。

 

当社グループの事業系統図は、次のとおりであります。

 

上記図における取引の流れは以下のとおりです。

パフォーマンスマーケティング事業

①  当社グループと広告主（マーチャント）は、広告成果報酬型広告（アフィリエイト）に関する契約を締結したのち、広告主（マーチャント）は、当社グループを経由し、パートナー（サイト）に広告主（マーチャント）の商品・サービスについての広告を掲載します。

②  （インターネットユーザーがパートナー（サイト）を経由して広告主（マーチャント）の商品やサービスの購入や申込等をおこなったのち）広告主（マーチャント）は、当該購入や申込等に応じた成果報酬額を、当社グループを経由し、パートナー（サイト）に支払います。当社グループはこれらの成果報酬額のうちの一部を手数料として得ております。

③  当社グループは、携帯販売店などのリアル店舗またはウェブサイトを訪れたユーザーに対し、「不安を解消する」「生活を便利にする」等に役立つ様々なスマートフォン向けサービスの紹介、利用促進をおこなうことで、これらのサービスに加入するユーザーを獲得しております。当社グループは、これらのユーザーから主に月額定額課金（サブスクリプション）として利用料を得ております。

④  当社グループは、ウェブサイト運営者に対してウェブマーケティングツールを提供しております。当社グループは、ウェブサイト運営者から主に月額定額課金（サブスクリプション）としてツール利用料を得ております。

 

メディア事業

⑤  当社グループは、運営する「コンテンツメディア」および「比較・検討メディア」を閲覧するインターネットユーザー向けにアドネットワーク広告や成果報酬型広告を利用して、広告主の商品やサービスに関する広告を配信します。当社グループは、これらの広告配信完了後や成果獲得後、掲載広告料や成果報酬として、広告主から報酬を得ております。"
2124,株式会社ジェイエイシーリクルートメント,2025-12-31,"３ 【事業の内容】

当社グループは、当社及び当社の連結子会社である株式会社 JAC International、株式会社キャリアクロス、株式会社バンテージポイント、JAC Recruitment International Ltd(本社：シンガポール、以下「JOO(JAC Overseas Operations)」といいます)、及びJOOの連結子会社等で構成されております(なお、株式会社バンテージポイントは、2025年11月末日をもって事業活動を終了いたしました)。

当社(東京本社、北海道支店、東北支店、北関東支店、横浜支店、静岡支店、浜松支店、名古屋支店、京都支店、大阪支店、神戸支店、中国支店、福岡支店)及び株式会社 JAC Internationalは、国内外にわたる人材紹介事業に取り組んでおります。当社グループにおいては、株式会社 JAC Internationalを主に英語での交渉を要する国内外資系企業の中高額案件に特化した戦略子会社と位置付け、事業領域を区分しております。

株式会社キャリアクロスは、主にバイリンガル人材をターゲットとした求人情報サイト「キャリアクロス」の運営を中心として、求人広告事業に取り組んでおります。

JOOは、当期においてはアジア諸国と欧米の10ヶ国において、その傘下の連結子会社が主に人材紹介事業に取り組んでおります。

 


［人材紹介事業］

人材紹介事業は、求人企業に対して主として無期社員の候補者をご紹介し、その候補者が企業にご入社された時点でコンサルティングフィーを当該求人企業に請求する成功報酬方式と、高額求人案件の一部では、求人受付段階で一定の手数料を請求する前金(リテーナー)方式を併用しております。

人材紹介事業の具体的運営は、おおよそ次のように行っております。

当社グループ各社のコンサルタントが、求人企業より求人の詳細を獲得し、その求人条件に合致する人材を、各社それぞれのご登録者データベースより選定します。

ご登録者は、各コンサルタントの人的ネットワークを通じて、また、各社並びに各社が広告掲載するインターネットサイト等の各種媒体を通じて広範に募集しております。ご登録者にはコンサルタントが面談し、キャリア相談と意思確認の上で、ご紹介する求人を選定します。また、面談後も求人を継続してご紹介し、ご登録者の許可を得た求人企業には、履歴書、職務経歴書等の情報を送付し、採用面接に進めます。

求人企業が採用決定し、ご登録者が入社されるまで担当コンサルタントが定期的にフォローを実施するほか、入社後のご登録者の企業定着を目的として、一定期間のアフターフォローを実施しております。また、入社後一定期間内にご紹介人材が自己都合退職された場合には、コンサルティングフィーを一定割合で返金(リファンド)しております。

また、当社は当社グループ海外各社を国際人材紹介の取次機関として、国内外の多様な人材ニーズにお応えしております。


[求人広告事業]

求人広告事業においては、求人企業から募った主として無期社員の求人案件を株式会社キャリアクロスが運営する求人広告サイト「キャリアクロス」に掲載する契約を獲得した時点で広告掲載料を当該求人企業に請求する前課金方式と、求人企業が「キャリアクロス」経由で獲得した求職者が当該求人企業に入社した時点で手数料を請求する成功報酬方式を併用しております。同社は、主にバイリンガル人材を必要とする外資系企業と日系企業を対象として求人広告の獲得を進めております。

 

 












［事業系統図］"
2127,株式会社日本Ｍ＆Ａセンターホールディングス,2026-03-31,"３ 【事業の内容】

当社グループは、当社、連結子会社17社及び持分法適用関連会社18社で構成されております。

当社グループはＭ＆Ａの仲介を主たる業務としており、Ｍ＆Ａにおける全てのプロセスにおいて付加価値の高いサービスを提供できるＭ＆Ａ総合企業として以下のとおり事業領域を拡大しております。

なお、当社は特定上場会社等に該当し、インサイダー取引規制の重要事実の軽微基準のうち、上場会社の規模との対比で定められる数値基準については連結ベースの計数に基づいて判断することとなります。

当社グループの事業は、Ｍ＆Ａの仲介事業という単一の事業セグメントであります。当社グループの売上分類といたしましては、(1)Ｍ＆Ａ仲介事業、(2)その他の事業に区分されております。

 


(1) Ｍ＆Ａ仲介事業

（当社グループのＭ＆Ａ仲介業務について）

Ｍ＆Ａの仲介業務を遂行するためには優良な案件情報が最も大切ですが、当社グループでは案件情報に下記のとおり多面的にアプローチすることにより、それらを効率的に取得しています。

・金融機関、会計事務所等を中心とした当社の情報ネットワークを通じてのアプローチ

・上場企業を含む一般事業法人、ファンド等に直接コンタクトし、また、各種ダイレクトマーケティングの手法により潜在的顧客に直接コンタクトするアプローチ

・特定の業種に専門特化し、専門的知見に基づくコンサルテーションによるアプローチ

これらを効率よくかつ専門的にサポートするための部署をそれぞれ設置し営業活動をしています。

当社グループのサービスとして、Ｍ＆Ａ周辺分野といたしましては、2016年１月に設立した当社の連結子会社である株式会社企業評価総合研究所は、企業評価に係る業務を行っております。

2018年４月に設立した当社の連結子会社である株式会社日本ＰＭＩコンサルティングは、Ｍ＆Ａを成約した後に、速やかかつ円滑に事業統合するためのコンサルティング事業を行っております。
 また、ファンド周辺分野といたしましては、日本プライベートエクイティ株式会社を2000年10月に設立して以来、同社を通じて事業承継をテーマとするファンド運営事業を行っております。また、2018年１月には、株式会社日本政策投資銀行と合弁で株式会社日本投資ファンドを設立し、成長戦略をテーマとしたファンド運営事業も開始いたしました。

2020年10月には、伊藤公健氏、キャリアインキュベーション株式会社、株式会社日本政策投資銀行と合弁で株式会社サーチファンド・ジャパンを設立し、個人によるＭ＆Ａ支援をテーマとしたファンド運営事業も開始いたしました。

2023年12月には、当社の連結子会社である株式会社AtoG Capitalを設立し、日本企業によるASEANの中堅・中小企業のクロスボーダーＭ＆Ａの促進を目的としたファンド運営事業も開始いたしました。 

加えて、2024年10月には、当社の連結子会社である株式会社日本サーチファンドを設立し、地域金融機関との連携を通じて、地域ニーズに合致したサーチファンドを設立・運営し、優秀な経営者人材の発掘と育成をサポートすることにより、「地域の人材不足」と「経営者育成」という２つの課題の解決をテーマとしたファンド運営事業も開始いたしました。

また、2026年4月にはこれらのファンド事業を束ねる中間持株会社である株式会社J-Capitalを新設し、ファンド事業における収益区分を明確にしてまいります。

今後、中長期的には、Ｍ＆Ａ総合企業としてＭ＆Ａにおけるすべてのプロセスにおいて更に付加価値の高いサービスを提供できるよう、引き続き取組んでまいります。

 

（当社グループのＭ＆Ａ仲介業務の流れ）

当社グループのＭ＆Ａ仲介業務の流れは以下のとおりです。

 




 

１ マーケティング

Ｍ＆Ａ仲介業務において、優良な譲渡企業の開発が最重要テーマです。これらの会社に関する信頼性の高い情報を数多く入手するために、当社グループでは多面的なアプローチによる案件カバー率の向上に取組んでおります。

 


２ 譲渡企業受託

譲渡企業から個別相談がありましたら、譲渡の可能性、譲渡理由、案件の信頼性、概算価格などを検討し、受託審査を実施します。受託審査は当社のリスク管理上重要な役割を果たすのみならず、当社の案件の信頼性向上に寄与しております。

受託審査を通過した譲渡企業に対して重要事項を説明の上「提携仲介契約」を締結し、「着手金」を受領いたします。

着手金は会社規模に応じて通常100万円～300万円程となっております。

 


３ 譲渡企業評価（案件化）

次のステップとして、譲渡企業の内容を正確に把握し、譲受企業への提案目的の資料を作成します。このステップを当社グループでは案件化と呼びます。案件化では以下の事を行います。

① 企業情報資料の収集（会社案内、登記事項証明書、決算書などの資料の収集）

② 当社所定のインタビューシートの完成（各種定性情報のインタビュー）

③ 企業評価（企業価値参考価格の算定）

④ 譲受企業への提案書（企業概要書など）の作成

当社グループでは特にこの案件化のステップを重視してノウハウを構築しています。

譲渡企業の特徴、業界の特性、価格等が調査できましたら、譲受企業候補をリストアップし、譲渡企業の経営者と共に最適な譲受企業を選定します。

 


４ 譲受企業への提案

選定された譲受企業に対して、譲渡企業を提案します。秘密保持の観点から最初の打診は企業名を伏せたＡ４で１枚程度の「ノンネーム企業情報資料」により行います。譲受企業が、さらなる検討を希望した場合は「秘密保持契約」を締結し、企業名・業績・業界特性などが記載された「企業概要書」を提出いたします。

企業概要書により譲受企業が本格的にＭ＆Ａの検討の開始を希望すれば、譲受企業に対して重要事項を説明の上「提携仲介契約」を締結し、「着手金」を受領いたします。着手金は会社規模に応じて通常100万円～500万円程となっております。「提携仲介契約」の締結先は、上記プロセスと並行して実施される受託審査通過企業に限られます。

 

 


５ 各種交渉と契約の調整

ここでは、譲渡企業と譲受企業の交渉及び契約内容の調整と進捗管理を行います。

まず、譲渡企業と譲受企業の面談、現場見学などにより企業文化や経営者の人間性などの相互確認を促進しつつ、買収条件の交渉の調整を行います。

両者で一定の合意ができた場合、今までの条件交渉の結果を確認する「基本合意契約」を締結していただきます。

次に、譲受企業は「買収した後のリスクの確認」「譲渡企業の企業価値の確認」等を目的として、譲渡企業の内容確認を行うために買収監査（デューデリジェンス）を実施します。通常は公認会計士が決算書に関して「資産の実在性」、「負債の網羅性」等を譲渡企業へ出向いて調査します。近年では会計監査のみならず、弁護士による法務監査や土壌汚染調査等、監査の範囲が広がりつつあります。当社はこの買収監査の範囲の調整や買収監査がスムースに行えるような準備の支援について助言します。

買収監査の結果に基づき、譲渡企業と譲受企業の最終的な条件交渉が行われ、譲渡企業の社長や従業員の処遇などの細目の決定において当社グループは調整を行います。そして全ての条件項目が決定した段階で当事者間は最終契約を締結します。通常は、最終契約締結時に譲渡企業の株式を譲受企業が取得し、経営権が譲受企業に移行します。

当社グループは、これらの一連の作業が終了した時点で「成功報酬」を受領いたします。成功報酬は時価総資産に料率を乗じて算出します。料率は企業規模が大きくなるにつれて逓減するレーマン方式のテーブルを用います。成功報酬受領後、案件の紹介者に対して一定の紹介料をお支払いいたします。

(2) その他の事業

その他の事業としては、前記のとおり各地域の会計事務所が運営する地域Ｍ＆Ａセンター（2026年３月31日現在1,111拠点）の会員組織の運営（会費収入）等があります。

また、当社グループは、2019年より東京証券取引所が運営するプロ投資家向けの株式市場であるTOKYO PRO Marketへの上場支援業務を行っております。

TOKYO PRO Marketへの上場支援を通じて、中堅中小企業の事業承継と成長戦略を促進させるとともに、日本全国の地方創生に貢献してまいります。

 

 

事業の系統図（2026年３月31日現在）"
212A,フィットイージー株式会社,2025-10-31,"３【事業の内容】

当社は、企業理念である、MISSION「新たなフィットネス文化の創造で世界を変えていく」を掲げ、VISION「FIT YOUR STYLE、FIT-EASYでは安心安全で楽しくご利用いただけるトレーニング環境を提供し、皆様の生活の一部となれる、世界一のアミューズメントフィットネスクラブを目指します。」を達成するべく、運動を続けることの重要性及び人々の新たなる生活基準に沿った生活スタイルを提案するために、フィットネスマシンのみならずアミューズメント要素（スタジオ、高濃度酸素ルーム、ゴルフ、ラウンジ、サウナ、セルフエステ等）を取り入れたアミューズメントフィットネスクラブ（商標登録第6724824号）「フィットイージー」を2025年10月末時点で日本全国に238店舗（直営23店舗、フランチャイズ・チェーン（以下、ＦＣ）215店舗）を事業展開しております。

「楽しみながら健康になれる」「楽しみながら目標達成できる」の実現を目指し、アミューズメントフィットネスクラブとしてのノウハウを活かした店舗開発及びサービス開発、サードプレイス（自宅でもない職場でもない第３の場所）となる店舗運営や企画、ＦＣ展開を主たる業務とした「フィットネスクラブ運営事業」の単一セグメントとしております。

 

(1）事業の概要

（ⅰ）直営店

当社が店舗設備投資を実施し、当社の従業員が店舗を運営し、会員からの会費や販売商品等から収入を得ており、「直営売上」として売上計上しております。

（ⅱ）ＦＣ店

ＦＣ加盟店と締結するフランチャイズ契約に基づき、店舗設備投資及び店舗スタッフの人件費を含む店舗運営に関わる全ての費用をＦＣ加盟店の負担により運営する形態であります。

当社は、出店時の物件選定やプランニング等のサービス提供、またブランド使用権や継続的な指導の対価として会員数に応じたロイヤリティ、システム利用料、広告負担金等を受領しており、「運営売上」として売上計上しております。

また、ＦＣ加盟店から契約締結時に受領した加盟金、開業監修費及びＦＣ店の新規出店に必要となるフィットネストレーニング機器、並びに店舗運営備品等の代金を受領しており、「開発売上」として売上計上しております。

さらに、新規出店により直営店数が増加し事業戦略上ＦＣ店化すべきと判断した場合、ＦＣ加盟店に対して直営店の売却を実施して対価を受領しており、こちらも「開発売上」として売上計上しております。

なお、2025年10月期の売上構成について、直営売上1,526百万円（売上構成比率15.7％）、運営売上2,096百万円（同21.5％）、開発売上6,087百万円（同62.6％）、その他売上21百万円（同0.2％）となります。

 

(2）事業の特徴

（ⅰ）アミューズメントフィットネスクラブ

フィットネストレーニング機器だけを設置した単なるフィットネスクラブではなく、会員が気軽に「楽しみながら健康になれる」「楽しみながら目標達成できる」のがアミューズメントフィットネスクラブであり、FIT-GOLF（シミュレーションゴルフ）やFIT-SAUNA（個室サウナ）をはじめ、FIT-LOUNGE（PCを持ち込んで仕事やオンラインミーティングができるコワーキングスペース）、セルフエステ、高濃度酸素ルーム等のアミューズメント設備を自らの趣味嗜好に合わせて利用することを可能とした、五感で楽しめる空間の実現を目指しております。

また、会員は入会店舗に関係なく全店舗相互利用できるため、ちょっとした空き時間や仕事帰りには近くの店舗、休日は自宅近くの店舗利用等、ライフスタイルに合わせた利用が可能となっております。

その結果として、当社の顧客層は、24時間フィットネスクラブで多数を占める20歳代及び30歳代の男性だけでなく、40歳代以降に占める比率及び女性の占める比率が向上しております。

加えて当社は、①居抜き物件を主体とした出店によるコスト削減、②建材及び設備品の海外直接大量仕入れと在庫ストックによるコスト削減、③床・壁・天井・設備の既存店再利用によるコスト削減、④自社で内製化した店舗プランの作成及び空間デザインによるコスト削減、⑤物件契約から店舗オープンまでの工期を管理し、スピードの加速とコスト削減に繋げており、これらを実施することにより低コストでハイクオリティな設計・施工システムを実現しております。

 

（ⅱ）AI顔認証

AI顔認証により、会員が気軽に手ぶらで店舗に入館できる仕組みを構築しております。また、鍵の貸し借りによる不正入館の防止並びに犯罪及びトラブルを未然に防ぐことを可能にしており、当社はなりすましによる不正入館ゼロを目指しております。

 

（ⅲ）出店戦略

創業からこれまでは愛知・岐阜・三重エリアを中心に、近隣住民が日常的に利用出来るような駅から徒歩数分内の物件や車で通える郊外型ロードサイド、またビジネス街において仕事帰りに気軽に立ち寄れるような立地を中心に出店しておりました。近年では、ターミナル駅、商業ビル内への出店に加え、日本全国の未出店エリアへの新規出店も進めております。なお、全店舗に対して愛知・岐阜・三重エリアの店舗が占める割合は52.1％となっております（2025年10月末時点）。

デベロッパー、不動産業者等から独自のルートで入手した物件情報に対して、これまでの実績に基づいた「商圏」「動線」「地点」の視点でのマーケティングリサーチを実施し、その評価に基づき優良と判断した物件へ出店しております。

また、物件決定前に独自の重回帰分析ツールによる精度の高い入会数予測を行い、ドミナント出店（※）による相互利用・近隣店舗に別のマシンメーカーやアミューズメントサービスを展開することによる出店拡大をはじめ、未出店エリアへの出店においても戦略的に行っております。

結果として、2025年10月末時点の店舗数及び会員数は以下のとおりであります。

 

■フィットイージー店舗数及び会員数（全社計）

店舗数 238店舗

会員数 224,740人

■フィットイージー店舗数及び会員数（直営店）

店舗数 23店舗

会員数 23,948人

■フィットイージー店舗数及び会員数（ＦＣ店）

店舗数 215店舗

会員数 200,792人

■エリア別出店状況

北海道エリア ２店舗

東北エリア ８店舗

関東エリア 28店舗

甲信越エリア 17店舗

北陸エリア ８店舗

東海エリア 137店舗

関西エリア ９店舗

中国エリア ５店舗

四国エリア ６店舗

九州沖縄エリア 18店舗

※．地域を特定し、その特定地域内に集中した店舗展開を行うことで経営効率を高める一方で、地域内でのシェアを拡大し、競合他社より優位に立つことを狙う戦略となります。

 

（ⅳ）ＦＣ運営

長期安定的なＦＣ店の収益性について、下記の特徴があります。

・近隣会員の日常利用による多頻度来店により、退会率の低減及び会員数の安定を目指しております。

・ＦＣ店の会費も当社にて集約しているため、回収業務及び未回収管理を当社が代行しております。

・当社による物件の転貸借による一元的な管理により地代・賃料が低いこと、また役割分担・行動予定表によるスタッフ業務のシステム化に伴いオペレーション負荷が低く、店舗の人件費コントロールが比較的容易であることにより、長期的に安定した利益獲得を目指しております。

・出店候補地の選定から店舗設計、スタッフのトレーニング等、出店プロセス全体をＦＣ加盟店の関与の下で進め、店舗経営へのモチベーション向上につなげております。また、会員数増加がＦＣ加盟店の収入増につながることにより、出店後もＦＣ加盟店のモチベーションを高く維持するよう努めております。

なお、当社では、常に進化を求め、新サービス及び新システムの開発を実施しており、ＦＣ加盟店でも同様のサービス展開が可能となっております。このような取り組みから当社とＦＣ加盟店との信頼関係は良好であり、グループ全体での強みとなっております。さらに、当社からはオンラインによる毎月１回の「店舗責任者ミーティング」、スーパーバイザーによる半期に１回の「ＳＶ訪問」及び外部業者による「覆面調査（※）」を実施し、ＦＣ店の店舗改善にも取り組むことにより、強固な運営体制が実現しております。

※．接客サービスを改善するための手法で、ファストフード店や小売店、銀行、行政機関など対面販売を行なっている店舗で導入されております。お客様がお店で感じたことを率直にご報告いただき、お客様の声をもとにサービスの質を高めていくことを目的に導入しております。

 

（ⅴ）直営店のＦＣ店化

当社では、直営店の出店数は30店舗を基本水準として考えております。その中で、新規出店により直営店数が増加し、地の利に長けたＦＣ加盟店に経営を委ねると効率的といった事業戦略上ＦＣ店化すべきと判断した場合には、ＦＣ加盟店に対して、直営店の売却（店舗設備、マシン等含む）を実施しております。

 

（ⅵ）店舗運営コストの削減

当社では、顔認証・熱感知システム、スマート入会システム（※１）、ＦＯＳ管理システム（※２）、ＷＥＢ予約（※３）等のＤＸ活用事例や、24時間対話型警備システムを導入することによって、オペレーションの省力化を可能にし、１日スタッフ平均約1.5名での運営を実現しております。なお、ＤＸ活用に伴い、ＣＳ（顧客満足度）やＥＳ（従業員満足度）の向上を目指しております。

また、複数のメーカーからマシンを導入することで、仕入交渉に努めております。

上記のようなＤＸの活用等による省力化及び仕入コストの低減により、店舗運営コストの削減に努めております。

※１．入会するために来店して、店頭でのスタッフによる入会手続きの必要がなく、WEBサイトから登録するだけですぐに施設の利用が可能となっております。

※２．FIT-EASY OPERATION SITE：当社とＦＣ加盟店にて各種伝達で使用するプラットフォームであり、指示徹底事項及びマニュアル等を発信し、業務効率化を図るツールとなっております。

※３．ゴルフ、サウナ、エステ、酸素ルーム等のサービス利用の予約に関して、会員は全店舗のサービスの予約状況を確認しながらスタッフを介さずにオンラインで可能となっております。

 

（ⅶ）信頼感と安心感

当社では、安心・安全なフィットネスクラブの運営を目指しております。その一環として、フィットネス産業の健全な発展に寄与する情報提供、教育機会の提供等を通じてフィットネス産業の普及促進、安心して通える快適なクラブ作りに貢献しているFIA(一般社団法人日本フィットネス産業協会)への加盟をしており、また、20万人超の会員情報を扱う事業者として、個人情報の適切な管理体制の構築と運用を目的として、Ｐマーク（プライバシーマーク）を2024年４月に取得（第19001498(01)号）しております。

 

（ⅷ）五感で楽しむ空間

当社は、会員に非日常で洗練された「サードプレイス（自宅でもない職場でもない第３の場所）」となる空間を提供するために、サービス・接客はもとより、カラーコーディネーターの色彩理論に基づいたマシンのカラーリングやマットの配色、ライティング、床材・壁材・天井・棚等の備品に至るまでの店内全体のデザイン、全店共通の香りのアロマディフューザーの設置、空調管理などを徹底的にこだわり抜き、統一感のある空間を演出することにより、当社の雰囲気や印象を魅力的に表現しております。

 

当社の主要な事業系統は以下のとおりであります。"
2130,株式会社メンバーズ,2026-03-31,"３【事業の内容】

当社グループ（当社および当社の関係会社）は、DX伴走支援サービス事業を主たる事業とし、当社内における11の本部、本部内に属する社内カンパニー21社および連結子会社１社によって構成されています。

 

・DX伴走支援サービス事業

「制作／UIUX」「マーケティングDX」「デジタルサービス開発」「データ活用支援」「脱炭素DX」の５つの事業領域において、データ分析やUX（※１）、エンジニアリング等も含む様々な専門スキルを持ったデジタルクリエイター（DC）が３名以上で顧客企業専任チームを編成し、顧客企業のデジタル化を顧客と共に実際に手を動かしながら顧客伴走型で推進・支援を行う「DX伴走支援サービス」を提供しております。

また、当社グループのミッションおよびビジョンの実現に向けて、脱炭素DX（※２）を軸として、関連する複数のサービスを展開し事業基盤を構築することで、顧客企業のサステナブル経営の基盤確立を支援する戦略を推進しております。

 

(※１)UX(ユーザーエクスペリエンス)：製品やサービスなどを利用するにあたって得られる「体験・経験」のこと。

(※２)脱炭素DX：GHG（Greenhouse Gas＝二酸化炭素やメタンなどの温室効果ガス）排出量を減らしながら経済成長を続ける「デカップリング・モデル」をデジタルテクノロジーの力で実現することを指す。

 

事業区分

主要製品

DX伴走支援サービス

・制作／UIUX

・マーケティングDX

・デジタルサービス開発

・データ活用支援

・脱炭素DX

（注）当社はDX伴走支援サービス事業の単一セグメントであるため、セグメント別の記載を省略しております。

 

当社グループの事業に関わる位置付けは、以下のとおりです。"
2134,北浜キャピタルパートナーズ株式会社,2026-03-31,"３ 【事業の内容】

当社グループは、2026年３月31日現在、当社（北浜キャピタルパートナーズ株式会社）、連結子会社15社（北浜GRF株式会社、忍者エナジー合同会社、北濱ENERGY株式会社、株式会社トラストコーポレーション、北浜PV開発1合同会社、北浜PV開発2合同会社、SUN Digital Transformation株式会社、サンリアルティ株式会社、鳥取カントリー倶楽部株式会社、マース株式会社、CONQUER株式会社、サンテック株式会社、HD合同会社、KM合同会社、アマリロ株式会社)、非連結子会社15社（OK合同会社、KC1合同会社、K2合同会社、K3合同会社、K4合同会社、K9合同会社、K10合同会社、K11合同会社、Ninjaい合同会社、SUN GREEN POWER ENERGY PTE. LTD.、山陽小野田バイオマス燃料供給株式会社、一般社団法人鳥取カントリー倶楽部、株式会社早稲田不動産管理、株式会社鰻福亭ホールディングス、Kazu-tech有限会社）、持分法適用関連会社２社（株式会社G-TECH、有限会社アーキ・フロンティアホーム）、持分法非適用関連会社１社（TRANG BIOMASS CO.,LTD.）により構成されています。

 

（事業系統図)

 




 

＜主要な関係会社の状況＞

・北浜GRF株式会社

大阪府大阪市を拠点にサーバーシステムの販売、データセンターの企画、設計を行う会社であります。

・忍者エナジー合同会社

大阪府大阪市を拠点にデータセンターの運営を行う会社であります。

・北濱ENERGY株式会社

大阪府大阪市を拠点にデータセンターの企画を行う会社であります。

・株式会社トラストコーポレーション

広島県広島市を拠点に太陽光発電・蓄電所開発事業を行う会社であります。

・北浜PV開発1合同会社

大阪府大阪市を拠点に太陽光発電開発事業を行う会社であります。

・北浜PV開発2合同会社

大阪府大阪市を拠点に太陽光発電開発事業を行う会社であります。

・SUN Digital Transformation株式会社

大阪府大阪市を拠点に企業の人材紹介事業を営む会社であります。

・鳥取カントリー倶楽部株式会社

鳥取県鳥取市にある「鳥取カントリー倶楽部吉岡温泉コース」の運営を行う会社であります。

・KM合同会社

大阪府大阪市を拠点に有価証券の保有及び運用を行う会社であります。

 

(1) 投資事業

投資事業では、外部環境の変化によるビジネスリスクを分散するため、投資案件の対象を不動産向け投資のみならず、事業会社及び事業並びに工学技術等へ拡げております。投資にあたっては投資規範である収益性・安全性・社会性を充たしているかを評価し、投資規範を充たす案件に対し、当社による直接投資及び当社グループが企画・設計・構築するファンド又はSPVを活用した投資活動を実施しております。この投資案件の選定は、当社その他の事業のバリューアップノウハウの活用も想定したもので、幅広い案件情報の中から、総合的に当社が求める収益に合致する案件を厳選しております。

太陽光発電開発事業では、発電所用地の確保、関係法令に基づく各種許認可の取得、設計・調達・施工（EPC）の手配、電力会社との系統連系手続等に至る発電所開発の各工程を、当社グループおよび外部の専門事業者と連携して進めております。当社グループは、開発した太陽光発電所を売却することによる収益を得るほか、案件に応じて発電所を保有し、電力の販売による売電収入を得ております。

蓄電所開発事業では、再生可能エネルギーの導入拡大に伴って電力の需給バランスを安定させる役割としての必要性が高まっている系統用蓄電池（系統用蓄電所）の開発に取り組んでおります。具体的には、適地の選定・確保、系統連系枠の確保、蓄電設備の設計・調達・施工の手配等を行い、開発した蓄電所を売却および案件に応じて需給調整市場・容量市場等を活用した運用を行うことを想定しております。当該事業は、データセンター事業をはじめとする当社グループの他の事業との相乗効果も見込んでおります。

投資事業では、これらの投資活動の中から、売却による収入や賃料及び配当を得るほか、事業会社及び事業並びに工学技術等への投資とそれに係る製品等の販売等による事業収入及び配当、投資スキームの企画等に伴うアレンジメントフィー及び一定の利回りにより投資利益が獲得できた場合の成功報酬等が、主な収益となります。

 

(2) アセットマネージメント事業

アセットマネージメント事業では、投資家顧客からの資金を集めるためのスキームの検討・実行を行っており、また、投資事業において調査され、投資案件として採用されたものに当社グループの金融技術を活用し、投資家顧客に向けた金融商品の加工及び提供を行います。

具体的には、従来より、投資案件によりインカムゲインを得ることを主目的としたインカムゲイン型（安定収益型）ファンドを運用しておりますが、複数のパターンを応用したファンドの組成及び管理も行って参ります。

当社が得意とするTMKスキームを中心として、基本スタンスとしては投資パフォーマンスや安全性を高めるべく投資対象に応じた金融商品化を行っております。

また、案件のソーシング、オリジネーション、ファイナンスアレンジ、デュー・ディリジェンス等、総合的なスキル・ノウハウを高め、ファンドビジネス全般に広く遡及できる金融専門化集団を目指し組織を強化しております。

アセットマネージメント事業は、各スキーム上のアレンジメントフィー、各ファンドの媒介手数料、各ファンドの組成フィー、各ファンドの資産の管理フィー、一定以上の利回りの投資利益が獲得できた場合の成功報酬及び各SPV資産の管理・運用に対するアセットマネジメントフィーが、主な収益となります。

 

(3) その他の事業

その他の事業では、当社グループの有する金融ノウハウや投資事業及びアセットマネージメント事業で構築したプロフェッショナルネットワークを活かしたフィナンシャルアドバイス、各種仲介業務及びM&A等に関するコンサルティング業務、事業会社のビジネスマッチング及びコンサルティング業務等を行っております。

その他の事業では、これらの業務に対するフィーが、主な収益となります。

 

 

（当社グループのビジネスモデル）

 

当社グループのビジネスモデルの概要は以下の図１、図２及び図３のとおりであります。当該ビジネスモデルにおいては、有限責任事業組合を用いた共同事業による収益及び当社の免許・登録を活用した各種業務に基づくフィー収入が主な収益であります。

 

安定収益型（当社グループ提案型）ファンド

（図１）




①当社は不動産会社及び金融機関から紹介を受ける不動産情報・企業情報・事業情報より、当社グループの投資規範である収益性・安全性・社会性の観点から望ましい投資対象に対し、投資を行います（従来は不動産、特に地方主要都市の中・小型物件が主な投資対象）。

②投資対象によっては、当社がリノベーション（（注）１）、コンバージョン（（注）２）等のバリューアップ施策を行い、投資対象の価値を向上させます。

③投資対象を当社グループ組成のSPC（（注）３）へ売却します。

④当社の金融技術を活用してファンドを組成し、投資家顧客に販売するため、金融商品化を行います。

⑤不特定の投資家顧客に、当社の金融商品の販売を行います。

(注）1. 既存建物に改修工事を施し、性能を向上させたり、価値を高めたりすること。

2. 既存建物の用途変更を行い、価値を高めること。

3. 投資対象の取得・保有・処分を目的として設立される会社・組合のこと。

 

 

受注生産型ファンド

（図２）




①当社は特定の投資家顧客より受注を受け、当社の金融技術を活用してファンドを組成し、金融商品化を行います。

②当社の投資規範に合致した投資対象に対し、投資を行います。

③投資対象によっては、当社がリノベーション、コンバージョン等のバリューアップ施策を行い、投資対象の価値を向上させます。

④投資対象を当社組成のSPCへ売却します。

 

有限責任事業組合（LLP（注１））を用いた共同事業

（図３）




①当社は共同して取り組むこととなる事業会社とともに出資し、LLPを組成します。

②当社の投資規範に合致した事業に、LLPの各組合員と共同で取り組みます。

③不特定の投資家顧客・企業等に販売・事業譲渡、もしくはさらに事業を発展させます。

(注）1. 法人や個人が連携して行う共同事業のための組合であり、原則として総組合員の全員の一致で業務執行を行います。"
2136,株式会社ヒップ,2026-03-31,"３【事業の内容】

(1）アウトソーシング事業

当社は、大手メーカーを中心とした顧客企業に対して、その開発パートナーとして技術、設計、開発部門等での機械設計、電子設計、ソフト開発の技術サービスを提供するアウトソーシング事業を展開しております。当社の提供するサービスは、従業員である技術者が担っており、顧客企業内で行われる設計・開発業務への派遣、または顧客から設計・開発等の業務を請負うことにより技術力を提供しております。

 

当社の事業の主要顧客はメーカーであり、顧客企業の事業区分別に見ると下表のとおりであります。

顧客企業の事業区分

当社の行う設計・開発の内容

① 輸送用機器関連

自動車(ボディ、シャーシ、エンジン、モーター、各種内外装品など)、車載用製品(カーエアコン、カーナビゲーション、エンジン制御装置・各種電子、制御装置など）、航空機、船舶など

② 機械関連

半導体製造装置、サービス用機器、アミューズメント機器、産業

用ロボットなど

③ 情報通信・精密機器関連

ＡＶ機器（液晶テレビ、プロジェクターなど）、携帯電話、プリンター、タブレットＰＣ、医療機器など

④ 電気電子機器・半導体回路関連

ＩｏＴ機器（調理機器、洗濯機など）、ドローン、デジタルカメラ、電動工具、センサー、ＬＳＩなど

⑤ 情報処理・ソフトウエア関連

通信システム（５Ｇなど）、自動運転システム（画像認識など）、ＡＩ、医療検査システム、制御システムなど

 

(2）顧客企業との契約

メーカーが主な顧客であり、顧客企業の技術部、開発部、設計部など、技術の中枢部門を取引先として、設計開発業務を派遣契約で行う場合と業務請負（委託）契約で行う場合があります。その契約については以下のとおりであります。

①労働者派遣契約

当社は、「労働者派遣事業の適正な運営の確保及び派遣労働者の保護等に関する法律」（以下、「労働者派遣法」という。）に規定される「労働者派遣事業」を行っております。

当社（派遣元事業主）が、自己の常用雇用する技術者（派遣労働者）を顧客企業（派遣先事業主）の指揮命令をうけて、派遣先事業主の労働に従事させることであり、当社・顧客企業・技術者の関係を図示すると、以下のようになります。

 

②業務請負（委託）契約

業務請負（委託）契約による技術サービスの提供は、顧客企業（委託者）から設計・開発を請負い、設計・開発の成果を提供しているものであります。請負による場合は、当社（受託者）が当社従業員に対し指揮・命令して設計・開発等を行っているものであります。

当社・顧客企業・技術者（従業員）の関係を図示すると、以下のようになります。

［事業系統図］

当社の事業を事業系統図によって示すと、次のとおりであります。"
2137,株式会社光ハイツ・ヴェラス,2026-03-31,"３ 【事業の内容】

事業の概要について

当社は、北海道において、高齢者を対象とし、有料老人ホームおよびサービス付き高齢者向け住宅の設置、運営、管理を主たる業務として展開しております。当事業年度末現在、札幌市内に介護付有料老人ホーム６施設、住宅型有料老人ホーム２施設、一般住宅１施設、デイサービス事業所１ヶ所およびサービス付き高齢者向け住宅２施設を展開しております。

当社には子会社はありません。

当社の事業内容の詳細は次のとおりであります。


(1) 介護付有料老人ホーム事業

当社は、札幌市内に光ハイツ・ヴェラス石山、光ハイツ・ヴェラス月寒公園、光ハイツ・ヴェラス藤野、光ハイツ・ヴェラス琴似、光ハイツ・ヴェラス真駒内公園およびヴェラス・クオーレ山の手の６施設を運営しています。施設の土地、建物は当社が所有しておりましたが、2013年４月25日に流動化し、同時に賃貸借契約に変更しております。

有料老人ホームとは、老人福祉法に「入浴、排泄もしくは食事の介護、食事の提供またはその他の日常生活上必要な便宜をする事業を行なう施設」と定義されております。また、その開設基準は有料老人ホーム設置運営指導指針に基づいており、2011年度までは北海道に届出しておりましたが、2012年４月以降は政令指定都市である札幌市に届出ております。

介護付有料老人ホームとは、介護保険の「特定施設入居者生活介護」の指定を受けた施設であり、介護認定者に対して、食事・入浴・排泄などの身体介護や、掃除・洗濯などの生活援助をはじめ、健康相談やリハビリ・レクリエーションなどの介護サービスを、24時間体制で介護スタッフが常駐して提供するタイプの有料老人ホームです。６施設は全て、介護保険サービスを当社の職員により行う「一般型特定施設入居者生活介護(介護予防)」の指定を札幌市より受けております。

入居条件は、石山、月寒公園、藤野、琴似、真駒内公園の５施設が入居時自立・要支援・要介護で、山の手は入居時要支援・要介護です。入居費用については、琴似、真駒内公園については入居一時金方式、石山、月寒公園、藤野、山の手については入居一時金方式および月払方式が選べます。入居一時金方式とは、入居者は入居時に前払い家賃を一括、一部月払併用方式または月払方式で支払うことで、所定の償却期間終了後も契約終了するまで居住し続けられる仕組みです。また、ご入居者は、居住部分と介護や生活支援等のサービス部分の契約が一体となっている利用権を得ます。

介護サービスについては、特に光ハイツ・ヴェラス琴似、および光ハイツ・ヴェラス真駒内公園に、介護居室のみの介護専用棟を併設し、また同２施設においては、１階に併設された内科等のクリニックと連携した介護サービスを提供しております。また、ヴェラス・クオーレ山の手は介護専用の介護付有料老人ホームであります。同３施設においては、看護師が24時間常駐体制を取っております。

 


(2) 住宅型有料老人ホーム事業

当社は、札幌市内にヴェラス・クオーレ札幌北およびヴェラス・クオーレ南19条を運営しております。同施設の土地・建物は賃借です。

住宅型有料老人ホームとは、生活サービスが付いた居住施設で、介護が必要になった場合は入居者自身の選択により、外部の介護サービスを受けて暮らすことができる施設です。その開設基準は有料老人ホーム設置運営指導指針に基づき、2011年度までは北海道に届出をしておりましたが、2012年４月以降は札幌市に届出をしております。利用料は、家賃、月額費用月払い方式としております。ご入居者は居住部分と介護や生活支援等のサービス部分の契約が一体となっている利用権を得ます。

当施設内には居宅介護事業者がテナントとして事務所を設置し、訪問介護サービスおよびディサービス事業を行なっておりますので、要介護のご入居者は、各自契約を締結して同事業所をご利用いただくことができます。当社は、事務職員、看護職員、介護職員、生活相談員を配置し、24時間、食事提供、生活支援サービス、見守りや介護保険サービス以外の介護サービスを提供しております。

 

 


(3) サービス付き高齢者向け住宅事業

当社は、小樽市中心部にヴェラス・クオーレ小樽を運営しております。2009年３月に適合高齢者専用賃貸住宅として開設しましたが、2011年度の「高齢者の居住の安定確保に関する法律」の改正により「サービス付き高齢者向け住宅」として申請変更しました。同施設の土地・建物は賃借です。

また、北広島市北海道ボールパークＦビレッジ内に、マスターズヴェラス北海道ボールパークを2024年６月に開設しました。同施設の土地・建物は賃借です。

サービス付き高齢者向け住宅とは、高齢者の居住の安定確保に関する法律等を一部改正する法律(改正高齢者住まい法)にもとづき、国土交通省により創設された制度事業です。当社は生活支援サービス、食事サービス、介護サービスを提供しており、入居費用は、家賃および月額費用月払い方式としております。

ヴェラス・クオーレ小樽は北海道特定施設入居者生活介護(介護予防)の指定を受けており、当社の看護師・介護スタッフが常駐し、24時間体制の介護サービスを提供しております。

 


(4) 通所介護事業（デイサービス）

当社は、2016年７月より新たに札幌市南区南32条西10丁目に「さっぽろ南デイサービスセンター」として、札幌市より指定居宅サービス・指定介護予防サービス・指定居宅介護支援事業および、介護予防・日常生活支援総合事業者の指定を受け、第１号通所事業（デイサービス）を開始しました。入浴や日常動作訓練、レクリエーションなどが受けられます。また、要支援の方は生活行為向上のための支援などのほか、その人の目標に合わせた選択的サービスを提供しております。

 


(5) 短期入所生活介護事業（ショートステイ）

当社は、2016年８月より介護付有料老人ホームの光ハイツ・ヴェラス石山、月寒公園、藤野の３施設において、札幌市より指定を受け短期入所生活介護事業（ショートステイ）を開始しております。札幌市の南区は特に高齢化が進んでおり、要介護高齢者を支えるご家族のニーズに応えるため、社会貢献の一環として24時間体制でショートステイの受入体制を整えております。

 

2026年３月31日現在、当社が運営しております主な施設は下表の通りです。

















開設年月



名称



所在地



居室数



類型



介護保険の指定







1987年10月



光ハイツ・ヴェラス石山



札幌市南区



一般居室 117室



介護付有料老人ホーム



特定施設(介護予防)

短期入所生活介護事業







1990年４月



光ハイツ・ヴェラス月寒公園



札幌市豊平区



一般居室  58室



介護付有料老人ホーム



特定施設(介護予防)

短期入所生活介護事業







1994年11月



光ハイツ・ヴェラス藤野



札幌市南区



一般居室 139室



介護付有料老人ホーム



特定施設(介護予防)

短期入所生活介護事業







2003年６月



光ハイツ・ヴェラス琴似



札幌市西区



一般居室 219室
介護居室  62室



介護付有料老人ホーム



特定施設(介護予防)







2006年７月



光ハイツ・ヴェラス真駒内公園



札幌市南区



一般居室 116室
介護居室  45室



介護付有料老人ホーム



特定施設(介護予防)







2009年３月



ヴェラス・クオーレ小樽



小樽市



介護居室  59室



サービス付き高齢者向け住宅



特定施設(介護予防)







2011年３月



ヴェラス・クオーレ山の手



札幌市西区



介護居室  59室



介護付有料老人ホーム



特定施設(介護予防)







2011年７月



ヴェラス・クオーレ札幌北



札幌市北区



介護居室 216室



住宅型有料老人ホーム



 







2015年８月



ヴェラス・クオーレ南19条



札幌市中央区



介護居室 89室



住宅型有料老人ホーム



 







2016年７月



さっぽろ南デイサービスセンター



札幌市南区



 



通所介護サービス



通所介護(介護予防)

第１号通所事業







2022年12月



メディカルレジデンスヴェラス



札幌市中央区



居室 22室



一般住宅



 







2024年６月



マスターズヴェラス北海道ボールパーク



北広島市



居室 278室



サービス付き高齢者向け住宅



 





 


 

 

当社の事業の系統図は次のとおりであります。"
2138,クルーズ株式会社,2026-03-31,"３【事業の内容】

当社グループは、純粋持株会社である当社と、連結子会社20社、持分法適用関連会社２社で構成されており、インフラやテクノロジーの進化、世の中のユーザーのニーズの変化に合わせて事業を創造するテックカンパニーとして、ITアウトソーシング、EC領域を中心に10以上のサービス・事業を展開しており、現在はIT人材業界におけるエンジニア人材の不足という市場課題を解決することを主としたシステムエンジニアリングサービス事業（SES事業）を中心に、人材×IT領域を対象として事業展開をおこなっているITアウトソーシング事業をメイン事業としております。

なお、当連結会計年度より報告セグメントの区分を変更しております。詳細は、「第５ 経理の状況 １ 連結財務諸表等 (1）連結財務諸表 注記事項 （セグメント情報等） セグメント情報」の「１．報告セグメントの概要」をご参照ください。

 

（1） ITアウトソーシング事業

子会社である496株式会社などにおいて、システムエンジニアリングサービス事業（SES事業）を中心に、人材 × IT 領域で事業展開を行っております。

（2） EC事業

子会社であるAda株式会社において、主に『ZOZOTOWN』内で展開する、オリジナル商品と他社優良ブランドの商品を厳選したファッションセレクトショップを運営しております。

 

主要な事業系統図は以下の通りです。

なお、当社は、有価証券の取引等の規制に関する内閣府令第49条第２項に規定する特定上場会社等に該当しており、これにより、インサイダー取引規制の重要事実の軽微基準については連結ベースの数値に基づいて判断することとなります。"
2139,株式会社中広,2026-03-31,"３ 【事業の内容】

当社グループ（当社及び当社の関係会社）は、当社、連結子会社５社、関連会社１社で構成されており、フリーマガジン『ハッピーメディア(R)』の発行・運用と、広告代理、販売促進策の企画運営等のセールスプロモーション及びこれらの付帯業務である「メディア広告事業」の単一セグメントであります。

当社グループは、自社メディアとして、主にハッピーメディア(R)『地域みっちゃく生活情報誌(R)』、『住もーね』『ままここっと(R)』、『Start!［スタート！］』、『Workin』等の紙媒体と、スマホ等で利用できるクーポンアプリ「フリモ」（以下、「フリモ」アプリという。）、ウェブ求人情報の「まちＪＯＢ」や「Workin.jp」等のインターネット媒体及び通信販売サイトを有しております。

自社メディアの中でも主力商品である地域フリーマガジンにおいては、発行エリアを中心とした最新の時事情報、自然・歴史・伝統・文化・芸術・人物等を紹介する特集記事と、地域に密着し生活に役立つ広告情報(分野は衣食住から健康・レジャー・観光・スクール・金融・求人等)で構成しており、次の４つのこだわりを持ったメディアとして発行・配布エリアの全国展開を進めております。

① 一軒一軒手配り

市街地から山間部まで、発行エリア内の各家庭へ毎月丁寧に配布いたしております。また、無料誌ながら、「配布に関する問合せ窓口」を設置し、配布に対する読者からの問合せ・要望を受け付けております。

② 全世代が安心して読める

関係諸法規にのっとった掲載基準・表記基準を設け、子供からお年寄りまで配慮した紙面構成にしております。

③ ご当地の話題

地域の最新の時事・自然・文化・歴史・伝統・人物・活動等を巻頭特集などで取り上げ、地域にみっちゃくした誌面としております。また、広告情報も、発行エリア内の店舗・企業が中心で地域経済活性化の一翼を担っているものと考えております。

④ クーポン・サービスの反響

読者には、季節に応じたフレッシュな企画、各店の個性を活かしたクーポンサービス情報を提供し、広告主には、発行エリア内の世帯にほぼ100％配布することから、高レスポンスの広告媒体を提供しております。

セールスプロモーションは、広告戦略・広告計画・販売促進計画を立案する総合広告会社として、広告主の要望に応える媒体の選択、デザインの提案及び販売促進策の企画運営を行っております。主な取り扱い媒体として自社メディア（フリーマガジン、ポータルサイト）のほか、新聞折り込みチラシ、新聞、雑誌、インターネット広告、テレビ、ラジオ等の媒体への広告、各種印刷物等の販売促進ツールの企画・制作・販売等、研修・講演会・コンサート・シンポジウム・セミナー等の企画運営や、地域の求人・採用課題の提案として推進する採用管理システム「TalentClip」等のＤＸ化商材販売やクラウドファンディングなどの提案営業を展開しており、これらの社会課題に応えるソリューション事業により、業容拡大を図っております。

 

事業の系統図は、次のとおりであります。"
2146,ＵＴグループ株式会社,2026-03-31,"３ 【事業の内容】

当社グループは、大手自動車製造業向けの人材サービス等を提供する「モーター・エナジー事業」、大手半導体製造業向けの人材サービス等を提供する「セミコンダクター事業」、地域密着型の人材サービス等を提供する「エージェント事業」、大手製造業の構造改革に伴う人材の受け入れ、人材サービス等を提供する「ネクストキャリア事業」の４つの事業を柱とした、モノづくり領域における人材サービスを提供しております。

なお、当連結会計年度より、報告セグメントを従来の「マニュファクチャリング事業」「エリア事業」「ソリューション事業」「日系人材事業」「ベトナム事業」から、「モーター・エナジー事業」「セミコンダクター事業」「エージェント事業」「ネクストキャリア事業」の４セグメントに変更しております。したがって前連結会計年度の数値につきましては、変更後のセグメント区分に組み替えて比較分析を行っております。４セグメントの各概要につきまして、詳細は、「第５ 経理の状況 １ 連結財務諸表等 （１）連結財務諸表 注記事項 （セグメント情報等）セグメント情報」に記載のとおりであります。

当社は、グループ全体の戦略及び企画の立案並びに各事業会社の統括管理を主たる業務としております。また、当社は、グループ全体が経営効率の向上と事業分野・機能面における特色・強みを発揮することを実現し、経営理念に基づいた企業価値最大化を実現するために、以下の機能を担っております。なお、当社は、有価証券の取引等の規制に関する内閣府令第49条第２項に規定する特定上場会社等に該当しており、これにより、インサイダー取引規制の重要事実の軽微基準については連結ベースの数値に基づいて判断することとなります。

 


① グループの経営資源を有効活用し、シナジー効果を最大限に発揮するために必要なグループ経営戦略の企画・立案・推進機能

② グループ全体の資本政策、財務戦略等の企画・立案機能

③ グループ企業の業務執行の管理、統括、監査及びモニタリングに関する機能

④ グループ全体の人材開発及び人事戦略に関する機能

⑤ グループ全体の営業企画及び商品・サービス戦略に関する機能

⑥ グループ全体のコンプライアンス・リスク管理に関する機能

⑦ グループ代表会社としての広報・ＩＲ戦略に関する機能

 

当社グループの事業に係る位置付け及びセグメントの関連は以下のとおりであります。


(1) モーター・エナジー事業

大手自動車製造業向けの人材サービス等の提供を行っており、主要顧客は自動車製造関連のメーカーであります。当社連結子会社のＵＴエイム株式会社、ＵＴスリーエム株式会社が業務を行っております。

 


(2) セミコンダクター事業

大手半導体製造業向けの人材サービス等の提供を行っており、主要顧客は半導体製造関連のメーカーであります。当社連結子会社のＵＴエイム株式会社、ＵＴ東芝株式会社が業務を行っております。

 


(3) エージェント事業

地域密着型の人材サービス等の提供を行っており、主要顧客は地方の中堅・中小企業であります。当社連結子会社のＵＴエージェント株式会社が業務を行っております。

 


(4) ネクストキャリア事業

大手製造業の構造改革に伴う人材の受け入れ、人材サービス等の提供を行っており、主要顧客は国内の大手電機メーカーであります。当社連結子会社のＦＪＵＴプラス株式会社、ＵＴハイテス株式会社が業務を行っております。

 

 

当社グループの事業系統図を示すと以下のとおりであります。

 




 

(注)１．2025年４月にＵＴコネクト株式会社（ＵＴエージェント株式会社に商号変更）が、ＵＴパートナーズ株式会社を吸収合併いたしました。

２．2025年10月にＦＵＪＩＴＳＵ ＵＴ株式会社（ＦＪＵＴプラス株式会社に商号変更）が、ＵＴ エフサス・クリエ株式会社を吸収合併いたしました。

３．2026年４月にＵＴハイテス株式会社が、ＵＴ ＭＥＳＣ株式会社を吸収合併いたしました。"
2148,アイティメディア株式会社,2026-03-31,"３【事業の内容】

（1）当社グループの事業について

当社グループは、当社及び連結子会社である発注ナビ株式会社、株式会社ピイ.ピイ.コミュニケーションズ、有限会社ネットビジョン（ドメイン※１保有）、持分法適用関連会社であるアイティクラウド株式会社の計５社で構成されております。

人類の生活や産業を豊かにしてきたテクノロジーは、加速度的な進化を続けており、これまで以上にさまざまな企業の事業活動や社会基盤の発展に影響を及ぼす中、その活用のための情報ニーズはますます高まっております。

またインターネット技術は、その誕生以来、通信機器の進化や通信費用の低下が進むにつれて、人類に欠かせないインフラのひとつとして普及を続けてまいりました。近年では、スマートデバイスの爆発的な普及を背景に、一般消費者がインターネットに接触する時間が一段と増加し、情報の発信、収集手段としてテレビ等のマスメディアよりもインターネットの影響力が高まっております。

これらの事業環境の下、当社グループは、インターネット専業メディアとして、IT（情報技術）を中心に専門性の高い情報（ニュースや技術解説記事等）をユーザーに提供する事業を主として展開しております。当社グループが提供するメディアの特徴は、IT＆ビジネス分野、産業テクノロジー分野、コンシューマー分野等、特定分野に精通した専門編集記者によって提供される情報の質の高さと量の豊富さ、速報性にあります。その結果、メディアとしての信頼感とブランドが、当社グループの大きな強みとなり、運営するウェブサイトを訪れるユニークブラウザ数は約6,000万UB／月、閲覧されるページビュー数は約３億5,000万PV／月と、多くの利用者を得ております。

当社事業の主な収益は、情報を求めてサイトにアクセスする読者に課金するものではなく、企業のマーケティング活動の需要とその特性を把握し、当社グループの運営する各メディアを通して最適なマーケティングソリューションを提供することによるものです。その収益モデルとしては、創業以来、運営メディア上で展開する広告商品の販売を行う広告モデルが中心でしたが、インターネット専業メディアならではの革新による収益モデルの多元化を志向するなかで、米国を中心に急速に発展してきた、インターネットを活用した新たなマーケティング手法であるリードジェネレーション※２（以下「リードジェン」）モデルを確立することに成功いたしました。その後もリードジェンモデルの強化を続け、オンライン上でセミナーや展示会等のイベントを開催するデジタルイベントにも拡張するなど、今では収益の過半がリードジェンモデルからもたらされています。

当社グループは、事業部門を基礎とした対象顧客・サービス別のセグメントから構成されており 、「BtoBメディア事業」と「BtoCメディア事業」の２つを報告セグメントとしております。

 

※１ ドメイン：インターネットに接続するネットワークの組織名を示す言葉で、インターネット上の住所にあたります。組織の固有名と組織の種類、国名で構成されています（例 itmedia.co.jp）。一般に企業名を表すco.jpドメインは、１組織１ドメインのみ登録・取得が可能です。

２ リードジェネレーション：Webサイトでのコンテンツ掲載や展示会への出展、セミナー開催などを通じて見込み客の情報を獲得するマーケティングの手法

 

 

 

（2）セグメント別のメディア・サービス概要は以下のとおりであります。

以下の事業区分はセグメント情報における事業区分と同一であります。

 

報告

セグメント

顧客分野

主要メディア・サービス

情報の内容

対象とするユーザー

BtoBメディア事業

IT＆ビジネス分野

TechTargetジャパン

IT関連製品やサービスの導入・購買を支援する情報並びに会員サービス

企業の情報システムの導入に意思決定権を持つキーパーソン

キーマンズネット

発注ナビ

情報システム開発会社検索・比較サービス

企業情報システム開発の発注担当者

ITmedia マーケティング

デジタルマーケティングの最新動向や製品・サービスの情報

企業のマーケティング活動に携わる担当者

＠IT

専門性の高いIT関連情報・技術解説

システム構築や運用等に携わるIT関連技術者

ITmedia NEWS

ITmedia エンタープライズ

ITmedia エグゼクティブ

ITmedia AI＋

IT関連ニュース及び企業情報システムの導入や運用等の意思決定に資する情報

IT業界関係者、企業の情報システム責任者及び管理者

ITmedia ビジネスオンライン

時事ニュースの解説、仕事効率向上に役立つ情報

20～30代ビジネスパーソン

産業テクノロジー分野

MONOist

EE Times Japan

EDN Japan

エレクトロニクス分野の最新技術解説並びに会員サービス

エレクトロニクス関連の技術者

TechFactory

製造業のための製品/サービスの導入・購買を支援する会員制サービス

製造業に従事するエンジニアや製品・サービス導入担当者

スマートジャパン

節電・蓄電・発電のための製品検討や導入に役立つ情報

企業や自治体の総務部、システム部、店舗運営者、小規模工場経営者

BUILT

建築・建設分野の最新技術解説並びに会員サービス

建築・建設業界の実務者

デジタルイベント

展示会やセミナーなどのイベントをオンラインで開催するサービス

リサーチ・コンサルティング

海外展示会レポート販売・マーケティングを中心としたコンサルティングサービス

BtoCメディア事業

コンシューマー分野

ITmedia Mobile

ITmedia PC USER

パソコン、スマートフォン、AV機器等デジタル関連機器の製品情報、活用情報

デジタル関連機器等の活用に積極的な消費者

Fav-Log

日用品全般の購買支援情報

インターネットユーザー

ねとらぼ

ネット上の旬な話題の提供

インターネットユーザー

（注）2026年4月1日付で、マジセミ株式会社の全株式を取得し、完全子会社化しております。

 

 

当社グループの事業の系統図は、次のとおりであります。

 

 

 

 

 

（注）連結子会社有限会社ネットビジョンは、当社サイトのドメインを保有する会社であります。

 

メディアレップ：インターネット広告を専門に扱う一次代理店のこと。人気の高いウェブサイトやメールマガジンを広告媒体として発掘し、広告掲載希望者と広告媒体のマッチングを行います。広告主や、広告代理店から見るとインターネット広告を買い付ける先となり広告媒体の運営者から見ると自社広告枠の販売窓口となります。"
2152,幼児活動研究会株式会社,2026-03-31,"３ 【事業の内容】

当社は、幼児体育指導関連事業、並びにコンサルティング関連事業により構成されております。このうち、幼児体育指導関連事業においては、幼稚園、保育園及びこども園の保育の一環として行う正課体育指導、幼児及び児童を対象とした課外体育指導、障がい児向けの体育教育指導を行う療育事業や小規模保育事業の経営等を行い、コンサルティング関連事業においては、幼稚園、保育園及びこども園に対する経営指導並びに運営指導等を行っております。

当社の事業内容に係る位置付けは次のとおりであります。

なお、次の２部門は「第５ 経理の状況 １．財務諸表等 (1）財務諸表 注記」に掲げるセグメント情報の区分と同一であります。

 

(1）幼児体育指導関連事業












正課体育指導業務………………



幼稚園、保育園及びこども園が保育時間内（正課）に行う体育の授業に関し、契約に基づいて指導を行っております。具体的には、各園の意向・基本方針をふまえて、運動会等の構成企画をはじめ、１年間のカリキュラムの策定のアドバイスを行うと同時に、楽しく健全で効果的な授業が行えるよう、当社社員が各園に赴いて直接指導にあたっております。
 







課外体育指導業務………………



幼稚園、保育園及びこども園の施設を借用して、園児から卒園児である小学生を対象にスポーツクラブ、サッカークラブ、新体操クラブ等を主宰する事業を運営し、独自のカリキュラムに従って体育指導を行っております。

 







イベント企画業務………………



上記課外体育指導の一環として、サッカー大会、遠足、合宿、冬期のスキー・スケート教室やドッジボール大会、新体操の発表会等のイベントを企画し実践しております。原則として、クラブ会員を対象に募集を行い、保護者は参加・同行いたしません。イベントの運営・引率・添乗等は、当社社員が行い、幼児・児童の躾や自律心を育むことを主目的に指導しております。

 







その他事業…………………………



障がい児向けの体育教育指導を行う療育事業や小規模保育事業、幼児・学童向けの学習塾等を運営し、地域にお住まいの方々にご満足のいただける保育サービスを提供しております。
 





 


 












(2）コンサルティング関連事業……



魅力的で元気な幼稚園・保育園・こども園づくりのための経営コンサルティング、教育コンサルティング、運営指導、園職員の研修、幼児教育に関するあらゆるコミュニケーション活動の企画及び印刷物の企画制作等を行っております。





 


 

 

［事業系統図］

以上に述べました当社の事業内容に係る事項を事業系統図によって示しますと、次のとおりとなります。"
2153,Ｅ・Ｊホールディングス株式会社,2026-05-31,"３【事業の内容】

当グループは、当社及び当社の関係会社25社（連結子会社14社、非連結子会社８社、関連会社２社、その他の関係会社１社）によって構成されております。

当社は純粋持株会社であり、グループ経営管理を行っております。

連結子会社は、官公庁の公共事業等において、企画から施工監理までを一貫して提供できる総合建設コンサルタント事業を行っております。総合建設コンサルタント事業には、企画・計画、設計、診断、マネジメント、発注者支援、補償コンサルタント等の建設コンサルタント業務と測量、地質調査等の調査業務とがあり、株式会社エイト日本技術開発は総合建設コンサルタント事業全般を行い、他の連結子会社は各社の強みとする分野を中心に事業を行っております。

当連結会計年度末における、事業内容と当社及び連結子会社等の位置付けは次のとおりであります。

区分及び主要事業

会社名

グループ全体を管理・統括する持株会社

Ｅ・Ｊホールディングス㈱（当社）

総合建設
コンサルタント事業

建設コンサルタント業務

建設コンサルタント

㈱エイト日本技術開発

日本インフラマネジメント㈱

㈱近代設計

㈱共立エンジニヤ

共立工営㈱

都市開発設計㈱

㈱北海道近代設計

㈱アークコンサルタント

㈱アイ・デベロップ・コンサルタンツ

㈱二神建築事務所

㈱ダイミック

EJEC(Thailand) Co.,Ltd.

日栄プランニング㈱

㈱東京ソイルリサーチ

㈱演算工房 他９社

補償コンサルタント

調査業務

測量

地質調査

 

 

なお、当社は、有価証券の取引等の規制に関する内閣府令第49条第２項に規定する特定上場会社等に該当しております。これにより、インサイダー取引規制の重要事実の軽微基準については連結ベースの数値に基づいて判断することとなります。"
2154,株式会社オープンアップグループ,2025-06-30,"３【事業の内容】

当社グループは、株式会社オープンアップグループ（当社）を持株会社として、グループ各社において技術者等の派遣を主とした人材サービス及び業務請負を行っており、事業内容は次の３つの領域に区分されます。

３つの領域は、「第５ 経理の状況 １ 連結財務諸表等 (１）連結財務諸表 連結財務諸表注記 ６．セグメント情報」に掲げるセグメントの区分と同一であります。

なお、当社は、有価証券の取引等の規制に関する内閣府令第49条第２項に規定する特定上場会社等に該当しており、これにより、インサイダー取引規制の重要事実の軽微基準については連結ベースの数値に基づいて判断することになります。

 

（1）機電・ＩＴ領域

株式会社ビーネックステクノロジーズ、株式会社オープンアップＩＴエンジニア、株式会社ビーネックスソリューションズ等において、機電・ＩＴ領域の事業を展開しております。

国内メーカーにおける開発、設計、製造技術等の機械・電気・電子系技術者や、ＩＴ企業等におけるネットワーク、サーバー、ソフトウエア等の構築、開発、運用系のＩＴ技術者の派遣及び業務請負を行っております。

 

（2）建設領域

株式会社夢真、株式会社オープンアップコンストラクション等に加え、2024年10月１日付で新たに連結子会社となったアイアール株式会社にて、建設領域の事業を展開しております。

国内建設業界の企業に対し、施工管理技術者やＣＡＤ技術者の派遣を主として行っております。

 

（3）海外領域

当社グループは国外での事業も展開しており、海外における技術・製造分野に対する派遣・請負や、有料職業紹介などの人材サービス事業を海外領域としております。

海外領域は従来、英国を中心に事業を展開しておりましたが、2025年２月27日開催の取締役会において、当社連結子会社であるBeNEXT UK Holdings Limited（現会社名 GAP PERSONNEL INVESTMENTS LIMITED）の全株式をMADDOX 2023 LIMITEDへ譲渡することを決議し、同日株式譲渡契約を締結、2025年３月４日付で譲渡を実行いたしました。

これにより海外事業のポートフォリオの見直しを進めております。

一方で、中国、インドネシア、ベトナムの現地法人においては、派遣事業に加え、人材紹介・人材コンサルティング事業を継続して行っております。

 

また、以上の３つの領域に含まれない区分を「その他」としており、包含する事業内容には、株式会社オープンアップウィズでの障がい者雇用促進事業、株式会社ＳＡＭＵＲＡＩでのオンラインプログラミング教育事業等があります。

 

「事業系統図」

当社グループの各企業と事業セグメントとの関係は以下のとおりです。"
2156,セーラー広告株式会社,2026-03-31,"３ 【事業の内容】

当社グループは、当社(セーラー広告株式会社)および連結子会社７社(株式会社あわわ、アド・セイル株式会社、株式会社ゴング、株式会社ａｄｅａｒ、株式会社ＦＩＳＨ、株式会社ＭＤ＆アソシエイツ、株式会社フェローおよび持分法非適用関連会社（ひょうたん島不動産合同会社）で構成しております。

当社グループは、広告業を主たる事業とし、四国中国九州エリアおよび東京を主要事業エリアとして、テレビ、ラジオ、新聞および雑誌を中心とする各種メディアを媒体とした広告の企画、立案、制作、ならびに、セールスプロモーションやインターネット関連広告など、広告に関するあらゆるサービス活動を行うほか、『あわわアプリ』の運営、徳島県全域においてフリーマガジン『ワイヤー』およびタウン情報誌『めぐる、』の発行を行っております。

その他、物産館『徳島・香川トモニ市場～ふるさと物産館～』の運営およびＥＣサイト『トモニ市場オンライン』の運営ならびに『クラウド斎場予約システム』などソフトウェア等の開発を行っております。

なお、当社は、新たなコミュニケーションサービスの設計・開発が可能になることを期待し、2025年10月１日付で株式会社フェローを子会社といたしました。これに伴い、セグメント情報等の開示に関する会計基準と照らし合わせ、開示セグメントの範囲を検討した結果、新たに自動連絡システムやクラウド予約システムなどソフトウェア等の開発に関する事業を「ソフト開発事業」として区分しております。

 

〔広告事業〕

○コミュニケーションプランニング

市場調査や環境分析等によるブランド開発、ターゲット戦略、ポジショニング戦略、企業・商品広報戦略、コンセプト開発等の企画・立案

○メディアプランニング

テレビ・ラジオ・新聞・雑誌・インターネット・モバイル・印刷物など各媒体を活用した広告活動の企画・立案、および、これらを組み合わせたメディア戦略および表現戦略の企画・立案

○セールスプロモーション

折込チラシやダイレクトメール、屋外広告、交通広告等を用いた広告戦略の構築や各種イベント・式典等の企画など生活者の購買意欲等を喚起する広告の企画・立案・運営・管理

○催事・イベント

官公庁・行政・各種団体の式典・大会および啓蒙活動の企画・運営・管理

(主な関係会社)当社、株式会社あわわ、アド・セイル株式会社、株式会社ゴング、株式会社adear及び株式会社FISH

 

〔リテール事業〕

〇通信販売事業、店舗販売事業

徳島県および香川県の物産販売店舗『徳島・香川トモニ市場～ふるさと物産館～』の運営、および、オンラインショップ『トモニ市場オンライン』の運営

(主な関係会社)株式会社MD＆アソシエイツ

 

〔ソフト開発事業〕

〇ソフトウェア開発事業

自治体における各種自動連絡システムや24時間対応が求められる斎場のクラウド予約システムなどのソフトウェア・ハードウェア機器等の開発

(主な関係会社)株式会社フェロー

〔事業系統図〕

当社グループの事業系統図は次のとおりです。"
2157,株式会社コシダカホールディングス,2025-08-31,"３ 【事業の内容】

当社グループ(当社及び当社の関係会社)は、当社(株式会社コシダカホールディングス)、連結子会社８社(株式会社コシダカ、株式会社コシダカプロダクツ、株式会社コシダカビジネスサポート、株式会社コシダカアミューズメント、株式会社韓国コシダカ、KOSHIDAKA INTERNATIONAL PTE. LTD.、KOSHIDAKA INTERNATIONAL KL SDN. BHD.、株式会社コシダカデジタル)、非連結子会社10社(KOSHIDAKA R&C Co., Ltd.、KHS ENTERTAINMENT LLC、KOSHIDAKA THAILAND Co., LTD.、KOSHIDAKA MALAYSIA SDN. BHD.、PT. KOSHIDAKAINTERNATIONAL INDONESIA、KOSHIDAKA MALAYSIA PJ SDN. BHD.、株式会社コシダカメンテナンス、KOSHIDAKA CA INC.、KOSHIDAKA USA INC、KOSHIDAKA PHILOPPINES INC.）、関連会社１社(株式会社KMVR)により構成されており、カラオケ事業を主たる業務としております。

なお、当社は、有価証券の取引等の規制に関する内閣府令第49条第２項に規定する特定上場会社等に該当しており、これにより、インサイダー取引規制の重要事実の軽微基準については、連結ベースの数値に基づいて判断することになります。

また、上記のうち、株式会社コシダカデジタルについては、当社グループにおける重要性が増したため、当連結会計年度より連結の範囲に含めており、当社の連結子会社であったKOSHIDAKA SINGAPORE PTE. LTD.を、2024年12月27日付けで清算結了したことに伴い、当連結会計年度より連結の範囲から除外しております。

株式会社コシダカメンテナンス、KOSHIDAKA CA INC.、KOSHIDAKA USA INC、KOSHIDAKA PHILOPPINES INC.の４社が当連結事業年度において設立され、いずれも非連結子会社としております。

 


(1) カラオケ事業

日本国内においては、株式会社コシダカが、「カラオケまねきねこ」及びひとりカラオケ専門店「ワンカラ」ブランドにより、直営のカラオケボックス店の経営及び店舗展開を行っております。

海外においては、株式会社韓国コシダカが「まねきねこ」ブランドによって韓国国内でカラオケボックス直営店を展開しております。なお、KOSHIDAKA INTERNATIONAL PTE. LTD.及びKOSHIDAKA INTERNATIONAL KL SDN. BHD.は海外カラオケ事業を統括することを目的に、シンガポール及びマレーシアに設立されております。

 


(2) 不動産管理事業

株式会社コシダカプロダクツが、群馬県、神奈川県などに保有する不動産賃貸ビルの所有及び運営管理等を行っております。

 


(3) その他事業

株式会社コシダカが、「まねきの湯」ブランドにより、国内で直営の温浴施設２施設の運営を行っている他、カラオケサービスを提供していない純飲食店である銀だこハイボール４店舗、カフェエクラ１店舗等の店舗運営を行なっております。

 

 

以上に記載した当社グループの事業と主な関係会社の事業系統図は次のとおりであります。"
2158,株式会社ＦＲＯＮＴＥＯ,2026-03-31,"３ 【事業の内容】

当社グループは株式会社FRONTEO及び連結子会社５社（2026年３月31日現在）で構成され、（１）ライフサイエンスAI事業、（２）リスクマネジメント事業、（３）DX事業の３つのセグメントで展開しております。各事業の内容は次のとおりであります。

なお、当連結会計年度より、報告セグメントの区分を変更しております。詳細は、「第５ 経理の状況 １ 連結財務諸表等 （１）連結財務諸表 注記事項（セグメント情報）」をご参照ください。

 


(１) ライフサイエンスAI事業


① AI創薬分野

AI創薬分野においては、新薬開発における標的分子の枯渇や適応症探索の難しさが課題として捉えられております。この課題を解決する一つの方法として、当社は方程式駆動型AI「KIBIT（キビット）」による自然言語処理AI技術を活用し、文献情報などの解析を通して、文献に記載のない疾患と創薬標的分子の関連性を体系的に発見する独自技術（特許申請済み）を確立しております。この技術を活用し、疾患関連性の高い未報告の標的分子の抽出に加え、その根拠となる疾患メカニズムの仮説提示を可能とする、AI創薬支援サービス“Drug Discovery AI Factory”（以下、DDAIF）を提供しております。また、DDAIFを活用したビジネスモデルとして、「共創プロジェクト」、「包括的共創モデル」、「DDAIF Innovation Bridge」及び「自社研究・共同研究」の４つのモデルを展開しており、製薬企業やバイオベンチャー、アカデミア等と連携をしながら創薬研究の効率化・短期化・成功確率向上に貢献しております。

 

  ② AI医療機器分野

AI医療機器分野では、世界に先駆けた自然言語処理AI技術を用いた医療機器「会話型 認知機能検査用AIプログラム医療機器（SDS-881）」の日本での製造販売承認取得及び社会実装に向けた開発は順調に進捗しております。また、医療機器の開発と並行して、非医療機器における産業横断アライアンスの一環として「トークラボKIBIT」をリリースし、2025年10月１日よりサービスの提供を開始しました。加えて、統合失調症やADHDなどの他の精神神経疾患領域を対象とした医療機器及び非医療機器開発も検討を進めており、対応疾患領域の拡大を目指しております。

 


(２) リスクマネジメント事業

  ① ビジネスインテリジェンス・コンプライアンス支援分野

ビジネスインテリジェンス・コンプライアンス支援分野においては、方程式駆動型AI「KIBIT」を活用した「KIBIT Eye（キビット アイ）」、「KIBIT Knowledge Probe（キビット ナレッジ プローブ）」を中心とした監査ソリューションを通じて、大手企業の法令・コンプライアンス全般及び各種規制対応を支援しております。

 

② リーガルテックAI分野

リーガルテックAI分野においては、国内を中心とした不正調査（デジタル・フォレンジック調査）及び電子データの保全・調査分析(eディスカバリ支援)を展開しております。

デジタル・フォレンジック調査では、社内不正や情報漏洩などの有事発生時に、PCやスマートフォンなどのデジタルデバイスから取得したデータを専門的に解析し、事実関係の解明を支援しております。また、有事の際に設置される第三者委員会や特別調査委員会などでも、当社の技術が活用され、企業の迅速かつ的確な危機対応にも貢献しております。

eディスカバリ支援では、国際訴訟や規制対応に必要な電子証拠の開示プロセスを、データの特定・保全から処理、ドキュメントレビュー、提出用データの作成までワンストップで支援しております。これにより、企業の負担を軽減し、迅速かつ正確な対応を実現しております。

 

③ 経済安全保障分野

経済安全保障分野においては、世界情勢や社会構造の急激な変容を背景に、調達リスクや各国の規制に伴う制裁リスクが一層高まっております。国際的に事業を展開する企業では、リスク対策の不備や対応の遅れによる機会損失や信用低下への懸念が強まっており、サプライチェーンリスクの可視化や、制裁リスト対象国・組織による実質支配の把握ニーズが拡大しております。また、重要技術の流出防止や情報漏洩リスクへの対応を含めた包括的なリスク管理体制の整備が喫緊の課題となっており、平時の段階からこれらのリスクへの対応が急務となっています。当社はこれらの懸念及び課題に対応するため、「KIBIT Seizu Analysis（キビット セイズ アナリシス）」を活用したサプライチェーン解析、株主支配ネットワーク解析、研究者ネットワーク解析ソリューションを提供しております。これらの解析結果を基にした、取引先のデューディリジェンスや対策提言を行うことで、平時からの経済安全保障対策を総合的に支援しております。

 


(３)DX事業

 日本においては、デジタル・トランスフォーメーション（DX）の必要性が長年にわたり指摘されているものの、その導入効果を十分に実感できていない企業が依然として散見されます。その背景には、既存のレガシーシステムの刷新が進まず、社内に分散するデータのデジタル化及び統合が十分に進捗していないことが、主な要因として挙げられます。

こうした課題に対応すべく、当社は2025年４月30日に子会社化した株式会社アルネッツが提供するソリューションを活用して、企業内に分散するデータの統合及びデジタル化を実現し、企業のDX推進のための基盤整備を進めております。さらに、当社のプロフェッショナル支援ソリューションを組み合わせることで、DX推進の初期段階からAI導入・高度化に至るまで一貫した支援を提供し、DX事業の持続的な成長に向けた取り組みを加速させてまいります。

 


［事業系統図］

以上述べた事項を事業系統図によって示すと次のとおりであります。"
215A,株式会社タイミー,2026-04-30,"３ 【事業の内容】

当社グループ（当社及び当社の子会社）は、当社、連結子会社（スキマワークス株式会社）の計２社で構成されており、スキマバイトサービス「タイミー」を主なサービスとしたタイミー事業及びタイミーソリューションズ事業を展開しております。

なお、当連結会計年度より、報告セグメントの区分を変更しております。詳細は、「第５ 経理の状況 １ 連結財務諸表等 (1)連結財務諸表 注記事項（セグメント情報等）」をご参照ください。

 


（１）ビジョン・ミッション

当社グループは、「一人ひとりの時間を豊かに」というビジョンのもと、「「はたらく」を通じて人生の可能性を広げるインフラをつくる」というミッションを掲げております。「人生の時間は有限である」、これは創業者である小川嶺が尊敬していた祖父の急逝をきっかけに得た教訓です。有限だからこそ、時間をより価値あるものにする方法をすぐに見つけられ、すぐに実行できる世界をつくりたい。この想いから、時間を豊かにする選択肢の一つとして、好きな時間に働ける「タイミー」が着想されました。当社は、新しい「はたらく」インフラとして、一人ひとりが自分の可能性を広げていける社会を目指しております。

 

（２）サービス概要

当社グループの事業は、タイミー事業を報告セグメントとしており、①スキマバイトサービス「タイミー」、②正社員採用サービス「タイミーキャリアプラス」、③長期アルバイト採用サポートプラン、④その他の４つのサービスにより構成されております。また、報告セグメントに含まれない事業セグメントであるタイミーソリューションズ事業には、⑤ロジヒーローが含まれております。

① スキマバイトサービス「タイミー」

「タイミー」は有料職業紹介事業として「働きたい時間」と「働いてほしい時間」をマッチングするスキマバイトサービスであります。従来の求人媒体型サービスと異なり、「タイミー」でマッチングする業務はクライアントとワーカーの１日単位の直接雇用となっております。

創業者である小川嶺が単発アルバイト勤務を繰り返している中で潜在的に感じたフラストレーションを解消させることで事業が構想されており、応募から働くまでの工程削減（履歴書なし・面接なし）や正当な評価（相互レビュー機能）、働いてから入金されるまでの時間短縮（即金性）に受け継がれています。働き手（以下、「ワーカー」という。）は、働きたい案件を選ぶだけで、履歴書なし・面接なしですぐ働くことができ、勤務終了後すぐに報酬を受け取ることができ、雇用主（以下、「クライアント」という。）は、来て欲しい時間や求めるスキルを設定するだけで、条件にあったワーカーが自動的にマッチングします。新しい就業機会を得たワーカーにとっては「タイミー」での出会いや経験が就業、起業など人生の可能性を広げる機会となり、クライアントにとっては人手不足が解消されるだけでなく、繁忙期に合わせた採用を行うことで人件費の効率化にも寄与しております。ワーカーとクライアント双方に支持され続け、2026年４月末現在、登録ワーカー数は1,420万人、登録クライアント事業所数は46.5万拠点であり、ワーカーの観点ではサービス利用率、クライアントの観点では求人掲載数に基づき、本邦No.１のスキマバイトプラットフォーム（注１）となっております。

「タイミー」のワーカーは、20代からシニア世代までと幅広い世代が多く、正社員・パート/アルバイト・契約/派遣社員・学生といった様々な職業の方に性別問わずご利用いただいております。クライアントは、サービス開始以降、物流業界や飲食・小売業界を中心にご利用いただいております。近年は人流回復やインバウンド需要の回復に伴い、ホテル・宿泊業界での利用も伸びており、また、直近では危機的な人手不足による介護業界での需要など、様々な業界でご利用いただけるサービスとして成長しております。

なお、クライアントは初期費用、掲載料無料で、「タイミー」に最短１時間の業務時間から求人情報を掲載することができます。クライアントが当社へ支払う手数料は、原則としてワーカーに支払う賃金報酬及び交通費の合計額（以下、「賃金報酬等」といいます。）の30％程度であり、成果報酬型の料金体系を採用しております。

（注１）サービス利用率（[調査委託先]マクロミル[調査方法]インターネット調査[調査時期]2025年１月31日から2025年２月４日[調査対象]直近１年以内にスキマバイトを経験したことのある18から69歳の男女1,033人）及び求人掲載数（[調査機関]日本マーケティングリサーチ機構[調査期間]2025年５月13日から2025年６月12日[調査概要]2025年６月期_スキマバイトにおける市場調査）に基づく

 

時代とともに変わる人手確保のソリューション

 




（注２）日本銀行「全国企業短期経済観測調査（短観）」の全業種全規模の雇用人員判断（「過剰」の回答数から「不足」の回答数を差し引いて算出した指数）に基づく

（注３）イメージ画像

 

事業系統図

 




 

ワーカー及びクライアントの属性（注４、５）

 




（注４）左図：ワーカーの属性については、アプリの登録情報と稼働人数を基に算出しております（登録情報は2026年４月末時点、稼働人数は2026年４月の１カ月間）。職業については、2026年４月末時点で職業未登録のワーカーによる稼働を除いております（職業未登録のワーカーによる稼働は全体の約26％）。

（注５）右図：クライアントの属性については、業界別募集人数を基に算出しております（2026年４月の１カ月間）。

 

a）クライアントから選ばれる理由

「今働ける人がすぐに見つかる」

日本全国で1,420万人（2026年４月末時点。サービス開始以来の累計）を超えるワーカーが登録しており、稼働率は約86％（注６）を誇り、パートタイムの平均稼働率約12％（注６）を大きく上回っています。また、勤務開始時間の直前まで求人を掲載できるため、急な欠員や繁忙期にも高確率でワーカーを採用することが可能となっております。そのため、繁忙期を想定した人員を年間を通じて固定で雇用するのではなく、「タイミー」を活用して繁忙度に合わせた採用を行うことで、閑散期の余剰人員を抑えることも可能となっております。人件費の効率化にも貢献でき、クライアントが抱える喫緊の課題に対するソリューションとなっております。

（注６）稼働人数を募集人数で除して算出 [対象期間]2026年４月期の６か月間。パートタイムの平均稼働率は、厚生労働省「一般職業紹介状況（職業安定業務統計）」に基づき、就職件数を新規求人数で除して算出 [対象期間]2026年２月から2026年４月の３か月間。

 

「実績のある優良ワーカー/リピーターが豊富」

クライアントが掲載した求人情報は勤務データ（クライアントからの評価や直前キャンセル・遅刻に基づくペナルティポイント）に基づき、勤務実績の優れたワーカーから先行公開される仕組みを構築しており、サービス開始以降2026年４月末までの期間において、クライアントによるワーカーレビュー数は累計5,573万件（同じ職場で２回以上勤務した場合のレビューを含む）となっております。

また、過去に就業したワーカーの中から、もう一度働いて欲しいワーカーに限定して求人を出す機能（お気に入りリスト機能）も実装しており、毎回の教育コストをかけずに、勤務実績があり優秀なワーカーのみを採用することも可能です。同一業界で勤務経験があるワーカーは約77％（注７）となっておりますが、この機能により、同じ職場で何度も働くワーカーは多く、約65％のワーカーがリピーター（注８）として働いております。クライアントにとっては、「タイミー」を活用いただければいただくほど、教育コストのかからないリピーターのみで現場を回す体制を実現することが可能となっております。

（注７）タイミーで勤務したことがあるワーカーのうち、同一業界（同じ職場も含む）で２回以上勤務したワーカー。サービス開始以来の累計値となっております（2026年４月末時点）。

（注８）タイミーで勤務したことがあるワーカーのうち、同じ職場で２回以上勤務したワーカー。サービス開始以来の累計値となっております（2026年４月末時点）。

 

「充実した労務機能」

「タイミー」でマッチングする業務はクライアントとワーカーの１日単位の直接雇用となっております。そのため、クライアントの労務関連の業務負担を削減するための様々な機能を実装しております。例えば、マッチングの都度クライアント側で作成が必要となる労働条件通知書のドラフトは、求人を掲載する時に自動生成され、ワーカーは必ず事前同意の上で勤務しております。また、出退勤確認として勤務日当日に勤務現場でワーカーが二次元コードを読み込むことで、出退勤時間を記録できる仕組みを構築しており、クライアントに煩雑な労務・保険・税務関連手続きが生じることを防止する目的で、かかる手続きが必要になる一定の条件に該当する求人情報は投稿できない、または、マッチングされない仕組みとしております。クライアントが当社以外を含む複数のサービスを利用すると、かかる一定の条件に該当したかを判断することが難しくなることから、クライアントには充実した労務機能を提供している「タイミー」のみの利用を継続するインセンティブが生じるものと考えております。

ワーカーに支払う賃金報酬等についても、当社が立替払いをすることで即日入金（注９）としておりますので、クライアントは当社から送付する月末締め翌月末払いの請求書で一括精算を行うのみとなっております。

（注９）ワーカーからの振込申請がされていない賃金報酬等については、業務実施月翌月の８日前後から15日までの間にワーカーの銀行口座へ自動振込されます（自動振込の開始日時は、祝日及び当社の営業時間等に応じて変動）。

 

「専任担当者による手厚いサポート」

主要クライアントには専任のカスタマーサクセス担当者をつけることで手厚いサポートを提供しております。クライアントの業務プロセスを把握した上で、ワーカーが対応可能な業務の切り出しを提案し、業務効率の改善（特別なスキル・経験を必要としない業務はワーカーが対応し、正社員は付加価値の高い業務に注力）に貢献しております。また、毎月のワーカー稼働状況及び稼働率の報告や、クライアントの下で働いたワーカーに対するヒアリングを行い、クライアントへのフィードバックを実施するなど、クライアントの満足度の向上に努めております。

 

b）ワーカーから選ばれる理由

「好きな時間に働ける」

ワーカーは、好きな時間、好きな場所、好きな職種で最短１時間から働くことができ、勤務条件の自由度が高くなっております。例えば、育児の合間の時間で働きたい主婦/主夫、希望したシフトに入れなかったパートタイマー、体力的な理由から短時間だけ働きたいシニア世代の中には、シフト制といった従来の働き方では働きたくても働けない方々が数多くおりました。「タイミー」は、あらゆる方々のスキマ時間を活用した就業機会を創出及び提供することで潜在労働力を喚起すると同時に、就業・起業といった人生の可能性を広げるきっかけをも提供しております。

 

「履歴書・面接なし」

従来の一般的な仕事探しは、求人情報を見て応募し、面接を経て合否が決まるまで数週間の時間を要しておりました。「タイミー」は、履歴書や面接は不要で、応募から勤務までの工程を可能な限り削減しております。ワーカーは、働きたい案件を選ぶだけで先着順でマッチングされ、応募したその日から働くことも可能となっております。

 

「報酬は即日入金」

一般的に、派遣・アルバイトの報酬は、月末締め、翌月末払いなどと設定されているケースが多く、賃金報酬等を受け取るまでに一定の時間を要します。「タイミー」では、業務終了直後に賃金報酬等が確定し、ワーカーから振込申請をすることにより、24時間365日いつでも、ワーカー側の振込手数料の負担なしで賃金報酬等の支払いを事前登録した銀行口座にて受けることが可能となっております。副業としてタイミーを利用しているワーカーのうち、約80％のワーカーの本業の年収が500万円未満となっており（注10）、生活費の足し、急な入り用、ちょっとした贅沢等様々な場面で活用いただいております。

（注10）2025年２月５日 当社公表の「タイミーの副業に関する調査（2025年版）」に基づく。調査期間：2025年１月23日から27日、調査対象：ワーカーのうち本業が「会社員」「会社役員」「公務員」「自営業・自由業」の2,031名。

 

「特別なスキル・経験を必要としない業務」

クライアントは、自社の業務プロセスの中から、ワーカーが対応可能な業務を切り出してワーカーを募集しております。そのため、工場での梱包やピッキング・仕分け・検品・搬出入といった軽作業、飲食店の洗い場作業、引越し作業といった特別なスキル・経験を必要としない業務に関する求人情報が多く、幅広い就業機会の提供が可能となっており、募集人数は2025年10月期第２四半期から2026年４月期までの期間（６か月間）において、20％増加しております。

 

c）サービスの健全性を確保するための取組

当社は、「タイミー」を利用する全てのクライアントとワーカーに対して、安心・安全なサービスを提供するため、以下の対応を行い、サービスの健全性の確保に努めております。

 

「求人情報の確認」

当社は、クライアントが投稿する求人情報が労働基準法等の各種法令に違反していないかどうか、求人情報の全件について専任部署が確認しております。求人情報は、原稿を掲載前に全件チェックする体制を構築しており、新しく作成された求人原稿のテンプレートや、内容が変更された求人原稿のテンプレートを用いた求人情報について、その公開前に、目視と機械的な仕組みを組み合わせた全件事前確認をしております。加えて、投稿された求人情報の業務内容とワーカーが実際に行った業務内容に齟齬があった場合などのために、ワーカーによる通報窓口を設置しており、ワーカーはアプリより通報を行うことができます。

 

「本人確認の実施」

ワーカーに対して「タイミー」での求人申込前に本人確認を実施しております。ワーカーは求人申込前に本人情報(氏名・生年月日・住所等)と顔写真を登録し、本人確認書類を撮影してアプリに登録する必要があります。入力された本人情報と本人確認書類が合致する場合にのみ、求人申込をすることができます。

 

「ペナルティポイント」

キャンセルポリシーに基づき、キャンセル又は遅刻した際にペナルティポイントが付与される制度を導入しております。例えば、勤務開始の24時間前までにキャンセルすると４ポイント、勤務開始の24時間前から12時間前までにキャンセルすると５ポイント、12時間前から８時間前までにキャンセルすると６ポイント、遅刻をすると２ポイントが付与されます。また、累積されたペナルティポイントに応じて「タイミー」の使用制限があり、４から７ポイントで１週間以降の求人申込が１件までに制限され、８ポイント以上で一定期間の申込制限となります。ペナルティポイントは勤務終了後のレビューをするごとに１ポイントずつ減らすことができます。なお、申告がない欠勤の場合は、当社キャンセルポリシーに則り一定期間の申込制限となります。2026年４月期の無断欠勤率は約0.2％となっております（注11）。

（注11）無断欠勤は申告なしの欠勤を指します。分子は2026年２月から2026年４月の３か月間の無断欠勤数。分母は同期間に充足された求人数となります。

 

「相互レビュー」

業務終了後にワーカーとクライアントそれぞれが相互に評価を記載できる仕組みを構築し、相互牽制による求人情報の内容の正確性及びワーカーの勤務態度の担保を実施しております。

相互レビューでは、ワーカーは「就業時間は求人内容どおりでしたか？」「掲載されていた仕事内容通りでしたか？」「またここで働きたいですか？」などの項目ではい/いいえを選び、テキストコメントで働いた感想を記載することが求められます。記載したコメントはアプリ上で、他のワーカーからも見ることができ、まだその職場で勤務したことがないワーカーが安全・安心に仕事選びができるようになっております。

一方で、クライアントからも勤務したワーカーの仕事ぶりをGood/Badの２択及びテキストコメントで評価することができます。

相互レビューがあることで、ワーカーにはやりがいを感じていただき、クライアントはレビューコメントの内容をうけて、職場環境の改善につなげるなどの効果も生まれており、クライアントから初回勤務のワーカーへのGood率、初回勤務のワーカーからクライアントへのGood率は共に90％以上となっております（注12）。なお、クライアントとワーカー間でトラブルが発生した際には、当社のカスタマーサポートが間に入り、双方へのヒアリングを実施した上で、円滑に問題解決をする運用を構築しており、クライアント・ワーカー共に問題行動が頻発した場合には、問題行動を起こしたクライアントの利用停止・ワーカーの申込制限を行うなどの対応を講じることもあります。

（注12）サービス開始以来の累計値となっております（2026年４月末時点）。

 

d）ストック性の高いビジネスモデル

「働く」という人々の日常に不可欠な領域が持つ本来のストック性に加え、日本社会が直面する慢性的な労働力不足により、「タイミー」はストック性の高いビジネスモデルとなっております。各企業・業界特有の季節性に起因する変動はあるものの、サービス開始以降、多くのクライアントに継続的にご利用いただいております。

なお、コホート別の流通総額（ワーカーに支払う賃金報酬等の合計額）の推移は以下のとおりであり、当社の収益の大部分は、前四半期以前に登録されたアクティブアカウント（月に少なくとも１つの求人情報を掲載した登録クライアント事業所数）のコホートによるものとなります。2026年４月期第２四半期における流通総額の95％は、2026年４月期第１四半期以前のアクティブアカウントによるものとなりました。

 

 

四半期別コホート流通総額構成（注13）

 




（注13）集計期間は2018年８月１日から2026年４月30日で、初回稼働が発生した日が属する四半期別でみたアクティブアカウントの流通総額の推移で算出しております。

 

ｅ）ネットワーク効果による更なるプラットフォームの拡大

ワーカー及びクライアントへの価値提供や相互レビューの蓄積等を基礎としたネットワーク効果により、プラットフォームが拡大するモデルとなっております。

 




（注14）2026年４月末時点。サービス開始以来の累計。2025年４月末時点から2026年４月末時点における増加率

（注15）クライアントによる募集人数。2025年10月期第２四半期から2026年４月期第２四半期における増加率

（注16）2026年４月期第２四半期の稼働人数を募集人数で除して算出

 

 

② 正社員採用サービス「タイミーキャリアプラス」

ステップアップしたい方への正社員就職・転職支援を通じて、働き手一人ひとりの可能性を広げることを目的に、主に「タイミー」のクライアントに対し、登録ワーカーを中心に正社員として紹介するサービスを提供しております。ワーカー目線では、無料就職支援サービスとして提供しており、転職タイミングの相談から、希望条件の洗い出し、履歴書や職務経歴書の添削、面接練習など、内定が出るまで手厚いサポートを行うことにより、クライアントとワーカーのミスマッチの少ない採用・就職を支援し、ワーカーには新たなキャリアパスを、クライアントには即戦力となる人材との出会いを創出しております。

 

a）タイミーキャリアプラスが選ばれる理由

「日本全国、多様な職種・業界の求人を保有」

「タイミー」のデータを活用し、未経験向けかつ幅広い業種や職種、地域（日本全国）の案件を紹介しております。

 

「キャリアアドバイザーの豊富な知識」

求人企業の採用担当者と直接コミュニケーションを取っているキャリアアドバイザーが担当するため、ワーカーの意向に沿った求人の提案と迅速な選考を実現しております。

 

「転職のはじめから終わりまでサポート」

未経験からの正社員就職・転職事情に精通したアドバイザーが、応募者に寄り添いながら求人紹介から内定までサポートを行っております。具体的には企業ごとの志望動機や自己PRを一緒に考え、履歴書や職務経歴書の添削、面接対策を実施します。

 

b）スポットワーク実績の活用と、正社員キャリアへの接続

「タイミーキャリアプラス」において、スキマバイトサービス「タイミー」での勤務実績データをもとに履歴書が自動生成される「タイミー履歴書」機能を提供しております。本機能は、勤務回数や事業者からのGood率、保有バッジなど、従来の選考書類では可視化が難しかった「真面目さ・勤勉さ」といった働きぶりを客観的なデータとして証明するものであり、これにより学歴や職歴に依らず「働きぶり」で正当に評価される機会を得てキャリア形成に繋げられます。一方、クライアントは採用後のミスマッチを低減できることに加えて、一定水準を超えるワーカーの書類選考や面接を省略することで採用プロセスの大幅な効率化を図ることが可能となっております。

 

ビジネスモデル系統図




 

 

③ 長期アルバイト採用サポートプラン

単発・短期のスポットワーク領域で培ったマッチング基盤と、蓄積された勤務実績や評価データを活用し、長期就業意向のあるワーカーとクライアントの長期雇用に向けたマッチングを支援するサービスを提供しております。事前の勤務体験（お試し勤務）を通じて、企業とワーカーの双方が実務や職場環境を相互に確認できる仕組みを提供することにより、クライアントとワーカーのミスマッチの少ない採用・就業を支援し、ワーカーには希望や適性に沿った長期就業の機会を、クライアントには定着率の高い人材との出会いを創出しております。

 

a）クライアントから選ばれる理由

スポット勤務からの長期採用をよりスムーズに実現することができます。具体的には、長期就業を希望するワーカーと先行してマッチングできる仕組みに加え、ワーカーの長期就業意向を自動で取得することで、クライアントから効率的なアプローチが可能となっております。また、過去に一度でも自社で稼働したことのあるワーカーと再び繋がれる窓口としても機能するため、継続的かつ効果的な採用活動を実現しております。

 

b）ワーカーから選ばれる理由

履歴書の作成や面接を省き、報酬を得ながら仕事探しをするという、新しい「アルバイト先探し」を提供しております。働く前に職場の雰囲気や条件を事前に確認できることで、入社後のミスマッチを防ぎ長く働くことが可能となります。さらに、実際の働きぶりに応じて時給が決定されたり、スキルが直接評価されてスペシャルオファーを獲得できたりするなど、高時給からのスタートできる機会を得られることも特徴となっております。

 

c）スポットワーク実績の活用と、長期キャリアへの接続

スキマバイトサービス「タイミー」での勤務実績データをもとに、従来の選考書類では可視化が難しかった「真面目さ・勤勉さ」といった働きぶりを客観的なデータとして証明する機能を活用しております。これにより学歴や職歴に依らず「働きぶり」で正当に評価される機会を得て、長期的なキャリア形成に繋げられます。一方、クライアントは採用後のミスマッチを低減できることに加えて、働きぶりが証明されたワーカーを採用することで、採用プロセスの効率化と採用後の定着率向上を図ることが可能となっております。

 

＜イメージ画像＞




 

④その他

「タイミー」の事業運営に関連する以下のサービスを展開しております。

・プロジェクト支援業務

主に地方自治体等に対して、人手不足の解消による地方の創生を意図したプロジェクト支援業務を行っております。

 

・Timee BPO（タイミーBPO）

スポットワーカー専用のオペレーションセンターと専任の管理者を配置したBPOサービスを提供しております。当社プラットフォームを通じて集まった多様な人材に対し、独自の「業務設計・受け入れ・教育研修・進行管理」を行うことで、安定した品質と供給力による業務遂行を実現しております。

 

・フィールドマネージャー事業

主に物流・食品製造業界のクライアントに対して、ワーカーの受入サポートやワーカーへの現場教育等業務を担うフィールドマネージャーの配置など、様々なワーカー受入負荷軽減のソリューションを提供しております。当社グループがフィールドマネージャーを派遣するに際しては、「労働者派遣事業の適正な運営の確保及び派遣労働者の保護等に関する法律」に基づき、当社グループが雇用するフィールドマネージャーを派遣先の指揮命令のもと、派遣先の労働に従事させております。

 

⑤ロジヒーロー

物流倉庫の人材課題を解決する物流倉庫のスタッフィングプラットフォームを運営しており、物流倉庫領域における業務委託（BPO）型運営を行っております。"
2160,株式会社ジーエヌアイグループ,2025-12-31,"３【事業の内容】

当社グループは、連結財務諸表提出会社（以下、当社という）と、連結子会社24社及び関連会社２社により構成され、その事業内容を医薬品事業と医療機器事業に区分しております。医薬品事業では、中国市場で販売しているアイスーリュイ及び臨床試験が完了したF351を主力とする開発化合物の研究開発及び製造販売を行っております。医療機器事業では、米国を拠点とし医療機器（生体材料）の開発及び製造販売を行っております。

事業区分、主要製品等及び主要な会社の関係は、次のとおりです。

 

事業区分

主要製品等

主要な会社

医薬品事業

アイスーリュイ、医薬品開発、その他医薬品、試薬

上海ジェノミクス有限公司

GNI Hong Kong Limited

Gyre Therapeutics, Inc.

 Gyre Pharmaceuticals Co., Ltd.

Cullgen Inc.

Cullgen (Shanghai), Inc.

Cullgen Australia Pty Ltd.

上海リーフ国際貿易有限公司

医療機器事業

生体材料、医療機器選任製造販売業者、治験国内管理人サービス、歯科技工物の作製、CAD/CAMを用いた歯科技工業及び歯科医院コンサルティング

Berkeley Advanced Biomaterials LLC

Berkeley Biologics LLC

マイクレン・ヘルスケア株式会社

株式会社ZOO LABO

（注） 上記における事業区分は、「第５ 経理の状況、１ 連結財務諸表等、（１）連結財務諸表、連結財務諸表注記、６．事業セグメント」における事業区分と同一です。

 

事業の系統図は、次のとおりです。"
2162,ｎｍｓホールディングス株式会社,2026-03-31,"３【事業の内容】

当社グループ（当社及び連結子会社）の報告セグメントは、ＨＳ事業（ヒューマンソリューション事業：人材ビジネス事業）、ＥＭＳ事業（エレクトロニクスマニュファクチャリングサービス事業）、ＰＳ事業（パワーサプライ事業：カスタム電源事業）の３つで構成されています。

製造派遣・製造請負を柱とするＨＳ事業は、当社グループの原点であり、日本マニュファクチャリングサービス株式会社を母体とし、事業を開始しました。事業の裾野をモノづくりへと広げる中、ＨＳ事業とシナジーが活かせる技術ノウハウの獲得を目的に、2010年７月に株式会社志摩電子工業及びそのグループ会社を、2011年７月に株式会社テーケィアール（現 株式会社ＴＫＲ）及びそのグループ会社を経営統合し、ＥＭＳ事業を発足させました。2014年10月には、開発、設計といった製造における上流プロセス機能及び技術力の確保を目的に、パナソニック株式会社（現 パナソニックホールディングス株式会社）から一般電源事業を譲り受け、パワーサプライテクノロジー株式会社においてＰＳ事業を発足させました。これにより、人材派遣及び製造請負を展開するＨＳ事業、電子・電気機器の製造受託を行うＥＭＳ事業に加え、電源関連製品の開発から設計、製造、販売まで行うメーカー機能としてＰＳ事業を有する、独自性ある事業体となりました。

2017年４月には、持株会社体制へ移行し、ＨＳ事業は「日本マニュファクチャリングサービス株式会社」が事業承継し、グループ事業統括・経営管理を担う「ｎｍｓ ホールディングス株式会社」と、個別事業を担う「事業会社」の機能をより明確にした事業構造となっています。

なお、当社は有価証券の取引等の規制に関する内閣府令第49条第２項に規定する特定上場会社等に該当しており、これによりインサイダー取引規制の重要事実の軽微基準については連結ベースの数値に基づいて判断することとなります。

また、当連結会計年度より報告セグメントの区分を変更しております。詳細は、「第５ 経理の状況 １ 連結財務諸表等 （１）連結財務諸表 注記事項（セグメント情報等）」に記載のとおりであります。

各事業の概要は以下のとおりです。

 

（１）ＨＳ事業

ＨＳ事業は、国内／海外におけるマニュファクチャリングサービス全般を日本・中国・ＡＳＥＡＮ諸国にて展開しています。お客様のニーズに合わせ、機動的な人材確保に加え、グループ内ＥＭＳ事業の省力化ノウハウを活かした生産効率向上の複合提案も行っています。また、研修施設や日本語教育システム等を活用し、外国人材定着支援サービスも展開しています。主な事業内容は以下のとおりです。

国内／海外におけるマニュファクチャリングサービス全般

・製造事業（受託・請負・派遣・紹介）

・生産系エンジニアリング事業（受託・派遣・紹介）

・ＩＴ・設計開発エンジニアリング事業（受託・派遣・紹介）

・テクニカルサービス事業（各種リペア・リワーク・解析等／カスタマーサービス全般）

・ロジスティクスサービス事業（３ＰＬ／流通加工／派遣）

・外国人技能実習制度に関わる入国後教育研修の受託及び実習生受け入れ先への業務支援

 

（２）ＥＭＳ事業

ＥＭＳ事業は、実装・プレス・成型・完成品組み立て、さらには、試作、部品調達、検査等、広範囲にわたるノウハウを有し、高い実装品質と低コストの生産ライン構築で、一貫生産・量産はもちろんのこと、プロセス単体・少量多品種等、お客様のニーズへの機動的な生産対応を行っています。海外においては、中国、マレーシア、ベトナムに生産拠点を展開しており、2018年12月には米国・テキサス州に拠点を設立、2019年３月31日にはソニー株式会社（現 ソニーグループ株式会社）から同社米国法人Sony Electronics Inc.の事業部門Sony Service and Operations of Americasの機能及び事業、ならびにメキシコ生産拠点を事業譲受する等、グローバル事業体制の拡充を図っています。主な事業内容は以下のとおりです。

・電子機器製造受託サービス（基板実装、基板組立、簡易プレス、樹脂成型、組立 等）

・電子機器修理サービス

・車載関連機器・部品の設計・開発・製造

・お客様とのシェアリングビジネス、これに係る設計・開発・営業

・スタートアップソリューション事業

 

（３）ＰＳ事業

ＰＳ事業は、電源専業メーカーとして、「安全・安心」を追求した電源・電源関連部品をお客様に提供しています。日本及び中国において拠点展開する一方、新たな事業の柱として、主軸の電源・電源関連部品に加え、クルマや産業機器類の「電動化」に対応するＥＶ関連製品を開発し、新規分野への参入を行っています。

主な事業内容は以下のとおりです。

・カスタム電源（スイッチング電源、高圧電源）の開発・設計・製造・販売

・マグネットロールの開発・設計・製造・販売

・各種トランス（スイッチングトランス、高圧トランス）の開発・設計・製造・販売

 

以下に、各事業の事業系統図を記載いたします。"
2163,株式会社アルトナー,2026-01-31,"３【事業の内容】

  当社グループは、当社（株式会社アルトナー）、連結子会社２社により構成されており、技術者派遣事業、請負・受託事業、その他事業を行っております。

 

(1）技術者派遣事業及び請負・受託事業

  当社グループは、主として設計技術者の人材派遣に特化した技術者派遣事業を、現在、宇都宮・横浜・浜松・名古屋・大阪の事業所を拠点として展開・運営を行っております。

  技術者派遣事業とは、設計技術者を通じて、ソフトウェア（IoT機器に組み込まれるソフトウェアやネットワークシステムのアプリケーションソフトウェアの開発）、電気・電子（機器や装置の心臓部となる回路基板設計、信頼性評価）、機械（2D CAD・3D CADを使用して、機械が動く仕組みの設計）等の専門的技術を提供し、顧客企業の設計開発部門を支援する業務であります。

  また、顧客企業より設計開発を受託する請負・受託事業を併せて行っております。

 

(2）顧客企業との契約形態

  当社グループが行う事業の契約形態には、派遣契約、請負契約等があります。当社グループは主として派遣契約を顧客企業と締結することで事業を展開しておりますが、一部の顧客企業に対しては請負契約等を締結しております。

 

①  派遣契約

  派遣契約は、派遣労働者となる設計技術者を雇用する当社グループ（派遣元）と使用者である顧客企業（派遣先）とが分離していることで、設計技術者は派遣先の指揮命令のもと、派遣先の労働に従事するものであります。

  当社グループ（派遣元)・顧客企業（派遣先)・設計技術者（派遣労働者）の関係を図示すると、以下のようになります。

 

②  請負契約

  請負契約は、当社グループが顧客企業から業務を受託し、その業務遂行の指示や設計技術者の労務管理等について、一切の責任を当社グループが負い、顧客企業に成果物を納品するものであります。

  当社グループ（受託者)・顧客企業（委託者)・設計技術者の関係を図示すると、以下のようになります。

 

［事業系統図］

  以上、述べた事項を事業系統図によって示すと次のとおりであります。"
2164,株式会社地域新聞社,2025-08-31,"３【事業の内容】

当社の事業は、「広告関連事業」（新聞等発行事業、折込チラシ配布事業及び販売促進総合支援事業）及び「不動産事業」並びに「その他の事業」により構成されております。

なお、次の三つの事業は「第５ 経理の状況 １ 財務諸表等 （１）財務諸表 注記事項」に掲げるセグメントの区分と同一であり、それぞれの事業の内容は次のとおりであります。

また、当事業年度より報告セグメントの区分を変更しております。詳細は「第５ 経理の状況 １ 財務諸表等 （1）財務諸表 注記事項（セグメント情報等）」に記載のとおりであります。

 

１．広告関連事業

(1）新聞等発行事業

当社が発行する「ちいき新聞」は購読料のかからない地域情報紙（以下「フリーペーパー」という。）であり、当社は「ちいき新聞」紙上に発行エリア（版、注１）ごとの地域のイベント、社会、文化、スポーツ等に係る身近な情報（記事）を載せ、毎週継続的に発行しております。当該事業は紙面に掲載する広告枠を販売し、かつ、当該広告を当社が制作し配布する一連のサービスの対価を当該顧客から収受する事業であります。その広告枠は、５か所の事業所（八千代支社、成田支社、船橋支社、千葉支社、柏支社）の営業担当者が広告主に直接販売する場合と、広告代理店を経由して販売する場合があります。その他にも、当社が発行する求人情報紙「Happiness」の発行事業がございます。当該事業は「ちいき新聞」とは別に求人広告紙を制作し、当該サービスの発行スケジュールに則り継続的に発行しております。「Happiness」の紙面に掲載する求人広告枠を販売し、かつ、当該広告を当社が制作し「ちいき新聞」に折込配布する一連のサービスの対価を当該顧客から収受する事業であります。その広告枠は、「ちいき新聞」と同様に５か所の事業所の営業担当者及び「Happiness」の販売専門部署の営業担当者が広告主に直接販売する場合と、広告代理店を経由して販売する場合があります。

当社は行政区画と広告主の商圏を考慮し、「ちいき新聞」の１発行エリア（版）当たりの標準世帯数を４万世帯前後としており、当該前提に従って当社の事業エリアである千葉県（主に千葉県北西部地域を中心として）、茨城県（主に茨城県南西部を中心として）を40版に細分し、１発行当たり約174万部（2025年８月31日現在、注２）の「ちいき新聞」を発行しております。このため、広告主は広範囲を対象にした広告から、地域を限定したピンポイントの広告まで、販売促進対象エリアの広さを柔軟に変えることができます。「Happiness」におきましては、「ちいき新聞」の配布エリアを15エリアに分割し、各エリアで約10万部発行し「ちいき新聞」に折込配布しております。

なお、「ちいき新聞」及び「Happiness」の印刷作業は印刷会社に全て委託しております。また、「ちいき新聞」及び「Happiness」の配布方法は、原則として戸別配布員（ポスメイト、注３）によって構成される当社独自の配布組織を組成及び活用し、一般の新聞を購読していない家庭にも戸別配布しております。

 

［事業系統図］

 

(2）折込チラシ配布事業

折込チラシ配布事業とは、当社が発行する「ちいき新聞」にチラシを折り込んで配布する事業であります。チラシはあらかじめ顧客が制作して当社に持ち込むケースと、当社が顧客の依頼を受けて制作まで請負うケースがありますが、チラシの制作を顧客から請負う場合、その制作請負に係る売上高は後述の販売促進総合支援事業売上高として計上いたします。

また、当社は折込チラシの配布エリアを500から1,000世帯単位に細分しており、「○○町だけ配布」といった地域を限定したものからより広範囲を対象にしたものまで、広告主のチラシ配布エリアに係るニーズにきめ細かく対応した配布が可能となっております。

 

［事業系統図］

 

(3）販売促進総合支援事業

販売促進総合支援事業は、行政機関の刊行物制作・配布の受託や、前述の新聞等発行事業や折込チラシ配布事業の領域に属さない販売促進関連業務（展示会等の広告イベントの企画及び運営、配布チラシやポスターの編集及び制作、店舗ディスプレイ計画の立案等）を通じて、広告主の様々な販売促進活動を支援する事業であります。

 

［事業系統図］

 

２．不動産事業

不動産事業は、千葉県市川市に所有する賃貸マンション及び、賃貸土地の不動産賃貸事業を運営しております。

 

３．その他の事業

その他の事業として、当社WEBサイト「チイコミ！」の運営、教養、趣味及び娯楽等を顧客に教授し入会金及び受講料を収受するカルチャースクール運営事業、当社加盟基準を満たした優良な外壁塗装工事等の業者をお探しの依頼者に紹介するマッチング事業、地域性のある商品を販売する通信販売事業等を展開しております。また、セグメント媒体の需要の高まりを背景に、小中学校向けキャリア教育支援副教材『発見たんけん』の発行エリアを拡大しているほか、高校生向け就活支援冊子『Start!』、大学生向け就活支援冊子『Overture』を発行しております。さらに、「生成AIを活用した心理状態デジタルツインによる広告効果最大化技術」に関する特許を出願し、実証実験を開始しております。本特許は、消費者行動ビッグデータ基盤と生成AI技術を融合することで、広告領域にとどまらず、将来的に無限の拡張性を有しており、幅広い業種におけるダイレクトセールスやダイレクトマーケティングなど多様なソリューションへの応用を目指しております。

 

（注）１．「ちいき新聞」の発行に係る最小単位であります。

２．「ちいき新聞」2025年８月29日発行号に係る発行実績であります。

３．「ちいき新聞」を戸別配布する要員の呼称であります。地域在住の方に配布委託を行っております。"
2168,株式会社パソナグループ,2026-05-31,"３ 【事業の内容】

当社グループは、持株会社である当社と連結子会社66社及び持分法適用関連会社４社で構成されております。報告セグメントについては、BPOソリューション（委託・請負）、エキスパートソリューション（人材派遣）、キャリアソリューション（人材紹介、再就職支援）、グローバルソリューション（海外人材サービス）、ライフソリューション（子育て支援、ライフサポート等）、地方創生・観光ソリューションの６セグメントに分類し、人材関連事業や地方創生事業等を行っております。

2026年５月31日現在の事業セグメントと主なグループ各社の位置付けは以下のとおりです。

 

(1) 事業のセグメントと主なグループ会社

 














セグメント



主なグループ会社







HRソリューション 







 



BPOソリューション

(委託・請負)

 

エキスパートソリューション

(人材派遣)

 

 



(株)パソナ
(株)パソナHS
(株)パソナJOB HUB
(株)パソナロジコム
(株)Pasona art now
(株)パソナHRソリューション
(株)パソナマスターズ
(株)パソナナレッジパートナー
(株)パソナ知財信託
(株)パソナサステナビリティ
(株)パソナハートフル
(株)パソナハートフルウエスト
(株)PASONA VIV JAPAN



ビーウィズ(株)
(株)パソナ日本総務部
(株)アサヒビールコミュニケーションズ
長崎ダイヤモンドスタッフ(株)
(株)パソナジョイナス
(株)パソナフォース
(株)パソナデータ&デザイン
(株)パソナセーフティネット
(株)プロフェリエ
(株)テクノリサーチ
(株)アイブリット
(株)ドゥアイネット
Radiant Communication Sdn. Bhd.







 



キャリアソリューション

(人材紹介、再就職支援)



(株)パソナ



 







グローバルソリューション
(海外人材サービス)



 Pasona N A, Inc.
 Pasona Canada, Inc.
 PT. Dutagriya Sarana
 Pasona Taiwan Co., Ltd.
 MGR Consulting Co., Ltd.
 Pasona Asia Co., Limited
 Pasona Korea Co., Ltd.



Pasona India Private Limited
Pasona Vietnam Co., Ltd.
PT Pasona HR Indonesia
Pasona Singapore Pte. Ltd.
Pasona Education Co. Limited
Pasona HR Malaysia Sdn. Bhd.
Agensi Pekerjaan Pasona Sdn. Bhd.







 Pasona Human Resources (Shanghai) Co., Ltd.
 Pasona Recruitment (Thailand) Co., Ltd.
 Pasona HR Consulting (Thailand) Co., Ltd.

 Pasona Oversea Recruitment (Thailand) Co., Ltd.







ライフソリューション
 (子育て支援、ライフサポート等)



(株)パソナフォスター



(株)パソナライフケア







地方創生・観光ソリューション

 



(株)パソナふるさとインキュベーション

(株)ニジゲンノモリ

(株)パソナ農援隊

(株)Awaji Nature Farm

(株)パソナHR HUB

(株)匠創生

(株)パソナ古酒蔵

(株)日本の古酒蔵

(株)丹後王国ブルワリー

(株)丹後蔵



(株)パソナ東北創生

(株)地方創生

(株)リボーン

(株)パソナふるさとマルシェ

(株)パソナウェルネスツーリズム

(株)パソナツーリズム

(株)Pasona resort

(株)Pasona Future Gateway

(株)PASONA NATIVE Design





 


(注１)2026年６月１日付で(株)CCHサウンドの株式を追加取得し子会社化するとともに、商号を(株)パソナCCHサウンドに変更しております。

(注２)2026年７月１日付で(株)地方創生の商号を(株)パソナ地方創生に変更しております。

 

 

(2) 主要なセグメントの内容

HRソリューション

①BPOソリューション（委託・請負）

顧客から業務を受託または請け負い、当社グループの社員、その業務遂行のため雇用契約を締結した労働者等の体制で、当社グループが業務処理するものです。業務委託・請負契約による取引には、オンサイト（顧客内）において受託業務を行う形態と、当社グループが自ら設備・システム等を有して、顧客の業務プロセスを受託するBPO（ビジネスプロセス・アウトソーシング）やコンタクトセンター運営等の形態があります。加えて、フリーランスや上場企業の元役員などのプロフェッショナル人材によるコンサルティングや経営支援を行う顧問コンサルティング事業など、企業の経営課題に対する多様な事業を展開しており、いずれの事業もBPOソリューションに含めております。

人材派遣契約では派遣スタッフへの指揮命令は派遣先が行うのに対し、業務委託・請負契約では当社グループが労働者に指揮命令を行います。

 

②エキスパートソリューション（人材派遣）

「労働者派遣事業の適正な運営の確保及び派遣労働者の保護等に関する法律（以下「労働者派遣法」という。）」の規定に従い、厚生労働大臣の許可を受けて派遣スタッフを募集・登録し、企業等へ派遣する「労働者派遣事業」を行っております。当社グループが労働者を派遣するに際しては、予め派遣スタッフを募集・登録し、派遣スタッフの希望と派遣先の条件を合致させたうえで、派遣スタッフと当社グループとの間に雇用契約を締結し、派遣先へ派遣しております。

 

③キャリアソリューション（人材紹介、再就職支援）

「人材紹介」は、「職業安定法」に基づき、厚生労働大臣の許可を受けて、転職・就職の希望者を募集・登録し、同時に求人情報を収集して相互のニーズをマッチングする有料職業紹介事業です。

また「再就職支援」は、会社都合による企業の退職者または退職予定者等（以下、サービス利用者）に対して、次の再就職先が決定するまで、職務経歴書作成や面接対策、求人情報の提供、独立支援などを行う事業です。企業が早期退職制度の実施や外部への出向など社員の転進支援を行う場合において、こうした企業と基本契約を締結し、その企業から対価を受けて、サービス利用者のキャリア構築を支援しております。

 

グローバルソリューション（海外人材サービス）

海外において、人材紹介、人材派遣・請負、給与計算、教育・研修などのフルラインの人材関連サービスを提供しております。

 

ライフソリューション（子育て支援、ライフサポート等）

認可・認証保育所、企業内保育施設、学童保育施設の運営、児童教育などの子育て支援事業、家事代行などのライフサポート事業、デイサービス、訪問介護などを行う介護事業を行っております。

 

地方創生・観光ソリューション

地域住民や地域企業、地方自治体と協力、連携しながら、地方に新たな産業と雇用を創出する地方創生・観光事業に取り組んでおり、地域の特産品を活用した飲食事業やアミューズメント事業、宿泊事業のほか、地域活性化のための観光促進や企業誘致に関する事業を行っています。

 

 

（事業系統図)"
2169,ＣＤＳ株式会社,2025-12-31,"３【事業の内容】

当社グループは、当社と株式会社ＭＣＯＲ、株式会社バイナス、SAS SB Traduction（フランス）、株式会社東輪堂、株式会社ＰＭＣにより構成され、技術情報ソリューション事業、ＦＡロボットソリューション事業、デジタルソリューション事業の３事業を営んでおります。グループ各社の得意分野を組み合わせることで相互に補完し、取引先企業におけるビジネスプロセスの全ての段階へのサポートを実現可能とする「技術情報統合マネジメント企業」として、自動車、産業機器、医療機器、情報機器、教育関連、物流、食品、農水産物等、幅広い業界へのサービス提供を行っております。なお、事業の区分は「第５ 経理の状況 １(１)連結財務諸表 注記事項」に掲げるセグメントの区分と同一であります。

 

（技術情報ソリューション事業）

技術情報ソリューション事業は、当社とSAS SB Traduction、株式会社東輪堂、株式会社ＰＭＣで構成されており、３Ｄ－ＣＡＤによる製品・設備等の設計支援ならびに技術情報をベースとしたコンサルティング、各種マニュアル・デジタルコンテンツ類の制作に付随する事業を行っております。

当社は、３Ｄ－ＣＡＤ設計業務等の受託および技術者派遣を行っております。また、顧客企業の製品開発工程において制作された技術資料等を基に、業務マニュアルや製品の取扱説明書等の各種ドキュメントの制作を受託しております。

在外子会社のSAS SB Traductionは、フランスにおいて各種ドキュメントを世界各国の言語に展開するための多言語翻訳およびソフトウエアのローカリゼーションを行っております。

株式会社東輪堂は、ＩＴ関連機器および業務用機器の多言語マニュアル制作ならびに各種翻訳を行っております。

株式会社ＰＭＣは、製品の取扱説明書、各種マニュアルおよびカタログ等の制作を行っております。

 

（ＦＡロボットソリューション事業）

ＦＡロボットソリューション事業は、株式会社バイナスで構成されており、ロボット・ＦＡシステムの製造、制御ソフトウエアの開発、ＦＡ関連教育システムの製造・販売、教育支援サービス等に付随する事業を行っております。

株式会社バイナスは、様々な製造工程に対応したＦＡロボットシステムの開発を主軸に、ものづくりのプロセスにおける省人化を提案しております。また、各種制御の技術ノウハウとＦＡ技術等の工業技術教育に携わってきた実績を活かして、ロボット実習装置「Robo-Trainer」を製造・販売しております。

 

（デジタルソリューション事業）

デジタルソリューション事業は、株式会社ＭＣＯＲで構成されており、ＩＴインフラの企画・設計・構築・運用、システムインテグレーション、ハードウエア保守、組込みソフトの開発等に付随する事業を行っております。

株式会社ＭＣＯＲは、ＣＡＤ、ＣＡＥ、ＢｏＭ等のシステム開発を主軸に事業を展開しております。また、自動車・産業機器分野で培った技術であるＭＢＤの各種受託制御設計、制御ソフト開発、ＭＢＤ教育および自動車・航空機メーカー等における主要ＰＬＭシステムの導入支援・カスタマイズ・データ連携等にも力を入れております。

 

顧客企業のビジネスプロセスと当社グループの事業との関わりは次の事業系統図のとおりであります。

 

 

事業の名称

項目

内容

技術情報

ソリューション

事業

事業内容

３Ｄ－ＣＡＤによる製品・設備等の設計支援ならびに技術情報をベースとしたコンサルティング、各種マニュアル・デジタルコンテンツ類の制作に付随する事業

技術

製品・サービス

コア技術

３Ｄ－ＣＡＤ、ＣＡＥ、テクニカルライティング、Ｗｅｂ・ｅラーニングコンテンツ、ＣＧアニメーション、動画コンテンツ、多言語翻訳等

主要製品・サービス

３Ｄ－ＣＡＤ設計業務等の受託および技術者派遣、取扱説明書、各種サービス資料、教育用資料、販売促進用資料等

ＦＡロボット

ソリューション

事業

事業内容

ロボット・ＦＡシステムの製造、制御ソフトウエアの開発、ＦＡ関連教育システムの製造・販売、教育支援サービス等に付随する事業

技術

製品・サービス

コア技術

先端ロボット・センシング技術、産業用ロボット・協働ロボット・ＡＭＲアプリケーション等

主要製品・サービス

ロボットシステム製造、ＦＡエンジニアリング、メカトロ教材の製造・販売、教育支援サービス等

デジタル

ソリューション

事業

事業内容

ＩＴインフラの企画・設計・構築・運用、システムインテグレーション、ハードウエア保守、組込みソフトの開発等に付随する事業

技術

製品・サービス

コア技術

ＣＡＤ、ＰＤＭ、ＣＡＥ、ＣＡＴ、ＭＢＤ、ＯＡ、ＢｏＭ等

主要製品・サービス

ＭＢＤソリューション、ＰＬＭソリューション、ＩＴインフラソリューション、システムインテグレーション、各種ＩＴサービス、製品販売等

顧客企業の製品開発等の支援を行うにあたり、取引先と「業務請負契約」あるいは「派遣契約」を締結し、従業員や派遣対象者を顧客企業に常駐させるなどして、顧客企業における製品開発業務への多面的なサポート体制を敷いております。

派遣契約の場合は、雇用者（当社等）と派遣労働者との間に雇用関係はありますが、派遣労働者は派遣先である顧客企業の指揮命令により業務を遂行することとなります。

なお、契約を締結する際には顧客企業側のニーズ等を両社で協議し、契約形態を決定しております。

 

（注） 主な用語の定義は次のとおりです。

ＣＡＤ（Computer Aided Design）

：「コンピュータ支援設計」建築物や工業製品の設計にコンピュータを用いること。

ＣＡＥ（Computer Aided Engineering）

：工業製品の設計・開発工程を支援するコンピュータシステム。

ＡＭＲ（Autonomous Mobile Robot）

：「自律走行搬送ロボット」周囲の環境に合わせた最適な経路を自律的に判断して物品の搬送を行うロボット。

ＰＤＭ（Product Data Management）

：工業製品の開発工程において、設計・開発に関わる全ての情報を一元化して管理し、工程の効率化や期間の短縮をはかる情報システム。

ＣＡＴ（Computer Aided Testing）

：製品の検査や検査支援を行うシステム。

ＭＢＤ（Model Based Development）

：「モデルベース開発」コンピュータによるシミュレーションを積極的に取り入れた製品開発の手法。

ＢｏＭ（Bill of Materials）

：部品表のこと。製品がどの部・下位構成品・中間製品および原資材などから構成・製造されるかという関係を示した表やデータのこと。

ＰＬＭ（Product Lifecycle Management）

：「製品ライフサイクル管理」保守を含めた製品のライフサイクル全体を管理すること。"
2170,株式会社リンクアンドモチベーション,2025-12-31,"３【事業の内容】

事業の概況

当社グループは、当社、子会社22社（当社の100％連結子会社であるLink and Motivation Singapore Pte. Ltd.、LINK AND MOTIVATION VIETNAM CO., LTD、Link and Motivation (Thailand) Co., Ltd.、Link and Motivation Philippines Inc.、PT. Link and Motivation Indonesia、Unipos株式会社、株式会社リンクソシュール、ジャパンストラテジックファイナンス株式会社、イー・アソシエイツ株式会社、株式会社リンクアカデミー、株式会社モチベーションアカデミア、株式会社リンク・インタラック、株式会社リンク・アイ、株式会社リンクダイニング、株式会社リンク・インタラックの子会社である株式会社インタラック北日本、株式会社インタラック関東北、株式会社インタラック関東南、株式会社インタラック関西東海、株式会社インタラック西日本、Link Japan Careers America Inc.及びLink Japan Careers Europe LTD.、当社の約53％連結子会社であるオープンワーク株式会社）、持分法適用関連会社１社（株式会社FCE）の合計24社から構成されております。

当社グループは、「私たちは、モチベーションエンジニアリングによって、組織と個人に変革の機会を提供し、意味のあふれる社会を実現する」というミッションのもと、経営学・社会システム論・行動経済学・心理学等の学術的成果を取り入れた、当社グループの基幹技術「モチベーションエンジニアリング」を用いて多くの組織と個人の変革をサポートしております。これまでの事業展開の中で、この技術を進化させ、汎用性のある独自のメソッドとして確立してまいりました。今後は、この「モチベーションエンジニアリング」の適用範囲を更に拡大して、事業成長につなげてまいります。

当社グループは、サービスの提供形態を基礎としたDivision別セグメントから構成されており、「組織開発Division」「個人開発Division」「マッチングDivision」の３つを報告セグメントとしております。

 

 

《組織開発Division》

組織開発Divisionでは、個人から選ばれる組織（モチベーションカンパニー）創りを支援しております。具体的には、当社グループの基幹技術である「モチベーションエンジニアリング」を適用し、従業員・応募者・顧客・株主等の企業を取り巻くステークホルダーとのエンゲージメント向上を支援するサービスを提供しております。

組織開発Divisionは、「① コンサル・クラウド事業」と、「② IR支援事業」の２つに分類されます。

 

① コンサル・クラウド事業

当該事業は、企業に対してコンサルティングとクラウドサービスを提供することにより、診断・変革を通じた人的資本経営の実践を支援しております。具体的には、独自の診断フレームに基づいた組織課題の診断と、採用・育成・制度・風土といった組織人事の全領域における変革ソリューションをワンストップで提供しております。クラウドサービスについては、人材力やエンゲージメント向上等、組織人事の課題解決を支援するHRTech（人材×テクノロジー）である「モチベーションクラウド」を展開しております。

 

② IR支援事業

当該事業は、企業に対して、紙・WEB・映像メディア・イベントの企画制作サービスを提供することにより、主に人的資本経営の公表を支援しております。具体的には、株主・投資家向けの統合報告書・株主通信等の任意開示資料の制作、決算説明会の集客・動画配信等の映像メディア制作に加え、イベント・メディアを通じたインナーブランディング支援を行っております。

 

《個人開発Division》

個人開発Divisionでは、組織から選ばれる個人（アイカンパニー）創りを支援しております。具体的には、当社グループの基幹技術である「モチベーションエンジニアリング」をキャリアスクール・学習塾のビジネスに適用し、小学生から社会人までを対象に、目標設定から個人の課題把握、学習プランの策定・実行に至るサービスをワンストップで提供しております。

個人開発Divisionは、「③ キャリアスクール事業」と、「④ 学習塾事業」の２つに分類されます。

 

③ キャリアスクール事業

当該事業は、大学生・社会人に対して、IT・語学等のスキル開発講座や資格取得講座を提供することにより、キャリアアップを支援しております。具体的には、パソコンスクールの「AVIVA」、資格スクールの「DAIEI」、外国語スクールの「ロゼッタストーン・ラーニングセンター」、「ロゼッタストーン Premium Club」及び「ハミングバード」の５つのサービスを提供しております。

 

④ 学習塾事業

当該事業は、小・中・高校生に対して、学習塾という形で教育機会を提供することにより、学力向上と社会で活躍するためのスキル獲得を支援しております。具体的には、中学受験を目指す小学生を対象にした個別指導学習塾「ＳＳ-１」と、中高生向けの学習塾「モチベーションアカデミア」の２つの進学塾を、通学・オンラインの形態にて展開しております。

 

《マッチングDivision》

マッチングDivisionでは、組織と個人をつなぐ機会提供としてALT（Assistant Language Teacher）配置事業と人材紹介事業を展開しております。当社グループの基幹技術である「モチベーションエンジニアリング」を適用し、企業や自治体が求めるスキル要件にとどまらず、データをもとに個人の特性とのマッチングを可能にする「フィッティング」も行うことで、定着率の高いマッチングを実現しております。

マッチングDivisionは、「⑤ ALT配置事業」と、「⑥ 人材紹介事業」の２つに分類されます。

 

⑤ ALT配置事業

当該事業は、自治体に対して、日本で働きたい外国籍人材とのエンゲージメントの高いマッチング機会を提供することにより、質の高い英語教育を支援しております。具体的には、全国の小・中・高等学校へのALTの派遣及び英語指導の請負をサービスとして提供しております。本事業は、顧客との信頼関係や実績が重視されるため参入障壁が非常に高く、当社グループは民間企業で圧倒的No.１のシェアを確立しております。

 

⑥ 人材紹介事業

当該事業では、求職者と企業に対して、就職・転職のための情報プラットフォームやエンゲージメントの高いマッチング機会を提供することにより、求職者と企業のフィッティングを支援しております。具体的には、国内最大級の社員クチコミ数を有する情報プラットフォーム「OpenWork」をはじめ、大学生を対象とした人材紹介等幅広いマッチング機会を提供しております。

 

［その他］

当社グループのステークホルダーが集う場として、イタリアンレストラン経営を行っております。"
2172,株式会社インサイト,2025-06-30,"３【事業の内容】

当社グループは、当社（株式会社インサイト）及び連結子会社５社で構成されており、各事業内容と当社グループ各社の当該事業に係る位置付けは以下のとおりであります。

なお、次の２事業は「第５ 経理の状況 １．連結財務諸表等（1）連結財務諸表 注記事項 セグメント情報等」に掲げるセグメントの区分と同一であります。

 

（１）広告・マーケティング事業

当社グループは事業領域を、クライアントが設定する集客や売上の目標を実現するための総合的な広告戦略の最適化と捉え、最適な広告手法を構築し、広告サービスの提供を通じてクライアントのイメージと業績の向上に繋げる一連の流れを創出する取り組みを「広告・マーケティング事業」と定め、従来からの新聞折込チラシ、マスメディア広告等の各種媒体、イベントや販促物、観光業のクライアント企業に加えて、官公庁や自治体を対象とした、地方創生事業、観光コンサルティング、デジタルマーケティング等の企画、運用及び制作業務を行っております。

品目別の内容は以下のとおりであります。

品目

内容

新聞折込チラシ

新聞折込広告の企画制作、折込チラシの製作、新聞折込の手配

マスメディア４媒体

テレビ・ラジオ、新聞、雑誌等のマスメディアを利用した広告の企画制作、放送及び掲載の手配

販促物

カタログやＰＯＰ等の印刷物、プロモーション映像、ダイレクトメール、看板等の企画制作及び製作

観光コンサル

地方創生事業を中心とした官公庁事業、ふるさと納税事業

インターネット

デジタルマーケティングの企画及び運用

その他

集客イベント等の企画制作及び運営

 

［事業系統図］

広告・マーケティング事業系統図は次のとおりであります。

 

 

 

①広告/デザインサービス

クライアントの広告戦略の立案から関与し、特定の広告手法や広告媒体に特化することなく、最適な広告手法を構築することを目的としており、クライアントの広告予算に応じて、新聞・雑誌・ラジオ・テレビ・屋外広告等の各種媒体取り扱いやセールスプロモーション、イベント実施等を組み合わせて、カスタマイズされたクライアント独自の広告サービスを提供しております。制作においても当社が有する社内の制作部門により、クライアント独自のデザイン及びコピーを追求しており、独自性を尊重したサービスを提供しております。

 

②デジタルマーケティングサービス

クライアントの広告戦略にマーケティングリサーチや各種ＳＮＳ広告、リスティング広告等のデジタル広告を積極的に組み込むことで、密度の高い双方向性のコミュニケーションを創り出し、一連の情報を元に広告効果の測定を行うとともに、適宜最適な広告手法へと改善しながら運用を行っております。

なお、当社では地域性に重点を置いた自社独自のマーケティング調査サイト「インサーチ（INSEARCH® https://www.insearch.jp/）」を運営しており、クライアントの案件ごとに、ターゲットである生活者の意識調査及び当社の制作した広告の効果測定を実施しております。

加えて、インフルエンサーマーケティングサービス等の運用や新たなデジタルコンテンツ開発を促進し、業務提携等を通じて自社で有していない技術や、他社が扱っていない新規性の高いデジタルマーケティングサービスを自社のラインナップとして提供しております。

 

③コンサルティングサービス

広告業として幅広い業種の戦略立案とその実行、戦略の分析・検証と改善の一連の流れを共にしてきた経験から、クライアントのニーズに応じて、コンテンツの開発やビジネスソリューションを提供しております。なかでも、観光や食が主要産業である北海道に密着し調査分析を含む広告活動全般に関与し、観光や食に関する広告活動全般のノウハウを蓄積してまいりました。その経験を活かし、官公庁や企業に対してインバウンドや地域の商材に係るブランディングなどの地方創生・観光開発に関する専門コンサルティング業務を受注しております。

また、地方自治体から地域商社の設立による地域商社機能の開発や観光開発などを受託しており、よりクライアントと密接な立場に立ってサービスの提供を行っております。

 

（２）債権投資事業

債権投資事業は、主として、不良債権化している実質破綻・破綻先債権のなかで、セカンダリー市場において売買される投資債権（個別債権の集合体）を取得し、当該債権の回収を通じて投資収益を得るものです。当社グループは、「債権管理回収業に関する特別措置法」（サービサー法）で定められた特定金銭債権を査定評価し、回収リスクと投資効率を勘案して、第二次債権保有者より投資債権（個別債権の集合体）を譲り受け第三次債権保有者となります。なお、債権の回収管理業務はサービサーに委託しております。

また、株式会社インベストは貸金業法に基づく貸金業者の登録を受けており、当社グループの事業活動に関連する他社を中心に、貸金業法に基づく適切な与信管理を行ったうえで、法人向け貸付けを行っております。

債権投資事業系統図は次のとおりであります。"
2173,株式会社博展,2025-12-31,"３【事業の内容】

(1)事業の内容

当社グループは、当社ならびに連結子会社であるデジタルエクスペリエンス株式会社、株式会社ニチナンおよび株式会社ヒラミヤの４社にて構成されております。

当社グループは、パーパス「人と社会のコミュニケーションにココロを通わせ、未来へつなげる原動力をつくる。」のもと、リアル・デジタルの両方を通じて人の“体験”を統合的にデザインし、企業や社会の課題解決に貢献しています。

 

(2)事業系統図"
2175,株式会社エス・エム・エス,2026-03-31,"３【事業の内容】

当社グループでは、「高齢社会に適した情報インフラを構築することで人々の生活の質を向上し、社会に貢献し続ける」ことをグループミッションに掲げています。「医療」「介護/障害福祉」（注）「ヘルスケア」「シニアライフ」を高齢社会における事業領域とし、価値提供先である従事者・事業者・エンドユーザをつなぐプラットフォームを情報インフラと定義して、様々なサービスを提供しています。国内においては、医療・介護/障害福祉従事者向けのキャリア関連事業を行うキャリア分野、介護/障害福祉事業者向け経営支援プラットフォームを提供する介護・障害福祉事業者分野、ヘルスケア・シニアライフを中心とした事業開発分野に区分して事業を行っており、これらに海外を加えた４分野を事業部門としています。

（注）当社は、日本が批准している「障害者権利条約」の考えに基づき、「障害」は個人ではなく社会の側にあるとする「社会モデル」の考え方に立脚しております。表記に際しては、受け取り手の心情に配慮し場合によって「障害」「障がい」を使い分ける方針であるものの、社会の側にある障害は排していくべきものとの考えから、本資料内においては基本的に「障害」と表記しています。

 

各事業部門における主なサービスの内容は下表のとおりです。

事業部門

主な事業内容

キャリア分野

介護職向け人材紹介・資格取得スクール、看護師向け人材紹介、保育士向け人材紹介、職種横断ダイレクトリクルーティングプラットフォーム等

介護・障害福祉事業者分野

介護/障害福祉事業者向け経営支援プラットフォーム等

海外分野

メディカルプラットフォーム事業、グローバルキャリア事業等

事業開発分野

健康保険組合向け遠隔保健指導サービス、企業向けリモート産業保健サービス、

リフォーム事業者情報提供サービス、葬儀社紹介サービス等

 

以上に述べた事業の系統図は次のとおりです。"
2179,株式会社成学社,2026-03-31,"３ 【事業の内容】

当社グループは、当社と関係会社８社（子会社６社及びその他の関係会社２社）で構成されており、教育関連事業を主として不動産賃貸事業、飲食事業に取り組んでおります。その他の関係会社である株式会社オーシャス及び株式会社ニューウェーブとは、当社との間に営業上の取引があります。
当社グループの事業における位置付け及びセグメントとの関連は、次のとおりであります。なお、セグメントと同一の区分であります。

 

（１）教育関連事業

当社は、乳幼児から社会人までの教育および保育を基本とする教育企業として、「個別指導部門」、「クラス指導部門」、「保育部門」及び「その他の指導部門」にて学習指導等を行い、大阪府を中心とした近畿圏、東京都を中心とした関東圏及び海外にて学習塾等を展開しております。

個別指導部門では、「キミだけに全力指導」をモットーに、「個別指導学院フリーステップ」、「開成教育グループ駿台Diverse」、「フリーステップ１対１専門館ソフィア」、「中学受験・大学受験専門個別指導アルスポート」、「進研ゼミ個別指導コース」、「次世代型個別指導塾スマナビ」の塾名で教室を展開しております。また、「個別指導学院フリーステップ」ではフランチャイズ事業も行っております。

クラス指導部門では、「もっと伸びる、信頼の指導」をモットーに、「開成教育セミナー」、「エール進学教室」の塾名で教室を展開しております。各ブランドには高校受験に特化した「実力練成コース」、中学受験に特化した「開成ベガ」、大阪市の中高一貫校（公立）の受験に特化した「大阪市公立中高一貫コース」、現役高校生を対象とした「開成ハイスクール」のコースを設け、学力別クラス編成に基づいた指導を行っております。また、医学部・難関大学受験に特化した「一会塾」を運営しております。

保育部門では、認可保育所である「かいせい保育園」、「かいせいプチ保育園」、「アイテラス保育園」を運営しております。

その他の指導部門では、学童保育付き英会話スクール、日本語学校、韓国語学校等の各種ブランド運営の他、研修施設の運営、学校法人への講師派遣並びに英語を公用語とする外国人講師の派遣、教育コンテンツのソフトウエア制作等を行っております。

 

＜各部門におけるブランドの展開状況＞

2026年３月31日現在
















 



ブランド名



内容



部門別都府県別教室数







大阪府



その他

近畿圏



関東圏







個
別
指
導
部
門



個別指導学院フリーステップ



小学生・中学生・高校生・高校卒業生を対象にした個別形態の進学指導・学習指導



105



64



54







（11）



（21）



（18）







開成教育グループ
駿台Diverse



駿台予備学校グループと提携し、高校生及び高校卒業生を対象に映像授業を開講



110



63



54







フリーステップ１対１専門館
ソフィア



塾生１人につき講師１人が指導を行う完全個別指導形態の進学指導・学習指導



2



―



―







中学受験・大学受験専門個別指導アルスポート



東京都で展開する塾生１人につき講師１人が指導を行う完全個別指導形態の進学指導・学習指導



―



―



1







進研ゼミ個別指導コース



「進研ゼミ」の家庭学習を行う子どもを対象にした学習指導



3



―



―







次世代型個別指導塾スマナビ



小学生・中学生を対象にした自律学習スタイルの映像授業を開講



3



―



―







ク
ラ
ス
指
導
部
門



開成教育セミナー



小学生・中学生・高校生を対象にしたクラス指導形態の進学指導・学習指導



45



15



1







エール進学教室



小学生・中学生・高校生を対象にしたクラス指導形態の進学指導・学習指導



3



―



―







一会塾



医学部・難関大学の受験に特化した進学指導・学習指導



―



―



2







保
育
部
門



かいせい保育園



０歳から５歳の子どもを対象にした定員50名以上で運営する認可保育所



7



―



―







かいせいプチ保育園



０歳から２歳の子どもを対象にした定員19名以下で運営する小規模認可保育所



8



―



―







アイテラス保育園



兵庫県神戸市で運営する認可保育所及び小規模認可保育所



―



2



―





 


 
















 



ブランド名



内容



部門別都府県別教室数







大阪府



その他

近畿圏



関東圏







そ
の
他
の
指
導
部
門



IVYKIDS



年少から小学生を対象にした学童保育付き英会話スクール



1



―



―







開成アカデミー日本語学校



外国人留学生を対象にした日本語教育



1



1



―







開成アカデミー韓国語学校



中上級レベルの韓国語に特化したマンツーマン指導



1



―



―







KAISEI CAREER CONSULTING



大韓民国ソウル市で運営する日系企業及び在日本企業への就職対策に特化したコンサルティング



―



―



―







かいせい幼稚園



ベトナム社会主義共和国で運営する現地の子どもを対象にした日本式保育の幼稚園



―



―



―





 


(注) １ 個別指導学院フリーステップの殆どの教室では駿台Diverseも開講しております。

２ ( )内は外数でフランチャイズの教室数であります。

３ 各都府県における直営教室の拠点数は大阪府143教室、その他近畿圏75教室、関東圏57教室、海外２教室であります。

（主な関係会社） 当社、株式会社アプリス、株式会社かいせいチャイルドケア、株式会社ナスピア、株式会社一会塾、成学社コリア株式会社、成学社ベトナム有限責任会社

 


（２）不動産賃貸事業

不動産を効率的に活用するため、所有不動産の一部を賃貸しております。

（主な関係会社） 当社及び株式会社アプリス

 


（３）飲食事業

大阪市にて飲食店１店舗を運営しております。

（主な関係会社） 株式会社アプリス

 

 

事業系統図

事業の系統図は、次のとおりであります。"
2180,株式会社サニーサイドアップグループ,2025-06-30,"３【事業の内容】

当社グループは、当社及び連結子会社８社（株式会社サニーサイドアップ、株式会社フライパン、株式会社クムナムエンターテインメント、SUNNY SIDE UP KOREA, INC、株式会社エアサイド、株式会社グッドアンドカンパニー、株式会社TKG Consulting、株式会社ステディスタディ）並びに関連会社１社（株式会社AnyUp）で構成され、PR発想を軸にあらゆるコミュニケーション手法を用いて様々な課題を解決する「PRコミュニケーショングループ」です。

当社グループは、ブランドコミュニケーション事業、フードブランディング事業、ビジネスディベロップメント事業の３事業を展開しております。ブランドコミュニケーション事業は事業ポートフォリオの中核として、当社グループの持続的な成長を担い、フードブランディング事業は安定的な収益基盤を構築し、ビジネスディベロップメント事業は長期的な成長を見据えて、新規事業を創出する役割を担っております。これらの事業は、事業間及びグループ会社間連携によるシナジーを発揮しながら、グループ全体で企業価値の向上を目指しております。

なお、次の３事業は「第５ 経理の状況 １．連結財務諸表等 (１）連結財務諸表 注記事項（セグメント情報等）」に掲げるセグメントの区分と同一です。当社グループは、2023年９月に完了した連結子会社３社間の吸収合併を契機に、中核事業をブランドコミュニケーション事業として再定義し、資源配分に係る意思決定、業績管理及び統合効果等の評価を適切に行うため、報告セグメントをブランドコミュニケーション事業、フードブランディング事業、ビジネスディベロップメント事業の３事業に変更しております。

 

（１）ブランドコミュニケーション事業

グループの基幹事業である当事業では、クライアントである企業・団体等の活動や商品・サービスの価値を広く伝え、様々なステークホルダーと良好な関係性を構築するための戦略策定、施策立案・支援を担っております。プレスリリースの作成・配信、記者発表会、メディアリレーション、PRイベント、SNS戦略立案など、多様なソリューションを提供するなか、大きな話題を創出する企画力、強力なメディアネットワーク、契約アスリート及び文化人の肖像権を活用した自社コンテンツが他社への優位性となっております。また、販売施策・商品企画の立案・支援を手掛け、店頭等の消費者とのコンタクトポイントで購買・成約の意思決定を促すためのノウハウ・ソリューションを提供しております。前連結会計年度に従来のマーケティング＆コミュニケーション事業とセールスアクティベーション事業を統合し、一体的にサービスを提供する体制を構築しております。

 

（２）フードブランディング事業

オーストラリア・シドニー発のオールデイダイニング「bills」のブランディング、ライセンシングビジネス及び海外店舗の管理・運営等を手掛けております。レストランプロデューサーのビル・グレンジャーのマネジメントビジネスが原点となった当事業では、PR発想を活用することで、パンケーキブームを創出しながら事業を拡大し、現在では、国内８店舗（ライセンス店舗含む）、海外２店舗の「bills」を展開しております。

 

（３）ビジネスディベロップメント事業

新規事業の開発・創出による当社グループの事業領域の拡充による新たな収益基盤の構築を行います。

 

３事業セグメントにおける会社の構成は以下のとおりです。

報告セグメント

構成子会社

① ブランドコミュニケ―ション事業

株式会社サニーサイドアップ

株式会社クムナムエンターテインメント

株式会社エアサイド

株式会社ステディスタディ

② フードブランディング事業

株式会社フライパン

SUNNY SIDE UP KOREA, INC

③ ビジネスディベロップメント事業

株式会社グッドアンドカンパニー

株式会社TKG Consulting（注）

 （注）2024年10月１日付で、株式会社サニーサイドエックスより商号変更しております。

 

なお、当社は特定上場会社等であります。特定上場会社等に該当することにより、インサイダー取引規制の重要事実の軽微基準については連結ベースの数値に基づいて判断することとなります。

当社グループの構成は下記のとおりになります。

（用語の説明）

PR……Public Relations（パブリック・リレーションズ）の略称であり、企業、社会の間の双方向のコミュニケーション活動全般を指します。広告がメディア等の媒体の所定の広告枠（紙面等のスペースやCM放送の時間枠）を金銭で購入し、広告主が広告主の意図的な表現と手法で消費者に訴求するのに対し、PRは企業活動や商品・サービスの価値（利便性や社会的意義、新奇性等）についての情報をメディアへ向けて発信することで、新聞・雑誌の記事やテレビ番組のニュース等として、第三者の視点と評価を通じた形で消費者に届けられます。このため、PRによる情報は、広告と比して、一般的に信頼性が高い情報として消費者及び社会に浸透させることができます。"
2181,パーソルホールディングス株式会社,2026-03-31,"３【事業の内容】

当社グループは、「はたらいて、笑おう。」をグループビジョンに、人材派遣、人材紹介、BPO（ビジネス・プロセス・アウトソーシング）、ITアウトソーシングや設計開発など、人と組織に関わる多様なサービスを提供しております。さらにそれにとどまらず、APAC地域を中心とした海外事業や、人とテクノロジーの融合による次世代のイノベーション開発にも積極的に取り組んでおります。

また、当社は、有価証券の取引等の規制に関する内閣府令第49条第２項に規定する特定上場会社等に該当しており、インサイダー取引規制の重要事実の軽微基準については連結ベースの数値に基づいて判断することとなります。

2026年３月31日現在、当社グループは、当社（パーソルホールディングス㈱）と連結子会社154社及び関連会社５社により構成され、「Staffing SBU（Strategic Business Unit）」「BPO SBU」「Technology SBU」「Career SBU」「Asia Pacific SBU」の５つのSBU及び「その他」のセグメントで各事業を展開しております。

 

2026年３月31日現在、当社グループの各セグメントにおける主な事業内容は次のとおりであります。

Staffing SBU

本セグメントは、日本国内で事務領域を中心に幅広い業種に対応した人材派遣事業を主に行っております。

当社グループが行う人材派遣事業は、「労働者派遣事業の適正な運営の確保及び派遣労働者の保護等に関する法律」の規定に従い、厚生労働大臣の許可を受けて行う「労働者派遣事業」であります。

労働者の派遣においては、予め広く募集し、登録された労働者（以下、「派遣スタッフ」という。）の中から、派遣スタッフの意向及び派遣先企業の希望する条件が合致する人材を選定し、派遣しております。派遣に際しては、派遣スタッフと当社グループとの間で期間・業務内容・就業条件等を定める雇用契約を締結し、当社グループが派遣スタッフに給与を支払います。また、企業と当社グループとの間では期間・業務内容・就業条件等を定める派遣契約が締結され、派遣スタッフは派遣先企業での就業において派遣先企業から指揮命令を受け、派遣契約で定めた業務を行います。

当社グループにおいて、サービスを提供している職種は以下のとおりとなります。

 

 

ビジネスモデルは以下のとおりとなります。

 

 

 

 

 

 

BPO SBU

本セグメントは、BPO（ビジネス・プロセス・アウトソーシング）やコンサルティング等のサービスを主に提供しております。

BPOは、企業や官公庁が外部の専門企業に業務を委託することで、業務の効率化や品質向上を実現するサービスです。事業のために必要な業務の一部をアウトソースすることで、コスト削減や人材の効果的な活用、事業への専念が可能になります。

本セグメントでは、強みであるプロセスデザイン力と組織・人材マネジメント力に、テクノロジーを掛け合わせることで、最適な運用体制を築きながら、課題解決の提案から施策の定着まで一気通貫でサポートしております。

受託する業務は多岐にわたっており、民間企業における受付や受注処理等の事務業務、給与計算、データ入力、テレマーケティングやテクニカルサポートなどIT業務、公共の地方自治体の総合窓口業務等を行っております。

本セグメントでは、以下の３つの事業に区分しております。

 

■BPO（ビジネス・プロセス・アウトソーシング）事業

公共・民間企業の経営・組織における生産性向上・人材不足・コストなどの課題をBPO支援によって解決しております。

主な業務は以下のとおりです。

・人事、総務、経理等のコーポレート業務

・営業事務等のフロントバックオフィス業務

・新規事業の立ち上げ、業務運用設計、DX支援等

 

■CX（カスタマー・エクスペリエンス）事業

顧客企業とそのお客様の間に入り、データとテクノロジーを活用したサービスを提供しております。

主な業務は以下のとおりです。

・オムニチャネル（電話、メール、チャット）型のインバウンド、アウトバウンド顧客対応業務

・カスタマーサポート、ITヘルプデスク等の受託

 

■プロフェッショナル事業

戦略立案から実行支援、効果検証まで一気通貫で提供しております。

主な業務は以下のとおりです。

・営業、人事、総務、経理等、幅広い業務のBPR及びDX支援

・RPA、AI等、テクノロジー導入及び活用支援

・デジタル人材育成支援

 

ビジネスモデルは以下のとおりとなります。

 

                 

 

 

 

Technology SBU

本セグメントは、IT・エンジニアリング等の専門家・技術者集団として、技術革新を支える設計・開発に関する業務委託や、エンジニア人材の派遣等のサービスを主に提供しております。

 

本セグメントでは、多様なサービスをIT・DXソリューション事業、エンジニアリング事業、登録型派遣・フリーランス事業の３つのサブセグメントに区分しており、IT・DXソリューション事業及びエンジニアリング事業では各専門分野における案件の受託や社員エンジニアの派遣を、登録型派遣・フリーランス事業では主に登録型派遣としてスタッフを派遣するほか、フリーランスエンジニアへの就労機会の提供を行っております。

ビジネスモデルは以下のとおりとなります。

 

             

 

 

■IT・DXソリューション事業

IT・インターネット、EC分野を中心とした幅広い業界に対してのシステム開発・インフラ設計・評価検証業務 や、映像・音響機器、情報通信機器のソフトウエア及び機構設計、電気回路の開発・設計の業務委託等を提供しております。これらに加え、業務プロセスコンサルティングやクラウドサービス、ICTをはじめとする業務委託等、幅広いサービスを顧客企業に提供しております。

 

■エンジニアリング事業

自動車、商用車、家電製品、航空宇宙関連機器の分野において、主に機械設計、電気・電子設計、制御ソフト設計、実験認証サービス等の専門的技術開発に携わる技術系人材サービスを提供しております。顧客企業における製品企画・構想、設計開発等の工程から試作・評価・試験までの全工程について、プロジェクト内容や規模に応じた支援体制を顧客企業へ提案し、研究開発の業務委託を行っております。

 

■登録型派遣・フリーランス事業

顧客企業の依頼内容に基づき、ITやエンジニアリング分野に係る登録スタッフの中から、適した人材を企業に派遣しております。また、新たなはたらき方の選択肢として増加が続くフリーランスエンジニアに向けて、IT・エンジニアリング領域での就労機会を提供し、即戦力となる技術支援サービスを顧客企業に提供しております。

 

 

 

 

Career SBU

本セグメントは、顧客企業の正社員の中途採用活動を支援する人材紹介事業、求人メディア事業を主に展開しております。これらの事業は代表ブランド「doda」を主体として展開しており、マーケティング効率などのシナジー発揮のため、そのブランド力を最大限に活用しております。

 

■人材紹介事業

「職業安定法」に基づいて厚生労働大臣より許可を受けた有料職業紹介事業等を行っております。有料職業紹介を行うにあたっては、企業に直接雇用されることを望む労働者（以下「転職希望者」という。）を広く募集し、企業の求人依頼における諸条件（業務内容・必要とされる経験や能力・雇用条件等）と転職希望者の希望条件とを照合し、求人企業へ転職希望者を紹介しております。求人企業と転職希望者の間で面接等を行った結果、双方の合意によって雇用契約が成立した場合、求人企業から対価（紹介手数料）を得ます。

なお、有料職業紹介の対象となる業務は職業安定法によって定められており、港湾運送業務や建設業務を除く業務とされております。

 

■求人メディア事業

正社員領域における採用企業の求人広告を掲載する求人メディアの運営を行っております。求人企業からの申込みを受けて求人広告原稿を制作し、自社運営の求人メディアに求人広告を掲載した時点で利用プランに応じて求人企業から対価（掲載料金）を得ます。

 

ビジネスモデルは以下のとおりとなります。

 

 

 

 

 

 

 

Asia Pacific SBU

本セグメントは主に、シンガポールやマレーシアをはじめとしたアジア地域で人材サービス事業、豪州・ニュージーランドにおいては人材サービス事業及びファシリティマネジメント事業を行っており、13カ国・地域で展開しております。

 

■人材サービス事業

アジア地域において、各国の法律に基づき人材派遣及び人材紹介事業、業務委託、人事労務コンサルティング等の事業を行っております。また、豪州・ニュージーランドにおいて、鉱業・製造業向けのスタッフ及び技術者等の派遣や紹介、トレーニングプログラム等の提供を行っております。当社グループと顧客企業、また労働者との関係は概ね「Staffing SBU」における人材派遣事業、「BPO SBU」におけるBPO事業、「Career SBU」における人材紹介事業と同様であります。

 

■ファシリティマネジメント事業

豪州・ニュージーランドにおいて、空港、水道、学校等幅広い施設の管理・維持・補修等を行っております。当社グループと顧客企業、また労働者との関係は、概ね「BPO SBU」におけるBPO事業と同様であります。

 

 

 

 

その他

本セグメントは、グループにおける未来の事業の探索を行うR&D Function Unitと、Specialized Servicesで構成されております。

 

R&D Function Unitは、パーソルデジタルベンチャーズ株式会社を中核会社として、新規デジタルプロダクトの開発やインキュベーションプログラムの推進等、新領域における事業の探索・創造を担っております。

主なサービス及び個社は以下のとおりとなります。

・ミイダス株式会社：アセスメントリクルーティング

・シェアフル株式会社：スキマバイトアプリ

・ポスタス株式会社：クラウド型モバイルPOSレジ

・パーソルイノベーション株式会社：インキュベーション

 

Specialized Servicesは、フランス・米国におけるAIドリブンの人材派遣プラットフォーム事業、人・組織・マネジメントの調査・研究・開発を軸としたコンサルティング事業や研修事業、障害者雇用支援事業、ベンチャーキャピタル事業等を展開しております。

 

 

 

（事業系統図）

 

*1 SBUは、Strategic Business Unitの略称です。

*2 ベネッセi-キャリアは連結対象外です。

*3 Asia Pacific SBUにおける「PERSOL」ブランドはサービスブランドを示します。"
2183,株式会社リニカル,2026-03-31,"３【事業の内容】

当社グループは、株式会社リニカル（当社）及び海外に所在する連結子会社で構成され、医薬品の開発段階で行われる臨床試験（治験）に係る業務の一部を代行、支援する医薬品開発業務受託事業（ＣＲＯ事業）を主たる事業とし、その他に、医薬品の発売（製造販売）後の臨床試験・臨床研究等を支援するサービス（育薬事業）、開発戦略の立案や薬事対応、承認申請などに関するコンサルティングサービス（創薬支援事業）を展開しております。これらの事業を通じて、新薬開発における創薬支援から、臨床開発、発売（製造販売）後のライフサイクルマネジメントまでワンストップのサービスをグローバルで提供しています。

各サービスの内容は次のとおりであります。なお、当社グループはＣＲＯ事業の単一セグメントであるため、セグメント情報に関連付けた記載は行っておりません。

 

(1) ＣＲＯ事業

治験とは、新薬候補物質についてヒトに対する有効性及び安全性を確認し、厚生労働省などの各国の規制当局から医薬品としての認可を受けることを目的として実施する臨床試験であり、医薬品開発に不可欠なプロセスです。医療機関において健常成人や患者を対象者として実施されます。治験依頼者（製薬会社等）は、医療機関において「医薬品、医療機器等の品質、有効性及び安全性の確保等に関する法律」（薬機法）及びＧＣＰ（注１）等の法令に則り倫理的・科学的に治験が行われているかどうかを確認（モニタリング）することが法令で義務付けられています。

治験の業務内容は、主要業務であるモニタリング業務及びそれに付随する品質管理業務のほか、治験薬が投与された症例の有効性・安全性データを入力する症例報告書（注２）のデータベース設計や入力データのクリーニングを行うデータマネジメント業務、治験薬の有効性・安全性を統計科学的に検証する統計解析業務、治験実施計画書（注３）や監督官庁に提出する届出や申請にかかる書類などの作成を行うメディカルライティング業務、及び治験の実施状況を調査して治験データの信頼性の保証を目的とする監査業務、副作用等の安全性情報を収集・評価・分析・報告するファーマコビジランス業務等、多岐に亘ります。治験依頼者は自社の人材等のリソースの状況を鑑みこれらの業務の一部または全部をＣＲＯに委託することができます。

中でもモニタリング業務は、治験の主要業務であり、モニタリング担当者であるＣＲＡ（注４）が、医療機関の治験実施可能性の調査、医療機関への治験の依頼、法令に基づく治験実施に関する契約（製薬会社等の治験依頼者、医療機関及びＣＲＯとの３者契約）の締結手続き、治験責任医師等に対する治験薬概要書（注５）及び治験実施計画書の説明、医療機関への治験薬の搬入、治験実施時の法令及び治験実施計画書の遵守状況の確認、治験の進捗管理・促進、治験データの確認及び症例報告書の回収、治験薬の回収などを行う業務をいいます。

当社グループは、臨床試験におけるモニタリング業務を中心に、それに付随する品質管理業務、データマネジメント、統計解析、メディカルライティング、ファーマコビジランスなどの業務を受託しています。

 

（注１）ＧＣＰ（Good Clinical Practice）とは直訳では「適正な治験の実施」を指す包括概念ですが、本邦においては、これを定めた厚生労働省令である「医薬品の臨床試験の実施の基準に関する省令」及び「医療機器の臨床試験の実施の基準に関する省令」（1997年３月27日付）並びにこれらの運用通知をいいます。

（注２）症例報告書とは、治験実施計画書に規定されているすべての情報を記録するために、被験者ごとに作成される報告書（電子記録のものも含む）をいいます。

（注３）治験実施計画書とは、プロトコルともいい、治験を実施するにあたって、治験を実施する医療機関、治験を依頼する製薬会社その他、その治験にかかわる関係者が遵守しなければならない事項を網羅的に記載した計画書を指し、治験依頼者（製薬会社）により作成されます。

（注４）ＣＲＡ（Clinical Research Associate）とは、臨床開発モニターと訳されます。医薬品開発段階での治験が、薬機法、その他の関連法令及び治験実施計画書を遵守して行われているかどうかを監視（モニタリング）する担当者のことをいいます。

（注５）治験薬概要書とは、治験実施期間中の被験者の管理に必要な知識を提供するために作成される書類で、その内容は治験薬に関する非臨床試験及び治験の結果を編集したものとなっております。

 

(2) 育薬事業

ＣＲＯ事業が医薬品の開発業務を受託するのに対して、育薬事業では医薬品の発売（製造販売）後の支援業務を受託しております。医薬品は発売後も安全性・有効性に関するデータが収集され、適正使用情報・エビデンスとして医療現場に提供されることで、その利用が浸透していきます。2018年４月１日には、臨床研究の信頼の確保を図り実施を推進することで保健衛生の向上に寄与することを目的として、その手続き等を定めた臨床研究法が施行され、法規制に沿った適切な対応が求められることになりました。

当社グループの育薬事業は、ＣＲＯ事業で得たノウハウを活かし、より専門性の求められる企業・医師主導臨床研究の組織体制構築業務、発売後の企画業務、モニタリング業務、監査業務を受託することで、同業他社との差別化を図っております。

 

(3) 創薬支援事業

近年は国内外のバイオベンチャー企業が起点となり開発品目の多くを創出する状況が進んでおり、こうした企業の創薬を支援する創薬支援事業を行っています。当社グループでは、国内大手製薬会社でライセンス、事業開発、臨床開発、開発薬事、マーケティングといった業務に携わり、開発品の目利きから、導入・導出交渉、臨床開発などで数々の実績と豊富な経験をしている者が中心となり、主に、開発品の市場分析・調査、開発・薬事戦略立案、薬事対応、パートナリング・ライセンス支援等のコンサルティングサービスを提供しております。

 

 

 

当社グループの事業系統図は次のとおりであります。

［事業系統図］"
2185,株式会社シイエム・シイ,2025-09-30,"３【事業の内容】

当社グループは、当社、連結子会社９社（国内５社、海外４社）、持分法非適用非連結子会社４社（海外４社）、持分法適用関連会社１社（国内１社）により構成されており、「Manuals＆Knowledge事業」を提供しております。

当社と主な関係会社の事業内容及び当該事業に係る位置付けにつきましては、次のとおりであります。なお、セグメントと同一の区分です。

 

［Manuals＆Knowledge事業］

情報を必要とする人へ“必要な時に、必要とする情報を、最適な方法で”届け、ユーザーエクスペリエンス（顧客体験価値）の最大化を図るために、お客さま企業の商材・市場・会社を深く理解し、お客さまのニーズに合わせて情報を体系化することで、社会全体の情報価値向上サイクルの実現をめざす一連のサービスを提供しており、以下の３つに分類しております。

 

(１)Manuals

お客さま企業の商材・市場・会社を深く理解し、利活用の目的（例えばリアルからデジタルコンテンツへの転用など）に合わせて情報を体系化するサービスを提供しております。

 

(２)Knowledge

情報を必要とする人のシーンに応じて、最適な尖端技術を活用し、ユーザーエクスペリエンス（顧客体験価値）の最大化を図るサービスを提供しております。

 

(３)その他

情報活用の基盤となるソフトウエアのライセンス販売などを行っております。

 

単一セグメントにおける主な関係会社については、「第１ 企業の概況 ４ 関係会社の状況」をご参照ください。

 

事業系統図は、以下のとおりです。

 

(注)１ 二重枠は連結子会社。持分法適用会社は株式会社フィットのみ。

２ 株式会社シイエム・シイ(当社)、株式会社CMC Solutions、株式会社CMCエクスマニコム、株式会社メイン、株式会社CMCエクスメディカ、府中自動車株式会社、株式会社フィットは国内。

３ グループ会社間は、専門性に応じて相互に業務支援を実施しており、取引が発生。

４ Maruboshi(Thailand) Co., Ltd.は、CMC GROUP ASIA CO., LTD.へ事業を引き継いでおり、また、2023年６月30日開催の臨時株主総会において解散及び清算を決議し現在清算手続き中。

５ Maruboshi Central & Eastern Europe Sp. zo.o.は、2025年２月７日付でCMC Group Poland Sp. zo.o.へ社名変更。

６ 台灣丸星資訊科技股分有限公司は、2025年１月27日付でCMC Group Taiwan Co., Ltd,へ社名変更。"
2186,ソーバル株式会社,2026-02-28,"３ 【事業の内容】

当社グループは、ソフトウエア開発を行うエンジニアリング企業として、アプリもWEBもクラウドもワンストップサービスを強みとする

「アプリケーション開発」

■ Win、Mac、Linuxアプリケーション設計・開発・運用・保守

■ スマートデバイス向けアプリケーション設計・開発

■ アプリケーション開発のコンサルティング

「WEB・クラウド開発」

■ WEBアプリケーション設計・開発

■ クラウド環境設計・構築

■ WEB・クラウド開発のコンサルティング

また、コンサルティングから量産対応までワンストップ対応が特徴の

「組込み開発」

■ 映像機器・オーディオ・自動運転(AD/ADAS)・産業機器・駅務機器等の開発

を主力とし、加えて「統計解析」「マニュアル制作・WEB制作」など多岐にわたる開発を支援するサービスを提供しております。

さらに、『AIを成長の柱に』を主要施策とし、最先端技術への取り組みにも注力しております。

 


［事業系統図］

当社グループの事業セグメントはエンジニアリング事業の単一セグメントであり、事業系統図は、次のとおりであります。"
218A,株式会社Ｌｉｂｅｒａｗａｒｅ,2025-07-31,"３【事業の内容】

（ミッション・ビジョン）

当社グループは、「見えないリスクを可視化する」とのビジョンのもと、ドローン・ロボット（以下「ドローン等」という。）やデータ処理・解析技術を活用し、産業インフラの保守・点検領域における安全性・効率性・持続可能性の向上を支援する各種ソリューションを提供しております。その中でも、屋内のGPSが届かない「狭くて、暗くて、危険な」特殊環境におけるインフラ・設備点検は、当社グループの強みを最も発揮できる領域の一つです。自社開発の屋内狭小空間点検ドローン「IBIS（アイビス）」を用いて、人が立ち入ることが困難な空間からデータを取得し、３次元化クラウド「LAPIS（ラピス）」によるデータ処理やAI解析、クラウド管理などのデジタル化まで一気通貫でサービス提供をしております。

当社グループのソリューションは、老朽化したインフラの増加、人手不足、熟練作業員の高齢化といった喫緊の社会課題に対し、人が入らずに点検できる新たな選択肢を提供するものです。当社グループのソリューションを広めることで、国内の産業基盤の強化と、当社のミッションでもある「誰もが安全な社会を作る」ことの実現につながると考えております。

このように、当社グループでは、ドローン等を軸としたハードウェア技術と、撮影画像・映像等の加工・処理・管理といったソフトウェア技術を用い、インフラ施設・設備等へのDXソリューションを提供するインフラDX事業という単一事業を行っております。

当該事業セグメントにおいて、ドローン等によるインフラ・プラントの調査・点検・測量に資するデータの提供や、ドローンの製造・販売を実施する「ドローン事業」と、ドローン等により取得したデータの画像処理技術等により、映像、３次元データ、異常検知に資する情報等をデジタル上に構築・提供する「デジタルツイン事業」、そして、両事業を支える事業として、当社グループの技術力やノウハウをベースにした新しいソリューションを開発する「ソリューション開発事業」を合わせた３つの事業を展開しております。

 

（当社グループの事業内容）

（１）ドローン事業

「ドローン事業」とは、自社開発した屋内専用の産業用小型ドローン「IBIS」を中心に、その他ドローン等のデバイスを活用し、ユーザーが抱える各種課題の解決に資するソリューションの提供を行う事業であります。

具体的には、調査・点検・測量等を目的としたドローン撮影画像の提供を行う「点検ソリューション」及び当該用途に供されるドローンの機体販売・レンタルを行う「プロダクト提供サービス」を展開しております。特に、ドローン等で撮影した画像は後述のデジタルツイン事業において、３次元化の基礎となる重要なデータとなります。

サービスの中核を構成するIBISは、製鉄業等における実現場での綿密な実証実験のもと開発された、屋内の暗所・狭小空間、鉄粉の舞う環境や高温環境での飛行に耐えうる防塵性・耐熱性を有した、20cm四方程度の大きさの小型ドローンとなります。転落リスクを伴う高所空間、狭小で点検員が進入できない空間、高温あるいは半水没環境、又は有毒性のガスが含まれているような空間といった、危険かつ点検が困難な箇所を人に代わって調査・点検を行うことが可能となります。このような環境は国内外に数多く存在しており、IBISは「狭く、暗く、危険な」環境においても接近目視と同等の調査・点検を実現しております。

「ドローン事業」においては、下記のサービスを展開しております。

点検ソリューション

今まで人が立ち入ることができなかった場所や人が入ると危険な空間にIBIS等が人に代わって調査・点検し、撮影した施設・設備等の動画をユーザーへ提供するサービス

プロダクト提供サービス

ドローンで事業展開したい事業者や自社保有施設でドローンを運用したい事業者などへ当社プロダクトIBIS等を販売・レンタルするサービス

(機体販売)

IBISと必要備品一式を販売するサービス。修理サービスや講習会サービスも提供

（レンタルサービス）

IBISと必要備品一式を月額レンタルするサービス。修理サービスや講習会サービスも提供

 

点検ソリューションの主要顧客は製鉄業・鉄道業・建設業・製造業・官公庁等で、過年度より継続して利用しているエンドユーザーが占める売上高割合（継続顧客の売上高割合※１）は2025年７月期において59％（前事業年度59%）と、リカーリング性が高いという特徴があります。また、プロダクト提供サービスにおける「IBIS2」の提供セット数は2025年７月末時点で85セット（前事業年度末72セット）となっており、そのうち、機体販売は49セット（前事業年度末39セット）、レンタルサービスのレンタルセット数は36セット（前事業年度末33セット）となっております。

 

（２）デジタルツイン事業

「デジタルツイン事業」とは、当社の関連会社であるCalTa株式会社（以下「CalTa」という。）が提供するソフトウェアTRANCITY（以下「TRANCITY」という。）や、その基幹システムを構成する当社のソフトウェアLAPIS（※２）を用いて、デジタルツインサービスを提供する事業となります。それらのソフトウェアを活用し、映像及び映像以外の周辺情報（例えば、ガス濃度、温度など、ドローン等から取得した情報等）を、デジタルツイン（※３）のプラットフォーム上に構築することで、顧客が設備の維持管理や建設現場の管理などを行う上で必要となる様々な情報の一元管理を支援しております。

TRANCITYの顧客は、鉄道業・建設業が中心で、インフラ及び設備の維持管理のためには時系列でデータを保管することが有用となります。そのため、当社サービスを用いてデータを保管し続けることが想定されることから、他社サービスへスイッチしにくく、継続利用が見込めるサービスであります。

 

なお、「デジタルツイン事業」においては、下記のサービスを展開しております。

データ処理・解析サービス

IBISを用いて撮影した施設・設備等の動画データ等を基に、LAPISを通じて３次元化・オルソ化（※４）等のデータ加工処理や３次元データの解析（経年変化解析や異常検知等）、BIM（※５）等のデジタル図面化を提供するサービス。また、IBISによる撮影データだけではなく、屋外用ドローンにより撮影した動画データやレーザースキャナによる３次元データを加工、解析するサービスも提供

デジタルツインプラットフォーム

CalTaの提供するTRANCITYの画像処理に関するライセンス提供

 

 

（３）ソリューション開発事業

「ドローン事業」「デジタルツイン事業」を展開する上で源泉となる事業であり、インフラ・プラント業界や建設業界等の企業に対し、効率化・省力化・省人化のニーズに応じたドローン等の開発やデジタルツインプラットフォームの開発、ユーザー保有施設のデジタル管理ソフトウェアなど、当社グループの技術力とノウハウを基にハードウェアからソフトウェアまで幅広いソリューションを自社開発にて提供する事業となります。

当事業では、導入にあたり顧客企業からのヒアリングや情報分析を徹底して行うことで課題を深く理解し、当該理解を基に活用方針を明確にし、実証実験や試作開発、本開発、さらには事業化後の継続開発まで、長期にわたり顧客企業と協働し、課題解決に取り組んでおります。

これまでに、日本製鉄株式会社（以下「日本製鉄」という。）との高温環境対応ドローンの開発や、東京電力グループとの高放射線環境下でのドローンの活用といった特殊環境特化型ドローンの共同開発等を行っており、現在も取引を継続しております。また、後述するTRANCITYもJR東日本グループから受託したソリューション開発が発端となっています。ドローンの開発にとどまらず、ロボットやデジタルツインを主とした新たなサービスの源泉となる開発を進めております。

 

 

（関連会社の概要）

CalTaは、JR東日本スタートアップ株式会社、JR東日本コンサルタンツ株式会社及び当社が出資し、2021年７月に設立された企業となります。東日本旅客鉄道株式会社（以下「JR東日本」という。）をはじめとした鉄道・インフラ業界は、施設・設備の老朽化と労働力減少の背景から建設工事・維持管理などの生産性向上が急務であります。その課題解決のため、IBIS等を用いた施設の撮影サービス事業、IBIS等のドローン・ロボットの技術等により取得した情報をデジタルツインで表現し、施工管理や維持管理に資する情報を提供するソフトウェアサービスTRANCITY事業、及び受託開発事業を展開しております。

TRANCITYは、JR東日本グループが長年研究・蓄積していた施工管理や設備維持管理の現場における技術ノウハウと、当社グループの画像処理技術をベースに構築されたデジタルツインのソフトウェアサービスであり、取得した情報の時系列管理、測量、CAD（※６）化、BIM化、差分分析（※７）等を行えるサービスであります。類似サービスと比較し、より現場業務にフィットしたソフトウェアであり、鉄道業を中心に、製鉄業・通信業などにも活用が広がっております。

当社グループは、CalTaがエンドユーザーから獲得した設備等の調査・点検業務や受託開発案件等の全部または一部の受託、TRANCITYの画像処理に係るライセンス供与や当該ソフトウェアの構築・アップデートを行っております。2025年７月末時点でのライセンスの供与数は148件（前事業年度末115件）であります。

 

・TRANCITYの特徴

TRANCITYの特徴としては、鉄道業における現場の建設管理・維持管理に特化したUI/UX（※８）の構築、及び機能性が挙げられます。

UI/UXについては、TRANCITYは、CalTaを通じ実質的にはJR東日本グループが監修したプロダクトであり、建設現場・維持管理現場での利用を念頭に、現場の方が直感的に操作でき、情報の連携が容易で、時系列でのデータ管理・保存を行い、位置情報との紐づけが行える機能を有しております。さらなる利便性の向上に向け、2024年10月に株式会社マップフォーの３次元データ計測システム「SEAMS」と当社グループの画像処理技術を融合したデジタルツインを導入、2025年２月にはGeoJSON（※９）対応した３次元データと地理データの統合を実現しております。

機能性については、現場ではスマートフォンやタブレット等による利用が想定され、それらの端末で使用するために、クラウド上で、低遅延でストレスなく操作できることや、SfM技術（※10）を活用した動画・静止画情報からの３次元化が求められます。TRANCITYは、それらに対応でき、また、SfM技術を応用したBIMサービスの展開もしております。サービスの対象となる業界に特化したプロダクトを作りこむエンジニアの開発力もまた、技術的な強みの一つであります。

 

 

 

 

（競争力の源泉）

 

（１）ハードウェア、ソフトウェア及びサービスの強み

当社グループは、ハードウェア及びソフトウェアともに自社開発によりサービス構築を行い、顧客ニーズに応じたソリューションを提供することにより、屋内狭小空間での飛行実績及び撮影画像データを積み上げてきたことで、以下のような強みを有しております。

 

屋内ドローン飛行を可能とする技術力

当社グループのドローンIBISは、「狭く・暗く・危険な」環境における画像データの取得を可能としている屋内狭小空間に特化したドローンであり、そのような環境での飛行・撮影に資する多くの技術を組み合わせることで、機体の優位性を確保できていると考えています。

具体的には、屋内という暗く、粉塵等が舞い、配管やダクト等の障害物の多い空間の飛行は、屋外に比べ様々な制約があることから技術的なハードルが高く、また、下水道や天井裏等のより狭い空間の飛行には小型化が必須であるため、カメラ・モーター・プロペラ・バッテリー等の各部品をそれぞれ独自に設計する技術も必要となりますが、IBISはそれらの技術課題を乗り越え生み出された機体であります。

屋内外の重要設備撮影情報の解析技術と他社連携

狭小空間は、暗く、粉塵等の障害物が多いため、撮影データの３次元化等の画像処理が極めて困難な空間ですが、LAPISは、独自のアルゴリズムを構築することで、当該環境下においても顧客の求める形で画像処理を行うことができます。

また、当該画像処理技術は屋内外等の環境を問わず利用が可能となっており、当社の得意とする狭小空間においては、IBISと当社サービスを用いますが、それ以外の空間においては、他社ドローン等と当社サービスとの連携を積極的に進めております。屋内狭小空間のデータは、画像処理時のノイズ情報である粉塵が舞う空間が多く、また、暗所であることも多く十分な照度を確保できないことから、そのような環境に特化したドローンでなければ情報を得ることは容易ではありません。そのため、屋内外の撮影情報を網羅的に取得できることが、競合他社と比べた当社グループの強みであると考えております。

屋内狭小空間における飛行・画像撮影実績

長年、屋内における小型かつ非GPS環境（※11）下での事業展開を行っているため、屋内におけるドローンの利活用実績を多く有しており、ユーザーとしては、製鉄会社・鉄道会社などの固定資産の多い重厚長大型産業に属する企業が中心です。他の機体では撮影できないプラントやインフラでの豊富な利活用実績を通じて、ハードウェアとソフトウェアの技術開発を進められていること、及び他社が有していない屋内における重要設備のドローン撮影画像データの蓄積及び撮影ノウハウが強みとなっております。

 

上記に加えて、JR東日本グループや日本製鉄とは、長年にわたり取引関係を築いていることも、当社グループの強みの一つと捉えています。JR東日本グループ及び、他の鉄道事業者に対しては、CalTaを通じて各種サービスの提供をしており、日本製鉄とも設立初期より共同研究等を行い深い関係が構築できております。これらの会社が当社サービス利用先となっていることに加え、JR東日本グループや日本製鉄等が蓄積してきた設備データやノウハウを基にサービス開発を行えていることも強みの一つと捉えております。

 

（２）当社グループの技術的な強み

当社グループは、ドローン等を開発するハードウェア技術、及びドローン等のデバイスで取得した映像情報等のデータ処理や解析、デジタルツインプラットフォームといったデジタル管理システムの開発等のソフトウェア技術を合わせ持ち、それらを一気通貫で実行できる開発体制を有しております。そのため、営業やプロダクトマネージャーが得たユーザーニーズを、各技術スペシャリストの検討のもと、正確に開発項目・要件・仕様に落とし込むことで、ユーザーニーズにフィットした製品・サービスを開発することが可能であります。

特に当社グループがターゲットとするユーザーは、インフラやプラント、建設業界等に属する事業者であり、当該ユーザーが従事する環境は「狭く・暗く・危険」であることも多いため、そのような環境に耐えうる仕様の製品・サービスを開発する必要があります。

 

①ハードウェア技術

 

当社グループは、前述のとおり、ハードウェアからソフトウェアまで一気通貫した開発体制を構築していることから、ユーザーに対してユーザビリティの高い製品・サービスを提供できております。特に、当社グループが技術的に強みを有する開発領域は、製品をユーザー各々の環境で使用可能とするために最適化された「機体制御技術」「機体設計技術」であります。

 

・「機体制御技術」

当社グループが相対するユーザーニーズで最も多いのは、人による点検が困難な屋内狭小空間でのドローン等による調査・点検等であります。屋内狭小空間での飛行は、施設や設備の破損リスクがあるため、飛行安定性を担保するための「飛行制御アルゴリズム」が重要となります。
また、人手不足に対するニーズも多く、当該ニーズに対しては、人の手を介さずにドローン等が自律的に飛行する自律型ドローンによる点検等であり、そこでは「自律化技術」が重要となります。

 

■飛行制御アルゴリズム

IBISが利用される環境は、閉鎖環境ゆえ、周囲が壁等で囲まれており、かつ壁や天井までの距離が非常に短い空間となっております。例えば、直径50cm（IBISは縦横20cm四方程度の大きさであり、その２倍程のサイズ）の配管内で利用されることもありますが、閉鎖環境での飛行は、機体自身が吹き下ろす風が壁や床などに反射し、常に風による外乱ノイズに晒されるため、当該外乱ノイズへのフィードバック制御（※12）が重要となります。

IBISの飛行制御に非線形ロバスト制御（※13）を採用しており、一般的に用いられるPID制御（※14）と比較した際、耐風性に優れ、閉鎖環境で安定的に飛行できる優れた性能を有しております。

 

■自律化技術

当社グループは、これまで様々な自律飛行技術を基に現場での適用検証を実施しました。特に、自律飛行を実現するために、LiDAR SLAMやVisual SLAM、モーションキャプチャ等の技術により、非GPS環境である屋内空間での自律型ドローンの開発・検証を行いました。他には、オプティカルフローセンシング（※15）やUWB（※16）等のGPSに依存しない位置推定技術の開発・検証を行いました。

これらの技術により、ドローンが屋内空間を自律飛行することが可能となりますが、当社グループはプラントやオフィス等を巡回点検するドローンや、巡回業務を繰り返すための自動充電装置、複数のドローンを遠隔監視・安全運航監視する仕組み、巡回点検データを一括管理する管制システムなどを独自で開発しております。これまでに、上述の自律化技術を組み込んだドローンにより、建設施工現場における施工進捗の遠隔管理や、水力発電所における水漏れや異常発熱、メーター監視など発電設備の巡回監視、などに取り組んでおります。さらに、ドローンが取得したデータにAI解析技術を活用してメーター自動読み取り機能や水漏れ検知する機能など、自動的に異常を検知するシステムも合わせて開発を行っております。当事業年度は、施工中の建築物内において、Visual SLAM技術を活用した自動巡回の実証実験を実施いたしました。本実証実験は、これまで人手による撮影および進捗・品質管理に依存してきた業務プロセスの自動化を目的とした技術開発の一環として行ったものとなります。

 

 

・「機体設計技術」

当社ドローン等が利用される環境は狭小空間や閉鎖空間が多いため、ドローン等の小型化、軽量化が求められます。一方で、人の代替として利用されるためには、ドローン等に搭載する要素部品は高機能、高品質であることが必要となります。そのため、当社グループでは、強度を高く保ちつつ小型で軽量な「機構・筐体」の開発や、粉塵が舞う過酷な環境で故障しないための「モーター」、暗所でも鮮明な撮影データを取得するための「カメラ」といった要素部品の開発にも注力しております。

 

■機構・筐体

IBISが利用される環境は、例えば天井裏やボイラー内、配管内などの狭小空間となります。しかしながら、天井裏のような複雑に入り組んだ空間を飛行する際、コンシューマー向けドローンに搭載されている衝突回避機能は、周囲にある配線・配管等の物体に対して常にセンサが反応してしまうため、操縦の障害となり機能しないことから、当社では、機体に衝突回避機能を持たせるのではなく、壁や天井、障害物等に衝突しても安定して飛行を継続できるよう、独自の機体構造を設計しております。

また、万が一墜落が起こった際に、再離陸・再飛行を可能とする強度を保ちながら、人や設備への損傷が限りなく少なくなるよう、小型で軽量な機体設計を実現しております。

なお、プロペラを自社開発するにあたり、プロペラの周囲で発生する気流の解析と試作開発を自社で行うことで機体の密接な解析・検証を行い、IBISに適した高効率なプロペラの開発を実現しております。

 

■要素部品

カメラ

IBISを利用して点検等を行う環境は、その多くが、照明や日光が届かず暗い空間であります。そのような空間において、より明るく鮮明な映像を撮影するため、当社では、ソニー株式会社製のSTARVISセンサ（※17）を搭載した高感度カメラを開発しております。

さらに、当社開発の高感度カメラは、暗い環境で明るく鮮明に撮影できるだけでなく、画像処理に適した調整が施されており、SfMによる３次元点群（※18）の作成や、ひび割れ腐食等の検出性能向上に寄与しています。

 

モーター

一般に、多くのドローンに用いられているブラシレスモーター（※19）は、小型かつ高出力を実現するため、動作中は積極的に外部からの空気を取り入れコイルの冷却を行うことから、モーターに冷却用の穴や隙間を有する構造が採用されております。

しかしながら、IBISが利用される発電プラントの設備内部、製鉄所の設備内部、天井裏等の環境は、多くの鉄粉や粉塵が舞う過酷な環境であります。一般的な仕様のモーターでは、鉄粉や粉塵が冷却用の穴や隙間から内部に入り込むため、破損の可能性や動作不良のリスクが高くなります。IBISは、当社とニデック株式会社で共同開発した専用の防塵モーターを採用することにより、そのような過酷な環境においても故障リスクが僅少なため、安定運用が可能な仕様となっております。

また、自社開発の専用プロペラの特性に合わせてモーター開発を行っており、プロペラの空力特性（※20）を最大限に発揮することが可能であり、小型であるにもかかわらず、高出力・高効率を実現しております。

 

 

②ソフトウェア技術

当社グループは、人の進入が困難な天井裏やボイラー内、配管内などの狭小空間や閉鎖空間といった、従来は調査・点検が困難であった多くの環境に係るデータを取得してきております。そして、取得したそれらのデータを基に、３次元化を核とした高度なデータ解析技術を開発することで、インフラやプラント、建設業界等の分野で求められる「狭く、暗く、危険な」作業環境の「見える化」を実現し、ユーザーの課題解決に取り組んでおります。

 

・狭小空間、閉鎖空間における画像処理・解析技術

IBISにより、暗く、障害物や粉塵が多い環境のデータを数多く取得、解析することで、そのような環境の画像処理に特化した独自のアルゴリズムを開発し、一般的な画像処理技術と比較し、より鮮明な３次元データを生成する技術を構築しております。また、３次元データを生成するだけでなく、IBISに搭載したサーモカメラやガス検知センサによって取得した温度情報、ガス情報を３次元データと統合することで、視覚情報だけでは検知することが難しい水漏れやガス漏れなどの異常検知を可能としております。

・３次元解析クラウド「LAPIS」

当社は、独自の画像処理・解析技術を活用して、映像データから３次元データを自動生成するクラウド「LAPIS」を開発しました。ユーザーは映像データを「LAPIS」へアップロードするだけで、手間をかけることなく簡単に３次元データを生成することが可能となります。さらに、蓄積した解析に関する独自のノウハウを基に、例えば、過去と現在の３次元データの差分を検知することで異常箇所を特定する機能や、粉状の在庫の体積を計算する機能などの拡張開発に取り組んでおります。

 

・図面がないインフラや設備等のBIMデータ生成技術

竣工から長い時間が経過したインフラや設備等は、図面が残っていないもしくは図面が更新されていないことにより、設備トラブルの原因把握が困難であったり、補修工事が非効率などという課題を抱えていることが多くあります。また、建設済みの設備は天井裏など人が入れない環境も多くあり、建設後の図面作成は容易ではありません。

当社は、IBISとその他データ取得機器を併用して３次元データを生成し、さらにBIMなどの図面データを生成する技術を有しており、狭小空間、閉鎖空間に特化した独自の画像処理技術とBIMデータ生成技術を組み合わせ、人が入れない環境を含む設備全体を図面化することで、上述の課題解決に取り組んでおります。

 

 

（３）コア技術に関する知財確保

当社は、企業競争力・事業競争力の確保を企図し、競合他社が市場参入してきた際の防御策として、ドローンを構成する要素の中で、筐体設計に係る耐久性向上技術や、モーターの放熱に係る安全性向上技術に関して、下記の知財を確保しております。

 

（耐久性向上技術：特許第6554731号 フレーム組立体）

当社の強みである機体等の「小型化」及び「軽量化」を実現するための、ドローンの筐体について特許を取得しております。本特許は、トップフレームとボトムフレームを設け、振動源であるモーターを支えるための剛性と軽量を両立させるための機構であります。また、トップフレームとボトムフレームをサイドフレームで繋ぐことで、衝突時や墜落時の耐衝撃性に強い構造を実現し、なおかつ軽量であるため、墜落時に空気抵抗によって落下速度を減速させる効果も有しております。

 

（安全性向上技術：特許第6589100号 フレーム組立体）

IBISが飛行する環境には、製鉄所等の炉やボイラーの内部といった、非常に高温な環境が多くあります。一方、ドローン等に付属するモーターは、駆動することにより発熱し、一般には空気中に放熱されますが、当該高温環境においては、自然放熱では冷却が追いつかず、モーターの発熱に起因した故障が頻発いたします。本特許は、モーターの発熱時に、ボトムプレートに内包する金属板を通すことにより、放熱面積を増やし、冷却性を高めるものとなります。また、プロペラによって吹き下ろされる風によりボトムプレートの冷却が行われ、放熱のみならず冷却も同時に実現することを可能としております。

 

（基幹技術：特許第7679125号 無人飛行体）

隣接する回転翼の間に「遮蔽部」を設置することで、ドローンに発生する左右間の気流を遮断して前後方向の気流による旋回トルクの有効活用が実現でき、従来のドローンよりもエネルギー効率の良い旋回飛行が可能となります。また、これによりドローンの飛行時間の延長や機動性の向上が期待できます。

 

（応用技術：特許第7645000号 飛行体）

ドローンが揚力発生部を備えた本体と、本体から分離できる特殊な「離脱可能部」とを有することで、撮影や点検などの観察機能だけでなく、空中で何かを設置したり、飛行安定性を保ちながら作業を行う機能を有することを実現しています。すなわち、ドローンを「撮影するための道具」から「作業する道具」へと進化させることを可能にしています。

 

そのほかにも、今後は更なる応用技術やAI関連技術の領域においても研究開発を推し進め、知財の確保等を進めてまいります。

 

（４）大手との取引

・JR東日本グループ

JR東日本のグループ会社が出資し、当社の関連会社でもあるCalTaを通じ、当社は、JR東日本グループ関連の案件を多数受注しております。CalTaへの売上高は、2023年７月期は74百万円、2024年７月期は178百万円、2025年７月期は305百万円であり、2026年７月期以降も継続的な成長を見込んでおります。

CalTaの運営に係り重要となる契約は、同社の株主であるJR東日本コンサルタンツ株式会社・JR東日本スタートアップ株式会社・当社間の合弁契約と、同社と当社間のTRANCITYに係るライセンス契約の２つとなります。

なお、合弁契約においては、CalTaの重要な意思決定に係る協議・決定ルールを定めており、当該契約の定めに従い、当社は社外取締役として代表取締役の閔弘圭、社外監査役として取締役の市川純也を派遣しております。

 

・日本製鉄グループ

当社は、機体の開発に着手した2016年より、日本製鉄のフィールドを借り、耐環境性、ユーザビリティの高いドローンの開発を進めてきており、同社とは継続的な取引関係にあります。

当社は、日本製鉄のグループ会社や、製鉄所における協力会社・商社等を通じ、日本製鉄関連の案件を多数受注しております。2025年７月期においては、引き続き日本製鉄の保有するプラントの保守やメンテナンス等を展開する事業者へのIBISの販売に注力しているため、当該事業者へのプロダクト提供サービスの売上が中心となっております。

 

・東京電力グループ

当社は、東京電力ホールディングス株式会社の福島第一廃炉カンパニー等をエンドユーザーとした受託開発プロジェクトを過年度より継続して実施しております。

福島第一廃炉カンパニーとは、廃炉内の状況を把握し、今後実施が見込まれる廃炉処理を安全・適切に進めることを最終目的としており、社会的意義の非常に高い事業であると考えております。

 

（５）産学官連携による研究開発推進及び事業化推進

当社グループが身を置くドローン市場やデジタルツイン市場は、ドローンやそのシステムを構成するハードウェア・ソフトウェアの各関連領域において、めまぐるしい関連技術の発展とサービス創出がなされている状況であります。

このような状況において、「誰もが安全な社会を作る」という大きなミッションに向けて、当社グループが各分野でのリーディングカンパニーとしての地位を獲得するには、最先端の技術を取り入れ、継続的に研究開発を行っていくことが不可欠と考えております。

そのために当社は、省庁、自治体、大学、その他外部の研究機関や民間企業と積極的に産学官連携を行い、研究開発推進並びに事業化推進をしております。

 

当社が当事業年度に取り組んできた主な産学官連携プロジェクトは以下のとおりであります。

国家プロジェクト案件名

管轄・

主導先

内容

進捗

「災害時に生き埋めになった生存者を迅速に捜索するセンシング技術やロボティクス技術の開発」

経済産業省

及び警察庁

災害現場にて生き埋めになった生存者を捜索するドローン技術の開発プロジェクト

警察庁が提供する実験設備にて実証実験が成功しプロジェクト終了。今後は警察庁と活用可能性について協議を推進中

「建設施工・災害情報収集における高度化（省力化・自動化・脱炭素化）の技術開発・実証」

国土交通省

建設現場の業務効率化を目的としたドローンを用いたDXソリューション開発プロジェクト

補助金の最大交付額4.7億円

ドローン遠隔運行システムと３次元化システムの連携完了

建設現場に自動充電ポート付きドローンを１年間常設し、現場補助者なしの目視外飛行（レベル３）による週次の遠隔自動測量を継続運用

データ利活用までの一貫ソリューションを構築中

「鉄道施設の維持管理の効率化・省力化に資する技術開発・実証」

国土交通省

鉄道環境に対応したドローンを用いた鉄道点検ソリューションの構築を目指すプロジェクト

補助金の最大交付額52億円

原理試作機の開発及び各システムとの連携試験は完了

現在はフェーズ移行判定の準備段階にあり、承認後に移行する計画

令和７年度応用研究（下水道）

募集テーマ「下水道におけるデータやデジタル技術の活用に資する技術」

国土交通省

デジタルツインと小型ドローンによる下水道管点検のDXソリューションの開発プロジェクト

最大委託予定額26百万円

下水道関連事業者や自治体とのコミュニケーションを実施し、開発を開始

令和５年度補正「グローバルサウス未来志向型共創等事業費補助金」（我が国企業によるインフラ海外展開促進調査：三次公募）

経済産業省

マレーシア等の新興国に対して、狭小空間点検ドローンとデジタルツイン技術を組み合わせたインフラ・プラント設備点検のDXソリューションを展開することを目的とする

補助金の最大交付額41百万円

マレーシアを中心としたドローン事業者と連携し、マレーシア現地にて当社サービスの展開を推進中

※国家プロジェクトにおいては、各プロジェクトにおいて発生した研究開発費用について、管轄機関の監査を受けており、認められた金額のみを補助金又は助成金として収受しております。なお、補助金又は助成金に関して、新規技術の研究開発に係るものについては、営業外収益として計上しております。また、既存の当社技術を用いて、委託された研究や実証実験を行うことが主目的となるものについては、売上高として計上しております。

 

大学連携

目的

概要

国立大学法人千葉大学

研究開発推進

屋内飛行に向けた制御開発と流体解析を加味した機体設計の検討を推進中

 

 

自治体連携

目的

概要

東京都

事業化推進

「UPGRADE with TOKYO」スタートアップと東京都で都政課題の解決に向けた協働取組み先として選出され、ドローンと３次元モデルを用いた工事出来形確認手法構築のための取組みを実施

事業化推進

「現場対話型スタートアップ協働プロジェクト」における新事業分野開拓者に認定され、東京都の機関において随意契約による導入が可能に

北九州市

事業化推進

令和6年度「企業変革・スタートアップ・グロースサポート事業」に採択され、港湾桟橋環境における点検手法を開発

 

・用語解説

本項「３ 事業の内容」において使用しております用語の定義について以下に記しております。

No.

用語

用語の定義

※１

継続顧客の売上高割合

点検ソリューション（関連するデータ処理・解析サービス含む）において、２期連続で受注のあったエンドユーザーの売上高を、点検ソリューション全体の売上高で除して算定

※２

LAPIS

当社独自で開発した、屋内点検用小型ドローン「IBIS」で撮影した動画データを管理し、その動画から画像処理された３次元化データも一元管理することができるクラウドサービスを指す

※３

デジタルツイン

IoTセンサなどを用いて物理空間から取得した情報を基に、デジタル空間に物理空間のコピーを再現する技術

※４

オルソ化

ドローン、ラジコンヘリ、航空機、人工衛星等から中心投影として撮影された空中写真画像を補正し、正射投影された空中写真画像を作成する作業を指す

※５

BIM

「Building Information Modeling」の略称であり、コンピュータ上に作成した３次元の建物のデジタルモデルに、管理情報などの属性データを追加した構築物のデータベースを、建物の設計、施工から維持管理までのあらゆる工程で情報活用を行うためのソリューションを指す

※６

CAD

「Computer Aided Design」の略称であり、コンピュータを用いて設計をすること、又はコンピュータによる設計支援ツールのことを指す

※７

差分分析

量的調査などで用いられる統計的手法のことであり、施策の効果の因果関係を統計的に推理していく分析手法を指す

※８

UI/UX

「ユーザーインターフェースとユーザーエクスペリエンス」の略であり、それぞれ、ウェブサイトやアプリなどのデザインや操作性に関わる部分、そしてそのデザインや操作性がユーザーに与える全体的な印象や感情を指す

※９

GeoJSON

地理空間データ（地図上の点・線・面など）をJSON形式で表現するための標準的なフォーマットであり、主にウェブ地図アプリケーションやGIS（地理情報システム）で広く使われている

※10

SfM技術

「Structure from Motion」の略称であり、３次元構造を２次元のカメラ画像や動画から推定する技術

※11

非GPS環境

屋内や、構造物の近く、橋梁下において、GPS、GNSSデータが遮断され位置情報を把握することが困難な環境

※12

フィードバック制御

実際の状況をリアルタイムに取得し、それに基づいて制御入力を決定する制御技術

※13

非線形ロバスト制御

制御理論、制御技術の一つであり、一般的にPID制御よりも高度な数学が用いられ、制御対象をより正確に制御することが可能な制御技術

※14

PID制御

比例（P）制御、積分（I）制御、微分（D）制御の組み合わせによって、設定された目標値にフィードバック（検出値）を一致させる制御機能を指す。速度、圧力、流量、温度などの制御に使用される技術

※15

オプティカルフローセンシング

動画像において、各点の動きをベクトルとして求める技術を指す

※16

UWB

Ultra Wide Bandの略称であり、超広帯域を意味する無線通信技術のことであり、高精度な位置測位を可能とすることが特徴

※17

STARVISセンサ

可視光線領域に留まらず、沢山の光を集めることができる夜間の撮影にも適した高感度な裏面照射型画素技術を指す

※18

３次元点群

３次元レーザースキャナーなどで物体や地形を計測したデータ（スキャナーからの相対的なX,Y,Z情報やカメラの画像データから得た色の情報）をコンピュータ上で扱う際、物体や地形を「点」の集合体で表現したもの

※19

ブラシレスモーター

整流子やブラシなどの機械的な接触部を取り除いたモーターを指す

※20

空力特性

ドローンが飛行中やプロペラで吹き下ろす空気の流れから受ける様々な影響（機体にかかる力やモーメント、そしてそれらの力やモーメントに起因する機体の安定性や操縦性等の飛行性能）のこと

 

 

（事業系統図）"
2193,クックパッド株式会社,2025-12-31,"３ 【事業の内容】

当社グループ（当社及び当社の関係会社）は、当社、連結子会社（Cookpad Limited、Cookpad Spain, S.L.、PT COOKPAD DIGITAL INDONESIA 他２社）の計６社で構成されており、料理レシピ投稿・検索サービス「クックパッド」の運営を中心に「毎日の料理を楽しみにする事業」を展開しています。

 

［クックパッド］

「今日なに作ろう」を解消する料理レシピの投稿・検索サービスです。毎日の料理をたのしみにするため、作った料理をおすすめする「つくれぽ」機能の提供や、人気のキーワードの紹介を行っています。無料でのご利用も可能ですが、有料機能として、人気レシピがわかる人気順検索、毎日の献立やテーマ別のおすすめレシピ提案などの機能を提供しています。

 

［moment(モーメント)］

「上手に作れない」という知識と実践の間の深いギャップの解消を、AIカメラによるパーソナルコーチングで解決することを目指しています 。自宅キッチンでの調理工程をAIカメラが分析し、どこに課題があり、それはなぜなのかといったユーザーの料理における本質的な原因を特定し、ユーザーに合わせた具体的なアドバイスを提供し、応用の利く料理の原理原則を身につけ、効率的に自信を持っておいしく作れる料理を増やすことができます。

 

［クックパッドマート］

「新鮮で質の高い食材が手に入りにくい」という買い物の課題を解消するため、誰でも手軽に美味しい食材を購入できる仕組みを構築することを目指しています 。マンション等に設置している専用の冷蔵宅配ボックスに商品をお届けし、おいしい食材を日常の動線上で受け取れます。

 

なお、当社グループは、「毎日の料理を楽しみにする事業」の単一セグメントであるため、セグメント別の記載を省略しています。

 


[事業系統図]"
2195,アミタホールディングス株式会社,2025-12-31,"３【事業の内容】

当社グループは連結財務諸表提出会社である当社、当社の連結子会社５社（アミタ株式会社、アミタサーキュラー株式会社、AMITA CIRCULAR DESIGN SDN. BHD.、PT Amita Tamaris Lestari、PT Amita Prakarsa Hijau）及び持分法適用関連会社２社（サーキュラーリンクス株式会社、AMITA NAZA SDN. BHD.）により構成されております。当社グループは、「社会デザイン事業」の提供を通じて、「持続可能社会＝発展すればするほど自然資本と人間関係資本が増加する社会」の実現を目指しております。

なお、主な関係会社の詳細につきましては、「第１ 企業の概況 ４関係会社の状況」に記載のとおりであります。

当社は、有価証券の取引等の規制に関する内閣府令第49条第２項に規定する特定上場会社等に該当しているため、インサイダー取引規制の重要事実の軽微基準については連結ベースの数値に基づいて判断することとなります。

 

■「社会デザイン事業」の内容

当社グループは、発展すればするほど自然資本と人間関係資本が増加する持続可能社会の実現を使命とし、日本を「経済大国」から「循環大国」へと導く未来ビジョンとして「エコシステム社会構想2030」（以下、2030年ビジョン）を掲げています。同構想の実現に向けて、45年以上に渡り培ったサステナビリティ分野のノウハウ、良質なネットワーク及び人・資源・情報などの経営資本を活かし、サステナビリティ市場における持続可能な企業経営・地域運営を統合的に支援し、社会の持続性と関係性を向上する「社会デザイン事業」の開発・提供に取り組んでおります。具体的な事業内容は次のとおりです。

 

(1)トランジションストラテジー事業

持続可能な企業経営・地域運営への移行戦略ニーズが急激に高まる中、社会ニーズを先読みしたサービス開発とソリューション力の高度化が重要となります。トランジションストラテジー事業では、企業に対して循環型の事業創出・事業変革を支援する「Cyano Project（シアノプロジェクト）」、自治体に対しては互助共助の関係性増幅と域内資源循環の促進を支援する「MEGURU STYLE（めぐるスタイル）（※１）」を中心に、移行戦略の立案から実行フェーズまで統合的な支援を提供いたします。

 

① 持続可能な企業経営への移行戦略支援

・ビジョン策定

・戦略立案

・循環型の新事業創出

・環境認証審査 ※２

② 持続可能な地域運営への移行戦略支援

・循環型コミュニティデザイン

・ローカルソーシャルビジネスの創出

 

※１…MEGURU STYLEは、地方自治体の４大課題（人口減少、少子高齢化、社会保障費の増大、雇用縮小）の解決に向けた、現在開発中の持続可能なコミュニティデザインサービスです。MEGURU STATION®、MEGURU BOX®、MEGURU COMPLEXというハードを用いた、互助共助の仕組みと、もの・情報の循環設計を基盤としています。当社グループは、本サービスを通じて「関係性の増幅」と「循環の促進」を軸に、地域住民・自治体・企業の協働を通じて、関係性・多様性・文化性を豊かにする新たなまちづくりの実現を目指します。

※２…国際的な環境認証制度である、適切な森林経営・管理に関する認証（FSC® FM認証）及び認証木材を使用した製品管理に関する認証（FSC® CoC認証、PEFC™ CoC認証）の審査並びに監査業務を実施いたします。また、MSC認証機関として水産物の加工流通過程の管理の認証（MSC CoC認証）、ASC認証機関として養殖場の認証（ASC 養殖場認証）及び加工流通過程の管理の認証（ASC CoC認証）の審査業務を実施いたします。アミタ株式会社は、日本初のFSC®森林認証審査会社/ASC養殖場認証機関であり、アジア初のMSC CoC認証機関でございます。

 

(2)サーキュラーマテリアル事業

天然資源の代替製品を製造する「100％再資源化」をより高度化し、使用するほどCO2削減や生態系サービスの回復に資する「サーキュラーマテリアル」の開発・製造・供給を行っております。

 

〇持続可能な調達・資源活用の総合ソリューション

・サーキュラーマテリアルの開発

・サーキュラーテクノロジーの開発

・発生品（廃棄物）を原料としたサーキュラーマテリアルの製造及び安定供給サービス ※３

・サーキュラープラットフォームの提供

 

※３…現時点での主たる拠点として、アミタサーキュラー株式会社の国内４か所の自社製造所に加え、同社が技術提供している協業企業ネットワークであるアミタ地上資源パートナーズが国内４か所ございます。

 

(3)海外統括事業

アジア・大洋州地域における持続可能な企業経営・地域運営の統合支援を行っております。

 

〇海外における社会デザイン事業の展開

・環境コンサルティング事業

・マレーシアにおける産業廃棄物の100％再資源化事業 ※４

・インドネシアにおける産業廃棄物の100％再資源化事業の構築 ※５

・アジア・大洋州地域における循環型市場開拓

 

※４…持分法適用関連会社である「AMITA NAZA SDN. BHD.」を通じて、マレーシアにおける100％再資源化事業を実施しております。

※５…子会社「PT Amita Tamaris Lestari」「PT Amita Prakarsa Hijau」を通じて、インドネシアにおける100％再資源化事業の構築に向けた取り組みを実施しております。

 

(4)サーキュラーマネジメント事業

持分法適用関連会社である「サーキュラーリンクス株式会社」を通じて、顧客企業のESG経営とサーキュラーエコノミーの推進に向けて、廃棄物管理システム・サステナブルBPOを提供することで、環境管理業務の効率化並びにサーキュラーエコノミーへの取り組みを支援しております。

 

〇廃棄物マネジメントシステム、廃棄物マネジメントBPO、製品・資源等のサーキュラーに関するオペレーション

・ICTソリューション

・ビジネスプロセスアウトソーシング

 

■事業系統図は、次のとおりであります。"
2198,アイ・ケイ・ケイホールディングス株式会社,2025-10-31,"３【事業の内容】

当社グループ（当社及び当社の関係会社）は、当社（アイ・ケイ・ケイホールディングス株式会社）及び子会社６社により構成されており、婚礼事業、介護事業、食品事業、フォト事業等を営んでおります。

なお、当社は、有価証券の取引等の規制に関する内閣府令第49条第２項に規定する特定上場会社等に該当しており、インサイダー取引規制の重要事実の軽微基準については連結ベースの数値に基づいて判断することとなります。

当社グループにおけるセグメントごとの事業内容及び当社と関係会社の当該事業に係る位置づけは、次のとおりであります。

 

セグメントの名称

主な事業内容

関係会社等

婚礼事業

挙式・披露宴に関する企画・運営等

のサービスの提供

アイ・ケイ・ケイ株式会社

PT INTERNATIONAL KANSHA KANDOU INDONESIA

介護事業

有料老人ホームの運営、介護サービ

ス等の提供

アイケア株式会社

食品事業

引出物・引菓子及びギフト商品等に関

する企画、開発、販売業務

株式会社明徳庵

フォト事業

フォトウェディング及び写真スタジオ

等の企画・運営等のサービスの提供

Ambihone株式会社

その他

主として海外人財の職業紹介及び人財

派遣等の企画・運営等のサービス提供

アイ・ケイ・ケイユナイテッドリンク株式会社

 

      以上に述べた事項を事業系統図で示しますと次のとおりであります。

 

［事業系統図］"
219A,Ｈｅａｒｔｓｅｅｄ株式会社,2025-12-31,"３【事業の内容】

当社はiPS細胞由来の心筋細胞の微小組織（心筋球）を心臓に移植する治療法である「心筋再生医療」を確立し、重症心不全患者さんに貢献することを目的として事業活動を行っております。なお、当社の事業セグメントは、医薬品事業の単一セグメントであるため、セグメント情報の記載を省略しております。

(１）事業の特徴

① 概要

当社が日本で開発中の治療法は「医薬品、医療機器等の品質、有効性及び安全性の確保等に関する法律」（以下、「薬機法」という。）における再生医療等製品に該当し、日本政府は再生医療等製品の開発・承認期間の大幅な短縮を可能にした法律を世界に先駆けて制定するなど、実用化に向け国を挙げて全面的に後押しをしています。当社は、iPS細胞から作製した心筋細胞を重症心不全患者の心臓の中に移植する世界初の心筋再生医療を実現すべく、本制度を活用した条件及び期限付承認を取得することを目指して開発を進めております。

当社は、より多くの患者さんへの適用・貢献を目指して、投与手法や対象疾患の多様化を図るべく、心筋球による複数の治療プログラムを開発中です。リードパイプラインであるHS-001（他家iPS細胞由来心筋球の開胸投与）では、虚血性心疾患による重症心不全患者10例（低用量５例、高用量５例）を対象に、冠動脈バイパス手術（※４）と併用して投与するLAPiS試験を実施中です。既に全10例の投与組み入れを完了しており、2026年１月に治験で既定した52週フォローアップが完了しております。また、HS-005（他家iPS細胞由来心筋球のカテーテルによる投与）においては、虚血性心疾患、拡張型心筋症それぞれを原疾患とする重症心不全患者７例ずつ計14例の組み入れを目標としたEMERALD試験を予定しています。2025年11月４日付当社リリースの通り、独立行政法人医薬品医療機器総合機構（PMDA）による治験届の30日調査が完了済みであり、2026年より治験開始すべく準備を進めております。 HS-001におけるLAPiS試験、HS-005におけるEMERALD試験いずれにおいても、独立行政法人医薬品医療機器総合機構（PMDA）ウェブサイト上（https://www.pmda.go.jp/review-services/trials/0019.html ※本書提出日現在にて記載確認）にて、国内開発の最終段階である治験として、当社が終了後承認申請を見込む治験（「主たる治験」）として届け出ております。

なお、当社はグローバル大手製薬企業のノボノルディスク エー・エスと2021年より４年間に渡って提携関係がありましたが、2025年９月29日付当社リリースの通り、事業提携が先方事由により解消となりました。結果として、導出していた当社の開発・製造・販売に関する権利及び知的財産権などが当社へ返還された他、ノボノルディスク エー・エスが提携期間中に独自に開発取得していたノウハウや知財についても、当社が追加コストを支払うことなく受領しております。当社は本書提出日現在において、HS-001ならびにHS-005に関する全世界の権利を保持しており、今後、日本の臨床開発を進めるとともに、グローバル市場への対応方向性につき検討を進める予定です。

 

② 対象疾患について

心臓は標準的なヒト成人の心臓ではおおよそ250-350gといわれていますが、心臓全体として筋肉の塊のような構造をしており、体全体に血液を循環させるポンプの役割をしています。日本医師会によると、心臓によって１分間で合計約５Lの血液量が全身に循環され、心臓の拍動の回数は１日約10万回、一生の間には40億回以上も打ち続けることになります（日本医師会website https://www.med.or.jp/forest/check/05_02.html ※本書提出日現在にて記載確認）。心臓の拍動を支えるのが心筋細胞ですが、ヒトは壊死した心筋を元に戻す自己再生能力を持っていないため、加齢や疾患などによるダメージなどで心臓の筋肉量は徐々に低下をしていき、結果、心拍出量は低下していきます。

心臓の収縮能力や拡張能力が低下するなどの原因により、心拍出量が低下し、その拍出量の低下を補うために心臓が拡大し、その結果、肺などの臓器のうっ血や呼吸困難、運動能力の低下をきたす症候群が、心不全です。様々な心臓疾患の病状の進行により起こる終末像とも言え、心不全を引き起こす代表的な原因として、虚血性心疾患（心筋梗塞など）、高血圧、心臓弁膜症、心筋炎、不整脈等心臓や循環器に起因するものに加えて、糖尿病や肺気腫などの他臓器に関連するもの、心臓が生まれつき正常でない先天性心疾患など数多くの病態が存在します。急性期のショックと、慢性的な病態進行が混ざりながら病態が悪化していきます。心不全では、上記の自覚症状が慢性的に継続しながら病態が進行していった結果、最悪の場合は死に至る可能性もあります。（図１）

 

（図１）心不全の病状進行：虚血状態から心筋壊死へ

 

世界保健機関（WHO、Key facts、2025年７月報告）によると、心不全を含む循環器系疾患は世界の死因の第一位で、2019年には約1,800万人が命を落としています。中でも心不全は生存率が低い疾患で、患者数も増加を続けており、画期的な治療方法の開発が強く望まれています。心不全患者数は2017年時点で世界に約6,500万人とされ（N.L. Bragazzi et al., ESC European Journal of Preventive Cardiology 2020）、米国では2012年に約650万人だったのが2030年には800万人以上に増加すると予測されています（Benjamin, Circulation 2017）。日本でも2005年に約100万人だった患者数が、2020年時点で約120万人、2030年には約130万人に増加すると予測されています（Okura, Circulation J 2008）。この患者数の増加は、高齢者の増加と医療技術の高度化により一命をとりとめるケースが増えたことが一因で、入院患者数や医療費の増大から「心不全パンデミック」と呼ばれるほどに、大きな社会問題となっています。

また、心不全による死亡者数は、米国では2004年に28万人であったものが、2022年の調査によると45万人まで増えております。（Adler, Circulation 2009、及びCDC website https://www.cdc.gov/heart-disease/about/heart-failure.html ※本書提出日現在にて記載確認）。日本でも2020年には、悪性新生物（がん）のうち死亡数の最も多い肺がんより多い約９万人が心不全で亡くなっています。循環器系疾患で急性心筋梗塞、脳梗塞の死亡者数は減少している一方で、心不全による死亡者数は増加の一途をたどっています。（図２、厚生労働省 令和６年(2024年)人口動態統計から当社作成）

 

（図２）国内年度別死因別死亡者数（人）

 

③ 既存の治療法について

心不全発症前の治療としては冠動脈閉塞に対するカテーテル術、心不全発症後の病態改善のための治療法としては、心臓の負担を下げるための運動療法や薬物治療など、急性・慢性心不全診療ガイドラインに則して数多くの治療法が整備されておりますが、いずれも対症療法に留まっております。特に近年新薬が登場している薬物治療においても、複数種類の医薬品を組み合わせて、それぞれ最大用量の処方が推奨されるものの、血圧を下げる方向の薬が多いことから併用が難しかったり、患者さんの病態の都合上低用量でしか処方できなかったりと、課題があります。心不全の経過は多くの場合、慢性・進行性であるが故に、急性増悪が繰り返し発生することによって重症化していくことから、こうした対症療法を進めていたとしても、病態コントロールが出来ない場合は結果として、ステージC（心不全ステージ）からステージD（治療抵抗性心不全ステージ）へと進展していきます。

最も症状が進行したステージDの心不全患者さんの病態は厳しく、５年生存率は多くのがんよりも下回る20％程度であり（Amar, Circulation 2007）、重症心不全の根治的な治療法は心臓移植しかありません。心臓移植は世界中で慢性的なドナー不足が続いています。国内では特に深刻で、1997年に「臓器移植に関する法律」が施行され25年を経過した2023年に史上初めて100例を突破（日本心臓移植研究会報告）したものの、過去10年平均では約60例であり、年間の心不全死亡数との対比では約0.1%をカバーするに留まっています。心臓移植は65歳以下が対象となっていますが、平均待機期間が３年程度で５年以上待機しているケースもあり、移植登録ができるのは実質的には60歳までとなっています。

心臓移植を待機している患者さん向けの一時的な治療法として、小型ポンプを体内に埋め込んで心臓の左心室につなげて血液循環を補助する補助人工心臓治療があり、近年では心臓移植件数が伸び悩む中、補助人工心臓を半永久的に使用するDestination Therapyという治療法が許可されております。しかしながら、補助人工心臓治療の適応となるには、様々な選択基準をみたす必要がある他、初回退院後６ヵ月程度の同居によるサポートが可能な介護者がいる体制が必須で、バッテリーや電源の管理をはじめとして、患者さんだけでなく支える家族や周囲の方の生活習慣にも大きな制限があります。また心臓移植や補助人工心臓は費用が高額でかつ、施術後も毎年高額な管理費用が必要であり、施術に踏み切ることのできる心不全患者さんは限られているのが実態です。このように、重症心不全は患者数が多く、死亡者数も多く、かつ新規治療法が強く求められる、アンメット・メディカル・ニーズの高い疾患です。

他方、iPS細胞を用いた心筋再生医療は、心臓移植・補助人工心臓よりも多くの患者さんへの適用を目指すことができます。すなわち、心臓移植を待つ厳しい病態の患者さんへの適用のみならず、病態の早期段階での治療の選択肢としても、心機能の改善、悪化の阻止、病状進行を遅らせるなどの期待があります。多くの患者さんに適用可能になることが望まれております。（図３，図４）

 

（図３）当社治療法の概要

心筋細胞は生まれた後は細胞分裂をしないため、心筋梗塞等で一部が壊死してしまうと、その後再生する

ことがありません。根治には、残存心筋のパフォーマンスを改善させるだけでなく、根本的な原因である

減少した細胞量を補うことで、ポンプ機能を改善させ、拡大した心臓を縮小させることが必要になります。

当社の心筋補填療法は、再生心室筋を心臓壁に直接移植することで心筋を補填する治療法です。

 

（図４）国内重症心不全の治療法の比較（当社まとめ）

 

④ 当社事業のバリューチェーン、パートナーについて

当社事業におけるバリューチェーンは、研究、開発、製造、輸送、販売から構成されます。大学病院や公的研究機関等に加え企業等の開発パートナーとの共同研究等を通じて、心筋再生に関する最先端の研究を遂行しております。そしてこれら研究成果を、特許として出願することにより知的財産を形成しております。

当社は他家iPS細胞由来心筋球による心筋再生医療を実現すべく研究開発を進めております。日本国内の開発については、当社単独で進めており、開発業務委託機関（CRO）である㈱リニカルの支援を得て治験実施中です。治験製品の製造については、製造開発受託機関（CDMO）である㈱ニコン・セル・イノベーションへ、また、心筋球や移植針などの移植デバイスの輸送は再生医療に実績のある㈱メディパルホールディングスの100％子会社であるSPLine（エスピーライン）㈱へ委託しております。なお、日本以外の全世界の権利については、当社は本書提出日現在において、HS-001ならびにHS-005に関する全世界の権利を保持しており、新規パートナーを確保した上で海外開発を委託するか、もしくは自社で研究開発を進めるかなど、グローバル市場への対応方向性につき、今後、検討を進める予定です。（図５）

 

（図５）事業系統図

 

(２）技術及び開発品の特徴

治療薬の開発は、技術の進化に伴って一般的に、体全体に効果を持つゆえに全身性の副作用が出てしまうものから、患部を局所的に治療ができる高い有効性と限定的な副作用が両立できるものへと進化しており、例えば抗がん剤であれば、化学療法が開発された後、分子標的薬が生まれ、現在では血液がん向けに患者自身の免疫を活用した細胞治療薬（CAR-T）が実現されています。心臓領域の治療法では、標準治療薬の開発が進んだ後、近年では、心不全の近接疾患である肥大型心筋症の治療薬として、心臓の筋肉の収縮・拡張をコントロールする医薬品が実現し、新たなブロックバスターになり得ると期待されております。

再生医療によって心機能改善に取り組む技術開発においては、当社の代表取締役社長である福田惠一が1999年に骨髄間葉系幹細胞から心筋細胞の分化誘導に世界で初めて成功して以降、多くのグループや企業が世界中で試みており、実用化に至る製品も出てきました。しかしながら、それらの多くは、心筋細胞以外の細胞、例えば間葉系幹細胞や骨格筋芽細胞などを移植し、それらの細胞が出す分泌物が移植先の心機能の改善を促す間接的な治療アプローチ（パラクライン効果（※５））でした。

他方、福田は慶應義塾大学における循環器内科医として、医薬品企業各社が進める心臓領域の様々な新薬治験に約30年にわたって携わり、心臓領域の治療法が全身性の標準療法から心筋自体に局所的に作用する医薬品に進化していくであろうイノベーションの方向性を経験しております。その中で、1999年の心筋細胞の分化成功以降、福田は、心筋細胞を患者の心臓に移植をして心機能の改善効果を得ようとする、さらに先進的な治療法の実現を一貫して目指し研究成果を積み上げて参りました。当社が開発するiPS細胞由来心筋球による治療法は、上述のパラクライン効果による心機能改善効果のみならず、移植した心筋球自体が患者さんの心筋の中に長期にわたって（マウスの寿命に近い移植後１年間まで確認）生着（※６）し成長することによって、患者さんの心臓に元来存在する心筋細胞と電気的に同調して拍動し、直接心臓に収縮力を生み出す物理的な効果を期待する治療法です。

この直接的に心筋収縮力を回復させるようとする治療アプローチは、“Remuscularization（心筋補填療法）”と呼ばれております。細胞が定着して効果を発揮することが作用機序であり、移植した心筋細胞が長期間にわたり体内に残存するため、非臨床試験結果を積み上げて安全性を確認していくことが重要です。本手法を用いた開発を進める他社も存在しておりますが、当社は既に治験段階へ入っている世界的にも数少ない企業の１社となっております。（図６）

 

（図６）治療メカニズムの比較

※1：LVAD, Left Ventricular Assist Device（左室補助人工心臓）

※2：分泌された物質が分泌した細胞の周囲の細胞や組織に直接作用すること

※3：STEM CELLS 2012;30:1196–1205, Pluripotent Stem Cell-Engineered Cell Sheets Reassembled with Defined Cardiovascular Populations Ameliorate Reduction in Infarct Heart Function Through Cardiomyocyte-Mediated Neovascularization, Masumoto, Matsuo, Yamamizu et al.

 

当社が積み上げてきた独自の技術の詳細は、下記のとおりです。主に慶應義塾大学にて20年以上の歳月を積み上げ培った技術、知財、ノウハウを当社へと移管もしくは実施許諾を受ける形で活用しております。

 

① 他家iPS細胞由来心筋球と自家iPS細胞由来心筋球

iPS細胞を用いた再生医療は、健康な方（健常人ドナー）の血液等の細胞からiPS細胞を作製し、そこから目的の細胞を作製して患者さんに移植する他家iPS細胞治療と、患者さん自身の血液等の細胞から患者さん自身のiPS細胞を作製し、そこから患者さん専用の目的の細胞を作製して移植する自家iPS細胞治療の２つに大きく分けることができます。

当社では、他家iPS細胞由来心筋球を自家iPS細胞由来心筋球に先行して開発しております。両者のプロセスの全体像は下記のとおりです。（図７）

 

（図７）他家iPS細胞由来心筋球移植と自家iPS細胞由来心筋球移植

当社の他家iPS細胞由来心筋球では、外部機関からiPS細胞の原株を取得し、そこから原株を保存するマスターセルバンク、心筋細胞作製時に都度用いるワーキングセルバンクを製造開発委託機関（CDMO）の協力のもとに作製し、当社自身で維持・管理を実施しております。このため、今後の製品供給に必要なiPS細胞を当社自身で供給できる体制を整えております。

自家iPS細胞由来心筋球移植では、後述のように個々の患者さんから安定して高品質のiPS細胞を作製する技術、個々のiPS細胞から高品質な心筋細胞を作製する技術が求められます。

 

② 当社独自の技術

当社が開発している再生医療等製品候補である他家iPS細胞由来心筋球、及び自家iPS細胞由来心筋球には複数のステップが必要であり、各段階の重要プロセスにおいて当社は独自の技術ノウハウや知財を確立しております。

他家iPS細胞由来心筋球では、上述のようにiPS細胞は既に作製済みで、既にセルバンク化されていますが、自家iPS細胞由来心筋球では、患者さんの血液等からiPS細胞を製造（ａ）する必要があります。以降のステップは共通していますが、iPS細胞を大量培養し心筋の中でも心室筋に選択的に分化誘導（ｂ）して大量作製した後、当社が開発した純化精製技術で未分化iPS細胞及び非心筋細胞を除去（ｃ）し、心筋細胞の純度を98%以上へ引き上げる徹底した純化を進めます。その後、約１千個の心筋細胞の塊である「心筋球」を大量に作製（ｄ）し、心臓を傷つけないように先端を加工した特殊な注射針（ｅ）を用いて開胸手術時に心臓に心臓外壁から直接移植します。（図８）

 

（図８）当社技術の全体像

 

純化精製に代表される本プロセスの実現によって、複数の細胞が混じった複雑な製造基準が不要となったほか、目的外の細胞を除去したことで腫瘍形成リスク、不整脈発現リスクを最小限に抑えることが期待できます。（ａ）～（ｃ）のプロセスを経て製造した心室特異的心筋細胞は、超低温で長期間冷凍保存することが可能であり、冷凍保存した心筋細胞を患者さんの手術スケジュールに合わせて、解凍して心筋球を製造（ｄ）することが可能です。なお、本プロセスはGMP（Good Manufacturing Practice）下での製造が可能で、既に製造開発受託機関（CDMO）へ製造技術移管を完了させております。

詳細は下記のとおりです。

 

ａ．iPS細胞作製技術

細胞治療を目指す上では、再生医療等製品の最終製品だけでなくその原材料においても薬機法にて品質や安全性確保が求められております。当社は他家細胞治療にて再生心筋細胞の原料として活用するiPS細胞原株を他社から取得した後、原株を保存するマスターセルバンク、心筋細胞作製時に都度用いるワーキングセルバンクを製造開発受託機関（CDMO）の協力のもとに当社自身で維持・管理を実施しているため、当社自身でiPS細胞を供給できる体制を整えております。

ヒトの身体には細胞の自己と非自己を判断し非自己細胞を免疫が除去する仕組みがあり、それを細胞表面のヒト白血球抗原（HLA）（※７）が担っていますが、他家細胞治療ではこの免疫応答をいかに抑えるかが重要です。下記「ｃ.純化精製技術」にて後述する技術革新や治療後の免疫抑制剤の活用によって、他家細胞治療による免疫拒絶のリスクを低減する仕組みを取り入れております。

なお、図８のとおり、当社は自家細胞治療も可能とするiPS細胞を製造する技術も保有しております。次世代パイプラインにおいて自家細胞治療を樹立していく際にも、豊富な技術知見やノウハウを保有しております。

 

ｂ．分化誘導技術

慶應義塾大学での研究によって、iPS/ES細胞（※８）から心筋細胞への分化誘導方法が確立されてきました。心筋再生医療には大量の心筋細胞が必要ですが、より安価かつ効率よく心筋細胞への分化誘導が可能になっています。

心筋細胞には、心房筋細胞、心室筋細胞、ペースメーカー細胞と性質が異なる細胞がありますが、それぞれが異なる拍動のリズムを持つため、多くの細胞が混ざった状態で製造された心筋細胞は、不整脈のリスクを誘発する可能性が示唆されております。他方、当社の心筋細胞は、心房筋細胞やペースメーカー細胞を含まない、全身循環のポンプ機能を担う心室筋特異的な心筋細胞です。心室筋特異的心筋細胞は拍動のリズムが他の細胞に比べて遅いために、細胞移植後患者さんの心臓のリズムに連動しやすい利点があり、徹底した純化精製によって拍動リズムの異なる他の細胞を除去したおかげで、結果として不整脈が発生するリスクが低減されていると考えられます。（図９）

 

（図９）細胞別の心拍数の対比

 

ｃ．純化精製技術

iPS細胞を心筋細胞に分化誘導した段階では、未分化のiPS細胞や心筋細胞以外に分化した細胞が残存していますが、特に残存未分化iPS細胞（※９）を除去せずに移植してしまうと腫瘍形成につながってしまう恐れがあります。このため、未分化iPS細胞を純化精製プロセスの中で極限まで除去していくことが、治療法の安全性を確保する上で重要になっていました。

慶應義塾大学での福田惠一及びそのチームの研究において、ヒトiPS/ES細胞及び心筋細胞が細胞培養に必要としている栄養分の代謝解析を進めた結果、どの細胞もグルコース及びグルタミンが培養に必要であるのに対して、心筋細胞だけはグルコース及びグルタミンの欠乏下でも乳酸によって培養可能であることが明らかになりました。本代謝解析の成果を活用して、培養液からすべての細胞の生存に必須とされるグルコース及びグルタミンを除去し、この代替物として心筋細胞だけが効率よく利用することのできる乳酸を添加する工夫をすることで、腫瘍形成の原因となる未分化幹細胞を検出限界値以下までに死滅させ、心筋細胞だけを選別する方法を確立することに成功しました。

これによって、培養液を交換するという極めて単純な工程によって、臨床応用を視野に入れた高純度の心筋細胞を作製することが可能となりました。この研究成果によって安全性の高い大量の心筋細胞を簡便に入手するという大きな課題が解決し、心臓の再生医療の実用化に向けて大きく前進しました。（図10、図11）

 

 

（図10）腫瘍形成リスクのある残存未分化iPS細胞の除去プロセス

 

（図11）純化精製前後での比較

ファイバー状につながっているのが心筋細胞。純化精製前に心筋細胞の間に存在していたiPS細胞や非心筋細胞は、純化精製の結果死滅して、死んだ細胞のみが確認出来る。

 

また、上述の心筋細胞の純化精製プロセスは、腫瘍形成のリスクを低減させただけでなく、投与に関する安全性の確保に重要なメリットをもたらしています。心筋細胞は他の細胞と比べて、HLAの発現が微小であることが報告されており、純化精製プロセスを通じてiPS細胞を含む目的外の細胞を極限まで除去できた心筋球は、免疫拒絶を受けにくいと想定されます。

 

ｄ．心筋球作製技術

心筋細胞をバラバラの細胞のまま移植しても、心筋細胞は分散していると脆弱化し、注射針を用いて移植すると90％の細胞は移植直後に拍動に伴う絞り出し現象で心臓外に押し出されてしまう、といった理由で、心臓への生着率が低いことが知られていました。他方、細胞は同種の細胞が凝集すると細胞外マトリックスという物質を介して相互に接着する性質があり、当社では、約１千個の心筋細胞を塊にした「心筋球」を作製し心臓組織に移植する手法を開発いたしました。実際に免疫不全マウスを活用した移植実験において、心筋細胞単体（シングルセル）よりも心筋球移植の方が、高い割合で生着出来ることが示されました。（図12）ルシフェラーゼというホタルの発光などでも見られる遺伝子を導入したiPS細胞から心筋細胞もしくは心筋球を作製してマウスに移植すると、生着している細胞の量に応じて蛍光を生じさせることができるため、細胞の生着率を相対的に評価することができます。図12では、心筋細胞を１個１個バラバラの状態（シングルセル）で移植したときと比べて、心筋球による移植では蛍光の量は14倍以上になっており、心筋球のほうがより効率的に生着することが示されております。

 

（図12）心筋球とシングルセルで移植することの細胞定着率の違い

 

サルに当社のヒトiPS細胞由来の心筋細胞を移植した実験（信州大学 柴祐司先生らとの共同研究）でも、移植心筋はきれいに生着しております。（図13）移植したヒトiPS細胞由来心筋細胞は、同方向で収縮できるようサルの心筋細胞と並行に配列され(左図)、また同調した収縮が行えるよう直接的な連結を形成される(右図)ことが確認されました。

 

(図13) サルに移植したヒトiPS細胞由来心筋細胞（移植後84日）

生着した移植心筋細胞は患者さんの心筋組織内で成長し、低下した収縮機能を補うことで、原疾患を問わず心機能を長期的に改善することが期待されます。

 

ｅ．投与技術

当社は心筋球のみならず投与技術もあわせて開発しております。多様な心筋壁へのアクセス・ルートにくわえ、心筋球の移植針、カテーテルシステム、補助用アクセサリーなど、術者の手技レベルに依存することなく安全かつ効果的な細胞移植を可能とするシステムを確立しており、（３）開発パイプラインにおいて詳述します。

 

(３）開発パイプライン

当社は、重症心不全の中でも特に収縮不全の重症心不全を対象に、他家iPS細胞由来心筋球による治療法の開発を進めております。

収縮力が低下する重症心不全の原因として、大きく虚血性心疾患（IHD：心筋梗塞や狭心症などで虚血、すなわち、心臓に十分血がいきわたらず、血液が運搬する酸素と栄養素が心筋に供給されず心臓が酸欠状態となり胸痛が起こるもの）と拡張型心筋症（DCM：心臓の筋肉そのものの異常により心臓の筋肉が薄くなり拡張して収縮力が低下するもの）の２つがありますが、当社の開発品は原因疾患にかかわらずに効果を示せると考えられ、これらの両方を対象として考えております。疾患調査に関する論文などの公開情報及び市場調査などの結果をもとにした当社推計では、虚血性心疾患では、収縮不全の患者層が45%～50%、虚血性且つ難治性の患者層であるニューヨーク心臓病協会(NYHA)分類のII度～IV度を全体の20～30%として、対象患者の母集団としては日本約16万人、米国70～80万人、全世界ベースで約700万人が存在し、また、難病指定をされている拡張型心筋症では日本２万人、米国８～12万人が存在すると想定されます。

心筋再生医療を普及させ、世界中の患者さんにお届けするためには、移植方法と免疫拒絶の抑制の２つの側面からパイプラインを展開する必要があると考えております。そのために、当社では、リードパイプラインであるHS-001の、最も確実な移植方法である開胸手術下での移植から臨床開発に着手しつつ、同時に以下の当社パイプラインように開発しております。（図14）

 

（図14）当社パイプライン

 

＜臨床開発をめざすパイプライン＞

ａ．HS-001（他家iPS細胞由来心筋球の開胸投与による治療プログラム）

最初に臨床試験を行うのは、移植したい部位に心筋球を最も確実に移植できるように、開胸手術によって心筋内に直接移植する方法です。移植時に出血を最小限に抑え、安全かつ多数の心筋球を効率的に移植できるように開発した特殊な移植デバイスを用います。更に、患者さんの負担の減少のため、もともと冠動脈バイパス手術（CABG）を予定している患者さんに、CABGとあわせて心筋球の移植を行います。

CABGは虚血部位の血液を再環流させる治療法であり、心筋球へ栄養を行き渡らせる手段として相性が良いと考えられます。他方、CABGの有無や移植部位による心機能改善の差などが治験結果の分析で判明していき、本治験が成功した際には、CABGとの併用に加えて、CABG以外の開胸手術との併用や、他の手術との併用だけではなくHS-001単体での使用の可能性もあると考えております。

当社は、再生医療等製品の早期実用化に向けた条件及び期限付き承認制度の活用を想定しており、本治験終了後に承認申請を実施する方針でおります。本治験は、PMDAウェブサイト上（https://www.pmda.go.jp/review-services/trials/0019.html ※本書提出日現在にて記載確認）にて、国内開発の最終段階である治験で終了後承認申請が見込まれる治験（「主たる治験」）として届け出ております。

 

投与システム

当社は開胸投与において心筋球を移植するための特殊な移植デバイスを開発しております。針の先端は盲端加工（先端部分は組織を傷つけないようにとがっていない、鍼灸の針と似た加工）されていて、心臓組織に張り巡らされた血管網を切断せず、針を刺す事での損傷を最小限に抑えて心筋内に到達することが可能で、かつ通常の注射針で見られるような出血は起きません。また、超微細加工により心筋球の大きさに合わせた側孔を６か所に設けており、心筋球がこぼれ出ることを最小限に抑えています。移植時に心臓組織に針が深く侵入し過ぎることを防ぐために、心臓の上に固定するガイドアダプターを使って、常に理想的な角度と深さで移植する手技を開発済みであり、術者の手技レベルに依存することなく安全かつ効果的な細胞移植を可能とするシステムを確立しております。このような移植術者の技術的な負担を軽減し、効率よく心筋球の移植を行うシステムの開発は、細胞移植後の治療効果の安定性と本療法の普及に重要な役割を持つと考えております。（図15）

 

（図15）心筋球と移植デバイス

 

治験デザイン

虚血性心疾患を原疾患とする患者さんを対象とした第Ⅰ/Ⅱ相治験（LAPiS試験）は、安全性の確認及び有効性の推定を得ることを目的とした治験であり、標準療法である急性・慢性心不全診療ガイドライン薬も既に服用している上で経過が思わしくない患者さんが組み入れられております。低用量５例（細胞含有量5,000万個、１回投与）、高用量５例（細胞含有量1.5億個、１回投与）合わせて計10例を対象とし、2025年１月末に全10例の投与が完了しました。2025年12月末時点におきまして、低用量５例の52週にくわえ、高用量５例の26週のフォローアップ結果を取得し会社発表をしております。主要評価項目は26週の安全性ですが、治験後の承認申請の為に、副次評価項目にて、有効性に関する複数の評価指標を設定しております。免疫抑制剤は、心筋球投与直後は合計３剤を心臓移植用量より低い用量で服用開始し徐々に減少させ、26週経過以降は１剤のみを非常に低い用量で継続します。（図16）

 

（図16）LAPiS試験概要

 

「心筋の生着」（心筋壁運動、生存心筋量、血流量を確認し、投与前にはなかった心筋が生着し、拍動に機能しているかどうか）、及び「リバースリモデリング（※11）」（左室拡張末期容積（LVEDV）を計測し、心筋補填による構造的な変化・改善を確認する）を有効性の確認のための評価項目としており、標準治療を進める中で心不全が悪化していく患者さんでは通常みられない、心臓の構造的な変化・改善が確認できる評価項目にしております。（図17）

 

（図17）Mechanism of Actionの証明：評価項目の設定の意図

※：The Kansas City Cardiomyopathy Questionnaire

LAPiS試験の途中経過

当治験における症例報告が、第73回日本心臓病学会（2025年９月）や第29回日本心不全学会学術集会（2025年10月）などを通じて治験施設より発表されております。また、それらの内容を総括するかたちで、米国心臓協会学術集会2025（2025年11月）などの国際学会において、低用量群の52週および高用量群の26週データについて会社発表をしております。概要は下記のとおりです。（図18、図19）

 

(a)．有効性の示唆について

（図18）低用量群52週データ

 

 

低用量群の患者背景については、左室駆出率(LVEF)（※10）の移植前における全５例の平均は約25%であるほか、全例でNYHA機能分類はIII、また心不全マーカーであるNT-proBNP値も高いなど、他の治療選択肢を考えづらい重症な心不全患者さんが組み入れられました。52週後の結果において、心筋の動きが改善したにもかかわらず、僧帽弁閉鎖不全症と新型コロナウイルス感染症(COVID-19)の影響を受けた２例目を除き、いずれの指標も著しい改善あるいは軽度の改善を示しております。指標別では、NT-proBNP値が非常に高かった症例でも大きく減少しているとともに、５例中３例において日常生活では症状がないNYHA機能分類Ｉにまで改善しております。

 

（図19）高用量群26週データ

高用量群の患者背景についても、左室駆出率(LVEF)の移植前における全５例の平均が20%台前半であり、重症な心不全患者さんが組み入れられました。26週後の結果において、症状の著しい改善を受けて、移植後３カ月以降に活動量を急激に上げたことによる影響を受けた（第73回日本心臓病学会における治験施設医師による学会報告より）８例目を除き、いずれの指標も著しい改善あるいは軽度の改善を示しております。指標別では、左室駆出率(LVEF)が全例で改善したほか、５例中４例で日常生活では症状がないNYHA機能分類Ｉになり、同じく５例中４例で６分間歩行も高齢日本人の平均的な500メートルを超えており、健常者に近い生活レベルを取り戻されております。

 

(b)．安全性について

低用量群(52週後)と高用量群(26週後)ともに、腫瘍形成、難治性心室性不整脈、治験継続に支障のある重篤な有害事象、いずれも観察されておりません。また、術前に心不全により頻回に入院を繰り返していた患者さんを含め、術後の再入院が必要となったのは、全10例中、僧帽弁閉鎖不全症と新型コロナウイルス感染症の影響を受けた２例目のみであります。

 

(c)．細胞の生着に関する解析について

心筋球の生着を確認する画像的評価にくわえ、左室壁における部位毎の収縮力の改善確認や収縮強度や構造的変化など、移植後心筋球の生着及び生着に伴う収縮力改善結果に関して、付随的な分析が実施されております。これらの現在確認できている成果を踏まえると、心筋球移植部位での収縮力の改善がみられていることが判明しております。（図20、図21、図22）

 

（図20）本治験２例目における施設PET検査解析結果

PET画像診断を用いて、術前には心筋の生存が見られなかった部位において、心筋球移植後に心筋の生存が確認されました。これはCABGでは起きえない変化であり、移植心筋の生着が示唆されました。

 

 

（図21）左室壁における部位毎の収縮力の改善確認

部位毎の収縮力の改善有無をMRI検査および心エコー検査で確認したところ、再生心筋細胞を移植した部位において、冠動脈バイパス術の有無に拘わらず、局所的な収縮の改善が確認されたことにくわえ、心筋梗塞などにより心筋壁が薄くなった部位における収縮の改善が確認されました。（図21上：黄色系色から青系色へ変化した部位）

 

（図22）本治験３例目における収縮強度や構造的変化の確認

MRIストレイン解析を用いて、拡大した心臓の縮小にくわえ、ポンプ機能の改善が確認されました。術

後６ヶ月において、心筋球移植部位周辺における「強い収縮」を示す赤い表示が確認できます。

 

ｂ．HS-005（他家iPS細胞由来心筋球のカテーテル投与による治療プログラム）

カテーテルを用いることで、患者さんの負担がより少ない簡便な方法で他家iPS細胞由来心筋球を移植することを目指し、HS-005を開発しております。より広い患者層が対象となること、また、循環器内科医によって施術可能であり心臓血管外科医がいない医療機関でも治療を行えることが期待できます。HS-001で他家iPS細胞由来心筋球の効果を実証した上で、この低侵襲な投与法であるHS-005を、HS-001の次世代品として今後グローバルに展開することを検討しております。

HS-005は大動物を用いた非臨床試験において、狙った心臓内の領域へ心筋球を後述の新規開発カテーテルを用いて安全に投与できること、また万が一、左心室腔内で心筋球が散布した際も術中・術後に異常な臨床症状が認められないことなどを確認した上で、 第Ⅰ/Ⅱ相治験（EMERALD 試験）の治験届をPMDAへ提出しました。2025年12月末現在、PMDAによる治験届の30日調査が完了しており、国内での治験開始が正式に可能となった状態です。

 

投与カテーテルシステムについて

当社のリードパイプラインであるHS-001は、開胸手術下において医師の目視により心臓の外側から心筋層内へ心筋球を投与する一方、HS-005はカテーテルを用いて心臓の内側から投与するため、目視できない心臓内部において標的とする心筋層へ心筋球を安全かつ正確に投与する高度な技術が不可欠となります。

そこで、当社は心臓循環器領域における有力な医療機器メーカーである日本ライフライン株式会社と共同で、iPS細胞由来心筋球向け投与カテーテルシステムを開発しました。同社は不整脈診断カテーテルにおいて国内トップシェアを有し、心臓向け細胞投与カテーテルの開発実績を持つ国内唯一の企業です。

HS-005で使用するカテーテルシステムは、マッピングカテーテルと投与カテーテルの２種類から構成されており、心筋球を標的部位へ正確に投与することを目的とした機構を備えています。（図23）

 

・マッピングカテーテル

マッピングカテーテルは、先端部に配置された複数の電極の位置を３Dマッピングシステムに反映させることで、左心室内部の形状を立体的に構築しモニター表示するとともに、カテーテルの位置情報を得ることができ、標的とする部位への到達に貢献します 。

・投与カテーテル

投与カテーテルの先端には専用針が備えられており、その側孔より細胞が吐出されます。また、細胞吐出部の手前に組み込まれている電極により、その先が心筋層に到達したことを心電図変化によって確認できる構造となっており、適切な深さでの穿刺に貢献します。

 

 

（図23）マッピングカテーテルと投与カテーテル

なお本術式は、循環器内科において不整脈に対するカテーテルアブレーション治療の経験を有する医師が中心となって実施することを想定しています。これらの医師は左心室へのカテーテル誘導やマッピング操作に既に習熟していることから、HS-005における医師へのトレーニング負荷は大きくないと考えています。

 

治験デザイン

虚血性心疾患および拡張型心筋症を原疾患とする心不全患者を対象とした第Ⅰ/Ⅱ相治験（EMERALD試験）は、安全性の確認と有効性の推定を得ることを目的とした治験であり、標準療法である急性・慢性心不全診療ガイドライン薬も既に服用している上で経過が思わしくない患者さんが組み入れられる予定です。両疾患群それぞれ７例、合計14例を対象に、高用量（細胞含有量1.5億個）を最大15箇所に分割して投与する計画です。主要評価項目は26週の安全性ですが、治験後の承認申請の為に、副次評価項目にて、有効性に関する複数の評価指標を設定しております。免疫抑制剤は、心筋球投与直後は合計３剤を心臓移植用量より低い用量で服用開始し徐々に減少させ、26週経過以降は１剤のみを非常に低い用量で継続します。

 

＜次世代開発品＞

ｃ．HS-040（自家iPS細胞由来心筋球）

HS-040は、患者さん自身の細胞からiPS細胞を樹立し、そこから心筋細胞への分化・純化を進めた自家iPS細胞由来心筋細胞を活用した治療法を開発しております。開発ステージとしては基礎研究段階であります。免疫抑制剤を必須とする上記「ａ」「ｂ」の治療法とは異なり、本治療法では、患者さん自身の細胞を活用するため免疫拒絶の懸念が無いと考えられます。特に、常に感染のリスクにさらされているLVAD移植を行うケースもしくは乳がんなどへの抗がん剤治療後に心不全を発症するケースや、免疫抑制剤の活用を出来るだけ避けたいと考えられる小児心不全への適用が期待されます。

当開発品が国立研究開発法人日本医療研究開発機構（AMED）の「再生医療・遺伝子治療の産業化に向けた基盤技術開発事業 （再生・細胞医療・遺伝子治療産業化促進事業）」に採択されたことを2023年９月に発表しております。

加えて、アイ・ピース㈱（I Peace）と共同で、I Peaceが作製した複数のドナー由来のiPS細胞株に対して、Heartseed独自の心筋分化・純化精製方法を用いて分化誘導した結果、そのすべてのiPS細胞株から高純度の心筋細胞を安定して作製することに成功したことを2023年11月に発表しております。自家iPS細胞由来心筋細胞を活用した治療法の実現に向けて大きく前進しました。

 

＜プラットフォーム技術の活用＞

当社及び開発パートナーはiPS細胞を用いた心筋再生医療の実現に向けて研究開発を進めておりますが、その過程で、心臓病以外にも適応可能な技術を生み出してまいりました。将来的には免疫拒絶の懸念がない、患者さん自身の細胞からiPS細胞を作製するオーダーメイド治療が期待されます。また、残存未分化iPS細胞を除去することは心臓病以外の治療法においても重要です。これらの技術はiPS細胞を用いた治療の可能性を心筋再生医療以外にも拡げるためのプラットフォーム技術として活用できる可能性があります。

 

ｄ．高性能iPS細胞作製技術

上記「（２）②当社独自の技術」図８にてご説明のとおり、当社が現時点で開発を注力しているパイプラインは他家iPS細胞由来心筋球を活用した心不全の治療となっておりますが、原材料であるiPS細胞を患者さん自身の細胞から取得し心筋細胞へと分化・純化させることが出来れば、いわゆるオーダーメイドの再生心筋治療が可能になります。他方で、本治療実現の為には、心筋細胞へ効率よく分化誘導出来る良質なiPS細胞を高効率で樹立する技術が必要となります。

iPS細胞の樹立効率やiPS細胞を目的の細胞に分化させるための分化効率にはばらつきがあり、特に自家再生医療のように患者さん自身の血液などからiPS細胞を作製するプロセスが安定しないことが問題でした。通常の細胞をiPS細胞へとリプログラミングする際の初期化因子の導入時に品質改善剤（H1foo）を追加することでこの課題を解決しており、当社は本研究に関する知財を独占的に保有しております。細胞が多能性を持つための活性化プロセスにおいてリンカーと呼ばれる構造が遺伝子の転写活性の制御に深く関わっており、その中で哺乳類の卵母細胞（※12）特異的なリンカーであるヒストンH1fooが多能性を向上させることで、高品質なiPS細胞コロニーを樹立出来る確率が改善しただけでなく、作製したiPS細胞から心筋細胞への分化効率も上昇させました。本添加剤を活用することで、当社の主事業領域である心筋再生医療のオーダーメイド治療の実現だけでなく、iPS細胞由来の他臓器における再生医療でも応用ができると期待しております。（図24）

 

（図24）H1fooによるiPS細胞の樹立効率改善と心筋細胞への分化効率の安定化

（左図）Nanogと呼ばれる多能性遺伝子を高発現しているiPS細胞は質の良い細胞であることが知られている。３つの因子（Oct4、Sox2、Klf4）にH1fooを加えずに作製した場合、Nanogを発現する高品質iPS細胞コロニーの作製効率は50%程度だが、H1fooを加えると、90%以上にまで作製効率が上昇した。

 

（右図）通常のiPS細胞を心筋細胞に分化させる場合はかなりのばらつきがあり、また分化効率も最大でも80%程度に留まる。しかし、H1fooを添加すると、ばらつきを抑えられ、平均で80%以上と高効率で心筋細胞に分化誘導することができる。

 

e．残存未分化iPS細胞除去技術

当社は、設立母体の慶應義塾大学医学部内科学教室（循環器）内科と共同で、心筋細胞の作製時に残存する未分化iPS細胞や非心筋細胞を効率的に除去するために、細胞のタイプごとのエネルギー代謝の違いに着目し、培養液の成分を工夫することで目的外の細胞が死滅し、目的の細胞のみを得られる「メタボリックセレクション」を開発してまいりました。

心筋細胞の純化精製には、培地からグルコースとグルタミンという多くの細胞の生存に必須な栄養素を除去し、代わりに乳酸を添加した培地で培養することが効果的です。これはグルコースやグルタミンがなくても、乳酸を効果的に栄養源として利用できる心筋細胞の特殊な性質を利用しており、他の細胞に適応できるものでは必ずしもありません。

他方で、iPS細胞は分化した細胞と比較して脂肪酸合成を活発に行っており、脂肪酸合成阻害剤を添加することで、心筋細胞のみならず神経細胞や肝臓の細胞にもダメージを与えることなく、iPS細胞を選択的に除去出来ることが慶應義塾大学のグループより示されております。（図25）

 

 (図25) 脂肪酸合成阻害剤によるiPS細胞の選択的除去

（上段がコントロール、下段が脂肪酸合成阻害剤添加）

 

当社では、心筋再生医療以外の領域で当社のメタボリックセレクションに関する特許を使用する、もしくは使用を希望される企業に対して、ライセンスを進め、iPS細胞を用いた細胞治療の実用化に貢献してまいりたいと考えております。2023年９月にiPS細胞から心筋細胞以外の細胞を作製して治療薬を開発されている企業に脂肪酸合成阻害法を用いた純化精製技術のライセンスアウトを実施したことを発表しております。なお、当社は慶應義塾大学から本技術の再実施許諾権付独占的通常実施権の許諾を受けています。

 

＜用語解説＞

 

用語

意味・内容

※１

iPS細胞

iPS細胞とは、皮膚や血液等の細胞から人工的に作られた多能性の幹細胞のことで、全ての組織や器官を構成する細胞に分化でき、ほぼ無限に増殖することができます。ES細胞（胚性幹細胞）も多能性幹細胞ですが、生命の根源である胚細胞を滅失してしまうことから、倫理面での問題が強く指摘されています。2006年８月に京都大学の山中伸弥教授らは世界で初めてiPS細胞の作製に成功し、2012年にノーベル医学・生理学賞を受賞しました。

※２

心筋細胞

心臓を構成する複数の細胞のうち、心臓の拡張・収縮に寄与する細胞のことで、心房筋、心室筋（もしくは心室特異的心筋細胞）、洞房結節細胞（もしくはペースメーカー細胞）があります。

※３

他家

移植する細胞や組織が別の個体（ヒトであれば他人）に由来していることを指します。反対に移植する細胞や組織が同一個体（ヒトであれば患者さん自身）に由来していることを「自家」と呼びます。

※４

冠動脈バイパス手術（CABG）

冠動脈バイパス手術（CABG）とは、手術で胸を開き、詰まった冠動脈の先に迂回路（バイパス）をつくる手術で、これにより狭心症や心筋梗塞の原因となる心臓の筋肉の血流不足の改善を目指します。当社が対象としている心不全患者だけでなく狭心症や心筋梗塞の患者にも実施され、国内では年間で約２万件弱の手術が実施されています。

※５

パラクライン効果

分泌された物質が分泌した細胞の周囲の細胞や組織に作用することを指します。心筋再生療法の場合、移植された心筋細胞から産生されるサイトカインや増殖因子などを介して間接的に改善する効果のことです。

※６

生着

移植した心筋細胞が生着するとは、移植した心筋細胞が患者さんの心臓組織内の一部の構成細胞となって長期間とどまることを意味します。これまでの非臨床試験から、移植した細胞は２週間くらいで患者さんの心臓と同期して拍動するようになると考えられます（電気的結合）。

※７

ヒト白血球抗原（HLA）

ヒト白血球抗原（HLA）とは、赤血球を除く、ほぼ体内のすべての細胞の表面に存在する特殊なタンパク質のグループです。人それぞれに構造の微妙な違いがあり、免疫システムが「自己」と「非自己」を区別するための目印として働いています。

※８

ES細胞

多能性幹細胞の一種で、受精卵から発生が少し進んだ胚盤胞の中の細胞を取り出して培養することで作製される細胞のことです。

※９

残存未分化iPS細胞

iPS細胞を分化誘導する過程で、一部分化せずに残るiPS細胞のことを指します。移植する細胞・組織に残存未分化iPS細胞が一定量以上含まれていると奇形種と呼ばれるガンの一種などの腫瘍を形成するリスクがあります。

※10

左室駆出率（%）（LVEF）

左室駆出率（LVEF）とは、左室の心筋収縮力（ポンプ機能）を測定する代表的指標の１つです。心拍ごとに心臓が放出する血液量（駆出量）を拡張期の左心室容量で割って算出されます。

※11

リバースリモデリング

心不全により拡大した左心室が、小さくなり収縮機能が回復することです。

※12

卵母細胞

卵子の形成過程で生じる雌性生殖細胞の１つです。"
2201,森永製菓株式会社,2026-03-31,"３ 【事業の内容】

当社グループは、森永製菓㈱、連結子会社15社、非連結子会社２社で構成されており、事業は食料品製造、食料卸売、不動産及びサービスほかを営んでおります。

事業内容と森永製菓㈱及び関係会社の当該事業に係る位置付け及びセグメントとの関連は、次のとおりであります。














セグメント名



事業内容



森永製菓㈱及び連結子会社



非連結子会社







食料品製造



菓子食品事業



森永製菓㈱



 







 



 



高崎森永㈱



 







 



 



（会社数 ２社）



 







 



冷菓事業



森永製菓㈱



 







 



 



森永エンゼルデザート㈱



 







 



 



森永デザート㈱



 







 



 



高崎森永㈱



 







 



 



（会社数 ４社）



 







 



ｉｎ事業



森永製菓㈱



 







 



 



（会社数 １社）



 







 



通販事業



森永製菓㈱



 







 



 



（会社数 １社）



 







 



事業子会社等



森永製菓㈱



 







 



 



㈱アントステラ



 







 



 



森永市場開発㈱



 







 



 



（会社数 ３社）



 







 



米国事業



森永製菓㈱



 







 



 



米国森永製菓㈱



 







 



 



森永アメリカフーズ㈱



 







 



 



台湾森永製菓股份有限公司



 







 



 



森永食品（浙江）有限公司



 







 



 



（会社数 ５社）



 







 



中国・台湾・輸出等



森永製菓㈱



 







 



 



台湾森永製菓股份有限公司



 







 



 



上海森永食品有限公司



 







 



 



森永食品（浙江）有限公司



 







 



 



森永アジアパシフィック㈱



 







 



 



（会社数 ５社）



 







食料卸売



業務用食品の卸売



森永商事㈱



 







 



 



（会社数 １社）



 







不動産及び



不動産賃貸及び



森永製菓㈱



 







サービス



ゴルフ場経営



森永高滝カントリー㈱



 







 



 



（会社数 ２社）



 







その他



その他



㈱森永生科学研究所



㈱SEE THE SUN







 



 



森永ビジネスパートナー㈱



バクテクス㈱







 



 



（会社数 ２社）



（会社数 ２社）







会社数



森永製菓㈱
連結子会社    15社



 非連結子会社        ２社





 


（注）非連結子会社に対する投資については持分法を適用しております。

 

当社グループの状況について事業系統図を示すと、次のとおりであります。"
2204,株式会社中村屋,2026-03-31,"３ 【事業の内容】

当社が営んでいる主な事業内容は、次のとおりであります。なお、区分方法についてはセグメント情報における事業区分と同一であります。

 


(1) 菓子事業

当社が和菓子類、洋菓子類及び中華まん類を製造販売しております。


(2) 食品事業

当社が業務用食材類、市販用食品類及び調理缶詰類を製造販売するほか、レストランの経営を行っております。


(3) 不動産賃貸事業

当社が商業ビル及び土地の賃貸事業を行っております。

 

以上の事項を事業系統図によって示すと、次のとおりであります。"
2206,江崎グリコ株式会社,2025-12-31,"３【事業の内容】

当社グループは、当社並びに子会社27社及び関連会社３社により構成されており、主として食料品製造業を営んでおります。また、報告セグメントは、注力領域・事業を基礎とした製品・サービス並びに地域別のセグメントから構成されており、各セグメントの主な事業内容並びに連結子会社及び持分法適用関連会社は、次のとおりであります。なお、事業の種類別セグメントと「第５ 経理の状況 １連結財務諸表等 （１）連結財務諸表 注記事項」に掲げるセグメントの区分は同一であります。

   2025年12月31日現在

セグメント区分

主な事業内容

連結子会社及び持分法適用関連会社

健康・食品事業

健康関連商品、レトルト食品、アイスクリーム等の製造販売

グリコマニュファクチャリングジャパン㈱

乳業事業

乳製品、洋生菓子、アイスクリーム等の製造販売

グリコマニュファクチャリングジャパン㈱

 

栄養菓子事業

チョコレート、ビスケット等の製造販売

グリコマニュファクチャリングジャパン㈱

食品原料事業

小麦たん白、加工デンプン、着色料やファインケミカル素材等の製造販売

グリコ栄養食品㈱

中部グリコ栄食㈱

国内その他事業

直営店舗事業、オフィスグリコ事業、卸売販売事業、食料品等の製造・販売、情報システムの保守・開発

グリコチャネルクリエイト㈱

関西フローズン㈱

東北フローズン㈱

江栄情報システム㈱

㈱Greenspoon

海外事業

海外でのチョコレート、ビスケット、アイスクリーム等の製造販売

上海江崎格力高食品有限公司

江崎格力高閔発食品（上海）有限公司

江崎格力高南奉食品（上海）有限公司

格力高台湾股份有限公司

Glico - Haitai Co., Ltd.

Glico Asia Pacific Pte. Ltd.

Thai Glico Co.,Ltd.

PT Glico Indonesia

PT Glico Manufacturing Indonesia

PT.Glico - Wings

Glico Malaysia Sdn.Bhd.

Ezaki Glico Vietnam Co., Ltd.

Glico Philippines, Inc.

Glico North America Holdings, Inc.

Ezaki Glico USA Corporation

TCHO Ventures,Inc.

Glico Canada Corporation

Generale Biscuit Glico France S.A.

Glico Europe B.V.

  （注）非連結子会社２社、持分法非適用関連会社１社につきましては、事業の関連性や連結業績に与える影響が軽微であることから記載を省略しております。

 

事業の系統図（当社及び連結子会社、持分法適用関連会社）は次のとおりであります。

2025年12月31日現在"
2207,株式会社ｍｅｉｔｏ,2026-03-31,"３ 【事業の内容】

当社グループは当社、子会社８社および関連会社２社で構成されており、食品、化成品の製造販売および不動産事業ほかを営んでおります。

事業内容と当社および関係会社の当該事業における位置付けおよびセグメントとの関連は、次のとおりであります。

なお、次の３事業は「第５ 経理の状況 １ (1)連結財務諸表 注記事項」に掲げるセグメントの区分と同一であります。













事業区分



主要な製品



主要な会社







食品事業



チョコレート、粉末飲料、ゼリー、アイスクリーム、バウムクーヘン、芋菓子、キャンディ、ケーキ、栄養食品



当社

(連結子会社)

株式会社エースベーカリー

名糖乳業株式会社

株式会社ピーシーエス

株式会社おいもや

株式会社平松商店







化成品事業



レンネット（チーズ用凝乳酵素）、リパーゼ（脂肪分解酵素）、デキストランマグネタイト（MRI造影剤、医療機器材料等）、デキストラン・サルフェート（高脂血症剤等）、デキストラン（血漿増量剤、血流改善剤等）、香料（食品添加物）、デキストラン鉄（動物薬）、混合飼料



当社







不動産事業



ゴルフ場の経営、不動産賃貸



当社

(連結子会社)
プリンスゴルフ株式会社





 


なお、関連会社であります名糖アダムス㈱はチューインガムの製造販売、㈱名糖蓼科山荘は福利厚生施設の取得及び管理を行っています。

事業の系統図（当社および主要な連結子会社、持分法適用会社）は次のとおりであります。"
2208,株式会社ブルボン,2026-03-31,"３【事業の内容】

当社グループ（当社および当社の関係会社）は、当社（株式会社ブルボン）および連結子会社４社、持分法適用関連会社１社、非連結子会社７社で構成しております。各事業における当社および子会社の位置付けなどは、次のとおりであります。

 

[ 食料品事業 ]

当社は、「菓子」「飲料・食品・冷菓・その他」の製造、販売を行っております。

連結子会社の波路梦（長興）食品有限公司は、中国国内向けの菓子のほか、日本および海外向けの菓子の製造、販売を行っており、波路梦（上海）商貿有限公司は、中国での菓子、飲料、食品等の販売および輸入品の販売を行っております。株式会社レーマンは、チョコレートおよび洋菓子の製造、販売を行っております。エチゴビール株式会社は、全国地ビールの第１号であり、個性豊かで特徴的なビール等の製造、販売を行っております。

持分法適用関連会社の株式会社マルキンは、バウムクーヘン、カップケーキ、ドーナツ等の製造、販売を行っております。

非連結子会社の株式会社ビアスタイル・トゥ・ワンは酒類の販売等を行っております。Bourbon Foods USA Corporationは米国において市場調査および菓子の輸入、販売を行っております。BOURBON FOODS VIETNAM CO., LTD.はベトナムにおいて市場調査および菓子の輸入、販売を行っております。

 

[ その他の事業 ]

非連結子会社の株式会社レーマン企画は保険代理店業務等を行っており、株式会社ブルボン再生医科学研究所は再生医療研究用増殖制御基礎培養液「Ｘｙｌｔｅｃｈ™（キシルテック）」等の研究開発、販売を行っております。

なお、非連結子会社のブルボン興業株式会社および株式会社シェリーゼは、現在、営業活動を行っておりません。

 

[ 事業系統図 ]

以上に述べた事項を事業系統図によって示すと次のとおりであります。"
2209,井村屋グループ株式会社,2026-03-31,"３ 【事業の内容】

当社グループは、2010年10月１日から持株会社制を導入しており、当社、連結子会社11社により構成されております。

  なお、当社は特定上場会社等に該当し、インサイダー取引規制の重要事実の軽微基準のうち、上場会社の規模との対比で定められている数値基準について連結ベースの計数に基づいて判断することとなります。

当社グループが営んでいる主な事業内容と、当該事業に係る位置付けは、事業の種類別セグメント情報における事業区分によれば次のとおりであります。

 

流通事業

「井村屋㈱」が製造販売するほか、同社製品の一部については、製造を「井村屋フーズ㈱」に委託しております。また中国国内においては北京市所在の「井村屋（北京）食品有限公司(IBF)」が菓子、点心・デリ商品の販売及び日本からの輸入商品の販売を行っており、菓子商品については、製造を大連市所在の「井村屋（大連）食品有限公司(IDF)」に委託しております。また「井村屋（大連）食品有限公司(IDF)」において、菓子の輸出販売を行っております。米国カリフォルニア州アーバイン市所在の「IMURAYA USA, INC.」ではアメリカ国内における冷菓の製造販売及び日本及び中国からの輸入商品の販売を行っております。加えて、「井村屋フードサービス㈱」では「スイーツ」カテゴリーとして、「Anna Miller’s（アンナミラーズ）」「JOUVAUD（ジュヴォー）」のブランドを活かしたサービスの提供及び流通商品化の取り組みを行っております。

また、「IMURAYA MALAYSIA SDN. BHD.(IMM)」はマレーシア国内で製造委託した冷菓の販売を行っております。ASEAN市場での開拓を目指しております。

 

調味料事業

「井村屋フーズ㈱」が各種調味料素材を製造・販売しております。また、中国大連市に設立している「井村屋（大連）食品有限公司(IDF)」では粉末調味料の製造を行う他に、「井村屋フーズ㈱」の製造受託を行っており、中国北京市に設立している「北京京日井村屋食品有限公司(JIF)」では、委託加工した調味料の販売を行っております。

その他事業

「イムラ㈱」がリース代理業を営み、賃貸住宅ヴィルグランディールの管理業務等を行っております。また、当社が自社所有の土地を活用した不動産の賃貸を営んでおります。中国北京市所在の「井村屋（北京）企業管理有限公司(ICM)」は、中国事業会社全体の管理及び支援等を行っております。

「井村屋スタートアッププランニング㈱」は井村屋グループの将来の柱と成る事業を創出することを目的とし、新規事業の企画、事業化に関する総合的な支援を行っております。

以上を、事業系統図によって示しますと次のとおりであります。"
220A,株式会社Ｆａｂｅｒ　Ｃｏｍｐａｎｙ,2025-09-30,"３【事業の内容】

（１）事業の概要

当社グループは、当社及び連結子会社２社で構成され、「辺境の知から“マーケティングゼロ”（注１）を実現する」というパーパス（当社グループの存在意義）のもと、デジタルマーケティングを通じた企業の目標達成、事業成長、ビジネス変革の支援を目的として、「ミエルカSEO」等、デジタルマーケティングの生産性を向上させる自動化ツール群、及びデジタルマーケティングに関する多様で複雑な課題を解決するリソース群（人材・教育・コンサルティング）の提供を行っております。自動化ツール群の中核技術として人工知能（AI）を活用しており、自然言語処理・機械学習等のAI技術を用いたデータ解析・提案機能の高度化を継続的に進めています。消費者の情報探索プラットフォーム（注２）の多様化に伴い、企業は各プラットフォームの特性に合わせたデジタルマーケティングの施策展開が必要となっております。当社グループはこの変化をビジネス機会と捉え、AI技術を含む自動化ツール群及びリソース群の提供を通じ、解決可能な課題の幅と深度を拡充していくことを可能にするサービスを創出してまいります。

当社グループの報告セグメントは「ミエルカ事業」のみであり、その他の事業セグメントは開示の重要性が乏しいため、セグメントごとの記載を省略しております。

当社グループは、豊富なサービスラインナップにより企業のデジタルマーケティング活動のワンストップソリューション（注３）を目指し、デジタルマーケティングの生産性を向上させる自動化ツールとして、企業のWebサイトへの流入最大化を支援する「ミエルカSEO」、UI/UX改善によるコンバージョンの最大化を支援する「ミエルカヒートマップ」、Googleマップ等を用いた店舗集客を最大化する「ローカルミエルカ」、即戦力となるフリーランス又は副業のデジタルマーケティング人材を企業に提供する「ミエルカコネクト」、特に高い専門性が求められる課題に対する支援を行うソリューションサービス等を提供しております。これらのサービスを通じて得られる膨大なデータをAI技術で解析・活用することにより、利用企業への提供価値の最大化を図っております。

デジタルマーケティングに取り組む企業の目的は、取り組みを通じた企業目標の達成、事業成長、ビジネス変革にあると考えております。デジタルマーケティングを取り巻く環境変化のスピードは速く、対応する当社グループのサービスも変化に応じたアップデートを行っていく必要があること、また、企業のデジタルマーケティング活動の施策内容にも時代の変化に応じたトレンドが存在することから、ビジネスモデル（収益構造）の異なるサービスであっても、企業の当社サービスの利用目的は同一であることから、報告セグメントは「ミエルカ事業」としております。

 

（注１）“マーケティングゼロ”には、売り手と買い手の境界線をなくすという意味を込めています。

（注２）検索エンジン等、インターネットユーザーの情報探索の土台となるサービス。

（注３）必要になる業務を一度の手続きで全て完了することが出来るサービス。

 

 

 

（２）サービスの概要

当社の主要なサービスの概要は以下のとおりです。

 

①「ミエルカSEO」

<「ミエルカSEO」の主な機能>

 

 

「ミエルカSEO」は、当社が会社設立以来積み重ねてきたデジタルマーケティングの知見をもとに、国立大学との産学共同研究により生み出された、AI技術を中核とするデジタルマーケティング自動化サービスです。自然言語処理や機械学習などのAI技術を活用し、Webサイトのコンテンツ企画・評価・改善点を自動的に抽出・分析することで、利用企業に対して高精度な改善提案を行います。当社は「ミエルカSEO」の提供に加えて、当社役職員やスキルを有する社外人材が講師を務めるデジタルマーケティングに関する学習動画の提供及び当社カスタマーサクセスチーム（注１）によるコンサルティングを通じて、利用企業自身が自社内でデジタルマーケティングを実践するための内製化を支援しています。

 

（注１）利用企業が、当社サービスを利用することにより望ましい成果を得ることを支援する当社内の部署。

②「ミエルカヒートマップ」

<「ミエルカヒートマップ」の主な機能>

 

 

「ミエルカヒートマップ」は、利用企業のWebサイトを訪れた訪問者の行動を自動で可視化することができるサービスです。Webサイトにおけるヒートマップは、サイト訪問者のWebサイト上での行動を追跡し、どこをクリックしているか、どのコンテンツがよく見られたか、といったWebサイト上での行動データを色の濃淡で表現することにより可視化し、分析することにより、コンバージョンレート（注１）やUI/UXの改善を行うことができます。これらの分析過程においてAI技術を活用し、ユーザー行動データの自動分類やパターン抽出を行うことで、改善箇所の発見精度と分析効率の向上を図っています。また、AIによる学習を通じて蓄積された分析知見を活用し、利用企業ごとのWebサイトに応じた改善提案の自動化・最適化を進めております。

当社は「ミエルカヒートマップ」の提供に加えて、当社カスタマーサクセスチームによるコンサルティングを通じて、利用企業自身が自社内でコンバージョンレートやUI/UXの改善を実践するための内製化を支援しています。

 

（注１）Webサイトの訪問者数に対し、そのサイトでの商品購入や会員登録等を行った人数の割合で、Webサイトの投資対効果を計る指標。

 

③「ローカルミエルカ」

<「ローカルミエルカ」の主な機能>

 

 

「ローカルミエルカ」は、小売業、飲食業等を多店舗で行っている企業に、Googleマップを中心としたWeb上での店舗情報の一元管理と、インターネットユーザーが検索を行った際に、店舗情報が上位掲載されることを支援する、ローカルマーケティング（注１）の自動化サービスです。

Googleマップ等における店舗情報の一括での登録や編集、商圏における検索順位のモニタリング等、生産性向上に結びつく機能をはじめ、レビュー獲得の促進、獲得したレビューを自社のWebサイトに表示させる等、利用企業のWebサイトへの集客に寄与する機能を有しております。

 

（注１）店舗周辺の地域や、来店する可能性のあるインターネットユーザーに特化したマーケティング施策。

 

 

 

 

④「ミエルカコネクト」

「ミエルカコネクト」は、即戦力となるフリーランス又は副業のデジタルマーケティング人材を、企業に対して業務委託により提供するサービスです。当社は、「ミエルカSEO」等複数のデジタルマーケティング自動化サービスや、オウンドメディア「ミエルカマーケティングジャーナル」、YouTubeチャンネル「ミエルカチャンネル」、「Web担当者Forum」等デジタルマーケティングの専門媒体における記事執筆、社外セミナーへの登壇等を通じて、意欲の高いデジタルマーケティング人材に広く認知されております。「ミエルカコネクト」は、当社の高度専門人材による面談及びスキルチェックに合格したデジタルマーケティング人材を、デジタルマーケティングに関する多様なニーズを持つ企業に対して業務委託によりサービス提供を行うものとなっております。利用企業の課題がより高度で、広範囲に及ぶ場合は、複数名のデジタルマーケティング人材によるプロジェクトの組成も可能です。デジタルマーケティング人材の情報はスキル・実績・利用企業による評価・特性等の要素により整理され、当社内のデータベースにて管理し、継続的にサービス改善を行っております。

 

⑤ソリューションサービス

ソリューションサービスは、当社のデジタルマーケティング領域のコンサルティングサービスの総称です。当社による企業のマーケティング活動に対する広範囲なカバー領域のうち、自動化ツールの利用や、自動化ツールの利用に付帯するカスタマーサクセスチームによる支援、「ミエルカコネクト」の利用によるデジタルマーケティング人材の提供による支援の範囲を超え、特に高い専門性が求められる課題に対して、当社の役職員による支援を行っております。また、当社はこれらのコンサルティング業務においてもAI技術を活用し、データ分析や課題抽出の精度向上、施策立案の高度化を図るとともに、AIによる分析結果をもとにした実践的な提案を行う体制を整えています。これにより、高い専門性とAI技術の双方を活用した統合的なコンサルティングサービスの提供を実現しています。

 

 

<当社のサービスラインナップ>

 

 

 

<事業系統図>"
2211,株式会社不二家,2025-12-31,"３ 【事業の内容】

当社グループは、当社、親会社、子会社９社及び関連会社２社により構成されており、当社グループが営んでいる事業内容は、菓子食品の製造販売並びに洋菓子類の製造販売及び喫茶、飲食店の経営を主な内容とし、さらにこれらに関連する事業活動を展開しております。

 

当グループの事業に係る位置付け及びセグメントとの関連は次のとおりであります。

 













事業区分



主要製品及び業務内容



主要な会社







洋菓子事業



ケーキ、ベーカリー、デザート等洋菓子及びアイスクリームの製造・販売
喫茶及び飲食店の経営



当社、

㈱ダロワイヨジャポン

Ｂ－Ｒ サーティワン アイスクリーム㈱
FUJIYA USA Corporation、山崎製パン㈱ (会社総数５社)







製菓事業



チョコレート、キャンディ、ビスケット、飲料及び乳製品等菓子食品の製造・販売



当社、
日本食材㈱、不二家乳業㈱、㈱不二家神戸、
不二家(杭州)食品有限公司、不二家ベトナム Co.,Ltd.

(会社総数６社)







その他



キャラクターグッズ等の通信販売及びライセンス事業、不動産の賃貸及び管理等、事務受託業務及びアウトソーシング受託等



当社、

㈱不二家システムセンター、不二家テクノサービス㈱

不二家保険サービス㈱ (会社総数４社)





 


 

企業集団の状況について当社を中心とした事業系統図は次のとおりであります。"
2212,山崎製パン株式会社,2025-12-31,"３ 【事業の内容】

当社グループは、当社、子会社57社及び関連会社4社で構成され、主な事業内容と各事業における当社グループ各社の位置付けは次のとおりであります。

 


(1) 食  品  事  業

（パン、和・洋菓子、調理パン・米飯類、製菓・米菓等の製造販売）

 

パン、和・洋菓子は、当社をはじめ㈱ＹＫベーキングカンパニー、㈱イケダパン、㈱サンキムラヤ、㈱高知ヤマザキ、㈱スリーエスフーズなどが製造し、自社業態店、量販店、コンビニエンスストアその他の販売店に販売しております。ベーカリー事業につきましては、当社、㈱ヴイ・ディー・エフ・サンロイヤルなどがパン用冷凍生地などのベーカリー製品を製造販売するとともに、㈱ヤマザキをはじめグループ各社が直営店を経営しパン、和・洋菓子の店内製造小売を行っております。また、㈱サンミックスがグループ各社向けにプレミックスを開発・製造販売しております。なお、㈱ヴィ・ド・フランスがベーカリーカフェを多店舗展開しております。

調理パン・米飯類は、㈱サンデリカをはじめ㈱イケダパンなどグループ各社がサンドイッチ、弁当、おにぎりなどを製造販売しております。また、大徳食品㈱が麺類を製造販売しております。

製菓は、ヤマザキビスケット㈱及び㈱東ハトがビスケット、スナックなどを製造販売しております。また、米菓は、㈱末広製菓及び秋田いなふく米菓㈱があられ、煎餅などを製造し、主として当社が販売しております。

㈱不二家が菓子及び洋菓子の製造販売を行っており、「カントリーマアム」、「ミルキー」、「ルック」などの菓子類を製造販売するとともに、洋菓子専門店をチェーン展開し、ケーキ、デザートなどの洋菓子を製造販売しております。また、Ｂ－Ｒサーティワンアイスクリーム㈱がアイスクリームを製造販売しております。

持分法適用関連会社の日糧製パン㈱が、北海道においてパン、和・洋菓子、米飯類等の製造販売を行っております。

海外では、米国において、ヴィ・ド・フランス・ヤマザキ,Inc.がパン用冷凍生地などのベーカリー製品を製造販売するとともにベーカリーカフェを展開しており、ベイクワイズ ブランズ,Inc.が包装ベーグルを製造販売し、トム キャット ベーカリー,Inc.がアルチザン・ブレッドを製造販売しております。また、台湾山崎股份有限公司、香港山崎麺飽有限公司、タイ ヤマザキ Co.,Ltd.、フォーリーブズ PTE.Ltd.などが、東南アジアの各地でベーカリーを経営しております。また、PT.ヤマザキ インドネシアがインドネシアにおいてパン、和・洋菓子等の製造販売を行っております。

 


(2) 流  通  事  業

（コンビニエンスストア事業、食品スーパーマーケットの経営）

 

当社のデイリーヤマザキ事業統括本部がフランチャイズ方式によるコンビニエンスストア事業を行っており、また、㈱スーパーヤマザキが食品スーパーマーケットを経営しております。なお、これらの店舗では、当社グループの製品を仕入れて販売しております。

 


(3) そ  の  他  事  業

（物流事業、食品製造設備の設計、監理及び工事の請負、事務受託業務、損害保険代理業、食品製造機械器具の洗浄剤の製造販売等）

 

㈱ヤマザキ物流及び㈱サンロジスティックスがパン、和・洋菓子等の工場・営業所間輸送及び得意先への配送等の物流事業を行っております。㈱ヤマザキエンジニアリングが当社グループで使用する食品製造機器の設計、監理及び工事の請負などの事業を行っており、㈱ヤマザキが損害保険代理業を行っております。また、㈱ヤマザキクリーンサービスが当社グループで使用する食品製造機械器具の洗浄剤の製造販売を行っております。

 

 

事業の系統図は次のとおりであります。

(→は製品の販売、サービスの提供、◎は連結子会社、○は持分法適用関連会社を表す。)"
2215,第一屋製パン株式会社,2025-12-31,"３ 【事業の内容】

当社の企業集団は、当社、連結子会社３社及びその他の関係会社１社で構成されており、パン類を中心とする食品の製造販売を主とした「食品事業」、不動産賃貸を主とした「不動産事業」を営んでおります。

以下に示す区分は、セグメントと同一の区分であります。

当グループの事業に関わる位置づけは次のとおりであります。


 

食品事業












パン部門…………



豊田通商㈱より一部原材料等を購入し、当社が製造し販売を行っております。

 







和洋菓子部門……

 



豊田通商㈱より一部原材料等を購入し、当社が製造し販売を行っております。

 







その他……………



豊田通商㈱より一部原材料等を購入し、スリースター製菓㈱にて、クッキー等を製造し販売を行っており、㈱ファースト・ロジスティックスにて、当グループの製品等の配送を行っております。





 


不動産事業

当社所有の土地を賃貸しております。

 

事業の系統図は次のとおりであります。

 




（注）㈱ベーカリープチは、2022年12月末をもって当社の横浜工場を閉鎖したことに伴い、事業活動を停止しております。"
2216,カンロ株式会社,2025-12-31,"３ 【事業の内容】

当社グループは、菓子食品事業（菓子の製造販売）を主な事業内容としております。

事業の系統図は次のとおりであります。"
2217,モロゾフ株式会社,2026-01-31,"３【事業の内容】

当社グループは、当社（モロゾフ株式会社）及び子会社２社（株式会社鎌倉ニュージャーマン、ＶＩＳＵＡＬ ＨＯＮＧ ＫＯＮＧ ＬＩＭＩＴＥＤ）により構成されております。

 

当社グループは、洋菓子製造販売を主な事業内容とし、他に喫茶・レストラン事業を行っております。

当社グループが営んでいる事業の内容は次のとおりであります。なお、以下の事業区分は「第５ 経理の状況 １ 連結財務諸表等 （１）連結財務諸表 注記事項」に掲げるセグメントの区分と同一であります。

洋菓子製造販売事業

：

当社グループはチョコレート・クッキーなど干菓子製品、チーズケーキ・プリンなど洋生菓子製品、その他菓子製品の製造・販売を行っております。販売形態は主として直接販売の方法をとっており、菓子販売店は直営店35店舗、準直営店141店舗を有しております。

喫茶・レストラン事業

：

当社グループはケーキ・コーヒー・パスタ他のフードサービスを行っており、喫茶店28店舗を有しております。

 

洋菓子製造販売事業における主な製品を商品群別の区分により説明しますと、以下のとおりであります。

区分（商品群）

主要品目

干菓子群

（チョコレート）

 

（クッキー）

（デザート）

 

（詰合せ）

プレミアムチョコレートセレクション、フェイバリット、

りんごのチョコレート、ラウンドプレーン等。

ファヤージュ、アルカディア、オデット、ガレット オ ブール等。

ファンシーデザート、凍らせてシャーベット、

フルーツオブフルーツ、白いチーズケーキ等。

ハッピーパーティ、ロイヤルタイム等。

洋生菓子群

（チルドデザート）

（ケーキ）

（半生菓子）

カスタードプリン、季節のプリン、季節のゼリー等。

チーズケーキ、チョコレートケーキ等。

マドレーヌ、フィナンシェ等。

その他菓子群

 

焼きたてクッキー、グラスオショコラ等。

 

［事業系統図］

以上述べた事項を事業系統図によって示すと、次のとおりであります。"
2218,日糧製パン株式会社,2026-03-31,"３ 【事業の内容】

当社は、主たる事業として、パン・菓子、米飯等の製造および販売ならびにその他の食料品の販売に関する事業を行っております。

当社は、2009年８月３日に山崎製パン株式会社と業務資本提携契約を締結した結果、同社は、当社の主要株主である筆頭株主およびその他の関係会社となり、当社は同社の持分法適用関連会社となりました。

なお、事業の系統図は、次のとおりであります。"
2220,亀田製菓株式会社,2026-03-31,"３ 【事業の内容】

当グループ(当社及び当社の関係会社)は、当社(亀田製菓株式会社)、子会社18社及び関連会社２社で構成され、菓子の製造販売を主な事業内容とし、更に当該事業に関連する運送等の活動を展開しております。

当グループは、当社の国内米菓事業、海外事業、食品事業及び連結子会社単位を基礎とした事業セグメントに分かれており、主に「国内米菓事業」、「海外事業」及び「食品事業」により構成されているため、この３つを報告セグメントとしております。

「国内米菓事業」は、国内において米菓の製造販売を行っております。「海外事業」は、海外において米菓等の製造販売を行っております。「食品事業」は、長期保存食、植物性乳酸菌、米粉パンおよびプラントベースフード等の製造販売を行っております。

 













セグメント名



事業内容



当社、連結子会社及び持分法適用関連会社







国内米菓



国内における米菓の製造販売



当社

(連結子会社)

アジカル株式会社

とよす株式会社

株式会社日新製菓

(持分法適用関連会社)

株式会社マスヤ







海外



海外における米菓等の製造販売



当社

(連結子会社)

KAMEDA USA, INC.

THAI KAMEDA CO., LTD.

Singha Kameda (Thailand) Co., Ltd.

青島亀田食品有限公司

LYLY KAMEDA CO., LTD.

THIEN HA KAMEDA, JSC.

TH FOODS, INC.

Watch City Properties, LLC.

(持分法適用関連会社)

KAMEDA LT FOODS (INDIA) PRIVATE LIMITED







食品



長期保存食、植物性乳酸菌、米粉パンおよびプラントベースフード等の製造販売



当社

(連結子会社)

尾西食品株式会社

株式会社マイセン

株式会社マイセンファインフード

株式会社タイナイ







その他



貨物運送等



当社

(連結子会社)

新潟輸送株式会社

亀田トランスポート株式会社

株式会社エヌ．エイ．エス





 


(注) THAI KAMEDA CO., LTD.は、現地の法律にしたがい必要な手続きが完了次第、清算結了となる予定ではありますが、具体的な日程は現時点では未定であります。

 

［事業系統図]

以上述べた事項を事業系統図によって示すと次のとおりであります。"
2221,岩塚製菓株式会社,2026-03-31,"３【事業の内容】

当社グループ（当社および当社の関係会社）は、当社（岩塚製菓株式会社）、子会社５社および関連会社１社より構成されております。

当社グループの事業内容および当社と関係会社の当該事業に係る位置付けは次のとおりであります。

菓子事業

当社は、菓子の製造・販売を行っております。

連結子会社の株式会社瑞花、株式会社新潟味のれん本舗、里山元気ファーム株式会社は、当社で製造した製品を仕入れて販売を行っております。また、里山元気ファーム株式会社は農産物・農産加工品の販売も行い、株式会社田辺菓子舗はかりんとうの製造・販売を行っております。持分法適用関連会社の旺旺・ジャパン株式会社は、主に食料品の輸入販売を行い、非連結子会社のIWATSUKA USA Inc.は、米菓の輸出販売を行っておりましたが、コロナ禍以降現在まで営業を休止しております。

〔事業系統図〕"
2222,寿スピリッツ株式会社,2026-03-31,"３【事業の内容】

当社グループは、純粋持株会社であります寿スピリッツ株式会社（当社）及び子会社18社で構成され、菓子の製造・販売を主たる業務としております。

当社グループは、主に地域事業会社を基礎としたセグメントで構成されており、「シュクレイグループ」、「ケイシイシイ」、「寿製菓グループ」、「販売子会社」、「その他」の５つを報告セグメントとしております。

なお、「シュクレイ」及び「九十九島グループ」は、それぞれ独立セグメントとしておりましたが、2025年４月１日付で実施した連結子会社間の組織再編（会社分割）に伴い、当連結会計年度より統合し、セグメント区分を「シュクレイグループ」に変更いたしております。また、「寿製菓・但馬寿」としていた報告セグメントの名称を当連結会計年度より「寿製菓グループ」に変更いたしております。

当社は、有価証券の取引等の規制に関する内閣府令第49条第２項に規定する特定上場会社等に該当しており、これにより、インサイダー取引規制の重要事実の軽微基準については連結ベースの数値に基づいて判断することとなります。

報告セグメントは、以下のとおりであります。

 

セグメント名称

 

 

主な事業内容

 

 

会社名

 

シュクレイグループ

菓子の製造・販売（ショップブランド「ザ・メープルマニア」、「東京ミルクチーズ工場」、「フランセ」、「赤い風船」、「アイボリッシュ」他）

株式会社シュクレイ（連結子会社）

株式会社九十九島グループ（連結子会社）

ケイシイシイ

菓子の製造・販売

（ショップブランド「ルタオ」、「ナウオンチーズ」他）

株式会社ケイシイシイ（連結子会社）

寿製菓グループ

菓子の製造・販売

（ショップブランド「お菓子の壽城」、「カノザ」他）

寿製菓株式会社（連結子会社）

株式会社但馬寿（連結子会社）

株式会社ケーエムエフ（連結子会社）

販売子会社

菓子の販売（ショップブランド「コンディトライ神戸」他）

株式会社寿堂（連結子会社）

南寿製菓株式会社（連結子会社）

株式会社寿香寿庵（連結子会社）

株式会社ひだ寿庵（連結子会社）

株式会社三重寿庵（連結子会社）

株式会社せとうち寿（連結子会社）

株式会社東海寿（連結子会社）

株式会社寿庵（連結子会社）

株式会社花福堂（連結子会社）

その他

損害保険代理業

健康食品の販売

菓子の販売

株式会社ケーエスケー（連結子会社）

純藍株式会社（連結子会社）

台灣北壽心股份有限公司（連結子会社）

 

〔事業系統図〕

（注）2026年４月１日付で株式会社ケイシイシイが、株式会社箱根ときのみを100％出資により設立しております。"
2224,株式会社コモ,2026-03-31,"３【事業の内容】

当社グループは、当社及び連結子会社１社（コモサポート㈱）で構成されており、当社はパネトーネ種を使用するロングライフパン（賞味期間が60～90日）の製造・販売を行っております。また、コモサポート㈱において、当社製品の保管、仕分業務請負、配送手配代行業務を行っております。

以上述べた事項を事業系統図によって示すと次のとおりであります。"
2226,株式会社湖池屋,2026-03-31,"３【事業の内容】

当社は、スナック菓子、タブレット等の製造販売を主たる事業としております。また、当社は以下の子会社
４社及び関連会社１社を統括しております。

台湾湖池屋股份有限公司・・・・・・・台湾でのスナック菓子の販売及び輸出事業

Koikeya Vietnam Co.,Ltd.・・・・・・ベトナムでのスナック菓子の製造販売及び輸出事業

KOIKEYA（THAILAND）CO.,LTD. ・・・・タイでのスナック菓子の販売事業

KOIKEYA AMERICA INC.・・・・・・・・アメリカでのスナック菓子の販売事業

日清湖池屋（中国・香港）有限公司・・香港でのスナック菓子の販売事業

 

親会社の日清食品ホールディングス株式会社とは、業務・資本提携により開発・マーケティング・調達・生産・営業といった事業活動全般における協働関係の強化に取り組んでおります。

 

［事業系統図］
事業系統図は以下のとおりであります。

※ Koikeya Vietnam Co.,Ltd.は連結会社に対して製品の輸出を行っております。

 

(1) 国内事業

スナック菓子の製造は関東工場、関東第二工場、関東第三工場、中部工場、京都工場及び九州阿蘇工場の自社工場６拠点に加え、業務提携をしているふらの農業協同組合の工場「シレラ富良野」にて行っており、『安全』で『安心』できる製品づくりと、安定供給の実現に取り組んでおります。

タブレット「Pinky FRESH」につきましては、新しいターゲットの潜在需要喚起に努めております。

製品戦略につきましては、既存事業の構造改革を推進し、製品開発体制の充実による新規カテゴリーの確立を図ります。

(2) 海外事業

海外事業につきましては、連結子会社である台湾湖池屋股份有限公司において主に「カラムーチョ」ブランドを集中展開するとともに、2017年９月よりKoikeya Vietnam Co.,Ltd.において初の海外自社工場の稼動を開始しております。また、スナック菓子の販売活動を目的として、2018年11月にタイ王国において、KOIKEYA（THAILAND）CO.,LTD.を、2025年６月に米国において、KOIKEYA AMERICA INC.を設立いたしました。

 

主要な製品ラインアップは、以下のとおりであります。

 ポテトスナック

 「湖池屋ポテトチップス」

 1962年発売のロングセラーポテトスナック

 「湖池屋プライドポテト」

 2017年発売のプレミアムポテトスナック

 「ピュアポテト」

 2018年発売の厚切りポテトスナック

 「湖池屋ストロング」

 2018年発売の濃厚ポテトスナック

 「カラムーチョ」

 1984年発売のロングセラー辛味系ポテトスナック

 「すっぱムーチョ」

 1993年発売の酸味系ポテトスナック

 コーンスナック

 「スコーン」

 1987年発売のコーンクランチスナック

 「ドンタコス」

 1994年発売のコーントルティアチップス

 「ポリンキー」

 1990年発売の網目模様のコーンスナック

 タブレット

 「Pinky FRESH」

 2020年発売の乳酸菌ＬＳ１配合の機能性タブレット"
2229,カルビー株式会社,2026-03-31,"３ 【事業の内容】

当社グループは、当社、子会社23社（国内７社、海外16社）及び関連会社３社で構成され、ポテト系、小麦系、コーン系等のスナック菓子及びシリアル食品の製造販売等を行っております。また、当社は米国の食品飲料メーカーPepsiCo,Inc.の持分法適用関連会社であります。

創立以来、自然の恵みを大切に活かし、おいしさと楽しさを創造して、人々の健やかなくらしに貢献するという企業理念のもと、製品・サービスを提供しております。

 

当社グループの事業に係わる主要各社の位置づけは、次のとおりであります。

 

（食品製造販売事業）

・スナック菓子

国内では、当社及びジャパンフリトレー㈱他１社が製造販売しております。一部の製品についてはカルビー・イートーク㈱が製造を行っております。

海外では、Calbee America, Inc.（米国）、Calbee Group (UK) Ltd（英国）、PT. Calbee-Wings Food（インドネシア）他５社が製造販売を行っております。また、カルビー（杭州）食品有限公司（中国）、カルビー（中国）管理有限公司（中国）他５社が販売を行っております。加えて、原材料調達及び一次加工品の製造を目的として、Calbee America, Inc.（米国）があります。

 

・シリアル食品

シリアル食品の製造販売は当社が行っております。また、カルビー（杭州）食品有限公司（中国）、カルビー（中国）管理有限公司（中国）他３社が販売を行っております。

 

・その他食品

カルビーポテト㈱及びHaitai-Calbee Co., Ltd.はばれいしょの調達及び販売、カルビーかいつかスイートポテト㈱は甘しょの調達及び販売、Hodo, Inc.は豆腐及び大豆加工食品の製造及び販売を、それぞれ行っております。

 

（その他事業）

物流事業はカルビーロジスティクス㈱が行っております。

 

事業の系統図は、次のとおりであります。"
2264,森永乳業株式会社,2026-03-31,"３ 【事業の内容】

当社の企業集団は、当社、子会社48社および関連会社４社で構成され、市乳、乳製品、アイスクリーム等の食品の製造販売を中心に、さらに飼料、プラント設備の設計施工、その他の事業活動を展開しております。当グループの事業に係わる各社の位置付けおよび事業の系統図は次のとおりです。

 


(1) 当グループの事業に係わる各社の位置付け


① 食品事業(市乳、乳製品、アイスクリーム、飲料など)

当社が製造販売するほか、当社が販売する商品の一部をエムケーチーズ㈱、横浜森永乳業㈱、冨士森永乳業㈱、東北森永乳業㈱ほか17社に委託製造を行っております。また、森永乳業販売㈱ほか16社は、主として当社より商品を仕入れ全国の得意先に販売しております。


② その他の事業(飼料、プラント設備の設計施工など)

森永酪農販売㈱が飼料、㈱森乳サンワールドがペットフードの仕入販売を行っております。

森永エンジニアリング㈱ほか11社は、プラント設備の設計施工、不動産の賃貸、運輸倉庫業などを行っております。

 

 


(2) 事業の系統図

 




(注) １．→は製品および商品の流れを示しております。

２．＊の会社は連結子会社、(持)の会社は持分法適用会社です。

３．前連結会計年度まで非連結子会社であった秋田オリオンフード株式会社は2026年３月に保有株式を売却したため、非連結子会社から除外しました。"
2266,六甲バター株式会社,2025-12-31,"３【事業の内容】

当社グループは、当社、連結子会社４社、持分法適用関連会社１社により構成されています。

主要な事業内容は以下のとおりです。

 

（チーズ）

主要な製品はチーズであります。

大部分を当社が製造販売しており、一部は関連当事者であるデイリー・プロダクツ・ソリューション㈱を含む外部の加工業者に製造を委託し当社が販売しております。

 

（ナッツ）

主要な製品はナッツ・豆菓子であります。

大部分を連結子会社である㈱ミツヤグループ本社、㈱ミツヤ及び㈱千成堂が製造販売しており、一部を当社が販売しております。

 

（その他）

「チーズ」及び「ナッツ」に含まれない食品の販売等を主な事業としております。

 

なお、次の２部門は「第５ 経理の状況 １ 連結財務諸表等 （１）連結財務諸表 注記事項」に掲げるセグメントの区分と同一です。

また、当連結会計年度より報告セグメントの区分を変更しています。詳細は、「第５ 経理の状況 １ 連結財務諸表等 （１）連結財務諸表 注記事項（セグメント情報等）」に記載のとおりです。

 

事業の系統図

（2025年12月31日現在）"
2267,株式会社ヤクルト本社,2026-03-31,"３ 【事業の内容】

当社の企業集団は、当社、子会社70社および関連会社18社で構成されています。

主な事業内容と、当該事業に係わる位置づけは次のとおりです。

〔飲料および食品製造販売事業〕












①乳製品：



当社が製造し、主に全国に所在するヤクルト販売会社106社(㈱ヤクルト東海の子会社４社を含む。このうち、連結子会社は東京ヤクルト販売㈱他20社、関連会社は香川ヤクルト販売㈱他13社(持分法非適用)以下同じ)が販売しています。
なお、製造にあたっては、製造工程の一部を㈱岩手ヤクルト工場他５社(連結子会社)に委託し、㈱ヤクルトマテリアル他１社(連結子会社)からは製造原材料の供給を受けています。

また、一部の商品については、㈱ヤクルトプランツファクトリーが製造し、当社を経由して全国に所在する106社のヤクルト販売会社が販売しています。







②清涼飲料：



当社が商品を仕入れ、主に全国に所在する106社のヤクルト販売会社が販売しています。







③その他の食品：



主なものは、麺類および健康食品等であり、ヤクルト食品工業㈱他１社が製造し、主に当社を経由して全国に所在する106社のヤクルト販売会社が販売しています。







④輸送事業：



連結子会社であるヤクルトロジスティクス㈱が、製商品の輸送事業を行っています。







⑤海外での事業：



海外においては、中国ヤクルト㈱他24社(連結子会社)のほか、関連会社４社が乳製品の製造販売等を行っています。







⑥販売用資材等：



販売用資材等は、連結子会社であるヤクルト商事㈱が仕入れ、当社を経由してヤクルト販売会社等へ販売しています。





 


〔その他事業〕












①化粧品：



当社が製造し、主に全国に所在する106社のヤクルト販売会社が販売しています。







②プロ野球興行：



連結子会社である㈱ヤクルト球団が行っています。





 


 

以上に述べた事業の系統図は、次頁のとおりです。

 

 

事業の系統図"
2268,Ｂ－Ｒ　サーティワン　アイスクリーム株式会社,2025-12-31,"３ 【事業の内容】

当社グループ（当社及び当社の関係会社）は、当社、連結子会社である31 Aikalima LLCの計２社で構成されております。当社グループは関係会社(その他の関係会社)であるバスキン・ロビンス・フランチャイジング エルエルシーと「ライセンス及び技術援助契約」を締結しており、アイスクリーム類の製造・販売並びにフランチャイズ方式によるアイスクリーム販売の組織化及び運営に関するノウハウの提供を受けております。それに対し、当社は売上高の一定率をロイヤリティーとして同社に支払っております。

当社は関係会社(その他の関係会社)である㈱不二家との間に、バスキン・ロビンス31アイスクリーム小売店の運営並びに同アイスクリームに係る商標、意匠、小売店販売方法等の使用に関する「フランチャイズ契約」を他のフランチャイジーと同様に締結し、同社に対して、アイスクリーム等の販売及び店舗用設備を賃貸するとともに、小売売上高の一定率をロイヤリティーとして受取っております。

当社は連結子会社である31 Aikalima LLCに100％出資し、役員の兼任をしております。

当社はその他の関係会社である㈱不二家及びその子会社(関連当事者)である不二家乳業㈱から原料を購入し、㈱不二家神戸へ製品の一部を製造委託しております。以上述べたことを事業系統図で示すと次のとおりであります。

なお、当社はアイスクリーム製品の製造及び販売等を行う単一セグメントのため、セグメント別の記載を省略しております。"
2269,明治ホールディングス株式会社,2026-03-31,"３【事業の内容】

当社グループは当社（純粋持株会社）、子会社67社、関連会社７社により構成されております。

なお、当社は、有価証券の取引等の規制に関する内閣府令第49条第２項に規定する特定上場会社等に該当しており、これにより、インサイダー取引規制の重要事実の軽微基準については連結ベースの数値に基づいて判断することになります。

 

関係会社の位置付け及びセグメントとの関連は、次のとおりであります。

セグメント

主要な製品

主要な会社

食品

 

ヨーグルト、牛乳類、飲料、チーズ、バター・マーガリン、クリーム、アイスクリーム、調理食品、チョコレート、グミ、スポーツ栄養、乳幼児ミルク、流動食、美容、飼料、砂糖及び糖化穀粉等

㈱明治

 

（連結子会社）

明治フレッシュネットワーク㈱、道南食品㈱、

明治チューインガム㈱、東海ナッツ㈱、四国明治㈱、

東海明治㈱、群馬明治㈱、栃木明治牛乳㈱、明治油脂㈱、

Meiji Food Asia Pacific Pte. Ltd.、

Meiji Seika(Singapore)Pte.Ltd.、Meiji America Inc.、

D.F. Stauffer Biscuit Co., Inc.、Laguna Cookie Co., Inc.、

明治（中国）投資有限公司、明治乳業（天津）有限公司、

明治制果食品工業（上海）有限公司、

明治乳業（蘇州）有限公司、明治雪糕（広州）有限公司、

明治食品（広州）有限公司、台湾明治食品股份有限公司、

MEIJI FOOD VIETNAM CO., LTD.、㈱明治フードマテリア、

明治ロジテック㈱、日本罐詰㈱、明治飼糧㈱、

㈱明治テクノサービス、㈱明治ナイスデイ、

㈱明治アドエージェンシー

 

（持分法適用非連結子会社）

Thai Meiji Food Co.,Ltd.

 

（非連結子会社）

㈱明販流通、明治香港有限公司、

MEIJI NEW ZEALAND LIMITED、PT MEIJI FOOD INDONESIA、

Meiji Food Europe B.V.、明治食品材料（青島）有限公司、

㈱東髙運輸、㈱カントラロジ、新北海道飼料㈱、まきば飼料㈱

 

（持分法適用関連会社）

CP-MEIJI Co.,Ltd.、沖縄明治乳業㈱

 

（関連会社）

Beghin Meiji、明糖倉庫㈱、釧路飼料㈱、日本乳品貿易㈱、

㈱Wellnize

 

 

（合計48社）

 

 

 

セグメント

主要な製品

主要な会社

医薬品

医療用医薬品及び

動物薬等

Meiji Seika

ファルマ㈱

 

 

 

 

 

 

 

 

 

 

 

 

 

 

 

 

 

（連結子会社）

大蔵製薬㈱、Me ファルマ㈱、Meiji Pharma Spain, S.A.、

PT.Meiji Indonesian Pharmaceutical Industries、

Thai Meiji Pharmaceutical Co., Ltd.、

Meiji Seika Europe B.V.、Medreich Limited、

Adcock Ingram Limited、Medreich Life care Limited、Medreich plc、Medreich Australia Pty Ltd.、

Medreich Far East Limited、Inopharm Limited、

Medreich New Zealand Limited、

Adcock Ingram Pharma Private Limited、

広東明治医薬有限公司、Romeck Pharma合同会社、

Meiji Seika ファルマテック㈱、台湾明治医薬股份有限公司

Meiji Pharma Asia Pte. Ltd.、ＫＭバイオロジクス㈱、

明治アニマルヘルス㈱

 

（非連結子会社）

Meiji Pharma USA Inc.、都輸送㈱

 

 

（合計25社）

 

（注）2014年４月１日より、明治ビジネスサポート㈱のセグメントを食品セグメントから全社(共通)に変更しております。

 

事業の系統図（当社及び連結子会社）は次のとおりであります。"
2270,雪印メグミルク株式会社,2026-03-31,"３ 【事業の内容】

2026年3月31日現在の当社グループ(当社および当社の関係会社)は、当社、子会社31社および関連会社15社で構成されております。

当社グループの事業内容および関係会社の当該事業に係る位置付けは次のとおりであります。

なお、事業内容については、「第５ 経理の状況 １ 連結財務諸表等 (1) 連結財務諸表 注記事項」に掲げるセグメントの区分と同一であります。

 













事業区分



主要な製品



連結子会社 (注)







乳製品



乳製品（チーズ・バター・粉乳等）、油脂、機能性食品、粉ミルク等



雪印メグミルク㈱、雪印ビーンスターク㈱、八ヶ岳乳業㈱、甲南油脂㈱、チェスコ㈱、㈱エスアイシステム、SNOW BRAND AUSTRALIA PTY.LTD.、台湾雪印有限公司、PT.MEGMILK SNOW BRAND INDONESIA、UDDER DELIGHTS AUSTRALIA PTY LTD、雪印メグミルクマーケティング㈱、㈱ベルネージュダイレクト、㈱ヨシダコーポレーション、INFANT NUTRITION CANNING AUSTRALIA PTY LTD、MEGMILK SNOW BRAND VIETNAM CO.,LTD







飲料・デザート類



飲料（牛乳類、果汁飲料等）、ヨーグルト、デザート等



雪印メグミルク㈱、八ヶ岳乳業㈱、㈱エスアイシステム、いばらく乳業㈱、みちのくミルク㈱、雪印メグミルクマーケティング㈱







飼料・種苗



牛用飼料、牧草・飼料作物種子、野菜種子、造園事業等



雪印種苗㈱、道東飼料㈱







その他



共同配送センター事業、不動産賃貸事業等



雪印メグミルク㈱、㈱クレスコ、㈱雪印パーラー、雪印メグミルクビジネスソリューション㈱、㈱エスアイシステム、ニチラク機械㈱、㈱ベルネージュダイレクト、雪印メグミルクマーケティング㈱、直販配送㈱





 


(注) １.2026年４月１日付で三和流通産業㈱は雪印メグミルクマーケティング㈱に社名変更しております。

２.持分法適用関連会社は下記のとおりです。

   乳 製 品：イーエヌ大塚製薬㈱、AGRO SNOW PTE.LTD.

   飲料・デザート類：ルナ物産㈱

   そ の 他：北網運輸㈱、日本乳品貿易㈱、㈱アミノアップ、ＳＢＳフレック㈱

 

 

事業系統図（当社、連結子会社及び関連当事者）は次のとおりです。"
2281,プリマハム株式会社,2026-03-31,"３ 【事業の内容】

連結財務諸表提出会社（以下、「当社」という。）の企業集団は、当社及び当社の親会社、連結子会社28社、非連結子会社１社で構成され、加工食品の製造・販売、食肉の処理・加工・販売を主な事業内容とし、さらに各事業に関連する物流、その他のサービス等の事業活動を展開しております。

当社グループ（当社及び連結子会社）の事業に係る位置づけは次のとおりです。

なお、次の２事業は、「第５ 経理の状況 １ 連結財務諸表等 (1) 連結財務諸表 注記事項（セグメント情報等）」に掲げるセグメント情報の区分と同一であります。

 

○加工食品事業部門

・加工食品の製造・販売

当社及びプリマハムミートファクトリー㈱、秋田プリマ食品㈱、プリマ食品㈱、プライムフーズ㈱、プリマルーケ㈱が製造し、当社及び販売会社を通じて販売しております。

・ベンダー事業

プライムデリカ㈱は、㈱セブン－イレブン・ジャパンへ調理パン・惣菜等を製造・供給しております。

・販売

当社及び北海道プリマハム㈱、北陸プリマハム㈱、㈱エッセンハウスは、主にハム・ソーセージ、加工食品、その他関連商品の販売を行っております。

・海外

PRIMAHAM(THAILAND) CO.,LTD.、PRIMAHAM FOODS(THAILAND) CO.,LTD.、Rudi's Fine Food Pte Ltdは、加工食品等の製造・販売を行っております。

・その他

清掃等サービスをプリマ環境サービス㈱が行っております。

 


○食肉事業部門

・肉豚の生産・肥育及び関連事業

太平洋ブリーディング㈱、ジャパンミート㈱、㈲肉質研究牧場、㈲かみふらの牧場が生産し、当社ほかへ供給しております。

・食肉の処理・加工

㈱かみふらの工房、西日本ベストパッカー㈱が処理・加工し、当社及び販売会社を通じて販売しております。

・販売

当社及び関東プリマミート販売㈱、タッキーフーズ㈱、ティーエムジーインターナショナル㈱は、食肉、その他関連商品を販売しております。

・物流

プリマロジスティックス㈱が食肉事業の物流を行っております。

 


○その他

・商品の理化学検査受託を㈱つくば食品評価センターが行っております。

・理化学機器の開発・製造・販売をプライムテック㈱が行っております。

・情報処理業は、プリマシステム開発㈱が行っております。

・人事・保険・不動産サービス業は、プリマ・マネジメント・サービス㈱が行っております。

 

事業の系統図は次のとおりになります。

 




 

(注) 上記以外に連結子会社が１社、非連結子会社が１社ありますが、重要性が低いため事業の関連図への記載を省略しております。"
2282,日本ハム株式会社,2026-03-31,"３ 【事業の内容】

当社グループは、当社と子会社65社、関連会社５社及び共同支配企業２社で構成され、各事業を管轄する事業本部とその位置付けは以下のとおりです。

 

〔加工事業本部〕

加工事業本部は、主に国内においてハム・ソーセージ及び加工食品の製造・販売を行っております。当社及び製造子会社の日本ハムファクトリー㈱、南日本ハム㈱、日本ハム食品㈱及び日本ハム惣菜㈱等が製造を行い、当社及び全国に販売拠点を有する販売子会社の日本ハムマーケティング㈱等を通じて販売を行っております。また、子会社の㈱宝幸及び日本ルナ㈱によって、主に国内において水産物及び乳製品の製造・販売を行っております。また、海外において、子会社のDay-Lee Foods, Inc.及びThai Nippon Foods Co., Ltd.等が、主にハム・ソーセージ、加工食品及び食肉の製造・販売を行っております。

〔食肉事業本部〕

食肉事業本部は、主に国内において食肉の生産・販売を行っております。子会社の日本ホワイトファーム㈱、日本クリーンファーム㈱等が豚及びブロイラーの生産飼育を行い、子会社の日本フードパッカー㈱等が処理・加工を行った食肉製品と、海外事業本部管轄の食肉販売子会社や外部から仕入れた食肉商品を、当社及び全国に販売拠点を有する販売子会社の東日本フード㈱、関東日本フード㈱、中日本フード㈱及び西日本フード㈱等を通じて販売しております。また、海外において、子会社のNH Foods Australia Pty. Ltd.、Whyalla Beef Pty. Ltd.等が食肉の生産・販売を行っております。

〔ボールパーク事業〕

ボールパーク事業は、㈱北海道日本ハムファイターズ及び㈱ファイターズ スポーツ＆エンターテイメント等で構成され、主にプロ野球関連興行、球場運営、北海道ボールパークFビレッジを中心としたマネジメント業務を行っております。

 

以上に述べた事項を事業系統図によって示すと次ページのとおりです。"
2286,林兼産業株式会社,2026-03-31,"３ 【事業の内容】

当社グループ（当社及び当社の関係会社）は、当社、連結子会社６社、持分法適用の関連会社２社の計９社で構成されており、機能性素材、加工食品、肉類、配合飼料、水産物の製造・仕入販売を主な事業としております。

当社及び当社の関係会社の事業における当社及び関係会社の位置付け及びセグメントとの関連は、次のとおりです。また、以下に示す区分は、セグメントと同一の区分です。

 












食品事業



当社は、機能性素材や加工食品、肉類等の製造・仕入販売を行っております。

当社が主原料として使用する豚肉の一部は、連結子会社であるキリシマドリームファーム株式会社において肥育し、連結子会社である都城ウエルネスミート株式会社でと畜したものを使用しております。
連結子会社である林兼フーズ株式会社は、主に当社が有償支給した原料を加工し、当社が販売する加工食品の一部を製造しております。





 


 












飼料事業



 







 [配合飼料]



当社は、養魚用飼料及び畜産用飼料を販売しておりますが、養魚用飼料は主に当社で製造し、畜産用飼料は外部からの購入や製造委託によっております。
連結子会社であるキリシマドリームファーム株式会社は、当社が販売した畜産用飼料で豚を肥育しております。

連結子会社である太幸物産株式会社は、主に当社が有償支給した原料を加工して養魚用飼料を製造し、当社及び得意先へ販売しております。

持分法適用会社である志布志飼料株式会社は、当社が販売する畜産用飼料の一部を受託製造しております。







 [水産物]



当社は、養魚用飼料の販売先で生産された水産物を購入し、販売しております。
  連結子会社である有限会社平安海産は、主に当社が有償支給した水産物を加工し、当社及び得意先へ販売しております。
連結子会社である有限会社桜林養鰻は、当社が所有する鰻の養殖を受託し、その成魚を仕入れて得意先へ販売しております。





 


 












その他の事業



当社は、大阪府等に所有している不動産を外部顧客へ賃貸しております。
  持分法適用会社である林兼冷蔵株式会社は、主として当社グループを含む得意先の原料等の保管を行っております。





 


 

 

事業の系統図は、次のとおりです。

 




 

(注) 各社は、以下のように分類しております。

※１…連結子会社

※２…持分法適用関連会社"
2288,丸大食品株式会社,2026-03-31,"３ 【事業の内容】

当社グループは、丸大食品株式会社(当社)、連結子会社23社及び関連会社１社により構成されており、加工食品事業及び食肉事業を主な事業としているほか、これらに関連する保険代行事業等のサービス業務などを行っております。

 

当社グループの事業における当社、連結子会社及び関連会社の位置付けは、次のとおりであります。なお、以下に示す区分は、セグメントと同一の区分であります。

なお、当連結会計年度より、「加工食品事業」セグメントのうち「調理加工食品部門」の一部を「ハム・ソーセージ部門」へ集計するよう変更しております。詳細は、「（セグメント情報等）１ 報告セグメントの概要 (3) 報告セグメントの変更等に関する事項」をご参照ください。

 

加工食品事業

ハム・ソーセージや調理加工食品の製造及び販売を、当社のほか戸田フーズ㈱、安曇野食品工房㈱及びトーラク㈱などで行っております。

 

食肉事業

食肉（牛肉、豚肉、鶏肉等）の加工及び販売を、当社のほか丸大ミート㈱、丸大フード㈱及び㈱ミートサプライなどで行っております。

 

その他

保険代行事業等のサービス業務などを、㈱丸大サービスで行っております。

 

 

事業の系統図は、次のとおりであります。"
228A,株式会社オプロ,2025-11-30,"３【事業の内容】

地球温暖化、少子高齢化、サイバー犯罪、パンデミック対応などによるビジネス環境の変化は、ＤＸ（※１）の推進を加速しています。ＤＸは単なる業務効率化やシステム刷新ではなく、そのゴールはデジタル技術でビジネスモデルやワークスタイルを変革し、私たちを取り巻く環境がどう変化しても持続可能なビジネスと社会を実現することにあります。

そのためには、あらゆる業務や情報資産をデジタル化してオンラインでつなぎ、その柔軟性や活用度を高める必要があります。しかし、システムのサイロ化（※２）や膨大な紙文書がその足かせとなるケースも多くあります。当社は「業務をつなげる力」で足かせからお客様を解放しＤＸの可能性を広げるため、ビジネス文書の電子化とデータ連携に取り組んできました。

当社は「未だないピースを発明する」をコンセプトに、データオプティマイズソリューション及びセールスマネジメントソリューションの提供を通して、幅広い分野で豊富なノウハウ＝「つなげる力」を蓄積してきました。その力を活用して情報伝達の在り方を変えれば、分断されていた業務が「つながって」生産性が上がることはもちろん、お客様のビジネスが様々な可能性と「つながり」、新たな価値やビジネスを生み出していきます。そのような状況をお客様と共に創り上げていくことこそ、当社が考える真のカスタマーサクセスです。

また、ＤＸを推進するうえで、当社が重要と考えているものは「内製化」です。システムインテグレーター等に頼らず、自社で完結できてこそ、推進が加速されると考えております。当社はローコード、ノーコードで処理を実現できるサービスを提供し、さらにＡＩ機能を取り入れ、自動で生成される仕組みを実現しております。

 

当社はクラウドサービス事業の単一セグメントですが、その売上は現在の主力サービスである「クラウド売上」を中心に、「製品売上」、「製品保守売上」、「その他売上」より構成されております。データオプティマイズソリューション及びセールスマネジメントソリューションの売上については、「クラウド売上」に含まれております。また、「製品売上」とは、クラウドサービス提供開始以前より販売しているオンプレミス製品の売上であり、「製品保守売上」とは、そのオンプレミス製品に関わる保守売上であります。当社の売上の大半は月次で計上されるクラウドサービスのライセンス利用料となるため、安定的に推移いたします。

上記区分別の売上高の推移は以下のとおりです。

 

2024年11月期

2025年11月期

売上高

構成比

売上高

構成比

クラウド売上

2,007,844千円

95.4%

2,465,049千円

96.6%

製品売上

18,979千円

0.9%

9,313千円

0.4%

製品保守売上

63,177千円

3.0%

63,181千円

2.5%

その他売上

14,684千円

0.7%

15,055千円

0.6%

合計

2,104,685千円

100.0%

2,552,601千円

100.0%

 

また、当社は、様々な他社SaaSと連携したクラウドサービスとして、データオプティマイズソリューション及びセールスマネジメントソリューションの２つのソリューションを提供しております。これらのクラウドサービスの大部分はSalesforce, Inc.が提供するクラウドサービスと連携するサービスとして提供、もしくは同社が提供するプラットフォーム上において構築されています。同社は、本書提出日現在において、世界中のあらゆる業界における15万社以上（同社公表）の企業に利用されているクラウドサービスを提供しています。同社の提供するサービスは顧客情報の管理・共有、営業活動の分析・可視化、営業プロセスの自動化などの機能（ＳＦＡ※３、ＣＲＭ※４）のみならず、様々な外部サービスとも連携することが可能であり、その点も同社サービスが顧客から選ばれる理由となっております。当社は、同社の提供するクラウド型ＣＲＭサービスと密に連携したサービスを提供していることを強みとしており、今後も顧客に選ばれる新たなサービスを生み出し、事業拡大を目指してまいります。

 

 

           

 

ソリューション別の売上高の推移は以下のとおりです。

 

2024年11月期

2025年11月期

売上高

構成比

売上高

構成比

データオプティマイズソリューション売上

1,543,280千円

76.9%

1,860,269千円

75.5%

セールスマネジメントソリューション売上

464,563千円

23.1%

604,780千円

24.5%

合計

2,007,844千円

100.0%

2,465,049千円

100.0%

 

以下ソリューション毎にサービス内容を記載いたします。

 

(1）データオプティマイズソリューション

企業や組織が持つ取引情報や人事情報などの帳票データや、行政・公共機関、組織が持つ様々な情報を処理・整理することができるソリューションです。

日本の企業や組織は、2025年12月22日に公益財団法人日本生産性本部が公表した「労働生産性の国際比較2025」によると、OECDデータに基づく2024年の日本の時間当たり労働生産性はOECD加盟38カ国中28位となっており、生産性の観点から世界に後れを取っていると言われていることから、業務の生産性を高めていく必要があります。また、人的資本の重要性が増している状況から、働き方の柔軟性も持たせていかなければならないという課題を持っております。

当社のデータオプティマイズソリューションの活用により、商談情報や従業員情報など分散している情報をデータ層から取り出して、必要な情報を帳票として出力したり、データ比較表など最適なカタチに加工することができます。また、紙を利用することが主体となっていた業務におけるデジタル化を支援し、データ層への情報集約を効率化することができるため、業務の生産性を大きく上げることができるだけでなく、郵送や押印などオフィスにいなければできなかった業務をリモートワークで行うことも可能にするため、お客様の働き方を柔軟に変えていくこともできるようになります。

データオプティマイズソリューションでは、商談情報や従業員情報などをデータ層から取り出して、必要な情報を帳票出力や比較表など最適なカタチに加工することができる出力（OUTPUT）サービスと、紙を主体とする業務におけるデジタル化を支援し、データ層への情報集約を効率化することができる入力（INPUT）サービスから構成されており、主に以下のサービスを提供しております。

 

 

＜出力（OUTPUT）サービス＞

① クラウド帳票ＤＸサービス「帳票ＤＸ」

帳票ＤＸはSalesforce（※５）をはじめとした様々なシステム・サービスから「帳票」を出力するクラウド帳票ＤＸサービスです。

ビジネスのＤＸ化が進む現在においても業務に欠かすことのできない「帳票」ですが、当社は2007年よりクラウド帳票事業をスタートし、企業の電子化・ペーパーレス化に貢献してきました。

帳票ＤＸにより出力された「帳票」を様々な外部サービスに連携することで、郵送や押印などのオフィスワークにおける帳票電子化の多くの課題を解決することで生産性を上げることができ、お客様のＤＸ化そして内製化を実現できるだけでなく、長時間労働の課題や、働き方に柔軟性を持たせることができます。

帳票ＤＸは当社が18年以上に亘って培ってきたクラウド帳票の技術とノウハウを集結した次世代型のクラウド帳票サービスです。請求書や契約書等の取引関係書類から、ダイレクトメールのような大容量サイズのファイルまで対応できる、新しく設計し直された帳票生成エンジンとＡＩ機能を搭載した帳票デザインツールをお客様に提供しております。

その特徴としては、サービスの根幹を成す電子帳票の出力機能に加え、押印やメール配信などの周辺業務のプロセスを省力化・自動化する連携機能をすべてのプランで利用でき、電子帳票の雛形である帳票テンプレートを自社で設計するための洗練された帳票デザインツールを利用できます。ドローソフト（※６）のような操作感で帳票テンプレートを設計できるため、現場担当者の方でも直感的に扱え、内製化の実現が可能です。また、データセンターの多重運用により可用性に優れた環境が整っています。仮に一部のサーバーがダウンしても、帳票ＤＸはサービスを停止することはありません。データは毎日バックアップされ、万が一問題が起きても監視体制を整備していますので早期に解決することが可能です。さらに、帳票ＤＸでは企業のＤＸを促進するために、出力枚数の増加によるプラン変更や超過料金に縛られない新しい料金体系として、扱うデータの大きさやリクエスト数により選択していただける料金体系としております。

 

        

 

 

② クラウド帳票サービス「oproarts」

oproarts（オプロアーツ）は、①「帳票ＤＸ」の前世代の帳票出力サービスです。18年以上に亘って安定して提供し続けており、いまも多くのお客様にご利用いただき、生産性の向上や、働き方の柔軟性を持たせることに貢献しております。

帳票出力サービスとしては、新規のお客様には①帳票ＤＸをご契約いただいており、既存のお客様には継続してサービス提供しております。また、当社のようなクラウドサービス提供会社様に当該サービスを自社ブランドのサービスとして提供することができるOEM提供を広げております。

 

＜入力（INPUT）サービス＞

③ 金融／行政機関向け電子申請サービス「カミレス」

カミレスは、金融機関や行政機関が行う各種サービスの利用者からの申請や窓口対応業務、そして金融機関や行政機関の内部における職員の方々の行う紙主体の業務台帳を迅速にデジタル化することができるクラウドサービスです。各種サービスの利用者の「申請」から、各機関内部における「承認」「共有」などの社内手続きなどの業務ワークフローそのものをスムーズに電子化することができ、窓口業務を大幅に削減することができるＤＸ化サービスです。

各種サービス利用者にとって直感的で操作しやすいＵＩ（※７）を提供し、画面上の書類を見ながら、紙に記入するように項目に入力していくだけでデータ登録することができ、紙に記入するイメージそのままにオンライン申請することが可能になるため、サービス利用者は窓口を訪れる必要がなくなります。さらに帳票ＤＸをプラスして利用することで、金融機関や行政機関の職員の方々は、書面の交付業務などを効率化し、長時間労働を減らすことも可能になり、必ずしもオフィスや窓口に行く必要がなくなるため、働き方を柔軟に変えていくことができます。

 

          

 

④ 現場帳票ＤＸサービス「帳票ＤＸモバイルエントリー」

帳票ＤＸモバイルエントリーは、専用モバイルアプリからSalesforceなどのシステムに、インターネット接続がないオフライン環境下でもデータ入力することができるサービスです。これまで紙の帳票で行われていた店舗での契約又は申込み業務や、工場や個人宅の設備の点検・報告などをモバイルアプリで行うことができます。現場の「紙帳票」を見た目そのままに入力画面化することで業務の生産性を向上することができるだけでなく、働き方を変えることができます。

施設や設備の点検・報告、工業製品の検査、配送の受け渡しサインなど、現場には紙ベースの運用がまだまだ残っていますが、デジタル化によるメリットは、帳票への記入漏れ・記入ミスの解消や業務システムへのデータ転記作業の負担軽減や生産性の向上だけではありません。紙で保存されていた情報がデジタル化されて管理されていくことで、情報の伝達スピードが上がり、情報を可視化し共有できるようになり、データに基づいた経営方針の決定やさらなる業務改善を可能にしていきます。

専用の入力帳票画面のデザインツールにより、現場で使用するデバイスや作業項目に応じて最適な入力フォームを設計できます。入力フォームは帳票イメージそのままのレイアウトにすることも、スマートフォンの表示に適したシンプルなレイアウトにすることも可能です。また、タブレットやスマートフォン、ＰＣによる通常のキー入力に加え、手書き入力や音声入力に対応しており、作業現場を写真撮影して報告することや、作業完了の顧客サインを残すことも可能です。また、インターネット接続がないオフライン環境でも入力作業ができ、端末に一時的に保存されたデータは、インターネットに接続後、Salesforce環境へアップロードされます。さらに、帳票ＤＸもご利用いただけるため、現場で入力されたデータと顧客情報や機器情報等のデータを組み合わせて、現場作業報告書などの帳票をＰＤＦ出力することができます。従来、現場作業後にオフィスに戻って行っていたデータ転記や報告書作成などのアナログ作業や重複していた事務的な作業をなくすことができるため、働き方を大きく変えることができます。

 

          

 

データオプティマイズソリューションでは、上記サービスを顧客へ提供することで、契約月額利用料を受領するストック型ビジネスとなっております。

収益モデルについては、以下のとおりです。

区分

内容

ランニング利用料

月額固定料金で、基本的なサービス機能の対価であります。

帳票ＤＸはご利用組織ごとの課金、その他サービスはＩＤ課金となっております。

データオプティマイズソリューション売上の大半を占めております。

初期費用

一部サービスにて発生する、サービス導入時に発生する作業の対価であります。

プロフェッショナルサービス

お客様へのサービス導入・定着化を目的とした、特別なサポート対応等の対価であります。お客様に代わり帳票を作成・修正する「帳票開発サービス」や、お客様の目標や課題を認識し、最適な提案を行う「コンサルティング」等が該当します。

その他

上記に当てはまらない、従量課金やその他スポット対応の対価であります。

 

データオプティマイズソリューションにおけるユーザー（契約数）及び契約ＡＲＲ（※８）の推移は以下のとおりです。

期

契約数（期末月）

前期比

契約ＡＲＲ（期末月）

前期比

2022年11月期

1,009社

124.6％

713,609千円

126.6％

2023年11月期

1,194社

118.3％

1,108,077千円

155.3％

2024年11月期

1,380社

115.6％

1,397,728千円

126.1％

2025年11月期

1,529社

110.8％

1,595,924千円

114.2％

 

(2）セールスマネジメントソリューション

経営や事業のゴールに対して、達成のために必要な営業・販売に関する様々な情報を一元管理し、業務プロセスを支える販売管理ソリューションです。

ＤＸによって従来のビジネスモデルを打破する動きが起こっており、サブスクリプション型ビジネスはその顕著な成功例と言え、ビジネスモデルが変われば、その業務プロセスの管理手法も変わります。

当社は2007年からサブスクビジネスにいち早く参入し成長を続けており、そのノウハウをサービスの機能として実現し、売上按分化機能、プラン変更やユーザ数の増減などによる契約管理機能、サブスクビジネス特有のKPI管理・分析機能、従量課金やデポジットなど毎月の請求額が変動する販売サイクルに対応した機能など、Ｂ２Ｂサブスクビジネスの管理に強みを持った販売管理サービスの提供を開始しました。Ｂ２Ｂビジネスの管理に必要な問合せ対応、商談、見積から始まり、Ｂ２Ｃサブスクビジネスでも必要な受注、契約、請求など、一連の業務をスムーズに連携する機能を提供し、顧客との新しい「つながり」方を容易に実現するとともに、お客様のビジネスの長期的・安定的成功を支援します。さらに帳票機能としてデータオプティマイズソリューションの「帳票ＤＸ」の一部の機能をサービスに含めて提供しており、Ｂ２Ｂの販売管理に必要な見積書、注文書、納品書、請求書などの帳票業務もＤＸ化することができ、働き方も柔軟に変えていくことができます。

 

     

 

 

セールスマネジメントソリューションでは、主に以下のサービスを提供しております。

 

① サブスクリプション管理サービス「ソアスク」

「ソアスク」は、ＬＴＶ（※９）を最大化するためのサブスクリプション型ビジネスの管理に強みを持った販売管理サービスです。

見積・契約・売上・請求などのバックオフィス業務をサポートする機能を中心に、案件の活動管理や契約・売上状況の可視化などサブスク管理に必要な要素を統合したプラットフォームを提供しております。

ソアスクは世界15万社以上に利用されているSalesforce, Inc.のプラットフォーム上に当社が独自開発したアプリケーションをセットしてサービス提供しております。そのため、Salesforce各種サービスと同一プラットフォーム上での利用が可能となっており、特に、Sales Cloud（※10）を利用している場合には、リード、取引先、商談、キャンペーン等のデータと一連のＵＩ操作の流れのままに、ソアスクの見積、受注、契約、請求、売上情報といった販売管理データを統合して、各部門の活動や情報連携の仕組みをSalesforceプラットフォーム上で一元管理することが可能です。

 

 

② 「モノ」のサブスクリプション管理サービス「モノスク」

モノスクは有形商材を扱うサブスク事業に対応したサブスク管理サービスで、ソアスク同様に世界15万社以上に利用されているSalesforce, Inc.のプラットフォーム上で稼働しています。

ソアスクが備え持っているサブスクリプションの販売業務を管理する基本機能に加え、「モノ」のサブスクビジネス特有の商品に関する設置情報やサポート・保守の記録情報などの機器管理機能などを備え、情報を一元管理できます。モノスクを導入いただくことで、契約中の商品状況を瞬時に把握し、かつ情報を正確に保つことが可能です。

 

 

セールスマネジメントソリューションでは、上記のサービスを顧客へ提供することで、契約月額利用料を受領するストック型ビジネスとなっております。

収益モデルについては、以下のとおりです。

区分

内容

ランニング利用料

ＩＤ課金による月額固定料金で、基本的なサービス機能の対価であります。

帳票機能としてご利用可能な帳票ＤＸはご利用組織ごとの課金となります。

セールスマネジメントソリューション売上の大半を占めております。

初期費用

一部サービスにて発生する、サービス導入時に発生する作業の対価であります。

プロフェッショナルサービス

お客様へのサービス導入・定着化を目的とした、特別なサポート対応等の対価であります。お客様の目標や課題を認識し、最適な提案を行う「コンサルティング」等が該当します。

 

［事業系統図］

 

 

（注） 当社では、サービスの提供形態によりクラウド売上と製品売上に区分しており、それぞれクラウドサービスによるサービス提供とオンプレミスによるサービス提供を行っております。

 

なお、セールスマネジメントソリューションにおけるユーザー（契約数）及び契約ＡＲＲの推移は以下のとおりです。

期

契約数（期末月）

前期比

契約ＡＲＲ（期末月）

前期比

2022年11月期

124社

121.6％

329,871千円

135.6％

2023年11月期

135社

108.9％

396,065千円

120.1％

2024年11月期

150社

111.1％

493,042千円

124.5％

2025年11月期

158社

105.3％

579,915千円

117.6％

 

※用語解説

本項「事業の内容」において使用する用語の定義については、次のとおりです。

番号

用語

定義

※１

ＤＸ

デジタルテクノロジーを活用し、ビジネスプロセス・文化・顧客体験を新たに創造し、変わり続けるビジネスや市場の要求を満たすプロセスを指します。

※２

サイロ化

業務プロセスや業務アプリケーション、各種システムが孤立し、情報が連携されていない状況を指します。

※３

ＳＦＡ

企業の営業部門における情報及び業務プロセスを自動化することで、営業活動が管理する情報全般をデータ化して、蓄積・分析することができるシステムです。

※４

ＣＲＭ

顧客の氏名や年齢、属性といった基本的な情報をはじめ、購買履歴や志向など、顧客に関わる情報を一元管理し、その蓄積した情報をもとに、マーケティングやサポート、マネジメントを行うことが可能となるシステムです。

※５

Salesforce

Salesforce, Inc.が提供しているクラウドサービスプラットフォームです。Salesforce、Sales Cloud、及びその他はSalesforce, Inc.の商標であり、許可のもとで使用しています。

※６

ドローソフト

コンピュータ上で絵やイラストを描くためのソフトウエアを指します。

※７

ＵＩ

ＵＩとはユーザー・インターフェース（User Interface）の略称です。ユーザー（利用者）と、製品・サービスをつなぐ接点（インターフェース）のことです。

※８

契約ＡＲＲ

年間経常収益（Annual Recurring Revenue）のことであり、クラウドサービスのなかでも毎年得ることのできる収益を指します。初期費用といった一時的な売上は含みません。

※９

ＬＴＶ

「顧客生涯価値（Life Time Value）」の略称であり、ある顧客が自社の利用を開始してから終了するまでの期間に、自社がその顧客からどれだけの利益を得ることができるのかを表す指標です。

※10

Sales Cloud

Salesforce, Inc.が提供する、顧客管理・営業支援サービスです。"
2291,福留ハム株式会社,2026-03-31,"３ 【事業の内容】

当社グループは、当社(福留ハム株式会社)及び当社の原料供給を目的とする子会社２社により構成され、食肉及び食肉製品の加工及び販売を主たる業務としております。

当社グループの事業内容及び当社と関係会社の当該事業に係る位置付け及びセグメントとの関連は次のとおりであります。

なお、次の２部門は「第５経理の状況 １連結財務諸表等 注記事項」に掲げるセグメントと同一の区分であります。

 

(加工食品事業)

当事業においては、ハム、プレスハム、ソーセージ、惣菜等を製造及び仕入・販売しております。

 

(食肉事業)

当事業においては、食肉及び食肉包装加工製品を製造及び仕入・販売しております。

 

[主な関係会社]

(仕入)

㈱福留、佐賀県枝肉出荷㈱

事業系統図は次のとおりであります。"
2292,エスフーズ株式会社,2026-02-28,"３ 【事業の内容】

当社グループは、総合食肉企業集団を目指して食肉流通の川上から川下領域まで一貫した食肉サプライ・チェーンを構築しております。現在、企業集団は、当社と連結子会社36社、持分法適用関連会社１社及びその他の関係会社１社で構成され、食肉生産及び食肉製品の製造並びに食肉商品の卸販売を主たる事業領域とする「食肉等の製造・卸売事業」と食肉製品・商品の一般消費者向け販売を主たる事業領域とする「食肉等の小売事業」及び肉料理の一般消費者向けサービスを主たる事業領域とする「食肉等の外食事業」を主な内容とし、事業展開を行っております。当社グループの当該事業における位置づけは次の通りです。なお、セグメントと同一の区分であります。

食肉等の製造・卸売事業…食肉流通の川上及び川中領域

食肉の生産事業は、連結子会社エスファーム㈱、㈱北海道中央牧場及び㈱日高食肉センターなどが、当社向け国産肉牛及び豚の肥育・加工事業を行っております。

食肉製品の製造事業は、当社、連結子会社AURORA PACKING COMPANY,INC.、FREMONT BEEF COMPANY、㈱味兆、㈱エムアンドエム食品、㈱デリフレッシュフーズ及び㈱フードリエなどが製造し販売しております。

食肉商品の卸販売事業は、当社、連結子会社㈱ヒョウチク及びその他の関係会社丸紅㈱などが事業者に販売しております。

食肉等の小売事業…食肉流通の川下領域

連結子会社㈱オーエムツーミート、㈱マルチョウ神戸屋及びオオタ総合食品㈱が行っております。

食肉等の外食事業…食肉流通の川下領域

連結子会社㈱焼肉の牛太、㈱オーエムツーダイニング及び㈱雄和が行っております。

その他事業（冷蔵倉庫業等）…食肉流通に属さない事業領域

その他事業として、主に連結子会社㈱東冷が冷蔵倉庫業を行っております。

事業の系統図は次のとおりであります。

 




※１. 連結子会社

※２. その他の関係会社

※３. 関連当事者

※４. AURORA PACKING COMPANY,INC.及びFREMONT BEEF COMPANYからは、その他の関係会社丸紅㈱を通じた間接仕入を行っております。

※５. ㈱オーエムツーネットワークは、㈱東京証券取引所（スタンダード市場）に上場いたしております。

※６. ㈱オーエムツーネットワークの連結子会社は、㈱オーエムツーミート、㈱焼肉の牛太、㈱オーエムツーダイニング、㈱マルチョウ神戸屋、オオタ総合食品㈱、㈱雄和の６社であり、㈱オーエムツーミート及び㈱マルチョウ神戸屋及びオオタ総合食品㈱は食肉を中心とした食肉の小売を主たる事業とし、㈱焼肉の牛太及び㈱オーエムツーダイニング及び㈱雄和はレストラン経営を主たる事業としております。"
2293,滝沢ハム株式会社,2026-03-31,"３ 【事業の内容】

当社グループ（当社及び当社の関係会社）は、当社及び連結子会社１社で構成され、食肉及び食肉加工品の製造販売を主な内容としております。

当社グループの事業に係る位置づけは次のとおりです。

 













事業部門



主要な事業



会社名







食肉加工品



ハム・ソーセージ等の製造及び販売



当社







惣菜その他
加工品



レトルト食品、惣菜等の製造販売及び仕入販売



当社







食肉



食肉の仕入、加工及び販売



当社







その他



飲食店の経営



㈱ワールドフードサービス（注）





 


(注) ㈱ワールドフードサービスはコーヒーショップを経営しており、コーヒー販売会社を通じて当社製品を同社に販売しております。

以上の事項を事業の系統図によって示すと次のとおりです。"
2294,株式会社柿安本店,2026-04-30,"３【事業の内容】

当社グループは、当社（株式会社柿安本店）及び子会社１社により構成されており、主に、精肉、惣菜、和菓子、
牛肉しぐれ煮の製造販売及びレストランの運営を行っております。

なお、当社グループの事業内容及び当社と関係会社の当該事業に係る位置付けは次のとおりであります。

次の５部門は「第５ 経理の状況 １ 連結財務諸表等 (1)連結財務諸表 注記事項」に掲げるセグメント情報の区分と同一であります。

 

＜精肉事業＞

［当社］

松阪牛及び自社ブランド「三重 柿安牛」を核に全国のブランド牛肉、豚肉や鶏肉から肉加工品・惣菜類に至る
幅広い品揃えの専門店として展開しております。安全でおいしい牛肉の安定供給のために、厳選された
契約牧場から仕入れ、枝肉加工の社内一貫体制を持ち、徹底した衛生管理・温度管理のもと店舗販売のほか、
産地直送ギフトなどを扱っております。

 

＜惣菜事業＞

［当社］

百貨店を中心とした洋惣菜「柿安ダイニング」や中華惣菜「柿安上海ＤＥＬＩ」をはじめ、看板商品の
黒毛和牛牛めし専門店「柿安 牛めし」や路面店など多様な惣菜業態を展開しております。
主力であるダイニング部門では、お肉や旬の味覚、高品質野菜などの厳選した食材を使用した創作惣菜を、
職人が出来立てのおいしさにこだわり調理しております。色彩豊かな見た目による華やかさを演出するとともに、
安全・安心な商品を提供しております。

 

＜和菓子事業＞

［当社］

ショッピングセンター・駅ビル等の「口福堂」において、おはぎ・どら焼・わらび餅・大福及び団子などの
定番商品に加え、「桜餅」「柏餅」「いちご大福」等の季節・歳時商品を取り揃えた和菓子の製造販売を
行っております。

また、和菓子の他にも、惣菜事業のお弁当やお惣菜も提供している「柿次郎」を高速道路のサービスエリアを
中心に展開しております。

 

＜レストラン事業＞

［株式会社ＫＨフードサービス］

松阪牛のすき焼、しゃぶしゃぶなどの肉料理と懐石料理等の日本料理を主力に趣のある空間で、
最高の接客サービスを提供している「柿安」の料亭部門、こだわりの肉料理をお値打ちに提供している
「柿安 Meat Express」等のフードコート部門、中華料理を提供しているビュッフェ部門、
「グリル＆カレーカキヤス」のグリル部門を展開しております。

 

＜食品事業＞

［当社］

「料亭しぐれ煮」を看板商品として、「柿安しぐれ煮丼」「炊き込みご飯の素」といった利便性の高い
レトルト食品や「瓶詰めシリーズ」のほか、高付加価値商品である「KAKIYASU PREMIUM」シリーズを百貨店、
量販店及び高級スーパーマーケット向けに展開しております。「しぐれ煮」は三重県桑名市に伝わる製法で
素材の味を生かし、佃煮とは異なり柔らかく炊き上げたものであります。当社のしぐれ煮類は、自家需要から
贈答用まで幅広くご利用いただいております。

 

事業の系統図は次のとおりであります。"
2296,伊藤ハム米久ホールディングス株式会社,2026-03-31,"３【事業の内容】

当社グループは、当社、子会社52社、関連会社９社で構成され、食肉加工品（ハム・ソーセージ、調理加工食品）及び食肉等の製造販売を主として事業活動を展開しております。

以下に示す区分は、セグメントと同一の区分であります。

（加工食品事業）

加工食品事業部門は、主にハム・ソーセージ、調理加工食品等の食肉加工品の製造・販売を行っております。

主な関係会社：当社、伊藤ハム㈱、米久㈱、伊藤ハム販売㈱、

伊藤ハム米久プラント㈱及び伊藤ハム米久フーズ㈱

（食肉事業）

食肉事業部門は、主に食肉及び調理加工食品の製造・販売を行っております。

主な関係会社：当社、米久㈱、伊藤ハムミート販売東㈱、伊藤ハムミート販売西㈱及びANZCO FOODS LTD.

（その他事業）

その他事業部門は、子会社２社で構成され、事務代行サービス業などを行っております。

主な関係会社：伊藤ハム米久ヒューマンサービス㈱及び伊藤ハム米久システム㈱

 

事業の系統図は次のとおりであります。

なお、当社は特定上場会社等に該当し、インサイダー取引規制の重要事実の軽微基準のうち、上場会社の規模との対比で定められる数値基準については連結ベースの計数に基づいて判断することとなります。"
2300,株式会社きょくとう,2026-02-28,"３ 【事業の内容】

当社は、ホームクリーニングを主たる業務としております。

なお、当社は、ホームクリーニング業の単一セグメントであるためセグメント別の記載を省略しております。

当社の事業内容は以下の通りであります。

 













ホームクリーニング



ドライクリーニング



ウール、絹、一部化繊等の水が使えない素材の製品を石油系溶剤にオゾンを混入して洗浄し、仕上げる方法。(背広、スカート、セーター等対象)







ランドリー



木綿、麻、一部化繊等の素材の製品を、温水に洗剤等を溶かし洗濯機で洗浄し、仕上げる方法。(ワイシャツ等対象)







商品その他の売上



取次営業所等への販促品の販売及び当社特別会員の年会費





 


(注) 特別会員は一般顧客が営業所において年会費を払って入会をして頂く制度であります。

当社の事業の系統図は、次のとおりであります。

 




 

 

当社の営業形態別店舗数は、次のとおりであります。

(2026年２月28日現在)













経営形態



営業形態



店舗数







直営店



一般店



40







ペリカンズ



71







コインズ



36







準直営店



一般店



28







ペリカンズ



153







コインズ



90







取次店



一般店



50







ペリカンズ



5







コインズ



5







合計



478





 


(注) １ 上記経営形態の特徴は次のとおりであります。

・直営店とは、当社の所有する店舗又は当社が賃貸契約をした店舗で、当社の従業員が営業している店舗。

・準直営店とは、当社の所有する店舗又は当社が賃貸契約をした店舗で、当社と営業契約を結んだ契約者が、営業している店舗。なお、当社は売上高に応じた手数料を契約者に支払います。

・取次店とは、当社と営業契約を結んだ契約者が所有する店舗又は契約者が賃貸契約をした店舗で、契約者が営業している店舗。なお、当社は売上高に応じた手数料を契約者に支払います。

２ 上記営業形態の特徴は次のとおりであります。

・ペリカンズの特別会員にご入会いただくと、特典として、クリーニング料金の10％(プラチナ会員は15％)割引(特殊品及び特殊加工品並びに外注品は除く)を行い、また、サービスチケットで様々な割引サービス（毎月使える「ドライクリーニング３割引券」、お誕生日月に使える「半額サービス券」、「オプション加工無料券」)をご提供しております。

・コインズは、一部の特殊品(外注品を含む)を除き、クリーニング料金を商品毎に利用しやすい価格帯に設定し、サービスチケット（オプション加工無料券）を会員様にご提供しております。

３ 外交(４名)については、取次店の一般店に含めております。"
2301,株式会社学情,2025-10-31,"３【事業の内容】

当社は、第二新卒者及び20代・30代の転職希望者、大学・短大新卒者に対する企業ＰＲ・情報提供サービス業務及び各種採用コンサルティング業務、人材紹介・人材派遣業務を行っております。具体的な商品として、大別して「中途採用集合品」「新卒採用集合品」「新卒採用個別品」の３品目があります。近年、企業のキャリア採用（経験者採用）の流れや、転職を通じてキャリアを形成していくことへの関心が高まっていることを受け、当社では「中途採用集合品」でのサービス提供を強化しています。

当社の主な商品は、以下の通りであります。

主な商品名

サービス内容

商品分類

Ｒｅ就活

20代向け転職情報サイト

中途採用商品

Ｒｅ就活テック

ITエンジニア経験者向け転職サービス（ダイレクトリクルーティングサービス）

Ｒｅ就活30

30代キャリア人材向け転職サービス（ダイレクトリクルーティングサービス）

Ｒｅ就活エージェント

人材紹介

イベント（転職博・就職博など）

合同企業セミナー

新卒採用商品

Ｒｅ就活キャンパス

学生向け就職情報サイト

新卒個別品

採用広報ツールの制作などオーダーメイドでの採用支援

新卒採用個別品

ソーシャルソリューション

官公庁・地方公共団体の事業を受託

 

①中途採用商品

20代向けのインターネット転職情報サイト「Ｒｅ就活」や、ITエンジニア経験者向け転職サービス「Ｒｅ就活テック」、30代キャリア人材向け転職サービス「Ｒｅ就活30」、合同企業セミナー「転職博」、エージェントサービス「Ｒｅ就活エージェント」により、ポテンシャルのある20代・若手即戦力や30代キャリア人材を求める企業と、新たな仕事への挑戦を望む転職希望者の双方の高いニーズに応えることを可能にしています。

②新卒採用商品

インターネット就職情報サイト「Ｒｅ就活キャンパス」、合同企業セミナー「就職博」などを通じて、企業と学生のマッチング・出会いを創出しています。

③新卒採用個別品

個々の学生へ向けて、より強いアピールで直接アプローチできるダイレクトメールの制作・発送代行や、電話によるセミナー参加希望者受付、または、選考途中の学生個々の情報管理など、各企業の採用活動の形態に応じたオーダーメイドの採用アウトソーシング業務を行っております。その他にも、各省庁や地方自治体等公的機関が行う雇用対策事業を受託し、当社が実施するという案件も手がけております。

 

事業系統図は、下記の通りであります。"
2303,株式会社ドーン,2026-05-31,"３ 【事業の内容】


事業内容について

当社は、地理情報システム構築用ソフトウエアのライセンス販売、地理情報システムに係るアプリケーションソフトウエア（以下、「アプリケーション」という。)の受託開発といった創業期からの事業品目を継続するとともに、中核となる領域を、地理情報に関連づけた各種クラウドサービス（SaaS)の開発・提供にシフトし、「安心・安全」をテーマに警察・消防・自治体防災・社会インフラ保全等に関する業務の高度化を実現する独自のクラウドソリューションを展開しております。

なお、当社は情報サービス事業の単一セグメントであります。

 


① クラウドサービス（SaaS)の提供について

主に、警察・消防・自治体防災・社会インフラ保全等の官公庁等の業務に係る各種情報を地理情報に関連づけて配信するクラウドサービス（インターネット回線を通じてソフトウエアを配信し、ユーザーの利用に供するサービス）を行っております。


＜主な自社サービス＞













サービス名称



主な販売先



サービス概要







NET119緊急通報システム



地方自治体及び消防本部



2010年４月よりサービスを開始した「緊急通報システムWeb119」の広域対応版。言語や聴覚に障害がある方が、スマートフォン等のGPS機能を利用し、簡単な画面操作で素早く119番通報をすることができるサービス







Live119・Live118・Live110（映像通報システム）



消防本部、海上保安庁及び警察本部



2020年７月よりLive119サービス開始。119番通報など緊急通報時の現場の映像を撮影・伝達することで視覚的な情報をリアルタイムに収集でき、救命・救急等を支援するシステム







Live-X（映像通話システム）



地方自治体及び民間企業



2021年４月よりサービス開始。スマートフォンが撮影する映像を介した相談業務を行うことで、非接触・遠隔での行政対応を実現するシステム







DMaCS（災害情報共有サービス）



地方自治体



2017年４月よりサービス開始。大規模災害時に被害情報や避難所・物資管理等の情報を共有し、迅速な災害対策を支援するサービス







まちかど案内 まちづくり地図



地方自治体及び

警察等の官公庁



2005年10月よりサービス開始。地方自治体や警察等の公的機関が保有する様々な地図情報（防犯・防災、観光、公的施設、環境等）を住民等に対して公開するサービス







まちかど地図Pro



地方自治体



2009年５月よりサービス開始。地方自治体の庁内各課で保有する地図情報等を共有し、庁内の資産を低コストで有効に活用する仕組みを提供







Mailio（メッセージ配信サービス）



地方自治体



2021年10月よりサービス開始。電子メールを含む各種ネットワークメディアを用いたメッセージの一斉配信を行い、地方自治体の業務等に関連する適時の情報伝達を支援するシステム







防犯アプリ



警察本部



2016年３月よりサービス開始。犯罪発生情報の配信に加え、女性や子供の安全を守る「痴漢撃退」や「ココ通知」機能などを搭載するなど、各警察本部専用の防犯情報等を配信するサービス







防災アプリ



地方自治体



2016年４月よりサービス開始。防災情報の配信に加え、開設中の避難所へのルート案内、防災知識を学べる各種コンテンツなどを搭載するなど、各自治体専用の防災情報等を配信するサービス







AED GO（AED運搬支援システム）



地方自治体及び消防本部



2018年７月よりサービス開始。119番通報と連携し、救急車が到着する前に救命ボランティアが素早くAEDを運搬し、現場に駆けつけることで救命率の向上を目指したサービス







消防アプリ「RED」



地方自治体及び消防本部



2026年１月よりサービス開始。発災通知から参集、活動記録・報告までを一元管理し、消防職団員の迅速かつ的確な活動を支援するサービス





 


表に掲示したもの以外にも、感染症サーベイランス情報を収集・共有する「感染症危機管理システム」等、官公庁等の業務を支援する各種のクラウドサービスを提供しております。なお、行政が扱う情報の多くは地理的な位置に関係したものであるため、各種クラウドサービスの機能には、創業期からの地理情報システム事業における技術やノウハウが生かされています。

 


＜クラウドサービスに係る営業形態＞

クラウドサービスは、主なユーザーである官公庁から直接受注する形態が多く、その場合は、一般競争入札を経ることが一般的であります。

当社と官公庁との契約は、官公庁の予算に合わせ１年契約を毎年更新する場合が一般的ですが、複数年にわたる長期契約を締結する場合もあります。

クラウドサービスの売上は、サービス開始前に環境を構築する請負の対価（初期構築費）とサービス提供期間中に継続的に受領する月額利用料により構成されます。

 


② SI（初期・保守）について

地理情報に関連する各種システムの受託開発・保守を行っております。

例えば、当社の地理情報システム構築用ソフトウエア（「GeoBase(ジオベース)」「GeoBase.NET」）を用いた受託開発・保守案件としては、電力事業者の設備管理用のシステムを中心に継続的に受注しております。

また、オンプレミス環境（情報システムの利用に必要となるサーバー等の機器をユーザーの管理下に設置する従来型の運用形態）でのシステム開発・保守も行っており、取り扱う情報や業務の性質上クラウド環境で運用する形態に適さないもの（例えば警察業務に関するシステム等）について、ユーザーが定める仕様に基づいて開発する案件等がございます。

なお、SI初期開発案件の納品においては、顧客の要望により、デジタル地図やハードウエア等の仕入れ販売を併せて行うケースがあります。

 


＜SI（初期・保守）に係る営業形態＞

クラウドサービスと同様、ユーザーである官公庁や電力事業者から直接受注する形態が多く、官公庁から受注する場合は、一般競争入札を経ることが一般的であります。

当社と各顧客との契約は、顧客（大手企業や官公庁等）の決算期が集中する３月末にかけて売上計上される案件が多いため、第３又は第４四半期会計期間に売上計上が偏重する傾向があります。

SI（初期・保守）の売上は、サービス開始前に環境を構築する請負の対価（初期開発費）とサービス提供期間中に継続的に受領する対価（運用保守費）により構成されます。

 


③ 地理情報システム構築用ソフトウエアのライセンス販売について

GIS（Geographic Information System)の訳語である地理情報システムは、電子地図を背景として地理的な位置の情報に属性データ(空間データともいう。)を重ね合わせ、統合的に処理・分析を行い、表示するシステムであり、主に、地方公共団体等の官公庁における防災・都市計画、医療・福祉・教育等の分野で利用されているほか、民間の施設管理や出店計画等にも利用されております。

 


＜ライセンス販売の営業形態について＞

当社は、自社製の地理情報システム構築用ソフトウエア（「GeoBase」「GeoBase.NET」）を、エンドユーザーの仕様にあわせたアプリケーションとして開発する企業に対し、ライセンス販売を行っております。

販売先であるソフトウエア開発事業者・総合電機メーカー・測量又は建設土木に関するコンサルタント及び電力等のインフラ関連事業者（以下、「SI事業者等」という。）が当社製品をもとに地理情報システムを開発し、地方自治体等の官公庁及び電力・通信事業者等のインフラ系事業者といったユーザーに提供することに対し、当社がロイヤリティを受け取る契約形態をとっております。

当社の「GeoBase」及び「GeoBase.NET」は、地理情報システムを構築するためのソフトウエアであり、単体のソフトウエアとして地理情報システムの機能を有するものではなく、当該製品を組み込み、エンドユーザーの用途に必要な機能や仕様に応じたアプリケーションを開発するための部品を組み合わせたもの（アプリケーションを構成する関数の集合体）であり、一般にエンジンとも呼ばれる基幹部分の機能が含まれております。

 






 

 

④ 品目別の売上構成の推移について

「第一部 企業情報 第１ 企業の概況 ２ 沿革」に記載のとおり、1994年から開始している地理情報システム構築用ソフトウエアのライセンス販売及び当該ソフトウエアを用いた受託開発については、長年にわたり当社の主力となる事業でしたが、近年、従来の構築型やパッケージ型のシステムからクラウドサービスへと利用形態が変化しております。当社も2005年からクラウドサービスの提供を開始し、主に地方自治体の防犯や防災分野で利用するクラウドサービスの提供に注力しており、クラウド利用料、クラウド初期構築に関する売上が着々と増加し、品目別の売上構成が変化しております。


＜各事業年度の売上高を100％とした場合の品目別の売上構成＞"
2304,株式会社ＣＳＳホールディングス,2025-09-30,"３【事業の内容】

当社グループ（当社及び当社の関係会社）は、当社、連結子会社７社、持分法非適用非連結子会社１社により構成されており、以下を主たる業務としております。

なお、次の区分は「第５ 経理の状況 １ 連結財務諸表等 (１)連結財務諸表 注記事項」に掲げるセグメントの区分と同一であります。

 

(1）スチュワード事業

当事業は、ホテル・レストランにおける食器洗浄を中心としたスチュワード管理を全国展開している当社グループの中核事業であります。

(2）フードサービス事業

当事業は、従業員食堂運営及びレストラン運営・高齢者施設等給食運営などフードサービスに係る総合給食事業を全国展開しております。

(3）空間プロデュース事業

当事業は、音楽関連事業と、セキュリティーシステム、音響映像システム等の販売・施工、業務用音響機器の輸入・販売を幅広い顧客層に展開しております。

(4）その他

報告セグメントに含まれない事業セグメントであり、総務・人事・経理管理事業等を含んでおります。

 

なお、当社は、有価証券の取引等の規制に関する内閣府令第49条第２項に規定する特定上場会社等に該当しており、これにより、インサイダー取引規制の重要事実の軽微基準については連結ベースの数値に基づいて判断することとなります。

 

 

［事業系統図］

事業系統図は、次のとおりであります。

 

 

 

（注）無印 連結子会社

※１ 非連結子会社で持分法非適用会社"
2305,株式会社スタジオアリス,2026-02-28,"３【事業の内容】

当社グループ（当社及び当社の関係会社）は、当社（株式会社スタジオアリス）、子会社５社、その他の関係会社２社により構成されており、写真事業及び衣装製造卸売事業を主たる事業としております。

当社グループの事業内容及び当社と関係会社の当該事業に係る位置付けは次のとおりであります。

なお、以下の事業区分は「第５ 経理の状況 １ 連結財務諸表等 （１）連結財務諸表 注記事項」に掲げるセグメントの区分と同一であります。

以上述べた事項を事業系統図によって示すと次のとおりであります。"
2307,株式会社クロスキャット,2026-03-31,"３ 【事業の内容】

当社グループ（当社及び当社の関係会社）は、当社及び連結子会社３社（株式会社クロスユーアイエス、株式会社クロスアクティブ及び株式会社クロスリード）によって構成されております。

当社グループの事業内容は、情報サービス事業並びにこれらの付帯業務の単一事業であり、セグメント別の記載を省略しておりますが、事業内容と位置づけは次のとおりであります。システムソリューションの開発におきましては、当社から株式会社クロスユーアイエス、株式会社クロスアクティブ及び株式会社クロスリードに開発業務の一部を委託しております。














区 分



主要な事業内容



会社名







システム
ソリューション



システム開発



○ ソフトウェア開発
○ システム運用、保守
○ テクニカルサポート
○ システムコンサルティング
○ インフラサポート



当社
株式会社クロスユーアイエス
株式会社クロスアクティブ
株式会社クロスリード







BIビジネス



○ BI導入コンサルティング
○ BI開発、実装支援
○ BI/DB高速化
○ BI教育



当社
株式会社クロスユーアイエス
株式会社クロスアクティブ
株式会社クロスリード







その他



○ オリジナルソリューション販売
○ オリジナルパッケージ販売
○ ソフトウェアプロダクト販売
○ ハードウェア機器販売
○ ハードウェア保守管理
○ ITに関する教育



当社
株式会社クロスユーアイエス
株式会社クロスアクティブ
株式会社クロスリード







スタッフサービス



○ 技術系派遣
○ 事務系派遣
○ アウトソーシング
○ 職業紹介



当社





 


（注）BIはBusiness Intelligenceの略であり、企業にとって経営情報を可視化・分析することで経営の革新や効率化を実現させるための情報活用を指します。当社では、最適なBI活用を可能とする導入コンサルティングから開発、実装支援を行っております。

 

[事業系統図]

以上述べた事項を事業系統図によって示すと次のとおりであります。"
2311,株式会社エプコ,2025-12-31,"３ 【事業の内容】

当社グループは当社(株式会社エプコ)及び子会社３社及び関連会社３社により構成されており、住宅分野及びエネルギー分野を主たる事業領域として再エネサービス、メンテナンスサービス及び設計サービスを主な事業としております。

当社及び当社の関係会社の事業における当社及び関係会社の位置付け及びセグメントとの関連は、次のとおりであります。以下に示す区分は、セグメントと同一の区分であります。

 


(1) 再エネサービス

当社グループは、主に新築・既存住宅における省エネルギー化に関する企画、提案、設計及び施工業務を提供しております。住宅分野においても低炭素化(ゼロエネルギー住宅の普及促進)、省エネルギー化に対する社会的ニーズが重要視される中、太陽光発電システムや蓄電池、オール電化設備など、創エネ・畜エネ・省エネを実現する設備を住宅に設置することで、脱炭素社会の実現と自然災害に強い住まいを提供することを目指しております。

 

再エネサービスは、日本市場及び海外市場に応じて様々な大手企業と合弁事業を運営することで、合弁パートナー各社及び当社グループの強みを活かした事業成長を図る方針です。

日本市場における主な取り組みとしては、①東京電力エナジーパートナー株式会社との合弁会社であるTEPCOホームテック株式会社(持分法適用会社、当社株式保有比率49.0％)、②当社の100％子会社であり、戦略的施工会社として位置付けている株式会社ENE'sにて事業を運営しております。

海外市場における主な取り組みとしては、香港市場に上場している中国最大の住設管材メーカーであるCHINA LESSO GROUPとの間で太陽光発電事業を推進するための合弁会社、広東聯塑艾博科住宅設備設計服務有限公司（持分法適用会社、当社株式保有比率50.0％）を立上げ、事業を運営しております。

 


(2) メンテナンスサービス

当社グループは、住宅会社から既設住宅を対象としたカスタマーセンター業務を受託しております。住宅会社は住宅を購入したお客様からのアフターメンテナンスやリフォームに関する要望に応えるべくお問い合わせ窓口(カスタマーセンター)を設ける必要があります。これに対し、当社グループは住宅会社からカスタマーセンター業務を受託して、新築段階で作成した住宅の設計図をデータベース化し、当社の専門スタッフが24時間365日、住宅全般のメンテナンスに関する相談や依頼を受け付けて、必要に応じた修理やメンテナンス手配(ダイレクト手配)を実施しております。

 

加えて、当社グループでは、得意先である住宅会社の顧客(施主様)ごとに顧客情報を一元管理しており、アフターメンテナンス等に係わる全ての情報を維持・更新することで、長期にわたる顧客管理を支援しております。当社グループが提供する顧客管理システムサービスは、見込顧客(施主)情報から、各物件の図面や設置している設備情報、引き渡し後の対応履歴まで幅広い顧客情報を管理することが可能となり、住宅会社・工務店の業務効率向上だけでなく、スピーディーな顧客対応やタイミングの良い提案を実現することで顧客満足度の向上に資するものであります。また、当該顧客情報を活用し、住宅会社のメンテナンス・リフォーム受注拡大を目的とした顧客に対するアウトバウンドサービスを提供しております。

 

 


(3) 設計サービス

低層住宅を新築する際に、工事コスト・作業工数の削減及び工事品質の向上を実現するため、当社とアライアンス関係にある設備機器メーカーや建築建材商社等と連携して、住宅会社等に対して設計及びコンサルティングサービスを提供しております。主要なサービスは下記のとおりです。



①  給排水設備設計

当社グループが提供する給排水設備設計サービスは、設備設計から工事積算、部材情報提供まで対応しており、給排水設備図面と維持管理に必要な部材加工情報等を提供しております。また、施工性に優れ、維持管理が容易な標準化部材をメーカーと共同開発しており、工事品質の向上・工期短縮・コスト低減に寄与しております。

当社グループが詳細な設備設計図を作成することで、現場の施工品質が向上するとともに、工期の短縮や部材の効率的な使用等による工事コスト削減が実現されます。さらに、設備設計図が保管されることで、リフォームやメンテナンスの際の工事計画や工事金額の算定が容易になります。

また、設計受託体制については、大量な設計依頼に対してスピーディーかつ高品質な対応を図るため、東京、沖縄、グループ会社である中国CADセンターが連携して設計業務に従事しております。



②  電気設備設計

当社グループが提供する電気設備設計サービスは、電気設備と分電盤の設備図面作成から、工事原価積算書や部材リストの作成及び部材発送まで支援するものであり、一般の戸建・集合住宅だけでなく、太陽光発電システムやHEMSなどを採用したスマートハウスの電気設備設計にも対応しております。

また、設計受託体制については、大量な設計依頼に対してスピーディーかつ高品質な対応を図るため、東京、沖縄、グループ会社である中国CADセンターが連携して設計業務に従事しております。



③ 太陽光発電に関する設計、経済シミュレーション業務の受託・開発

当社グループは、主に太陽光パネルメーカーより太陽光発電に関する設計・経済シミュレーション業務を受託しております。当該サービスは、当社グループが開発した太陽光パネルの効果的な割付検証及び太陽光発電の年間予測発電量を高精度にシミュレートするシステムを活用することにより、お客様のコスト削減及び納期短縮に資するものであります。



④  その他設計

現在、当社グループでは、住宅会社を始めとする様々な得意先から前述①及び②の設備設計以外にも様々な分野の設計業務を受託しております。主な受託内容としては、住宅の営業段階における施主様に対するプレゼン資料(建築平面図、外観内観パース等)作成業務や、建築及び意匠設計の作図支援業務等が挙げられます。

昨今の建築業界における人手不足の影響により、当社グループに対する様々な設計依頼が増加していることから、当社が提供する設計サービスラインは増加傾向にあります。

 

以上の事項をセグメント別に当社グループの事業内容及び当社と関係会社の当該事業に係る位置付けを記載いたしますと、以下のとおりであります。

 













セグメントの名称



会社



主な事業内容







再エネサービス



TEPCOホームテック(株)



新築・既存住宅の省エネルギー化に関する企画、提案、設計及び施工業務







(株)ENE's



太陽光発電システムに関する施工業務

蓄電池に関する施工業務







広東聯塑艾博科住宅設備設計服務有限公司

深圳艾科築業工程技術有限公司



海外（主に中国）市場向け太陽光発電システムに関する設計及びメンテナンス業務







メンテナンスサービス



(株)エプコ(当社)



コールセンター運営及び顧客情報管理業務







設計サービス



(株)エプコ(当社)

艾博科建築設備設計
(吉林)有限公司

EPCO(HK)LIMITED



給排水設備設計の受託業務

電気設備設計の受託業務

その他設計の受託業務





 


 

［事業系統図］

事業の系統図は下記のとおりであります。













設計サービス



メンテナンスサービス



再エネサービス







株式会社エプコ



株式会社エプコ



 







 



 



 







連結子会社



 



連結子会社







EPCO(HK)LIMITED



 



株式会社ENE's







艾博科建築設備設計(吉林)有限公司



 



 







 



 



 







 



 



持分法適用会社







 



 



TEPCOホームテック株式会社







 



 



広東聯塑艾博科住宅設備設計服務有限公司







 



 



深圳艾科築業工程技術有限公司





 

















顧 客"
2315,株式会社ＣＡＩＣＡ　ＤＩＧＩＴＡＬ,2025-10-31,"３ 【事業の内容】

当社グループ（当社及び当社の関係会社）は、当社、連結子会社６社で構成されており、主に「ITサービス事業」と「金融サービス事業」を展開しております。

なお、当社は、有価証券の取引等の規制に関する内閣府令第49条第２項に規定する特定上場会社等に該当しており、これにより、インサイダー取引規制の重要事実の軽微基準については連結ベースの数値に基づいて判断することとなります。

また、当連結会計年度において、報告セグメントの区分を変更しております。詳細は、「第５ 経理の状況 １ 連結財務諸表 （１）連結財務諸表 注記事項（セグメント情報等）セグメント情報」の「２ 報告セグメントの変更等に関する事項」をご参照ください。

 

各事業の内容は以下のとおりであります。

(１)事業内容












事業の内容



内容







ITサービス



・システム開発

・システムに関するコンサルティング

・システムのメンテナンス・サポート

・暗号資産に関するシステムの研究、開発、販売及びコンサルティング

・企業サポートプラットフォームの運営及びその運営に係るシステム開発、
ソフトウェアの販売及びサイトの企画、制作、管理







金融サービス



・暗号資産の投資、運用

・NFT販売所の運営

・親会社及び関係会社のための管理、サポート業務等







IoT関連事業



・各種無線方式を適用した通信機器の開発、販売

・上記にかかわるシステムソリューション提供及び保守サービス







その他



・暗号資産関連コンテンツの提供を行うメディア事業







全社（共通）



・グループ会社の管理運営業務等





 


（注）１．子会社であった株式会社カイカファイナンスは、2025年２月に解散及び清算を決議し、2025年５月に清算結了いたしました。

２．IoT関連事業を営む株式会社ネクスは2026年10月期より損益計算書を連結いたします。

 

 

(２)当社、子会社及び関連会社のセグメントとの関連













セグメントの名称



国内



海外







ITサービス



 

㈱ＣＡＩＣＡテクノロジーズ

（システム開発事業、暗号資産に関するシステムの研究・開発・販売及びコンサルティング事業）

 



 







金融サービス



 

㈱ＣＡＩＣＡ ＤＩＧＩＴＡＬ

(暗号資産の投融資、運用事業)

 

㈱EWJ

 (親会社及び関係会社のための管理、サポート業務等)

 

㈱カイカフィナンシャルホールディングス

(金融サービス事業を統括する中間持株会社、NFT販売所の運営及び暗号資産の投融資、運用事業)

 



 

EWARRANT FUND LTD.

 ＜略称：EWF＞

(中間持株会社SJ Asia Pacific Limitedの株式の一部保有)

 







IoT関連事業



 

㈱ネクス

（各種無線方式を適用した通信機器の開発、販売、それらにかかわるシステムソリューション提供及び保守サービス）



 







その他



 

㈱ＣＡＩＣＡ ＤＩＧＩＴＡＬ

（暗号資産関連コンテンツの提供を行うメディア事業）

 



 







全社(共通)



 

㈱ＣＡＩＣＡ ＤＩＧＩＴＡＬ

(ＣＡＩＣＡグループの管理運営)

 



 

SJ Asia Pacific Limited

＜略称：SJAP＞

 (中間持株会社)

 





 


（注）１．子会社であった株式会社カイカファイナンスは、2025年２月に解散及び清算を決議し、2025年５月に清算結了いたしました。

２．IoT関連事業を営む株式会社ネクスは2026年10月期より損益計算書を連結いたします。

 

 

事業系統図は、次のとおりであります。"
2317,株式会社システナ,2026-03-31,"３【事業の内容】

当社グループ（当社および当社の関係会社）は、当社ならびに連結子会社９社（株式会社ProVision、東京都ビジネスサービス株式会社、株式会社GaYa、株式会社シンクロジック、株式会社IDY、株式会社ティービーエスオペレーション、Systena America Inc.、Systena Vietnam Co.,Ltd.、ProVision VN Co., Ltd.）および持分法適用関連会社３社（HISホールディングス株式会社、StrongKey,Inc.、ONE Tech,Inc.）より構成されており、事業内容は以下のとおりとなっております。

なお、当連結会計年度において、株式会社ミンガルは清算結了したため、連結の範囲から除外しております。

また、当連結会計年度より報告セグメントの区分を変更しております。詳細は、「第５ 経理の状況 １ 連結財務諸表等 （1）連結財務諸表 注記事項（セグメント情報等）」に記載のとおりであります。

セグメントの名称

事業内容

次世代モビリティ事業

当社において、完成車メーカーやサプライヤー向けを中心に、自動車業界へのエンジニアリングおよびMaaSなどの自社サービスの提供を行っております。

プロジェクトマネジメントデザイン事業

当社において、各種プロダクト製品、通信事業者サービスの企画・設計・開発・検証支援。ネットビジネス、業務用アプリ、Webサービス、社会インフラ関連システム、IoT、人工知能、ロボット関連サービスの企画・設計・開発・検証支援を行っております。

デジタルインテグレーション事業

当社において、金融系（生損保、銀行）、公共・法人系の基幹システム開発。DXソリューションの導入／インフラ構築／システム運用。インフラコンサルティングサービスを行っております。

IT＆DXサービス事業

当社、子会社の㈱ProVision、東京都ビジネスサービス㈱、㈱ティービーエスオペレーション、およびProVision VN Co., Ltd.において、システムやネットワークの運用・保守・監視、ヘルプデスク・ユーザーサポート、データ入力、大量出力などのITアウトソーシングサービスの提供を行っております。

ビジネスソリューション事業

当社において、サーバー、パソコン、周辺機器、ソフトウェアなどIT関連商品の企業向け販売。基盤構築、仮想化などIT機器に関わるサービスの提供。RPA、BIツール等プロダクト導入サービスの企画・開発・提供を行っております。

DX＆ストック型ビジネス事業

当社において、自社サービス「Canbus.＼キャンバスドット」、「Cloudstep」、「Web Shelter」の提供。「Google Workspace」、「Microsoft 365」などクラウド型サービスの提供・導入支援を行っております。

その他事業

子会社の㈱GaYa、㈱シンクロジック、㈱IDY、Systena America Inc.、Systena Vietnam Co.,Ltd.および関連会社StrongKey,Inc.、ONE Tech,Inc.において、モバイル通信関連技術支援、開発・検証支援、各種ソリューションの提供、最新技術やサービスの動向調査および事業化を行っております。

 

上記の状況を事業系統図によって示すと以下のとおりであります。

事業系統図"
231A,Ｃｒｏｓｓ　Ｅホールディングス株式会社,2025-09-30,"３【事業の内容】

当社グループは、当社及び連結子会社２社（ハウステンボス・技術センター株式会社及び西日本エンジニアリング株式会社）の計３社で構成されており、当社は2022年11月に設立された純粋持株会社であります。

なお、当社は、有価証券の取引等の規制に関する内閣府令（平成19年内閣府令第59号）第49条第２項に規定する特定上場会社等に該当しており、これにより、インサイダー取引規制の重要事実の軽微基準については連結ベースの数値に基づいて判断することとなります。

当社グループは、建設及び機械設置工事事業並びにファシリティ・マネジメント事業を主たる事業としております。

（１）建設及び機械設置工事事業

建設及び機械設置工事事業の事業内容は、産業用機械の設置、建物・構造物建設等の各種建設工事であり、産業用機械設置工事分野及び建物・構造物建設工事分野に区分されます。

産業用機械設置工事分野では、自治体等が所有する廃棄物焼却施設・資源リサイクル施設等の新設、更新及びメンテナンス工事並びに民間企業の所有する製造工場のプラント機器据付工事、配管工事及びメンテナンス工事を行っております。当該分野の顧客は、自治体及び民間企業を対象にしております。

また、建物・構造物建設工事分野では、各種施設の建設、設備の新設、更新工事等を行っております。当該分野の顧客は、ハウステンボス株式会社を始めとした民間企業、自治体及び個人を対象にしております。

当社グループでは、西日本エンジニアリング株式会社及びハウステンボス・技術センター株式会社が当事業を担っております。

 

（２）ファシリティ・マネジメント事業

ファシリティ・マネジメント事業の事業内容は、各種施設の施設管理であります。ハウステンボス株式会社のテーマパーク施設及び宿泊施設を始め、長崎県、佐世保市等の公共施設、民間施設等の各種施設の指定管理者業務又は施設管理業務を行っております。

当社グループでは、ハウステンボス・技術センター株式会社が当事業を担っております。"
2321,株式会社ソフトフロントホールディングス,2026-03-31,"３【事業の内容】

当社グループ（当社及び当社の関係会社）は、当社（株式会社ソフトフロントホールディングス）及び子会社４社により構成されており、コミュニケーションソフトウェア・サービスの提供及びＡＩデータセンター関連事業、クリーンエネルギー事業を主たる業務としております。

なお、当社は有価証券の取引等の規制に関する内閣府令第49条第２項に規定する特定上場会社等に該当しており、これにより、インサイダー取引規制の重要事実の軽微基準については連結ベースの数値に基づいて判断することになります。

また、当社グループの報告セグメントは、従来「コミュニケーション・プラットフォーム関連事業」の単一セグメントでありましたが、当連結会計年度において新たに開始した「ＡＩデータセンター関連事業」を報告セグメントとして追加しております。なお、「第５ 経理の状況 １ 連結財務諸表等 （1）連結財務諸表 注記事項」に掲げるセグメントの区分と同一であります。

当社グループの事業内容及び当社と関係会社の当該事業に係る位置付けは次のとおりであります。

上記事項に基づく事業の系統図は次のとおりであります。"
2323,株式会社ｆｏｎｆｕｎ,2026-03-31,"３【事業の内容】

当社グループは、子会社１社、持分法適用会社２社のグループ構成となっており、情報サービス業として、「クラウドソリューション事業」及び「DXソリューション事業」の２つのセグメントを軸に事業を展開しております。

当社及び当社の関係会社の事業における当社及び関係会社の位置付け及びセグメントとの関連は、以下のとおりであります。なお、以下に示す区分は、セグメントと同一の区分であります。

クラウドソリューション事業におきましては、法人及び個人のお客様に対し、コミュニケーションの円滑化、業務効率の向上、多様な情報アクセスを実現するクラウドベースの各種サービス、アプリケーション及びソフトウェアの企画、開発、提供を行っております。当事業には、従来からの強みである携帯電話やパソコン向けのインターネットサービスやコンテンツ配信も含まれております。

DXソリューション事業におきましては、企業のデジタルトランスフォーメーション（DX）推進を支援するため、コンサルティングからシステム開発、各種業務プロセスのデジタル化を促進するソリューション及びソフトウェアの企画、開発、提供を行っております。M&Aを通じて獲得した新たな技術やサービスも活用し、お客様の事業価値向上に貢献してまいります。

 

各事業における当社及び当社関係会社の位置付け及びセグメントとの関連は次のとおりであります。

セグメントの名称

事業内容

主なグループ会社

クラウドソリューション事業

多様なSaaS提供を通じ、企業の業務効率化やプロセス最適化を支援する事業

当社

株式会社ソリッド・ネット

DXソリューション事業

企業のDX推進を、システム開発から導入・運用まで一貫して技術支援する事業

当社

株式会社YNP

 

事業の系統図は、以下のとおりであります。"
2325,株式会社ＮＪＳ,2025-12-31,"３ 【事業の内容】

当社グループは、当社、子会社13社、関連会社３社及びその他の関係会社１社で構成され、水と環境に係るさまざまなニーズに応える「水と環境のオペレーションカンパニー」として、国内・海外の上水道、下水道及び環境・その他に関連する業務を主な事業内容として行っています。

当社グループの事業内容及び当社と関係会社の当該事業に係る位置付けは次のとおりです。

なお、次の２部門は「第５ 経理の状況 １ 連結財務諸表等 (1) 連結財務諸表 注記事項」に掲げるセグメントの区分と同一です。

 













部門



会社名



事業内容







国

内

業

務



㈱ＮＪＳ

(連結子会社)

㈱水道アセットサービス

オリオンプラントサービス㈱

日本Ｘ線検査㈱

㈱クリンパートナーズ須崎

㈱北王インフラサイエンス

㈱ＦＩＮＤｉ

冨洋設計㈱

㈱ドート

CDCアクアサービス㈱



日本国内及び海外で次の事業を行っています。

①上下水道等のインフラのライフサイクルを通したコンサルティングとソフトウェアの開発・提供

②調査・設計・施工管理・経営コンサルティング

③防災減災対策、環境計画、環境アセスメント

④上下水道等の事業運営に関するサポート業務

⑤住民サービス・財務会計処理・総合施設管理

⑥企業会計移行・官民連携サービス・経営改善支援

⑦上下水道等の海外コンサルティング事業







海

外

業

務



㈱ＮＪＳ

(連結子会社)

NJS USA Inc.

NJS CONSULTANTS(OMAN),L.L.C.

NJS ENGINEERS INDIA PVT.LTD.

NJSEI AUSTRALIA PTY.LTD.





 


 

(注)１.NJS CONSULTANTS(OMAN),L.L.C.は現在清算中です。

２.CDCアクアサービス㈱は、当連結会計年度において株式取得により完全子会社としたため、新たに連結子会社

となりました。

３.NJSEI AUSTRALIA PTY.LTD.は当社の子会社であるNJS ENGINEERS INDIA PVT.LTD.80％出資の子会社であり、

       議決権比率を間接所有しています。

 

 

取引形態による事業の系統図は、次のとおりです。"
2326,デジタルアーツ株式会社,2026-03-31,"３ 【事業の内容】

当社グループは、当社及び連結子会社３社により構成され、Webセキュリティ、メールセキュリティ、及びファイル暗号化・遠隔削除ソリューションの企画・開発・販売等を主要な事業としております。

[当社と連結子会社の事業における位置付け]













名称



主要な事業内容







当社



インターネットセキュリティ関連ソフトウエア及びアプライアンス製品の企画・開発・販売







Digital Arts Asia Pacific Pte. Ltd.



「FinalCode」(ファイル暗号化・遠隔削除ソリューション)の販売





 


 

インターネット、クラウドサービス、電子メール等は、企業、公共機関、教育機関をはじめとする多くの組織において、情報収集、業務遂行、コミュニケーション、教育活動等に不可欠な社会基盤となっております。一方で、インターネット上には様々な情報が氾濫しており、マルウェア感染、フィッシング、不正アクセス、なりすまし、情報漏洩等につながる脅威も存在しております。また、電子メールについても、誤送信による情報漏洩、標的型攻撃メールやフィッシングメールの受信、添付ファイルやURLを悪用したマルウェア感染等、多くのセキュリティ課題を抱えております。さらに、クラウドサービスの利用拡大、社外からのシステム利用の定着、生成AI等の新たな技術の業務利用の進展に伴い、認証、アクセス制御、通信制御、データ保護、ログ管理等を組み合わせたセキュリティ対策の重要性が高まっております。
このような環境の下、当社グループは、Webセキュリティ、メールセキュリティ、認証・アクセス制御、データ保護等を中心としたセキュリティ事業を展開しております。主力製品であるWebセキュリティ製品「i-FILTER」及びメールセキュリティ製品「m-FILTER」においては、国内で検索可能なURLや、安全な送信元であると判定したメール情報等を網羅したデータベース及び独自の攻撃対策機能を活用し、既知の脅威のみならず未知の脅威や攻撃にも対応する「ホワイト運用」を、ソフトウエア及びクラウドサービスとして提供しております。
また、ファイル暗号化と追跡管理機能を搭載したIRMソリューション「FinalCode」、重要情報を安全に転送するデータ保護・ファイル転送ソリューション「f-FILTER」、シングルサインオン及び多要素認証等を提供する統合認証プラットフォーム「a-FILTER」、通信・アクセス制御、クラウドサービス利用の管理、認証管理等を組み合わせて提供するネットワークセキュリティ製品「Z-FILTER」等を展開し、企業、公共機関、教育機関等における多様なセキュリティ課題に対応するソリューションラインアップの拡充を進めております。
今後も当社グループは、独自データベースに基づくWeb・メール等の制御技術及び大規模な導入・運用で培った知見を基盤として、インターネット利用、電子メール利用、クラウドサービス利用、認証・アクセス制御、データ保護等に伴う多様なセキュリティリスクに対応する製品・サービスを提供し、企業、公共機関、教育機関等における安全なデジタル活用を支援してまいります。
なお、当社グループは、区分すべき事業セグメントが存在しないため、報告セグメントはセキュリティ事業単一となっております。

 

 

[主要製品]

 













ユーザー区分



主要製品



会社名







企業向け



・「i-FILTER」(Webセキュリティ)

・「m-FILTER」(メールセキュリティ)

・「FinalCode」

（ファイル暗号化・遠隔削除ソリューション)

・「DigitalArts@Cloud」

（Web・メール・ファイルを網羅したクラウド

セキュリティ）

・「f-FILTER」

（データ保護・ファイル転送ソリューション）

・「a-FILTER」（統合認証プラットフォーム）
・「Z-FILTER」（ネットワークセキュリティ）等



当社

 

 

Digital Arts Asia Pacific Pte. Ltd.

※「FinalCode」

（ファイル暗号化・遠隔削除ソリューション)のみ販売・サポート







公共向け



・「i-FILTER」(Webセキュリティ)

・「m-FILTER」(メールセキュリティ)

・「FinalCode」

（ファイル暗号化・遠隔削除ソリューション)

・「DigitalArts@Cloud」

（Web・メール・ファイルを網羅したクラウド

セキュリティ）

・「f-FILTER」

（データ保護・ファイル転送ソリューション）

・「a-FILTER」（統合認証プラットフォーム）
・「Z-FILTER」（ネットワークセキュリティ）等
 



当社







家庭向け



・「i-フィルター」(家庭向け総合セキュリティ)



当社





 


 

[主要製品の特徴]













主要製品



特徴







「i-FILTER」



Webフィルタリングを通じた情報漏洩対策・標的型攻撃対策セキュリティ。

Webフィルタリングとは、ホワイトリスト方式のデータベース（DB）を利用してDBに登録のない脅威URLへのアクセスを遮断したり、職務上または教育上、閲覧することが不適切なアダルトサイト等のようなWebサイトをカテゴライズして、組織のポリシーに則してユーザーに閲覧させなくする（フィルタリングする）機能。

 

[主要用途]

・標的型攻撃対策

・水飲み場攻撃対策

・フィッシングサイト対策

・Webアクセス制御

・アクセスログ監視







「m-FILTER」



メールフィルタリング、メールアーカイブ、アンチスパム機能から成り立ち、標的型攻撃対策、誤送信対策等の情報漏洩対策、全文保存と管理による内部統制推進、スパムメール対策による業務効率向上が可能。

メールフィルタリングとは、安全な「送信元」を格納したホワイトリストDBを持ち、送信元の安全性判定を実施しさらに「添付ファイル」や「本文」の偽装を判定することで、標的型メールをユーザーに受信させず安全なメールだけを受信する機能に加え、メール送信時に上長承認や一定期間の送信遅延機能を利用することで意図的・偶発的な情報漏洩を防止する機能。

 

[主要用途]

・標的型攻撃メール対策

・メール誤送信防止

・メールアーカイブ

・スパムメール対策

・フィッシングメール対策





 


 












主要製品



特徴







「FinalCode」



電子ファイルを追跡・リモート制御することができる、パスワードレスの暗号化サービス。

ファイルごとの閲覧者指定、操作権限設定、ファイル所有者によるログ監視、ファイルを送信した後の権限変更やリモートでのファイル削除が可能。

 

[主要用途]

・機密情報漏洩対策

・内部不正対策

・サプライチェーン攻撃対策

・ファイル暗号化、アクセス制御

・ファイル追跡

・リモート削除







「DigitalArts@Cloud」



Web・メール・ファイルを網羅したクラウドセキュリティ。

外部攻撃対策と内部からの漏洩対策の両方をカバーし、社内業務ファイルの自動暗号化と社外に渡したファイルについてのコントロールをクラウドサービスで提供。

統合レポート画面によりWeb・メール・ファイルにおける外部攻撃、内部情報漏洩の可能性を１画面で横断的に表示可能。

 

[主要用途]

・Webセキュリティ

・メールセキュリティ

・ファイルセキュリティ







「f-FILTER」



「DLP機能」、「ファイル判定機能」、「上長承認機能」、「アンチウイルス機能」、「ファイル閲覧権限管理機能」の5つの情報漏洩対策機能で重要情報を守り、安全な「ファイル転送」を実現するソリューション。

ファイルの転送前の多層検査により、マルウェアを含むファイルや重要情報を含むファイルを検出し、問題がある場合にはブロックを行い、ファイルの転送後には指定されたユーザーしかファイルにアクセスができず、また誰がアクセスしているかログを確認できるため第三者への漏洩対策が可能。「i-FILTER」、「m-FILTER」との連携も可能。

 

[主要用途]

・ファイル転送及びファイル転送前後における情報漏洩対策

・PPAP対策

・ネットワークDLP対策





 














「a-FILTER」



端末ログオンからクラウドサービス利用までの認証を一元管理し、シングルサインオン、多要素認証、ID同期、IDプロビジョニング、ログ管理等を提供する統合認証プラットフォーム。ワンタイムパスワード認証、プッシュ認証、クライアント証明書認証、IPアドレス制御、位置情報認証、パスキー認証等に対応し、利用者や利用環境に応じた柔軟な認証制御が可能。
 
［主要用途］
・シングルサインオン
・多要素認証
・端末ログオン認証
・不正アクセス対策
・ID管理、ID同期、IDプロビジョニング
・認証ログ管理







「Z-FILTER」



ID認証、端末制御、通信制御、クラウドサービス利用の可視化、ログ管理等を一つの管理画面で提供し、社内外からの業務システム利用やクラウドサービス利用におけるセキュリティ対策を支援するネットワークセキュリティソリューション。Webアクセス制御、リモートアクセス制御、クラウドサービス利用制御、ファイルのマルウェア対策、情報漏洩対策等に対応し、企業・組織における安全なクラウド利用及びリモートワーク環境の構築を支援。

 
［主要用途］
・リモートアクセス対策（脱VPN／ZTNA）
・Webアクセス制御
・クラウドサービス利用の可視化、制御
・情報漏洩対策
・認証、ID管理 等





 


 












主要製品



特徴







「i-フィルター」



主として、家庭、図書館、ネットカフェ等を導入対象としたフィルタリングソフト。スマートフォン、タブレット、PCからの有害サイトへのアクセスを制御し、インターネット利用による危険からユーザーを保護することが可能。

 

[主要用途]

・Webフィルタリング

・Web利用状況レポート

・Web利用時間制限





 


 

 

事業の系統図は次のとおりであります。"
