証券コード,会社名,基準日,本文
1301,株式会社　極洋,2026-03-31,"３ 【配当政策】

当社は、株主に対する適切な利益還元を経営の重要な課題のひとつと位置付けており、企業体質の強化及び将来の事業展開に備えるための内部留保の充実を図るとともに、安定配当を継続しつつも、中長期的な利益成長による配当水準の向上を目指します。

当社の剰余金の配当は、期末配当の年１回行うこととしており、取締役会の決議によって剰余金の配当を行うことができる旨を定款で定めておりますが、株主に対する利益還元の重要性を勘案し、当期末の配当については、１株あたり150円を2026年６月24日開催予定の定時株主総会にお諮りする予定です。

 

   （注）基準日が当事業年度に属する剰余金の配当は以下のとおりであります。













決議年月日



配当金の総額（百万円）



１株当たり配当額（円）







2026年６月24日

定時株主総会決議（予定）



1,793



150"
130A,株式会社Ｖｅｒｉｔａｓ　Ｉｎ　Ｓｉｌｉｃｏ,2025-12-31,"３ 【配当政策】

当社は、株主に対する利益還元を経営上の重要課題と認識しております。しかしながら、当面の利益還元策については、将来の株主価値を高める事業に経営資源を振り向け、事業を計画的に実行し成長を実現していくことによって株主価値を高め、株主に報いようとの考え方に基づき、金銭による配当を控える方針です。このため金銭による配当は実施しておりません。また、本書作成時点において、配当実施の可能性及びその実施時期については未定です。

  将来的には、今後の事業計画等に反映される戦略目標の実現を優先しつつ、財政状態、経営成績及びキャッシュ・フローの状況を勘案して、利益還元策を決定する予定です。

 

  当社の剰余金配当は、毎年12月31日を基準日とする期末配当及び、毎年６月30日を基準日とする中間配当を基本としております。また、会社法第459条第１項各号に定める事項については、法令に別段の定めがある場合を除き、取締役会の決議によって定める旨を定款に定めております。"
1332,株式会社ニッスイ,2026-03-31,"３【配当政策】

当社グループの利益配分については、長期的・総合的視野に立った企業体質の強化並びに将来成長が見込まれる分野の事業展開に備えた内部留保にも意を用いつつ、経営環境の変化に対応して当社グループの連結業績に応じた株主還元を安定的に行うことを基本方針としています。なお、中期経営計画「GOOD FOODS Recipe2」においては、「安定的な配当を実現しつつ３年間の総還元性向40％以上」としています。

当社の剰余金の配当は、中間配当及び期末配当の年２回の基本的な方針としており、配当の決定機関は、中間配当、期末配当とも取締役会で行うことができる旨定款で定めています。

当事業年度については、期末配当金は１株につき18.0円としました。中間配当金１株当たり14.0円とあわせて、年間配当金は１株につき32.0円となります。
(注) 基準日が当事業年度に属する剰余金の配当は、以下のとおりであります。













決議年月日



配当金の総額(百万円)



１株当たり配当額(円)







2025年11月６日

取締役会決議



4,252



14.00







2026年５月20日

取締役会決議



5,466



18.00"
1333,Ｕｍｉｏｓ株式会社,2026-03-31,"３【配当政策】

当社は、株主の皆様への利益還元の充実及び安定化のため、中期経営計画「For the ocean, for life 2027」期間（2026年３月期～2028年３月期）においては、 配当性向30％以上を前提とした累進配当を基本方針としております。自己株式の取得については、業績動向を踏まえて剰余金の配当等の決定に関する方針と整合的な範囲において機動的に実施することとしております。

当社は、会社法第454条第５項に規定する中間配当を行うことができる旨を定款で定めており、中間及び期末配当の年２回の剰余金の配当を行うことを基本方針とし、これらの剰余金の配当の決定機関は、中間配当は取締役会、期末配当は株主総会となっております。

また、災害や疫病の流行等の不測の事態が原因で、株主総会を開催することが困難であると取締役会が判断した場合に限り、取締役会の決議により期末配当を行うことができる旨を定款に定めております。

当事業年度の普通株式の配当につきましては、上記方針に基づき、期末配当を１株当たり28円とすることを2026年６月24日開催予定の定時株主総会において決議する予定としております。また、中間配当として１株当たり50円をお支払いしております。

なお、当社は、2026年１月１日付で普通株式１株につき３株の割合で株式分割を行っており、中間配当は株式分割前の１株当たり配当金の金額を記載し、期末配当は株式分割後の１株当たり配当金の金額を記載しております。当事業年度の期首に株式分割が行われたと仮定した場合、１株当たり年間配当金は44円67銭（中間配当16円67銭、期末配当28円）となる予定です。

内部留保資金につきましては、財務健全性の確保を図りながら、バリューサイクルの構築・強化及びグローカル戦略の推進に向けた成長投資等に充当することにより、企業価値向上のために有効活用してまいります。

なお、当事業年度に係る剰余金の配当は次のとおりであります。

決議年月日

基準日

配当金の総額

（百万円）

１株当たり配当額

（円）

2025年11月10日

2025年９月30日

2,526

50

取締役会決議

2026年６月24日

2026年３月31日

4,245

28

定時株主総会決議（予定）

（注）当社は、2026年１月１日付で普通株式１株につき３株の割合で株式分割を行っております。2025年11月10日の取締役会決議に基づく１株当たり配当額については、当該株式分割前の実際の配当金の額を記載しております。また、2026年６月24日定時株主総会決議に基づく１株当たり配当額については、当該株式分割後の金額を記載しております。"
135A,株式会社ＶＲＡＩＮ　Ｓｏｌｕｔｉｏｎ,2026-02-28,"３ 【配当政策】

当社は、いまだ成長過程にある企業であり、更なる財務体質の強化、競争力の確保を経営上の主要課題の一つとして位置付けております。そのため現時点においては、内部留保の充実を図り、収益力強化、事業規模の拡大のための投資に充当することが、株主の将来の安定的かつ継続的な利益還元に繋がると考えており、当事業年度を含め、配当を行っておりません。

将来的には、各事業年度の財政状態、経営成績を勘案しながら株主への利益還元を実施していく方針ですが、現時点では配当実施の可能性及びその時期等については未定であります。

内部留保金につきましては、経営基盤の安定に向けた財務体質の強化及び事業成長に向けた投資のための資金として有効に活用していく所存であります。

剰余金の配当を行う場合、中間配当と期末配当の年２回の剰余金の配当を行うことを基本方針としており、これら剰余金の配当の決定機関は取締役会となります。

なお、当社は、会社法第459条第１項各号については、法令の別段の定めのある場合を除き、株主総会の決議によらず取締役会の決議によって定めることができる旨を定款に定めております。"
1375,ユキグニファクトリー株式会社,2026-03-31,"３ 【配当政策】

当社は、中期経営計画の実現に向けて、生産工程の省人化等に関する設備投資や海外事業展開など、積極的な先行投資が業務拡大に必要不可欠であるものと認識しております。また、財務体質の安定強化と中長期的な成長につながる原資とするための内部留保を充実させるとともに、株主に対する利益還元を経営上の重要課題と位置づけ、利益水準と財務状況を総合的に勘案し１株当たり当期利益に基づく連結配当性向30％以上を中長期的な目標として、中間配当と期末配当の年２回の剰余金の配当を行うことを基本方針としております。

また、当社は定款に「当会社は、剰余金の配当等会社法第459条第1項各号に定める事項については、法令に別段の定めのある場合を除き、取締役会の決議によって定めることができる。」旨を規定しており、機動的な配当の実施を可能としております。

なお、当社は会社法第454条第５項に規定する中間配当を行うことができる旨を定款に定めております。

当事業年度の配当につきましては、次のとおりであります。

決議年月日

配当金の総額（百万円）

１株当たり配当額（円）

2025年11月６日

取締役会

159

4

2026年５月11日

取締役会

757

19"
1376,カネコ種苗株式会社,2026-05-31,"３【配当政策】

当社の利益配分につきましては、将来の事業展開と経営体質の強化のために必要な内部留保を確保しつつ、安定した配当を継続して実施していくことを基本方針としております。

当社は、中間配当と期末配当の年２回の剰余金の配当を行うことを基本方針としております。

これらの剰余金の配当の決定機関は、期末配当については株主総会、中間配当については取締役会であります。

当事業年度の配当につきましては、上記方針に基づき、１株当たり48円の配当（うち中間配当11円）を実施する予定です。この結果、当事業年度の配当性向は40.2％となっております。

内部留保金につきましては、今後予想される経営環境の変化に対応すべく、今まで以上にコスト競争力を高め、市場のニーズに応える新商品・新技術の研究開発体制を強化し、さらにグローバル戦略の展開を図るために有効投資してまいりたいと考えております。

当社は、「取締役会の決議により、毎年11月30日を基準日として中間配当を行うことができる。」旨を定款に定めております。
なお、当事業年度に係る剰余金の配当は以下のとおりであります。

決議年月日

配当金の総額

（千円）

１株当たり配当額

（円）

2026年１月７日

121,804

11

取締役会決議

2026年８月27日

409,700

37

定時株主総会決議(予定)"
1377,株式会社　サカタのタネ,2026-05-31,"３ 【配当政策】

当社では、毎事業年度における配当の回数については、中間配当と期末配当の年２回の剰余金の配当を行っております。当社定款において、会社法第454条第５項の規定に基づき、「取締役会の決議によって、毎年11月30日を基準日として中間配当をすることができる。」旨を定めており、期末配当については株主総会、中間配当については取締役会にて決定しております。

当社は、株主の皆様への利益還元を経営の重要課題と考え、長期安定方針の下、安定的・継続的に還元の強化に努めていくこととしております。また、この方針をより客観的に運営していくため、株主資本配当率を指標として採用し、当面2.5％を目指すこととしておりました。

当事業年度の期末配当につきましては、上記の基本方針に基づき、また当期の親会社株主に帰属する当期純利益が業績予想を上回ったことから、公表済の配当予想から10円増の１株当たり50円といたしました。すでに実施いたしました中間配当金35円と期末配当金50円を合わせると、年間配当金は前期比10円増の85円、株主資本配当率は2.5％（前期は2.3％）となります。なお、６期連続の増配となります。

当社は2027年５月期から2036年５月期までの10カ年を対象とする長期経営計画「PASSION2035」を公表いたしました。

次期(2026年６月１日から2027年５月31日)の株主配当予想につきましては、親会社株主に帰属する当期純利益は減益を見込んでおりますが、長期経営計画における株主還元方針に基づき、当期より５円増配し、１株当たり年間90円(うち中間配当40円)といたしました。

内部留保資金につきましては、今後予想される経営環境の変化に対応すべく、今まで以上にコスト競争力を高め、市場ニーズに応える研究・生産体制を強化し、さらには、グローバル戦略の展開を図るために有効投資してまいりたいと考えております。

なお、当事業年度に係る剰余金の配当は以下のとおりであります。

 

 













決議年月日



配当金の総額

(百万円)



１株当たり配当額

(円)







2026年１月13日

取締役会決議



1,516



35







2026年８月25日

定時株主総会決議（予定）



2,116



50"
1379,ホクト株式会社,2026-03-31,"３【配当政策】

  当社は、株主の皆様に対する利益還元を重要な経営目標と位置づけ増配等の利益還元に前向きに取り組んでまいりました。この方針は、今後も継続してまいりたいと考えております。

具体的には、主たる配当目標としてDOE（連結株主資本配当率）を採用するとともに、2029年３月期における目標水準を3.5%に定め、積極的な株主還元を実施してまいります。

  当社は、中間配当と期末配当の年２回の剰余金の配当を行うことを基本方針としております。

  これらの配当の決定機関は、期末配当については株主総会、中間配当については取締役会であります。

  当事業年度の配当につきましては、上記方針を踏まえるとともに最近の業績動向等を勘案し、株主の皆様へより一層の利益還元を図るべく、期末配当を前期比５円増配し１株当たり45円とし、１株当たり中間配当金10円を含めて、年間で55円の配当を実施することを予定しております。この結果、当事業年度の配当性向は30.1％となる予定であります。

  また、内部留保資金につきましては、企業価値の持続的な向上を図るべく、将来の成長に不可欠な戦略投資に優先的に投下してまいります。

当社は、「取締役会の決議により、毎年９月30日を基準日として、中間配当を行うことができる。」旨を定款に定めております。

  なお、当事業年度に係る剰余金の配当は以下のとおりであります。期末配当に関する配当金の総額1,431百万円及び１株当たり配当額45円につきましては、2026年６月26日開催予定の定時株主総会の決議事項となっております。

決議年月日

配当金の総額

（百万円）

１株当たり配当額

（円）

2025年11月14日

318

10

取締役会決議

2026年６月26日

1,431

45

定時株主総会決議（予定）"
137A,Ｃｏｃｏｌｉｖｅ株式会社,2026-05-31,"３【配当政策】

当社は株主還元を適切に行っていくことが重要であると認識しており、剰余金の配当については、内部留保とのバランスを考慮して適切な配当の実施をしていくことを基本方針としております。しかしながら、本書提出日現在では事業も成長過程にあると考えており、内部留保の充実を図り、業容拡大と効率化のための投資に充当していくことが株主に対する最大の利益還元につながると考えております。このことから、創業以来配当は実施しておらず、今後の配当実施の可能性及び実施時期については未定であります。内部留保資金につきましては、今後予想される経営環境の変化に対応すべく、企業体質の強化及び将来の事業展開のための財源として利用していく予定であります。

また、剰余金の配当を行う場合、年１回の剰余金の配当を期末に行うことを基本的な方針としております。配当の決定機関は株主総会であります。また、取締役会の決議により、中間配当を行うことができる旨を定款に設けております。"
1380,株式会社秋川牧園,2026-03-31,"３【配当政策】

当社は、株主の皆様への利益還元を重視し、かつ、秋川牧園ブランドの確立と中長期的な成長に向けての積極的な投資と堅実な財務体質を両立することを基本方針としております。

当社は、期末配当における年１回の剰余金の配当を行うことを基本方針としており、この剰余金の配当の決定機関は株主総会であります。

当事業年度の配当につきましては、上記方針に基づき当期は１株当たり10円の配当を2026年６月26日開催予定の定時株主総会で決議する予定であります。

内部留保資金につきましては、今後の経営環境に対応する財務基盤の強化と、中長期的な成長に向けての投資に充てたいと考えております。

当社は「取締役会の決議により、毎年９月30日を基準日として、中間配当をすることができる。」旨を定款に定めております。

なお、当事業年度に係る剰余金の配当は、上記方針に基づき、以下のとおり付議する予定であります。

 

決議年月日

配当金の総額

（千円）

１株当たり配当額

（円）

2026年６月26日

41,691

10

定時株主総会決議（予定）"
1381,株式会社アクシーズ,2025-06-30,"３ 【配当政策】

当社は、安定的な経営基盤の確保に努めるための積極的な設備投資と会社の競争力の維持強化を行うとともに、株主に対する利益還元を経営の最重要政策として位置付けており、業績に裏付けされた成果の配分を行うことを基本方針としております。

当社の剰余金の配当は、期末配当の年１回を基本方針としており、この剰余金の配当の決定機関は、株主総会であります。

上記方針に基づき、2025年６月期の期末配当につきましては、１株当たり112円50銭の配当を実施することを決定いたしました。この結果、当連結会計年度は配当性向36.7％％、自己資本利益率8.1％％となりました。

内部留保資金につきましては、今後予想される業界他社との競争激化に対処し、今まで以上に生産基盤の強化を行うための生産設備への投資やお客様からのより一層の信頼を得るための環境保全並びに製品品質向上への投資を行いたいと考えております。

当社は、会社法第454条第５項の規定に基づき、取締役会の決議によって中間配当を行うことができる旨を定款に定めております。

なお、当事業年度に係る剰余金の配当は以下のとおりであります。

 













決議年月日



配当金の総額

(百万円)



１株当たり配当額

(円)







2025年９月17日

定時株主総会決議



631



112.50"
1382,株式会社ホーブ,2025-06-30,"３【配当政策】

当社は、利益配分について、将来の事業展開と経営体質強化のために必要な内部留保を確保しながら、安定配当を継続、維持しつつ業績を考慮して、積極的な配当政策を行うこととし、剰余金の配当は年１回期末配当を行うことを基本方針としております。剰余金の配当の決定機関は、期末配当については株主総会、中間配当については取締役会であります。当社は、「取締役会の決議により、毎年12月31日を基準日として、中間配当を行うことができる」旨を定款に定めております。

当事業年度の配当につきましては、上記方針に基づき、１株当たり50円の配当を実施することを2025年９月24日開催の定時株主総会において決定いたしました。この結果、当事業年度の配当性向は257.5％となりました。

内部留保金につきましては、今後予想される経営環境の変化に対応すべく、市場ニーズに応える生産技術の強化、人材育成をはかるため、有効投資してまいりたいと考えております。

決議年月日

配当金の総額

（千円）

１株当たり配当額

（円）

2025年９月24日

38,082

50

定時株主総会決議"
1383,ベルグアース株式会社,2025-10-31,"３【配当政策】

利益配分につきましては、将来の事業展開と経営体質の強化のために必要な内部留保を確保しつつ、株主への安定した配当を継続的に実施していくことを基本方針としております。

剰余金の配当は、株主総会の決議による年１回の期末配当を行うことを基本的な方針としております。

当事業年度の剰余金の配当につきましては、継続的な安定配当の基本方針のもと、１株当たり10円とすることを2026年１月29日開催予定の定時株主総会で決議して実施する予定であります。

内部留保資金につきましては、健全な財務体質の構築・維持及び積極的な事業展開のための投資等に充当していく予定であります。

なお、当社は中間配当を実施することができる旨を定款に定めております。

 

（注） 基準日が当事業年度に属する剰余金の配当は、以下のとおりであります。

決議年月日

配当金の総額

（千円）

１株当たり配当額

（円）

2026年１月29日

16,132

10

定時株主総会決議（予定）"
1384,株式会社　ホクリヨウ,2026-03-31,"３【配当政策】

当社は、業績と企業体質の強化を総合的に勘案し、かつ「資本コストを意識した経営」「株主還元策の充実」に対する社会的意識の高まりを踏まえ、配当性向30％を目安として株主還元策の充実を図ってまいります。

当社の剰余金の配当は年１回の期末配当を基本方針としており、当配当の決定機関は取締役会であります。

当事業年度の剰余金の配当につきましては、業績を反映させ前期より60円増配し、１株当たり配当額130円（期末配当）を実施いたしております。

内部留保資金につきましては、企業体質の強化、将来の事業活動の強化、市場のニーズに応える生産設備、製造設備の強化を中心とした有効投資に備える予定であります。

なお、当社は、会社法第454条第５項の規定に基づき、「取締役会の決議によって、毎年９月末日を基準日として中間配当をすることができる。」旨を定款に定めております。

また、当社は、剰余金の配当等会社法第459条第１項各号に定める事項について、法令に別段の定めがある場合を除き、株主総会の決議によらず取締役会の決議により定める旨定款に定めております。これは、剰余金の配当等を取締役会の権限とすることにより、株主への機動的な利益還元を行うことを目的とするものであります。

 

当事業年度に属する剰余金の配当は以下のとおりであります。

決議年月日

配当金の総額（百万円）

１株当たり配当額（円）

2026年５月15日

取締役会決議

1,099

130"
138A,光フードサービス株式会社,2025-11-30,"３【配当政策】

当社は、現状において成長過程であり、さらなるブランド強化、人材確保、経営基盤の強化等、まずは内部留保の充実と事業推進に必要な投資活動を積極的に行っていくことが重要と考えております。しかしながら、株主への利益還元は重要な経営課題として認識しており、今後の経営成績及び財政状態を鑑みつつ、事業・投資計画、事業環境等を総合的に勘案し、内部留保とのバランスをとりつつ配当について検討していく方針であります。

内部留保資金については、店舗の新設及び改装費のほか、今後の事業展開のための人材の採用や教育など、将来の利益に貢献する有効な投資資金として活用しつつ、より一層の財務体質強化にも努める所存であります。

当事業年度の期末配当金につきましては、2026年１月14日開催の当社取締役会に基づき、１株当たり40円の配当を実施することといたしました。

なお、当社は、剰余金の配当を行う場合は、年１回期末配当を行うことを基本的な方針としており、その他に年１回中間配当を行うことができる旨及び上記の他に基準日を設けて剰余金の配当を行うことができる旨を定款で定めております。また、当社は、剰余金の配当等会社法第459条第１項各号に定める事項については、法令に別段の定めがある場合を除き、株主総会の決議によらず取締役会の決議によって定める旨を定款に定めております。

なお、当事業年度に係る剰余金の配当は以下のとおりであります。

決議年月日

配当金の総額

（千円）

１株当たり配当額

（円）

2026年１月14日

39,680

40

取締役会決議"
1401,株式会社エムビーエス,2026-05-31,"３ 【配当政策】

当社は、株主に対する利益還元を経営の重要課題と認識しており、将来の事業拡大や経営基盤強化のために内部留保を確保しつつ、財政状態及び経営成績等を総合的に判断して利益配当を実施していく方針であります。

当社は、継続的な安定配当を基本方針のもと、中間配当と期末配当の年２回の剰余金の配当を行うこととしており、これらの剰余金の配当の決定機関は、期末配当については株主総会、中間配当については取締役会であります。

当事業年度におきましては、当期純利益を計上し、経営環境及び今後の事業展開等を総合的に勘案し継続的な安定配当の基本方針のもと、期末配当金につきましては、１株あたり15.00円を、2026年８月27日開催予定の第29期定時株主総会で決議して実施する予定であります。

今後につきましても、将来の事業発展のために必要な内部留保の充実を考慮したうえで、各期の経営成績及び財政状態を勘案しつつ、利益配当による株主に対する利益還元を安定的・継続的に行っていく所存であります。なお、内部留保につきましては、主軸事業であるホームメイキャップ事業の収益拡大及び施工品質強化を目的とした設備資金（全国の出店資金を含む。）、研究開発費及び運転資金に充当して参ります。

また、当社は「取締役会の決議によって、毎年11月30日を基準日として中間配当を行うことができる。」旨を定款に定めております。

 

   当事業年度に係る剰余金の配当は以下のとおりであります。













決議年月日



配当金の総額（千円）



１株当たり配当額(円)







2026年８月27日

定時株主総会決議(予定)



103,978



15.00"
1407,株式会社ウエストホールディングス,2025-08-31,"３ 【配当政策】

当社は、将来の事業展開と財務内容の強化を図るため必要な内部留保を図りつつ、安定した配当を維持継続するのと同時に、財務状況に応じた積極的な株主還元策を行うことを株主への利益配分の基本方針としております。

当社の剰余金の配当は、中間配当及び期末配当の年２回を基本方針としております。配当の決定機関は、中間配当は取締役会、期末配当は株主総会であります。現在のところ中間配当は行っておらず、期末配当のみを実施しております。従いまして、当事業年度は１株当たり65円の配当を実施する予定です。

なお、当社は会社法第454条第５項に規定する中間配当を行うことができる旨を定款に定めております。

 

(注) 基準日が当事業年度に属する剰余金の配当は、以下のとおりであります。














決議年月日



株式の種類



配当金の総額
（百万円）



１株当たり配当金
（円）







2025年11月26日

定時株主総会決議(予定)



普通株式



2,577



65.00"
1414,ショーボンドホールディングス株式会社,2025-06-30,"３【配当政策】

当社は、株主に対する利益還元を経営の最重要課題として認識しており、業績に連動した配当を安定的に行うことを基本方針としております。

内部留保金については、財務の健全性を意識しつつ、利益の持続的成長と企業価値向上のための投資等や機動的な資本政策等に活用する考えであります。

また、当社は2025年８月12日開催の取締役会において、「中期経営計画2027」における株主還元方針の変更を決議し、2025年６月期から2027年６月期までの３カ年の連結配当性向を60％とすることといたしました。

上記方針に基づき、当期の期末配当金については、１株当たり111円50銭の配当を行うことを2025年９月26日開催の定時株主総会で決議する予定であります。これにより、中間配当金（64円）を加えた当期の配当金は、１株につき175円50銭となる予定であります。

当社は会社法第454条第５項に規定する中間配当を行うことができる旨を定款で定めており、中間配当と期末配当の年２回の剰余金の配当を行うことを基本方針としています。

これらの剰余金の配当の決定機関は、期末配当は株主総会、中間配当は取締役会としています。

 

（注） 基準日が当事業年度に属する剰余金の配当は以下のとおりです。

決議年月日

配当金の総額（百万円）

１株当たり配当額（円）

2025年２月10日

取締役会決議

3,306

64.00

2025年９月26日

定時株主総会決議（予定）

5,694

111.50"
1417,株式会社ミライト・ワン,2026-03-31,"３ 【配当政策】

当社は、株主還元については2023年11月に公表したB/S面から見た成長戦略で従来方針を強化し、安定的な配当成長と機動的な自己株式取得により、総還元性向50%～70%をターゲットレンジにしております。

なお、利用目的のない自己株式は積極的に消却を実施することとしております。

剰余金の配当は、中間配当及び期末配当の年２回を基本的な方針としており、配当の決定機関は中間配当については取締役会、期末配当については株主総会であります。また、当社は会社法第454条第５項に規定する中間配当金を支払うことができる旨を定款に定めております。

上記方針に従い、当期の期末配当金については、１株当たり45円を予定しております。これにより、第16期の配当金については、１株当たり85円（中間配当金40円、期末配当金45円）となる予定です。

加えて、株主還元の充実と経営環境の変化に対応した機動的な資本政策の遂行を可能にするため、当期中に自己株式の取得（合計 113万株、29億９千９百万円）を実施いたしました。

次期については、自己株式の取得（上限200万株／60億円）を行うことを2026年５月12日に決議するとともに、配当金については、１株当たり年間配当金を10円増配し、１株当たり95円（中間配当金45円、期末配当金50円）とすることを予定しております。

 

(注)基準日が当事業年度に属する剰余金の配当は、次のとおりであります。













決議年月日



配当金の総額
(百万円)



１株当たり配当額
(円)







2025年11月13日



3,564



40.00







取締役会決議







2026年６月24日



4,009



45.00







定時株主総会決議（予定）"
1418,インターライフホールディングス株式会社,2026-02-28,"３ 【配当政策】

当社グループは、株主の皆様への長期的利益還元を重要な課題のひとつと考え、安定した配当を行うことを基本としており、配当性向の目標を40％から50％以上に引き上げ、企業体質の強化及び内部留保の充実を併せて検討しております。内部留保による資金につきましては、今後の事業発展を推進するための新規事業開発・人材育成及び財務体質の改善、その他の資金需要を賄う原資として活用してまいります。

また、当社は、剰余金の配当等会社法第459条第１項各号に定める事項については、法令に別段の定めのある場合を除き、取締役会の決議により定める旨を定款に定めております。これは、剰余金の配当等を取締役会の権限とすることにより、株主の皆様への機動的な利益還元を行うことを目的とするものであります。

なお、当社は、毎年８月末を基準日として、中間配当を行うことができる旨を定款に定めており、2026年２月期の配当は、中間配当を１株当たり10円を実施し、期末配当につきましては、2026年４月14日開催の取締役会において、１株当たり20円(効力発生日 2026年５月８日)、配当金の総額は317,536千円とする決議をさせていただきました。

（ご参考）

配当金及び配当性向の推移
















 



2023年２月期

実績



2024年２月期

実績



2025年２月期

実績



2026年２月期

実績



2027年２月期

予想







配当金（円）



5.0



8.0



20.0



30.0



30.0







配当性向（％）



44.1



32.2



44.0



56.0



57.2





 


（注）配当性向については、株式給付信託導入に伴い株式会社日本カストディ銀行（信託Ｅ口）が所有する当社

株式を控除対象の自己株式に含めて算出しております。"
1419,タマホーム株式会社,2026-05-31,"３ 【配当政策】

当社は、株主の皆様への利益還元を重要な経営課題の一つと認識しており、経営成績に応じて株主の皆様への利益還元を継続的に行うことを基本方針としております。
当社の剰余金の配当の決定機関は株主総会でありますが、中間配当の実施につきましては取締役会決議で行うことができる旨を定款に定めております。
第28期事業年度の期末配当につきましては、2026年８月26日開催の定時株主総会において、１株当たり125円、配当金総額3,623,519,750円とさせていただきました。
なお、次期配当につきましては、１株当たり130円を予定しております。"
141A,株式会社トライアルホールディングス,2025-06-30,"３【配当政策】

当社は、株主の皆様への利益還元を経営の重要課題の一つと考えております。積極的な事業展開と経営基盤の強化を図ることにより、継続的に成長し、株主の皆様及びお客様をはじめとした全てのステークホルダーの期待に応えながら、安定的かつ継続的な配当を実施する方針であります。

剰余金の配当を行う場合、期末配当において年１回の剰余金の配当を行うことを基本的な方針としておりますが、当社は会社法第454条第５項に規定する中間配当を、毎年12月31日を基準日として行うことができる旨を定款において定めております。これらの剰余金の配当の決定機関は、期末配当については株主総会、中間配当については取締役会であります。

当事業年度の剰余金の配当につきましては、上記方針に基づき、１株当たり16円としております。

内部留保の使途につきましては、今後の事業展開に備えて、設備投資等に充当していくこととしております。

なお、当事業年度に係る剰余金の配当は以下のとおりであります。

決議年月日

配当金の総額（百万円）

１株当たり配当額（円）

2025年９月26日

1,956

16.00

定時株主総会決議"
1420,サンヨーホームズ株式会社,2026-03-31,"３【配当政策】

当社は、株主の皆様に対する利益還元を経営の最重要課題として認識しており、将来の企業成長と経営体質構築のための内部留保を確保しつつ、株主の皆様へ継続的に配当を行うことを基本方針としています。

配当の基準日は、定款において中間配当９月30日、期末配当３月31日と定めておりますが、現状においては、業績の季節変動が大きいため、年１回の期末配当を行うことを基本方針としております。

剰余金の配当の決定機関は、会社法第459条第１項各号に定める事項に基づき、法令に別段の定めがある場合を除き、株主総会の決議によらず取締役会の決議により定める旨定款に定めております。これは、剰余金の配当等を取締役会の権限とすることにより、機動的な配当政策及び資本政策を行うことを目的とするものであります。

上記方針を踏まえ、当事業年度の利益配当につきましては、自己資本の充実による財務体質の強化はもとより、株主の皆様への利益還元を重視し、年間25円の配当金とさせていただきました。

なお、当事業年度に係る剰余金の配当は以下のとおりであります。

決議年月日

配当金の総額

（千円）

１株当たり配当額

（円）

2026年５月11日

319,255

25

取締役会決議"
1429,株式会社日本アクア,2025-12-31,"３ 【配当政策】

当社は、株主に対する利益還元を経営の最重要課題の一つと位置付けております。当社の基本方針は事業規模の拡大、経営体質の強化に向けた内部留保と配当のバランスを重視していくことであります。このため経営成績・財政状況を勘案しながら株主への利益還元に努める所存であります。
 

当事業年度の剰余金の配当につきましては、当該基本方針と最近の業績動向・今後の設備投資計画を踏まえ、期末配当金として1株あたり35円を、2026年3月30日開催予定の定時株主総会で決議して実施する予定であります。

また、中期経営計画「3 Pillars of Stability（安定した３本柱）」では配当方針として配当性向50％以上、かつ累進配当制度を導入しております。

当社の剰余金の配当は、期末配当の年１回を基本的な方針としておりますが、期末配当の決定機関は株主総会であります。

なお、会社法第454条第５項に規定する中間配当を取締役会の決議により行うことができる旨を定款に定めております。

(注) 基準日が当事業年度に属する剰余金の配当は、以下のとおりであります。













決議年月日



配当金の総額
（千円）



１株当たりの配当金
（円)







2026年３月30日

定時株主総会決議(予定)



1,127,393



35"
142A,株式会社ジンジブ,2026-03-31,"３ 【配当政策】

当社は、経営基盤の長期安定に向けた財務体質の強化及び事業の継続的な拡大発展を目指すため、内部留保の充実が重要であると考え、会社設立以来、当事業年度を含め配当は実施しておりません。しかしながら、株主利益の最大化を重要な経営目標の一つとして認識しており、今後の株主への剰余金の配当につきましては、業績の推移・財務状況、今後の事業・投資計画等を総合的に勘案し、内部留保とのバランスをとりながら検討していく方針です。

 

内部留保資金につきましては、経営基盤の長期安定に向けた財務体質の強化及び事業の継続的な拡大発展を実現させるための資金として、有効に活用していく所存であります。

なお、剰余金の配当を行う場合は、年１回の剰余金の配当を期末に行うことを基本としており、その他年１回中間配当を行うことができる旨及び上記の他に基準日を設けて剰余金の配当を行うことができる旨を定款で定めております。なお、当社は、会社法第459条第１項の規定に基づき、剰余金の配当に係る決定機関を取締役会とする旨を定款で定めております。"
1430,ファーストコーポレーション株式会社,2026-05-31,"３ 【配当政策】

(1) 配当の基本的な方針

当社は、株主の皆様への利益還元を経営上の重要施策の一つと考え、現在及び将来の事業展開や設備投資及び内部留保金の確保等を総合的に勘案し、継続的かつ安定的に配当を実施することを基本方針としております。

 

(2) 毎事業年度における配当の回数についての基本的な方針

当社の剰余金の配当方針につきましては、配当を期末に１回行うことを基本的な方針としており、業績や財務状況等を総合的に勘案して決定することとしております。

 

(3) 配当の決定機関

剰余金の配当の決定機関は、中間配当及び期末配当ともに取締役会であります。

 

(4) 配当決定に当たっての考え方及び内部留保資金の使途

利益還元方法は連結配当性向30％以上とし、株主の皆様に対する利益還元の充実を図りつつ、経営成績及び今後の事業展開、健全な財務体質維持のために必要な内部留保の確保等を勘案の上決定いたします。なお、当事業年度の期末配当は１株当たり48円とさせていただきます。

 

(5) 中間配当について

当社は、会社法第454条第５項に規定する中間配当をすることができる旨を定款に定めております。

 

（注）基準日が当事業年度に属する剰余金の配当は以下の通りであります。













決議年月日



配当金の総額（千円）



１株当たり配当額（円）







2026年７月15日

取締役会決議



609,742



48.00"
1431,株式会社Ｌｉｂ　Ｗｏｒｋ,2025-06-30,"３ 【配当政策】

当社は、剰余金の配当を行う場合、将来の事業展開と経営体質の強化のために必要な内部留保を確保しつつ、安定した配当を継続して実施していくことを基本方針とし、配当性向20％から30％程度を一定の目安とし、その他手元資金、外部環境等を勘案し１株当たりの年間配当額を決定しております。当事業年度については、期初の業績予想を下回る結果となったものの、株主への安定的な利益還元を重視し、配当予想については修正しないことといたしました。第１四半期末配当として１株当たり１円60銭、第２四半期末配当として１株当たり１円60銭、第３四半期末配当として１株当たり１円60銭、第４四半期末配当として１株当たり１円60銭とすることを決定しました。この結果、当連結会計年度の連結配当性向は、30.2％となりました。

自己株式の取得、資本準備金の額の減少、剰余金その他の処分については、当社の財務状況等を勘案の上、資本効率の向上を目指し、適宜、適切な対応を検討してまいります。

当事業年度に係る剰余金の配当は以下のとおりであります。

 













決議年月日



配当金の総額
(千円)



１株当たり配当額
(円)







2024年11月12日

取締役会決議



38,151



1.60







2025年２月12日

取締役会決議



37,691



1.60







2025年５月13日

取締役会決議



37,691



1.60







2025年８月12日

取締役会決議



37,691



1.60





 


(注)2024年11月12日、2025年２月12日取締役会決議による配当金の総額には、信託が保有する自社の株式に対する配当金がそれぞれ496千円、2025年５月13日取締役会決議による配当金の総額には495千円、2025年８月12日取締役会決議による配当金の総額には492千円が含まれております。"
1433,ベステラ株式会社,2026-01-31,"３ 【配当政策】

当社は、株主に対する利益還元を経営の重要な課題の一つと位置付けております。当社は、将来に向けての事業展開に伴う設備等の成長投資を推進し事業基盤を強化するとともに、企業価値向上のために必要な内部留保を確保しつつ、財政状態、経営成績、その他経営全般を総合的に判断したうえ、毎事業年度において中間配当と期末配当の年２回の剰余金の配当を継続的に実施することを基本方針としております。なお、当社は毎年７月31日及び１月31日を基準日として、会社法第459条第１項の規定に基づき、剰余金の配当等を取締役会決議により行うことを可能とする旨、定款に定めております。

上記を踏まえまして、利益配分につきましては、中間配当を含めた配当金の総額を配当性向40％を目安とすることに加え、株主資本(有価証券評価差額金等のその他の資本の構成要素を除く)を基準としたDOE(株主資本配当率)3.5％以上を目安に累進配当を継続的に実施していくことを基本方針としております。

当事業年度においては、１株当たり40円の配当(うち中間配当15円)を実施することを決定しました。

なお、当事業年度に係る剰余金の配当は以下のとおりであります。













決議年月日



配当金の総額

(千円)



１株当たり配当額

(円)







2025年９月９日

取締役会決議



136,636



15







2026年３月12日

取締役会決議



221,552



25"
1434,ＪＥＳＣＯホールディングス株式会社,2025-08-31,"３ 【配当政策】

当社は、株主の皆様への利益還元を重要な経営課題の一つと位置付け、長期的視点に立った財務体質及び経営基盤の強化を目指すとともに、安定的な配当の維持継続を基本方針とし、持続的な企業価値の向上に努めております。

当社は、会社法第459条の規定に基づき、剰余金の配当を株主総会の決議によらず、取締役会の決議で行うことができる旨を当社定款に定めております。

当社の期末配当は、2025年10月10日の取締役会の決議に基づき、普通配当30円に、創立55周年記念配当10円を加えまして40円配当とさせて頂きます。当期の剰余金の配当につきましては、１株につき40円となります。

（注）基準日が当事業年度に属する剰余金の配当は、以下のとおりであります。













決議年月日



配当金の総額

（百万円）



１株当たり配当額

（円）







2025年10月10日

取締役会決議



277



40"
1435,株式会社ｒｏｂｏｔ　ｈｏｍｅ,2025-12-31,"３ 【配当政策】

当社は、株主の皆さまに対する利益還元を経営の重要課題の一つと位置付け、将来の事業拡大に備えた企業体質の維持・強化を図りつつ継続的かつ安定的な配当を実施することを基本方針としております。

当社は取締役会の決議によって、会社法第454条第５項に規定する中間配当をすることができる旨を定款に定めており、当社の剰余金の配当は、中間配当及び期末配当の年２回を基本的な方針としております。また、会社法第459条第１項各号に掲げる事項を定めることができる旨を定款に定めておりますが、基本的な方針として、配当の決定機関は、中間配当は取締役会、期末配当は株主総会としております。

上記の基本方針に基づき、当事業年度の剰余金の配当につきましては、中間配当は１株当たり１円を実施いたしました。期末配当につきましては、2026年３月25日開催予定の定時株主総会において１株当たり１円で決議されますと、年間配当は１株当たり２円となる予定です。

 

（注）基準日が当事業年度に属する剰余金の配当は、以下のとおりであります。













決議年月日



配当金の総額

（千円）



１株当たり配当額

（円）







2025年８月８日

取締役会



89,884



1







2026年３月25日

定時株主総会決議（予定）



89,884



1"
1436,株式会社グリーンエナジー＆カンパニー,2026-04-30,"３ 【配当政策】

当社は、財務基盤の健全性を確保しながら、経営効率を高め、営業活動から得られた資金を、株主還元とさらなる成長投資へ適切に分配していくことで、企業価値の向上を目指してまいります。

配当政策については、「配当性向15％程度」を目途とした上で、累進配当を継続して実施することを基本方針とし、財政状態や資金需要等を総合的に勘案した上で決定してまいります。

 

当社は、会社法第454条第５項に基づき、取締役会の決議により、毎年10月31日を基準日として、中間配当を行うことができる旨を定めておりますが、剰余金の配当は期末配当の年１回を基本方針としております。

これらの剰余金の配当の決定機関は、期末配当は株主総会、中間配当は取締役会となっております。

当事業年度の配当につきましては、2026年４月期の業績結果、経営環境及び今後の事業展開等を総合的に勘案し、１株につき15円として、2026年７月23日開催予定の定時株主総会で決議する予定です。

 

なお、当事業年度に係る剰余金の配当は以下のとおりであります。













決議年月日



配当金の総額
(千円)



１株当たり配当額
(円)







2026年７月23日

定時株主総会決議（予定）



61,835



15"
1438,株式会社岐阜造園,2025-09-30,"３【配当政策】

当社は、株主の皆様に対する利益還元を経営の重要施策の一つとして認識しており、経営基盤の強化、将来の事業展開に必要な内部留保を確保しつつ、安定した配当を継続して実施していくことを基本方針としております。

当社は、中間配当と期末配当の年２回の剰余金の配当を行うことを基本方針としております。当社は取締役会の決議によって、毎年３月31日を基準日として中間配当を行うことができる旨を定款で定めております。

当事業年度につきましては、当期の業績並びに今後の経営環境等を勘案した結果、中間配当は１株につき18円を実施し、期末配当については１株につき18円を2025年12月25日開催予定の定時株主総会にて決議する予定であります。これにより、年間配当額は、前事業年度より６円を増配させていただき、１株につき36円となる予定です。連結配当性向は30.4％を予定しております。

翌事業年度につきましては、引き続き上記の方針に基づいて実施する予定であり、中間配当を１株につき20円、期末配当金は１株につき20円とさせていただく予定であります。連結配当性向は33.7％を予定しております。

なお、当事業年度に係る剰余金の配当は、以下のとおりであります。

決議年月日

配当金の総額（千円）

１株当たり配当額（円）

2025年４月11日

58,359

18

取締役会決議

2025年12月25日

58,395

18

定時株主総会決議（予定）"
143A,イシン株式会社,2026-03-31,"３ 【配当政策】

当社は、株主に対する利益還元を重要な経営課題の一つとして位置付けており継続的かつ安定的な配当を行うことを基本方針としております。しかしながら、配当政策につきましては、当社は成長過程にあることから、経営基盤の安定化を図るために内部留保を充実させ、事業拡大、事業効率化のための投資を行い、企業価値向上を図ることが、株主に対する最大の利益還元につながると考えております。将来的には、各事業年度の経営成績を勘案しながら株主への利益還元を検討していく方針ですが、現時点において配当実施の可能性及び、その実施時期については未定です。

内部留保資金につきましては、今後予想される経営環境の変化に対応できる経営組織体制強化、人材への投資及び新規事業展開の財源として有効投資してまいりたいと考えております。

なお、剰余金の配当を行う場合、年１回の期末配当を基本方針としており、その他年１回の中間配当を行うことができる旨及び上記の他に基準日を定めて剰余金の配当を行うことができる旨を定款に定めております。また、法令に別段の定めのある場合を除き、取締役会の決議によって剰余金の配当を行うことができる旨を定款に定めております。"
1443,技研ホールディングス株式会社,2026-03-31,"３ 【配当政策】

当社は、株主の皆様へ継続的配当の実施を重視しており、連結業績、財務状況並びに将来の事業展開を勘案した上で、利益配分と内部留保資金を決定しております。

内部留保資金については、今後予想される経営環境に対し、競争力を高めること及び財務内容の維持向上等を目的として有効に活用してまいります。

剰余金の配当は年１回行うことを基本方針としており、剰余金の配当の決定機関は株主総会であります。なお、当社は「取締役会の決議により、毎年９月30日を基準日として、中間配当を行うことができる」旨を定款に定めておりますが、現状の利益水準を総合的に勘案し、中間配当は予定しておりません。

今後も業績の安定成長のための諸施策を迅速に推進し、また、これまでの内部留保金を長期的な視点から既存の事業部門の強化及び新分野への事業開拓等に有効に活用して、安定的な配当ができるよう全社を挙げて取り組んでいく所存であります。

なお、当事業年度に係る剰余金の配当は以下のとおりであります。

 













決議年月日



配当金の総額
(千円)



１株当たり配当額
(円)







2026年６月25日

定時株主総会決議（予定）



17,857



1.1"
1444,株式会社ニッソウ,2025-07-31,"３【配当政策】

当社では、事業展開のための内部留保の充実と成長に応じた利益還元を重要な経営課題であると認識しております。

現在、当社は成長過程にあり、一層の事業拡大を目指しております。獲得した資金については優先的に人材の採用育成等の事業投資に充て、当社の競争力強化による将来の収益向上や効率的な体制整備に有効に活用するため、会社設立以来配当は実施しておりません。

今後は収益力の強化や安定的な事業基盤の確立に努め、内部留保の充実状況、業績、当社を取り巻く環境、今後の事業展開を勘案し、その都度適正な経営判断を行い、配当を決定していく方針であり、内部留保資金の使途については、今後の事業展開のため有効活用していきたいと考えております。

なお、当社は剰余金を配当する場合には、株主総会の決議をもって、期末配当を年１回行うことを基本的な方針としております。

また、当社は取締役会の決議によって、毎年１月31日を基準日として、中間配当をすることができる旨を定款に定めております。"
1446,株式会社キャンディル,2025-09-30,"３ 【配当政策】

当社は、中長期的に企業価値を高めるとともに、株主の皆様への利益還元を経営上の重要課題と認識し、将来における安定的な企業成長と経営環境の変化に対応するために必要な内部留保資金を確保しつつ、業績への連動性を高めて継続的に行うことを基本方針としております。また、経営の機動性と柔軟性の向上を図り、株主利益の向上に資するため、「剰余金の配当等会社法第459条第１項各号に定める事項については、法令に別段の定めがある場合を除き、株主総会の決議によらず取締役会の決議によって定める」旨及び「取締役会の決議により中間配当を行うことができる」旨を定款に定めております。

上記方針に従い、2025年11月21日開催の取締役会において、１株当たり8円、総額74,109千円の期末配当を実施することを決議しております。"
1447,ＳＡＡＦホールディングス株式会社,2026-03-31,"３【配当政策】

当社は、安定的な経営基盤に基づく継続的な株主還元を基本方針としております。

当社は、期末配当の年１回の剰余金の配当を行うことを基本方針としております。

剰余金の配当の決定機関は、期末配当は株主総会であり、中間配当を行うことができる旨を定款に定めております。

当事業年度の配当につきましては、上記方針に基づく普通配当（１株当たり２円）に加え、当事業年度におきましては、2018年設立以来過去最高益達成を踏まえた記念配当（２円50銭）をあわせた、１株当たり４円50銭の配当を実施することを決定いたしました。この結果、当事業年度の配当性向は、26.24％となりました。

内部留保資金につきましては、今後の事業展開および経営基盤の強化に向けた投資等に活用してまいります。

当事業年度に係る剰余金の配当は以下の通りであります。

決議年月日

配当金の総額

（千円）

１株当たり配当額

（円）

2026年６月29日

109,636

4.50

定時株主総会決議"
1449,株式会社ＦＵＪＩジャパン,2025-12-31,"３【配当政策】

当社は、株主に対する利益還元に関しましては、経営の重要課題の一つとして位置付けております。

将来の事業発展のために必要な内部留保の充実を考慮したうえで、各事業年度の経営成績及び財政状況を勘案しつつ、利益配当による株主に対する利益還元を検討していくことを利益配分に関する基本方針と考えております。

当社は中間配当と期末配当の年２回の剰余金の配当を行うことを基本方針としております。これらの剰余金の配当等の決定機関は、取締役会であります。

当事業年度におきましては、物価高騰による消費者マインドの低下の影響は大変大きく、業績に大幅な影響を与えました。しかしながら本社売却により大幅な当期純利益を計上することとなりました。

このような状況を踏まえ、当事業年度の期末配当につきましては、経常損失を出しており無配とするところですが、数年に亘り株主に利益還元が出来ていないこと及び昨年度20周年を迎えたことから、20周年記念配当として１株当たり３円00銭とすることとしました。

また、経営の機動性と柔軟性の向上を図り、もって株主利益の向上に資するため、「剰余金の配当等会社法第459条第１項各号に定める事項については、法令に別段の定めがある場合を除き、株主総会の決議によらず取締役会の決議によって定めることができる」旨を定款に定めております。

 

（注）基準日が当事業年度に属する剰余金の配当は、以下のとおりであります。

決議年月日

配当金の総額（千円）

１株当たりの配当額（円）

2026年２月12日

取締役会決議

6,390

記念配当 3.00"
1450,ＴＡＮＡＫＥＮ株式会社,2026-03-31,"３ 【配当政策】

当社は、継続的な成長と株主の皆様への利益還元を経営の最重要目標として位置づけており、継続的な成長のための財務体質の強化と株主の皆様への継続的かつ安定的な利益還元とのバランスを勘案しつつ、株主の皆様への利益還元を充実していくことを基本方針としております。

当社は2018年８月27日開催の臨時株主総会で、機動的な資本政策の遂行を可能とするため、会社法第459条第１項の定めに関する事項に関して、取締役会決議で定めることができる旨を定款に定めております。また、配当は年１回の期末配当を基準としておりますが、配当の基準日に関しては、期末配当は３月31日、中間配当は９月30日とする旨を定款に定め、利益水準に応じた配当の弾力的な運用が行えるようにいたしました。

内部留保資金につきましては、事業拡大を目的とした中長期的な事業原資として利用していく予定であります。

以上の方針に基づき、第45期事業年度の剰余金の配当につきましては、業績及び今後の経営環境等を総合的に勘案し、１株当たり55円の期末配当とさせていただきました。

 

当事業年度に係る剰余金の配当は以下のとおりであります。

 













決議年月日



配当金の総額（千円）



１株当たり配当額（円）







2026年５月８日

取締役会



478,431



55





 


 

今後につきましても、将来の事業展開や経営成績及び財政状態等を勘案しつつ、継続的な配当を実施していく方針であります。"
145A,株式会社Ｌ　ｉｓ　Ｂ,2025-12-31,"３ 【配当政策】

当社は、株主に対する利益還元を経営上の重要課題の一つとして位置付けておりますが、現状において成長過程であり、財務体質の強化と事業拡大のための内部留保の充実等を図り、運転資金もしくは設備投資に充当することで更なる事業拡大をすることが株主に対する最大の利益還元につながると考えております。内部留保資金につきましては、収益力強化のための開発投資や優秀な人材確保、M&Aのための資金等に充当し、事業の継続的な発展のための資金として有効に活用していく考えです。

そのため、創業以来配当は実施しておらず、今後においても当面の間は内部留保の充実を図る方針であります。

今後の剰余金の配当につきましては、収益力の強化や事業基盤の整備を実施しつつ、内部留保の充実状況及び企業を取り巻く事業環境を勘案した上で、株主に対して安定的かつ継続的な利益還元を実施する方針であります。現時点においては、配当実施の可能性及びその実施時期については未定であります。

なお、剰余金の配当を行う場合、中間配当と期末配当の年２回の剰余金の配当を行うことを基本方針としております。また、当社は、剰余金の配当等会社法第459条第１項各号に定める事項については、法令に別段の定めがある場合を除き、取締役会の決議によって定めることができる旨を定款に定めております。"
146A,コロンビア・ワークス株式会社,2025-12-31,"３【配当政策】

当社では、株主に対する利益還元を経営の重要事項の一つと認識しております。配当につきましては、事業環境の変化や将来の事業展開に備えて財務基盤の充実を図りつつ、配当性向は15％～20％を目標として、今後の収益状況の見通しなどを総合的に勘案して決定すべきものと考えております。

当社の剰余金の配当については、期末配当の年１回を基本方針としておりますが、期末配当の基準日を12月31日、中間配当の基準日を６月30日としており、会社法第459条第１項各号に定める事項について、法令に別段の定めがある場合を除き、取締役会の決議によって定めることができる旨を定款に定めております。

当事業年度の期末配当金については、2026年２月12日開催の取締役会において、１株につき78.00円とすることを決定しました。

内部留保資金の使途につきましては、今後の事業展開への備えとしていくこととしております。

 

(注) 基準日が当事業年度に属する剰余金の配当は、以下のとおりであります。

決議年月日

配当金の総額

（百万円）

１株当たり配当額

（円）

2026年２月12日

601

78.00

取締役会決議"
147A,株式会社ソラコム,2026-03-31,"３ 【配当政策】

当社は、経営基盤の長期安定に向けた財務体質の強化及び事業の継続的な拡大発展を目指すため、内部留保の充実が重要であると考え、会社設立以来配当は実施しておりません。しかしながら、株主利益の最大化を重要な経営目標のひとつとして認識しており、今後の株主への剰余金の配当につきましては、業績の推移・財務状況、今後の事業・投資計画等を総合的に勘案し、内部留保とのバランスをとりながら検討していく方針です。

内部留保資金につきましては、経営基盤の長期安定に向けた財務体質の強化及び事業の継続的な拡大発展を実現させるための資金として、有効に活用していく所存であります。

当社の剰余金の配当は、会社法第459条第１項各号に定める事項については、法令に別段の定めのある場合を除き、取締役会の決議によって定めることができる旨を定款に定めております。

また、剰余金の配当基準日は、期末配当は４月30日、中間配当は９月30日、その他基準日を定めて剰余金の配当をすることができる旨を定款に定めております。"
148A,株式会社ハッチ・ワーク,2025-12-31,"３ 【配当政策】

当社は、株主の皆様への利益還元を経営の最重要課題の一つであると認識し、企業価値の継続的な拡大を図ってまいります。今後の株主の皆様への利益還元にあたりましては、経営成績及び財政状態を総合的に勘案し、財務体質の強化、事業拡大のための投資等にも十分留意しながら、安定的且つ継続的な利益還元を実施する方針でありますが、現時点において配当実施の可能性及びその時期については未定であります。なお、内部留保金につきましては、今後の変化の激しい経営環境の下で絶え間ない事業拡大を図ることを目的とし、中長期的な事業原資として利用してまいります。

当社は、剰余金の配当につき年１回の期末配当を基本方針としており、配当の決定機関は株主総会となっておりますが、上場後の期末配当、中間配当の年２回配当についても視野に入れ、会社法第454条第５項に規定する中間配当を取締役会の決議によって行うことができる旨を定款に定めております。

当事業年度においては、事業拡大に資金が必要であったため、無配といたしました。"
1491,中外鉱業株式会社,2026-03-31,"３【配当政策】

当社は、利益配分につきましては、将来の事業展開と経営体質の強化のために必要な内部留保を確保しつつ、安定した配当を継続して実施していくことを基本としております。

当社は、中間配当と期末配当の年２回の剰余金の配当を行うことを基本方針としております。

これらの剰余金の配当の決定機関は、期末配当については株主総会、中間配当については取締役会であります。

当事業年度の配当につきましては、上記方針に基づき期末配当は１株当たり34円00銭を、2026年６月26日開催予定の定時株主総会で決議して実施する予定であります。

内部留保資金につきましては、今後予想される経営環境の変化に対応すべく、今まで以上にコスト競争力を高め、市場ニーズに応える技術・製造開発体制を強化し、さらには、グローバル戦略の展開を図るために有効投資してまいりたいと考えております。

当社は、「取締役会の決議により、毎年９月30日を基準日として、中間配当を行うことができる。」旨を定款に定めております。

なお、基準日が当事業年度に属する剰余金の配当は以下のとおりであります。

決議年月日

配当金の総額

１株当たり配当額

2026年６月26日

488,568千円

34.00円

定時株主総会（予定）

※当社は、2025年10月１日を効力発生日として株式併合（普通株式20株につき１株）を実施しており、１株当たり配当額は当該株式併合後の金額を記載しております。"
149A,株式会社シンカ,2025-12-31,"３【配当政策】

当社は、成長に応じた株主の皆様への安定的な利益還元を経営上の最重要課題の一つとして位置付けており、将来の事業展開や経営基盤の強化に係わる内部留保を確保しつつ、財政状態及び経営成績並びに経営全般を総合的に判断し、利益配当を行っていく方針であります。しかしながら、当社は現時点では成長過程にあり、当面は経営基盤の強化のために内部留保の充実を図り、財務体質の強化と事業拡大のための投資に充当することで、企業価値を向上させることが株主に対する利益還元になるものと考えており、配当を行っておりません。

剰余金の配当を行う場合は、年１回の期末配当を基本方針としており、その他年１回中間配当を行うことができる旨及び上記の他に基準日を設けて剰余金の配当を行うことができる旨を定款で定めております。また、当社は、会社法第459条第１項の規定に基づき、剰余金の配当にかかる決定機関を取締役会とする旨を定款で定めております。"
150A,株式会社ＪＳＨ,2026-03-31,"３ 【配当政策】

当社は、規律ある事業投資と環境変化に備えた経営基盤の構築、株主の皆様に対しての利益還元を経営の重要項目と位置付けておりますが、現在は成長過程にあると考えており、内部留保資金の充実を図り、訪問看護ステーションやコルディアーレ農園の新規開設や人員の拡充といった成長投資のための原資とすることで企業価値の向上を目指すことが株主の皆様に対する最大の利益還元に繋がると考えております。

そのため、当面の間は、事業拠点の拡大、優秀な人材の確保等のための必要資金として内部留保の充実を図る方針であります。

利益配分につきましては、業績や経営環境、内部留保の状況を見極めた上で、配当の実施を検討してまいります。

配当を行う場合には、年１回の期末配当を行うことを基本方針としており、決定機関は株主総会であります。また、当社は取締役会の決議によって、毎年９月30日の最終の株主名簿に記載された株主又は登録株式質権者に対し、会社法第454条第５項に定める中間配当をすることができる旨を定款に定めております。"
1514,住石ホールディングス株式会社,2026-03-31,"３【配当政策】

配当額については、株主の皆様に配当性向40％以上を目安に安定的な配当を継続して行うことを基本としつつ、当社を取り巻く経営環境や収益状況に対応して将来の事業展開に備えるため内部留保の充実などを勘案の上、配当額を決定する方針を採っております。

なお、会社法第459条第１項各号に定める事項については、法令に別段の定めのある場合を除き、株主総会の決議によらず取締役会の決議により定める事としております。

当社の剰余金の配当は期末配当の年１回を基本的な方針としております。

なお、当事業年度に係る剰余金の配当については、上記方針に基づき以下のとおり実施しました。

決議年月日

配当金の総額
（百万円）

１株当たり配当額
（円）

2026年５月15日

取締役会決議

1,196

20"
1515,日鉄鉱業株式会社,2026-03-31,"３ 【配当政策】

配当につきましては、自己資本の充実と株主還元の最適なバランスを図りながら、長期安定的な配当を実施するという基本方針のもと、海外での鉱山開発投資の実行フェーズにおける財務の安全性と株主の皆様への利益還元のバランスを踏まえて、連結配当性向40％を目途に配当を実施する方針としております。そのうえで、銅などの商品市況や為替の変動といった当社グループを取り巻く事業環境の不確実性を勘案し、単年度の業績による影響を受けないよう、配当下限値を１株当たり34円とし、連結配当性向と配当下限値のいずれか高い方を採用することで、長期安定的な配当を明確化しております。なお、剰余金の配当は、中間配当及び期末配当の年２回を基本的な方針としております。

また、当社は、会社法第459条第１項の規定に基づき、取締役会の決議によって剰余金の配当を行うことができる旨を定款に定めておりますが、中間配当は取締役会の決議、期末配当は原則として株主総会の決議にて決定いたします。

上記方針に基づき、当事業年度の剰余金の配当につきましては、中間配当を１株当たり117円とし、期末配当は2026年６月26日開催予定の定時株主総会にて、１株当たり48円として決議する予定であります。

なお、当社は2025年10月１日を効力発生日として、普通株式１株を５株とする株式分割を実施したため、中間配当は株式分割前の配当額、期末配当は株式分割後の配当額となります。

内部留保につきましては、中長期的な視野に立った設備投資や競争力強化のための合理化投資などに充当していくこととしております。

 

(注) 基準日が当事業年度に属する剰余金の配当は、以下のとおりであります。













決議年月日



配当金の総額（百万円）



１株当たり配当額（円）







2025年11月７日

取締役会決議



1,843



117







2026年６月26日

定時株主総会決議（予定）



3,780



48"
1518,三井松島ホールディングス株式会社,2026-03-31,"３ 【配当政策】

当社は、株主に対する利益の還元を経営上重要な施策の一つとして位置づけており、将来における安定的な企業成長と経営環境の変化に対応するために必要な内部留保を確保しつつ、経営成績に応じた株主への利益還元を継続的に行うことを基本方針としております。当社の剰余金の配当は、取締役会において決定いたします。

当事業年度の剰余金の配当につきましては、上記方針及び業績動向等を総合的に勘案した結果、１株当たり中間配当23円、期末配当41円とし、年間での配当64円といたしました。

 

（注）基準日が当事業年度に属する剰余金の配当は、以下のとおりであります。













決議年月日



配当金の総額（百万円）



１株当たり配当額（円）







2025年11月7日

取締役会決議



920



23







2026年５月13日

取締役会決議



1,610



41





 


※当社は、2025年10月１日を効力発生日として普通株式１株につき５株の割合で株式分割を実施しております。上記の１株当たり配当金は株式分割実施後の株式数を基準とした金額となります。"
151A,株式会社ダイブ,2025-06-30,"３ 【配当政策】

当社は、現在成長過程にあると認識しており、事業拡大や組織体制の強化への投資のため、内部留保の充実が重要であると考えており、会社設立以来配当を実施しておりませんが、株主への利益還元を重要な課題として認識しております。今後、事業基盤の整備等を進め、株主に対して継続的且つ安定的な配当を行うことを検討していく方針でありますが、現時点において配当の実施時期等については未定であります。

なお、剰余金の配当を行う場合、年１回の期末配当を基本方針としており、期末配当の決定機関は株主総会となっております。また、当社は会社法第454条第５項に規定する中間配当を取締役会の決議によって毎年12月31日を基準日として行うことができる旨を定款に定めております。"
153A,株式会社カウリス,2025-12-31,"３【配当政策】

当社は、株主への利益還元を重要な経営課題の一つと位置づけ、株主の皆様に長期的かつ安定して当社株式を保有していただくため、安定した配当を継続的に行っていきたいと考えております。

そのうえで、当社は、株主資本に対して一定の水準で還元を行う指標としてDOE（株主資本配当率）を採用することで、より安定的な配当の継続を図るとともに、資本効率を意識した配当方針としており、DOE1.5％以上を目安としてまいります。なお、剰余金の配当等の決定機関は取締役会としております。

この基本方針に基づき、当期の剰余金の配当につきまして、１株当たり4.8円とさせていただきました。

内部留保資金の使途については、今後の事業展開への備えとしております。

なお、剰余金の配当を行う場合、年１回の期末配当を基本方針としており、その決定機関は取締役会であります。また、当社は毎年６月末日を基準日として、取締役会の決議によって、中間配当をできる旨を定款に定めております。

 

決議年月日

配当金の総額

（千円）

１株当たり配当額

（円）

2026年２月13日

31,334

4.8

取締役会決議"
155A,株式会社情報戦略テクノロジー,2025-12-31,"３【配当政策】

当社は、財務基盤の強化と成長過程にある事業の持続的な拡充を目指していくために、まずは内部留保資金の充実と事業推進に必要な投資活動を積極的に行っていくことが重要と考え、創業以来配当を実施しておりません。今後も０次システム開発の推進による売上高拡大が継続することが見込まれることから、当面の間、事業投資を最優先し中長期的な成長に向けた収益基盤を構築する必要があると認識しています。

しかしながら、株主への利益還元を重要な経営課題として認識しており、今後の経営成績及び財政状態を鑑みつつ、事業・投資計画、事業環境等を総合的に勘案し、内部留保とのバランスをとりつつ配当について検討していく方針であります。内部留保資金につきましては、企業体質の強化及び将来の事業展開のための財源として有効に活用していく方針であります。

当社の剰余金の配当は、期末配当の基準日を毎年12月31日、中間配当の基準日を毎年６月30日としており、配当の決定機関は、期末配当につきましては株主総会、中間配当につきましては取締役会であります。なお、当社は中間配当を行うことができる旨を定款で定めております。"
156A,マテリアルグループ株式会社,2025-08-31,"３【配当政策】

(1）配当の基本的な方針

当社は、株主の皆様に対する利益還元を第一として、配当原資確保のための収益力を強化し、継続的かつ安定的な配当を行うことを基本方針としております。具体的には、連結配当性向33％を目安に累進配当（原則として減配せず、配当の維持もしくは増配を行う配当政策）を実施していきたいと考えております。

当社グループは、資本効率の高い事業運営を引き続き推進することにより、高い株主還元と成長投資の両立が可能であると考えております。内部留保資金については、今後の企業としての成長と財務基盤の安定のバランスを鑑みながら、主として人材への投資、M&A等に充当してまいります。

当事業年度の期末配当につきましては、上記方針のもと、業績及び経営環境等を総合的に勘案した結果、１株当たり26.00円といたしました。

当社は、期末配当の基準日を毎年８月31日、中間配当の基準日を毎年２月末日としております。また、定款において、これら以外にも基準日を定めて剰余金の配当を実施することができる旨を定めております。

なお、当社は、「会社法第459条第１項各号に定める事項については、法令に別段の定めのある場合を除き、取締役会の決議によって定めることができる。」旨を定款に定めております。

 

当事業年度に係る剰余金の配当は以下のとおりです。

 

決議年月日

配当金の総額

（千円）

１株当たり配当額

（円）

2025年11月27日

250,436

26.00

定時株主総会決議

（予定）"
157A,グリーンモンスター株式会社,2025-06-30,"３ 【配当政策】

当社は、株主の皆様への利益還元を重要な経営課題として認識しており、配当原資確保のため収益力を強化し、継続的かつ安定的な配当を行うことを基本方針としております。当社は、体験型投資学習アプリで、配当や株主優待の学習コンテンツを提供しており、『おかねの学び』を提供する会社だからこそ、自社を事例とした学習コンテンツの提供機会を確保すると同時に、株主の皆様との中長期的な関係構築に向けた施策の一つとして、昨年度に引き続き剰余金の配当を行います。剰余金の配当は年１回の期末配当を行うことを基本方針とし、当事業年度につきましては、１株当たり10.0円の期末配当の実施となります。

また、中間配当についても行なうことができる旨を定款に定めております。これら剰余金の配当の決定機関は取締役会としております。

なお、当事業年度に係る剰余金の配当は以下のとおりであります。













決議年月日



配当金の総額

（千円）



１株当たり配当額

（円）







2025年８月14日



31,328



10







取締役会決議"
1605,株式会社ＩＮＰＥＸ,2025-12-31,"３【配当政策】

当社は、2025年２月13日公表の「2025-2027 中期経営計画」でお示しした株主還元方針において、2025年度から2027年度の中期経営計画期間中は、１株当たり年間90円を起点とする累進配当による安定的な還元に加え、事業環境や財務・経営状況を踏まえつつ機動的な自己株式取得も行うことで総還元性向50％以上を目指し、業績の成長にあわせて株主還元を強化していくことを基本方針としております。

上記基本方針を踏まえ、当事業年度の剰余金の配当につきまして、普通株式の期末配当金は１株当たり50円とすることとし、2026年３月27日開催の定時株主総会で決議される予定です。この結果、中間配当金の１株当たり50円とあわせると、年間配当金は１株当たり100円となる予定です。また、甲種類株式（非上場）の期末配当金は１株当たり20,000円とすることとしており、同総会で決議される予定です。中間配当金の１株当たり20,000円とあわせ、年間配当金は１株当たり40,000円となる予定です。

なお、2013年10月１日を効力発生日として普通株式１株につき400株の割合で株式分割を行っておりますが、甲種類株式につきましては、株式分割を実施致しておりません。これに伴い、甲種類株式の配当については、当該株式分割前の普通株式と同等になるよう、定款で定めております。

また、当社は会社法第454条第５項に規定する中間配当を行うことができる旨を定款に定めております。毎事業年度における剰余金の配当の回数は、中間配当及び期末配当の年２回を基本的な方針としております。配当の決定機関は、中間配当は取締役会、期末配当は株主総会であります。

 

なお、第20期の剰余金の配当は以下のとおりであります。

決議年月日

株式の種類

配当金の総額

（百万円）

１株当たり配当額

（円）

2025年８月８日

取締役会決議

普通株式

59,921

（注）１

50

甲種類株式

0

20,000

2026年３月27日

定時株主総会決議（予定）

普通株式

58,320

（注）２

50

甲種類株式

0

20,000

（注）１．配当金の総額には、役員報酬BIP信託が保有する株式に対する配当金51百万円が含まれます。

２．配当金の総額には、役員報酬BIP信託が保有する株式に対する配当金50百万円が含まれます。"
160A,株式会社アズパートナーズ,2026-03-31,"３【配当政策】

当社は、株主に対する利益還元を重要な経営課題と認識しており、企業体質の強化と将来の事業展開のために内部留保を確保しつつ、安定的かつ継続的に業績の成長に見合った成果を配当することを基本方針としております。

当社は、期末配当の年１回の剰余金の配当を行うことを基本方針としております。

内部留保資金につきましては、当社の中長期経営計画に従って、経営基盤の強化、事業拡大のための設備投資及び人材の確保・育成等に充当していく予定です。

上記方針に基づき、剰余金の処分につきましては、当事業年度業績並びに今後の事業展開を勘案し、当社普通株式１株につき金70.00円となる予定であります。

当事業年度に係る剰余金の配当は以下のとおりとなる予定であります。

決議年月日

配当金の総額

（千円）

１株当たり配当額

（円）

2026年６月25日

251,118

70.00

定時株主総会決議（予定）

 

なお、当社は、会社法第454条第５項の規定に基づき「取締役会の決議により、毎年９月30日を基準として、中間配当を行うことができる。」旨を定款に定めております。

配当の決定機関は、中間配当は取締役会、期末配当は株主総会であります。"
1662,石油資源開発株式会社,2026-03-31,"３【配当政策】

当社は、内部留保を活用した積極的な投資と事業基盤の拡充を通じて企業価値の持続的向上を図るとともに、その成果の株主への還元として、連結配当性向30％を目安に各期の業績に応じた配当を行うことを基本方針としつつ、事業環境の変化等により一時的に業績が悪化した場合でも、１株当たり年間40円配当の維持に努めることとしております。（ただし、特別損益等の特殊要因により親会社株主に帰属する当期純利益が大きく変動する事業年度については、その影響を考慮し配当額を決定します。）

上記方針に基づき、当事業年度の配当金につきましては、１株当たり年65円の配当（うち中間配当20円）を実施することを予定しております。

なお、当社は、会社法第454条第５項の規定により、取締役会の決議によって、毎年９月30日を基準日として中間配当をすることができる旨を定款に定めております。毎事業年度における剰余金の配当の回数は、中間配当と期末配当の年２回とすることを基本方針とし、中間配当に関しては取締役会、期末配当に関しては株主総会で機関決定を行っております。

当事業年度における剰余金の配当は、以下のとおりであります。

決議年月日

配当金の総額（百万円）

１株当たり配当額（円）

2025年11月12日

5,135

20

取締役会決議

2026年６月23日

11,554

45

定時株主総会決議（予定）"
1663,Ｋ＆Ｏエナジーグループ株式会社,2025-12-31,"３ 【配当政策】

当社は、グループ会社を通じて、貴重な国産資源を長期的かつ安定的に生産・供給するコア事業への投資と、新たな事業領域における成長を目指した未来事業への投資のバランスを取りながら、中長期の連結業績及びフリー・キャッシュフロー等を総合的に勘案し、継続的な安定配当による株主還元の充実を目指すことを基本方針としております。この考え方に基づき、中期経営計画(中計2027)では「累進配当」を導入するとともに、中計2027の最終年度の株主還元指標を「株主資本配当率(DOE)1.5％」としております。

この方針のもと、毎事業年度における配当の回数は、中間配当及び期末配当の年２回を原則としており、配当の決定機関は、中間配当は会社法第454条第５項に基づく定款の定めにより取締役会、期末配当は株主総会であります。

当事業年度の期末配当につきましては、業績も勘案のうえ、安定的な配当を継続しながら、１株当たりの配当の増額を行うこととし、１株当たり普通配当30円としております。この結果、中間配当金24円と合わせた年間配当金は、１株当たり54円となりました。

なお、内部留保資金の使途につきましては、天然ガス・ヨウ素の開発・生産から供給に至る設備の整備・拡充等に投資を行うとともに、将来の事業展開に向けて活用する所存であります。

 

(注) 基準日が当事業年度に属する剰余金の配当は、次のとおりであります。













決議年月日



配当金の総額（百万円）



１株当たり配当額（円）







2025年８月12日

取締役会決議



640



24







2026年３月26日

定時株主総会決議



800



30"
166A,株式会社タスキホールディングス,2025-09-30,"３【配当政策】

当社は、株主の皆様に対する適正かつ安定的な利益還元を経営上の重要課題として位置付けており、業績と経営環境を勘案のうえ、企業体質の強化や将来の事業展開に必要な内部留保を確保しつつ、累進配当を実施することを株主還元方針としております。内部留保金については、事業基盤を支えるシステム開発投資や景気変動の影響を受けにくい企業体質の確立に向けた関連事業投資に活用する予定であり、安定的な事業基盤の確立と株主価値の増大に努めてまいります。なお、剰余金の配当の決定機関は、期末配当については株主総会、中間配当については取締役会であり、当社は会社法第454条第５項に規定する中間配当を取締役会の決議によって行うことができる旨を定款に定めております。

当連結会計年度の期末配当につきましては、上記方針に基づき１株当たり36円といたしました。当社は当期において中間配当は実施しておらず、当連結会計年度に係る剰余金の配当は以下のとおりとなります。

決議年月日

配当金の総額（千円）

１株当たり配当額（円）

2025年12月18日

2,218,393

36

定時株主総会決議"
167A,リョーサン菱洋ホールディングス株式会社,2026-03-31,"３ 【配当政策】

当社は、株主の皆様への還元について、「中長期的な株価の維持・向上」と「安定的な配当」を通じて実施することを基本方針としており、配当につきましては、財政状態や配当性向、配当利回り等を総合的に勘案した上で決定いたします。

なお、当社の剰余金の配当は、中間及び期末の年２回の実施を基本的な方針としており、これら剰余金の配当等の決定機関は、中間及び期末配当ともに取締役会で決議できる旨を定款に定めておりますが、当期の期末配当につきましては、株主総会を決定機関としております。

本方針に基づき、当期の配当は、期末配当金を１株につき70円、中間配当金と合わせた年間配当金を１株につき140円とさせていただく予定です。

 













決議年月日



配当金の総額
(百万円)



１株当たり配当額
(円)







2025年11月12日

取締役会決議



2,807



70







2026年６月25日

定時株主総会決議（予定）



2,807



70"
168A,株式会社イタミアート,2026-01-31,"３【配当政策】

当社は株主に対する利益還元を重要な経営課題として認識しており、今後の業容拡大と経営基盤強化のための内部留保の充実を図りつつ、株主への利益配分を検討していく方針であります。

剰余金の配当を行う場合は、期末配当にて年１回の剰余金の配当を行うことを基本方針としており、決定機関は取締役会であります。また、別途取締役会決議にて会社法第454条第５項に規定する中間配当を行うことができる旨を定款に定めております。

配当政策は、今後の成長に向けた事業資金を確保するため内部留保の充実に重点を置きつつ、株主利益の最大化と内部留保のバランスを図りながら、業績動向及び財政状態等を総合的に判断した上で、配当性向15～20％を目安に配当を実施していく方針であります。

当事業年度の配当につきましては、上記方針の基づき当期は１株当たり20円の配当を実施することを決定しました。この結果、当事業年度の配当性向は19.1％となりました。

内部留保資金につきましては、財務体質の強化を図るとともに、今後予想される経営環境の変化に対応すべく、将来の事業展開のための財源として利用していく予定であります。

なお、当事業年度に係る剰余金の配当は以下のとおりであります。

決議年月日

配当金の総額

（千円）

１株当たり配当額

（円）

2026年４月24日

定時株主総会

29,400

20"
1711,株式会社ＳＤＳホールディングス,2026-03-31,"３【配当政策】

当社は、株主をはじめとするステークホルダーに対する利益還元を経営の重要な課題のひとつとして位置づけております。主たる利益還元策のひとつである配当につきましては、経営基盤の強化を図るため、内部留保を勘案しつつ会社業績の動向に応じて株主への利益還元に取り組んでいくとともに、配当性向等の指標を参考としつつ実施していく方針であります。

また、当社の剰余金の配当は期末配当の年１回を基本的な方針としておりますが、会社業績に応じた株主への利益還元を柔軟に実施するため、当社は取締役会の決議によって、毎年９月30日の最終の株主名簿に記載又は記録された株主又は登録株式質権者に対し、中間配当をすることができる旨を定款に定めております。剰余金の配当の決定機関は、期末配当については株主総会、中間配当については取締役会であります。

なお、当事業年度につきましては、誠に遺憾ながら配当を無配とさせて頂く結果となっております。"
1716,第一カッター興業株式会社,2025-06-30,"３【配当政策】

当社は、株主の皆様への利益還元を最重要課題の一つと考えており、財務の健全性を維持しつつ、毎期の業績を勘案し、競争力の維持・強化に必要な技術開発、設備投資及び人材投資等を推進するための内部留保を確保するとともに、長期的かつ安定的な配当を維持していくことを基本方針としております。配当につきましては、配当性向30%以上を目安に実施していくこととしております。

当社の剰余金の配当は、期末配当の年１回を基本的な方針としており、配当の決定機関は、株主総会であります。なお、当社は、取締役会決議により中間配当を行うことができる旨を定款で定めております。

2025年６月期の配当金につきましては、上記基本方針に基づき、１株につき普通配当40円といたしました。この結果、配当性向（連結）は34.0％となりました。内部留保資金につきましては、技術開発、システム投資、人材育成等へ積極的に投入していく所存であります。

当事業年度に属する剰余金の配当は、以下のとおりであります。













決議年月日



配当金の総額
（千円）



１株当たり配当額
（円）







2025年９月26日

定時株主総会決議



459,670



40"
1717,明豊ファシリティワークス株式会社,2026-03-31,"３ 【配当政策】

当社は、会社法第459条第１項の規定に基づき、取締役会の決議をもって剰余金の配当を行う事ができる旨を定款に定めております。また、会社法第454条第５項に規定する中間配当を行うことができる旨を定款で定めておりますが、当事業年度は中間配当について取締役会決議を行っておりません。
当事業年度（2026年３月期）の配当金につきましては、当該方針に基づき検討した結果、１株当たり普通配当44.00円（配当性向55.1％）の期末配当（年間）を実施いたしました。
翌事業年度（2027年３月期）の配当金につきましては、当社事業の発展を支援してくださる株主の皆様に適正な配当を行う方針のもと、１株44.00円（配当性向55.4％）の期末配当（年間）を予定しております。

なお、2026年５月12日開催の取締役会において、以下の通り「配当方針の変更」を決議いたしました。

当社は、将来の事業発展と経営体質強化のために必要な内部留保を確保しつつ、株主の皆様への安定的かつ継続的な利益還元を経営として重視してまいります。

具体的には、赤字となった場合を除き２事業年度（2026年度から2027年度）の１株当たり年間配当金の下限を44円00銭以上とし、かつ、配当性向 55％程度を目安として各期の業績の伸びに応じた利益配当を行うことを基本方針といたします。

当事業年度に係る剰余金の配当は、以下のとおりであります。













決議年月日



配当金の総額
(千円)



１株当たり配当額
(円)







2026年５月21日

取締役会決議



535,821



44.00"
1718,美樹工業株式会社,2025-12-31,"３【配当政策】

当社は、剰余金の配当に関しまして、株主還元を経営上の重要課題の一つと考え、連結配当性向30％以上を基準に、安定的な配当の実施及び将来の事業拡大のための内部留保などを勘案して決定することを基本方針としております。また、内部留保につきましては、積極的な投資と事業基盤の拡充を通じて企業価値の持続的向上を図り、その成果を株主の皆様へ還元できるよう努めております。

当社は、中間配当と期末配当の年２回の剰余金の配当を行うことを基本方針とし、これらの剰余金の配当の決定機関は、期末配当は株主総会、中間配当は取締役会であります。

当事業年度の剰余金の配当につきましては、上記方針に基づき当期は１株当たり150円の中間配当（普通配当）を実施しました。2025年12月31日を基準日とする期末配当は、普通配当１株当たり150円、特別配当50円、合計200円とすることを2026年３月26日開催予定の当社第64期定時株主総会で決議する予定であります。この結果、当事業年度の配当性向は30.51％となる予定であります。

内部留保資金につきましては、業界環境の厳しい中、財務体質の強化に加え、業績向上及び将来の成長に不可欠な設備投資、投融資等の資金需要に備える所存であります。

なお、当社は、「取締役会の決議により、毎年６月30日を基準日として、中間配当を行うことができる」旨を定款に定めております。

なお、当事業年度に係る剰余金の配当は以下のとおりであります。

決議年月日

配当金の総額

（千円）

１株当たり配当額

（円）

2025年７月28日

163,939

150

取締役会決議

2026年３月26日

218,573

200

定時株主総会決議（予定）"
1719,株式会社安藤・間,2026-03-31,"３ 【配当政策】

当社は、将来の成長に向けた投資活動と財務の健全性の維持を図るとともに、業績、財政状態及び経営環境等を考慮し、株主の皆様へ継続的かつ安定的に配当を実施することを基本としています。

また、株主の皆様への利益還元機会を充実させるため、中間配当と期末配当の年２回の配当を継続して実施していきます。

自己株式取得については、資本効率の向上や株主の皆様への一層の利益還元を念頭におき、財務状況等を総合的に勘案した中で検討・実施していきます。

なお、「中期経営計画2028」において、１株当たり80円以上/年の累進配当を実施する方針としています。

 

また当社は、会社法第459条第１項の規定に基づき、剰余金の配当等については、取締役会の決議により定めることができる旨、及び期末配当、中間配当のほか、基準日を定めて剰余金の配当をすることができる旨定款に定めています。

 

(注) 基準日が当事業年度に属する剰余金の配当は、上記基本方針に従い、以下のとおりです。期末配当に関する配当金の総額6,404百万円及び１株当たり配当額40円については、2026年６月26日開催予定の定時株主総会の決議事項となっています。














決議年月日



株式の種類



配当金の総額(百万円)



１株当たり配当額(円)







2025年11月７日

取締役会



普通株式



6,404



40.00







2026年６月26日

定時株主総会（予定）



普通株式



6,404



40.00"
1720,東急建設株式会社,2026-03-31,"３ 【配当政策】

当期の配当につきましては、自己資本配当率（ＤＯＥ）4.0％以上を目標とした配当を実施するとの基本方針に則り、中間配当は１株当たり19円を実施いたしました。期末配当は、2026年６月24日開催予定の定時株主総会において、１株当たり21円とする剰余金の処分の議案を上程する予定であります。

本議案の承認をもって、当期の年間配当額が決定され、結果として、年間配当40円（自己資本配当率（ＤＯＥ）4.0％）を実施する予定であります。

次期以降の利益配分につきましては、当社は、「長期経営計画 “To zero, from zero.”」に基づき、資本効率の重要性を認識するとともに、短期的な利益のボラティリティにも左右されにくい安定的かつ継続的な株主の皆様への利益還元を重視し、中長期的な業績目標であるＲＯＥ10％以上と配当性向40％以上とが均衡した自己資本配当率（ＤＯＥ）4.0％以上を目標とした配当を実施することを基本方針としております。また、自己株式の取得については、機動的に実施を検討することとしております。中間配当につきましては、中間期の業績及び年度の業績見通しを踏まえて実施することといたします。配当の決定機関は、中間配当は取締役会、期末配当は株主総会としております。なお、当社は取締役会の決議によって、中間配当を行うことができる旨を定款に定めております。

次期の配当につきましては、この基本方針及び業績予想等を総合的に勘案し、１株当たり中間配当21円、期末配当22円とし、年間配当43円を実施する予定であります。

 

 ※自己資本配当率（ＤＯＥ）＝当該事業年度に基準日が属する普通株式に係る１株当たり個別配当金
/１株当たり連結自己資本（期首・期末の平均値）×100（％）
 

基準日が当事業年度に属する剰余金の配当は、以下のとおりであります。














決議年月日



配当金の総額
（百万円）



１株当たり配当額
（円）







2025年11月７日



取締役会決議



2,020



19.00







2026年６月24日



定時株主総会決議（予定）



2,233



21.00"
1721,コムシスホールディングス株式会社,2026-03-31,"３【配当政策】

当社は、これまで株主の皆様への利益還元を重要な経営課題の一つと認識し、安定的・継続的な配当を基本とし、業績の状況や配当性向を総合的に勘案して実施してまいりました。「コムシスグループ2030ビジョン」においても、事業基盤の維持及び新領域への挑戦を含めた持続的な成長投資の遂行とともに、充実した株主還元を継続する観点から毎年５円以上の増配の継続を配当政策の基本方針としており、業績の動向を踏まえつつ安定的な配当を実施してまいります。

毎事業年度における配当の回数は中間配当金及び期末配当金の年２回としており、それぞれの決定機関は、中間配当金は取締役会、期末配当金は株主総会であります。なお、当社は会社法第454条第５項に規定する中間配当金を支払うことができる旨を定款に定めております。

当事業年度の１株当たりの配当金については、上記方針に基づき、15円増配し、年間130円（中間配当60円、期末配当70円）を予定しております。なお、期末配当については、2026年６月26日開催予定の定時株主総会の決議事項となっております。加えて、資本効率の向上と株主還元の充実を目的として、当事業年度中に自己株式の取得（261万株、99億９千万円）を実施いたしました。

 

（注） 基準日が当事業年度に属する剰余金の配当は、以下のとおりであります。

決議年月日

配当金の総額

（百万円）

１株当たり配当額

（円）

2025年11月７日

6,986

60.00

取締役会決議

2026年６月26日

8,117

70.00

定時株主総会決議予定

（注） 2026年６月26日定時株主総会決議予定の配当金の総額には、株式付与ＥＳＯＰ信託口が保有する当社株式に対する配当金（18百万円）が含まれております。"
1723,日本電技株式会社,2026-03-31,"３【配当政策】

当社は中長期的な企業価値向上に向け、「成長投資」、「株主還元」、「財務健全性」のバランスを取りながら、資本政策を実施していくことを基本方針としております。連結ROE12.5％以上の達成を目標経営指標とし、資本コストを踏まえた積極的な成長投資と株主還元の実現を目指します。

株主還元につきましては、業績に多大な影響を及ぼす事象が無い限り、DOE（連結株主資本配当率）５％を基準に累進的な配当を基本とするとともに、機動的な自己株式取得を実施してまいります。

当社の利益剰余金の配当につきましては、中間配当及び期末配当の年２回を基本方針としており、これらの剰余金の配当の決定機関は、中間配当は取締役会、期末配当は株主総会であります。

当事業年度につきましては、上記の基本方針に基づき期末配当金は普通配当１株当たり99円（予定）としております。これにより、すでに実施いたしました中間配当金61円と合わせた年間配当金は160円（予定）となります。

当社は、「取締役会の決議によって、毎年９月30日を基準日として中間配当をすることができる。」旨を定款に定めております。

なお、当事業年度に係る剰余金の配当は以下のとおりであります。

決議年月日

配当金の総額

（百万円）

１株当たり配当額

（円）

2025年11月４日

981

61

取締役会決議

2026年６月26日

1,592

99

定時株主総会決議

（予定）

（注）2026年４月１日付で当社普通株式１株につき４株の割合で株式分割を実施しておりますが、上記は当該株式分

割前の配当金の額を掲載しております。

 

また、当社は、2026年５月７日の取締役会決議により、資本政策の基本方針を変更いたしました。変更後の基本方

針につきましては、中長期的な企業価値向上に向け、「成長投資」、「株主還元」、「財務健全性」のバランスを取

りながら、資本政策を実施することとし、連結ROE15％以上を中長期的な目標経営指標として、資本コストを踏まえ

た積極的な事業成長及び人的資本への投資と株主還元の実現を目指します。株主還元につきましては、業績に多大

な影響を及ぼす事象が無い限り、配当性向40％以上もしくはDOE（連結株主資本配当率）７％以上を基準に累進的な

配当を基本とするとともに、機動的な自己株式取得も実施することとしております。当該方針は2027年３月期より適

用いたします。"
1724,シンクレイヤ株式会社,2025-12-31,"３ 【配当政策】

当社は、将来の事業展開と経営体質の強化のために必要な内部留保を確保しつつ、株主の皆様に対する利益配分を最も重要な経営課題のひとつと考え、安定的に利益の還元を行うことが重要であると考えております。

当社の剰余金の配当は、中間配当及び期末配当の年２回を基本的な方針としております。配当の決定機関は、中間配当は取締役会、期末配当は株主総会であります。

当事業年度の剰余金の配当につきましては、中間配当金は１株につき10円を実施し、期末の配当金は１株につき18円を、2026年３月26日開催予定の定時株主総会で決議して実施する予定であります。

また、内部留保資金の使途につきましては、経営体質の強化並びに今後の事業展開に必要な資金として有効活用してまいりたいと存じます。

なお、当社は中間配当を行うことができる旨を定款に定めております。

 

(注) 基準日が当事業年度に属する剰余金の配当は、以下のとおりであります。

 













決議年月日



配当金の総額

(百万円)



１株当たり配当額

(円)







2025年７月29日

取締役会決議



46



10







2026年３月26日

定時株主総会決議



82



18"
1736,株式会社　オーテック,2026-03-31,"３【配当政策】

当社は、株主還元を重要課題の一つと位置付け、経営基盤の強化や利益率の向上に積極的に取り組みます。

また、将来の事業展開や経営環境の変化に対応しつつ、安定的かつ継続的な配当の実施に努め、ＤＯＥ（株主資本

配当率）3.6％以上の配当を基本方針とし、株主の皆様に利益還元を図っていく所存であります。

当社は、中間配当と期末配当の年２回の剰余金の配当を行うことを基本方針としております。

これらの剰余金の配当の決定機関は、中間配当については取締役会、期末配当については株主総会であります。

当期の配当につきましては、１株につき82円の普通配当（中間配当29円、期末配当53円）を実施することを予定しております。この結果、当事業年度の配当性向は35.5％となる予定であります。

内部留保資金につきましては、財務体質のさらなる充実と販売体制の強化を図るため、業容拡大の推移に従い、有効投資してまいりたいと考えております。

なお、当事業年度に係る剰余金の配当は次のとおりであります。期末配当に関する配当金の総額829,817千円及び１株当たり配当額53円につきましては、2026年６月26日開催予定の定時株主総会の決議事項となっております。

決議年月日

配当金の総額

（千円）

１株当たり配当額

（円）

2025年10月27日

453,814

29

取締役会決議

2026年６月26日

829,817

53

定時株主総会決議（予定）

 

次期の配当方針につきましては、2026年５月14日に公表した「配当方針の変更に関するお知らせ」に記載のとおり「連結配当性向40％以上又はＤＯＥ（株主資本配当率）4.8％以上の、いずれか高い方の基準に基づき配当を実施」することを基本方針としてまいります。"
1738,株式会社ニットー,2026-03-31,"３ 【配当政策】

当社は、配当につきましては、長期的に安定した利益還元を継続することを基本とし、あわせて配当性向、企業体質の強化と今後の事業展開に備えるための内部留保の充実等を勘案し、決定する方針を採っております。

当社の剰余金の配当は、期末配当の年１回を基本的な方針としております。配当の決定機関は、取締役会であります。

このような基本方針に基づき、第53期(2026年３月期)におきましては、１株当たり18円の配当を実施し、第53期の配当性向は24.8％となりました。

内部留保資金は、経営体質の一層の充実並びに営業所開設等の設備資金に充当し、今後の事業の拡大に努めていく所存であります。

なお、当社は中間配当を行うことができる旨を定めております。

 

(注)  基準日が当事業年度に属する剰余金の配当は、以下のとおりであります。

 














決議年月日



配当金の総額
(千円)



１株当たり配当額
(円)







2026年５月８日



取締役会決議



72,955



18.00"
173A,株式会社ハンモック,2026-03-31,"３ 【配当政策】

当社は、配当は株主に対する利益還元手段として経営の重要課題であると認識しております。配当政策につきましては、今後の事業展開と経営基盤の強化のために必要な内部留保を確保しつつ、継続的に配当を実施していくことを基本方針としております。

当事業年度の剰余金の配当につきましては、当期の業績、中長期的な見通し、資金状況等を総合的に考慮した結果、１株当たり40円としております。

内部留保資金の使途につきましては、長期的・持続的な事業発展のため、市場競争力を強化するための新製品開発、優秀な人材の確保等に重点投資し、さらなる事業の拡大に努めてまいります。

なお、剰余金を配当する場合には、期末配当の年１回を基本的な方針としており、配当の決定機関については取締役会となっております。また、取締役会の決議によって会社法第454条第５項に定める中間配当をすることができる旨を定款に定めております。

 

(注) 基準日が当事業年度に属する剰余金の配当は、以下のとおりであります。

 













決議年月日



配当金の総額

(千円)



１株当たりの配当額

(円)







2026年５月25日

取締役会決議



168,586



40"
1758,太洋基礎工業株式会社,2026-01-31,"３ 【配当政策】

当社は、これまで減配なく長期安定配当を継続中ですが、今回の中期経営計画にて株主資本も加味した長期安定配当の観点から、まずはＤＯＥ(株主資本配当率)目標1.5％の達成を目指す基本方針を掲げております。

 

つきましては、当事業年度第59期に属する剰余金の配当は、2026年４月23日の定時株主総会決議により、総額119百万円、１株当たり60円00銭を実施することを予定しております。

 













決議年月日



配当金の総額
(百万円)



１株当たり配当額
(円)







2026年４月23日

定時株主総会決議(予定)



119



60





 


 

また更に、第60期の配当を65円に増配(３期連続引上げ)するものと予想しております。"
175A,株式会社Ｗｉｌｌ　Ｓｍａｒｔ,2025-12-31,"３【配当政策】

当社は、事業基盤の整備状況や事業展開の状況、業績や財政状態等を総合的に勘案し、配当を検討しておりますが、当面は内部留保の充実を図り、さらなる成長に向けた事業の拡充や組織体制、システム環境の整備に対する投資等の財源として有効活用することが株主に対する最大の利益還元に繋がると考えております。

また、将来の配当実施の可能性及びその時期につきましては未定であります。

なお、剰余金の配当を行う場合には、期末配当の年１回を基本的な方針としておりますが、会社法第454条第５項に規定する中間配当を行うことができる旨を定款に定めております。また、会社法第459条第１項の規定に基づき、剰余金の配当に係る決定機関を取締役会とする旨を定款に定めております。"
1762,株式会社髙松コンストラクショングループ,2026-03-31,"３ 【配当政策】

当社は、株主の皆さまへの利益還元を経営の最重要政策のひとつと位置付け、永続的な発展に向けた経営基盤の強化拡充と、着実な株主還元の最適なバランスをはかる規律ある資本政策を遂行することを基本方針としています。

また、中期経営計画（2026年３月期～2028年３月期）の対象年度においては、配当性向40％程度、かつ累進配当を基本方針とし、年間の１株当たり配当金額の下限を90円に設定し、業績に連動した利益還元をおこなうこととしています。

当期（2026年３月期）の配当金につきましては、2026年３月期の親会社株主に帰属する当期純利益が11,426百万円と期初の予想を上回ったことを踏まえ、１株当たり年間配当金を期初予想の90円からさらに40円増額となる130円といたしました。その結果、配当性向は39.6％となりました。

次期（2027年３月期）の配当金につきましては、親会社株主に帰属する当期純利益の予想を125億円に上方修正（中期経営計画比25億円増加）したことにともない、144円（配当性向40.1％）を予定しております。内部留保資金につきましては、当社グループ全体において経営体質の一層の強化、充実ならびに今後の事業展開に役立てる等、中長期的な視点で有効に活用してまいります。

なお、当事業年度に係る剰余金の配当は以下のとおりであります。













決議年月日



配当金の総額（百万円)



１株当たり配当額（円)







2025年11月12日

取締役会決議



1,566



45.0







2026年５月13日

取締役会決議



2,959



85.0"
1764,工藤建設株式会社,2025-06-30,"３ 【配当政策】

当社は、株主に対する利益還元を経営における重要政策の一つであると考えており、将来の成長に向けた投資に必要な内部留保を確保しつつ、より安定的かつ業績に応じた配当を実施することを基本方針にしております。具体的には、業績にかかわらず安定的な配当を実施する観点から、純資産配当率(ＤＯＥ)2.5％を配当の下限水準としております。そのうえで、純資産配当率を2.5％とした場合の配当総額と、配当性向30％とした場合の配当総額のうち、いずれか大きい値を配当総額の基準として、各事業年度の利益状況や将来の事業展開等を総合的に勘案し、配当を行うことを基本方針としております。内部留保資金につきましては、事業拡大に伴う運転資金の確保と今後予想される経営環境の変化に対応すべく、企業体質の強化及び将来の事業展開のための財源として利用していく予定であります。

また、当社の剰余金の配当は、年１回の期末配当を基本方針としております。当社は「取締役会決議により毎年12月31日を基準日として中間配当を行うことができる」旨を定款に定めており、剰余金の配当の決定機関は、期末配当については株主総会、中間配当については取締役会としております。

第54期の期末配当につきましては、当事業年度の業績並びに今後の事業展開を勘案いたしまして、１株当たり117円となりました。

なお、当事業年度に係る剰余金の配当は以下のとおりであります。














決議年月日



配当金の総額



１株当たりの配当額







2025年９月26日

定時株主総会決議



145,165



千円



117円00銭"
1766,東建コーポレーション株式会社,2026-04-30,"３【配当政策】

当社は、配当については、長期的に安定した利益還元を継続することを基本とし、併せて配当性向、企業体質の一層の強化と今後の事業展開に備えるための内部留保の充実などを勘案して決定する方針を採っております。

当社は、中間配当と期末配当の年２回の剰余金の配当を行うことを基本方針としております。

これらの剰余金の配当の決定機関は、期末配当については株主総会、中間配当については取締役会であります。

このような基本方針に基づき、第50期(2026年４月期)における配当は、中間配当を実施せず、期末配当１株につき360円を、2026年７月28日開催予定の定時株主総会で決議して実施する予定であります。

当期の内部留保資金は、経営体質の一層の充実並びに将来の事業展開に充当する予定であります。

当社は、「取締役会の決議により、毎年10月31日の最終の株主名簿に記載または記録された株主若しくは登録株式質権者に対し、中間配当を行うことができる。」旨を定款に定めております。

なお、当事業年度に係る剰余金の配当は以下のとおりであります。

 













決議年月日



配当金の総額
(百万円)



１株当たり配当額
(円)







2026年７月28日

定時株主総会決議予定



3,996



360"
1768,株式会社ソネック,2026-03-31,"３【配当政策】

剰余金の配当につきましては、当社は、株主の皆様へ安定配当を行うことを基本とし、業績と配当性向などを勘案して実施いたしますとともに、経営環境が激変するなかで不測の事態に備えるため、また、財務体質を強化する観点から内部留保にも重きを置くことを基本方針としております。

また、中間配当と期末配当の年２回の剰余金の配当を行うことを基本方針としておりますが、経営環境が大変厳しく業績が不安定なため、当分の間、剰余金の配当につきましては、年１回の期末配当を行ってまいりたいと考えております。配当の決定機関は、中間配当は取締役会、期末配当は株主総会であります。

当期（第86期）の配当につきましては、上記の方針を踏まえ、１株当たり50円（普通配当50円）の期末配当を2026年６月25日開催予定の定時株主総会で決議して実施する予定であります。

内部留保資金につきましては長期的観点から企業体質の強化を図るとともに、今後とも株主の皆様への安定配当の維持に努めてまいりたいと考えております。

なお、当社は、「取締役会の決議によって、毎年９月30日を基準日として中間配当をすることができる。」旨を定款に定めております。

なお、当事業年度に係る剰余金の配当は、以下のとおりであります。期末配当に関する配当金の総額365,268千円及び１株当たり配当額50円につきましては、2026年６月25日開催予定の定時株主総会の決議事項となっております。

決議年月日

配当金の総額

（千円）

１株当たり配当額

（円）

2026年６月25日

365,268

50

定時株主総会決議（予定）"
176A,レジル株式会社,2025-06-30,"３ 【配当政策】

当社は、株主への利益の還元を経営の最重要政策の一つと位置付けております。利益の配分につきましては、将来の企業成長に必要な内部留保の確保に配慮しながら、株主の皆様には長期にわたって安定的な配当を継続することを基本方針としています。優先順位については、(1)設備投資、M&A・提携、人財育成等将来の企業成長に向けた投資、(2)配当としています。配当については、連結配当性向30％以上を目標としています。

当社の剰余金の配当は、中間配当及び期末配当の年２回を基本的な方針としております。配当の決定機関は、取締役会又は株主総会であります。

当事業年度の剰余金の配当につきましては、継続的な安定配当の基本方針のもと、１株当たり36円としております。

内部留保資金の使途につきましては、事業拡大を目的とした中長期的な事業原資として利用していく予定であります。

 

(注)  基準日が当事業年度に属する剰余金の配当は、以下のとおりであります。

 













決議年月日



配当金の総額
(千円)



１株当たり配当額
(円)







2025年９月26日

定時株主総会決議



687,349



36.00"
1770,藤田エンジニアリング株式会社,2026-03-31,"３【配当政策】

当社は、株主に対する安定的かつ積極的な株主還元を継続して実施していくことを基本方針としております。

当社は、中間配当と期末配当の年２回の剰余金の配当を行うことを基本方針としており、これらの剰余金の配当の決定機関は、期末配当については株主総会、中間配当については取締役会であります。

当事業年度の配当については、上記基本方針をもとに１株につき75円（中間配当30円、期末普通配当30円、期末記念配当15円）を予定しております。

内部留保資金については、今後の事業展開へ向けた財務体質と経営基盤の強化に活用して、さらなる事業の拡大に努めてまいる所存であります。

当社は、「取締役会の決議によって、毎年９月30日を基準日として中間配当をすることができる。」旨を定款に定めております。

なお、当事業年度に係る剰余金の配当は以下のとおりであります。

決議年月日

配当金の総額（千円）

１株当たり配当額（円）

2025年11月11日

取締役会決議

275,521

30

2026年６月26日

定時株主総会決議（予定）

413,282

45"
1771,日本乾溜工業株式会社,2025-09-30,"３ 【配当政策】

当社は、株主各位への利益還元を経営の重要課題と認識しており、安定的な経営基盤の確保に努め、株主配当につきましても、安定的に継続することを基本方針としております。

当事業年度の剰余金の配当につきましては、事業年度の業績、今後の事業展開及び財務状況並びに株主の皆様への利益配分等を総合的に勘案し、普通株式につきましては、１株当たり19円の配当としております。また、第１回優先株式につきましては発行要領の定めに従い、１株当たり12円の配当としております。

内部留保資金の使途につきましては、今後の事業展開への備えとしていくこととしております。

なお、当社は、期末配当と中間配当の年２回の剰余金の配当を行うことができる旨を定款に定めております。剰余金の配当の決定機関は、期末配当については株主総会、中間配当については取締役会であります。

 

（注）基準日が当事業年度に属する剰余金の配当は、以下のとおりであります。














決議年月日



株式の種類



配当金の総額

（千円）



１株当たり配当額

（円）







2025年12月19日

定時株主総会決議予定



普通株式



94,185



19







第１回優先株式



24,000



12"
1777,川崎設備工業株式会社,2026-03-31,"３ 【配当政策】

当社は創業以来一貫して株主各位への利益還元を重要な課題と考え、企業体質の改善、経営基盤の強化を図りながら、安定配当の継続を行うことを基本方針としております。

当社の剰余金の配当につきましては、中間配当および期末配当の年２回を基本としており、その決定機関は、中間配当は取締役会、期末配当は株主総会であります。

なお、当社は中間配当を行うことができる旨を定款に定めております。

当事業年度における剰余金の配当は、中間配当として１株につき25円（普通配当25円）を実施しており、期末配当として１株につき70円（普通配当25円、利益水準等を総合的に勘案した株主還元としての特別配当45円）を、2026年６月26日開催の定時株主総会で決議して実施する予定であります。なお、年間配当金は、１株につき95円となる見込みです。

 

(注) 基準日が当事業年度に属する剰余金の配当は、以下のとおりであります。













決議年月日



配当金の総額
(百万円)



１株当たり配当額
(円)







2025年10月31日

取締役会決議



299



25.0







2026年６月26日

定時株主総会決議（予定）



837



70.0"
177A,コージンバイオ株式会社,2026-03-31,"３ 【配当政策】

当社は、株主への利益還元を経営上の重要事項の一つとして位置づけております。一方、安定的な経営基盤の維持、及び将来の事業展開の備えとしての内部留保の充実を図ることも企業価値の向上のために重要と考えており、両者を比較衡量しながら事業年度における業績及び財務状況を総合的に勘案し、株主への利益還元を進めてまいります。

当社では、期末の年１回において、剰余金の配当を行うことを基本方針としておりますが、会社法第454条第５項に規定する中間配当を取締役会の決議によって行うことができる旨を定款に定めております。配当の決定機関は中間配当は取締役会、期末配当は株主総会であります。

当事業年度の剰余金の配当につきましては、上記方針のもと１株当たり10円とする予定であります。なお、内部留保資金の使途につきましては、今後の事業展開の備えと工場設備投資費用として投入していくこととしております。

 

なお、基準日が当事業年度に属する剰余金の配当は、以下のとおりであります。

 













決議年月日



配当金の総額

（千円）



１株当たり配当額

（円）







2026年６月26日

定時株主総会決議（予定）



51,116



10.00"
1780,株式会社　ヤマウラ,2026-03-31,"３ 【配当政策】

当社は、株主各位への利益還元及び内部留保の充実を経営上の重要課題の一つと認識しており、収益力の向上、財務体質の強化に努め、株主の裾野拡大を視野に入れた持続的・安定的な配当の継続を業績に応じて行うことを方針としております。

当社の剰余金の配当は、中間配当及び期末配当の年２回を基本的な方針としております。

配当の決定機関は、中間配当は取締役会、期末配当は株主総会であります。

当社は、「取締役会の決議により、毎年９月30日を基準日として、中間配当を行うことができる。」旨を定款に定めております。

なお、当事業年度の剰余金の配当は以下のとおりであります。期末配当に関する配当金の総額326,862千円及び１株当たり配当金17円につきましては、2026年６月26日開催予定の定時株主総会の決議事項となっております。













決議年月日



配当金の総額

(千円)



１株当たり配当額

(円)







2025年11月13日

取締役会決議



246,688



13.0







2026年６月26日

定時株主総会決議（予定）



326,862



17.0





 


（注1）2025年11月13日開催の取締役会決議による配当金の総額には、役員報酬BIP信託が所有する当社株式に対する配当金634千円が含まれております。

（注2）2026年６月26日開催の定時株主総会決議（予定）による配当金の総額には、役員報酬BIP信託及び株式付与ESOP信託が所有する当社株式に対する配当金5,100千円が含まれております。"
1783,株式会社ｆａｎｔａｓｉｓｔａ,2025-09-30,"３ 【配当政策】

当社は、利益配分につきましては、株主の皆様への利益還元、将来の事業展開及び経営体質の強化のために必要な内部留保の確保、安定した配当を基本方針としております。

当社は期末配当として年１回の剰余金の配当を行うことを基本方針としており、この期末配当の決定機関は、株主総会であります。当事業年度の配当につきましては、誠に遺憾ながらも無配としております。

今後、収益性の向上に努め、内部留保の充実をはかり、早期の復配を目指し、安定的な経営基盤の確保に努めてまいります。"
1786,オリエンタル白石株式会社,2026-03-31,"３ 【配当政策】

当社では、株主の皆様に対する利益還元を経営の重要課題と位置づけ、安定した利益配当を継続して実施することを基本方針としております。

剰余金の配当の決定機関は、中間配当については取締役会、期末配当については株主総会としております。

なお、当社は、会社法第454条第５項の規定により、取締役会の決議によって毎年９月30日を基準日として中間配当を行うことができる旨を定款に定めております。

内部留保資金の使途につきましては、継続的な研究開発、ケーソン設備・機材の更新、地域戦略や事業領域の拡大、施工の自動化・省力化の推進、工場の製造能力強化、港湾工事の強化、橋梁維持管理事業への投資、人的資本への投資等へ資金を投入していくこととしております。

（注）基準日が当事業年度に属する剰余金の配当













決議年月日



配当金の総額
(百万円)



１株当たり配当額
(円)







2025年11月12日



911



7.0







取締役会決議







2026年６月25日



976



7.5







定時株主総会決議予定"
1787,株式会社ナカボーテック,2026-03-31,"３ 【配当政策】

利益配分につきましては、継続的な安定配当を基本方針としつつ、 配当性向、自己株式の取得を含めた株主資本総還元率を総合的に勘案した株主還元を行っております。具体的指標として、2024年３月期からの３年間を対象とした中期経営計画「23中計」において、配当性向70％を目途とした継続的な株主還元に努める方針を、東京証券取引所に開示しております。

上記の基本方針や当期の業績等を踏まえ、当事業年度の期末配当につきましては、１株当たり335円を予定しております。

また、内部留保金につきましては、今後の経営環境の変化に対応すべく、財務体質の強化及び将来の事業展開に充当する予定であり、資金の有効活用による企業価値向上を図っていく方針であります。

なお、当社は、毎年９月30日を基準日として、中間配当を行うことができる旨を定款に定めております。配当の決定機関は、期末配当については株主総会、中間配当については取締役会であります。

基準日が当事業年度に属する剰余金の配当は、以下のとおりであります。













決議年月日



配当金の総額
(千円)



１株当たり配当額
(円)







2026年６月26日

定時株主総会決議（予定）



821,424



335"
1788,株式会社三東工業社,2025-06-30,"３【配当政策】

利益配分につきましては、経営成績に応じた配分を基本として、株主の皆様への安定的な利益還元と経営体質の強化を重要な経営方針の一つとして位置づけ、今後の事業展開等を勘案して決定することとしております。当社の剰余金の配当は、年１回の期末配当を基本的な方針としております。配当の決定機関は期末配当を株主総会で決定しております。当期の配当金につきましては、１株につき100円（うち、普通配当70円、特別配当30円）の配当を実施することに決定いたしました。内部留保資金につきましては、長期安定的な経営基盤強化のための原資として有効に活用させていただき営業力の強化と収益力の一層の向上に努めていく所存であります。
当社は、「取締役会の決議により、毎年12月31日を基準日として、中間配当を行うことができる。」旨を定款に定めております。
なお、当事業年度に係る剰余金の配当は以下のとおりであります。

決議年月日

配当金の総額（千円）

１株当たり配当額(円）

令和７年９月26日

定時株主総会決議

62,233

100"
1793,株式会社大本組,2026-03-31,"３ 【配当政策】

当社は、中期経営計画（2024～2026年度）において、財務安全性を維持しつつ、資本効率を意識した積極的かつ安定的な株主還元を実施する旨を株主還元方針として定めております。これに基づいて、当中期経営計画期間におきましては、配当性向70％を目安とする累進配当を配当方針としております。

当期(第89期)の期末配当につきましては、上記の方針を踏まえつつ、今後の経営環境を総合的に勘案した上で、普通配当１株当たり50円として、2026年６月25日開催予定の株主総会で決議して実施する予定であります。これにより、第89期（2026年３月期）の配当性向は70.1％となります。

なお、内部留保資金の使途につきましては、長期安定的な経営基盤の確立に向けて、財務体質の強化に努めるとともに、競争力強化及び効率性向上のための有効投資を行う予定であります。

当社の剰余金の配当は、期末配当の年１回を基本的な方針としております。

配当の決定機関は、中間配当は取締役会、期末配当は株主総会であります。

なお、当社は会社法第454条第５項に規定する中間配当を行うことができる旨を定款に定めております。

(注) 基準日が当事業年度に属する剰余金の配当は、以下のとおりであります。














決議年月日



配当金の総額(百万円)



１株当たり配当額(円)







2026年６月25日



定時株主総会決議（予定）



1,292



50.0





 


(注) 2026年６月25日開催の定時株主総会決議予定による配当金の総額には、株式付与ＥＳＯＰ信託が保有する自社の株式に対する配当金20百万円が含まれております。"
1795,株式会社マサル,2025-09-30,"３【配当政策】

当社は、株主の皆様に対する利益還元を最も重要な経営課題の一つと位置づけ、業績に裏付けられた利益配分を、安定的且つ継続的に行うことを基本方針としております。また、当社グループを取り巻く経営環境を見据え、健全な経営基盤の構築と将来の事業展開に向けた内部留保の充実を目指し、財務体質の強化に努めるとともに、事業基盤拡充を図るための有効投資を行い、株主の皆様のご期待に応えてまいる所存であります。

剰余金の配当につきましては、年１回の期末配当で行うことを基本方針としており、この剰余金の配当の決定機関は、株主総会であります。

当期の期末配当金につきましては、上記基本方針並びに経営成績を総合的に勘案し、１株当たり160円の配当に決定いたしました。

なお、当社は、「取締役会の決議により、毎年３月31日を基準日として、中間配当を行うことができる。」旨を定款に定めております。

当事業年度に係る剰余金の配当は以下のとおりであります。

決議年月日

配当金の総額

(千円)

１株当たり配当額

(円)

2025年12月24日

142,334

160

定時株主総会決議"
1798,株式会社守谷商会,2026-03-31,"３【配当政策】

当社は、株主の皆様に対する利益還元を経営の重要課題の一つと認識しており、中期経営計画（2026年度～2028年度）において、安定的かつ充実した利益配分を基本方針とするとともに、2028年度の配当性向30％以上を掲げています。また、当社は、期末配当として年１回の剰余金の配当を行うことを基本方針としており、その決定機関は株主総会です。なお、「取締役会の決議によって毎年９月30日を基準日として中間配当を行うことができる。」旨を定款第54条に定めています。

当期の配当につきましては、上記の方針を踏まえつつ、当期の業績、今後の経営環境等を勘案するとともに、当社は2026年４月２日をもって創業110周年を迎えましたが、これまでご支援いただきました株主の皆様に感謝の意を表するため、１株につき30円の記念配当を加え、１株当たり180円（普通配当150円、創業110周年記念配当30円）の配当を実施することを予定しております。

内部留保金につきましては、業界における競争激化に対処し、財務の安全性を高め、信用力・支払能力の強化による受注及び仕入の優位性を確保するとともに、コスト競争力を高めるための設備投資等の資金需要、新規事業に向けた投資等に備えるものであり、将来的には収益の向上を通じて株主の皆様に還元できるものと考えています。

なお、当事業年度に係る剰余金の配当は以下のとおりです。期末配当に関する配当金の総額392,569,200円及び１株当たり配当額180円につきましては、2026年６月19日開催予定の定時株主総会の決議事項となっています。

決議年月日

配当金の総額

（百万円）

１株当たり配当額

（円）

2026年６月19日

392

180.00

定時株主総会決議

（予定）"
1799,第一建設工業株式会社,2026-03-31,"３【配当政策】

当社の配当政策は、数年間の業績を考慮し安定的な配当の継続を重視するとともに、記念すべき節目においては経営成績や今後の事業展開等を勘案し、記念配当等により株主還元の充実を図ることを基本方針としております。

当社は、中間配当と期末配当の年２回の剰余金の配当を行うことができる制度を整備しておりますが、基本的には期末配当によって行う方針であります。

これら剰余金の配当の決定機関は、期末配当・中間配当ともに取締役会ですが、基本的に期末配当については株主総会に付議いたします。

当事業年度の期末配当につきましては、上記方針に基づき株主の皆様のご支援にお応えするため、2026年５月13日に公表いたしました「剰余金の配当に関するお知らせ」に記載のとおり、１株当たり130円の普通配当を30円増配し、１株当たり合計160円の配当を実施する予定であります。

内部留保資金については、株主還元の充実のほか、持続的成長の実現及び事業基盤の強化等に必要な設備投資をしていきたいと考えております。

なお、第84期に係る剰余金の配当は以下のとおりであります。期末配当に関する配当金の総額28億３千２百万円及び１株当たり配当額160円につきましては、2026年６月25日開催予定の定時株主総会の決議事項となっております。

決議年月日

配当金の総額（百万円）

１株当たり配当額（円）

2026年６月25日

2,832

160

定時株主総会決議（予定）"
1801,大成建設株式会社,2026-03-31,"３ 【配当政策】

当社は、財務規律の保持と成長投資枠の優先的な確保を図りつつ、長期的な安定配当を前提とした下限付き配当性向30％に加え、財務政策に基づく機動的な自己株式取得等の株主還元を行うことを基本方針としております。

この方針に基づき、当期の期末配当金につきましては、当期の業績及び今後の経営環境等を総合的に勘案し、１株当たり185円の配当を実施することといたしました。

これにより、中間配当金を加えた当期の配当金は、１株につき310円（配当性向30.2％）となります。

また、次期より、株主還元の更なる充実を目的として配当性向を引き上げ、「下限付き配当性向40％」といたします。

この方針に基づき、次期の配当金につきましては、当初予想の連結当期純利益に対する配当性向40％である１株当たり年380円（うち中間配当金190円。配当性向41.0％。）を下限として設定し、業績が予想を上回る場合には、配当性向40％に基づき配当予想を上方修正いたします。

なお、自己株式取得についても、成長投資を最優先としつつ、継続して機動的に実施する方針であります。

当社は、会社法第454条第５項に規定する中間配当を行うことができる旨を定款で定めており、毎事業年度における配当は期末と中間の２回行うこととしております。これらの配当の決定機関は、期末は株主総会、中間は取締役会であります。

(注）当期を基準日とする剰余金の配当は次のとおりであります。














決議年月日



配当金の総額
（百万円）



１株当たり配当額
（円）







2025年11月11日



取締役会決議



20,570



125.00







2026年６月23日



株主総会決議（予定）



30,180



185.00"
1802,株式会社大林組,2026-03-31,"３【配当政策】

当社は、企業価値の向上に向けて、建設産業の担い手減少が見込まれる中で、安全と品質を最優先に建設業の社会的使命を果たし続けるため、人材・ＤＸ・技術への投資や生産力拡充のための投資を強化し持続可能な利益を創出するとともに、競争優位を確立できる領域において機会を捉えた成長投資等を積極的に実行し利益の拡大を図る。資本効率性の向上の観点から、建設事業及び関連する当社グループの事業の成長に合わせ、事業毎の投下資本を設定し、各事業の資本構成を検討したうえで自己資本の必要額を設定し、戦略的な株主還元を実施する。

普通配当については、長期安定配当の維持を第一に、「自己資本配当率（ＤＯＥ）５％程度」を目安とした配当を行う方針としている。

＜参考：「自己資本配当率（ＤＯＥ）５％程度」に基づく普通配当＞

ＤＯＥ５％＝｛（前期末自己資本＋当期末自己資本）÷２｝×５％→普通配当総額（中間＋期末）の目安

また、普通配当に加え、特別配当や自己株式取得などの手法により、必要自己資本額と利益の状況に応じて株主還元を機動的に実施する（当社グループの収益力や財務状況、株価純資産倍率（ＰＢＲ）等を勘案して総合的に判断する）。

なお、利益水準の中長期的な改善傾向に合わせて自己資本配当率（ＤＯＥ）の目安は見直していく。

 

（剰余金の配当の決定機関等）

当社は、中間配当については取締役会（※）、期末配当については株主総会を決定機関として、年２回剰余金の配当を行うこととしている。

当事業年度に係る剰余金の配当は以下のとおりである。

※ 当社は、会社法第454条第５項に規定する中間配当をすることができる旨を定款に定めている。

決議年月日

配当金の総額

（百万円）

１株当たり配当額

（円）

2025年11月５日

28,594

41

取締役会決議

2026年６月29日

32,347

47

定時株主総会決議（予定）"
1803,清水建設株式会社,2026-03-31,"３ 【配当政策】

当社は、長期的発展の礎となる財務体質の強化と安定配当を基本方針とし、１株当たり配当金の下

限を年間20円としたうえで、成長により稼得した利益を連結配当性向40％を目安に還元する方針とし

ております。

剰余金の配当は、中間配当と期末配当の年２回の配当を行うことを基本方針としており、これらの配当の決定機関は、中間配当については取締役会、期末配当については株主総会であります。

また、当社は、取締役会の決議によって、毎年９月30日を基準日として中間配当をすることができる旨を定款に定めております。

なお、第124期に係る剰余金の配当は以下のとおりであります。期末配当に関する配当金の総額33,960百万円及び１株当たり配当額50円につきましては、2026年６月26日開催予定の定時株主総会の決議事項となっております。

 

決議年月日

配当金の総額

１株当たり配当額

2025年11月７日

14,884百万円

22円

取締役会決議

2026年６月26日

33,960百万円

50円

定時株主総会決議（予定）

 

内部留保資金については、財務体質の健全性を維持しつつ、事業・人財投資等の持続的成長及び更なる企業価値向上に向けた投資や、資本コストや株価を意識した経営の実現に向けた資本政策等に活用する考えであります。"
1807,株式会社佐藤渡辺,2026-03-31,"３ 【配当政策】

当社の利益配分につきましては、経営体質の強化および将来の事業展開に備えての内部留保の充実等を勘案のうえ、業績に対応し、配当性向も考慮しつつ安定した配当を維持することを基本としております。

当社の剰余金の配当は、中間配当および期末配当を基本的な方針としております。配当の決定機関は、中間配当は取締役会、期末配当は株主総会であります。

当事業年度の剰余金の配当につきましては、業績および今後の経営環境等を総合的に勘案し、１株当たり80.0円（うち中間配当金40.0円）としております。

内部留保資金については、財務体質の充実、将来に向けた研究開発および設備投資等に充当する予定であります。

なお、当社は、会社法第454条第５項に規定する中間配当を行うことができる旨を定款に定めております。

 

（注）基準日が当事業年度に属する剰余金の配当は、以下のとおりであります。

期末配当に関する配当金の総額249百万円および１株当たり配当額40円については、2026年６月25日開催予定の

定時株主総会の決議事項となっております。













決議年月日



配当金の総額(百万円)



１株当たり配当金(円)







2025年11月10日

取締役会決議



249



40







2026年６月25日

定時株主総会決議



249



40"
1808,株式会社　長谷工コーポレーション,2026-03-31,"３ 【配当政策】

当社は、2025年２月に策定した「中期経営計画（2026年３月期～2031年３月期）」において、以下の内容を株主還元方針としております。

＜株主還元方針＞

① ６期合計の親会社株主に帰属する当期純利益に対して、総還元性向50％程度

② 安定的な配当を継続、かつ計画期間内においては累進配当を実施

③ 必要に応じ、機動的な自己株式の取得も実施

当社は、取締役会の決議によって中間配当をすることができる旨を定款に定めております。なお、当社における配当の決定機関は、中間配当については取締役会、期末配当については株主総会であります。

当社は株主の皆様への利益還元の機会を充実させるために、年２回の配当を行う方針としております。

当事業年度の剰余金の配当につきましては、上記方針に基づき、１株当たり年95円（うち中間配当45円）としております。

また、内部留保金につきましては、成長戦略投資等に有効活用してまいります。

 

なお、当事業年度に係る剰余金の配当は以下のとおりであります。

 













決議



配当金の総額
(百万円)



１株当たり
配当額
(円)







2025年11月12日

取締役会（注）１



12,231



45.00







2026年６月26日

定時株主総会（予定）（注）２



13,449



50.00





 


（注）１ 配当金の総額には、「株式給付信託（ＢＢＴ）」及び「株式給付型ＥＳＯＰ」の信託財産として所有する当
社株式に対する配当金195百万円が含まれております。

２ 配当金の総額には、「株式給付信託（ＢＢＴ）」及び「株式給付型ＥＳＯＰ」の信託財産として所有する当
社株式に対する配当金217百万円が含まれております。"
1810,松井建設株式会社,2026-03-31,"３ 【配当政策】

当社は、今後の事業展開と経営体質強化のために必要な内部留保を確保しつつ、当面の間、株主還元強化として、連結配当性向50％程度を目安とする安定した配当を継続していくことを基本方針としている。

また、中間配当と期末配当の年２回の剰余金の配当を行うことを基本的な方針としており、これらの剰余金の配当の決定機関は、期末配当については株主総会、中間配当については取締役会である。

当事業年度（第97期）の剰余金の配当については、中間配当は１株当たり26円00銭を実施し、期末配当は１株当たり52円00銭を、2026年６月26日開催予定の定時株主総会で決議して実施する予定である。

また、内部留保金は、経営基盤充実のための原資と考えており、これは将来の利益に貢献し、かつ、株主各位への安定的な配当に寄与するものと考えている。

なお、「当会社は、取締役会の決議によって、毎年９月30日の最終の株主名簿に記載または記録された株主または登録株式質権者に対し、中間配当を行うことができる。」旨を定款に定めている。

当事業年度の剰余金の配当は次のとおりである。














決議年月日



配当金の総額（百万円）



１株当たり配当額（円）







2025年11月13日



取締役会決議



746



26.00







2026年６月26日



定時株主総会決議（予定）



1,483



52.00"
1811,株式会社錢高組,2026-03-31,"３【配当政策】

当社は、将来の成長に備えた経営基盤の強化を図るため、内部留保の充実に配慮しつつ、株主の皆様への安定的な利益配当を継続することを基本方針としております。また、配当は株主総会の決議を経て年１回の期末配当を実施しております。

当事業年度の配当については、経営成績並びに今後の事業展開等を勘案し、１株当たり120円の配当とすることを2026年６月25日開催予定の第95回定時株主総会で決議する予定であります。

内部留保資金は、より熾烈化する競争に対処し、経営成績の向上に資するべく、顧客ニーズに応えうる企業体質の強化、新技術の開発等の資金需要に備えるものであると考えております。

なお、当事業年度に係る配当は次のとおりであります。

決議年月日

配当金の総額

（百万円）

１株当たり配当額

（円）

2026年６月25日

859

120.0

定時株主総会決議

（予定）"
1812,鹿島建設株式会社,2026-03-31,"３ 【配当政策】

当社は、持続的な成長と企業価値向上を目指し、財務の健全性を維持した上で、成長投資と株主還元のバランスを考慮した利益配分を行うことを基本方針としている。配当については、配当性向40％を目安として実施するとともに、業績、財務状況及び経営環境を勘案し、自己株式の取得など機動的な株主還元を行うこととする。

当社は、中間配当と期末配当の年２回の剰余金の配当を行うことを基本方針としており、これらの剰余金の配当の決定機関は、中間配当については取締役会、期末配当については株主総会である。なお、当社は、会社法第454条第５項の規定により、取締役会の決議によって毎年９月30日を基準日として中間配当を行うことができる旨を定款で定めている。

このような方針のもと、当事業年度の業績等を踏まえ、１株当たり年146円の配当（うち中間配当金56円）を実施する予定である。

当事業年度の剰余金の配当は次のとおりである。














決議年月日



配当金の総額（百万円）



１株当たり配当額（円）







2025年11月11日



取締役会決議



26,197



56.00







2026年６月26日



定時株主総会決議（予定）



42,102



90.00





 


 

なお当社は、2026年６月26日開催予定の定時株主総会の議案（決議事項）として、「定款一部変更の件」を提案しており、当該議案が原案どおり承認可決された場合、当社は会社法第459条第１項の規定により、剰余金の配当等の決定を取締役会の決議をもって行うことができる旨を定款に定めることとなる。"
1813,株式会社不動テトラ,2026-03-31,"３ 【配当政策】

当社は、株主に対する利益還元と経営基盤の強化を重要な経営課題と位置付け、安定した株主還元を継続することを基本方針としている。

株主還元については、この基本方針を踏まえ、中期経営計画（2024～2026年度）での資本政策の基本方針では、キャッシュの配分については、成長投資と株主還元を両立させることとし、利益還元として連結配当性向40％程度（配当金１株当たり60円以上）の目標を定めている。

当事業年度（第80期）の株主還元については、上記の方針および目標のもと、１株当たり115円の剰余金の配当を予定している。

なお、これにより連結配当性向は39.0％となる。

 

(注）基準日が当事業年度に属する剰余金の配当は、以下のとおりである。期末配当に関する配当金の総額1,759百万円および１株当たり配当額115円については、2026年６月23日開催予定の定時株主総会の決議事項となっている。














決議年月日



配当金の総額
(百万円)



１株当たり配当額
(円)







2026年6月23日

定時株主総会決議（予定）



1,759



115.00"
1814,大末建設株式会社,2026-03-31,"３【配当政策】

株主の皆様への利益還元につきましては、株主の裾野拡大を視野に入れた持続的・安定的な株主還元を念頭に、当期の業績、将来の見通し等を総合的に勘案して決定すべきものと考えております。また、配当方針として、更なる企業価値の向上に向けて積極的な成長投資と安定的な株主還元を行うという考えのもと、総還元性向50％以上かつＤＯＥ4.0％以上としております。なお、将来の事業環境や業績等に想定外の変化が生じた場合には、配当方針の見直しを実施する予定であります。

配当の決定機関は、株主総会または取締役会であります。当社は、会社法第459条第１項の規定に基づき、取締役会の決議をもって剰余金の配当等を行うことができる旨を定款に定めております。また、会社法第454条第５項に規定する中間配当をすることができる旨を定款に定めております。

当期の配当につきましては、１株当たり年183円（中間配当87円、期末配当96円）とさせていただきました。また、次期の剰余金の配当につきましても、上記の基本方針を踏まえ、１株当たり年186円（中間配当93円、期末配当93円）とする予定であります。今後も安定配当に向けての経営基盤の強化と持続的成長のための施策に取り組んでまいります。

内部留保資金の使途につきましては、経営基盤の長期安定に向けた財務体質の強化及び事業の継続的な拡大発展を実現させるための資金として活用していく所存であります。

なお、当事業年度に係る剰余金の配当は以下のとおりであります。

決議年月日

配当金の総額(百万円）

１株当たりの配当（円）

2025年11月６日

917

87.0

取締役会決議

2026年５月21日

1,011

96.0

取締役会決議"
1815,鉄建建設株式会社,2026-03-31,"３【配当政策】

当社は、株主の皆様への利益還元を経営上の重要課題の一つと認識し、安定的かつ継続的な配当の実施に努めています。中期経営計画2028においては、配当性向50％程度を目安とするとともに、累進配当を基本方針として株主還元の充実を図ってきました。この基本方針に基づき、当期の配当金につきましては、１株当たり年170円を予定しています。

また、剰余金の配当は、年１回期末配当を行うことを基本方針としており、剰余金の配当の決定機関は株主総会です。

次期以降の利益配分につきましては、2026年５月14日に公表した「中期経営計画2028＜パーパスを基軸としたアップデート＞」のとおり、これまでの配当性向及び累進配当を基本とした考え方から、株主還元のさらなる強化及び資本効率の向上を重視する観点に加え、業績変動の影響を受けにくい安定的な株主還元の実現を図るため、2026年度以降はＤＯＥ（自己資本配当率）を指標とした配当方針へ変更（導入）します。具体的には、ＤＯＥ４％以上を目安とし、安定的かつ持続的な株主還元の充実を図っていきます。あわせて、自己株式の取得につきましては、財務状況や市場環境等を総合的に勘案し、機動的に実施してまいります。

基準日が当事業年度に属する剰余金の配当は、以下のとおりです。

決議年月日

配当金の総額

（百万円）

１株当たり配当額

（円）

2026年６月25日

2,376

170

定時株主総会決議（予定）"
1820,西松建設株式会社,2026-03-31,"３ 【配当政策】

当社は、永続的な発展に向けた経営基盤の強化のため、内部留保の充実を図りつつ、安定的かつ継続的に利益還
元していくことを配当の基本方針としております。また、2024年度より、配当方針を配当性向から自己資本配当率
（DOE）５％程度に変更しております。

当社は、会社法第454条第５項の規定に基づき、取締役会の決議により毎年９月30日を基準日として中間配当をすることができる旨を定款に定めており、期末配当と合わせて年２回の剰余金の配当を行っております。配当の決定機関は、中間配当は取締役会、期末配当は株主総会であります。

当事業年度の剰余金の配当につきましては、上記の基本方針等に基づき、中間配当は１株当たり100円を実施しており、期末配当は１株当たり130円を、2026年６月26日開催予定の定時株主総会で決議して実施する予定であります。

 

(注) 基準日が当事業年度に属する剰余金の配当は、以下のとおりであります。













決議年月日



配当金の総額(百万円)



１株当たり配当額(円)







2025年10月31日

取締役会決議



3,969



100







2026年６月26日

定時株主総会決議（予定）



5,160



130"
1822,大豊建設株式会社,2026-03-31,"３【配当政策】

利益配分については、長期的発展の礎となる財務体質の充実を図りつつ、株主各位への安定的な配当の維持及び向上を図っていくことを基本方針としています。また、期末配当において年１回の剰余金の配当を行うことを基本方針としており、機動的に中間配当を実施可能としております。これらの配当の決定機関は、期末は株主総会、中間は取締役会であります。
この方針のもと、株主還元策の一環として継続的な配当の実施可能性及び資金需要を勘案し、2028年３月期までの連結配当性向70%以上を目標としております。当事業年度（第77期）の配当については、当期の業績並びに経営環境を総合的に勘案し、１株当たり34円の配当を予定しております。

当社は、会社法第454条第５項に規定する中間配当を行うことができる旨を定款で定めております。
また、内部留保については、今後予想される建設業界の競争激化に対処するため、新技術の開発等の投資に活用し、企業体質と企業競争力のさらなる強化に取り組む所存であります。

 

当事業年度の剰余金の配当は次のとおりであります。

決議年月日

配当金の総額（百万円）

１株当たりの配当額（円）

2026年６月26日

定時株主総会決議（予定）

3,020

34"
1826,佐田建設株式会社,2026-03-31,"３ 【配当政策】

＝配当方針＝











 基本方針 ： ＤＯＥ６％を目標

 適用期間 ： 中期経営計画期間（2028年3月期まで)において適用





 


当社の剰余金の配当は、年１回の期末配当を基本方針としており、配当の決定機関は株主総会であります。

当期の配当につきましては、１株について60円00銭を決議する予定であります。

(注)  基準日が当事業年度に属する剰余金の配当は、以下のとおりであります。期末配当に関する配当金の総額722百万円及び１株当たり配当額60円については、2026年６月26日開催予定の定時株主総会の決議事項となっております。

 













決議年月日



配当金の総額
(百万円)



１株当たり配当額
(円)







2026年６月26日

定時株主総会決議予定



722



60.00"
1827,株式会社ナカノフドー建設,2026-03-31,"３ 【配当政策】

当社グループは、株主に対する利益還元と企業体質の強化を基本課題として、業績と将来の見通しを総合的に勘案して配当を決定する方針をとっている。

また、中期経営計画(「中計86」対象期間：2026年３月期～2028年３月期)では、財務健全性の維持向上と成長に向けた投資の両面を考慮して株主還元を実施する方針としている。内部留保資金については、財務体質の強化、設備投資などに活用し、企業体質と競争力の一層の強化に取り組んでいく。

なお、当社の剰余金の配当は、年１回の期末配当を行うことを基本方針としており、剰余金の配当の決定機関は、株主総会である。

当事業年度の期末配当については、これらの配当政策により、当期の業績及び財務状況に鑑み、従前の計画より株主還元の充実を図るため、直近の配当予想より８円増配し、１株当たり38円の配当を行うこととした。

 

基準日が当事業年度に属する剰余金の配当は、次のとおりである。期末配当に関する配当金の総額1,305百万円及び１株当たり配当額38円については、2026年６月26日開催予定の定時株主総会の決議事項となっている。













決議年月日



配当金の総額
(百万円)



１株当たりの配当額
(円)







2026年６月26日

定時株主総会決議(予定)



1,305



38.0"
1828,田辺工業株式会社,2026-03-31,"３【配当政策】

当社は、財務体質と経営基盤の強化を図りつつ、毎期の業績、新規投資、連結配当性向を総合的に勘案しながら、株主の皆様へは連結配当性向35％～40％を目安とし、安定的な配当と持続的な増配に努めることを基本方針としております。

内部留保金につきましては、企業基盤の強化のため、新技術開発のための研究開発投資、教育への投資等、有効に活用してまいります。

当社は、中間配当と期末配当の年２回の剰余金の配当を行うことができる制度を整備しております。基本的には、期末配当によって行う方針であります。

これらの剰余金の配当の決定機関は、期末配当については株主総会、中間配当については取締役会であります。

上記方針に基づき、当期の期末配当につきましては、１株につき100円とすることを2026年６月24日開催予定の定時株主総会で決議する予定であります。

なお、当社は、「取締役会の決議により、毎年９月30日を基準日として、中間配当を行うことができる。」旨を定款に定めております。

当事業年度に係る剰余金の配当は次のとおりであります。

決議年月日

配当金の総額

（千円）

１株当たり配当額

（円）

2026年６月24日

1,049,845

100.0

定時株主総会決議（予定）"
1832,株式会社北海電工,2026-03-31,"３ 【配当政策】

当社は、利益配分については、安定配当の継続を基本方針としております。

配当の決定機関は、中間配当は取締役会、期末配当は株主総会であります。

当事業年度の期末配当については、上記方針及び当事業年度の業績などを総合的に勘案して１株当たり10円とさせていただく予定であります。これにより、先に実施いたしました中間配当金10円と合わせ、当事業年度の１株当たり年間配当金は20円とさせていただく予定であります。

内部留保資金については、電力流通設備の拡充・維持など社会的使命の強い業務を行っていることから、長期的に健全な経営基盤を確立するために設備投資・技術開発等に充当し、企業体質の強化を図ることとしております。

当社は、「取締役会の決議により、毎年９月30日を基準日として、中間配当を行うことができる。」旨を定款に定めております。

なお、当事業年度に係る剰余金の配当は以下のとおりであります。

 

（注）期末配当に関する配当金の総額207百万円及び１株当たり配当額10円については、2026年６月26日開催予定の定時株主総会の決議事項となっております。













決議年月日



配当金の総額
（百万円）



１株当たり配当額
（円）







2025年10月29日

取締役会決議



207



10







2026年６月26日

定時株主総会決議（予定）



207



10"
1833,株式会社奥村組,2026-03-31,"３ 【配当政策】

当社は、健全な財務内容を維持しつつ、資本効率（ＲＯＥ）の向上を図ることにより、中長期的な企業価値の増大を目指しています。
利益配分については、経営上の最重要課題の一つと認識しており、株主還元政策を以下のとおりとしています。

 

〔基本方針〕

安定的な配当を継続することを前提としたうえで、業績に応じた成果の配分を行うとともに、自己株式取得を機動的に実施する

 

〔中期経営計画（2025～2027年度）期間中の方針〕

連結配当性向※1 70％以上

（業績にかかわらず自己資本配当率（ＤＯＥ）※2 2.0％を下限とする）

※１ 連結配当性向＝年間配当総額（中間＋期末） ÷ 親会社株主に帰属する当期純利益

〔一過性の特殊要因（為替予約評価損益）による影響を除く〕

２ 自己資本配当率（ＤＯＥ）＝ 年間配当総額（中間＋期末） ÷ 自己資本

 
当社の剰余金の配当は、中間配当及び期末配当の年２回行うことを基本方針としており、配当の決定機関は、中間配当は取締役会、期末配当は株主総会としています。また、当社は中間配当を行うことができる旨を定款に定めています。

当事業年度の年間配当金については、上記の株主還元政策に基づき、１株当たり297円（連結配当性向70.2％）を予定しています。

内部留保資金については、収益力及び技術力の強化等を図り、経営基盤を一層強固なものにするための有効投資、安定的な利益配分の原資に充てる所存です。

当事業年度の剰余金の配当は次のとおりです。













決議年月日



配当金の総額
(百万円)



１株当たり配当額
(円)







2025年11月13日

取締役会決議



3,975



110







2026年６月26日

定時株主総会決議（予定）



6,757



187"
1835,東鉄工業株式会社,2026-03-31,"３ 【配当政策】

当社は、利益配分につきましては、安定的な配当を継続するとともに、株主資本の充実や設備投資に備えた内部留保を行いつつ、収益に対応した配当を行うことを基本方針としております。

この方針に基づき、期末配当金につきましては、当社グループの当期の業績や今後の事業展開を総合的に勘案し、１株当たり80円を、2026年６月25日開催予定の第83回定時株主総会で決議して実施する予定であります。これにより、中間配当金70円と合わせました当期の年間配当金は１株当たり150円となる予定であります。

なお、当社は、会社法第454条第５項に規定する中間配当をすることができる旨を定款に定めております。

これにより当社の剰余金の配当は、毎年９月30日を基準日とした中間配当及び３月31日を基準日とした期末配当の年２回行うことを基本的方針とし、配当の決定機関は中間配当については取締役会、期末配当については株主総会としております。

当事業年度の剰余金の配当は次のとおりであります。

 













決議年月日



配当金の総額(千円)



１株当たりの配当額(円)







2025年11月13日

取締役会決議



2,416,871



70







2026年６月25日

定時株主総会決議(予定)



2,762,132



80"
1840,株式会社土屋ホールディングス,2025-10-31,"３【配当政策】

当社は、株主に対する安定的な利益還元を経営の最重要政策として位置付けており、効果的な業務運営による収益力の向上、財務体質の強化を図りながら、業績に裏付けられた成果の配分を行うこととし、中間配当と期末配当の年２回の剰余金の配当を行うことを基本方針としております。

この方針のもと、当事業年度の配当につきましては、１株当たり10円00銭の配当を実施いたします。

当社は、剰余金の配当等会社法第459条第１項各号に定める事項においては、法令に別段の定めがある場合を除き、株主総会の決議によらず取締役会の決議により定めることができる旨、及び中間配当の基準日は、毎年４月30日、期末配当の基準日は、毎年10月31日、このほか、基準日を定めて剰余金の配当をすることができる旨を定款に定めております。

内部留保資金につきましては、激変する社会情勢と予想される同業他社との競争激化に対処し、今まで以上のコスト競争力の強化及び市場ニーズに応える商品開発などへの投資に有効活用し、今後の利益向上及び株式価値の向上に努めてまいります。

なお、当事業年度に係る剰余金の配当は以下のとおりであります。

決議年月日

配当金の総額

（千円）

１株当たり配当額

（円）

2025年12月15日

257,749

10

取締役会決議"
1844,株式会社大盛工業,2025-07-31,"３【配当政策】

当社は、株主に対する利益還元を経営の最重要政策の一つとして位置付け、安定した配当を継続的に行うことを基本方針としており、これらの配当の決定機関は中間配当については取締役会、期末配当については株主総会であります。

なお、2025年７月期の配当は、2025年10月29日開催の当社第59回定時株主総会議案として付議し、１株当たり11.5円とすることを提案する予定であります。

内部留保金につきましては、継続的な運営を図るため、財務強化に充当いたします。

なお、当事業年度に係る剰余金の配当は以下のとおりであります。

決議年月日

配当金の総額

（千円）

１株当たり配当額

（円）

2025年10月29日

214,523

11.5

定時株主総会決議予定

当社グループは、株主に対する利益還元を経営の最重要政策の一つとして位置づけ、経営基盤の強化と事業領域拡大のためのＭ＆Ａ等に必要な資金を確保しつつ、継続的な配当を実施してまいりました。

今後も、事業環境や財務状況を総合的に勘案しつつ、株主の信用と信頼に応えるべく、配当性向40％以上の実施を基本方針として一層の配当政策の充実に努めてまいります。"
1847,株式会社イチケン,2026-03-31,"３【配当政策】

当社は、事業の成長・拡大及び財務基盤の安定化による企業価値の向上と、株主様への直接的な利益還元である配当の安定的な実施に重点を置き、利益配分につきましては、今後の成長・拡大に備えた内部留保の充実を考慮して決定することを株主還元の基本方針としております。

当社の剰余金の配当は、中間配当と期末配当の年２回行うことを基本方針としております。

これらの剰余金の配当の決定機関は、期末配当については株主総会、中間配当については取締役会であります。

当事業年度（第100期）の配当につきましては、上記方針に基づき１株当たり230円の配当（うち中間配当65円）を実施する予定であります。これにより、当事業年度の配当性向は26.8％を予定しております。

また、内部留保資金につきましては、今後予想される経営環境の変化に対応すべく、安定した財務内容の堅持と競争力を保持するために有効な投資をしてまいります。

なお、当社は「取締役会の決議により、毎年９月30日を基準日として中間配当を行うことができる。」旨を定款に定めております。

当事業年度に係る剰余金の配当は以下のとおりであります。

決議年月日

配当金の総額

（百万円）

１株当たり配当額

（円）

2025年11月13日

471

65.00

取締役会決議

2026年６月25日

1,197

165.00

定時株主総会決議（予定）

 

（注）2026年４月１日付で普通株式１株につき２株の割合で株式分割を行っております。上記は当該株式分割前の配当金の額を記載しております。"
1848,株式会社富士ピー・エス,2026-03-31,"３【配当政策】

当社は、株主の皆様に対する利益還元を経営の最重要課題の一つと位置付けており、財務体質の強化と積極的な事業展開に必要な内部留保の充実を図りながら、安定配当を実施することを基本方針としております。

当社は、中間配当と期末配当の年２回の剰余金の配当を行うことを基本方針としております。

当社は、「会社法第459条第１項の規定に基づき、取締役会の決議をもって剰余金の配当等を行うことができる。」旨、また、「剰余金の配当等を株主総会の決議によっては行わない」旨を定款に定めております。

また、当社は中期経営計画「VISION2030」において、配当性向20％超を目指すとしておりますが、2024年５月15日に開示いたしましたとおり、中長期的な企業価値の向上に向けて、株主還元強化による株価向上施策の一環として配当性向40％を目指すことといたしました。

当事業年度の配当につきましては、当期の連結業績及び株価向上に資する株主還元強化を勘案し、株主の皆様の日頃のご支援にお応えするため、１株当たり配当を前事業年度の13円から９円増配し、１株当たり22円（配当性向(連結)39.1％）としております。また、次期の配当予想につきましては、中間配当は見送り、期末配当は当事業年度から３円増配となる１株当たり25円（配当性向(連結)43.7％）を予定しております。なお、中期経営計画「VISION2030」においては、配当性向を株主還元方針の指標としておりますが、配当性向には期間損益の影響を受けやすいという特性があることから、安定的な配当を実施するために株主資本配当率（DOE）を配当検討の際の指標として加えており、当期の株主資本配当率は3.1％（連結）であります。

なお、当事業年度に係る剰余金の配当は以下のとおりであります。

決議年月日

配当金の総額（百万円）

１株当たり配当額（円）

2026年５月22日

396

22.00

取締役会"
184A,株式会社学びエイド,2026-04-30,"３ 【配当政策】

当社は、企業価値を継続的に拡大し、株主に対する利益還元を行うことを重要な経営課題として認識しております。今後の配当政策につきましては、健全な財務体質の維持及び将来の事業拡大に備えるための内部留保のバランスを図りながら、各期の経営成績及び財政状態を勘案して、利益配当による株主に対する利益還元の実施を基本方針としております。内部留保資金につきましては、経営体質の強化と事業拡大を目的とした中長期的な事業原資として利用していく予定であります。

また、当事業年度の配当につきましては、今後の事業拡大に備えて内部留保の充実を図る観点から配当を実施しておりません。

剰余金の配当を行う場合、年１回の期末配当を基本方針としており、期末配当の決定機関は株主総会となっております。また、当社は基準日を定めて剰余金の配当をすることができる旨を定款に定めております。

なお、当社は中間配当を行うことができる旨を定款に定めております。"
1850,南海辰村建設株式会社,2026-03-31,"３ 【配当政策】

当社は、剰余金の配当等会社法第459条第１項各号に定める事項につきましては、法令に別段の定めのある場合を除き、取締役会の決議により定めることとしております。また、剰余金の配当は、基準日を毎年３月31日とした期末配当を基本方針としており、このほか基準日を定めて剰余金の配当をすることができる旨、定款に定めております。
株主還元につきましては、財務健全性とのバランスを考慮しつつ、安定的な配当の維持と機動的な自己株式の取得を基本方針としております。内部留保金は財務体質の強化並びに将来の事業展開に必要な諸投資における資金需要に充当していくとともに、業績等を総合的に勘案して配当を実施していく考えであります。
以上の基本方針に基づき、当期の実績結果や今後の業績見通し等を総合的に勘案した結果、前期の１株につき６円配当から２円増配し、１株につき８円配当とさせていただきました。

 

当事業年度の剰余金の配当は、以下のとおりであります。













決議年月日



配当金の総額

（百万円）



１株当たりの配当額

（円）







2026年４月28日

取締役会決議



230



8.0"
1852,株式会社淺沼組,2026-03-31,"３ 【配当政策】

利益配分につきましては、株主への利益還元を最重要施策の一つとして考え、それを実現するため、将来の事業展開に必要な新技術を開発しつつ、会社の競争力の維持強化に努め、業績に裏付けられた成果配分を行うことを基本方針としております。

本基本方針に加え、直近の業績動向および中期３ヵ年計画(2024～2026年度)における連結配当性向70％以上とする株主還元計画を勘案し、2026年２月10日および2026年３月19日に開示しました「配当予想の修正（増配）に関するお知らせ」の通り、当期の期末配当金につきましては、１株につき29円を予定しております。これにより、中間配当金（１株につき16円）を加えた年間配当金は、１株につき45円（連結配当性向70.0％）となります。

次期につきましては、中期３ヵ年計画（2024年度～2026年度）の株主還元計画の通り、効果的な投資への資金を確保しつつ引き続き連結配当性向70％以上を維持いたします。

また、当社は株主の皆さまへの利益還元の機会を充実させるために、2025年３月期より中間配当制度を導入しており、業績動向および上記基本方針を勘案し、中間配当金は１株につき17円、期末配当金は１株につき28円を予想しております。

なお、中間配当については取締役会（※）、期末配当については株主総会を決定機関として、年２回剰余金の配当を行うこととしております。期末配当は2026年６月25日開催予定の第91期定時株主総会の決議をもって正式に決定するものです。

 

（※）当社は、会社法第454条第５項の規定に基づき、取締役会の決議をもって中間配当ができる旨を定款に定めており

ます。

 

当事業年度の剰余金の配当は次のとおりであります。

決議年月日

配当金の総額(百万円)

１株当たりの配当額(円)

2025年11月11日

取締役会決議

1,291

16.0

2026年６月25日

定時株主総会決議予定

2,341

29.0"
1853,株式会社　森組,2026-03-31,"３【配当政策】

当社は、株主の皆さまへの利益還元を経営の最重要課題の一つと考えております。配当につきましては、中長期的な視点から安定的に配当を継続することを基本として、安定した企業活動を営むため、内部留保の状況、業績の見通し、将来の事業展開等を総合的に勘案し、配当性向35％以上を基準としております。

当社は、年１回期末に剰余金の配当を行うことを基本方針としており、この剰余金の配当の決定機関は、株主総会であります。

当事業年度の期末配当につきましては、上記の配当に関する基本方針に基づき、１株当たり14円の普通配当を実施することを予定しております。この結果、当事業年度の配当性向は49.5％となる予定であります。

なお、当事業年度に係る剰余金の配当は以下のとおりであります。期末配当に関する配当金の総額458百万円及び１株当たり配当額14円につきましては、2026年６月26日開催予定の定時株主総会の決議事項となっております。

決議年月日

配当金の総額

（百万円）

1株当たりの配当額

（円）

2026年６月26日

458

14

定時株主総会決議（予定）"
1860,戸田建設株式会社,2026-03-31,"３ 【配当政策】

利益配分については、株主の皆様への継続的な安定配当の実施と、競争力及び財務体質の強化に不可欠な内部留保の確保を勘案の上、業績及び経営環境に応じた利益還元を行うことを基本方針としております。内部保留金の使途については、財務の健全性を維持しつつ、持続的な成長や企業価値向上に資する投資等に活用します。また、2025年５月15日公表の「ＴＯＤＡグループ『中期経営計画2027』の策定について」において、株主・投資家の皆様との対話、当社グループの業績・財政状況、今後の経営環境等を勘案した上で、DOE（純資産配当率）3.5％以上、ただし総還元性向70％程度としております。

当期（2026年３月期）の配当については、上記の方針を踏まえ、１株当たり38円の配当を行うことを2026年６月26日開催の定時株主総会で決議する予定であります。これにより、中間配当金を加えた当期の配当金は、１株につき58円となる予定であります。

当社は、会社法第454条第５項に規定する中間配当を行うことができる旨を定款で定めており、毎事業年度における配当は期末と中間の２回行うこととしております。これらの配当の決定機関は、期末は株主総会、中間は取締役会であります。

 

(注) 基準日が当事業年度に属する剰余金の配当は、以下のとおりであります。













決議年月日



配当金の総額
（百万円）



１株当たり配当額
（円）







 2025年11月13日

 取締役会決議



6,076



20.00







2026年６月26日

定時株主総会決議（予定）



11,387



38.00"
1861,株式会社　熊谷組,2026-03-31,"３【配当政策】

配当政策としては、経営基盤の強化並びに事業収益拡大のために内部留保の充実を図りつつ、当期業績や中長期の業績見通し及び経営環境等を勘案し、株主へ適正かつ安定的に利益還元していくことを基本方針としている。

毎事業年度における配当については、2025年６月27日開催の第88期定時株主総会の議案「定款一部変更の件」の承認可決により中間配当制度を導入し、中間配当と期末配当の年２回行うこととした。なお、これらの配当の決定機関は、中間配当については取締役会、期末配当の決定機関は株主総会である。

当事業年度の配当については、上記方針及び中期経営計画に基づき中間配当は１株当たり80円を実施した。なお、これを2025年10月１日付で実施した普通株式１株につき４株の割合の株式分割実施後に換算すると、１株につき20円に相当し、期末配当と合わせた年間配当金は１株47円となる。この結果、当事業年度の配当性向は44.6％となる予定である。

また、当事業年度に係る剰余金の配当は以下のとおりである。

決議年月日

配当金の総額

（百万円）

１株当たり配当額

（円）

2025年11月13日

3,456

80.00

取締役会決議

2026年６月26日

4,614

27.00

定時株主総会決議（予定）

(注) 当社は、2025年10月１日付で普通株式１株につき４株の割合で株式分割を行っている。2025年11月13日開催の取締役会決議による１株当たり配当額については、当該分割前の金額を記載している。"
1866,北野建設株式会社,2026-03-31,"３【配当政策】

当社グループでは、株主の皆様に対する利益還元を常に経営上の最重要課題と認識し、内部留保の充実により経営体質の強化を図りつつ、安定した配当を継続していくことを基本方針に据えています。また、内部留保金につきましては、健全な財務体質の堅持、優良開発案件への取り組み等に活用し、同業他社に対する優位性を引き続き発揮できるよう努力して参る所存です。

当社グループは、期末配当として年１回の剰余金の配当を行う事を基本方針としており、その決定機関は株主総会です。

期末配当金につきましては、当連結会計年度の業績を踏まえ、株主の皆様に利益還元すべく、１株当たり30円の配当を実施することを決定しました。なお、次期の期末配当金につきましても、１株当たり30円を予定しています。

当社は、取締役会の決議により、毎年９月30日を基準日として、中間配当を行うことができる旨を定款に定めています。

（注）基準日が当事業年度に属する剰余金の配当は、以下のとおりです。

決議年月日

配当金の総額（百万円）

１株当たり配当額（円）

令和８年６月25日

729

30

定時株主総会決議"
1867,株式会社植木組,2026-03-31,"３【配当政策】

当社の利益配分につきましては、株主の皆様に対する安定的な利益還元に考慮するとともに、財務体質の強化と将来的な事業展開、連結業績等を勘案して決定することを基本方針としております。
当社は、中間配当と期末配当の年２回の剰余金の配当を行うことを基本方針としております。
これらの剰余金の配当については、会社法第459条第１項の規定に基づき、剰余金の配当等を取締役会決議により行うことができる旨を定款に定めております。

当期の利益配分につきましては、１株につき120円とさせていただきました。
今後の利益配分につきましても、上記の基本方針を継続していく予定であります。
 
なお、当事業年度に係る剰余金の配当は以下のとおりであります。

決議年月日

配当金の総額

(千円)

１株当たり配当額

(円)

2026年４月30日

789,020

120

取締役会"
1869,名工建設株式会社,2026-03-31,"３【配当政策】

当社は安定収益を確保して、株主資本の充実や設備投資に備えた内部留保を行いながら、累進配当を継続し、配当性向については、2027年3月期（「第19次経営計画」最終年度）に30％程度、2030年3月期（「第20次経営計画」最終年度）に50％程度を目標とすることを基本方針としております。

当社グループの当期の業績や今後の事業展開を総合的に勘案し、１株当たりの配当は年58円と増配することにいたします。

配当金支払については、中間配当を実施する事としており、2025年11月に１株につき21円をお支払いしました。当期の期末配当は2026年６月に１株につき37円をお支払いし、中間・期末合計で年58円配当を実施致しました。

なお、当社は、株主に機動的な利益還元を行うため、会社法第459条第１項の規定に基づき、取締役会の決議により、「毎年３月31日を基準日として、剰余金の配当等を行う事が出来る」旨及び「毎年９月30日を基準日として、中間配当を行う事が出来る」旨を定款に定めております。

 

当事業年度に係る剰余金の配当は以下の通りであります。

決議年月日

配当金の総額

（百万円）

１株当たり配当額

（円）

2025年10月31日

530

21.0

取締役会決議

2026年5月18日

933

37.0

取締役会決議"
186A,株式会社アストロスケールホールディングス,2026-04-30,"３ 【配当政策】

当社は株主に対する利益還元を経営上の重要課題の一つとして位置付けていますが、宇宙技術の研究開発には多額の初期投資が必要であり、その投資回収も長期にわたる傾向にあります。当社グループも創業以来、継続的に営業損失及び当期損失を計上しております。

このような状況の中で、当社は積極的な開発推進によって市場の形成を急ぎ、当社グループの成長を推進し、その結果として企業価値を向上させることが、株主利益の最大化に繋がるとの考えており、これを基本方針としております。

内部留保資金につきましては、経営基盤を長期的に安定させるための財務体質の強化及び将来の継続的な事業展開を実現するための投資資金として、有効に活用する方針であります。

当社は、上記の方針から創業以来配当を実施せず内部留保を優先しており、今後の配当の実施時期等については未定であります。

なお、当社は、会社法第459条第１項の規定に基づき各号に定める事項については、法令に別段の定めがある場合を除き、株主総会の決議によらず取締役会の決議により定めることができる旨を定めております。剰余金の配当を行う場合、配当の決定機関は取締役会であり、毎年４月30日を基準日とした期末配当、毎年10月31日を基準日とした中間配当のほか、基準日を定めて剰余金の配当をすることができる旨を定款に定めております。"
1870,矢作建設工業株式会社,2026-03-31,"３【配当政策】

当社は、経営基盤の強化と企業価値の向上に向けて、長期的な視点に立って株主資本の充実に努めるとともに、企業収益の配分については、継続的かつ安定的な株主還元を実施することを基本方針としております。なお、配当方針につきましては、自己資本配当率（DOE）５％以上、かつ累進配当を目標としており、毎期の具体的な配当金額は、各期の連結業績や財務状況等を総合的に勘案のうえ、決定してまいります。

また、中間配当と期末配当の年２回の剰余金の配当を行うこととしており、剰余金の配当の決定機関は「剰余金の配当等会社法第459条第１項各号に定める事項については、法令に別段の定めのある場合を除き、株主総会の決議によらず取締役会の決議によって定める。」旨定款に定めております。

当事業年度の期末配当金につきましては、前期より１株につき15円増配の55円とさせていただきました。これにより中間配当金１株につき45円とあわせまして、年間配当金は１株につき100円となります。

なお、内部留保資金につきましては、2030年度の目指す姿の実現に向け、収益力の向上と経営基盤の強化を図るため、技術開発や設備投資をはじめとする成長投資に活用してまいります。

また、自己株式の取得につきましては、成長投資の状況及び市場動向等に鑑み、必要に応じて臨機応変に実施を検討してまいります。

当事業年度の剰余金の配当は次のとおりであります。

決議年月日

配当金の総額

（百万円）

１株当たり配当額

（円）

2025年11月６日

1,953

45.0

取締役会決議

2026年５月12日

2,395

55.0

取締役会決議"
1871,ピーエス・コンストラクション株式会社,2026-03-31,"３【配当政策】

当社は株主に対する配当政策を最重要課題の一つとして位置づけ、健全な経営基盤を維持するため、内部留保を確保しつつ、継続的かつ安定的な配当を実施していくことを基本方針としております。また、中間配当と期末配当の年２回の剰余金の配当を行うことを基本とし、決定機関については、期末配当を株主総会、中間配当を取締役会としております。なお、当社グループは「中期経営計画2025（2025年度～2027年度）」を策定しており、計画期間の配当性向は、単年度で60％以上を目指すこととしております。

当期の配当金につきましては、「中期経営計画2025（2025年度～2027年度）」の株主還元策及び当期業績の利益増加等を総合的に勘案し、期末配当金は普通株式１株当たり80円の期末配当を実施することを予定しております。これにより、すでに実施いたしました中間配当金40円と合わせた年間配当金は普通株式１株当たり120円の配当金となる予定であります。

また、内部留保につきましては、企業価値の最大化へ向け、ＰＣ技術を応用した新工法・新技術の開発、工場の再構築、並びに情報関連投資等に活用して、経営基盤の強化を図るとともに、当社グループの今後の事業展開及び企業競争力の強化に努めてまいる所存です。

当社は、会社法第454条第５項に規定する取締役会の決議により、毎年９月30日を基準日として、中間配当を行うことができる旨を定款に定めております。

なお、当事業年度に係る剰余金の配当は以下のとおりであります。期末配当に係る配当金の総額3,791百万円及び１株当たり配当額80円につきましては、2026年６月22日開催予定の定時株主総会の決議事項となっております。

決議年月日

株式の種類

配当金の総額

（百万円）

１株当たり配当額

（円）

2025年11月11日

普通株式

1,895

40.0

取締役会決議

2026年６月22日

普通株式

3,791

80.0

定時株主総会決議（予定）"
1873,株式会社日本ハウスホールディングス,2026-04-30,"３ 【配当政策】

当社は、株主の皆様に対する利益還元を重要政策のひとつと考えており、安定的な配当の維持を基本に、経営基盤の強化に必要な内部留保の確保などを総合的に勘案し、利益還元を行っていく方針であります。

当社は、期末配当として年１回の剰余金の配当を行うことを基本方針としております。なお「取締役会の決議によって毎年10月31日を基準日として中間配当をすることができる。」旨を定款に定めております。これらの剰余金の配当の決定機関は、期末配当については株主総会、中間配当については取締役会であります。

当事業年度の剰余金の配当につきましては、上記の方針に基づき、中間配当金として１株につき５円を実施いたしました。また、期末配当金として１株につき７円を、2026年７月23日開催予定の定時株主総会にて決議する予定であります。

 

（注）基準日が当事業年度に属する剰余金の配当は、以下のとおりであります。














決議年月日



株式の種類



配当金の総額



１株当たり配当額







（百万円）



（円）







2025年12月５日

取締役会



普通株式



199



5







2026年７月23日

第58期定時株主総会



普通株式



279



7"
1878,大東建託株式会社,2026-03-31,"３ 【配当政策】


(1) 配当政策

当社では、株主に対する利益還元を最重要経営課題の一つと位置づけ、配当金につきましては、連結業績に応じた利益還元分として連結配当性向50％を目標として設定しています。また、当社は、中間配当と期末配当の年２回の剰余金の配当を行うことを基本方針としており、配当の決定については、会社法第459条第１項の規定に基づき、取締役会の決議をもって剰余金の配当等を行うことができる旨を定款に定めています。ただし、期末配当金につきましては、株主の意向を反映するため、定時株主総会の決議により決定することを原則としています。

この方針に基づき、当期の期末配当金につきましては、2026年６月26日開催予定の定時株主総会で承認されますと１株当たり82円となる予定です。

なお、当社は2025年10月１日付で普通株式１株につき５株の割合で株式分割を実施しているため、中間配当金342円と期末配当金82円は株式分割の前後で基準が異なり、年間配当金は単純合算して表示しておりません。株式分割を考慮した場合の中間配当金は１株当たり68.4円、年間配当金は１株当たり150.4円相当となり、前事業年度から１株当たり7.6円増配、当期の配当性向は、50.3％となる見込みです。

なお、株式分割を考慮した場合の前事業年度の中間配当金は１株当たり57.4円、年間配当金は１株当たり142.8円相当です。


(注)  基準日が当事業年度に属する剰余金の配当は、以下のとおりです。













決議年月日



配当金の総額
（百万円）



１株当たり配当額
（円）







2025年10月31日

取締役会



22,805



342







2026年６月26日

定時株主総会決議予定



26,742



82





 


 


(2) 自己株式の取得・消却

当社グループを取り巻く経営環境や株式市場の動向、財務状況や成長投資等を総合的に勘案し、必要に応じて自己株式の取得・消却の実施を検討することとします。

 


(3) 内部留保資金の使途

内部留保資金については、財務体質強化のために有利子負債返済の原資とするほか、将来成長のための開発投資へも振り向け、継続的な企業価値並びに株主利益の拡大に注力していきます。"
1879,新日本建設株式会社,2026-03-31,"３ 【配当政策】

当社は、株主に対する利益還元を重要な経営方針のひとつとして位置づけており、安定配当の維持、継続を勘案しつつ業績に応じた配分を行っております。また、財務体質のより一層の強化と今後の事業展開に備え、内部留保の充実に努める方針であります。

剰余金の配当は、中間配当及び期末配当の年２回を基本的な方針としております。配当の決定機関は、中間配当は取締役会、期末配当は株主総会であります。

当事業年度の配当については、期末配当を１株当たり37円とし、中間配当30円と合わせて前期より11円増配し、67円としております。この結果、当事業年度の配当性向は29.4％、純資産配当率は3.2％となりました。

内部留保資金については、将来の事業展開に向けた企業体質の強化のため有効活用してまいります。

なお、取締役会の決議によって、毎年９月30日を基準日として中間配当を行うことができる旨を定款に定めております。

(注)  基準日が当事業年度に属する剰余金の配当は、以下のとおりであります。期末配当に関する配当金の総額2,164百万円及び１株当たり配当額37円については、2026年６月26日開催予定の定時株主総会の決議事項であります。

 













決議年月日



配当金の総額(百万円)



１株当たり配当額(円)







2025年11月14日

取締役会決議



1,754



30







2026年６月26日

定時株主総会決議（予定）



2,164



37"
1882,東亜道路工業株式会社,2026-03-31,"３ 【配当政策】

当社は、剰余金の配当等の決定に関する基本方針を「配当性向100％を基準とし、ＤＯＥ８％を目指す」こととしております。

当社の剰余金の配当は、中間及び期末配当の年２回を基本的な方針としております。また、配当の決定機関は株主総会であります。
当事業年度の剰余金の配当につきましては、上記基本方針のもと、中間配当は１株当たり45円を実施し、期末配当は１株当たり45円を2026年６月26日開催予定の定時株主総会で決議して実施する予定であります。

内部保留金の使途につきましては、今後の事業展開に必要な設備投資及び研究開発等に充当していくこととしております。

(注)基準日が当事業年度に属する剰余金の配当は、以下の通りです。














 



決議年月日



配当金の総額
（百万円）



１株当たり配当額
（円）







 



2025年11月７日

取締役会決議



2,079



45







 



2026年６月26日

定時株主総会決議（予定）



2,079



45"
1885,東亜建設工業株式会社,2026-03-31,"３ 【配当政策】

当社の剰余金の配当は、中間配当・期末配当の年２回を基本方針としております。配当の基準日は、毎年９月30日および３月31日とし、各基準日における最終の株主名簿等に記載又は記録された株主、登録株式質権者又は信託財産の受託者に対して、株主総会決議によりお支払いすることとしております。

株主還元につきましては、2026年３月16日公表の「中期経営計画〈2026 - 2028〉」にてお知らせのとおり、配当性向を40％以上とし、安定的な配当を確保するとともに、利益向上時により充実した株主還元を行うことを目標として掲げております。併せて、自己株式取得は、今後の事業環境や財務状況を踏まえて、株主還元の一環として機動的に実施いたします。

当期の株主配当金につきましては、当期の業績、経営状況及び当社を取り巻く経営環境などを総合的に勘案し、１株につき38円の中間配当を実施しました。期末配当は、１株につき62円を、第136回定時株主総会に付議いたします。

内部留保資金につきましては、財務体制の健全性を維持しつつ、既存事業の高度化、事業領域の拡大並びに経営基盤の強化のための投資に活用してまいります。

 

（注）基準日が当事業年度に属する剰余金の配当は、以下のとおりであります。













決議年月日



配当金の総額（百万円）



１株当たり配当額（円）







2025年12月５日

取締役会決議



3,059



38







2026年６月26日

定時株主総会決議

(予定)



5,072



62"
1887,日本国土開発株式会社,2026-05-31,"３ 【配当政策】

当社は、株主の皆様に対する利益還元を経営の重要課題の一つとして位置づけており、業績と経営環境を勘案のうえ、企業体質の強化や将来の事業展開に備えるための内部留保を確保しつつ、安定的な配当を維持することを基本方針としております。

「中期経営計画2027」では、収益力の回復を前提にDOEの水準を段階的に引き上げる方針としており、2026年５月期は「DOE2.5％水準」、2027年５月期は「DOE2.5～3.0％水準」を計画しております。

上記方針及び当期の業績を勘案し、当期の期末配当につきましては、2026年８月27日開催予定の定時株主総会にて１株あたり15円と決議して実施する予定であります。これにより、中間配当金10円を加えた年間配当金は、１株あたり25円となります。

基準日が当事業年度に属する剰余金の配当は、以下のとおりであります。













決議年月日



配当金の総額
(百万円)



１株当たり配当額
(円)







2026年１月14日

取締役会決議



804



10.0







2026年８月27日

定時株主総会決議（予定）



1,206



15.0





 


(注) １．2026年８月27日開催予定の定時株主総会決議による１株当たり配当額15.0円には特別配当5.0円が含まれております。

２．2026年１月14日開催の取締役会決議による配当金の総額には、「株式給付信託（Ｊ－ＥＳＯＰ）」の信託財産として株式会社日本カストディ銀行（信託Ｅ口）が保有する当社株式に対する配当金6百万円が含まれております。

３．2026年８月27日開催の定時株主総会にて決議して実施する予定の配当金の総額には、「株式給付信託（Ｊ－ＥＳＯＰ）」の信託財産として株式会社日本カストディ銀行（信託Ｅ口）が保有する当社株式に対する配当金9百万円が含まれております。

 

（ご参考：「中期経営計画2027」における株主還元方針）

当社は、2025年７月15日に公表した2025年度を初年度とする３カ年計画の「中期経営計画2027」において、株主還元に関する目標水準を「DOE2.5〜3.5％」へと引き上げました。

これにより、株主還元の安定性を維持しつつ、収益力の回復を前提に還元額の順次拡大を図ることで、中長期的な株式保有を促進し、株主価値の向上を目指してまいります。"
1888,若築建設株式会社,2026-03-31,"３【配当政策】

当社は、剰余金の配当等会社法第459条第１項各号に定める事項については、法令に別段の定めのある場合を除き、株主総会の決議によらず取締役会の決議によって定める旨を当社定款に定めており、剰余金の配当等の決定機関は取締役会であります。

当社は、剰余金の配当として年１回の期末配当を行うことを基本方針としております。

当社は、「中期経営計画（2024年度-2026年度）」におきまして、株主還元方針を「純資産配当率（ＤＯＥ）3.6％を下限とする配当性向40％以上（単体）」としております。

当期の期末配当につきましては、2026年５月26日の取締役会決議に基づき、１株当たり普通配当135円とさせていただきます。これにより、単体のＤＯＥは3.6％、単体の配当性向は40.4％となります。

次期の利益配分につきましては、資本効率性を重視しながら中長期的に安定的な株主還元を目指すため、配当の目標を純資産配当率（ＤＯＥ）3.7％、配当性向42.9％（単体）と設定しております。

内部留保資金につきましては、長期的な株主利益を念頭に置き、引き続き企業体質の強化や収益力確保のために有効投資してまいります。

なお、当事業年度に係る剰余金の配当は以下のとおりであります。

決議年月日

配当金の総額

（百万円）

１株当たり配当額

（円）

2026年５月26日

1,732

135

取締役会決議"
1892,徳倉建設株式会社,2026-03-31,"３【配当政策】

当社は、利益は「株主への還元」、「安定的な配当の維持」及び「長期的な視野に立った企業体質の強化」にバランスよく配分する事が重要であると考えております。したがって、企業価値を高め、将来的な発展を視野に入れた利益配分を基本としております。

当事業年度の期末配当金につきましては、業績や経営環境を総合的に勘案し、前期末配当より20円増配することとし、１株につき200円としました。

なお、次期の期末配当につきましては、さらに普通配当20円、創立80周年記念配当30円を増配することとし、１株当たり250円を予定しております。

当社は毎年３月31日を基準日として、年１回の剰余金の配当を行うことを基本方針としており、配当の決定機関は株主総会であります。

当事業年度の剰余金の配当は次のとおりであります。

 

決議年月日

配当金の総額（百万円）

１株当たりの配当額（円）

2026年６月26日

定時株主総会決議

423

200.00"
1893,五洋建設株式会社,2026-03-31,"３ 【配当政策】

(1) 利益配分の基本方針

資本の充実ならびに設備投資などの成長投資を行うとともに、株主への継続的かつ安定的な配当に加え、自己株式取得による株主還元の充実及び資本効率の向上を図る。

 

(2) 株主還元の目標

資本コストや株価を意識した経営実践のため、当中期経営計画（2026～28年度）の期間を、企業価値向上を更に促進させる期間と位置づけ、積極的な株主還元を実施する。

① 連結配当性向 40％以上（35％以上から引き上げ）

② 自己株式取得 300億円（2026年度から３年間）

毎事業年度、中間期（下期）と決算期（翌事業年度上期）にそれぞれ約50億円の自己株式取得を実施する予定（年間の連結還元性向20％以上）

なお、2026年５月８日開催の取締役会において、3,600千株（50億円）を上限とする自己株式の取得を決議している。

 

(3) 剰余金の配当の決定機関等

当社は、会社法第454条第５項に規定する中間配当を行うことができる旨を定款に定めており、剰余金の配当の決定機関は、中間配当については取締役会、期末配当については株主総会である。当事業年度の剰余金の配当については、中間配当は１株当たり17円を実施し、期末配当は１株当たり31円を、2026年６月24日開催予定の定時株主総会で決議して実施する予定である。

当事業年度に係る剰余金の配当は以下のとおりである。













決議年月日



配当金の総額（百万円）



１株当たり配当額（円）







2025年11月７日

取締役会決議



4,710



17







2026年６月24日

定時株主総会決議（予定）



8,492



31





 


 

(4) 株主還元の実績と計画














 



年間配当



自己株式取得



総還元性向







2024年度



24円(54.5％)



50億円(2025年度上期）



94.6％







2025年度（予定）



48円(38.1％)



100億円(2025年度下期、2026年度上期)



66.9％







2026年度（計画）



52円(40.1％)



100億円(2026年度下期、2027年度上期)



68.6％"
1897,金下建設株式会社,2025-12-31,"３【配当政策】

利益配分につきましては、今後の事業展開に必要な内部留保を勘案しつつ、株主に対し安定した配当の継続を基本方針としております。

当社における剰余金の配当は、年１回期末配当を行うこととしており、配当の決定機関は株主総会であります。

当事業年度の配当につきましては、上記方針に基づき１株当たり50円の配当を実施することといたしました。この結果、当事業年度の配当性向は47.7％となりました。

内部留保資金につきましては、中長期的な視野に立って経営環境の変化等への対応に備えるとともに、今後の事業展開に有効に活用してまいります。

なお、当事業年度の剰余金の配当は以下のとおりであります。

決議年月日

配当金の総額（百万円）

１株当たり配当額（円）

2026年３月26日

105

50

定時株主総会決議（予定）"
1898,世紀東急工業株式会社,2026-03-31,"３ 【配当政策】

当社は、持続的成長に向けた経営基盤の強化および収益力の維持・向上を図りつつ、当期の業績、財務内容、今後の経営環境等を総合的に勘案しながら、安定的・継続的な配当の実施に努めることを基本方針とし、また、現行の「中期経営計画（2024-2026年度）」では、資本効率と財務健全性のバランスを重視しながら、中長期的に安定的かつ積極的な配当を透明性をもって実現していくために、株主還元指標を「DOE（純資産配当率）６％を目標」と定めております。

上記方針に基づき、当事業年度の期末配当につきましては、１株につき36円を予定しており、既に実施いたしました１株あたり35円の中間配当と合わせて、年間配当は１株につき71円、DOEは6.1％となる予定です。

なお、有価証券報告書提出日現在における次期の配当予想につきましては、１株あたり75円（中間配当37円、期末配当38円）といたしております。

 

(注) 基準日が当事業年度に属する剰余金の配当は、以下のとおりであります。













決議年月日



配当金の総額（百万円）



１株当たり配当額（円）







2025年11月６日

取締役会決議



1,282



35







2026年６月23日

定時株主総会決議（予定）



1,318



36"
1899,株式会社福田組,2025-12-31,"３ 【配当政策】

当社は、持続的な企業価値の向上と更なる事業展開を進めるとともに、健全なグループ経営基盤を維持するため、内部留保の充実を図りながら、経営環境やグループ業績の動向を総合的に勘案して利益還元に努めていくことを基本方針としております。

当社は、中間配当と期末配当の年２回の剰余金の配当を行うことができる制度を整備しておりますが、基本的には、期末配当によって行う方針であり、会社法第459条第１項第４号の規定に基づき、取締役会の決議によって剰余金の配当等を行うことができる旨を定款に定めております。また、取締役会の決議により、毎年６月30日を基準日として、金銭による剰余金の配当(中間配当)を行うことができる旨も定款に定めております。

当事業年度の配当金につきましては、親会社株主に帰属する当期純利益が当初予想ならびに業績予想の修正値を更に超える結果になったことを勘案し、１株当たり年260円配当を実施することといたしました。この結果、当連結会計年度の配当性向は38.8％となりました。

 

当事業年度に係る剰余金の配当は以下のとおりであります。

 













決議年月日



配当金の総額
(百万円)



１株当たり配当額
(円)







2026年２月25日



2,179



260







取締役会決議





 


(注) 2026年２月25日取締役会の決議による配当金の総額には、株式会社日本カストディ銀行(信託Ｅ口)が保有する当社株式に対する配当金26百万円が含まれております。"
189A,株式会社Ｄ＆Ｍカンパニー,2026-05-31,"３ 【配当政策】

当社は、成長することで投資家に報いていくことを第一としておりますが、当面は成長戦略投資に向けた内部留保を優先し、時期を検討しながらも営業基盤・財務基盤を強固なものにすることによって市場の平均的な配当性向を目指すことを基本方針としております。

また、当社は、毎事業年度における配当の回数については当面年１回とすることを基本方針としておりますが、会社法第459条第１項の規定に基づき、期末配当は５月31日を、中間配当は11月30日をそれぞれ基準日として、取締役会の決議によって剰余金の配当を行うことができる旨を定款で定めております。当事業年度の剰余金の配当につきましては、上記方針に基づき１株当たり20円の配当としており、2026年８月28日開催予定の定時株主総会で決議して実施する予定であります。

内部留保資金につきましては、今後予想される経営環境の変化に対応すべく、将来の事業拡大の実現に向け有効活用してまいります。

（注）基準日が第11期事業年度に属する剰余金の配当は、以下のとおりであります。













決議年月日



配当金の総額(千円)



１株当たり配当額(円)







2026年８月28日

株主総会決議（予定）



46,340



20"
1904,大成温調株式会社,2026-03-31,"３【配当政策】

当社は、当社グループの中長期的な成長へ向けた事業展開、経営基盤の強化等を図りながら、株主への長期的かつ安定的な利益還元を重要な経営課題と考え、ＤＯＥ（連結純資産配当率）3.8％を目処とする配当方針を定めております。

当社は、中間配当と期末配当の年２回の剰余金の配当を行うことを基本方針としております。

これらの剰余金の配当の決定機関は、期末配当については株主総会、中間配当については取締役会であります。

また、内部留保資金につきましては、収益の確保と向上のために、より効率的に活用してまいる所存であります。

当社は、2016年６月28日開催の定時株主総会において、剰余金の配当等会社法第459条第１項各号に定める事項については、法令に別段の定めのある場合を除き、取締役会の決議によって定めることができる旨の定款の規定を設けております。

基準日が当事業年度に係る剰余金の配当は以下のとおりであります。

決議年月日

配当金の総額

（千円）

１株当たり配当額

（円）

2025年11月13日

546,472

87

取締役会決議

2026年６月25日

577,864

92

定時株主総会決議（予定）"
1905,株式会社テノックス,2026-03-31,"3 【配当政策】

当社は、会社設立以来、業績の向上と財務体質の強化に努めることを経営の基本としてまいりました。その中で株主の皆様への還元につきましては重要課題のひとつとして位置づけております。積極的な株主還元を実施するために純資産配当率（DOE）を重要指標とし、中期経営計画期間中はDOEを2%以上としており、株主の皆様のご期待にお応えしてまいりたいと考えております。

当社は、中間配当と期末配当の年2回の剰余金の配当を行うことを基本方針としております。これらの剰余金の配当の決定機関は、中間配当については取締役会、期末配当については株主総会であります。

当事業年度の配当につきましては、業績及び今後の事業展開等を勘案し、中間配当は1株当たり26円を実施し、期末配当は1株当たり34.5円を、2026年6月26日開催予定の定時株主総会で決議して実施する予定であります。

内部留保資金につきましては、設備投資及び研究開発投資など企業価値向上のために活用してまいります。

当社は、「取締役会の決議によって、毎年9月30日を基準日として中間配当をすることができる」旨を定款に定めております。

なお、当事業年度に係る剰余金の配当は以下のとおりであります。

決議年月日

配当金の総額（千円）

1株当たり配当額（円）

2025年11月7日

取締役会決議（注）1

178,818

26.00

2026年6月26日

定時株主総会決議（予定）（注）2

237,278

34.50

（注）1．配当金の総額は、「株式給付信託（J-ESOP）」の導入において設定した株式会社日本カストディ銀行（信託E口）が保有する当社株式に対する配当金5,529千円を含めて記載しております。

2．配当金の総額は、「株式給付信託（J-ESOP）」の導入において設定した株式会社日本カストディ銀行（信託E口）が保有する当社株式に対する配当金7,293千円を含めて記載しております。"
1909,日本ドライケミカル株式会社,2026-03-31,"３【配当政策】

当社は、株主の皆様への利益還元を重要な経営課題の一つと認識しており、持続的な成長に向けて、将来への事業投資や経営環境の変化に備えた事業推進をするとともに、経営基盤の強化を図りつつ、安定した株主配当を継続して実施することを配当政策の基本方針としております。

また、当社は、中間配当と期末配当の年２回の剰余金の配当を行うことを基本方針としております。これらの剰余金の配当の決定機関は、期末配当については株主総会、中間配当については取締役会であり、「取締役会の決議により、毎年９月30日を基準日として、中間配当を行うことができる。」旨を定款に定めております。

当事業年度の配当につきましては、上記方針に基づき１株当たり90円00銭の配当（うち中間配当35円00銭）を実施することを決定いたしました。

  当事業年度に係る剰余金の配当は以下のとおりであります。

 

決議年月日

配当金の総額

（千円）

１株当たり配当額

（円）

2025年11月11日

234,629

35.00

取締役会決議

2026年６月26日

368,702

55.00

定時株主総会決議

（注）当社は2026年４月１日付で普通株式１株につき４株の割合で株式分割を行っております。

当事業年度に係る配当金につきましては、当該株式分割前の実際の配当金の額を記載しております。"
190A,Ｃｈｏｒｄｉａ　Ｔｈｅｒａｐｅｕｔｉｃｓ株式会社,2025-08-31,"３【配当政策】

当社は、設立以来配当を実施しておらず、また、今後も多額の先行投資を行う研究開発活動を計画的に実施していくため、当面は配当を実施せず、研究開発活動の継続に備えた資金の確保を優先する方針であります。そのため、内部留保資金につきましては研究開発に充当する方針であります。

 

しかしながら、株主への利益還元については重要な経営課題と認識しており、将来においても安定的な収益の獲得が可能であり、かつ、研究開発資金を賄うに十分な利益が確保できる場合には、将来の研究開発活動等に備えるための内部留保充実の必要性等を総合的に勘案した上で、年１回の８月31日の期末配当を基本方針とし、定款に定める２月末日の中間配当についても検討してまいります。

なお、剰余金の配当を行う場合には、その決定機関は株主総会となっております。また、剰余金の配当等、会社法第459条第１項各号に定める事項については、法令に別段の定めがある場合を除き、取締役会の決議によって定めることができる旨を定款に定めております。"
1911,住友林業株式会社,2025-12-31,"３ 【配当政策】

当社は、株主への利益還元を最重要課題の一つと認識しています。内部留保金を長期的な企業価値の向上に寄与する効果的な投資や研究開発活動に有効に活用することで、自己資本利益率（ROE）の向上と自己資本の充実を図るとともに、経営基盤、財務状況及びキャッシュ・フロー等のバランスを総合的に勘案しつつ、利益の状況に応じた適正な水準での利益還元を行っていきます。

また、2025年からの中期経営計画「Mission TREEING 2030 Phase２」（2025年12月期～2027年12月期）における株主還元の方針は、配当性向を親会社株主に帰属する当期純利益の30％以上とし、利益水準に応じた還元を行うとともに、安定的な配当を実施する観点から、１株当たり年間配当金の下限を50円としております。

 

剰余金の配当については、当社は、中間配当と期末配当の年２回行うことができ、これらの決定機関は、期末配当については株主総会、中間配当については取締役会であります。

また、当社は、取締役会の決議により、毎年６月30日を基準日として、中間配当を行うことができる旨を定款に定めております。

なお、当事業年度の期末配当は2026年３月27日開催予定の定時株主総会で決議して実施する予定であります。

 

当事業年度に係る剰余金の配当は以下のとおりであります。













決議年月日



配当金の総額
(百万円)



１株当たり配当額
(円)







2025年８月７日

取締役会決議



15,442



75.00







2026年３月27日

定時株主総会決議（予定）



17,295



28.00





 


（注）2025年７月１日付で普通株式１株につき３株の割合で株式分割を行っておりますが、2025年８月７日に決議した中間配当について、「１株当たり配当額」は、当該株式分割前の株式数を基準とした金額を記載しております。"
1914,日本基礎技術株式会社,2026-03-31,"３【配当政策】

当社は、利益配分については、適正な内部留保を確保しつつ財務体質の強化を考慮し、かつ長期安定的な利益配分を行うことを基本方針とし、配当性向については、30％以上を目標とし、業績に連動した利益還元に努めている。

当社は、中間配当と期末配当の年２回の剰余金の配当を行うことを基本方針としている。

これらの剰余金の配当の決定機関は、期末配当については株主総会、中間配当については取締役会である。

当事業年度の配当については、上記基本方針のもと当期業績を鑑み、年間１株につき30円配当を実施することを予定している。

当社は、「取締役会の決議により、毎年9月30日を基準日として、中間配当を行うことができる。」旨を定款に定めている。

なお、当事業年度に係る剰余金の配当は以下のとおりであり、令和８年６月26日開催予定の定時株主総会の決議事項となっている。

決議年月日

配当金の総額

（百万円）

１株当たり配当額

（円）

令和８年６月26日

548

30

定時株主総会決議（予定）"
1921,株式会社　巴コーポレーション,2026-03-31,"３【配当政策】

利益配分については、長期的な観点から安定的配当に努め、経営基盤の充実と企業競争力の強化を図るべく内部留保の充実に留意し、業績及び将来の見通し等総合的な観点から利益還元を行うことを基本方針としている。

当社の剰余金の配当は、期末配当の年１回を基本としている。配当の決定機関は株主総会である。

当事業年度（第94期）の配当については、当期の業績動向を踏まえ、普通株式１株当たり12円の特別配当を加え、36円の配当を行うこととした。

当事業年度の剰余金の配当は次のとおりである。

決議年月日

配当金の総額（千円）

１株当たりの配当額（円）

令和８年６月26日

定時株主総会決議

1,208,311

36"
1925,大和ハウス工業株式会社,2026-03-31,"３ 【配当政策】

当社は、事業活動を通じて創出した利益を株主の皆様へ還元することと併せ、中長期的な企業価値の最大化のために不動産開発投資、海外事業展開、M&A、研究開発及び生産設備等の成長投資に資金を投下し、１株当たり当期純利益を増大させることをもって株主価値向上を図ることを株主還元に関する基本方針としております。

また、当社は中間配当と期末配当の年２回の剰余金の配当を行うこととし、中間配当については取締役会が、期末配当については株主総会が決定機関です。当社定款では、取締役会を決定機関として会社法第454条第５項に規定する中間配当をすることができる旨を定めております。

2022年度を初年度とする第７次中期経営計画におきましては、配当性向について、親会社株主に帰属する当期純利益の35％以上として業績に連動した利益還元を行い、かつ安定的な配当の観点から、年間の１株当たりの配当金額の下限を定め、145円を下限としております。

当連結会計年度の配当については、中間配当は１株につき75円を実施し、期末配当は１株につき100円を、2026年６月26日開催予定の定時株主総会で決議して実施する予定です。これにより、１株当たりの年間配当は175円となり、当連結会計年度の連結配当性向は30.9％となります。なお、当社では、退職給付会計における数理計算上の差異を除いて配当金額を決定しており、その影響を除いた場合、連結配当性向は39.9％です。

また、自己株式の取得については、市場環境や資本効率等を勘案し、状況に応じて機動的に実施することといたします。

 

当連結会計年度に係る剰余金の配当は以下のとおりです。













決議年月日



配当金の総額

（百万円）



１株当たり配当額

（円）







2025年11月13日

取締役会決議



46,405



75







2026年６月26日

定時株主総会決議（予定）



61,934



100"
1926,ライト工業株式会社,2026-03-31,"３【配当政策】

当社の配当政策については、業績や経営環境を勘案した上で、長期的かつ安定的な配当を継続的に行うことを基本方針としております。

剰余金の配当は中間配当と期末配当の年２回行うこととしております。その決定機関は、中間配当については取締役会、期末配当については株主総会であります。

当期の配当金については、上記方針と中期経営計画目標を踏まえ、１株当たり145円(うち中間配当40円)の配当を実施することといたしました。

当社は「取締役会の決議によって、毎年９月30日を基準日として中間配当をすることができる。」旨を定款に定めております。

決議年月日

配当金の総額（百万円）

１株当たり配当額（円）

2025年11月６日

1,732

40

取締役会

2026年６月25日

4,427

105

定時株主総会決議（予定）

（注）１ 2025年11月６日開催の取締役会決議による配当金の総額には、役員向け株式交付信託が保有する当社株式に対する配当金５百万円が含まれております。

２ 2026年６月25日開催の定時株主総会決議による配当金の総額には、役員向け株式交付信託が保有する当社株式に対する配当金13百万円が含まれております。"
1928,積水ハウス株式会社,2026-01-31,"３ 【配当政策】

中期的な平均配当性向を40％以上とする方針に加え、第７次中期経営計画（2026～2028年度）における１株当たり年間配当金の下限を145円と定め、株主還元の更なる安定性向上を図るとともに、機動的な自己株式取得の実施により株主価値向上に努めます。

内部留保資金は、将来の積極的な事業展開に備えた経営基盤の強化に活用します。

また、当社定款に会社法第454条第５項に規定する中間配当をすることができる旨を定め、毎事業年度における配当の回数については中間配当と期末配当の年２回を基本的な方針としており、中間配当については取締役会が、期末配当については株主総会が決定機関です。

なお、当事業年度に係る剰余金の配当については、利益の状況及び中期的な平均配当性向を40％以上とする方針に基づき、以下のとおりであり、配当性向（連結）は40.2％となります。













決議年月日



配当金の総額(百万円)



１株当たり配当額(円)







2025年９月４日

取締役会決議



46,685



72.00







2026年４月23日

定時株主総会決議（予定）



46,685



72.00"
1929,日特建設株式会社,2026-03-31,"３【配当政策】

当社は、企業体質の強化や内部留保の充実による経営基盤の強化を図りながら株主の皆様への安定的な利益還元に

努めることを基本方針とし、プライム市場に上場する企業として、積極的な設備投資、研究開発に取り組むととも

に、株主の皆様のご支援にお応えするために、株主還元の強化を図ってまいります。

剰余金の配当の決定機関は、期末配当については株主総会、中間配当については取締役会であります。
 

内部留保資金については、経営基盤の強化並びに設備投資等に活用し、企業価値の向上に努めていく所存であります。
当社は、取締役会の決議により、毎年９月30日を基準日として、会社法第454条第５項に定める中間配当をすることができる旨を定款に定めております。

なお、当事業年度に係る剰余金の配当は以下のとおりであります。期末配当に関する配当金の総額1,127百万円及び１株当たり配当額27.00円については、2026年6月24日開催予定の定時株主総会の決議事項となっております。

決議年月日

株式の種類

配当金の総額（百万円）

１株当たり配当額（円）

2025年11月10日

普通株式

918

22.00

取締役会

2026年６月24日

普通株式

1,127

27.00

定時株主総会決議（予定）"
192A,インテグループ株式会社,2026-05-31,"３【配当政策】

当社は１株当たり配当金について、配当金の絶対額は維持せず、各事業年度の１株当たり当期純利益に一定の配当性向を乗じて算定する方針としております。

Ｍ＆Ａ仲介事業は、業績の期間変動が大きい一方、多額の投資を必要とせずフリーキャッシュフローが潤沢であるという特性を有しています。当該事業特性を踏まえて、中長期のTSR（Total Shareholder Return）※２を最大化するために、2027年５月期以降につきましては、以下の方針に基づき配当を行ってまいります。

・2027年５月期の配当性向は50％程度を目安とする。

・配当金の下限を１株当たり50円とする。

・配当性向の長期的な目標水準を80％とし、段階的に引き上げる。

・配当の絶対額は維持しない。（各期の配当性向は、原則として、前事業年度以上を維持するが、配当の絶対額は純利益の水準次第で前事業年度より減少または無配となる可能性がある）※３

・１株当たり配当金の下限は、翌期の業績見込みを勘案の上、毎期見直しを行う。

・１株当たり配当金の算定において、５円未満の端数は切り上げる。

・中間配当は行わず、年１回の期末配当のみとする。

剰余金の配当を行う場合には、年１回の期末配当を基本的な方針としておりますが、毎年11月30日を基準日とした中間配当を行うことができる旨を定款に定めております。また、会社法第459条第１項の規定に基づき、取締役会の決議をもって剰余金の配当等を行うことができる旨を定款に定めております。

なお、当事業年度に係る剰余金の配当は以下のとおりであります。

決議年月日

配当金の総額

（千円）

１株当たり配当額

（円）

2026年７月28日

43,684

20

取締役会決議

 

※１ 外部環境や当社業績に大幅な変化が生じた場合には、上記配当方針を変更する可能性があります。

※２ TSRとは、株主に対する総合的なリターンであり、インカムゲイン（配当）とキャピタルゲイン（値上がり益）の合計を意味します。

※３ 業績悪化時の無配や絶対額での減配の可能性を排除すると、毎期の配当額を保守的な金額に設定せざるを得ず、結果として中長期における総配当額が抑制されてしまうことから、各事業年度単位で実施可能な最大限の配当を行うために、上記配当方針を定めております。"
1930,北陸電気工事株式会社,2026-03-31,"３ 【配当政策】

当社は、企業体質強化を図り、安定的な経営基盤を確保するとともに、配当については業績等を勘案し適時株主への利益還元に取組むことを基本方針としている。これからもステークホルダーとのよりよい関係性を意識しつつ、安定的な経営基盤の確保、成長戦略への投資及び株主還元においてバランスよく利益配分を行うことを目標とする中で、資本コストや株価を意識した経営の実現に向けて株主の皆様に対する利益還元強化の姿勢を明確に示すため、ＤＯＥを配当にあたっての指標としている。

剰余金の配当の決定機関は、期末配当については株主総会、中間配当については取締役会である。

当事業年度(第112期)の配当については、中期経営計画「アクションプラン2027」でＤＯＥの目標を3.0％と設定していることを踏まえ、中間配当金22円を実施し、期末配当金については、１株当たり26円を2026年６月26日開催予定の定時株主総会で決議し、実施する予定である。これにより、１株当たりの年間配当金は48円となる予定である。

また、内部留保資金については、企業の基盤強化の活用資金及び建物、機械装置などの新設に資することや将来における不測の災害損失に備えることとしている。

なお、当社は「取締役会の決議により、９月30日現在の最終の株主名簿に記録された株主又は登録株式質権者に対し、中間配当を支払うことができる」旨を定款に定めている。

当事業年度の剰余金の配当は次のとおりである。

 














決議年月日



配当金の総額(百万円)



１株当たりの配当額(円)







2025年10月29日



取締役会決議



624



22







2026年６月26日



定時株主総会決議(予定)



738



26"
1934,株式会社ユアテック,2026-03-31,"３ 【配当政策】

当社は、株主への利益還元を経営上重要な施策として位置付けている。

将来に向けた事業展開・成長投資を考慮しながら、業績に応じ連結配当性向40％以上を安定的に利益還元することを基本方針としている。

上記方針に基づき、中間配当金36円を実施し、当期の期末配当金については、１株当たり36円を2026年６月26日開催予定の定時株主総会で決議し、実施する予定である。これにより、当期の１株当たりの年間配当金は72円となる予定である。

内部留保資金については、将来にわたる安定した事業展開に備える所存である。

また、当社は、会社法第454条第５項に規定する中間配当を実施することができる旨を定款に定めている。

なお、基準日が当事業年度に属する剰余金の配当は以下のとおりである。

 













決議年月日



配当金の総額
（百万円）



１株当たり配当額
（円）







2025年10月29日

取締役会決議



2,472



36







2026年６月26日

定時株主総会決議（予定）



2,472



36"
1938,日本リーテック株式会社,2026-03-31,"３ 【配当政策】

当社は、株主の皆様への利益還元を経営の重要課題と位置付けており、安定的な配当の継続と機動的な自己株式の取得を通じて、株主の皆様への利益還元の拡充と資本効率の向上を目指しております。株主還元については、短期的な業績に左右されない安定的、かつ累進的な配当を実現すべく、DOE3.2％を目安として決定していくことを基本方針としております。

当社は、期末配当の年１回の剰余金の配当を行うことを基本方針としており、この剰余金の配当の決定機関は、株主総会であります。

当事業年度の剰余金の配当につきましては、当期の業績や財政状態、今後の事業展開等を総合的に勘案し、当社普通株式１株につき普通配当82円を2026年６月25日開催予定の定時株主総会で決議して実施する予定であります。














決議年月日



配当金の総額
(千円)



１株当たり配当額
(円)







2026年６月25日

定時株主総会決議（予定）



2,032,005



82.00





 


 

株主還元指標の水準変更及び中間配当制度導入について

当事業年度において、中期経営計画2027の目標値としておりましたROE８％を２年前倒しで達成することができました。これによりROEの目標値を８％から９％に引上げることとし、それに伴い、DOEの目安についても3.2％を3.6％へ変更することといたしました。

また、当社は、株主の皆様への利益還元の機会を充実させることを目的に、2027年３月期より中間配当制度を導入することとしており、2026年６月25日開催予定の定時株主総会決議により、会社法第454条第５項の規定に基づき、取締役会決議により毎年９月30日を基準日として中間配当をすることができる旨を定款に定める予定であります。

なお、2027年３月の配当金につきましては、１株あたり15円増配し普通配当97円（うち中間配当47円）を予定しております。"
1939,株式会社四電工,2026-03-31,"３ 【配当政策】

 

当社は、配当については『中期経営指針2025』で掲げる「連結配当性向40％以上」を前提に、業績や配当性向、ＲＯＥ目標等を総合的に勘案することとしている。また、各事業年度における配当の回数については、会社法第454条第５項に規定する中間配当を行うことができる旨を定款に定めており、取締役会決議による中間配当と、株主総会決議による期末配当の年２回を基本としている。

以上を踏まえ、当期の期末配当については、１株当たり45円を2026年６月26日開催予定の定時株主総会で決議して実施する予定である。当社は、2024年10月１日付で普通株式１株につき３株の割合で株式分割を実施しており、先に支払い済みの中間配当金32円を合わせた当期の年間配当金は、77円となり、前期の年間配当金相当額65円(株式分割後換算)に比べ12円の増配となる予定である。

また、当社は、2026年１月に『中期経営指針2030』を策定・公表し、その中で連結ＲＯＥ目標及び資本構成の適正化を加味して新たな株主還元方針(連結配当性向60％程度、ＤＯＥ5.0％程度を目安)を設定している。

 

当事業年度(第75期)の剰余金の配当は以下のとおりである。

 














決議年月日



配当金の総額(百万円)



１株当たり配当額(円)







2025年10月31日



取締役会決議



1,514



32







2026年６月26日



定時株主総会決議
(予定) 



2,130



45"
1941,株式会社中電工,2026-03-31,"３【配当政策】

当社は、持続的・安定的な配当を行うことを重視し、ＤＯＥ(連結株主資本配当率)3.0％を目処に配当を行う配当方針としている。

支払いについては、定款の定めに基づく取締役会決議による中間配当及び株主総会決議による期末配当の年２回を基本としている。

第110期の１株当たり年間配当金は、第109期から10円増配の130円（中間配当金65円、期末配当金65円）を予想していた。
この度、業績や経営環境等を勘案し、株主還元の更なる充実を図るため、第110期の１株当たり年間配当金を130円から５円増額の135円に変更する。

これにより、第110期の期末配当金は、年間配当金135円から中間配当金65円を除いた70円を予定している。

また、第111期の年間配当金については、上記配当方針及び業績予想に基づき、第110期から５円増額の140円（中間配当金70円、期末配当金70円）を予想している。

 

第110期の剰余金の配当は以下のとおりである。期末配当に関する配当金の総額3,705百万円及び１株当たり配当額 70円は、2026年６月24日開催予定の定時株主総会における決議事項である。

 













決議年月日



配当金の総額
(百万円)



１株当たり配当額
(円)







2025年10月31日

取締役会決議



3,520



65







2026年６月24日

定時株主総会決議(予定)



3,705



70"
1942,株式会社関電工,2026-03-31,"３【配当政策】

当社は、中間配当・期末配当の年２回の実施と安定配当の継続を基本としつつ、配当性向40％程度を目標に、株主の皆様への利益還元に努めている。

これらの剰余金の配当の決定機関は、中間配当については取締役会、期末配当については定時株主総会である。

当事業年度の配当金については、中間配当金を１株につき45円とした。また、期末配当金は１株につき79円とする予定である。この結果、中間配当金を含む当事業年度の１株当たり年間配当金は124円となる。

また、次期の配当金については、１株当たり年間配当金が130円（中間配当金65円、期末配当金65円）となる予定である。

なお、当社は会社法第454条第５項に規定する中間配当をすることができる旨を定款に定めている。

当事業年度の剰余金の配当は、以下のとおりである。

決議年月日

配当金の総額（百万円）

１株当たり配当額（円）

2025年10月31日

取締役会決議

9,198

45.0

2026年６月26日

定時株主総会決議

（予定）

15,722

79.0"
1944,株式会社きんでん,2026-03-31,"３【配当政策】

  当社は、長期的な視点に立ち、競争力の源泉である人的資源を軸とした事業基盤拡充を積極的に行い、さらなる持続的成長・発展を遂げていくことこそが、全てのステークホルダーの長期的な利益に資するものと考えている。そのなかで、株主各位への利益配分は今後も経営の重要課題の一つと位置付け、安定的かつ継続的な配当を基本方針とし、業績及び財務の状況を踏まえて実施していく。また、利益配分の機会の充実を図るために中間配当制度を実施し、記念すべき節目や期ごとには記念配当を行うなど、株主重視の経営を目指している。１株当たりの年間配当の額は、業績予想をもとに算出した年間配当の額の半額を中間配当としてお支払いし、期末時点で確定した業績等により算出した年間配当の額から中間配当を差し引いたものを期末配当とすることとしている。

  これらの配当の決定機関は、期末配当については株主総会、中間配当については取締役会である。

  上記基本方針及び当社の資本政策に基づき、当連結会計年度の期末配当金については、１株当たり65円としていたが、当連結会計年度の業績等を踏まえ、さらに５円増配し、１株当たり70円を予定している。

  この結果、当連結会計年度の年間配当金は、中間配当金60円を加えて、１株当たり130円となる。

  また、内部留保資金については、経営体質の強化と総合設備工事会社としての今後の積極的な事業展開等に備える所存である。

  なお、当社は「取締役会の決議をもって株主または登録株式質権者に対し、中間配当金として剰余金の配当をおこなうことができる」旨を定款に定めている。

  当事業年度の剰余金の配当は次のとおりである。

決議年月日

配当金の総額（百万円）

１株当たりの配当額（円）

2025年10月28日

取締役会決議

11,907

60.0

2026年６月24日

定時株主総会決議（予定）

13,859

70.0"
1945,株式会社東京エネシス,2026-03-31,"３【配当政策】

  当社は、中長期的な視点に立ち、安定した配当の継続を基本に、業績、内部留保の状況及び今後の事業展開への備え等を総合勘案したうえで、利益成長に応じた累進的配当の実施を目指すこととしております。内部留保については、経営基盤の強化や今後の事業拡大のための設備投資及び事業投資等の諸施策の展開に活用していく所存であります。

  当社の剰余金の配当は、中間配当と期末配当の年２回を基本的な方針としており、これら配当の決定機関は、中間配当については取締役会、期末配当については株主総会であります。

  当事業年度の剰余金の配当は、上記方針及び株主さまへの利益還元を重視する観点から、期末配当金を１株当たり35円とすることを2026年６月26日開催予定の第79期定時株主総会で決議する予定です。年間配当金は中間配当金28円と合わせた１株当たり63円となる予定です。

  なお、当社は、「取締役会の決議によって毎年９月30日を基準日として中間配当をすることができる」旨を定款に定めております。

 

  (注)  基準日が当事業年度に属する剰余金の配当は、次のとおりであります。

決議年月日

配当金の総額(百万円)

１株当たりの配当額(円)

2025年11月５日

取締役会決議

933

28.00

2026年６月26日

定時株主総会決議(予定)

1,159

35.00"
1946,株式会社トーエネック,2026-03-31,"３【配当政策】

当社は、持続的な成長と中長期的な企業価値向上を実現するため、成長戦略への投資のための内部留保と株主還元をバランスよく実施することを経営の重要課題と位置付け、資本収益性の向上や財務健全性の確保、フリー・キャッシュ・フローの状況などを総合的に勘案し、連結配当性向40％を目安として業績に応じた利益還元を行うことを基本としている。また、中間配当と期末配当の年2回の剰余金の配当を行うことを基本方針としており、これらの剰余金の配当の決定機関は、期末配当については株主総会、中間配当については取締役会である。なお、当社は「取締役会の決議によって、毎年9月30日を基準日として中間配当をすることができる。」旨を定款に定めている。

当事業年度（第108期）の配当については、上記方針に基づき、１株当たり年間76円となる予定である。

当事業年度の剰余金の配当は次のとおりである。なお、期末配当に関する配当金の総額4,455百万円及び１株当たり配当額48円については、2026年6月25日開催予定の定時株主総会の決議事項となっている。

決議年月日

配当金の総額（百万円）

１株当たり配当額（円）

2025年10月28日

取締役会決議

2,599

28

2026年 6月25日

定時株主総会決議

（予定)

4,455

48"
1948,株式会社弘電社,2026-03-31,"３ 【配当政策】

当社は、株主の皆様に対する利益還元を重要な経営方針として位置付け、財務体質の強化と将来の事業展開に備えるための内部留保の充実、また、今後の業績の動向等を総合的に判断し、安定的な配当に努めることを基本方針としております。

当社は定款で、剰余金の配当を中間配当及び期末配当並びに基準日を定めて配当できると定めております。これらの剰余金の配当は、株主総会の決議によらず取締役会の決議により定めることとしております。

当事業年度の配当については、上記の方針に基づき、１株当たり100円の普通配当としております。

内部留保金については、将来の事業展開に備えるため、技術力の強化及び技術者の育成並びに社内インフラの充実を図り、業績向上に努める所存であります。

(注) 基準日が当事業年度に属する剰余金の配当は、以下のとおりであります。

 













決議年月日



配当金の総額

(百万円)



１株当たり配当額

(円)







2025年10月31日

取締役会決議



393



45







2026年５月13日

取締役会決議



480



55"
194A,株式会社ＷＯＬＶＥＳ　ＨＡＮＤ,2025-06-30,"３【配当政策】

当社は、株主への利益還元を経営上の重要課題として認識しております。しかしながら、当社グループは現在、成長過程にあることから、内部留保の充実を図り、将来の事業展開及び経営体質の強化のための投資等に充当し、より一層の事業拡大を目指すことが、株主に対する最大の利益還元につながると考えており、創業以来配当を行っておりません。

将来的には、事業基盤の整備状況や投資計画、業績や財政状態等を総合的に勘案しながら、継続的かつ安定的な配当を行うことを検討していく方針であります。内部留保資金については、事業の拡充や組織体制の整備への投資のための資金として、有効に活用していく方針であります。

剰余金の配当を行う場合は、年１回の期末配当を基本方針と考えておりますが、毎年12月31日を基準日として中間配当を行うことができる旨を定款に定めております。なお、当社は会社法第459条第１項に基づき、取締役会の決議をもって剰余金の配当を行うことができる旨を定款に定めております。"
1950,日本電設工業株式会社,2026-03-31,"３ 【配当政策】

当社は、企業価値の持続的成長を図るとともに、株主の皆様に対する利益還元を重要課題の一つと認識している。

利益の配分については、株主の皆様へ成長の成果に準拠した安定的な配当を継続して行うことを基本としつつ、将来へ向けての成長投資や経営基盤の強化を総合的に勘案しながら、配当額を決定する方針とし、配当性向は40％を目安としている。

剰余金の配当は年１回とし、その決定機関を株主総会としており、当期の配当金については、１株当たり124円とする予定である。

また、次期の配当金については、配当方針及び業績予想を踏まえ、１株当たり３円増配し127円とする予定である。

内部留保資金については、事業により創出したキャッシュとあわせて株主還元、成長投資、経営基盤強化に活用していくこととし、成長投資や経営基盤の強化については、人材の確保、育成・教育、技術開発、ＤＸの推進、軌陸車等の工事用機材の配備、事業所整備、Ｍ＆Ａ、新規事業、施工体制強化等に充て、更なる企業価値向上に取り組む所存である。

なお、当期に係る剰余金の配当は以下のとおりである。

 













決議年月日



配当金の総額
(百万円)



１株当たり配当額
(円)







2026年６月26日

定時株主総会決議（予定）



7,429



124





 


(注)  2026年６月26日定時株主総会決議による配当金の総額には、株式給付信託（J-ESOP）に係る信託E口が所有する当社株式に対する配当金185百万円が含まれている。"
1951,エクシオグループ株式会社,2026-03-31,"３【配当政策】

当社は、株主の皆様への利益還元を経営の重要課題の一つと位置づけており、剰余金の配当については、自己資本配当率（ＤＯＥ）4.0％を目途として、安定した配当を継続的に実施することを基本方針としております。
また、剰余金の配当は中間配当と期末配当の年２回とし、剰余金の配当の決定機関は、期末配当については株主総会、中間配当については取締役会であります。

当社は、「取締役会の決議によって、毎年９月30日を基準日として中間配当をすることができる。」旨を定款に定めております。

上記の方針に基づき、当事業年度の配当につきましては、中間配当は１株当たり33円を実施し、期末配当は１株当たり35円を、2026年６月25日開催予定の定時株主総会で決議して実施する予定であります。

次期の配当につきましては配当水準を引き上げ、ＤＯＥ 4.5％を目途に配当を実施することとし、年間配当は１株当たり80円を予定しております。その内訳は、中間配当が１株当たり40円、期末配当が１株当たり40円であります。

当事業年度に係る剰余金の配当は以下のとおりであります。

決議年月日

配当金の総額

（百万円）

１株当たり

配当額（円）

2025年11月７日

6,781

33

取締役会決議

2026年６月25日

7,142

35

定時株主総会決議（予定）

なお、内部留保資金につきましては、人財育成やR&D、DX等の成長基盤構築のための投資資金、並びに事業拡大を目的としたM&A等に有効活用してまいります。"
1952,新日本空調株式会社,2026-03-31,"３ 【配当政策】

当社は、株主の皆様に対する利益の還元を重要な経営課題の一つと位置付けており、安定的に株主の皆様に還元するため、株主還元に関する基本方針として、株主資本配当率（DOE）の下限を５％としております。また、長期経営方針となる10年ビジョン「SNK Vision 2030」期間中の成長目標をお約束するため、2030年３月期までの期間を累進配当とすることといたしております。当事業年度の剰余金の配当については、当基本方針により、期末配当は１株当たり70円を2026年６月26日開催予定の定時株主総会にて決議する予定であります。これにより、当事業年度の年間配当金は、中間配当金40円と合わせ110円となり、株主資本配当率（DOE）は8.0％となる予定であります。

また、当社は会社法第454条第５項の規定により、取締役会の決議によって毎年９月30日を基準日として中間配当を行うことができる旨定款に定めており、毎事業年度における配当は、中間配当および期末配当の年２回行うこととしております。配当の決定機関は、中間配当は取締役会、期末配当は株主総会であります。

(注) 基準日が当事業年度に属する剰余金の配当は、以下のとおりであります。















決議年月日



配当金の総額(百万円)



１株当たり配当額(円)







2025年11月13日



取締役会決議



1,817



40







2026年６月26日



定時株主総会決議(予定)



3,181



70"
1959,株式会社クラフティア,2026-03-31,"３ 【配当政策】

利益配分については、業績向上に向けた経営基盤強化・更なる事業拡大に必要な内部留保を確保しつつ、資本コストを意識した適正な財務体質の維持と株主還元に努める。

配当については、中間配当及び期末配当の年２回を基本的な方針とし、配当の決定機関は、取締役会である。事業環境や業績、財務状況等を総合的に勘案し、連結配当性向40％を目安として、安定配当を行うことを目的に、維持又は増配を行う「累進配当」を実施することで、株主の皆さまの期待に応える。

この基本方針に基づき、当期の期末配当金については、今期の業績並びに株主還元の観点から、１株当たり110円から20円の増配を実施し、1株当たり130円の期末配当を実施する。これにより年間の配当金は、先に実施した中間配当金90円と合わせ、１株当たり220円となる。

第98期の剰余金の配当は以下のとおりである。













決議年月日



配当金の総額
(百万円)



１株当たり配当額
(円)







2025年10月31日

取締役会決議



6,377



90







2026年４月28日

取締役会決議



9,212



130"
195A,株式会社ＭＵＳＣＡＴ　ＧＲＯＵＰ,2026-03-31,"３ 【配当政策】

当社は、株主への利益還元を経営の重要施策の一つと認識しており、将来の事業展開と財務体質強化のため必要な内部留保を確保しつつ、継続的かつ安定的な配当を行うことを基本方針としておりますが、当社は成長過程にあり、事業拡大に向けた積極的な事業投資や財務体質の強化等を優先しているため、これまで配当を実施しておりません。

将来的には内部留保の充実状況や株主への利益還元とのバランス等を踏まえて配当実施の判断を検討していきたいと考えておりますが、現時点において配当実施可能性及びその実施時期等については未定であります。

内部留保資金が生じた場合につきましては、さらなる事業の拡大に向けた事業投資等の原資として有効に活用していく予定であります。当社では、剰余金の配当を行う場合、年１回の期末配当を基本としており、期末配当の決定機関は取締役会となっております。また、中間配当についても行うことができる旨を定款に定めております。"
1960,株式会社サンテック,2026-03-31,"３【配当政策】

当社は、安定した財務基盤の堅持、「より堅固な事業基盤の構築」に必要となる成長投資への必要資金を確保した上で、適切な株主還元を行うことを基本的な方針としております。

また、株主還元は、配当性向30％を目途としております。DOEにつきましては、2.0％以上を確保することを基本方針とし、財務状況や業績に応じて柔軟に対応することとしております。

期末配当として年１回剰余金の配当を行うことを基本的な方針としており、剰余金の配当の決定機関は株主総会であります。

当事業年度の剰余金の配当につきましては、期末配当金を１株につき65円を実施することを予定しております。

なお、基準日が当事業年度に係る剰余金の配当は以下のとおりであります。

決議年月日

配当金の総額（百万円）

１株当たり配当額（円）

2026年６月23日

998

65

定時株主総会決議（予定）"
1961,三機工業株式会社,2026-03-31,"３ 【配当政策】

当社では、株主に対する利益の還元を経営上重要な施策の一つとして位置づけております。

2025年度を初年度とする中期経営計画2027において、安定的かつ持続的な配分を維持することを目的として、配当については純資産配当率（DOE）５％以上、自己株式取得については中期経営計画2027期間中に400万株程度を実施していくことを基本方針としております。

当第102期（2026年３月期）の剰余金の配当につきましては、中間配当として１株につき普通配当82円50銭を実施しており、期末配当金は１株につき112円50銭（年間配当計195円）を実施することを2026年６月24日開催予定の定時株主総会にて決議する予定です。

また、当第102期（2026年３月期）は95万株の自己株式取得を実施しております。

 

今後も従来の高い配当還元は維持しつつ、中期経営計画2027に基づく新たな施策を実施し、超長期ビジョンで掲げた「選ばれ続ける三機へ！」の実現に向けて邁進してまいります。

 

当社の剰余金の配当は、中間配当と期末配当の年２回を基本的な方針としており、これらの剰余金の配当の決定機関は、中間配当は取締役会、期末配当は株主総会であります。

内部留保資金につきましては、競争力の強化をはかるとともに、更なる事業発展の基礎を構築するため、新事業と新技術の開発等に有効投資してまいります。

また、当社は会社法第454条第５項に規定する中間配当をすることができる旨を定款に定めております。

 

なお、基準日が当事業年度に属する剰余金の配当は、以下のとおりであります。













決議年月日



配当金の総額
(百万円)



１株当たり配当額
(円)







2025年11月14日

取締役会決議



4,268



82.50







2026年６月24日

定時株主総会決議予定



5,728



112.50





 


（注）当社は、2026年５月１日付で普通株式１株につき３株の割合で株式分割を行っておりますが、上記の自己株式取得実施目標数及び１株当たりの配当金については当該株式分割前の株式数を元に記載しております。"
1963,日揮ホールディングス株式会社,2026-03-31,"３ 【配当政策】

当社は、中長期的な企業価値向上に努めるとともに、株主の皆様への利益還元を経営の重要課題と位置付けております。

具体的な配当政策については、株主の皆様への利益還元を明確にするため、自己資本の維持及び成長のための投資を総合的に勘案のうえ、目標配当性向を定めて利益配分を行っており、期末配当として年１回の剰余金の配当を行うことを基本方針としております。この剰余金の配当の決定機関は株主総会であります。

当社は2025年３月期より、以下の株主還元方針に基づいた配当政策を実施しております。

・ 期末配当として年１回の剰余金の配当を行うこと、及び各期の業績に連動させる考え方に基づき、連結配当性向30％を目途とし、かつ１株当たり年間配当額40円を下限とする。

・ 自己株式取得は、業績見通し及びフリー・キャッシュ・フローの状況を勘案して適宜実施を検討する。

また、2026年度から５年間にわたる中期経営計画「BSP2030」においては、以下の株主還元方針に基づいた配当政策を実施してまいります。

・ 配当金は、短期的な業績変動によらず安定的な配当を行うことを目的として、DOE*（株主資本配当率）目標を設定するものとし、中期経営計画の進捗による成長に伴い継続的な増配を目指す観点からDOE目標は2027年３月期に３%から始め、2031年３月期に向けて４%を目指す。

・ 業績見通しおよびフリー・キャッシュ・フローの状況によって資本効率を勘案し、適宜、自己株式取得を検討する。

*DOE（株主資本配当率）：親会社株主に帰属する連結株主資本（その他の包括利益累計額および非支配株主持分を除く）に対する配当金総額の割合

 

 

（注）基準日が当事業年度に属する剰余金の配当は、以下のとおりです。期末配当に関する配当金の総額12,576百万円及び１株当たり配当額52.00円については、2026年６月26日開催予定の定時株主総会の決議事項となっております。













決議年月日



配当金の総額（百万円）



１株当たり配当額（円）







2026年６月26日

定時株主総会決議（予定）



12,576



52.00"
1964,中外炉工業株式会社,2026-03-31,"３ 【配当政策】

当社は株主の皆様への利益還元を経営の最重要課題の一つとして位置づけ、業績を考慮しつつ、安定した配当を継続していくことを基本方針としております。そのうえで、自己株式の取得も含めた総還元性向50％以上、配当性向は税引後営業利益（NOPAT）の60％を目指すことも掲げております。

また、配当の回数に関しましては、期末配当のみの年１回としており、その決定機関は株主総会であります。

当期の期末配当につきましては、上記の方針に基づき、自己株式を取得するとともに１株当たり166円とする議案を本年６月開催の定時株主総会に付議する予定です。

内部留保資金につきましては、今後の競争激化に対応するため、研究開発活動等に充当して業績の向上に努めてまいりたいと存じます。

当期の剰余金の配当は次のとおりであります。














決議



配当金の総額（百万円）



１株当たり配当額（円）







2026年６月18日



定時株主総会（予定）



1,201



166





 


 

なお、中期経営計画に則った総還元性向の向上のため、2026年５月に取締役会決議に基づく自己株式の取得を実施いたしております。取得した株式の総数は255,600株、取得価額の総額は1,139百万円であります。"
1965,株式会社テクノ菱和,2026-03-31,"３ 【配当政策】

当期の配当につきましては、期末配当を１株につき120円とさせていただく予定であります。これにより中間配当を加えました年間配当金は１株につき170円となります。

当社は、株主の皆様に対する利益還元を経営の最重要課題の一つと認識し、経営基盤の充実を図りつつ、期間収益及び配当性向を勘案し、安定して配当を維持することを基本方針としております。

この基本方針に則り、『TECHNO RYOWA 2032』（2024年度～2032年度）の期間中においては１株当たりの年間配当金について前年度の年間配当金を下回らないこととし、利益の成長に応じて増額する方針としております。

次期の配当につきましては、１株につき６円増額の年間176円(中間配当88円、期末配当88円)とさせていただく予定にしております。

内部留保資金につきましては、長期的な観点から人材、研究開発、ＤＸの推進及び設備等への投資に活用し、企業競争力の強化と企業価値の増大のために使用する方針としております。

また、当社は中間配当を行うことができる旨を定款に定めております。

 

(注) 基準日が当事業年度に属する剰余金の配当は、以下のとおりであります。













決議年月日



配当金の総額
(百万円)



１株当たり配当額
(円)







2025年11月７日

取締役会決議



1,034



50.00







2026年６月25日

定時株主総会決議（予定）



2,481



120.00"
1966,株式会社　高田工業所,2026-03-31,"３【配当政策】

当社の利益配分の基本方針は、収益に応じて、株主の皆様へ安定的な利益配分を継続することを最重要施策としつつ、将来に向けての企業体質の強化や研究開発及び設備投資等に資するための内部留保を充実させることを基本としております。

当期の期末配当につきましては、当期の業績及び今後の事業展開並びに財務状況等を総合的に勘案し、前期と同じく１株当たり70円の配当を実施させていただく予定であります。

なお、当社定款は、期末配当と中間配当の年２回の剰余金の配当を行うことができる旨を定めております。

剰余金の配当の決定機関は、期末配当については株主総会、中間配当については取締役会です。

当事業年度に係る剰余金の配当は以下のとおりです。

 

決議年月日

株式の種類

配当金の総額（千円）

１株当たりの配当額（円）

令和８年６月24日

定時株主総会決議

普通株式

512,711

70"
1967,株式会社ヤマト,2026-03-20,"３ 【配当政策】

当社は、中長期にわたり企業価値を継続的に向上させ、株主に対する利益還元を充実させることを経営の最重要課題と認識しています。

当社は、翌事業年度（2026年度）以降の配当につきましては、健全な財務体質の維持と成長投資のための内部留保とのバランスを図りながら、安定性と業績連動性を併せた株主還元を実施することを基本方針としています。また、2026年度を初年度とする中期経営計画においては、連結配当性向45％、ＤＯＥ（純資産配当率）4.0％を目標としています。

なお、当事業年度の配当につきましては、従前の基本方針に基づき決定しています。

当社の剰余金の配当は、期末配当の年１回を基本的な方針としています。剰余金の配当の決定機関は、期末配当については株主総会、中間配当については取締役会です。

このような基本方針に基づき、当事業年度の配当金については、60円の期末配当を、2026年６月16日開催予定の定時株主総会で決議して実施する予定です。

また、翌事業年度の配当金については、１株につき77円の配当を予定しています。

なお、当社は、会社法第454条第５項に規定する中間配当を行うことができる旨を定款に定めています。当事業年度の剰余金の配当は次のとおりです。

 













決議年月日



配当金の総額
(千円)



１株当たり配当額
(円)







2026年６月16日

定時株主総会決議（予定）



1,343,177



60"
1968,太平電業株式会社,2026-03-31,"３ 【配当政策】

当社は、経営基盤の強化ならびに堅固な財務体質の構築を目指すとともに、株主の皆様に対する利益還元を経営の重要施策として位置づけております。剰余金の配当に関しましては、長期的な視野に立ち、安定的かつ継続的な配当を行っていくことを基本方針とし、各決算期の業績や純資産配当率、配当性向、経営環境等を総合的に判断し決定いたします。

内部留保につきましては、将来の営業範囲の拡大・事業展開に向けた研究開発および建設用機械設備等、企業の成長に必要な資金需要に備えつつ、余剰資金につきましては、各種リスクと収益のバランスを勘案し効率的な運用を検討しながら、株主価値向上に努めてまいります。

また、期末配当金として年１回の剰余金の配当を行うことを基本方針としております。なお、剰余金の配当の決定機関は、取締役会であります。

当事業年度（第86期）の期末配当金につきましては、2026年２月６日開催の取締役会において、長期安定的な利益還元を基本とする剰余金の配当方針に則り、今期の業績や経営環境などを総合的に勘案した結果、前事業年度と比較し１株当たり11円67銭増配し、70円(株式分割前210円)、配当金総額4,435百万円と決定いたしました。"
1969,高砂熱学工業株式会社,2026-03-31,"３【配当政策】

当社の株主還元の方針は、配当を基本とし、配当性向40％を目途に持続的な利益成長に応じて増配を行う累進配当といたしました。自己株式の取得は、中長期的に株主価値を高める観点から、「健全性」と「資本効率」を踏まえつつ、市場環境や資本水準、事業投資機会等を総合的に勘案し、機動的に実施することとしております。

当社の剰余金の配当は、中間配当および期末配当の年２回を基本的な方針としております。配当の決定機関は、中間配当は取締役会、期末配当は株主総会であります。

当連結会計年度における当社の期末配当金につきましては、普通株式１株につき72円を予定しております。中間配当金として、86円（株式分割換算後では43円）をお支払いしておりますため、2025年10月1日付の株式分割を考慮した後の１株当たり年間配当金は115円となります。

また、次年度における当社の配当金は、普通株式１株につき年間123円(中間配当61円、期末配当62円)を予定しております。

 

（注） 基準日が当事業年度に属する剰余金の配当は、以下のとおりであります。

決議年月日

配当金の総額

（百万円）

１株当たり配当額

（円）

2025年11月14日

5,734

86.00

取締役会決議

2026年６月25日

9,602

72.00

定時株主総会決議（予定）"
196A,株式会社ＭＦＳ,2025-06-30,"３ 【配当政策】


(1) 配当の基本的な方針

当社は、株主の皆様に対する利益還元を経営の最重要課題の一つと位置付けており、将来の事業展開のための内部留保を確保しつつ、安定的に配当を行うことを基本方針としております。

 


(2) 毎事業年度における配当の回数についての基本的な方針

剰余金の配当を行う場合には、中間配当及び期末配当による年２回の配当を行う方針です。

 


(3) 配当の決定機関

当社グループは剰余金の配当等会社法第４５９条第１項各号に定める事項については、法令に別段の定めのある場合を除き、取締役会の決議によって定めることができるとしております。

 


(4) 内部留保資金の使途

内部留保資金については、モゲチェック事業、INVASE事業における人材採用及び広告宣伝費等の当社グループとして必要な成長投資に利用することにより、企業価値の向上に努める方針です。

 


(5) 中間配当について

当社は、会社法第454条第５項に規定する中間配当ができる旨を定款に定めております。

 


(6) 当期の配当決定に当たっての考え方

当連結会計年度において、連結業績は黒字転換したものの、今後の事業成長及び企業価値のさらなる向上に向けて経営資源の選択と集中を図る必要があると判断し、無配とさせていただくことといたしました。"
1972,三晃金属工業株式会社,2026-03-31,"３ 【配当政策】

当社は、業績に応じた利益の配分を基本としつつ、企業価値向上に向けた投資等に必要な資金所要、先行きの業績見通し、財務体質等を勘案しつつ、利益剰余金の配当を実施する方針であります。

「業績に応じた利益配分」の指標としては、配当性向50％を目安といたします。

当社は、中間配当と期末配当の年２回の剰余金の配当を行うことを基本方針としており、これらの剰余金の配当の決定機関は、中間配当については取締役会、期末配当については株主総会であります。なお、当社は、会社法第454条第５項の規定により、取締役会の決議によって毎年９月30日を基準日として中間配当を行うことができる旨を定款で定めております。

なお、当社は、2025年10月1日付けで普通株式１株当たり５株の株式分割を行っております。株式分割を行わなかったと仮定した場合の１株当たりの年間配当金は345.0円となります。

今後は経営の効率化をなお一層推進するとともに更なる経営基盤の拡充と収益力の向上を図り、株主の皆様のご期待に沿うべく努力する所存であります。

(注) 基準日が当事業年度に属する剰余金の配当は、以下のとおりであります。













決議年月日



配当金の総額
(百万円)



１株当たり配当額
(円)







2025年10月31日

取締役会



655



170.0







2026年６月26日

定時株主総会予定



674



35.0





 


当社は2025年10月１日付けで普通株式１株当たり５株の株式分割を行いました。"
1975,株式会社朝日工業社,2026-03-31,"３【配当政策】

当社グループは、グループ全体の持続的な成長と企業価値の向上を図るため、資本効率の追求と財務健全性の維持向上とのバランスを最適化することを資本政策の基本方針としております。

利益配分に関しましては、株主の皆様への長期的利益還元を重要な経営課題の一つと考え、第19次中期経営計画期間中（2027年３月期～2029年３月期）につきましては、連結配当性向40％以上又はＤＯＥ６％以上のいずれか高い方と設定いたしました。また、株主還元策の一環として、自己株式の取得につきましても、株価の動向や資本効率、キャッシュ・フロー等を考慮した上で、経営環境を総合的に勘案し実施してまいります。

当社の剰余金の配当は、中間配当及び期末配当の年２回を基本としており、配当の決定機関は中間配当は取締役会、期末配当は株主総会であります。

当期につきましては、業績が堅調に推移しておりますことを勘案し、株主の皆様の日頃のご支援にお応えするため、期末配当につきましては、１株当たり94円を予定し、中間配当金50円を加えた年間配当金は、１株当たり144円となります。

また、内部留保につきましては、今後予想される様々な経営環境の変化に対応し、さらなる発展と飛躍を目的として、事業分野の拡大や研究・開発力の強化、海外事業展開への投資等の原資に充て、柔軟かつ効果的に活用してまいります。

なお、当社は、取締役会の決議によって、毎年９月30日を基準日として中間配当をすることができる旨を定款に定めております。

 

基準日が当事業年度に属する剰余金の配当は、以下のとおりであります。

決議年月日

配当金の総額（百万円）

１株当たり配当額（円）

2025年11月13日

1,288

50.0

取締役会決議

2026年６月26日

2,432

94.0

定時株主総会決議（予定）（注）

（注）2026年６月26日開催予定の定時株主総会の議案（決議事項）として提案しております。"
1976,明星工業株式会社,2026-03-31,"３【配当政策】

当社は収益力の向上を図りながら、健全な財務体質を維持していくことが企業価値の拡大に繋がると考えております。利益配分の基本方針につきましては、経営の最重要課題と位置づけ、株主の皆様へ安定的な配当を行う姿勢をより明確にするために、現行の中期経営計画（2024年度～2026年度）期間中において、DOE（株主資本配当率）４％以上を目標とすること、配当性向を30％から40％程度とすることを総合的に勘案し決定いたします。

また、キャッシュ・フロー、資本効率等を総合的に勘案しながら、自己株式の取得を機動的に実施し、株主還元を行ってまいります。

当社の剰余金の配当は、中間配当及び期末配当の年２回を基本的な方針としております。配当の決定機関は、中間配当は取締役会、期末配当は株主総会であります。

当事業年度の配当につきましては、１株につき65円の配当（うち中間配当20円、期末配当45円）を実施する予定であります。この結果、当事業年度の配当性向（連結）は55.6％となります。

内部留保資金につきましては、財務体質の健全化と強化に配慮しながら、既存事業の強化と将来の成長に向けた投資に充当していきたいと考えております。

当社は、「取締役会の決議により、毎年９月30日を基準日として、中間配当を行うことができる」旨を定款に定めております。

なお、当事業年度に係る剰余金の配当は以下のとおりであります。

決議年月日

配当金の総額（百万円）

１株当たり配当額（円）

2025年10月31日

取締役会決議

954

20

2026年６月25日

株主総会決議（予定）

2,071

45"
1979,株式会社大気社,2026-03-31,"３ 【配当政策】

当社は、利益配当金による株主の皆様への利益還元を最重要施策の１つとして考え、2023年３月期から連結自己資本配当率3.2％を目標として安定的な配当を実施することを基本方針としておりました。足元の収益力向上を踏まえ、2026年３月期以降につきましては、目標とする連結自己資本配当率を4.5％に引き上げました。これに加えて、資本効率の向上と機動的な財務政策の実現を目的として、自己株式の取得と消却を弾力的に実施してまいります。

また、中間配当と期末配当の２回の剰余金の配当を行うことを基本方針としており、これらの剰余金の配当の決定機関は、期末配当については株主総会、中間配当については取締役会であります。

この方針に基づき、当事業年度に関しましては、期末配当金は１株当たり70円を予定しております。その結果、中間配当金の１株当たり40円と合わせて当事業年度の年間配当金は110円となる見込みです。

内部留保金につきましては、今後の当社の市場競争力をより一層強化するために新たな成長につながる投資に充当してまいります。

なお、当社は「取締役会の決議により、毎年９月30日を基準日として中間配当を行うことができる。」旨を定款に定めております。

当事業年度の剰余金の配当は次のとおりであります。

 














決議年月日



配当金の総額(百万円)



１株当たりの配当額(円)







2025年11月10日



取締役会決議



2,535



40.00







2026年６月24日



定時株主総会決議（予定）



4,439



70.00





 


(注) １. 2025年11月10日取締役会決議による配当金の総額には、「株式給付信託(ＢＢＴ)」の信託財産として株式会社日本カストディ銀行(信託Ｅ口)が保有する当社株式に対する配当金11百万円が含まれております。

２. 2026年６月24日(予定)定時株主総会決議による配当金の総額には、「株式給付信託(ＢＢＴ)」の信託財産として株式会社日本カストディ銀行(信託Ｅ口)が保有する当社株式に対する配当金29百万円が含まれております。"
197A,株式会社タウンズ,2025-06-30,"３【配当政策】

当社は、株主還元を適切に行っていくことが重要であると認識しており、剰余金の配当については、内部留保とのバランスを考慮して適切な配当を実施していくことを基本方針としております。

2024年６月期に東証スタンダード市場への上場後、2024年６月期、2025年６月期においては、配当性向30%に加え、記念配当による配当を実施しておりました。

一方で、企業体質の強化及び将来の成長戦略に必要な投資を勘案したうえで、2026年６月期から2030年６月期までの中期経営計画期間において、株主に対して28円を起点とした累進配当を行うことで安定的かつ継続的な利益還元を実施する方針を掲げております。更に配当政策に加え、事業環境と株式市場の動向を勘案のうえ、必要に応じて自社株買いを実施していく方針であります。

当社の剰余金の配当は、期末配当の年１回を基本方針としており、決定機関は株主総会であります。また、当社は「取締役会の決議によって、毎年12月31日を基準日として中間配当をすることができる。」旨を定款に定めております。

当事業年度の期末配当につきましては、上記方針に基づき、普通配当を１株につき12円00銭とするとともに、当社が法人設立から10期目を迎えることを記念して、１株につき10円00銭の設立記念配当を加え、合計22円00銭とし、2025年９月26日開催予定の定時株主総会にて決議する予定であります。これにより、中間配当6円00銭と合わせて、年間配当金28円00銭（普通配当18円00銭、設立記念配当10円00銭）、配当性向45.1%とすることを予定しております。

内部留保資金につきましては、今後の研究開発及び製造体制の強化等へ有効に投資してまいりたいと考えております。

基準日が当事業年度に帰属する剰余金の配当は、以下のとおりであります。

決議年月日

配当金の総額

（千円）

１株当たり配当額

（円）

2025年２月13日

610,709

6.00

取締役会

2025年９月26日

2,265,832

22.00

定時株主総会（予定）"
1980,ダイダン株式会社,2026-03-31,"３【配当政策】

当社は、利益配当による株主への利益還元を経営上の最重要施策と考え、健全な財務体質の構築に努めるとともに、安定的かつ継続的な配当を行うことを基本方針としております。

当社の剰余金の配当は、中間配当及び期末配当の年２回を基本的な方針としております。配当の決定機関は、中間配当は取締役会、期末配当は株主総会であります。

配当方針につきましては、工事大型化に伴う業績変動幅の拡大が見込まれる中でも成長投資とのバランスを見ながら安定的に株主還元するため、配当性向40％かつDOE4.8％を下限とすることとしております。

また、内部留保資金につきましては、先行きの景気の動向や当社を取巻く環境の予測が厳しい状況を考慮し、経営基盤の強化に使用することとしております。

なお、当社は会社法第454条第５項に規定する中間配当を行うことができる旨を定款に定めております。

 

基準日が当事業年度に属する剰余金の配当は、以下のとおりであります。

決議年月日

配当金の総額（百万円）

１株当たり配当額（円）

2025年11月７日

取締役会決議

3,558

82.00

2026年６月26日

定時株主総会決議

（予定）

7,290

56.00

（注）当社は、2026年１月１日付で普通株式１株につき３株の割合で株式分割を行っております。"
1981,株式会社協和日成,2026-03-31,"３ 【配当政策】

当社は、株主の皆様に対する適正な利益還元を経営上の重要な政策の一つとして位置づけております。

配当につきましては、業績および経営環境や今後の事業展開に向けた内部留保の水準等を総合的に勘案したうえで、長期的かつ安定的な配当を維持することを基本方針としております。

当社は、2025年５月に公表した配当方針および中期経営計画において、資本効率の向上を重視する観点から、2027年度における配当性向50%達成を一つの目標として掲げております。もっとも、当該数値は中期的な方向性を示すものであり、各事業年度における具体的な配当水準につきましては、当該年度の業績や財務状況、事業環境等を踏まえ、取締役会において総合的に判断することとしております。

なお、特別損益の発生等、一過性の要因により当期純利益が大きく変動した場合には、その内容や影響の性質を慎重に検討したうえで、配当水準を判断することがあります。

 

 

(注) 基準日が当事業年度に属する剰余金の配当は、以下のとおりであります。













決議年月日



配当金の総額(千円)



１株当たり配当額(円)







2026年６月26日

定時株主総会決議（予定）



524,473



50.0"
1982,日比谷総合設備株式会社,2026-03-31,"３【配当政策】

当社は、株主の皆様への利益還元を経営の最重要課題の一つと位置付けています。配当については、中長期的な利益の拡大に合わせ、安定的・継続的に維持・拡大することを目指します。

また、当社では、取締役会の決議によって中間配当をすることができる旨定款に定めており、毎事業年度における剰余金の配当は、中間配当及び期末配当の年２回行うこととしております。これらの剰余金の配当の決定機関は、中間配当については取締役会、期末配当については株主総会であります。

当事業年度（第61期）の１株当たり配当金につきましては、上記方針に基づき、既に実施している中間配当金50円（株式分割後換算では25円）と合わせて、150円（株式分割後換算では75円）とすることを予定しております。この結果、当事業年度の配当性向は37.4％となる予定であります。

また、キャピタル・アロケーションの一環として、資本効率向上を目指し、機動的・弾力的な自己株式の取得にも取り組んでいます。当事業年度（第61期）においては、54.1万株／20.9億円の自己株式を取得しております。

内部留保資金につきましては、将来の事業展開に備えて財務体質の安定性を確保しつつ、人的資本の拡充、研究・技術開発、ＤＸ、また、バリューチェーンの深化・拡大に向けた成長に資する施策への投資等に活用するとともに、株主還元にも注力してまいります。

なお、翌事業年度より新たにスタートする３か年の第９次中期経営計画にて、持続的な利益成長に連動して安定的・継続的に配当を実施する方針とし、配当性向50％を目安にするとともに、引き続き資本効率の向上を目指し、自己株式の取得も機動的に実施してまいります。

 

基準日が当事業年度に属する剰余金の配当は、以下のとおりであります。

決議年月日

配当金の総額（百万円）

１株当たり配当額（円）

2025年11月11日

1,086

50.00

取締役会決議

2026年６月25日

2,160

100.00

定時株主総会決議（予定）

（注）  2026年４月１日付で普通株式１株につき２株の割合で株式分割を行っております。当事業年度に属する剰余金の配当については、当該株式分割前の株式数を基準とした金額を記載しております。"
198A,ＰｏｓｔＰｒｉｍｅ株式会社,2026-05-31,"３【配当政策】

当社は、株主に対する利益還元と同時に、財務体質の強化及び競争力の確保を経営の重要課題と位置づけております。現時点では、当社は成長過程にあると考えており、内部留保の充実を図り、事業拡大と事業の効率化のための投資に充当していくことが株主に対する最大の利益還元に繋がると考えております。このことから、創業以来配当は実施しておらず、今後においても当面の間は内部留保の充実を図る方針であります。将来的には、各事業年度の経営成績を勘案しながら株主への利益還元を検討していく方針ですが、現時点においては配当実施の可能性及びその実施時期等については未定であります。

内部留保資金につきましては、経営基盤の安定化を目的とした財務体質の強化及び事業拡大を継続させるための資金として、有効に活用して参ります。

なお、剰余金の配当を行う場合は、中間配当及び期末配当の年２回を基本的な方針としております。配当の決定機関は、中間配当については取締役会、期末配当については株主総会であります。当社は、会社法第454条第５項の規定に基づき、取締役会の決議により、毎年11月30日を基準日として中間配当を行うことができる旨を定款に定めております。"
1992,神田通信機株式会社,2026-03-31,"３ 【配当政策】

当社は、株主の皆様への利益還元を経営の最重要課題の一つとして位置づけ、収益性の向上をはじめとした諸施策に取り組むことでＲＯＥ８％を基準とし、同時に中長期的な視点に立った事業活動を推進しております。配当政策としましては、株主の皆様への利益還元の姿勢を強化するとともに、事業成長への投資を進めていくため、ＤＯＥ３％を目処として設定し、安定的な配当を継続することを基本方針としてまいりました。

また、現中期経営計画(2024年4月～2027年3月)では、資本コストを意識した適切な財務構造を実現するための取り組みを推進し、ＲＯＥ９％への引き上げと定着、事業構造改革投資を確保した上での適切な株主還元として、ＤＯＥ３．５％以上への引き上げを中期経営計画の最終事業年度末までに達成することを目指してまいりました。

当社の剰余金の配当は、期末配当の年１回を基本方針としており、その決定機関は株主総会であります。

当期における剰余金の配当につきましては、上記の方針および連結業績、株主還元強化等を勘案し、ＤＯＥ３.５％への引き上げを１年繰り上げ、１株当たり82 円を予定しております。また、次期の剰余金の配当については、１株当たり85円を予定しております。

なお、当社は、取締役会の決議により、毎年９月30日を基準日として、会社法第454条第５項に規定する中間配当を行うことができる旨を定款に定めております。

 

(注)  基準日が当事業年度に属する剰余金の配当は、以下のとおりであります。

 













決議年月日



配当金の総額
(千円)



１株当たり配当額
(円)







2026年６月29日

定時株主総会決議（予定）



187,757



82"
1994,高橋カーテンウォール工業株式会社,2025-12-31,"３ 【配当政策】

当社の配当の基本方針といたしましては、将来の成長を展望した企業体質の強化、並びに積極的な事業展開に必要な内部留保の確保に配慮しつつ、安定的な配当額を加味しながら、株主の皆様への利益還元を心がけております。

具体的には、年間20円配当を安定的に行うことを基本とし、最近の業績動向等を勘案して、それ以上の配当額を目指すことを基本方針としています。

また内部留保につきましては、当社企業グループの競争力の維持・強化による収益力向上を図るための設備投資・開発研究等有効に活用する方針であります。

当期の期末配当につきましては、1株当たり10円を予定しております。これにより中間配当金10円と合わせた年間配当金（予定）は1株当たり20円になります。

当社は、中間配当及び期末配当の年２回の剰余金の配当を行うことを基本方針としております。この剰余金の配当の決定機関は、中間配当は取締役会、期末配当は株主総会であります。

当社は、「取締役会の決議により、毎年６月30日を基準日として、中間配当を行うことができる。」旨を定款に定めております。

(注)  基準日が当事業年度に属する剰余金の配当は、以下のとおりであります。

 













決議年月日



配当金の総額
(千円)



１株当たり配当額
(円)







2025年７月29日

取締役会



79,988



10.00







2026年３月30日

定時株主総会（予定）



79,237



10.00"
1997,暁飯島工業株式会社,2025-08-31,"３ 【配当政策】

当社は、株主に対する利益還元を重要な経営上の施策の一つとして位置付けております。将来の成長投資に必要となる内部留保や財務面での健全性を維持しつつ、株主への利益還元を総合的に勘案することが重要と考えております。当社の資本コストを上回り、企業価値の向上につながる投資、持続的成長、健全な財務基盤を確立してまいります。当社は、長期的に20％から35％程度の配当性向を目標とし、株主に対して安定的かつ継続的な配当を行うことを基本方針としております。また、自己株式の取得につきましても、業績の動向等を総合的に勘案しながら、機動的に実施を検討していく方針であります。

当社は、中間配当と期末配当の年２回剰余金の配当を行うことができる制度を整備しておりますが、基本的には期末配当によって行う方針としております。配当の決定機関は、中間配当は取締役会、期末配当は株主総会であります。

この基本方針に基づき、当事業年度の剰余金の配当につきましては、業績が順調に推移したことを考慮し、2025年11月21日開催の定時株主総会議案の決議事項として、１株当たり普通配当65円に特別配当45円を加え110円とすることを提案する予定であります。

内部留保資金につきましては、厳しい業界環境の中で、今後の事業展開に向け財務体質と経営基盤の強化に備えることとし、更なる企業価値の向上に努めてまいりたいと考えております。

なお、当社は中間配当を行うことができる旨を定款で定めております。

 

    （注）基準日が当事業年度に属する剰余金の配当は、以下のとおりであります。














 



決議年月日



配当金の総額
 (千円)



１株当たり配当額
 (円)







 



2025年11月21日

定時株主総会決議（予定）



222,425



110.00"
1999,サイタホールディングス株式会社,2025-06-30,"３【配当政策】

当社は、利益配分につきましては、将来の事業展開と経営体質強化のために必要な内部留保を確保しつつ、継続的かつ安定的な利益配当を行うことを基本方針としております。

当事業年度の配当につきましては、上記方針に基づき、普通配当60円に本年が当社の創立70周年であることから10円の記念配当を加えて、１株当たり70円の配当(うち中間配当０円)を実施することを決定しました。

これらの剰余金の配当の決定機関は、期末配当については株主総会、中間配当については取締役会であります。

内部留保資金につきましては、短期的な視点ではなく将来的な安定成長のための継続的な設備投資や研究開発投資、人材確保費用等に有効投資してまいりたいと考えております。

なお、当社は「取締役会の決議により、毎年12月31日を基準日として、中間配当を行うことができる。」旨を定款に定めております。

なお、当事業年度に係る剰余金の配当は以下のとおりであります。

 

決議年月日

配当金の総額

（千円）

１株当たりの配当額

（円）

2025年９月29日

44,131

70

定時株主総会決議"
2001,株式会社ニップン,2026-03-31,"３【配当政策】

当社は、株主様に対する利益還元は、重要な経営目標課題のひとつと考えており、企業体質の強化及び今後の事業展開、経営環境を考慮し、内部留保に意を用い、「資産売却等による特殊・特別な損益」を除外して算定した連結配当性向30％以上を目安に、業績や今後の経営環境等を勘案して配当額を決定しております。

当社は、中間配当と期末配当の年２回の剰余金の配当を行うことを基本方針としており、剰余金の配当の決定機関は、会社法第459条第１項の規定に基づき、株主総会決議及び取締役会決議により定めることができる旨を定款に定めており、合わせて中間配当について取締役会で決議できる旨を定款に定めております。

当期の期末配当金は、１株当たり普通配当35円とする剰余金の配当に関する議案を2026年６月26日開催予定の定時株主総会に付議させていただきます。これにより、中間配当金１株当たり33円を加えた当期の年間配当金は、１株につき前期に比べ２円増配の68円を予定しております。

当期に係る剰余金の配当は以下のとおりです。

決議年月日

配当金の総額

（百万円）

１株当たり配当額

（円）

2025年11月7日

2,791

33

取締役会決議

2026年6月26日

2,906

35

定時株主総会決議"
2002,株式会社日清製粉グループ本社,2026-03-31,"３【配当政策】

当社は、現在及び将来の収益状況及び財務状況を勘案するとともに、長期的スタンスで安定した配当を継続するために、親会社株主に帰属する当期純利益から非経常的な特殊要因による損益を除外し、連結ベースでの配当性向を基準として配当を行うことを基本方針としております。配当性向につきましては、「日清製粉グループ 中期経営計画２０２６」最終年度である2027年３月期までに「50％目安」へと引き上げることで、株主の皆様のご期待にこたえてまいりたいと存じます。
当社の剰余金の配当は、中間配当及び期末配当の年２回を基本的な方針としております。配当の決定機関につきましては、会社法第459条第１項の規定に基づき、法令に別段の定めのある場合を除いて、株主総会決議に加え取締役会の決議により定めることができる旨を定款に定めております。また、取締役会の決議により、毎年９月30日を基準日として、会社法第454条第５項に規定する中間配当を行うことができる旨を定款に定めております。

当事業年度の期末配当につきましては、１株当たり30円とする剰余金の配当に関する議案を2026年６月25日開催予定の定時株主総会に付議させていただきます。先に行いました１株当たり30円の中間配当と合わせて、年間配当は前事業年度より５円増額の１株当たり60円を予定しております。これによりまして、株式分割において、１株当たりの配当金の調整を行わず配当総額を増加させた2014年３月期以降、実質的に13事業年度連続の増配となる予定であります。この結果、連結ベースでの配当性向は52.9％（非経常的な特殊要因による損益を除外すると48.6％）、純資産配当率は3.4％となる予定です。

内部留保資金におきましては、「日清製粉グループ 中期経営計画２０２６」に基づき、持続的成長、ＥＰＳ成長を実現するために、環境投資、デジタル投資、新規事業開発・Ｍ＆Ａ投資、研究開発投資、人材育成を含めた成長投資、及び株主還元に適切に配分してまいります。増配はタイミングを見据えて積極的に検討し、投資資金が余剰となった場合等は、更なる株主還元を検討してまいりたいと考えております。

（注） 基準日が当事業年度に属する剰余金の配当は、以下のとおりであります。

決議年月日

配当金の総額

（百万円）

１株当たり配当額

（円）

2025年10月30日

8,695

30

取締役会決議

2026年６月25日

8,425

30

定時株主総会決議（予定）"
2003,日東富士製粉株式会社,2026-03-31,"３ 【配当政策】

当社は、株主の皆様への利益還元を重要課題の一つとして認識しており、各事業年度の業績の状況と将来の事業展開を総合的に勘案し、安定的な配当の維持を基本としつつも、累進配当を継続的に実施することにより利益還元を一層強化し、株主の皆様のご期待にこたえて参ります。また、当社は、会社法第459条第1項の規定に基づき、取締役会の決議をもって剰余金の配当等を行うことができる旨を定款に定めております。当事業年度の期末配当金につきましては、普通配当を1株当たり140円とさせていただきます。中間期においては、中間配当金1株当たり140円を実施いたしておりますので、当期の年間配当金は1株当たり280円となります。
次期の配当金につきましては、2026年4月1日を効力発生日として実施した株式分割も踏まえ、中間配当金1株当たり35円、期末配当金1株当たり35円の年間配当金1株当たり70円を予定しております。なお、当該株式分割を考慮しない場合の配当は1株当たり280円となり、株式分割に伴う遡及修正後の前期配当実績と同額となります。

 

(注) 基準日が当事業年度に属する剰余金の配当は、以下のとおりであります。

      2025年10月31日開催の取締役会決議の配当金の総額、及び2026年5月7日開催の取締役会決議の配当金の総額には、取締役等への株式報酬制度のために設定した役員報酬ＢＩＰ信託口に対する配当金がそれぞれ2百万円ずつ含まれております。













決議年月日



配当金の総額 (百万円)



１株当たり配当額 (円)







2025年10月31日

取締役会決議



1,277



140.00







2026年５月７日

取締役会決議



1,277



140.00"
2004,昭和産業株式会社,2026-03-31,"３ 【配当政策】

当社は、長期的に安定した配当の継続を目指しつつ、経営基盤の安定を図ることを基本方針としております。

当社の剰余金の配当は、中間配当及び期末配当の年２回を基本的な方針としております。配当の決定機関は、中間配当は取締役会、期末配当は株主総会であります。また、「取締役会の決議により、毎年９月30日を基準日として、中間配当をすることができる。」旨を定款に定めております。

当期の期末配当につきましては、2026年６月25日開催予定の定時株主総会にて、当期の業績及び財務体質の強化、今後の事業展開等並びに安定配当の維持を勘案し、１株につき65円の普通配当を議案（決議事項）として提案しております。当該議案が承認可決されますと、中間配当金50円を含めた当期の年間配当金は、１株につき115円となり、前期と比べ１株につき15円の増配となります。

2026年２月20日に公表しましたとおり、2027年３月期に係る配当から配当方針を変更しております。

変更後の配当方針は、次のとおりであります。

当社は、株主の皆様への利益還元を経営の重要課題の一つとして位置付けており、長期的に安定した配当の継続を目指すことを基本方針としております。今後の配当水準につきましては、配当性向40％またはDOE3.0％のいずれか高い方を基準（※）に、投資進捗や資金状況も勘案して実施いたします。（※事業ポートフォリオ再構築や資産売却等の一時的な特殊要因を除く。）

今後も、戦略的な事業投資など長期的な企業価値向上に資するための内部留保を充実させつつ、株主優待制度と併せて、株主の皆様への安定した利益還元を行ってまいります。

 

(注) 基準日が当事業年度に属する剰余金の配当は、以下のとおりであります。













決議年月日



配当金の総額

(百万円)



１株当たり配当額

(円)







2025年11月７日

取締役会決議



1,626



50







2026年６月25日

定時株主総会決議（予定）



2,113



65"
2009,鳥越製粉株式会社,2025-12-31,"３【配当政策】

利益配分につきましては、株主の皆様への安定的、継続的な利益還元を基本としつつ、各事業年度の業績及び財務状況、内部留保の充実による経営基盤の強化、今後の経営環境等を総合的に勘案した上で決定する方針であります。また、中期経営計画「TTC150 Stage３」にて、上記方針に加え新たに配当性向40％以上を目標としておりましたが、企業価値向上に向けた成長投資を継続的に検討し、そのために必要な財源を確保しつつも、事業活動で生じた利益については従来以上に積極的な還元を行うことで、株主資本の更なる積み増しによる資本効率の悪化を抑制することを目的に、同中期経営計画の期間(2024年12月期から2026年12月期)においては、配当性向100％を目標とすることに変更しております。

配当は期末配当の年１回とし、株主総会において株主の皆様のご承認を頂くこととしております。

当期の１株当たり配当額につきましては、上記方針を踏まえ、当期の業績に基づき、直近の配当予想から５円増配し１株当たり49円とする剰余金の配当に関する議案（決議事項）を2026年３月27日開催予定の第91期定時株主総会に提案しております。これにより、連結配当性向は100.8％となる予定であります。

なお、基準日が当事業年度に属する剰余金の配当は以下のとおりであります。

決議年月日

配当金の総額（千円）

１株当たり配当額（円）

2026年３月27日

1,157,520

49

第91期定時株主総会決議（予定）

（注）配当金の総額には、株式交付信託が保有する当社株式328,400株に対する配当金16,091千円が含まれております。"
2053,中部飼料株式会社,2026-03-31,"３【配当政策】

当社は、株主の皆様への利益還元を重要な経営政策の一つと考え、安定配当を維持向上させることを基本に考えております。持続的な成長を支える成長投資や設備投資、内部留保とのバランスをとり、純資産配当率（DOE）の段階的な引き上げを実施し、３％以上を目指します。また、株価水準や財務状況等を勘案して自己株式の取得をより機動的かつ積極的に実施することで、資本効率の改善と株主の皆様への還元を図ります。

当社の剰余金の配当は、中間配当及び期末配当の年２回を基本的な方針としております。当社は、会社法第459条第１項の規定に基づき、取締役会の決議をもって剰余金の配当等を行うことができる旨及び中間配当を行うことができる旨を定款に定めております。

当事業年度の期末配当につきましては、１株につき35円とすることを2026年６月25日開催予定の定時株主総会で決議する予定であります。１株につき30円の中間配当を実施しておりますので、当事業年度の配当につきましては、１株につき65円となる予定であります。

なお、当事業年度に係る剰余金の配当は以下のとおりであります。

決議年月日

配当金の総額（百万円）

１株当たり配当額（円）

2025年10月31日

取締役会決議

873

30

2026年６月25日

定時株主総会決議（予定）

1,004

35"
2055,日和産業株式会社,2026-03-31,"３ 【配当政策】

当社は、長期にわたっての財務体質と経営基盤の強化のため内部留保の確保に努めるとともに、継続的に安定した配当を行うことを基本方針としております。

当社の剰余金の配当は、期末配当の年１回を基本的な方針としており、必要に応じて中間配当を可能としております。配当の決定機関は、取締役会であります。

当事業年度の剰余金の配当につきましては、継続的な安定配当の基本方針のもと、当事業年度の業績と今後の見通し等を勘案し、１株につき普通配当６円といたしました。

内部留保資金につきましては、企業体質の強化等に活用いたします。

なお、当社は中間配当を行うことができる旨を定款で定めております。

(注) 基準日が当事業年度に属する剰余金の配当は、以下のとおりであります。













決議年月日



配当金の総額
(百万円)



１株当たり配当額
(円)







2026年５月12日

取締役会決議



108



6"
2058,株式会社ヒガシマル,2026-03-31,"３ 【配当政策】

当社は、株主の皆様への配当の充実を図りながら、将来の事業展開と経営体質強化のために必要な内部留保を確保しつつ、安定した配当を継続していくことを基本方針としております。

当社の剰余金の配当は、期末配当の年１回を基本的な方針としております。剰余金の配当の決定機関は、株主総会であります。また、株主への機動的な利益還元を可能とするため、取締役会の決議によって、毎年９月30日の最終の株主名簿に記載又は記録された株主又は登録株式質権者に対し中間配当を行うことができる旨を定款に定めております。

このような方針のもと、当事業年度末の剰余金の配当につきましては、2026年６月26日開催予定の定時株主総会にて１株当たり12円の普通配当を決議する予定であります。

内部留保資金につきましては、今後の事業展開への備えと事業拡大のための製品開発や市場開拓資金に有効活用する予定であります。

 

(注) 基準日が当事業年度に属する剰余金の配当は、以下のとおりであります。













決議年月日



配当金の総額(百万円)



１株当たり配当額(円)







2026年６月26日

定時株主総会決議（予定）



47



12"
205A,株式会社ロゴスホールディングス,2026-05-31,"３ 【配当政策】

利益配分につきましては、収益力の強化や事業基盤の整備を実施しつつ、業績の推移を見据え、経営体質及び財務基盤の強化のために必要な内部留保の充実状況及び企業を取り巻く事業環境を勘案した上で、株主に対して安定的かつ継続的な配当を実施する方針であります。内部留保資金については、財務体質の強化と人員の拡充・育成をはじめとした収益基盤の多様化や収益力強化のための投資に活用する方針であります。

毎事業年度における配当の回数についての基本的な方針は、期末配当の年１回としており、配当の決定機関は、会社法第459条第１項各号の規定に基づき、取締役会の決議によって剰余金の配当等を行うことができる旨を定款に定めております。また、取締役会の決議により、毎年11月30日を基準日とする中間配当及びその他に基準日を定めて剰余金の配当を行うことができる旨を定款に定めております。

各期の経営成績・財政状態・将来の事業展開等を総合的に勘案した上で、DOE（株主資本配当率）５％を下限とし、連結配当性向30％を目標としております。

 

なお、当事業年度に係る剰余金の配当は次のとおりです。













決議年月日



配当金の総額(千円)



１株当たり配当額(円)







2026年７月15日

取締役会



248,733



63.39"
2060,フィード・ワン株式会社,2026-03-31,"３【配当政策】

当社は、長期的発展の礎となる財務体質強化のための内部留保の充実と累進配当を基本として、連結株主資本配当率（ＤＯＥ）３％を目標といたします。

内部留保資金につきましては、将来にわたっての競争力を維持・成長させるための投資資金として有効に活用する方針です。

当社は、資本政策の機動性を確保するため、会社法第459条第１項各号に定める事項について取締役会の決議により行うことができる旨を定款に定めております。また、取締役会の決議により、毎年９月30日を基準日として中間配当を行うことができる旨を定款に定めております。

当社は、中間配当及び期末配当の年２回の剰余金の配当を行うことを基本方針としております。当事業年度の配当の決定機関は、中間配当及び期末配当ともに取締役会であります。

当事業年度の期末配当金につきましては、上記方針のもと、当事業年度の業績、財務状況等を総合的に勘案した結果、１株当たり24.5円としております。中間配当21.0円（普通配当16.0円、記念配当5.0円）を含め、当事業年度の年間配当金は１株当たり45.5円となります。この結果、当事業年度の連結株主資本配当率（ＤＯＥ）は3.1％となりました。

当事業年度に係る剰余金の配当は以下のとおりであります。

 

決議年月日

配当金の総額

（百万円）

１株当たり配当額

（円）

2025年11月７日

807

21.0

取締役会決議

2026年５月８日

942

24.5

取締役会決議"
206A,株式会社ＰＲＩＳＭ　ＢｉｏＬａｂ,2025-09-30,"３ 【配当政策】

当社は、各研究分野における研究開発活動を今後も引き続き実施していく必要があることから、資金の確保を優先する方針であり、現段階では配当を予定しておりません。

しかし、株主への利益還元は重要な経営課題であると認識しており、将来において安定的な収益の獲得が可能となる場合には、財政状態及び経営成績を考慮した上で、利益配当についても検討してまいります。

剰余金の配当を行う場合は、年１回期末での配当を考えており、配当の決定機関は株主総会であります。

また当社は、取締役会の決議により、毎年３月31日を基準日として、中間配当を行うことができる旨を定款に定めております。"
208A,株式会社構造計画研究所ホールディングス,2025-06-30,"３【配当政策】

当社グループは、株主に対する利益還元を重要な経営課題として認識しております。

経営基盤の強化及び将来の事業展開に備えて内部留保を勘案しつつ、継続的かつ安定的に配当を行うとともに、連結配当性向を50％程度、連結DOE（Dividend on Equity ratio）を８％程度とすることを基本方針としておりました。

2025年８月12日開催の取締役会において、2025年６月30日を基準日とした当期末配当を決議いたしました。当事業年度における当社グループの経営指標である総付加価値が当初の予想値を上回ったことに加え、当社子会社である株式会社構造計画研究所における過去事業年度の利益水準及び配当支給額とのバランスを勘案し、１株当たり普通配当35円に、特別配当10円を加えた合計45円といたしました。その結果、年間配当金としては、2025年３月１日付で行った株式分割後の水準で第１四半期末配当金15円、第２四半期末配当金15円、第３四半期末配当金15円と合わせた合計90円となり、事前公表いたしました配当予想80円から10円増配となりました。

 

なお、今般、安定的な配当の実施が株主価値向上の観点から極めて重要であるとの認識のもと、長期的に当社株式を保有する株主への還元姿勢をより一層明確にし、短期的な業績変動に左右されることなく、より充実した安定的な株主還元の実現を図ることといたしました。

この方針転換に伴い、第２期においては従来の「連結配当性向及び連結DOE」を基本とする方針から、「連結DOE」を重視する方針へと変更するとともに、その目標水準を従来の8％程度から10％程度へ引き上げることといたしました。

 

基準日が当事業年度に属する剰余金の配当は、以下のとおりであります。

決議年月日

配当金の総額（千円）

１株当たり配当額（円）

2024年11月11日

164,197

30.00

取締役会決議

2025年２月10日

164,740

30.00

取締役会決議

2025年５月12日

164,207

15.00

取締役会決議

2025年８月12日

490,598

45.00

取締役会決議

（注）当社は2025年３月１日付で、普通株式１株につき２株の割合で株式分割を行っております。2024年11月11日及び2025年２月10日取締役会決議にかかる１株当たり配当額については、当該株式分割前の実際の配当金の額を記載しております。また、2025年５月12日及び2025年８月12日取締役会決議にかかる１株当たり配当額については、株式分割後の内容を記載しております。"
2108,日本甜菜製糖株式会社,2026-03-31,"３ 【配当政策】

当社の剰余金の配当は、期末配当の年１回を基本的な方針とし、配当の決定機関は、株主総会としております。

当期の配当金につきましては、2025年５月14日に公表した「第２次中期経営計画の見直し」の資本・財務戦略として投資と株主還元の充実による資本効率向上、政策保有株式の縮減を進めており、配当方針につきまして１株あたり配当金を50円以上から80円以上へと変更しました。この配当方針に基づき、当期における政策保有株式縮減の進捗等を踏まえ、１株当たり80円の普通配当に加え、80円の特別配当を実施し、合計１株当たり160円の配当を予定しております。

 














 



決議年月日



配当金の総額（百万円）



１株当たり配当額（円）







 



2026年６月26日

定時株主総会決議（予定）



1,934



160





 


 

次期以降につきましては、収益力の改善を最優先課題として取り組むと同時に、自己資本水準の見直しを行い更なる資本効率の改善を目指すため、株主の皆様への配当方針を「１株当たり配当金80円以上」から「DOE（自己資本配当率）4.0％を目安」へと変更しております。詳細は、2026年５月13日に公表しました「配当方針の変更に関するお知らせ」、「資本収益性の向上に向けて」をご参照ください。

次期の配当金につきましては、上記の配当方針の変更を踏まえ、当該年度の業績予想に基づきＤＯＥ4.0％を目安に配当金を算定し、１株につき260円の配当を予定しております。"
2109,ＤＭ三井製糖株式会社,2026-03-31,"３【配当政策】

当社は、株主の皆様に対する利益の還元を経営の最重要課題の一つとして位置づけ、将来の成長に向けた事業展開と、経営基盤強化のための内部留保の充実にも配慮しつつ、安定的かつ継続的な配当の実施を基本方針としております。その上で、年間配当金額は、連結配当性向が100％を超えない限り、最低配当金額として１株当たり60円の配当を実施することとし、都度の経営環境を総合的に勘案し、現金配当と機動的な資本政策を組み合わせた株主還元を行ってまいります。

また、当社は、中間配当と期末配当の年２回の剰余金の配当を行うことを基本方針としており、剰余金の配当の決定機関は、期末配当につきましては株主総会、中間配当につきましては取締役会であります。

当事業年度につきましては、上記方針に則り、業績などを踏まえ、株主の皆様への利益還元、財務体質・経営基盤の強化のための内部留保の充実、並びに再生産と成長に必要な投資を総合的に勘案し、中間配当を65円（１株当たり）とすることに決定し、期末配当は65円（１株当たり）とする予定です。この結果、当事業年度の年間配当は１株当たり130円、連結配当性向は102.6％となる予定です。

当社は、「取締役会の決議によって、毎年９月30日を基準日として中間配当をすることができる。」旨を定款に定めております。

なお、次期事業年度以降につきましては、引き続き株主の皆様に対する利益の還元を経営の最重要課題の一つとして位置づけ、利益配分の目安としてＤＯＥ（連結純資産配当率）を追加導入し、連結配当性向50％、またはＤＯＥ５％程度を目安に、安定的かつ継続的な配当成長を目指してまいります。自己株式の取得については、資本コストとの関連から、最も効率的と判断する株主資本の水準への最適化を進めるための機動的な手段として位置づけ、企業価値の向上を実現してまいります。

 

当事業年度に係る剰余金の配当は、以下の通りであります。

決議年月日

配当金の総額

（百万円）

１株当たり配当額

（円）

2025年10月31日

2,031

65.0

取締役会決議

2026年６月23日

2,031

65.0

定時株主総会決議（予定）"
2112,塩水港精糖株式会社,2026-03-31,"３ 【配当政策】

当社は、株主の皆様への継続的かつ安定的な利益還元を経営の重要課題の一つとして認識しております。配当につきましては、事業基盤の構築・強化を進めるとともに、安定的な利益確保と財務の健全性、事業環境等の状況を総合的に勘案し、決定する方針です。

当社は、株主総会決議に基づく剰余金の期末配当に加え、取締役会決議により毎年９月30日を基準日として、会社法第454条第５項に定める剰余金の配当（中間配当）ができる旨を定款に定めております。これは、株主への利益配分の機会の充実及び経営環境の変化に対応した機動的な資本政策等の遂行を目的とするものであります。

内部留保資金につきましては、時宜に応じた適切な判断により、株主の皆様の長期的な利益を確保することに努めるとともに、中期経営計画で掲げた戦略的投融資や設備投資等に有効に活用してまいります。

なお、2026年３月期の配当金につきましては、１株につき20円とさせていただく予定です。

 

(注) 基準日が当事業年度に属する剰余金の配当は、以下のとおりであります。













決議年月日



配当金の総額
（百万円）



１株当たり配当額
（円）







2026年６月26日

定時株主総会決議（予定）



550



20.00"
2114,フジ日本株式会社,2026-03-31,"３ 【配当政策】

当社は、厳しい業界環境下、安定的な経営成績の確保、強固な経営基盤の確立に努め、株主の皆様に対しては、安定的な利益還元の継続や自己株式の取得等の資本政策による株主価値の向上を経営の重要課題としております。
配当政策につきましては、連結DOE3.5％以上を目指し、継続的な安定配当の実施を基本方針としております。
当事業年度の剰余金の配当につきましては、１株当たり25円50銭（うち中間配当金15円）としております。なお2026年１月１日付で、普通株式１株につき、２株の割合で株式分割を行っており、当事業年度中間配当金につきましては、当該株式分割前の配当金の額となっております。

また、内部留保資金につきましては、中長期的な視点に立っての市場競争力の強化・拡大につながる設備投資、研究開発及び開発製品の事業化に充当していく所存であります。

(注)基準日が当事業年度に属する剰余金の配当は、以下のとおりであります。













決議年月日



配当金の総額(百万円)



１株当たり配当額(円)







2025年10月31日

取締役会決議



384



15.00







2026年5月19日

取締役会決議



538



10.50"
2117,ウェルネオシュガー株式会社,2026-03-31,"３【配当政策】

当社は、「資本政策の基本的な方針」において、中長期的に親会社所有者帰属持分当期利益率（ＲＯＥ）の向上を図り、成長投資と株主還元の充実を両立させることとしています。利益配分については、連結配当性向（ＤＰＲ）60％、または親会社所有者帰属持分配当率（ＤＯＥ）３％のいずれか大きい額を基準に配当を行います。

当社は、中間配当と期末配当の年２回の剰余金の配当を行うことを基本方針としています。

これらの剰余金の配当の決定機関は、期末配当については株主総会、中間配当については取締役会です。

当期の配当金については、上記方針に基づき１株当たり年間配当金額は119円、１株当たり期末配当金額は、2025年12月に実施した１株当たり中間配当金額54円を差し引いた65円を予定しています。なお、１株当たり配当金の計算において、自己株式数に役員向け株式交付信託（ＲＳ信託）が保有する当社株式を含めていません。

 

算定式の詳細は以下に記載のとおりです。

[１株当たり年間配当金額の算定式]

連結配当性向（ＤＰＲ）60％基準

期末基本的１株当たり連結当期利益197.34円の60％＝119円（１円未満切上げ）

親会社所有者帰属持分配当率（ＤＯＥ）３％基準

期末１株当たり親会社所有者帰属持分2,353.72円の３％＝71円（１円未満切上げ）

連結配当性向（ＤＰＲ）60％基準119円の方が大きいため、119円を１株当たり年間配当金額と予定しています。

この結果、当期の配当性向（連結）は60.3％となる予定です。

内部留保金につきましては、Sugarセグメントにおける業務効率化・生産性向上のための設備投資やＩＴ投資およびFood＆Wellnessセグメントにおける食品関連分野の事業領域拡大のための投資などに有効活用し、企業価値向上に努めます。

 

当社は、毎年９月30日を基準日として、取締役会の決議によって、会社法第454条第５項に定める中間配当をすることができる旨を定款に定めています。

なお、当事業年度に係る剰余金の配当は以下のとおりです。期末配当に関する配当金の総額2,131百万円および１株当たり配当額65円につきましては、2026年６月25日開催予定の定時株主総会の決議事項となっています。

決議年月日

配当金の総額

（百万円）

１株当たり配当額

（円）

2025年11月７日

1,771

54

取締役会決議

2026年６月25日

2,131

65

定時株主総会決議（予定）"
211A,株式会社カドス・コーポレーション,2025-07-31,"３ 【配当政策】

当社は、株主への還元を重要課題のひとつとして、業績、配当性向に加え、企業体質強化・事業の継続的成長のための内部留保にも配慮しながら、総合的に勘案する方針をとっております。内部留保資金につきましては、中長期的な観点から成長が見込まれる分野の事業拡大に向けた設備投資や人材確保を中心に有効活用してまいります。

当社の剰余金の配当は、年１回の期末配当（基準日７月31日）を基本としておりますが、会社法第454条第５項に規定する中間配当（基準日１月31日）を取締役会の決議によって行うことができる旨を定款に定めており、将来的には、財政状態及び経営成績、事業展開に備える内部留保とのバランスを勘案し、年２回の配当を行うことを検討してまいります。

なお、配当性向については、30.0％を中期的な目標としており、段階的に引き上げていく方針のもと、当事業年度は、当期純利益の増益（前期比62.4％増）を実現できたことを考慮し、2025年10月24日開催予定の定時株主総会で以下のとおり決議して実施する予定であります。これにより配当性向は22.4％（前事業年度は15.9％）となる予定であります。

(注)  基準日が当事業年度に属する剰余金の配当は、以下のとおりであります。













決議年月日



配当金の総額
  (千円)



１株当たり配当額
  (円)







2025年10月24日



151,035



150







定時株主総会決議（予定）"
2120,株式会社ＬＩＦＵＬＬ,2025-09-30,"３ 【配当政策】

当社は、積極的な事業展開の推進により、利益の継続的な増加を目指す「将来の成長に対する投資」及び財務体質の充実・強化を図るための「内部留保」を中心に据えながら、「株主の皆様への利益還元」を重要な経営方針の一つとして位置付けております。配当金については、中長期的な事業計画等を勘案して、毎期の業績に応じた弾力的な成果の配分を行うことを基本方針としております。
当社の配当性向は、従来、連結当期純利益の25％としておりましたが、当期中の海外事業のリストラクチャリングにより収益性が安定した国内事業に集中することで財務基盤が安定することを鑑み、30％とすることといたしました。内部留保金については、中長期的な戦略的投資に活用してまいります。
なお、非経常的な特殊要因により親会社の所有者に帰属する当期純利益が大きく変動する場合は、その影響を考慮して配当金額を決定することがあります。また、当社グループの単年度の業績が赤字になった際は、配当金額をゼロとさせていただく可能性があります。
当社の剰余金の配当は、期末配当の年１回を基本的な方針としております。なお、当社は会社法第454条第５項に規定する中間配当を取締役会決議で行うことができる旨を定款に定めております。配当の決定機関は、中間配当は取締役会、期末配当は株主総会であります。
以上の方針に基づき、当期の期末配当金につきましては、2025年12月23日開催予定の第31回定時株主総会において、１株当たり10円41銭（創業30周年の記念配当1.0円を含む）を決議する予定であります。
当期は、以下の内容を非経常的な特殊要因として、配当原資から加減算して配当金を算定しております。
・海外事業のリストラクチャリングに係る支配喪失損益
・海外事業のリストラクチャリングに際しての債権放棄
・海外子会社の組織再編に伴い発生した繰越欠損金の取り崩しによる税金の減少分
なお１株当たりの配当金の計算については、期末時点の発行済株式数（自己株式を除く）をもとに計算しております。また配当性向30％をより正確に計算するため、小数点第三位を四捨五入といたしました。
基準日が当期に属する剰余金の配当は、以下のとおりです。
 













決議年月日



配当金の総額
（百万円）



1株当たりの配当額
（円）







2025年12月23日

定時株主総会決議（予定）



1,333



10.41"
2121,株式会社ＭＩＸＩ,2026-03-31,"３ 【配当政策】

当社は、株主の皆様への利益還元を重要な経営課題の一つとして認識し、将来の成長に必要な事業開発、研究開発、M&Aなどの投資を実施することにより、企業価値の持続的な向上を目指しながら、連結配当性向20％又は株主資本配当率（DOE）５％を目安に配当を行うことを基本方針としております。

上記方針に基づき、当期の年間配当金につきましては、１株当たり120円とさせていただきます。なお、中間期において、中間配当を１株当たり60円にて実施しており、期末配当金は１株当たり60円となります。

これまで当社は、利益水準に左右されない安定的な株主還元を行うため、DOE５％を目安に配当の維持もしくは増配を行ってまいりました。今後は利益成長局面への移行を踏まえ、連結配当性向の目安を20％から40％へ引き上げ、株主還元を強化してまいります。DOE５％を目安とする方針を維持しつつ、連結配当性向を引き上げることにより、これまでよりも利益成長を株主還元に反映することが可能な方針といたしました。

上記方針に基づき、次期（2027年３月期）の配当につきましては、年間配当金として１株当たり125円（うち中間配当金60円）を予定しております。

なお、自己株式の取得につきましては、事業の状況や見通しを踏まえ必要に応じて機動的に実施してまいります。また、自己株式の保有につきましては、発行済株式総数の５％程度を目安とし、超過する部分は原則として消却することを方針としております。

今後も株主還元の充実を図るとともに、中長期的な成長投資にも積極的に取り組むことで、企業価値の継続的な向上を目指してまいります。

なお、当社は、会社法第459条第１項の規定に基づき、法令に別案の定めのある場合を除いて、取締役会の決議をもって剰余金の配当等を行うことができる旨、及び、会社法第454条第５項の規定に基づき、取締役会の決議により、毎年９月30日を基準日として、中間配当を行うことができる旨を定款に定めております。

 

（注）基準日が当事業年度に属する剰余金の配当は、以下のとおりであります。














決議年月日



配当金の総額(百万円)



１株当たり配当額(円)







2025年11月14日



取締役会



3,972



60







2026年５月15日



取締役会



3,906



60"
2122,株式会社インタースペース,2025-09-30,"３【配当政策】

当社の剰余金の配当等の決定に関する方針は、中長期的な企業価値の向上を目指しながら、継続的かつ安定的な株主還元を実施するために、ＲＯＥ（株主資本利益率）と連動するＤＯＥ（株主資本配当率）３％以上を目安に配当を行うことを基本方針といたします。

当社は、会社法第459条第１項各号に定める剰余金の配当等については、法令に別段の定めがある場合を除き、株主総会の決議によらず取締役会の決議をもって行う旨を定款に定めております。

第26期の配当金額につきましては、取締役会の決議により30円とさせていただきました。

 

決議年月日

配当金の総額（千円）

１株当たりの配当額（円）

2025年11月11日

188,304

30

取締役会決議"
2124,株式会社ジェイエイシーリクルートメント,2025-12-31,"３ 【配当政策】

当社は、株主の皆様と長期的な信頼関係を構築するため、利益還元を重要な経営課題に位置付けております。配当方針につきましては、将来の事業展開と経営基盤強化のために必要な内部留保を確保しつつ、利益成長に伴い安定的に増配基調を維持することを基本方針としており、期末配当の決定機関は株主総会であります。また当社は、取締役会の決議によって、毎年６月30日の最終の株主名簿に記載または記録された株主または登録株式質権者に対し、会社法第454条第５項に定める剰余金(中間配当金)の配当をすることができる旨を定款に定めております。

 

(注) 当事業年度に属する剰余金の配当に関しましては、１株につき期初の配当予想と同額である36円の期末配当とし、2026年３月26日開催の第39期定時株主総会において決議されました。配当金の総額は5,749百万円であります。なお、当該配当金の総額には、信託が保有する自社の株式に対する配当金47百万円が含まれております。"
2127,株式会社日本Ｍ＆Ａセンターホールディングス,2026-03-31,"３ 【配当政策】

当社は、財務体質と経営基盤の強化を図るとともに、株主に対する長期的な利益還元を経営の最重要課題と認識しており、設立第２期より安定した利益配当を継続して実施してまいりました。
今後とも、安定的な株主還元を主軸に、配当を継続的に実施いたしたく考えております。

このような方針のもと、当期の期末配当金については、2026年６月25日開催予定の定時株主総会にて、１株当たり12円に加え、特別配当３円を加えた15円の配当を決議する予定であります。これにより、当期の年間配当金は１株当たり23円に加え、特別配当６円を加えた29円となる予定であります。

次期の配当金は年間１株当たり23円に加え、特別配当６円を加えた29円を予定しております。

なお、当社の剰余金の配当は、中間配当及び期末配当の年２回を基本的な方針としております。これらの剰余金の配当の決定につきましては、会社法第459条第１項に基づき、取締役会の決議をもって剰余金の配当を行うことができる旨を定款で定めております。

(注) 基準日が当事業年度に属する剰余金の配当は、以下のとおりであります。













決議年月日



配当金の総額
（百万円）



１株当たり配当額
（円）







2025年10月30日 取締役会決議



4,442



14.00







2026年6月25日 定時株主総会決議予定



4,759



15.00"
212A,フィットイージー株式会社,2025-10-31,"３【配当政策】

当社は株主への利益還元を経営の最重要課題と認識しており、内部留保の充実を図り、事業拡大と事業の効率化のための投資に充当し、持続的に成長することで企業価値を高めていくことと位置付けております。

利益配分については、企業体質の強化及び将来投資のための財源等を勘案しつつ、安定的な配当を維持することを基本としつつ増配、株式分割等の方法により株主に対し利益還元を行う方針であります。

利益配分に係る考え方及び方針は次のとおりであります。

配当性向については、当事業年度までは「期末配当について25％程度」を目途としておりましたが、2026年10月期からは「年間での配当性向30％程度」に引き上げることといたしました。

また、中間配当については当事業年度までは実施しておりませんでしたが、2026年10月期より株主への機動的な利益還元を目的として、中間配当と期末配当の年２回の配当を実施する方針へと変更いたしました。当社は「取締役会の決議によって、毎年４月30日を基準日として中間配当をすることができる。」旨を定款に定めております。

なお、当事業年度に係る剰余金の配当は以下のとおりであります。

決議年月日

配当金の総額

（千円）

１株当たり配当額

（円）

2025年12月12日

413,006

25.00

取締役会決議"
2130,株式会社メンバーズ,2026-03-31,"３【配当政策】

当社は、株主の皆様への利益還元の充実とさらなる企業価値の向上を図る観点から、長期的な利益成長に向けた新たな事業投資及び業容の拡大に備えるための内部留保を行うとともに、経営成績の伸長に見合った成果の配分や配当金額の継続的な増額を基本方針とし、中期的な目標連結親会社所有者帰属持分配当率（DOE）は５％程度を目標としております。

 

当社は、期末配当の年１回を基本方針としております。期末配当の決定機関は株主総会であります。

なお、当社は株主の皆様への機動的な利益還元を行えるようにするため、「取締役会の決議により、毎年９月30日を基準日として、中間配当を行うことができる。」旨を定款に定めております。

当事業年度の配当につきましては上記基本方針に基づき、１株当たり33円00銭の配当を実施することを予定しております。

 

内部留保資金につきましては、長期的な利益成長に向けた新たな事業投資及び業容の拡大に備えてまいります。

なお、当事業年度に係る剰余金の配当は以下のとおりであります。期末配当に関する配当金の総額422,995千円及び１株当たり配当額33円につきましては、2026年６月19日開催予定の定時株主総会の決議事項となっております。

決議年月日

配当金の総額

（千円）

１株当たり配当額

（円）

2026年６月19日

422,995

33.0

定時株主総会決議予定"
2134,北浜キャピタルパートナーズ株式会社,2026-03-31,"３ 【配当政策】

当社グループは、株主価値増大の実現を経営の重要課題と認識しております。配当等につきましては、財政状態、利益の状況、新規投資計画等を総合的に勘案して、業績に基づいた剰余金の配分を基本方針とした上で、株主の皆様への継続的な利益還元を行うこととしております。

この方針のもと、当期末におきましては、損失を計上し、剰余金の分配可能額の計上には至っていないため、誠に遺憾ながら配当の実施を見送ることとなりました。

なお、当社は、定款により、毎年３月31日を基準日とし、株主総会を決定機関として、期末配当金として剰余金の配当を行う旨を基本方針として定めております。

また、当社は、同じく定款により、毎年９月30日を基準日とし、取締役会を決定機関として、中間配当金として剰余金の配当を行うことができる旨を定めております。"
2136,株式会社ヒップ,2026-03-31,"３【配当政策】

当社は、利益配分の基本方針として、財務の健全性と企業価値向上へ向けた成長投資のバランスを考慮しつつ、株主の皆様への安定的な配当を継続していくこととしております。

配当政策につきましては、配当性向50％を目安とし、着実な事業成長とともに累進的配当を目指してまいります。

当社の剰余金の配当は、年１回の期末配当を基本的な方針としており、期末配当の決定機関は株主総会であります。

当期の剰余金の配当につきましては、基本方針をもとに、令和７年９月に当社が創立30周年を迎えたことに対する皆さまへの感謝の意も込めて、令和８年６月26日の定時株主総会により、１株当たり普通配当55円に記念配当15円を加えた70円、配当金の総額の266,363,370円を実施する予定であります。

当期の内部留保金につきましては、今後の経営環境の変化等に対応すべく、市場ニーズに応える技術力や技術サービスの質の向上等、当社の永続的成長を図るために活用してまいりたいと考えております。
なお、当社は、「取締役会の決議によって、毎年９月30日の最終の株主名簿に記載または記録された株主または登録株式質権者に対し、会社法第454条第５項に定める剰余金の配当をすることができる。」旨、定款で定めております。"
2137,株式会社光ハイツ・ヴェラス,2026-03-31,"３ 【配当政策】

当社は、株主に対する公正な利益還元を経営上重要な課題として位置づけ、業績の向上に努めると共に、経営基盤および財務体質の強化ならびに将来の事業拡大に備えた内部留保の充実も勘案しつつ、株主への安定した配当と配当水準の向上に努めることを基本方針としております。

当社は、直近の事業進捗や今後の事業展開等を総合的に勘案し、2026年３月期の期末配当は無配当とさせていただきました。

内部留保資金の使途につきましては、経営体質・財務基盤の強化と今後の事業展開への備えに役立てて行く方針であります。

当社は、「会社法第459条第１項の規定に基づき、取締役会の決議をもって剰余金の配当等を行うことができる。」旨及び、「取締役会の決議により、毎年９月30日を基準日として、中間配当を行うことができる。」旨を定款に定めております。"
2138,クルーズ株式会社,2026-03-31,"３【配当政策】

当社は、財務体質の強化及び将来の事業展開のための内部留保を図りつつ、安定的な配当の維持に努めることを基本方針としております。

当社の剰余金の配当は、期末配当の年１回を基本的な方針としております。配当の決定機関は、取締役会であります。

当期の剰余金の配当に関しては、ITアウトソーシング事業を中心としたグループの売上最大化のために事業資金を投下するため、無配とさせていただきます。売上拡大の上でさらなる利益確保を図り、結果的に中長期的な企業価値向上を実現することで株主の皆様へより多くの還元が可能になると考えています。

なお、当社は中間配当を行うことができる旨を定款に定めております。

内部留保資金の使途につきましては、今後の事業展開への備えとして投入していきたいと考えております。"
2139,株式会社中広,2026-03-31,"３ 【配当政策】

当社は、株主の皆様への利益還元を経営の重要課題ととらえております。長期的な視野に立ち、企業体質の充実、強化のために必要な内部留保を確保しつつ、安定的かつ継続的な配当を基本政策とし、配当性向にも十分留意することにより、株主の皆様のご期待にお応えしていきたいと考えております。

当社は、中間配当及び期末配当の年２回の剰余金の配当を行うことを基本方針としており、取締役会の決議によって、毎年９月30日を基準日として中間配当をすることができる旨を定款に定めております。これらの配当の決定機関は、中間配当は取締役会、期末配当は株主総会です。

2026年３月期の剰余金の配当につきましては、継続的な安定配当の基本方針のもと、１株当たり12円の普通配当とする予定です。

また、次期につきましては14円を予定しております。

 

(注)  基準日が当事業年度に属する剰余金の配当は、以下のとおりであります。期末配当に関する配当金の総額81,600千円及び１株当たり配当額12円については、2026年６月26日開催予定の定時株主総会の決議事項となっております。













決議年月日



配当金の総額
(千円)



１株当たり配当額
(円)







2026年６月26日



81,600



12







定時株主総会決議（予定）"
2146,ＵＴグループ株式会社,2026-03-31,"３ 【配当政策】

当社は「安定した財務基盤の確立と積極的な事業展開による高い成長を通じた持続的な企業価値の向上」を経営目標とし、株主の皆様に対する継続的な利益還元につきましては経営上の重要施策として位置付けております。

その上で、2025年11月に公表した中期経営計画期間（2026年３月期から2029年３月期まで）の配当性向については、親会社株主に帰属する当期純利益の100％以上、かつ一株当たり配当金額の下限は10円として業績に連動した利益還元を行い、安定的な配当の維持に努める方針です。なお、当社は、会社法第459条第１項の規定に基づき、「取締役会の決議によって剰余金の配当等を行うことができる。」旨を定款に定めております。

当社は、四半期配当制度を採用し、配当基準日を以下のとおり定めているほか、別途基準日を定めて剰余金を配当することができる旨を定めております。これらは、株主への機動的な利益還元を行うことを目的とするものであります。

各配当基準日は、以下のとおりです。

第１四半期配当の基準日 ６月30日

第２四半期配当の基準日 ９月30日

第３四半期配当の基準日 12月31日

第４四半期配当の基準日 ３月31日

 

当期におきましては、上記方針に従い、親会社株主に帰属する当期純利益の100％である１株当たり12.25円（注）１を普通配当として実施いたします。

なお、基準日が当事業年度に属する剰余金の配当は、以下のとおりであります。













決議年月日



配当金の総額(百万円)



１株当たり配当額(円)







2025年８月８日

取締役会決議



1,544



40.19







2025年11月13日

取締役会決議



1,705



44.61







2026年２月12日

取締役会決議



1,483



38.96







2026年５月14日

取締役会決議



2,383



（注１） 4.00





 


(注) １．当社は、2026年１月１日を効力発生日として普通株式１株を15株の割合で分割を実施しており、株式分割後の金額を記載しております。なお、株式分割を考慮しない場合の2026年３月期の期末配当金は60円00銭、年間配当金は183円76銭となります。"
2148,アイティメディア株式会社,2026-03-31,"３【配当政策】

当社は、利益配分につきましては、業績の推移・財務状況、今後の事業・投資計画等を総合的に勘案し内部留保とのバランスを取りながら検討・実施していくことを基本方針としております。

この考え方に基づき、持続的な成長のための戦略投資を最優先とし、企業価値の最大化を目指す一方で、資本コストを意識しながら資本効率を高め、中長期的な配当の増加と株価形成につなげていくことを目指し、連結配当性向70％以上を目標としております。

内部留保資金については、今後の企業としての成長と、財務基盤の安定のバランスを鑑みながら、設備投資、Ｍ＆Ａ等の投資等に充当していきます。企業価値の向上のために、既存事業の成長への設備投資に加え、新たな領域での成長を加速させるためのＭ＆Ａを中心とした投資も積極化してまいります。

当社は、「取締役会の決議により、毎年９月30日を基準として、中間配当を行うことができる。」旨を定款に定めております。

剰余金の配当は、期末配当の年１回もしくは中間配当を含めた年２回の配当を行うこととし、配当額の決定機関は取締役会であります。

当事業年度におきましては、期末配当として、１株当たり年間配当金は100円といたしました。これにより、当期の連結配当性向は163.0％となりました。

今後も健全な財務体質の維持、継続的な企業価値の向上に努め、将来の事業展開等を勘案のうえ、内部留保資金及び利益配分を決定してまいります。

 

（注） 基準日が当事業年度に属する取締役会決議による剰余金の配当は、以下のとおりであります。

決議年月日

配当金の総額

（千円）

１株当たり配当額

（円）

基準日

効力発生日

2026年５月21日

1,947,584

100.00

2026年３月31日

2026年６月５日"
2152,幼児活動研究会株式会社,2026-03-31,"３ 【配当政策】

当社は、将来の事業展開と経営体質の強化のために必要な内部留保を確保しつつ、安定した配当を継続して実施していくことを剰余金の配当等に関する基本方針としております。当社は今後、配当性向30％以上を目指し、安定的な配当の継続並びに１株当たりの配当の増額に努めてまいります。毎事業年度における配当の回数につきましては、定時株主総会において１回、もしくは中間配当を含めた２回を基本的な実施方針としております。

配当の決定機関は株主総会でありますが、当社は会社法第454条第５項に規定する中間配当を取締役会の決議によって行うことができる旨、定款で定めております。

2026年３月期の配当につきましては、上記基本方針に基づき、１株当たり26円の配当を実施することを2026年６月23日開催の定時株主総会において予定しております。内部留保資金につきましては、今後の事業拡大のために有効に投資してまいりたいと考えております。

(注)    2026年３月期の剰余金の配当の決議予定












株主総会決議予定日



2026年６月23日





 















配当金の総額



280,866



千円





 















１株当たり配当額



26



円"
2153,Ｅ・Ｊホールディングス株式会社,2026-05-31,"３【配当政策】

当社は、株主の皆様に対して長期的な安定した利益還元の継続が株主価値の増大に繋がるものと認識しており、中長期的な視点から、利益の再投資を通じて株主価値の向上を図るとともに、株主の皆様への直接的な利益還元には配当等で応えるなど、総合的な観点から利益配分を実施していくことを配当政策の基本方針としております。

内部留保資金の使途につきましては、将来にわたる株主利益を確保するために、持続的な成長のための戦略投資を行い企業価値の最大化を目指す一方で、資本コストや投下資本効率をより一層意識した経営資源の配分を実践することにより、更なる持続的成長と企業価値の向上を実現することを目指してまいります。

剰余金の配当につきましては、中間配当及び期末配当の年２回を基本的な方針としております。配当の決定機関は、中間配当を行う場合は取締役会、期末配当を行う場合は株主総会であります。

配当の決定にあたっては、連結業績、フリーキャッシュ・フローの状況を重視し、資本政策を反映する指標の一つとして親会社所有者帰属持分配当率（ＤＯＥ）の指標を用い、当面の配当政策につきましては、ＤＯＥ3.0％以上を目安に、累進配当を継続し、長期安定的かつ継続的な還元拡充を実施することとしております。なお、自己株式取得については、市場環境を踏まえ、機動的に行う方針としています。

このような方針のもと、当事業年度の剰余金の配当につきましては、中間配当は１株当たり25円を実施し、期末配当は１株当たり44円を2026年８月27日開催予定の定時株主総会にて決議する予定であります。これにより、年間配当額は１株当たり69円となる予定です。

決議年月日

配当金の総額

（百万円）

１株当たり配当額

（円）

2026年１月13日

459

25

取締役会決議

2026年８月27日

808

44

定時株主総会決議(予定)"
2154,株式会社オープンアップグループ,2025-06-30,"３【配当政策】

当社は株主の皆様への利益配分を重要な経営課題と認識し、安定的な配当の実施を基本としながら、当社グループの今後の発展と企業体質の強化のための内部留保を行いつつ、業績に応じた配当を加味することを基本方針としており、この方針のもと、中間配当と期末配当の年２回の剰余金の配当を行うこととしております。累進配当ならびに連結配当性向は60％以上を目途に行ってまいります。

上記の方針に基づき、当期の期末配当金については、１株当たり45円とし、中間配当金30円と合わせた年間配当金は前期に比べ10円増配の75円とすることを決議いたしました。

剰余金の配当の決議機関は、取締役会であります。また、当社は、「当会社の期末配当の基準日は、毎年６月30日とする。」旨、及び「当会社の中間配当の基準日は、毎年12月31日とする。」旨を定款に定めております。

次期の配当金は、１株当たり中間配当35円、期末配当50円の年間では10円増配の85円の普通配当となる予定です。

 

基準日が当事業年度に属する剰余金の配当は、以下のとおりであります。

決議年月日

配当金の総額（百万円）

１株当たりの配当額（円）

2025年２月７日

2,612

30

取締役会決議

2025年８月８日

3,919

45

取締役会決議

（注）当社及び当社子会社の取締役、執行役員及び執行役員と同等の扱いである上級役職者に対する株式報酬制度の信託財産として、2025年２月７日開催取締役会の決議による配当金の総額には、株式会社日本カストディ銀行が保有する株式に対する配当金５百万円が含まれており、2025年８月８日開催の取締役会の決議による配当金の総額には、株式会社日本カストディ銀行が保有する株式に対する配当金８百万円が含まれております。"
2156,セーラー広告株式会社,2026-03-31,"３ 【配当政策】

当社は、株主の皆様への利益還元を重要な経営課題として位置付け、安定した配当を継続して実施することを基本とし、資金需要の状況、業績の動向、ならびに、内部留保の充実等を総合的に検討したうえで配当額を決定しております。また、当社は、株主総会を決定機関とする剰余金配当を年１回行うことを基本としていますが、当該方針に基づいた柔軟な配当を実施できるよう取締役会を決定機関とする中間配当を行うことができる旨を定款に定めております。内部留保資金につきましては、借入金の返済など財務体質の強化に充当し、将来の事業展開に向けた競争力の強化に繋げたいと考えております。

なお、当期の期末配当金につきましては、当方針のもと、安定配当を維持しながら中長期的な視点で利益還元の充実を図ってまいりたいとの考えから、従業員に対する譲渡制限付株式としての自己株式の処分による自己資本比率の改善等を踏まえ、利益成長に向けた新規投資と安定した株主還元の最適なバランスを検討した結果、１株当たり６円といたしました。

 

(注) 基準日が当事業年度に属する剰余金の配当は、以下のとおりであります。













決議年月日



配当金の総額(千円)



１株当たりの配当額(円)







2026年５月14日

取締役会決議



30,882



6.00"
2157,株式会社コシダカホールディングス,2025-08-31,"３ 【配当政策】

当社は、株主の皆様に対する利益還元を経営の重要課題の一つとして認識しております。利益配分につきましては、事業の更なる成長と経営体質の強化のために必要な内部留保を確保しつつ、配当性向水準の中期的上昇も念頭に、安定した配当を継続して実施していくことを基本方針としております。

これらの剰余金配当の決定機関は、期末配当については株主総会、中間配当については取締役会であります。

当事業年度の配当は、上記方針にもとづいて中間配当を１株当たり12.0円実施いたしました。期末配当においても、連結の売上高、営業利益及び経常利益において過去最高を更新した当期の業績等を勘案し、１株当たり12.0円にて実施いたします。

また、内部留保資金につきましては、今後の事業展開に必要な既存・新規事業への投資等の事業拡大を中心とした資金需要に備えることといたします。

なお、当社は中間配当を行うことができる旨を定款に定めております。

 













決議年月日



配当金の総額 (千円)



１株当たり配当額 (円)







2025年４月10日

取締役会決議



1,005,351



12.00







2025年11月27日

定時株主総会決議



1,005,351



12.00"
2158,株式会社ＦＲＯＮＴＥＯ,2026-03-31,"３ 【配当政策】

株主に対する利益還元は、当社グループ経営の重要課題のひとつと位置付けた上で、財務体質の強化と積極的な事業展開と経営基盤の強化に必要な内部留保の充実に努めつつ、業績に応じた配当を継続的に行う事を基本方針としております。当社の剰余金の配当は、中間配当及び期末配当の年２回を基本的な方針としております。配当の決定機関は、中間配当は取締役会、期末配当は株主総会であります。当事業年度におきましては、財務基盤の強化と将来の事業拡大のための内部留保の蓄積を図ることを最優先とし無配当とさせていただきます。なお、当社は中間配当を行うことができる旨を定款に定めております。"
215A,株式会社タイミー,2026-04-30,"３ 【配当政策】

当社は、現在成長過程にあると認識しており、事業の拡充や組織体制の整備への投資のため、内部留保の充実が重要であると考え、会社設立以来、これまで配当を実施しておりません。しかしながら、株主への利益還元を経営上の重要な課題として認識しており、事業基盤の整備状況や投資計画、業績や財政状態等を総合的に勘案しながら、継続的かつ安定的な配当を行うことを検討していく方針であります。

内部留保資金については、事業の拡充や組織体制の整備への投資のための資金として、有効に活用していく方針であります。

なお、剰余金の配当を行う場合は、期末配当の年１回を基本方針としており、その他年１回の中間配当を行うことができる旨を定款で定めております。配当の決定機関は、中間配当は取締役会、期末配当は株主総会であります。"
2160,株式会社ジーエヌアイグループ,2025-12-31,"３【配当政策】

当社グループは中長期的な事業成長を重視し、新薬開発に向けた研究開発活動及びM＆Aへの投資を積極的に行っていたため、これまで利益配当は実施しておりませんでした。しかし、株主の皆様への利益還元は重要な経営課題の一つとして認識しております。

今後は収益力の強化及び経営基盤の整備を進めるとともに、内部留保の充実状況や事業環境の変化を総合的に勘案し、当社グループの成長段階に応じた利益還元の実施を検討してまいります。"
2162,ｎｍｓホールディングス株式会社,2026-03-31,"３【配当政策】

当社は、株主の皆様への利益還元を経営上の重要課題の一つと認識しております。一方で、持続的な企業成長の実現及び財務基盤の強化に向けた施策を着実に進めていくことも重要であると考えております。

このような考えのもと、当社は、成長投資及び有利子負債の返済とのバランスに留意しつつ、年１回の期末配当を通じて、継続的な株主還元の実施に努めることを配当政策の基本方針としております。

上記基本方針に基づき2026年３月期の期末配当につきましては、当該方針及び通期業績等を勘案し、１株当たり３円00銭とする予定です。

 

当連結会計年度に係る剰余金の配当（予定）は以下のとおりです。

決議年月日

配当金の総額（百万円）

１株当たり配当額（円）

2026年６月29日

57

3.00

定時株主総会決議（予定）"
2163,株式会社アルトナー,2026-01-31,"３【配当政策】

  当社は、利益配分につきましては、今後の事業展開や業績及び経営環境、経営基盤の強化を総合的に考慮し、株主に対する安定的な配当を実施することを経営の最重要課題と位置付けており、配当性向50％をベースに検討することとしております。また、前年割れのない右肩上がりの配当額を還元していく考え方を基本としております。

  当社は、中間配当と期末配当の年２回の剰余金の配当を行うことを基本方針としております。これらの剰余金の配当の決定機関は、期末配当については株主総会、中間配当については取締役会であります。なお、当社は、「会社法第459条第１項の規定に基づき、取締役会の決議をもって剰余金の配当等を行うことができる。」旨を定款に定めております。

  当事業年度の配当につきましては、上記方針に基づき１株当たり84円（うち中間配当42円）を実施する予定であります。この結果、当事業年度の配当性向は63.8％となります。

  内部留保資金につきましては、今後予想される経営環境の変化への対応、人的資源の充実等に有効投資してまいりたいと考えております。

  なお、当事業年度に係る剰余金の配当は以下のとおりであります。

決議年月日

配当金の総額

（千円）

１株当たり配当額

（円）

2025年９月８日

446,265

42.00

取締役会決議

2026年４月23日

446,265

42.00

定時株主総会決議（予定）"
2164,株式会社地域新聞社,2025-08-31,"３【配当政策】

当社は、株主の皆様への利益還元を経営上の重要事項として認識しておりますが、現在は他社とのアライアンスを中心とした新サービスの創出が最優先事項だと考えております。非連続な拡大に向けて、経営基盤の強化及び積極的な事業展開のための投資フェーズであり、配当の原資となる利益剰余金がマイナスとなっていることから、当事業年度につきましては期末配当を無配とさせていただきます。なお、2025年11月30日開催予定の定時株主総会の議案として、「資本金及び資本準備金の額の減少の件」としており、当該議案が承認可決されますと、利益剰余金のマイナスは解消される見込みです。中期的には、業績及び財務状況の改善に努め、各事業年度の業績推移及び利益剰余金の状況を勘案しながら株主への利益還元を検討していく方針であります。

なお、当社は中間配当を行うことができる旨を定款に定めております。"
2168,株式会社パソナグループ,2026-05-31,"３ 【配当政策】

当社は、持続的に発展する企業として充分な役割を果たすため、新規事業投資や設備投資などの成長資金を確保しつつ、経営基盤と収益力の強化に努め、企業価値の向上による株主利益の増大を目指しております。また、業績に応じた株主還元を実施することを基本方針に、連結配当性向40％を目処とするとともに、2030年５月期までの「PASONA GROUP VISION 2030」の期間中は、一時的な業績変動に左右されることなく、継続的かつ安定的な配当を実現するため、１株当たり75円を下限とした配当維持または増配を実施する累進配当を導入しております。

また、当社は2024年４月12日付「特別配当の決議及び2024年５月期期末配当予想の修正」でお知らせのとおり、連結子会社の株式を売却したことによる株主還元の拡充策として、2024年５月期から2028年５月期までの５期にわたって、毎期１株当たり60円の特別配当を実施することを決議しております。

当連結会計年度は、親会社株主に帰属する当期純利益は赤字となりましたが、継続的かつ安定的な配当の維持に努める当社の方針ならびに累進配当により、期末配当は普通配当15円に特別配当60円を加えた１株当たり75円といたします。
















決議年月日



配当金の総額



１株当たり配当額







2026年７月15日



取締役会



2,870



百万円



75



円





 


(注) １株当たり配当額の内訳 普通配当 15円 特別配当 60円"
2169,ＣＤＳ株式会社,2025-12-31,"３【配当政策】

配当については、経営環境の急激な変化に対応し、安定的な経営基盤の強化のために必要な内部留保を確保しつつ、株主への利益還元として長期的な安定配当を維持することを方針としております。配当の回数については、定時株主総会にて１回もしくは中間配当を含めた２回を基本方針としており、配当の決定機関は、中間配当は取締役会、期末配当は株主総会であります。なお、当社は会社法第454条第５項に基づき、中間配当制度を採用しております。

内部留保資金については、今後の経営環境の変化に対応するため、さらなる事業展開を図り今まで以上に競争力を高めるために有効投資をすることで、企業価値を高めてまいりたいと考えております。

今後の配当につきましては、経営環境、将来の成長、収益の状況等を総合的に勘案し、実施してまいります。

上記方針に基づき、当事業年度は１株当たり74円の配当を実施することを決定しました。このうち中間配当は37円であり、連結配当性向は110.6％となります。

当事業年度に係る剰余金の配当は、以下のとおりであります。

決議年月日

配当金の総額（千円）

１株当たりの配当額（円）

2025年８月８日

取締役会

252,326

37

2026年３月27日

定時株主総会

252,326

37"
2170,株式会社リンクアンドモチベーション,2025-12-31,"３【配当政策】

当社は、当該期の業績、今後の経営環境、投資計画等を総合的に勘案の上、株主に対するより積極的かつ長期安定的な利益還元を行っていくことを配当の基本方針としております。内部留保金につきましては、事業の拡大と効率化に向けたM&A、人材、設備への投資に充当し、業容拡大、企業価値向上に努めてまいります。また、剰余金の配当の回数については、機動的な株主還元ができるよう、年４回の四半期配当を導入してまいります。配当金の決定機関は取締役会であります。

当連結会計年度においては、第１、第２四半期は各3.9円、第３、第４四半期は各4.1円、年間配当は16.0円とさせていただきました。

基準日が第26期連結会計年度に属する剰余金の配当は、以下のとおりであります。

決議年月日

配当金の総額（百万円）

１株当たり配当額（円）

2025年５月14日

415

3.90

取締役会決議

2025年８月12日

415

3.90

取締役会決議

2025年11月13日

454

4.10

取締役会決議

2026年２月12日

454

4.10

取締役会決議"
2172,株式会社インサイト,2025-06-30,"３【配当政策】

配当政策の基本方針につきましては、株主への利益還元を重要な経営課題として認識しており、将来の事業展開と経営体質の強化のために必要な内部留保を確保しつつ、安定した配当を継続して実施していくことを基本方針としております。

当社は、年１回の期末配当による剰余金の配当を行うことを基本方針としておりますが、「取締役会の決議によって、毎年12月31日を基準日として中間配当をすることができる。」旨を定款に定めており、今後中間配当の実施を検討する予定です。これらの剰余金の配当の決定機関は、期末配当については株主総会、中間配当については取締役会であります。

当事業年度の配当につきましては、上記方針に基づく普通配当8.4円に、会社設立50周年及び札幌証券取引所本則市場への市場区分変更を記念した特別配当3.6円を加え、１株当たり12.0円の配当を実施することを決定いたしました。この結果、当事業年度の配当性向は36.4％となりました。

内部留保資金につきましては、財務体質の強化及び事業展開に充当し、将来的には収益を通じて株主に還元していきたいと考えております。

当事業年度に係る剰余金の配当は以下のとおりであります。

決議年月日

配当金の総額

（千円）

１株当たり配当額

（円）

2025年９月25日

19,260

12.0

定時株主総会決議"
2173,株式会社博展,2025-12-31,"３【配当政策】

当社は、株主の皆様に対する利益還元を重要な経営課題と認識しており、経営成績および財務状況、中長期的な事業拡大に必要な内部留保など、その見通しに応じた適切な利益還元策を柔軟に検討し、実施することを基本方針としております。

剰余金の配当につきましては、中間配当および期末配当の年２回、配当性向目標30％を基本的な方針としており、剰余金の配当等会社法第459条第１項各号に定める事項については、法令の別段の定めがある場合を除き、取締役会の決議によって定めることができる旨、定款に規定しております。

当事業年度におきましては、年間配当予想を１株当たり24円としておりましたが、収益力の向上に加え、外部環境の影響による需要増および人員不足下での高稼働等により、利益が想定を上回る結果となりました。

これらの状況を踏まえ、次期以降の見通しについても継続性が見込まれる範囲を普通配当26円として設定し、これを上回る当事業年度の上振れ分については、単年度の機動的な株主還元として特別配当４円を実施することといたしました。

これにより、年間配当を合計30円（普通配当26円、特別配当４円）に修正することといたしました。 なお、特別配当は当事業年度の要因を踏まえた単年度の対応であり、次期以降の配当は業績動向、投資計画および財務状況等を総合的に勘案して決定してまいります。次期の配当につきましては、中間配当１株当たり13円、期末配当１株当たり14円を予定しております。

 

当事業年度に係る剰余金の配当は以下のとおりです。

決議年月日

配当金の総額

（千円）

１株当たり配当額

（円）

2025年８月７日

159,781

10

取締役会決議

2026年２月16日

319,506

20

取締役会決議"
2175,株式会社エス・エム・エス,2026-03-31,"３【配当政策】

当社の配当については、成長への投資を優先したうえで、財務の状況を勘案し、連結配当性向30％を目安に累進配当（１株当たり配当金の前期実績に対して、配当維持又は増配を行うもの。）を行うことを基本方針としております。ただし、M&A等の大きな投資機会発生の際には、この限りではありません。

配当の実施については、中間配当と期末配当の年２回の剰余金の配当を行うことができる旨を定款に定めております。これら剰余金の配当の決定機関は、中間配当は取締役会、期末配当は株主総会です。

内部留保金の使途につきましては、既存事業のさらなる拡大と積極的な新規事業の開発・育成のための投資資金等に充当する予定です。

当事業年度においては、利益還元として株主配当を実施できる状況にあると判断いたしました。当事業年度に係る剰余金の配当は以下のとおりです。

決議年月日

配当金の総額（百万円）

１株当たり配当額（円）

2026年６月19日

2,421

29.5

定時株主総会"
2179,株式会社成学社,2026-03-31,"３ 【配当政策】

当社は、長期にわたる安定基盤の確立に努めるとともに、継続的かつ安定的な配当の実施を基本方針とし、収益状況に応じて配当性向を勘案し、１株当たり配当額の向上を図る方針であります。

当社は、中間配当と期末配当の年２回剰余金の配当を行うことを基本方針としております。これらの剰余金の配当決定機関は、期末配当については株主総会、中間配当については取締役会であります。

当事業年度の配当については、上記方針に基づき、１株当たり22.00円（うち中間配当11.00円）とすることを2026年６月26日の定時株主総会で決議する予定であります。この結果、配当性向は22.8％となる予定であります。

内部留保した資金については、業容拡大のための設備投資、新規事業の開発並びにＭ＆Ａ等に活用し、企業価値を高めてまいります。

なお、当社は会社法第454条第５項の規定に基づき、取締役会の決議によって中間配当を行うことができる旨を定款に定めております。

 

(注)  基準日が当事業年度に属する剰余金の配当は以下のとおりであります。













決議年月日



配当金の総額(千円)



１株当たり配当額(円)







2025年11月13日

取締役会



61,026



11.00







2026年６月26日

定時株主総会（予定）



61,026



11.00"
2180,株式会社サニーサイドアップグループ,2025-06-30,"３【配当政策】

当社は、中長期的な企業価値向上及び配当を通じた株主への直接的な利益還元を経営上の重要課題と認識しております。

当社は、中間配当を行うことができる旨を定款で定めており、期末配当による年１回の剰余金の配当を行うことを基本方針としながらも、健全な財務体質の維持や積極的な事業展開のための内部留保の充実等を勘案した上で、配当性向30％程度を意識した安定的な配当の実施に加えて、機動的な利益還元を実施したいと考えております。

2025年６月期の剰余金の配当につきましては、安定的な利益配分及び更なる成長に向けた戦略投資のための内部留保等を勘案し、年間配当金は１株当たり22円（中間配当金７円、期末配当金15円）とし、配当性向は34.6％となります。

なお、次期（2026年６月期）の年間配当金につきましては、１株当たり24円（中間配当金11円、期末配当金13円）とし、配当性向は31.7％を予定しております。

当事業年度に係る剰余金の配当は以下のとおりであります。

 

決議年月日

配当金の総額（千円）

１株当たり配当額（円）

2025年２月13日

104,441

7

取締役会決議

2025年９月26日

223,802

15

定時株主総会決議（予定）"
2181,パーソルホールディングス株式会社,2026-03-31,"３【配当政策】

当社は、株主の皆様に対する利益還元を経営上の重要課題と認識しております。内部留保の適正水準を維持しながら、成長分野への迅速かつ積極的な事業展開が可能な企業体質の強化を図りつつ、配当性向を重視した配当の実施を基本方針としております。2027年３月期から始まる中期経営計画FY2028においては、調整後EPSに対して配当性向を50%以上にすることを方針としております。

 

また、当社は、剰余金の配当について、中間配当及び期末配当の年２回実施を基本方針としております。

剰余金の配当の決定機関は、中間配当については取締役会、期末配当については株主総会であります。中間配当に関しましては、毎年９月30日を基準日として中間配当をすることができる旨定款に定めております。

上記方針に基づく当事業年度に係る剰余金の配当は以下のとおりであります。

決議年月日

配当金の総額

（百万円）

１株当たり配当額

（円）

2025年11月11日

12,391

5.5

取締役会決議

2026年６月23日

13,512

6.0

定時株主総会決議（予定）"
2183,株式会社リニカル,2026-03-31,"３【配当政策】

当社は、中長期的な成長による企業価値向上と利益還元のバランスの最適化を図ることを重要施策と位置付け、株主の皆様からお預かりした資本に対して如何に報いるかという視点に立ち、業績を勘案した配当政策を行い、安定的に利益還元に努めてまいります。

当社は、期末に年１回の剰余金の配当を行うことを基本方針としております。なお、当社は、「会社法第459条第１項の規定に基づき、取締役会の決議をもって剰余金の配当等を行うことができる。」旨定款に定めております。

第21期事業年度の配当につきましては、上記方針に基づき１株当たり８円00銭の配当を実施いたしました。

内部留保金につきましては、将来の事業発展に必要不可欠な成長投資として活用し、中長期的な成長による企業価値向上を通じて株主の皆様の期待にお応えしてまいります。今後予想される経営環境の変化に対応すべく、今まで以上に品質向上に努め、顧客のニーズに応える開発体制を強化し、さらには、グローバル戦略の展開を図るために有効に投資してまいりたいと考えております。

なお、基準日が当事業年度に属する剰余金の配当は以下のとおりであります。

決議年月日

配当金の総額

（千円）

１株当たり配当額

（円）

2026年６月１日

180,691

8.00

取締役会決議"
2185,株式会社シイエム・シイ,2025-09-30,"３【配当政策】

当社は株主の皆さまに対する利益還元を経営の最重要課題のひとつと認識しており、業績動向・財務体質、将来のための投資に必要な内部留保等を総合的に勘案し、配当金額の継続的な増額をめざしていくことを基本的な考え方とし、中間配当と期末配当の年２回の剰余金の配当を行うことを基本としております。

 

以上の考え方に基づき、当期の配当につきましては、１株当たり52円（うち中間配当24円）を予定しております。

当社は「取締役会の決議によって毎年３月31日を基準日として、中間配当を行うことができる」旨を定款に定めており、配当の決定機関は、期末配当については株主総会、中間配当については取締役会としております。

なお、配当の決定機関については、2025年12月19日開催の当社第64回定時株主総会において、「会社法第459条の第１項の規定に基づき、取締役会の決議をもって剰余金の配当等を行うことができる」旨の定款変更を決議予定です。

 

当事業年度に係る剰余金の配当は以下のとおりであります。

決議年月日

配当金の総額

（千円）

１株当たり配当額

（円）

2025年５月13日

313,522

24

取締役会決議

2025年12月19日

362,419

28

定時株主総会決議（予定）"
2186,ソーバル株式会社,2026-02-28,"３ 【配当政策】

当社は、株主の皆様への長期的利益還元を経営課題の一つとして考え、当社において将来可能性がある企業買収や設備投資、研究開発等のための内部留保の充実を図るとともに、安定的かつ継続的な利益還元策の実施を目指すことを基本方針としております。

また、当社の剰余金の配当は中間配当と期末配当の年２回を基本的な方針としており、これらの配当の決定機関は、中間配当は取締役会、期末配当は株主総会であります。なお、当社は中間配当を行うことができる旨を定款に定めております。

内部留保金につきましては、今後の事業展開への備えや、人材・設備への投資に充当し、一層の業容拡大を目指してまいります。

 

(注) 基準日が当事業年度に属する剰余金の配当は、以下のとおりであります。













決議年月日



配当金の総額
(千円)



１株当たり配当額
(円)







2025年10月14日

取締役会決議



129,809



16.50







2026年５月27日

定時株主総会決議（予定）



129,809



16.50"
218A,株式会社Ｌｉｂｅｒａｗａｒｅ,2025-07-31,"３【配当政策】

当社は、事業展開の状況、業績や財務状態等を総合的に勘案しながら、継続的かつ安定的な配当を行うことを基本方針としております。しかしながら、当社は成長過程にあるため、将来の事業展開と財務体質強化のため必要な内部留保の確保を優先し、創業以来配当を実施しておりません。

当面の間は、将来にわたる企業価値向上のために内部留保の充実及び業容拡大のための先行的な投資を優先していきますが、将来的には、財政状態及び経営成績を勘案しながら株主への利益の配当を目指していく方針であります。ただし、配当実施の可能性及びその実施時期等につきましては、現時点において未定であります。

なお、剰余金の配当を行う場合、年１回の期末配当を行うことを基本方針としており、配当の決定機関は、株主総会であります。また、当社は、「取締役会の決議により、毎年１月31日を基準日として中間配当を行うことができる」旨を定めております。"
2193,クックパッド株式会社,2025-12-31,"３ 【配当政策】

当社は、さらなる大きな成長のための事業基盤創りに注力するため、事業上獲得した資金を事業開発、ユーザーベース獲得、ブランド構築等の事業拡大のための投資に充当することを優先し、剰余金の配当は行わない方針です。"
2195,アミタホールディングス株式会社,2025-12-31,"３【配当政策】

当社グループは、「持続可能社会＝発展すればするほど自然資本と人間関係資本が増加する社会」の実現を目指し、その実践においてはステークホルダー経営（株主・顧客・取引先・従業員・地域社会を含む）を目指しております。

ステークホルダーの皆様の共通の望みである「持続性」を実現するためには、長引くロシア・ウクライナ情勢、米国による関税引上げの示唆やベネズエラ、グリーンランドをめぐる国際情勢の影響等によって従来の成長エンジンであった安定した「グローバル市場及びグローバルサプライチェーン」が不安定さを増す時代において、将来リスクを解決するための新規市場及び人的資本への投資が重要であると認識しております。すなわち、当該投資活動を積極的に行い、企業競争力と企業価値を向上させることが、ステークホルダーの皆様への中長期的利益還元として重要な経営課題の一つであると考えております。

以上を踏まえ、企業・自治体等における持続性向上ニーズが急速に顕在化してきている情勢から、当該ニーズに応える統合的な新サービスの開発と提供に向けた投資活動を一定期間拡大・継続することとし、この投資・開発期間は当期純利益の10％相当額を超える期末配当を目標としてまいります。そして、新しい成長エンジンである、持続的で安定的な「サーキュラーサプライチェーン及びローカルコミュニティネットワーク市場」の構築・安定化をもって、財務体質と経営基盤の強化を図るとともに、必要な内部留保を確保しつつ、当期純利益の30％相当額の期末配当を目標として、ステークホルダーの皆様に対して適正な利益還元を継続的に実施してまいります。

当社は、年１回の期末配当を行うことを基本方針としており、その決定機関は株主総会であります。

当連結会計年度の配当につきましては、上記方針に基づき当期は１株当たり5.0円の配当を実施することとしました。この結果、当連結会計年度の連結配当性向は28.2％となりました。

内部留保については、上記にも記載のとおり、統合的な新サービスの開発、設備増強、営業力強化、人的資源の充実、経営資源の増幅に資する施策等の将来の成長に向けた有効な投資活動に充当し、企業競争力と企業価値の向上に取り組む考えであります。

また、当社は、「取締役会の決議によって、毎年６月30日を基準日とする中間配当を行うことができる」旨を定款に定めております。

なお、当事業年度に係る剰余金の配当は以下のとおりであります。

 

決議年月日

配当金の総額

（千円）

１株当たり配当額

（円）

2026年３月26日

87,762

5.0

定時株主総会決議（予定）"
2198,アイ・ケイ・ケイホールディングス株式会社,2025-10-31,"３【配当政策】

当社は、株主の皆さまに対する利益還元を経営の重要課題のひとつと認識し、将来の事業展開と経営体質の強化のために必要な内部留保を確保しつつ、経営成績に応じた配当を実施していく方針であります。剰余金の配当を行う場合は年１回期末での配当を基本方針としており、配当の決定機関は、株主総会であります。当事業年度の配当につきましては、上記方針のもと、１株当たり24円と決定いたしました。

なお、内部留保資金の使途につきましては、今後の当社の事業展開を見据えた中長期的な投資原資として、主に設備資金に充当していくこととしております。

当社は会社法第454条第５項に規定する中間配当を取締役会の決議により行うことができる旨を定款に定めております。

（注） 基準日が当事業年度に属する剰余金の配当は、以下のとおりであります。

決議年月日

配当金の総額

（千円）

１株当たり配当額

（円）

2026年１月27日

710,015

24.00

定時株主総会決議（予定）"
219A,Ｈｅａｒｔｓｅｅｄ株式会社,2025-12-31,"３【配当政策】

株主への利益還元については、重要な経営課題と認識しており、将来的には経営成績及び財政状態を勘案しつつ剰余金の分配を検討する所存でありますが、現時点においては繰越利益剰余金がマイナスであること、及び当分の間は研究開発を積極的に推進することで企業価値の向上を目指すことから、当面の間は配当を実施しない方針であり、内部留保資金を研究開発に充当する方針です。

なお、配当を実施する際は年１回の期末配当を基本としてまいりましたが、将来の機動的な資本政策および配当政策を可能とするため、2026年3月27日開催予定の第10回定時株主総会において、会社法第459条第1項の規定に基づき、剰余金の配当等を取締役会決議によって決定できるよう定款変更を予定しております。"
2201,森永製菓株式会社,2026-03-31,"３ 【配当政策】

当社グループは、戦略的かつ重要な事業投資を優先することを原則としつつ、株主の皆様への利益還元について、経営基盤の盤石化のもとに、継続的かつ安定的な株主還元の実施を基本方針としております。

株主還元にあたっては、健全なバランスシートを維持することを前提に、配当性向の水準、フリーキャッシュ・フローを考慮しつつ、資本政策の指標である純資産配当率（ＤＯＥ）の水準を中長期的に引き上げていくことを目指してまいります。また、総還元性向を意識して、必要に応じ自己株式の取得を機動的に実施することも検討してまいります。

当社は中間配当を行うことができる旨を定款で定めており、剰余金の配当の決定機関は、期末配当につきましては株主総会、中間配当につきましては取締役会としております。当期末の配当金につきましては、当連結会計年度の業績及び今後の事業展開などを慎重に検討してまいりました結果、１株当たり32.50円とする予定であります。（2026年６月26日開催予定の第178期定時株主総会に付議予定）

次期にあたる2027年３月期の配当金につきましては、当期の１株当たり65円から５円増配の１株当たり70円（うち中間配当35円）とする予定であります。

 

(注) 基準日が当事業年度に属する剰余金の配当は、以下のとおりであります。














 



決議年月日



配当金の総額
（百万円）



１株当たり配当額
（円）







 



2025年11月12日

取締役会決議



2,733



32.50







 



2026年６月26日

定時株主総会決議（予定）



2,731



32.50"
2204,株式会社中村屋,2026-03-31,"３ 【配当政策】

事業活動で得られました利益の配分につきましては、株主の皆様への長期にわたり安定的かつ継続的な配当を重視するとともに、今後の事業展開を勘案した株主資本の充実により企業体質の強化を図ることを基本方針としております。

当社の剰余金の配当は、年１回の期末配当を基本的な方針としており、配当の決定機関は株主総会であります。

当事業年度の期末配当金につきましては、企業体質の強化並びに今後の事業展開などを勘案するとともに株主の皆様への安定的かつ継続的な配当を考慮の上、普通配当として１株に当たり75円00銭（通期）を、2026年６月26日開催予定の定時株主総会で決議して実施する予定であります。

内部留保につきましては、財務体質の充実強化を図りながら長期安定的な経営基盤の確立に向けた今後の研究開発、環境保全、品質保証をはじめ、市場ニーズに応えられる生産設備の増強、商品力・サービスの向上、情報・物流システムへの投資、新規市場開拓、新規事業分野への展開など将来にわたっての企業価値向上につなげられるよう活用してまいります。

 

(注) 基準日が当事業年度に属する剰余金の配当は、以下のとおりであります。













決議年月日



配当金の総額（千円）



１株当たり配当額（円）







2026年６月26日

定時株主総会決議（予定）



428,595



75.00"
2206,江崎グリコ株式会社,2025-12-31,"３【配当政策】

当社は、株主の皆様に対する利益還元を経営の最重要課題のひとつと位置付けた上で、財務体質の強化と積極的な事業展開に必要な内部留保の充実を勘案し、本中期経営計画期間（2025年度～2027年度）において連結配当性向45％以上を目安に安定した配当政策を実施することを基本方針として、中間配当と期末配当の年２回、剰余金の配当を行っております。今後も、中長期的な視点にたって、成長が見込まれる事業分野に経営資源を投入することにより持続的な成長と企業価値の向上並びに株主価値の増大に努めてまいります。

当事業年度の配当金につきましては、上記方針に基づき、中間配当金は１株当たり45円、期末配当金は１株当たり50円とし、年間配当金は１株当たり95円といたしました。

なお、当社は2026年２月13日付けで開示いたしましたとおり、株主還元の充実を図るとともに、経営環境の変化に対応し機動的な資本政策の遂行を可能とするため、2026年度において250億円（上限）の自己株式の取得を決議いたしました。

当社は、会社法第459条第１項の規定に基づき、取締役会の決議によって剰余金の配当を行うことができる旨及び期末配当、中間配当のほか、基準日を定めて剰余金の配当をすることができる旨を定款に定めております。

なお、当事業年度に係る剰余金の配当は以下のとおりであります。

決議年月日

配当金の総額

（百万円）

１株当たり配当額

（円）

2025年８月６日

2,864

45

取締役会決議

2026年２月13日

3,183

50

取締役会決議"
2207,株式会社ｍｅｉｔｏ,2026-03-31,"３ 【配当政策】

当社は、将来に向けた成長投資を行い、収益力の向上と資本効率の改善を図りつつ、株主の皆様に対しては安定的な配当を維持継続することを利益配分の基本とし、累進配当を継続して実施する方針としております。

当社の剰余金の配当は、中間配当および期末配当の年２回を基本的な方針としております。配当の決定機関は、中間配当は取締役会、期末配当は株主総会であります。

当事業年度の剰余金の期末配当金につきましては、2026年６月25日開催予定の定時株主総会にて、１株につき35円の配当を決議する予定であります。また、年間配当金は、既に実施済の中間配当１株につき20円と合わせて55円となり、前事業年度に比べ20円増配となる予定であります。

また、翌事業年度の配当金につきましては、中間配当として１株当たり40円、期末配当として１株当たり40円を予定しており、年間配当金は１株当たり80円となる予定であります。これは、当事業年度の年間配当金55円から25円の増配となります。

内部留保金は、長期間にわたる研究開発投資や製造設備投資に充当し、今後の事業拡大に活用してまいります。

なお、当社は中間配当を行うことができる旨を定款に定めております。

 

(注) 基準日が当事業年度に属する剰余金の配当は、以下のとおりであります。













決議年月日



配当金の総額（百万円）



１株当たり配当額（円）







 2025年11月10日

 取締役会決議



338



20







2026年６月25日

定時株主総会決議（予定）



570



35"
2208,株式会社ブルボン,2026-03-31,"３【配当政策】

当社は、永続的に安定した経営基盤の確保に努め、安定配当を継続することとし、中間配当と期末配当の年２回の剰余金の配当を行うことを基本方針としております。

これらの剰余金の配当の決定機関は、期末配当については株主総会、中間配当については取締役会であります。

当事業年度の配当につきましては、中間配当として１株当たり20円を実施し、期末配当として１株当たり22円実施することを予定しております。

内部留保資金につきましては、同業他社との競争激化に対処し、コスト競争力を高めるための生産設備への投資や、消費者ニーズに応える商品開発・技術開発および品質保証水準の向上などに投資してまいりたいと存じます。

当社は、「取締役会の決議によって、毎年９月30日を基準日として中間配当をすることができる。」旨を定款に定めております。

なお、当事業年度に係る剰余金の配当は以下のとおりであります。期末配当に関する配当金の総額531百万円および１株当たり配当額22円につきましては、2026年６月26日開催予定の定時株主総会の決議事項となっております。

決議年月日

配当金の総額（百万円）

１株当たり配当額（円）

2025年10月31日

483

20.00

取締役会決議

2026年６月26日

531

22.00

定時株主総会決議（予定）"
2209,井村屋グループ株式会社,2026-03-31,"３ 【配当政策】

当社は、経営環境及び収益見通しを踏まえ、長期的な視野のもとに企業体質の強化と今後の事業展開に備えるため、設備投資資金及び内部留保の確保を図るとともに配当に関しましては安定的配当を基本に考えております。

当社の剰余金配当につきましては、期末配当の年１回を基本配当としており、配当の決定機関は、中間配当は取締役会、期末配当は株主総会であります。

当社では、株主の皆様に対する利益還元を経営上の重要課題の一つと認識し、安定的な配当の継続を基本として、当期の普通配当におきましては、当連結会計年度の業績および今後に事業展開などを慎重に検討してまいりました結果、１株当たり38円とする予定であります。

なお、当社は「取締役会の決議によって、毎年９月30日を基準日として中間配当をすることができる。」旨を定款に定めておりますが、業績の季節的変動要因が大きいため、現在のところ、中間配当は実施できておりません。

(注) 基準日が当事業年度に属する剰余金の配当は、以下のとおりであります。













決議年月日



配当金の総額
（千円）



１株当たり配当額
（円）







2026年６月19日

定時株主総会決議（予定）



486,288



38"
220A,株式会社Ｆａｂｅｒ　Ｃｏｍｐａｎｙ,2025-09-30,"３【配当政策】

当社は、株主の皆様に対する利益還元を重要な経営課題として認識しており、剰余金の配当については、企業成長や内部留保とのバランスを考慮して適切な配当を実施していくことを基本方針としております。

上記の方針に基づき、今後の成長投資への内部留保を総合的に判断した結果、当事業年度の配当につきましては、１株あたり30円（普通配当20円、記念配当10円）の配当を実施することを決定いたしました。この結果、当事業年度の配当性向は31.46％となりました。内部留保につきましては、企業価値を向上させるための資金として、成長投資や事業拡大に伴い増加する運転資金に充当し、有効活用してまいります。

剰余金の配当を行う場合、年１回の期末配当を基本方針としており、剰余金の配当等会社法第459条第１項各号に定める事項については、法令に別段の定めのある場合を除き、取締役会の決議によって定めることができる旨、また、期末配当の基準日は毎年9月30日、中間配当の基準日は毎年３月31日とし、このほか基準日を定めて剰余金の配当をすることができる旨を定款に定めております。

なお、当事業年度に係る剰余金の配当は以下のとおりであります。

決議年月日

配当金の総額（千円）

１株当たり配当額（円）

2025年10月16日

82,200

30.00

（普通配当20円00銭）

（記念配当10円00銭）

定時取締役会"
2211,株式会社不二家,2025-12-31,"３ 【配当政策】

当社は、株主の皆様への利益還元を充実させていくことが経営上の最重要課題のひとつであると考えており、収益力向上に向け企業体質の強化を図りながら、継続的、安定的に配当を行うことを基本方針としております。

当社は、中間配当と期末配当の年２回の剰余金の配当を行うことを基本方針としております。

これらの剰余金の配当の決定機関は、期末配当については株主総会、中間配当については取締役会であります。

会社法第454条第５項の規定により、取締役会の決議によって毎年６月30日を基準日として中間配当を行うことができる旨定款に定めております。

当事業年度の配当につきましては、業績の状況と今後の事業環境を勘案し、企業基盤の強化のための内部留保にも配慮しつつ、2026年3月25日開催予定の当社第131期定時株主総会での決議を条件として、期末配当を１株につき30円とする予定であります。

(注)  基準日が当事業年度に属する剰余金の配当は、以下のとおりであります。

 














決議年月日



配当金の総額
(百万円)



１株当たり配当額
(円)







2026年３月25日



定時株主総会決議
（予定）



773



30.00"
2212,山崎製パン株式会社,2025-12-31,"３ 【配当政策】

当社は、各事業年度の業績の状況と将来の事業展開を総合的に勘案し、企業基盤の強化のための内部留保にも配慮しつつ、連結配当性向30％を目標に、株主の皆様への安定した配当を継続することを基本方針としております。当社の配当は、定時株主総会における剰余金の処分の決議によって決定し、期末配当として年１回（毎年３月末）お支払いすることとしております。

第78期の期末配当につきましては、当期の業績と今後の経営環境などを勘案いたしまして、普通株式１株につき金60円とし、配当金の総額11,853,282,600円を2026年３月27日開催の第78回定時株主総会で決議する予定です。 

この結果、当期の配当性向は連結29.0％（個別39.5％）、純資産配当率は連結2.7％（個別3.6％）となる予定です。

内部留保資金につきましては、将来にわたる生産設備の増強及び販売・物流体制の強化のための資金需要に備えるとともに、新規事業分野の開拓に活用してまいります。"
2215,第一屋製パン株式会社,2025-12-31,"３ 【配当政策】

当社は、株主の皆様への利益還元を重要な課題と認識し、将来の事業展開と財務体質の強化を考慮したうえで、業績に対応した配当を行うことを基本方針としております。

また、当社の剰余金の配当については、定款において中間配当を行うことができる旨を定め、中間配当及び期末配当の年２回とし、その決定機関は、中間配当は取締役会、期末配当は株主総会であります。

当事業年度につきましては、配当の原資となるその他利益剰余金の水準に鑑み、現状の損益状況下で配当を実施することは、中長期的な財務の健全性を損なう恐れがあると判断いたしました。

当面は、資本の社外流出を抑制し、限られた経営資源を最優先課題である設備投資へ集中させることが、将来の収益力強化及び企業価値向上に直結するものと考え、誠に遺憾ながら無配といたしました。

なお、今後の利益還元につきましては、早期に復配を実現できるよう、全社一丸となって業績の伸長に努め、経営成績を勘案しながら適宜検討していく予定であります。"
2216,カンロ株式会社,2025-12-31,"３ 【配当政策】

(1) 株主の皆様への利益還元は重要な政策であり、「中期経営計画2030」においては、配当性向40％を基本に１株あたり31円（株式分割後換算）を下限に設定することを株主還元方針としております。

当社の剰余金の配当は、中間配当及び期末配当の年２回を基本的な方針としております。当社は、毎年６月30日を基準日として、中間配当を行うことができる旨を定款に定めております。また、会社法第459条の規定に基づき、取締役会の決議によって剰余金の配当を行うことができる旨を定款に定めております。

当期の期末配当金につきましては、１株につき17円としております。なお、当社は、2025年７月１日を効力発生日として普通株式１株につき３株の割合で株式分割を実施しております。株式分割前の2025年６月30日を基準日として１株につき45円の中間配当金をお支払いしておりますので、当期の年間配当金は、株式分割前に換算いたしますと、中間配当金45円と期末配当金51円を合わせた１株当たり96円、株式分割後に換算いたしますと、中間配当金15円と期末配当金17円を合わせた１株当たり32円に相当し、配当性向は39.9％となります。

今後も営業キャッシュフローの伸長により、成長投資と安定配当を両立してまいります。

 

(2) 内部留保につきましては、企業価値の持続的な向上に向けた成長投資及び経営基盤の強化を図るために有効活用してまいります。

 

(3) 自己株式の処分・活用につきましては、当社成長発展のためのより良い資本政策を検討し、時宜にかなった決定をしてまいります。

 

(注) 基準日が当事業年度に属する剰余金の配当は、次のとおりであります。













決議年月日



配当金の総額
（千円）



１株当たり配当額
（円）







2025年７月29日

取締役会決議



647,670



45.00







2026年２月13日

取締役会決議



734,023



17.00"
2217,モロゾフ株式会社,2026-01-31,"３【配当政策】

当社は、利益配分につきましては、持続的な成長と企業価値向上のための投資や、様々なリスクに備えるための財務健全性とのバランス、経営成績の見通しなどを考慮したうえで、業績に応じた利益配分を行うことを基本方針とし、連結配当性向40％程度、連結総還元性向50％程度を目安に配当することとしております。

また、内部留保につきましては、生産設備や販売設備の投資など企業体質強化に活用し、安定的な利益配当を実現すべく最大限努力してまいります。

当事業年度の配当につきましては、上記方針に基づき、安定配当の観点を加え、中間配当は１株当たり6円を実施し、期末配当は１株当たり10円を2026年４月24日開催予定の定時株主総会で決議して実施する予定です。

当社は、取締役会の決議により毎年７月31日を基準日として中間配当を行うことができる旨を定款に定めております。また、当社は、中間配当と期末配当の年２回の剰余金の配当を行うことを基本方針としており、これらの剰余金の配当の決定機関は、期末配当については株主総会、中間配当については取締役会であります。

なお、当事業年度の剰余金の配当は以下のとおりであります。

決議年月日

配当金の総額

１株当たり配当額

2025年９月12日

121,307千円

6円

取締役会決議

2026年４月24日

203,217千円

10円

定時株主総会決議（予定）"
2218,日糧製パン株式会社,2026-03-31,"３ 【配当政策】

当社は、確実に収益を確保できるよう経営基盤と財務体質の強化に努め、永続的な企業の成長をめざし、安定した配当を継続することを基本方針としております。

当期の配当につきましては、上記方針および当期の業績と今後の経営環境等を勘案いたしまして、当社普通株式１株当たり15円を、2026年６月26日開催予定の定時株主総会で決議して実施する予定であります。

なお、当社の剰余金の配当は、期末配当の年１回行うことを基本的な方針としており、剰余金の配当の決定機関は株主総会であります。

 

 (注)  基準日が当事業年度に属する剰余金の配当は、以下のとおりであります。

 













決議年月日



配当金の総額
(千円)



１株当たり配当額
(円)







2026年６月26日

定時株主総会決議(予定)



31,388



15.00"
2220,亀田製菓株式会社,2026-03-31,"３ 【配当政策】

当社は、「Rice Innovation Company」の実現に向けた国内外での投資と株主に対する利益還元のバランスを考慮しながら、中期経営計画を実行し収益の拡大を図り、利益配分を安定的に拡大することを目指しております。また当社は、中間配当と期末配当の年２回の剰余金の配当を行うことを基本方針としております。

これらの剰余金の配当の決定機関は、期末配当については株主総会、中間配当については取締役会であります。

当事業年度の配当につきましては、上記方針にもとづき当期は１株当たり66円の配当(うち中間配当15円)を実施することを予定しております。この結果、当事業年度の連結配当性向は5.6％となる予定であります。

当社は、「取締役会の決議により、毎年９月30日を基準日として、中間配当を行うことができる。」旨を定款に定めております。

なお、当事業年度に係る剰余金の配当は以下のとおりであります。期末配当に関する配当金の総額1,075百万円及び１株当たり配当額51円につきましては、2026年６月23日開催予定の定時株主総会の決議事項となっております。













決議年月日



配当金の総額

(百万円)



１株当たり配当額

(円)







2025年10月30日

取締役会決議



316



15







2026年６月23日

定時株主総会決議（予定）



1,075



51"
2221,岩塚製菓株式会社,2026-03-31,"３【配当政策】

当社は株主に対する利益還元を経営の最重要政策の一つとして位置づけております。米菓業界における熾烈な企業間競争の中にあって、常に新技術の開発と生産性の向上を目指し競争力を一層高めることで、業績に裏付けられた成果の配分として、中間配当と期末配当の年２回の剰余金の配当を行うことを基本方針としております。

これらの剰余金の配当の決定機関は、期末配当については株主総会、中間配当については取締役会であり、当社は「取締役会の決議によって、毎年９月30日を基準日として、中間配当を行うことができる。」旨、定款に定めております。

当期の配当につきましては、上記方針に基づき、１株当たり32円の配当（うち中間配当０円）を、2026年６月25日開催予定の定時株主総会で決議して実施する予定であります。

内部留保資金につきましては、安定的な成長を図るため設備投資、研究開発、企業体質・財務体質の強化に充当し、継続的な事業の拡大と収益の向上を通じて株主の期待に応えるよう活用してまいります。

なお、当事業年度に係る剰余金の配当は以下のとおりであります。

決議年月日

配当金の総額

（百万円）

１株当たり配当額

（円）

2026年６月25日

329

32

定時株主総会決議（予定）"
2222,寿スピリッツ株式会社,2026-03-31,"３【配当政策】

当社は、株主の皆様への利益還元を重要な経営課題として認識いたしており、長期にわたり株主の皆様に安定して利益還元できるよう、内部留保、業績水準並びに配当性向等を総合的に勘案し、利益還元に努めることを基本方針といたしております。

また、2025年５月に公表いたしました中長期経営目標「Value Up Vison2030」において2026年3月期から2030年３月期までの５年間のキャッシュ・アロケーション方針を定め、当期間で創出する営業キャッシュ・フローの使途のうち、株主還元を総還元性向50％以上を意識し、利益成長に応じた増配と機動的な自己株式取得を実施する方針といたしております。

剰余金の配当回数につきましては、年１回の期末配当を行うことを基本方針としておりますが、将来的な中間配当の実施に備え、当社は、「毎年９月30日を基準日として、取締役会の決議をもって、株主または登録株式質権者に対し、中間配当を行うことができる。」旨を定款に定めております。

当期の期末配当につきましては、上記基本方針に基づき１株につき35円（中間配当はありません）の普通配当を予定しております。

内部留保資金につきましては、経営体質の一層の充実並びに将来の事業展開に活用してまいります。

また、剰余金の配当の基準日は、毎年３月31日の期末配当並びに毎年９月30日の中間配当を定款に定めております。これらの剰余金の配当の決定機関は、期末配当については株主総会、中間配当については取締役会であります。

なお、当社は、2026年６月25日開催予定の定時株主総会の議案（決議事項）として、「定款一部変更の件」を上程しており、当該議案が原案どおり承認可決された場合、「当会社は、剰余金の配当等会社法第459条第1項各号に定める事項については、法令に別段の定めがある場合を除き、取締役会決議によって定めることができる。」旨を新たに定款に定めることとなります。これにより、剰余金の配当の決定機関は、期末配当については株主総会又は取締役会、中間配当については取締役会となる予定です。

第74期に係る剰余金の配当は以下のとおりであります。期末配当に関する配当金の総額5,405百万円及び１株当たり配当額35円につきましては、2026年６月25日開催予定の定時株主総会の決議事項となっております。

当事業年度に係る剰余金の配当は以下のとおりであります。

決議年月日

配当金の総額

（百万円）

１株当たり配当額

（円）

2026年６月25日

5,405

35.00

定時株主総会決議（予定）"
2224,株式会社コモ,2026-03-31,"３【配当政策】

当社は、利益配分につきましては、企業体質の強化と今後の経営環境に備えるため、内部留保の充実を図るとともに、業績及び配当性向を勘案し、安定的な配当を継続して行うことを基本方針としております。

当社には中間配当制度がありますが、現在は期末配当のみとさせていただいております。これらの剰余金の配当の決定機関は、期末配当については株主総会、中間配当については取締役会であります。

当事業年度の配当につきましては、上記方針に基づき当期は１株当たり７円の配当を実施することを予定しております。この結果、当事業年度の配当性向は34.1％となる予定です。

内部留保資金につきましては、今後の経営環境の変化に迅速に対応するため、設備投資資金及び研究開発費として、生産能力、生産効率ならびに衛生環境の向上と、当社の製品特性を活かした製品の研究・開発に取り組み、将来の経営基盤の強化に努めてまいります。

当社は、「取締役会の決議により、毎年９月30日を基準日として、中間配当を行うことができる。」旨を定款に定めております。

なお、当事業年度に係る剰余金の配当は以下のとおりであります。配当金の総額24百万円及び１株当たり配当額７円につきましては、2026年６月25日開催予定の定時株主総会の決議事項となっております。

決議年月日

配当金の総額

（百万円）

１株当たり配当額

（円）

2026年６月25日

24

7

定時株主総会決議（予定）"
2226,株式会社湖池屋,2026-03-31,"３【配当政策】

当社は、株主の皆様に対する利益還元を経営上重要な施策の一つとして位置付けております。

利益還元を行うに際しては、安定した配当等を継続するとともにグループの業績に応じた成果の配分を行うことを基本方針としております。

具体的には、一定の株主還元割合を考慮した安定的な配当等を行い当社株式の長期保有を促すとともに、各事業年度の企業活動の成果を、事業収益、キャッシュ・フローの状況等を勘案しながら適正に還元することとしております。

毎事業年度における配当の回数につきましては、配当事務に係るコスト等を考慮し、現在のところ期末日を基準とする年１回の現金配当を基本方針としております。

なお、当社は、「会社法第459条第１項の規定に基づき、取締役会の決議をもって剰余金の配当等を行うことができる。」旨定款に定めております。

内部留保資金につきましては、将来における持続的な企業成長と経営環境の変化に対応するため、将来の新製品開発及び新事業の展開、そして財務体質の一層の強化に用いることとし、企業価値の向上及び株主価値の増大に努めてまいります。

当事業年度につきましては、株主の皆様の日頃のご支援にお応えすべく、2026年５月13日付けの取締役会決議に基づき、１株当たり55円の期末配当を行うことといたしました。

 

なお、当事業年度に係る剰余金の配当は以下のとおりであります。

決議年月日

配当金の総額

（百万円）

１株当たり配当額

（円）

2026年５月13日

586

55.0

取締役会決議"
2229,カルビー株式会社,2026-03-31,"３ 【配当政策】

 当社は、株主の皆様への利益還元を経営の重要課題のひとつとして認識しております。当期の期末配当金につきましては、当期を最終年度とする2024年３月期〜2026年３月期の成長戦略「Change 2025」で掲げたキャッシュアロケーションおよび、総還元性向50％以上、DOE４％を目途に安定的な増配を目指すという還元方針に基づき、連結業績や財務状況等を総合的に勘案し、2026年３月期の配当金（期末）につきましては、１株当たり８円増配の66円を予定しております。

当社は会社法第454条第５項に規定する中間配当をすることができる旨を定款に定めておりますが、年間業績等を見極めた上で、年１回の配当としております。

なお、剰余金の配当の決定機関は、期末配当につきましては株主総会、中間配当につきましては取締役会であります。

 

（注）基準日が第77期事業年度に属する剰余金の配当は、以下のとおりであります。

 













決議年月日



配当金の総額（百万円）



１株当たり配当額（円）







2026年６月24日

定時株主総会（予定）



8,037



66"
2264,森永乳業株式会社,2026-03-31,"３ 【配当政策】

当社グループは、成長領域への資源集中を優先しつつ、株主還元についても重要な経営課題の一つとして認識しており、企業基盤の強化、連結業績等を十分勘案しながら、安定的、かつ長期的な配当を実現することを基本方針としております。

連結配当性向につきましては40%を目標とし、特殊要因が発生した場合は、この影響を除いた配当金額といたします。

当社の剰余金の配当は、中間配当及び期末配当の年２回を基本的な方針としております。配当の決定機関は、中間配当は取締役会、期末配当は株主総会であります。

なお、災害等の不測の事態が原因で株主総会の開催が困難であると判断される場合に限り、取締役会の決議によって期末の剰余金の配当等を行うことができることとしております。

当事業年度の株主配当金につきましては、上記方針に基づき、中間配当は１株につき45円を実施し、期末配当は１株につき55円とすることを決議する予定であります。この結果、当連結会計年度の連結配当性向は36.2％となる予定です。

なお、当事業年度に係る剰余金の配当は以下のとおりであります。

 













決議年月日



配当金の総額
(百万円)



１株当たり配当額
(円)







2025年11月11日

取締役会決議



3,696



45







2026年６月25日

株主総会決議（予定）



4,458



55"
2266,六甲バター株式会社,2025-12-31,"３【配当政策】

当社は、株主に対し、まず安定的な配当を継続することが配当政策上最重要であり、さらに、今後の企業体質の強化及び安定的な利益確保のために内部留保を充実させることを基本方針としております。

当社の剰余金の配当は期末配当を年１回行うことを基本方針としており、この剰余金の配当の決定機関は株主総会であります。また、内部留保資金の使途につきましては、将来の事業展開のための原資として充当することとしております。

当事業年度の配当につきましては、上記方針に基づき１株当たり20円の配当を実施することを予定しております。

また、当社は、「当会社は、取締役会の決議によって、毎年６月30日を基準日として中間配当を行うことができ

る。」旨を定款に定めており、この剰余金の配当の決定機関は取締役会であります。

なお、当事業年度の剰余金の配当は以下のとおりであります。

決議年月日

配当金の総額

（百万円）

１株当たり配当額

（円）

2026年３月26日

389

20.00

定時株主総会決議（予定）"
2267,株式会社ヤクルト本社,2026-03-31,"３ 【配当政策】

剰余金の配当等の決定に関する方針にあたる、当社の株主還元方針は以下のとおりです。

「当社は、累進配当の考え方に基づき、継続的な増配を目指すことを最優先とし、将来の事業拡大や収益向上を図るための資金需要および財政状況ならびに当期の業績などを総合的に勘案して配当金額を決定します。加えて、総還元性向70％を目安とし、市場環境やキャッシュ・フロー等を勘案したうえで、機動的な自己株式の取得を実施します。」

当社の剰余金の配当は、中間配当および期末配当の年２回を基本的な方針としております。また、剰余金の配当等会社法第459条第１項各号に定める事項については、法令に別段の定めのある場合を除き、取締役会の決議によって定めることができる旨を定款に定めています。

なお、当社は中間配当を取締役会決議によって行うことができる旨についても定款に定めています。

上記の方針のもと、継続して株主の皆さまへの利益還元を図るため、2026年３月期の年間配当金額は、前期に比べて１株当たり６円増配（内訳：普通配当２円および創業90周年記念配当４円）の年額70円としました。すでに中間配当金33円を実施していますので、2026年３月期末の配当金については37円となります。

また、次期の配当については、上記の方針のもと、当期に比べて１株につき２円増配の年額72円を予定しています。これは、2026年３月期の普通配当66円に比べて１株につき６円増配になります。

 

(注)１ 基準日が当事業年度に属する剰余金の配当は、以下のとおりです。














 



決議年月日



配当金の総額
（百万円）



１株当たり配当額
（円）







 



2025年11月14日

取締役会決議



9,677



33







 



2026年５月12日

取締役会決議



10,807



37"
2268,Ｂ－Ｒ　サーティワン　アイスクリーム株式会社,2025-12-31,"３ 【配当政策】

当社は、株主への利益還元を重視し、業績等を勘案しつつ安定した配当政策を実行して行きたいと考えております。

当社は、中間配当と期末配当の年２回の剰余金の配当を行うことを基本方針としており、中間配当については「取締役会の決議により、毎年６月30日を基準日として、中間配当を行うことが出来る。」旨を定款に定めております。従って、剰余金の配当の決定機関は、期末配当については株主総会、中間配当については取締役会であります。また、内部留保金につきましては、フランチャイズ店の店舗用設備の購入資金等として活用してまいります。このような基本方針に基づき、変化の激しい経済情勢や業績などを考慮し、株主各位のご期待に沿うよう努めてまいります。なお、期末配当につきましては、１株当たり35円の普通配当に20円の特別配当を加え１株当たり55円とし、2026年３月17日開催予定の第53回定時株主総会で決議する予定です。翌期の配当につきましては、中間配当30円、期末配当30円の年間60円を予定しております。

当事業年度の配当性向は40.7％、純資産配当率は5.3％となります。

なお、当事業年度に係る剰余金の配当は以下のとおりであります。

 













決議年月日



配当金の総額
(千円)



１株当たり配当額
(円)







2025年７月24日

取締役会決議



240,895



25.00







2026年３月17日

定時株主総会決議(予定)



529,971



55.00"
2269,明治ホールディングス株式会社,2026-03-31,"３【配当政策】

当社は、食品と医薬品を主な事業とし、お客さまの生涯を通じて身近な存在として事業展開しており、中・長期的に安定的な経営基盤の確保が不可欠であります。

事業活動により得た資金は、持続的な成長に向けて、将来への成長投資や研究開発へ積極的に充当します。

また、株主の皆様への適切な利益還元についても経営における重要課題として認識し、各年度で総還元性向50%以上を目安とし、１株当たり配当額の継続的な増配を目指します。

なお、非経常的な特殊要因により親会社株主に帰属する当期純利益が大きく変動する場合は、その影響を除いて配当金額を決定することがあります。

また、当社の剰余金配当は、中間及び期末配当の年２回を基本方針としており、各配当の決定機関はいずれも取締役会であります。

当社は、「取締役会の決議により、毎年９月30日を基準日として、中間配当を行うことができる。」旨を定款に定めております。

2026年６月26日開催予定の定時株主総会の議案（決議事項）として「剰余金の配当等の決定機関に関する定款一部変更の件」を上程いたします。当該議案が原案通り可決されますと、「当会社は、会社法第459条第１項各号に掲げる剰余金の配当等に関する事項については、法令に別段の定めがある場合を除き、取締役会の決議によって定めることができる。」旨を定款に定めることとなります。これにより、剰余金の配当の決定機関は、期末配当については株主総会及び取締役会、中間配当については取締役会となる予定です。

 

当期の配当金については、中間配当金は１株当たり52.5円、期末配当金は１株当たり52.5円とし、期末配当金の支払開始日は2026年６月８日といたしました。この結果、連結配当性向は81.1％となります。

次期の年間配当金については、１株当たり110円（中間期末55.0円、期末55.0円）と増配を予定しており、連結配当性向は47.7％を見込んでおります。

 

議決年月日

配当金の総額

（百万円）

１株当たり配当額

（円）

2025年11月13日

14,232

52.50

取締役会決議

2026年５月21日

14,232

52.50

取締役会決議"
2270,雪印メグミルク株式会社,2026-03-31,"３ 【配当政策】

当社は、営業キャッシュ・フロー、BSマネジメントおよび外部格付Ａ格を維持できる範囲内での有利子負債の活用により、成長投資を実施したうえで株主還元も強化していきます。資本構成はネットD/Eレシオ0.5を目安として投資の状況に合わせ段階的に最適化していきます。株主還元方針は、これまでの資産売却益を除く連結配当性向40％以上に加え、新たに配当下限100円を設定し、安定的な配当の継続に努めていきます。

 

毎事業年度における配当の回数については期末配当１回とし、配当の決定機関は取締役会としております。この方針に基づき、当期の配当につきましては１株当たり100円といたしました。また、株価や資本構成の状況と成長投資の資金需要を考慮しつつ、資本効率向上に向けて当期は200億円の自己株式の取得・消却を実施いたしました。

なお、当期の剰余金配当の支払開始日は2026年６月４日としております。

当社は連結配当規制の適用会社であります。

当事業年度の配当は以下のとおりです。

 













決議年月日



配当金の総額
(百万円)



１株当たり配当額
(円)







2026年５月14日



6,076



100.00







取締役会"
2281,プリマハム株式会社,2026-03-31,"３ 【配当政策】

当社は、株主の皆様への利益配分を経営の重要課題と捉えており、配当性向40％以上を目標としつつ、安定的配当を継続的に実施していくことを基本方針としております。2025年度の配当は、当事業年度の業績及び今後の投資計画等を総合的に勘案した結果、以下のとおりであります。













決議年月日



配当金の総額(百万円)



１株当たり配当額(円)







2025年11月10日



2,013



40.00







取締役会決議







2026年６月25日



2,013



40.00







定時株主総会決議（予定）





 


 

配当は、毎年中間配当と期末配当の年２回の配当を行うことを計画しております。株主の皆様への利益配分の機会の充実並びに経営環境の変化に対応した機動的な配当政策が可能な体制を確立するため、毎年９月30日を基準日として取締役会の決議によって中間配当を行うことができる旨を定款に定めております。また、内部留保金につきましては、将来の設備投資や財政状態のより一層の強化等のために活用してまいります。

配当金の決定機関は、期末配当については株主総会、中間配当については取締役会となっております。"
2282,日本ハム株式会社,2026-03-31,"３ 【配当政策】

当社は、株主の皆様の求める価値を創出する企業を目指すために、当社の剰余金の配当等の決定に関する方針につきましては、最適資本・負債構成を設定した上で、投下資本効率の向上の実現に向けた資本政策の一環として位置付けております。

当社は、期末配当の年１回の剰余金の配当を行うことを基本方針としており、剰余金の配当の決定機関は取締役会であり、「剰余金の配当等会社法第459条第１項各号に定める事項については、法令に別段の定めがある場合を除き、株主総会の決議によらず取締役会の決議をもって定める。」旨定款に定めております。

また、期末配当の年１回のほか、「基準日を定めて剰余金の配当を行うことができる。」旨定款に定めております。

この基本方針の下、剰余金の配当につきましては、今中期経営計画期間においてDOE（親会社所有者帰属持分配当率）の３％程度への引上げを目指し、株主の皆様への還元を継続的に成長させてまいります。併せて、配当性向につきましては40％以上を目安とすることで充実を図ってまいります。
また、最適な資本構成の実現に向けては、資本コストの低減と資金調達に必要な信用力の維持を両立するD/Eレシオの水準を想定しております。この方針に基づき、自己株式の取得を機動的に実施し、当社が資本コストの観点から最も効率的と判断する株主資本の水準への最適化を図ることで、企業価値の向上を実現してまいります。

当事業年度の配当につきましては、上記の方針に基づき、１株当たり普通配当160円とさせていただきました。

なお、当事業年度に係る剰余金の配当は以下のとおりであります。













決議年月日



配当金の総額
（百万円）



１株当たり配当額
（円）







2026年５月８日

取締役会決議



15,077



160





 


（注）配当金の総額には、役員報酬BIP信託が所有する当社株式に対する配当金16百万円が含まれております。"
2286,林兼産業株式会社,2026-03-31,"３ 【配当政策】

当社の配当政策は、株主の皆様への適切な利益還元を経営の最重要施策の一つとして位置付け、業績に応じた適切な利益配分を行うことを基本としております。また、長期的な企業業績向上を目指し、設備投資に備えるための内部留保の充実を重視し、有効に投資したいと考えております。

当社は、年１回の剰余金の配当を行うことを基本としており、この剰余金の配当の決定機関は株主総会としております。

当事業年度の配当については、上記方針に基づき、当事業年度の堅調な業績に応じた利益還元を勘案して増配することとし、１株当たり43円の期末配当を、2026年６月26日開催予定の定時株主総会で決議して実施する予定です。

また、新たな「中期経営計画Challenge2028」(2027年３月期～2028年３月期）のなかでは、中長期的な企業価値向上のための株主還元の強化を戦略に掲げており、連結配当性向30％以上を志向することとしております。

(注)  基準日が当事業年度に属する剰余金の配当は、以下のとおりです。

 













決議年月日



配当金の総額
(百万円)



１株当たり配当額
(円)







2026年６月26日

定時株主総会決議(予定）



351



43"
2288,丸大食品株式会社,2026-03-31,"３ 【配当政策】

当社は、株主の皆様への利益還元を経営上の最重要課題の１つとして位置付けており、安定配当を継続することを基本方針としつつ、収益成長に応じた増配を目指しております。
その方針を実践するため、配当は「１株当たり30円を下限」とするとともに、「総還元性向30％以上の維持」を目標としております。当事業年度の配当につきましては、１株当たり70円の配当を2026年６月26日開催予定の定時株主総会で決議し、実施する予定です。この結果、既に公表済みの自己株式取得（取得総額上限13億円）を上限まで実施した場合、総還元性向は30.7％となる見込みです。
次年度以降は、収益力の向上等を踏まえ、１株当たり30円の下限配当を継続した上で、「ＮＯＰＡＴ（営業利益×[１－当社想定実効税率]）の35％を目安」とする配当水準を基本方針とし、事業活動から得られる利益水準に基づいた、安定的かつ予測可能性の高い株主還元を目指してまいります。
また、株主の皆様への利益還元機会を充実させる観点から、次年度（基準日は2026年９月末）より中間配当制度を導入する予定です（定款変更を2026年６月26日開催予定の定時株主総会に付議予定です）。
内部留保資金につきましては、収益体質の構築による一層の企業価値の増大に向けて、経営基盤の強化や持続的な成長を実現するために、有効に活用してまいりたいと考えております。

 

(注) 基準日が当事業年度に属する剰余金の配当は、以下のとおりであります。













決議年月日



配当金の総額
（百万円）



１株当たり配当額
（円）







2026年６月26日

定時株主総会決議（予定）



1,709



70





 


配当金の総額には、「役員向け株式交付信託」の信託財産として株式会社日本カストディ銀行（信託口）が保有する当社株式128,000株に対する配当金８百万円が含まれております。"
228A,株式会社オプロ,2025-11-30,"３【配当政策】

当社は、現在成長過程にあり、経営基盤の長期安定に向けた財務体質の強化及び事業の継続的な拡大発展を目指しております。そのため、内部留保の充実が重要であると考え、会社設立以来配当は実施しておらず、当事業年度においても配当は行っておりません。

しかしながら、株主利益の最大化を重要な経営目標の一つとして認識しており、今後の株主への利益配当につきましては、業績の推移・財務状況、今後の事業・投資計画等を総合的に勘案し、内部留保とのバランスを図りながら検討してまいります。内部留保資金につきましては、今後の事業戦略に応じて、新製品の開発や市場開拓等事業領域拡大のための投資資金として有効に活用していく方針であります。

なお、剰余金の配当を行う場合、期末配当の決定機関は株主総会となっております。また、当社は年に１回の剰余金の配当を行うことを基本方針としておりますが、会社法第454条第５項に規定する中間配当を取締役会決議によって行うことができる旨を定款に定めております。"
2291,福留ハム株式会社,2026-03-31,"３ 【配当政策】

当社は強固な経営基盤に基づく安定的な配当の継続を基本方針としております。

当社の剰余金の配当は、期末配当の年１回を基本的な方針としており、配当の決定機関は取締役会であります。また、当社は中間配当を行うことができる旨を定款に定めております。

当社では、期末配当金として年１回の剰余金の配当を行うことを基本方針としており、会社法第459条第１項の規定に基づき、取締役会の決議をもって剰余金の配当等を行うことができる旨を定款に定めております。

当事業年度におきましては、黒字化は達成いたしましたが、未だ先行きが見通せない状況下において、経営の安定を図るためには、慎重な財務管理が求められます。原材料価格やエネルギーコストの高騰、人件費や物流費の上昇等、経営環境が依然として厳しい状況が続いており、将来における事業継続のためにも、財務基盤の安定化を図ることが現状において最優先課題であるとの考えから、無配とさせていただきます。

なお、当社は連結配当規制適用会社であります。"
2292,エスフーズ株式会社,2026-02-28,"３ 【配当政策】

当社は、創業以来一貫して株主の利益を最も重要な課題として事業の経営に当たってまいりました。当社の剰余金の配当は、中間配当及び期末配当の年２回を基本的な方針としております。配当の決定機関は、中間配当は取締役会、期末配当は株主総会であります。当期の剰余金の配当につきましては、期末配当金として１株につき52円とし、中間配当金52円を含め年間104円の配当(単体配当性向39.6％)としております。

今後の配当政策につきましては、「安定配当の継続」、「今後のグループ経営の事業基盤強化に向けた内部留保の積極活用」等の観点から、連結業績を勘案の上、連結の株主資本配当率３％を目途に、安定的な利益還元を実施してまいりたいと考えております。

このような方針のもと、当事業年度末の配当金については、2026年５月22日開催予定の定時株主総会にて

１株あたり52円の普通配当を決議する予定であります。

内部留保金につきましては、健全で強い会社を実現するため企業体質の強化と将来の事業展開に向けて有効且つ積極的に活用し、企業価値の向上に努めてまいります。

なお、当社は中間配当を行うことができる旨を定款に定めております。

（注）基準日が当事業年度に属する剰余金の配当は以下のとおりであります。













決議年月日



配当金の総額

（百万円）



１株当たり配当額

（円）







2025年10月14日

取締役会決議



1,647



52.00







2026年５月22日

定時株主総会決議(予定)



1,647



52.00"
2293,滝沢ハム株式会社,2026-03-31,"３ 【配当政策】

当社は、株主に対し安定的に利益還元することを最も重要な課題として位置付けております。一方で、財務体質の強化、会社成長のための内部留保の充実等の重要性も考え、総合的に勘案した上で決定することを基本としております。

当社の剰余金の配当は、期末配当の年１回を基本的な方針としております。配当の決定機関は、株主総会であります。

当期の期末配当金につきましては、当期の業績動向を考慮した結果、誠に遺憾ではございますが今期の配当は無配とさせていただくことといたしました。今後につきましては、全社一丸となり収益力の回復、コスト構造改革の定着、財務基盤の強化を進め、安定配当の再開に努めてまいる所存であります。

なお、内部留保金につきましては、財務体質の強化を図るために役立て、今後も株主各位への安定配当の方針に基づき努力してまいりたいと考えております。

次期の配当につきましては、2027年３月期の計画を達成のうえ、１株当たり期末配当20円とさせていただく予定であります。当社は会社法第454条第５項に定める剰余金の配当（中間配当）をすることができる旨を定款に定めております。"
2294,株式会社柿安本店,2026-04-30,"３【配当政策】

当社は、株主の皆様への利益還元を経営の重要政策として位置づけ、利益配分につきましては将来の事業展開や経営環境の変化に対応するため、内部留保に留意しつつ、安定的な配当を行うことを念頭に置き、業績に応じて総合的に決定することを基本方針としております。

当社は、中間配当と期末配当の年２回の剰余金の配当を行うことを基本方針としております。これらの剰余金の配当の決定機関は、期末配当については株主総会、中間配当については取締役会であります。

なお、当事業年度の配当につきましては、上記方針に基づき、１株当たり普通配当85円を予定しております。この結果、連結配当性向は100.4％となる予定であります。

今後も、経営成績及び財政状態を勘案しつつ、利益配当を実施していく方針であります。

また、内部留保資金につきましては、新規事業開発、新規出店、既存店の改装及び工場設備への投資等として充当してまいりたいと考えております。

なお、当事業年度に係る剰余金の配当は以下のとおりであります。期末配当に関する配当金の総額814百万円及び１株当たり配当額85円につきましては、2026年７月24日開催予定の定時株主総会の決議事項となっております。

決議年月日

配当金の総額

（百万円）

１株当たり配当額

（円）

2026年７月24日

814

85

定時株主総会決議（予定）

(注) 当事業年度にかかる中間配当はありません。"
2296,伊藤ハム米久ホールディングス株式会社,2026-03-31,"３【配当政策】

当社は、中期経営計画2026において、普通配当を対象としてDOE（株主資本配当率）3.0％以上かつ累進配当の配当方針を掲げております。

当事業年度の配当につきましては、普通配当は１株当たり145円（中間配当70円、期末配当75円）を実施し、年間普通配当のDOEは3.1％となりました。また、経営統合10周年を迎え、総額約100億円となる１株当たり175円（第１四半期末85円、第３四半期末90円）の記念配当を実施しました。これにより当事業年度期の１株当たり配当金の年間合計は320円となりました。

2027年３月期は、普通配当として１株当たり155円（中間配当75円、期末配当80円）を実施予定です。

当社の剰余金の配当等につきましては、会社法第459条第１項の規定に基づき取締役会の決議をもって期末配当及び中間配当を行うことができる旨を定款で定めております。なお、上記の当事業年度の第１四半期末及び第３四半期末の記念配当は、会社法第124条第１項乃至第３項の規定に基づく基準日設定公告を行い実施しました。

内部留保資金につきましては、長期的展望に立ち持続的な成長を実現するために有効投資し、企業価値の向上に努めてまいります。

 

（注）基準日が当事業年度に属する剰余金の配当は以下のとおりであります。













決議年月日



配当金の総額
（百万円）



１株当たり配当額
（円）







2025年8月22日

取締役会決議



4,822



85







2025年11月4日

取締役会決議



3,972



70







2026年2月6日

取締役会決議



5,107



90







2026年5月20日

取締役会決議



4,256



75"
2300,株式会社きょくとう,2026-02-28,"３ 【配当政策】

当社は、業績を勘案しながら、将来の事業展開や経営基盤の強化のための内部留保を確保しつつ、株主の皆様への利益還元を重視し、安定した配当を継続していくことを経営の基本方針としておりますが、利益確保が困難な場合は、経営状態や市場動向を慎重に判断し配当を決定いたします。

当社の剰余金の配当は、中間配当及び期末配当の年２回を基本方針としており、配当の決定機関は、取締役会であります。

当事業年度の剰余金の配当につきましては、１株当たり中間配当5.5円に期末配当5.5円を加えた年間11円としております。

なお、当社は中間配当を行うことができる旨を定款に定めております。

 

(注) 基準日が当事業年度に属する剰余金の配当は、以下のとおりであります。













決議年月日



配当金の総額
(千円)



１株当たり配当額
(円)







2025年９月16日

取締役会



28,936



5.50







2026年３月16日

取締役会



28,935



5.50"
2301,株式会社学情,2025-10-31,"３【配当政策】

当社は、株主の皆様への利益還元を重要な経営課題と位置づけており、併せて企業価値の最大化や、将来の事業拡大に不可欠な新規事業開発、人材育成などの成長投資に必要な内部留保とのバランスも重視しております。そのバランスを踏まえ、内部留保を確保したあとの余剰資金につきましては、キャッシュ・フローの状態を勘案の上、可能な限り株主の皆様への還元に努めております。

当社は、中間配当と期末配当の年２回の剰余金の配当を行うことを基本的な方針としております。これらの剰余金の配当の決定機関は、期末配当については株主総会、中間配当については取締役会であります。

上記の基本方針に基づき、当事業年度の剰余金の配当につきましては、中間配当は１株当たり33円00銭を実施いたしました。期末配当につきましては、2026年１月23日開催予定の定時株主総会において１株当たり34円00銭で決議されますと、年間配当は１株当たり67円00銭となる予定です。

内部留保資金の使途につきましては、高度化する社内情報関連設備や、「Ｒｅ就活キャンパス」、「Ｒｅ就活」のためのソフトウエア開発資金等に充当し、事業拡大に努めてまいる所存です。

 

（注） 基準日が当事業年度に属する剰余金の配当は、以下のとおりであります。

決議

配当金の総額（千円）

１株当たりの配当額（円）

2025年６月９日

442,136

33

取締役会

2026年１月23日

456,309

34

定時株主総会決議（予定）"
2303,株式会社ドーン,2026-05-31,"３ 【配当政策】

当社は、利益配分につきましては将来の事業展開と経営体質の強化のために必要な内部留保を確保しつつ、累進配当を継続して実施することを基本方針としております。

当社は、中間配当と期末配当の年２回の剰余金の配当を行うことができるように、「取締役会の決議によって、毎年11月30日を基準日として中間配当をすることができる。」旨を定款に定めております。これらの剰余金の配当の決定機関は、期末配当については株主総会、中間配当については取締役会であります。

当事業年度の期末配当につきましては、当事業年度の業績及び今後の事業展開や内部留保等を総合的に勘案し、１株当たり28円とすることを2026年８月26日開催予定の定時株主総会で決議する予定であります。

なお、基準日が当事業年度に係る剰余金の配当は以下のとおりであります。













決議年月日



配当金の総額
（千円）



１株当たり配当額
（円）







2026年８月26日

定時株主総会決議（予定）



83,235



28.00"
2304,株式会社ＣＳＳホールディングス,2025-09-30,"３【配当政策】

当社は、株主に対する利益還元を重要な経営課題の一つとして認識し、当期の業績、連結配当性向及び当社配当性向と今後の経営における施策等を総合的に勘案し、継続的かつ安定的に利益配分を行っていくことを基本方針としております。また、配当の回数については、年度の利益が確定する期末１回を基本とし、会社法第459条の規定に基づき、取締役会の決議によって剰余金の配当を行うことができる旨を定款に定めております。また、当社は、取締役会の決議によって毎年３月31日を基準日として中間配当をすることができる旨を定款に定めております。

当期の配当は期初に予定をしておりました１株当たり中間配当15円、期末配当15円の年間合計30円配当に対して、第3四半期決算発表と同時に期末配当を20円に増額し、さらに記念配当10円を加算することを発表、年間合計45円の配当を実施いたします。

今後の剰余金の配当等に関しては、引き続き継続的かつ安定的な配分を行う方針です。増益・増配で株主のみなさまのご支援にお応えするよう力を尽くす一方、さらなる成長基盤の強化に向けた事業投資や人的資本への投資あるいは自社株買いなど、企業価値すなわち株式時価総額や株価を高める戦略の様々な可能性及び選択肢に対してもバランスよく柔軟な配分を実行していきたいと考えています。

また、内部留保資金につきましては、今後の基軸事業の強化による収益力の向上、人材育成の強化、グループシナジーや外部リソース活用による価値創出等のために有効投資してまいります。

 

（注）基準日が当事業年度に属する配当は、以下のとおりです。

決議年月日

配当金の総額（千円）

１株当たり配当額（円）

2025年５月13日

取締役会

77,117

15

2025年11月11日

取締役会

151,835

30"
2305,株式会社スタジオアリス,2026-02-28,"３【配当政策】

当社は、株主に対する利益還元につきましては、重要な経営課題として認識しており、経営成績に応じた、安定的な利益還元を行うことを基本方針としております。目標配当性向を親会社株主に帰属する当期純利益の33.3%とし、その安定的実現を目指してまいります。

配当の回数につきましては、当社定款においては中間配当の他、機動的な剰余金の配当が可能な定めをおいておりますが、株主総会決議による年１回の期末配当を行うことを基本方針としております。

当事業年度の配当金につきましては、上記方針に基づき、期末配当金を１株当たり50円といたしました。

また、当社は、配当の決定機関につきましては、「剰余金の配当等会社法第459条第１項各号に定める事項については、法令に別段の定めがある場合を除き、取締役会の決議によって定め、株主総会の決議によらないものとする。」旨定款に定めております。

これらにより長期保有をしていただく株主の皆様のご期待にお応えする一方、財務体質の安定強化及び将来の新たな成長につながる投資等に備えるために、内部留保を充実させることも必要であると考えております。内部留保資金につきましては、経営体質の一層の充実、並びに将来の事業展開に役立てます。

なお、当事業年度の剰余金の配当は以下のとおりであります。

決議年月日

配当金の総額

（千円）

１株当たり配当額

（円）

2026年５月28日

849,191

50

定時株主総会決議（予定）"
2307,株式会社クロスキャット,2026-03-31,"３ 【配当政策】

当社は、将来の事業展開と経営体質の強化のために必要な内部留保を確保しつつ、株主の皆様に対して安定した配当を継続して実施していくことを基本方針とし、連結配当性向35％以上を目標としております。

内部留保につきましては、今後予想される経営環境の変化に対応すべく、今まで以上にコスト競争力を高め、市場ニーズに応える技術・開発体制を強化するために有効活用してまいります。

当社の剰余金の配当は、配当事務にかかるコストも考慮し、配当原資が確定する期末日を基準とする年１回としており、これら剰余金の配当等の決定機関は、会社法第459条の規定に基づき取締役会であります。

当事業年度の配当につきましては、上記の基本方針に基づき、１株当たり37円としました。

自己株式の取得につきましては、株主の皆様に対しての利益還元施策の一つと考えており、株価の動向等を勘案しつつ、配当による利益還元とあわせ対応を検討してまいります。

 

（※）基準日が当事業年度に属する剰余金の配当は、以下のとおりであります。













決議年月日



配当金の総額(百万円)



１株あたり配当額(円)







2026年５月13日

取締役会決議



517



37"
2311,株式会社エプコ,2025-12-31,"３ 【配当政策】

当社は、株主への利益還元を経営上の重要政策のひとつとして位置付けており、現在及び今後の事業収益を基に、将来の事業展開や経営環境の変化に対応するために必要な内部留保などを総合的に勘案し、連結配当性向50％及び純資産配当率(DOE)8％を目安とした利益還元を安定的に実施すべきものと考えております。

当社は、中間配当と期末配当の年２回の剰余金の配当を行うことを基本方針としており、これらの剰余金の配当の決定機関は、期末配当については株主総会、中間配当については取締役会であります。

当事業年度の配当につきましては、当事業年度の業績並びに今後の事業展開等を勘案いたしまして、期末配当につきましては、2026年３月27日開催予定の定時株主総会にて、普通配当18.0円に、設立35周年記念配当3.0円を加えた１株当たり21.0円を決議して実施する予定であります。なお、中間配当として１株当たり14.0円を実施しておりますので、当事業年度の年間配当金は１株当たり35.0円、連結配当性向73.7％、純資産配当率6.7％となります。

内部留保資金につきましては、今後予想される経営環境の変化に対応すべく、今まで以上にコスト競争力を高めるとともに、市場ニーズに応える新しいサービスを提供するために有効投資してまいりたいと考えております。

当社は、「取締役会の決議により、毎年７月31日を基準日として、中間配当を行うことができる。」旨を定款に定めておりましたが、2012年４月25日の定時株主総会において、定款の一部変更を決議し、「取締役会の決議により、毎年６月30日を基準日として中間配当を行うことができる。」旨の定款変更を行っております。

(注)  基準日が当事業年度に属する剰余金の配当は、以下のとおりであります。

 













決議年月日



配当金の総額
(百万円)



１株当たり配当額
(円)







2025年８月７日

取締役会決議



125



14.0







2026年３月27日

定時株主総会決議(予定)



188



21.0"
2315,株式会社ＣＡＩＣＡ　ＤＩＧＩＴＡＬ,2025-10-31,"３ 【配当政策】

当社は、株主の皆様への利益還元を経営上の重要施策の一つとして位置付けております。事業基盤の安定と更なる拡充に備えるために必要な内部留保の充実も念頭に置きつつ、事業戦略、財政状態、利益水準等を総合的に勘案し、利益還元を継続的に実施することを基本方針としております。

また、当社は、中間配当と期末配当の年２回の剰余金の配当を行うことを基本方針としております。これら剰余金の配当の決定機関は期末配当については株主総会、中間配当については取締役会であります。

当期の配当につきましては、当面は、内部留保を厚くすることで経営基盤の強化を図るため、株主の皆様には誠に申し訳ございませんが、無配といたしました。

内部留保資金につきましては、安定的経営基盤を確保する一方、今後のさらなる業績の向上及び事業展開に有効的に活用してまいりたいと考えております。

また、当社は、取締役会の決議によって、毎年４月30日の最終の株主名簿に記載又は記録された株主又は登録株式質権者に対し、中間配当をすることができる旨、定款に定めております。これは、株主への機動的な利益還元を可能とすることを目的とするものであります。"
2317,株式会社システナ,2026-03-31,"３【配当政策】

当社は、株主の皆様に対する利益還元を経営上の重要課題の一つとして認識しており、安定配当の継続をベースとした上で、経営成績に応じた利益配分を行うことを基本方針としております。

配当につきましては、各事業年度の業績および財務状況ならびに経営基盤の強化と今後の事業展開等を勘案し、連結配当性向40％以上を目標に積極的に実施してまいります。

また、自己株式の取得につきましても、財務状況や株価の推移等を勘案しつつ、利益還元策の一環として機動的に実施してまいります。

当期の配当金につきましては、期末配当１株当たり８円とし、中間配当１株当たり６円と合わせまして、年間配当は１株当たり14円を予定しております。

内部留保資金につきましては、今後成長が見込まれる事業分野への投資、自社商材の研究開発、事業拡大に伴う人材採用・育成の強化等に有効利用してまいります。

次期の配当金につきましては、１株当たり年間18円（中間配当９円、期末配当９円）を予定しております。

なお、当社は、会社法第459条第１項の規定に基づき、取締役会の決議により剰余金の配当等を行うことができる旨を定款に定めております。

 

当事業年度に係る剰余金の配当は以下のとおりであります。

決議年月日

配当金の総額

（百万円）

１株当たり配当額

（円）

2025年10月30日

2,154

6.0

取締役会決議

2026年５月13日

2,872

8.0

取締役会決議"
231A,Ｃｒｏｓｓ　Ｅホールディングス株式会社,2025-09-30,"３【配当政策】

当社は、利益配分につきましては、経営の重要課題と位置づけ、配当原資確保のための収益力を強化し、継続的かつ安定的な配当を行うこととし、配当性向35％を基準とした累進配当を基本方針といたしました。

剰余金の配当は、期末配当の基準日は毎年９月30日、中間配当の基準日は毎年３月31日とする旨を定款に定めております。ただし、期末配当１回を基本的な方針としており、剰余金の配当等会社法第459条第１項各号に定める事項については、法令に別段の定めのある場合を除き、株主総会の決議によらず取締役会の決議によって定める旨を定款で定めております。

内部留保資金につきましては、当社グループの現事業に近いエリアでの業容拡大と地域的拡大が望める企業、加えて当社グループの経営資源の多くが存在する北部九州エリアでの事業承継等の資本業務提携で株主価値の最大化を図り、株主の皆様へ利益還元していくこととしております。

当事業年度に係る剰余金の配当は以下のとおりであります。

決議年月日

配当金の総額

（千円）

１株当たり配当額（円）

2025年11月13日

取締役会決議

136,796

55.00"
2321,株式会社ソフトフロントホールディングス,2026-03-31,"３【配当政策】

当社は、株主への還元を第一として配当原資確保のための収益力を強化し、継続的かつ安定的な配当を行うことを経営上の重要な課題の一つと位置付けております。

当社は、中間配当と期末配当の年２回の剰余金の配当を行うことを基本方針としております。これらの剰余金の配当の決定機関は、期末配当については株主総会、中間配当については取締役会であります。当社は、「当会社は、取締役会の決議によって、毎年９月30日を基準日として中間配当をすることができる。」旨を定款に定めております。

配当につきましては、各期の経営成績を考慮し決定することといたしますが、現時点における配当の実施時期等につきましては未定であります。なお、当事業年度の配当につきましては、誠に遺憾ながら、無配といたしました。

今後におきましては、早期の利益配当の実施を目指し、収益力の強化並びに企業価値の向上に一層努めてまいります。"
2323,株式会社ｆｏｎｆｕｎ,2026-03-31,"３【配当政策】

当社は、2023年の経営体制変更以降、中期経営計画「プロジェクトフェニックス」を推進し、M&A戦略を軸とした事業規模の拡大や収益力の強化に取り組み、2026年３月期目標であったエンジニア数100名、時価総額100億円並びに連結売上20億円及びEBITDA４億円の全てを達成しております。2026年５月には第二次中期経営計画「プロジェクトフェニックスⅡ」を策定し、企業として更なる成長を加速させていく段階にあると認識しております。

このような状況下において、株主の皆様への利益還元については、財務体質の強化と更なる成長のための投資に必要な内部留保を確保した上で、事業規模の拡大や収益力の強化に向けた投資を優先的に実行し、企業価値を継続的に高めていくことが、中長期的には株主の皆様の利益に最も貢献するものと考えております。具体的には、内部留保資金は、経営基盤の安定化、将来の事業展開や技術革新に対応するための戦略的投資、M&A等による事業拡大及び収益力強化に充当し、一層の企業価値向上と、それに伴う株価上昇や株式流動性の向上によるキャピタルゲインの機会を提供することを方針といたします。

剰余金の配当を行う場合、期末配当については株主総会、中間配当については取締役会を配当の決定機関としております。なお、当社は会社法第454条第５項に規定する中間配当を行うことができる旨を定款に定めております。"
2325,株式会社ＮＪＳ,2025-12-31,"３ 【配当政策】

当社は、より安定した経営基盤の確保と株主資本利益率の向上に努めるとともに、当社を取り巻く経済環境、業績、配当性向等を勘案して、株主に対し長期的に安定した利益還元を行うことを経営の基本方針の一つとしています。当該基本方針に基づき、配当性向の指標を40％～50％に設定しています。

当社は、中間配当と期末配当の年２回の配当を実施しており、これらの配当の決定機関は、期末配当については株主総会、中間配当については取締役会です。このため、当社は定款において「取締役会の決議によって、毎年６月30日を基準日として中間配当を行うことができる。」旨を定めています。

内部留保金につきましては、将来にわたり①事業の統合的管理技術の開発、②人的資本の増強、③事業展開を促進するM&A等の投資に有効に活用し、継続的な成長を堅持してまいります。

なお、当事業年度に係る剰余金の配当は以下のとおりです。

 














決議年月日



配当金の総額(千円)



1株当たり配当額(円)







2025年8月12日



取締役会



478,169



50







2026年3月27日



定時株主総会



525,986



55"
2326,デジタルアーツ株式会社,2026-03-31,"３ 【配当政策】

当社は、企業価値の継続的向上を図るとともに、株主の皆様に対する利益還元を経営上の重要課題の一つとして位置づけております。このような観点から剰余金の配当等の決定につきましては、当社を取り巻く経営環境等を総合的に考慮し、以下の方針によって実施することとしております。

配当につきましては、配当の維持または増配を行う累進配当を基本方針とし、各事業年度の業績、財務状況、今後の事業展開等を総合的に勘案して、総還元性向50％以上を目標に実施してまいります。

内部留保資金につきましては、財務体質の強化、今後の成長が見込める事業分野への投資、設備投資、研究開発等に活用してまいります。

当社は、取締役会の決議によって、毎年９月30日を基準日として中間配当を行うことができる旨を定款に定めており、次期の年間剰余金配当額は１株当たり100円（うち中間配当金50円）を予定いたしております。

当事業年度に係る剰余金の配当は以下のとおりであります。

 













 決議年月日



 配当金の総額(百万円)



 １株当たり配当額(円)







2025年10月29日

取締役会決議



608



45







2026年６月26日

定時株主総会決議（予定）



672



50"
2327,日鉄ソリューションズ株式会社,2026-03-31,"３ 【配当政策】

当社は将来にわたり競争力を維持強化し、企業価値を高めていくことが重要と考えております。利益配分につきましては、株主の皆様に対する適正かつ安定的な配当、及び事業成長に向けた投資や事業リスクに備えた内部留保を確保することを基本としております。配当につきましては、連結業績に応じた利益還元を重視し、連結配当性向50％を目安としております。

当社は、剰余金の配当の回数につきましては、３月31日、９月30日及びその他取締役会が定める日を基準日とする旨、また配当の決定機関につきましては、自己の株式の取得、準備金の額の減少及び剰余金の処分に関する会社法第459条第１項各号に定める事項を取締役会が定めることができる旨を定款に規定しております。

当期末日(2026年３月31日)を基準日とする剰余金の配当につきましては、直近の配当予想から１株につき５円増配の45.0円の配当を実施いたしました。2025年９月30日を基準日とする剰余金の配当につきましては、１株につき40.0円を実施しており、年間合計では85.0円の配当を実施したこととなります。これは、前期(2024年度)と比較して11円の増額となります。

なお、次期の剰余金の配当につきましては、年間合計で１株につき87.0円とする予定であります。

 

（注）基準日が当事業年度に属する剰余金の配当は、次のとおりであります。

 














決議年月日



配当金の総額（百万円）



１株当たり配当額（円）







2025年10月30日



取締役会決議



7,319



40.00







2026年５月18日



取締役会決議



8,234



45.00"
2329,株式会社東北新社,2026-03-31,"３【配当政策】

当社は「中期経営計画」のもと、健全な収益を継続的に生み出すことのできる事業形態に向けて大胆な変革を行っており、重点課題「構造改革」「Ｍ＆Ａ」「株主還元」に、キャッシュをバランスよく活用していくことを基本方針としております。

また、株主の皆様に安定的かつ継続的な利益還元を行うことを経営課題の一つと認識しており、株主還元を強化することを方針としております。この方針のもと、より早く安定的に株主還元を行っていくために、当社は、取締役会の決議により、毎年３月31日、６月30日、９月30日及び12月31日を基準日として、四半期ごとに剰余金の配当ができる旨を定款で定め、四半期ごとの配当を実施しております。

 

当事業年度に係る剰余金の配当は以下のとおりであります。

決議年月日

配当金の総額

（百万円）

１株当たり配当額

（円）

2025年８月13日

930

6.76

取締役会決議

2025年11月14日

932

6.77

取締役会決議

2026年２月13日

930

6.76

取締役会決議

2026年５月15日

931

6.77

取締役会決議"
2330,株式会社フォーサイド,2025-12-31,"３【配当政策】

当社は、株主への利益還元を経営の重要課題の一つとして位置付けており、財政状態及び経営成績を勘案しながら利益配当を行っていくことを基本方針としております。

しかしながら、当期の配当につきましては、親会社株主に帰属する当期純利益を計上したものの、事業規模の拡大及び継続的な成長のための事業資金の確保を優先させるため、誠に遺憾ながら無配とさせていただきます。

株主の皆様に深くお詫び申し上げますとともに、早期の復配を目指して努力してまいる所存です。"
2331,ＡＬＳＯＫ株式会社,2026-03-31,"３【配当政策】

当社は、株主に対する利益還元を経営の重要政策として位置付け、内部留保の充実を図りながら、業績に裏付けられた成果の配分を行うことを基本方針としています。内部留保資金は、将来の成長・発展に必要な研究開発費、情報システムの高度化や新規事業のための設備投資等に充当し、業績の一層の向上に努めてまいります。

また、当社は中間配当と期末配当の年２回の剰余金の配当を行うことを基本的な方針としており、これらの剰余金の配当の決定機関は、期末配当については株主総会、中間配当については取締役会です。

当期（2026年３月期）の配当につきましては、当期の業績、来期以降の業績見通し、設備投資計画等を総合的に勘案し、中間配当（１株当たり14円60銭）と合わせ、１株当たり年29円20銭を予定しており、連結配当性向は42.6％となります。

「当会社は、取締役会の決議によって、毎年９月30日の最終の株主名簿に記載又は記録された株主又は登録株式質権者に対し、中間配当を行うことができる。」旨を定款に定めています。

なお、当事業年度に係る剰余金の配当は以下のとおりです。

決議年月日

配当金の総額（百万円）

１株当たり配当額（円）

2025年11月５日

7,097

14.6

取締役会決議

2026年６月24日

7,096

14.6

定時株主総会決議（予定）"
2332,株式会社クエスト,2026-03-31,"３ 【配当政策】

当社は株主の皆様への利益還元を重要な経営課題として認識し、業績向上に邁進し、業績に応じた利益還元と将来への成長投資、不測の事態への備えとのバランスを考慮しながら、配当水準を高めることを基本方針とします。配当については、経営体質の強化のために必要な内部留保を確保しつつ、DOE4.0％以上、連結配当性向35％以上を目安とし、業績や財務状況を勘案しながら、安定的かつ継続的に配当水準を維持・向上していきます。

 

当事業年度に係る剰余金の配当は次のとおりです。













決議年月日



配当金の総額(千円)



１株当たり配当額(円)







2026年６月24日

定時株主総会決議（予定）



297,367



58





 


 

なお、当社は「取締役会の決議により、毎年９月30日を基準日として中間配当を行うことができる」旨を定款に定めていますが、配当の回数については期末配当の年１回を基本としています。今後も基本方針に基づき、株主の皆様へ適切な利益還元策を検討していきます。"
2334,株式会社イオレ,2026-03-31,"３【配当政策】

当社は設立以来、業績向上のための人的投資や財務基盤を強固にすることが重要であると考え、配当を実施しておりません。また、現在の当社は、配当原資である利益剰余金が累積損失によりマイナスとなっており、会社法の規定上、配当可能な状態にはありません。今後は将来の事業展開と経営体質の強化のために必要な内部留保を確保しつつ、配当を検討する所存でありますが、現時点において配当実施の可能性及びその実施時期等は未定であります。

内部留保資金については、今後予想される経営環境の変化に対応すべく、市場ニーズに応えるサービス開発、営業体制を強化するために有効投資してまいりたいと考えております。

なお、当社は、取締役会決議により、毎年９月30日、３月31日又は取締役会が定める日を基準日として、会社法第459条第１項の規定による配当を行うことができる旨を定款で定めております。"
2335,株式会社キューブシステム,2026-03-31,"３【配当政策】

当社は、株主への利益還元を上場企業の責務であると考え、経営の最重要課題と認識しており、業績向上に邁進し、安定配当・時価総額の増大を図ることで株主資産価値の向上を目指しています。
配当につきましては、持続的な成長のために必要な内部留保を確保しつつ、株主各位への還元として連結配当性向50％を目安に安定した配当を継続して実施していくことを基本方針としております。

これらの剰余金の配当の決定機関は、中間配当・期末配当ともに取締役会であります。

当期末の配当金につきましては、上記の方針及び連結業績を鑑み、１株当たり26円とさせていただきます。

これにより昨年12月に実施済みの中間配当20円と合わせ１株当たり46円となります。この結果、当事業年度の連結配当性向は44.5％となりました。

内部留保資金につきましては、従業員の採用・育成や新技術の獲得、ソリューションを開発するための研究開発費用および開発拠点の拡充等に充当し、経営基盤の拡充や経営体質の一層の強化を図り、将来にわたる業績向上に努めてまいります。
なお、当社は、「取締役会の決議により、毎年９月30日を基準日として、中間配当を行うことができる」旨及び「剰余金の配当等会社法第459条第１項各号に定める事項について、法令の別段の定めがある場合を除き、取締役会の決議によることができる」旨を定款に定めております。

なお、当事業年度に係る剰余金の配当は以下のとおりであります。

決議年月日

配当金の総額

（百万円）

１株当たり配当額

（円）

2025年11月５日

314

20

取締役会決議

2026年５月７日

409

26

取締役会決議"
2337,いちご株式会社,2026-02-28,"３【配当政策】

当社では、株主の皆様に対する利益の還元を経営上の重要な施策の一つとして位置づけており、将来における安定的な企業成長と経営環境の変化に対応するために必要な内部留保資金を確保しつつ、株主還元の基本方針として「累進的配当政策」を導入しております。各年度の１株当たり配当金の下限を前年度１株当たり配当金とし、原則として「減配しない」ことにより、配当の成長を図るとともに、配当の安定性と透明性を高めております。

また、当社は長期VISION「いちご2030」の経営目標（KPI）を刷新しており、「株主資本配当率（DOE）」においては、2026年４月開催の取締役会により、従来の４％以上から５％以上に引き上げることを決定いたしました。当社は、徹底的なキャッシュ・フロー経営のもと、キャッシュの創出に注力しており、創出したキャッシュは、将来の利益に繋がる成長投資と株主の皆さまへの還元の原資であり、この株主還元策に基づき、剰余金の配当の方針を決定しております。

なお、当社は毎年８月31日を基準日として中間配当を行うことができる旨を定款に定めておりますが、現在のところ中間配当を行っておらず、期末配当のみを実施する方針であります。また配当の決定機関については、会社法第459条第１項の規定に基づき、法令に別段の定めのある場合を除き、取締役会の決議をもって配当を行うことができる旨を定款に定めております。

この結果、当期につきましては2026年５月24日開催予定の株主総会において、１株当たり11.5円(総額4,623百万円)の配当を決議して実施する予定であります。

 

（累進的配当政策について）

累進的配当政策とは、企業の株主に対する長期的なコミットメントを示す株主還元策です。原則として「減配なし、配当維持もしくは増配のみ」を明確な方針とする累進的配当政策は、持続的な価値向上に対する企業から株主へのコミットメントといえます。"
2338,クオンタムソリューションズ株式会社,2026-02-28,"３ 【配当政策】

当社は、株主の皆様に対しての利益還元を経営の重要な課題の一つとして位置付けており、長期的かつ総合的な株主利益の向上を図ることを利益配分に関する基本方針としております。

当社は、中間配当と期末配当の年２回の剰余金の配当を行うことを基本方針としております。

これらの剰余金の配当の決定機関は、期末配当については株主総会、中間配当については取締役会であります。

当面は、企業体質と経営基盤強化を優先課題ととらえ内部留保に重点を置くこととしておりますが、早期の復配を実現していくことで、株主の皆様の期待に応えていく方針です。

当社は、「取締役会の決議により、毎年８月31日を基準日として、中間配当を行うことができる。」旨を定款に定めております。"
2340,株式会社　極楽湯ホールディングス,2026-03-31,"３ 【配当政策】

当社グループは、株主に対する利益還元を経営の重要課題の一つと考えております。

配当政策につきましては、経営成績、財政状態、事業展開のための資金留保等、総合的なバランスを勘案しつつ安定的かつ継続的に配当を実施していくことを基本方針としております。

継続的な安定配当の基本方針のもと、当期の配当金は、１株当たり６円としております。

なお、配当は期末に行うことを基本方針としておりますが、その決定は株主総会決議に基づきます。また、中間配当を行うことが出来る旨を定款に定めております。













決議年月日



配当金の総額

(千円)



１株当たりの配当額

(円)







2026年６月26日

定時株主総会決議



190,331



６"
2341,株式会社アルバイトタイムス,2026-02-28,"３ 【配当政策】

当社グループは、中長期的な企業の競争力の強化と成長力の維持を可能とする投資を最優先事項と捉えています。そのため、内部留保金並びにフリー・キャッシュ・フローにつきましては、新規事業向けを中心とした投資に充当し、グループとしてのさらなる成長を図ります。

一方で、株主の皆様に対してはその投資によって得られた成果、つまり連結業績に連動した利益配分を行っていくこととし、連結配当性向50%を目処に配当を行う方針です。

当社の剰余金の配当は、期末配当を基本的な方針としております。配当の決定機関は中間配当は取締役会、期末配当は株主総会であります。

このような考えに基づき、当事業年度の剰余金の配当につきましては、１株当たり５円としております。

なお、当社は中間配当を行うことができる旨を定款に定めております。

 

(注)  基準日が当事業年度に属する剰余金の配当は、以下のとおりであります。

 













決議年月日



配当金の総額
(百万円)



１株当たり配当額
(円)







2026年５月26日



98



5







定時株主総会決議（予定）"
2342,株式会社トランスジェニックグループ,2026-03-31,"３【配当政策】

当社は、拡大成長に向けた各種投資を更に積極的に行う一方、株主の皆様への適切な利益還元を経営における重要課題の一つとして認識し、安定配当の維持及び継続を基本方針としています。

当社の剰余金の配当は、中間配当と期末配当の年２回とし、中間配当については取締役会、期末配当については株主総会が決定機関であります。

なお、当社は、「取締役会の決議により、毎年９月30日を基準日として、中間配当を行うことができる。」旨を定款に定めております。

当事業年度の剰余金の配当につきましては、業績を勘案し誠に遺憾ながら無配といたしました。株主の皆様へのご期待に沿うべく、早期の業績改善と復配を目指してまいります。"
2345,株式会社クシム,2025-10-31,"３ 【配当政策】

当社は、株主の皆様に対する利益還元を重要な経営課題の一つと認識しており、経営基盤の安定及び将来の事業展開に必要な内部留保とのバランスを勘案し、配当の実施を検討する方針であります。

当事業年度につきましては、代物弁済による資産流出が発生し、また、事業子会社を全て譲渡したことに伴い売上高が低水準にとどまったこと等により、当期純損失を計上いたしました。このため、当面の事業継続及び再建に必要な資金の確保を最優先とし、剰余金の配当は実施しないことといたしました。

今後の利益還元につきましては、財務基盤の回復及び収益基盤の確立の進捗を踏まえ、分配可能額の状況、経営成績並びにキャッシュ・フローの状況等を総合的に勘案の上、検討してまいります。

なお、当社は、機動的な資本政策及び配当政策を遂行することを目的として、剰余金の配当等会社法第459条第１項に定める事項については、法令に別段の定めがある場合を除き、取締役会の決議によって行うことができる旨を定款に定めております。"
2349,株式会社エヌアイデイ,2026-03-31,"３【配当政策】

当社は、株主への利益還元を行うことを経営の最重要課題の一つとして位置付け、更なる経営基盤の強化、積極的な事業展開、組織・運営効率の向上及び財務体質の強化を図りつつ、各期の業績、将来の事業展開、配当性向等を勘案しながら、安定した配当を継続していくことを基本方針としております。

上記の方針に基づき、業績や今後の見通し、株主の皆様への利益還元等を総合的に勘案した結果、当期末の利益配当金につきましては、１株につき29円の配当となる予定です。

内部留保資金につきましては、経営基盤の強化と将来の積極的な事業拡大に充当する予定であります。

当社は、剰余金の配当の回数につきましては、現在のところ期末日を基準とする年１回の現金配当を基本方針としており、この剰余金の配当の決定機関は、株主総会であります。

 

（注）当事業年度に係る剰余金の配当は以下のとおりであります。

決議年月日

配当金の総額

（千円）

１株当たり配当額

（円）

2026年６月26日

316,841

29

定時株主総会決議（予定）"
2351,株式会社ＡＳＪ,2026-03-31,"３【配当政策】

当社では、株主の皆様に対する利益還元を重要な経営課題の一つと認識しており、株主資本の充実と長期的な安定収益力の維持に努めていくとともに、原則として減配せず、累進配当を継続して実施することで、株主の皆様に対する積極的な利益還元に取り組む方針であります。

また、当社は定款の定めに従い、剰余金の配当について、法令に別段の定めがある場合を除き、株主総会の決議によらず取締役会の決議によって定めることとしております。

当社では、コーポレート・ガバナンスの強化に取組んだ結果、2026年２月６日に東京証券取引所スタンダード市場への市場区分の変更並びに名古屋証券取引所メイン市場へ新規上場いたしました。これもひとえに株主の皆様をはじめ、ステークホルダーの皆様の長年に亘るご支援の賜物と厚く御礼申し上げます。

当事業年度の剰余金の配当につきましては、2026年５月13日開催の取締役会決議により、１株当たり普通配当２円とし、さらに株主の皆様への感謝の意を表するため、上場記念配当といたしまして１株当たり１円の記念配当を加え、合計１株当たり３円とすることといたしました。

なお、当事業年度に係る剰余金の配当は以下のとおりであります。

決議年月日

配当金の総額（円）

１株当たり配当額（円）

2026年５月13日

23,405,646

3

取締役会決議"
2353,日本駐車場開発株式会社,2025-07-31,"３ 【配当政策】

当社では、2003年２月に株式を公開し上場して以来、永続的な利益成長を目指し、その成長に応じて株主に利益を還元することを旨とし、その上で経営基盤の強化及び中長期的な事業展開に備える内部留保と資本効率等を総合的に勘案したうえで、毎期の配当方針を決定することを基本方針としております。

当社は、期末配当として年１回の剰余金の配当を行うことを基本方針としております。当期の配当につきましては、上記方針に基づき、１株当たり8.00円の期末配当を2025年10月23日開催予定の定時株主総会で決議し実施する予定であります。内部留保資金につきましては、自己資本の充実を目的として一定の手元資金を確保するとともに、中期的に成長が見込める事業や高い投資効率、海外における駐車場事業の拡大等、グループ成長に効果的な投資に備えてまいりたいと考えております。

当社は、「取締役会の決議により、毎年１月31日を基準日として、中間配当を行うことができる。」旨を定款に定めております。

なお、当事業年度に係る剰余金の配当は以下のとおりであります。

 













決議年月日



配当金の総額(千円)



１株当たり配当金(円)







2025年10月23日



2,556,513



8.00







定時株主総会決議（予定）"
2354,株式会社ＹＥ　ＤＩＧＩＴＡＬ,2026-02-28,"３ 【配当政策】

当社は、株主各位に対する利益還元を経営の重要課題のひとつとして認識しております。

そのため将来にわたり会社競争力を向上させ、企業価値の最大化を目指すことで株主各位への利益還元を図りたいと考えております。

このような観点から、利益配分につきましては、今後の事業拡大に向けた、人的資本投資、研究開発及び設備投資のための内部資金の確保と株主各位への長期にわたる安定的な配当を念頭に、財政状況、利益水準、配当性向などを総合的に勘案して実施してまいりたいと考えております。

また、当社の剰余金の配当は、中間配当及び期末配当の年２回を基本的な方針としております。定款に基づき、これらの剰余金の配当の基準日は毎年８月31日及び毎年２月末日とし、会社法第459条第１項の規定に基づき、法令に別段の定めがある場合を除き、取締役会の決議によって行うことを可能とする旨、定款に定めております。

上記の方針と当期の通期業績結果に基づき、2026年２月期における期末配当金を１株当たり10円とすることにいたしました。

 

(注) 基準日が当事業年度に属する剰余金の配当は、以下のとおりであります。













決議年月日



配当金の総額(千円)



１株当たりの配当額(円)







2025年９月30日

取締役会



178,259



10







2026年４月17日

取締役会



178,259



10"
2359,株式会社コア,2026-03-31,"３【配当政策】

当社は経営の基本方針のもと、株主の皆様に対する利益還元を経営の重要課題と位置付けております。そのために、当社は継続的な成長と株主価値の最大化を目指すことで、企業発展の源泉としての利益確保に努めるとともに、株主の皆様に対して適正かつ安定した利益配分を継続することを目指しております。

こうした考え方から、連結ＲＯＥは15％以上の確保を目指すとともに、利益の配分として、連結配当性向は30％を目途に継続的に実現し続けることを目指しております。

当社は会社法第459条第１項の規定に基づき、取締役会の決議によって剰余金の配当等を行うことができる旨定款に定めております。当社は定款に、「期末配当の基準日は、毎年３月31日とする」旨、「中間配当の基準日は、毎年９月30日とする」旨、また「基準日を定めて剰余金を配当することができる」旨を定めておりますが、原則として期末配当、中間配当の年２回配当を行うことを基本方針としております。

当事業年度の剰余金配当につきましては、2025年10月28日開催の取締役会において、１株当たり15円を中間配当とし、2025年12月２日を支払開始日とすることを決議いたしました。また2026年４月28日開催の取締役会において、１株当たり45円を期末配当とし、2026年６月５日を支払開始日とすることを決議いたしました。この結果、中間配当（15円）を加えた年間配当は60円、連結配当性向は29.9％となります。次期の剰余金配当につきましても、連結ベースで配当性向30％を目途に、業績予想の達成状況等を勘案して決定する考えです。

内部留保金につきましては、将来の経営基盤拡大に向けたＭ＆Ａ活動、新技術追求、新製品開発、戦略的な人材育成の原資とするほか、中長期的な成長戦略の原資としての有効活用及び業績向上と財務体質の強化を図り、株主の皆様のご期待に沿うよう努めていく所存であります。

 

（注） 基準日が当事業年度に属する剰余金の配当は、以下のとおりであります。

決議年月日

配当金の総額（千円）

１株当たり配当額（円）

2025年10月28日

取締役会決議

215,527

15.00

2026年４月28日

取締役会決議

646,474

45.00"
2370,株式会社メディネット,2025-09-30,"３【配当政策】

当社では、株主に対する利益還元を最重要課題の一つとして位置づけており、業績、経営基盤の強化及び将来の成長等を総合的に勘案して、利益配当の実施を検討してまいります。また、先行投資を着実に回収し、継続的な成長を果たすことで企業価値を向上し、株主の皆様の利益に貢献したいと考えております。

しかしながら当社は、これまで、配当を実施した実績はなく、当期末では累積損失が発生しています。そのため先ずは内部留保を確保して、早期の累積損失の解消に努めるとともに、再生医療等製品の製造・販売承認の取得に向けた設備投資及び研究開発投資、細胞加工業の顧客獲得に向けた設備投資及び営業活動への資金充当を優先させ、企業体質の強化を進めるとともに、事業の成長を図っていく方針であります。

当社は、中間配当と期末配当の年２回の剰余金の配当を行うことを基本方針としており、これらの剰余金の配当の決定機関は、期末配当については株主総会、中間配当については取締役会であります。

なお、当社は、「取締役会の決議により、毎年３月31日を基準日として、中間配当を行うことができる」旨を定款に定めております。"
2371,株式会社カカクコム,2026-03-31,"３【配当政策】

当社は、企業価値の長期継続的な創出・向上が株主利益貢献の基本であるとの認識のもと、株主の皆様への継続的
かつ適正な利益還元と将来の事業展開と経営体質の強化をともに実現するため、各期の連結業績、配当性向及び内部
留保を総合的に勘案した上で配当を行っております。

当社は、期末配当として年１回、剰余金の配当を行うことを基本方針としております。この配当の決定機関は、株主総会であります。また当社は、取締役会の決議により、毎年９月30日を基準日として中間配当をすることができる旨を定款に定めております。

内部留保資金につきましては、ウェブサイトの情報や機能の充実及び事業規模拡大に備えたサーバー及びソフトウェアに対する投資等に充当する予定であります。

なお、当事業年度に係る剰余金の配当は、以下のとおりであります。

決議年月日

配当金の総額（百万円）

１株当たり配当額（円）

2025年11月５日

4,945

25

取締役会決議

2026年６月18日

4,945

25

定時株主総会決議（予定）"
2373,株式会社ケア２１,2025-10-31,"３【配当政策】

当社は、株主に対する利益還元を経営の重要課題の一つとして認識し、将来の事業展開と経営体質の強化のために必要な内部留保を確保しつつ、機動的な利益還元を実施していくことを基本方針としております。

当社の剰余金の配当は、中間配当及び期末配当の年２回を基本的な方針としております。配当の決定機関は、中間配当は取締役会、期末配当は株主総会であります。

当事業年度の剰余金の配当につきましては、中間配当で１株当たり７円を実施し、期末配当で１株当たり10円を2026年１月29日開催予定の定時株主総会にて決議する予定であります。これにより、年間配当額は１株当たり17円となる予定です。内部留保資金の使途につきましては、今後の経営環境の変化への対応と、事業展開への投資として有効活用してまいりたいと考えております。

なお、当社は会社法第454条第５項に規定する中間配当を行うことができる旨を定款に定めております。

（注） 基準日が当事業年度に属する剰余金の配当は、以下のとおりであります。

決議年月日

配当金の総額

（千円）

１株当たり配当額

（円）

2025年６月13日

94,568

7

取締役会決議

2026年１月29日

135,097

10

定時株主総会決議（予定）"
2375,ギグワークス株式会社,2025-10-31,"３ 【配当政策】

当社は、経営基盤の充実と財務体質の強化を通じて企業価値の向上を図るとともに、今後の事業拡大に備えるため必要な内部留保を確保しつつ、株主の皆様に対する積極的かつ安定的な利益還元を経営の重要な政策と位置付けており、利益の状況や将来の事業展開などを総合的に勘案しながら、安定的かつ継続的な配当を行うことを基本方針としております。

当社では、剰余金配当等会社法第459条第１項各号に定める事項については、法令に別段の定めがある場合を除き、株主総会によらず取締役会の決議により定める旨を定款に定めております。

また、会社法第454条第５項に規定する中間配当を行うことができる旨も定款で定めております。

配当金額につきましては、当期の連結業績、財務の健全性、将来的な収益基盤となる事業展開のための内部留保及び今後の事業環境などを総合的に勘案し決定してまいります。この考え方に基づき、2025年10月期の期末配当金は普通株式１株につき2.00円(年間2.00円)の配当を実施することといたしました。

内部留保資金につきましては、財務体質の強化及び安定的な経営基盤の確保を図るとともに、Ｍ＆Ａ等によるグループ規模拡大へ向けて有効に活用してまいりたいと考えております。

 

(注)  基準日が当事業年度に属する剰余金の配当は、以下のとおりであります。

 













決議年月日



配当金の総額
(千円)



１株当たり配当額
(円)







2025年12月23日

取締役会決議



39,692



2"
2376,株式会社　サイネックス,2026-03-31,"３【配当政策】

当社は、健全な財務体質の維持・向上をはかりながら、株主のみなさまに安定的な利益配分を年１回継続しておこなうことを基本方針にしており、業績などを総合的に勘案して、原則として株主総会の決議に基づき、適切な期末配当を実施してまいります。

内部留保資金につきましては、主に新事業分野における新たな製品・サービスの開発と設備投資に充当し、これらを活用することで業績をさらに向上させ、株主のみなさまのご期待に応えてまいりたいと考えております。

第61期の期末配当につきましては、上記基本方針に基づき１株につき15円（配当性向：145.1％）の配当を実施することを予定しております。当事業年度に係る剰余金の配当は以下のとおりであります。

なお、当社は、「会社法第459条第１項各号に定める事項については、法令に別段の定めがある場合を除き、取締役会の決議により定めることができる」旨定款に定めております。

決議年月日

配当金の総額

（千円）

１株当たり配当額

（円）

令和８年６月26日

84,119

15.0

定時株主総会決議（予定）"
2378,株式会社ルネサンス,2026-03-31,"３ 【配当政策】

当社では、株主に対する利益の還元を経営上の重要な施策の一つとして位置付けております。当社は、将来における安定的な企業成長と事業環境の変化に対応するために必要な内部留保資金を確保しつつ、経営成績に応じた株主への利益還元を継続的に行うことを基本方針としております。

当社の剰余金の配当は、原則として中間配当及び期末配当の年２回としております。配当の決定機関は、中間配当及び期末配当ともに取締役会とする旨を定款に定めております。

なお、当期につきましては、上記方針に基づき、普通株式１株当たり13.00円（うち中間配当4.00円）といたします。なお、Ａ種種類株式については、「第４ 提出会社の状況 １ 株式等の状況 (1) 株式の総数等 ② 発行済株式（注）３」に基づき、配当いたします。

また、内部留保資金につきましては、新規出店、既存クラブの改装及び設備更新投資等営業力の拡充並びに財務体質の強化のための原資として活用してまいります。

 

(注) 基準日が当事業年度に属する剰余金の配当は、以下のとおりであります。














決議年月日



株式の種類



配当金の総額
（千円）



１株当たり配当額
（円）







2025年11月７日

取締役会決議



普通株式



75,663



4.00







Ａ種種類株式



9,999



4.78







2026年５月21日

取締役会決議



普通株式



170,237



9.00







Ａ種種類株式



9,999



4.78





 


なお、上記、Ａ種種類株式は、2023年１月31日を払込期日とする第三者割当の方法により発行したことによるものであります。"
2379,ディップ株式会社,2026-02-28,"３ 【配当政策】

当社は、株主の皆様への利益還元を経営の重要な課題のひとつとして位置づけております。配当は、将来における企業成長のための投資及び経営環境の変化に対応するために必要な内部留保を行いつつ、中間・期末の年２回に分けて実施しております。また、配当額の検討にあたっては、原則、前期配当額を下限とし、配当性向50％を目安としております。

上記の利益還元方針に基づき、中間配当につきましては、１株当たり47円の普通配当を行いました。また、期末配当につきましては、１株当たり48円の普通配当を行います。これにより、年間配当金は、１株当たり95円となりました。

なお、当社では、会社法第459条第１項の規定に基づき、取締役会の決議をもって剰余金の配当等を行うことができる旨を定款に定めております。

 














決議年月日



配当金の総額

(千円)



１株当たり配当額

(円)







2025年10月14日

取締役会決議



(注)１



2,554,764



47







2026年４月14日

取締役会決議



(注)２



2,607,784



48





 


(注) １．2025年10月14日取締役会決議による配当金の総額には、株式付与ＥＳＯＰ信託口が所有する当社株式1,943,235株に対する配当金91,332千円及び役員報酬ＢＩＰ信託口が所有する当社株式73,817株に対する配当金3,469千円を含めております。

２．2026年４月14日取締役会決議による配当金の総額には、株式付与ＥＳＯＰ信託口が所有する当社株式1,891,565株に対する配当金90,795千円及び役員報酬ＢＩＰ信託口が所有する当社株式73,817株に対する配当金3,543千円を含めております。"
2384,ＳＢＳホールディングス株式会社,2025-12-31,"３ 【配当政策】

当社は、株主の皆様への利益還元を経営の重要施策のひとつと位置付け、より強固な経営基盤の構築のために内部留保の充実を図るとともに、中長期的な企業価値向上に向けた成長投資や財務健全性の維持を前提とし、安定的な配当実施と業績に応じた配当水準の向上に努めることを利益配分に関する基本方針としております。

また、当社は、年１回剰余金の配当を行うことを基本方針としており、「会社法第459条第１項の規定にもとづき、取締役会の決議をもって剰余金の配当等を行う事ができる。」旨定款に定めております。

当社は、上記の基本方針のもと、当連結会計年度の業績及び財務状況などを総合的に勘案し、以下のとおり、普通株式１株当たりの期末配当金を90円といたしました。これは、前連結会計年度に比べ20円の増配となります。

 













決議年月日



配当金の総額
(百万円)



一株当たり配当金
(円)







2026年２月13日

取締役会決議



3,574



90.00"
2385,株式会社総医研ホールディングス,2025-06-30,"３【配当政策】

当社は、業績動向や将来の研究開発活動等に備えるための内部留保充実の必要性等を総合的に勘案して配当を行うことを基本方針としております。

当社は、期末配当として年一回の現金配当を行うことを基本方針としており、この剰余金の配当の決議機関は株主総会であります。

当事業年度の配当につきましては、上記方針に基づき１株当たり５円の配当を実施することを予定しております。

内部留保資金につきましては、将来の研究開発活動や事業拡大等のための事業原資として有効に活用していく所存であります。

また、当社は、「取締役会の決議により、毎年12月31日を基準日として、中間配当を行うことができる。」旨を定款に定めております。ただし、当事業年度につきましては、中間配当は実施しておりません。

当事業年度の配当については、上記方針に基づき、2025年９月25日開催予定の定時株主総会にて、１株当たり５円の配当を決議する予定であります。

なお、当事業年度に係る剰余金の配当は以下のとおりであります。

決議年月日

配当金の総額

（千円）

１株当たり配当額

（円）

2025年９月25日

130,790

5

定時株主総会決議（予定）"
2388,株式会社ウェッジホールディングス,2025-09-30,"３ 【配当政策】

当社は、利益配分につきましては、将来の事業展開と経営体質の強化のために必要な内部留保を確保しつつ、安定した配当を継続して実施していくことを基本方針としております。又、配当回数については中間配当及び期末配当の年２回を基本方針としております。

これらの剰余金の配当の決定機関は、期末配当については株主総会、中間配当については取締役会であります。

当事業年度の配当につきましては、海外での事業拡大を中心とした資金需要に対応し内部留保を高めるため、無配とすることを決定しました。

当社は、「取締役会の決議により、毎年３月31日を基準日として、中間配当を行うことができる。」旨を定款に定めております。"
2391,株式会社プラネット,2025-07-31,"３ 【配当政策】

当社は株式公開企業として、株主尊重の意義の重要性を認識し、株主への永続的かつ安定的な利益還元を行うことを経営の最重要課題と考えております。また、企業成長力の強化と経営効率の向上を目指すための内部留保の蓄積を勘案しながら各期の業績を考慮に入れて利益配分を決定することを基本方針としております。

当社の剰余金の配当は、中間配当及び期末配当の年２回を基本的な方針としております。配当の決定機関は、中間配当は取締役会、期末配当は株主総会であります。

当期の配当につきましては、中間配当金を１株当たり21.5円実施するとともに、期末配当金として１株当たり22円を、2025年10月24日開催予定の定時株主総会で決議する予定です。年間合計は43.5円の予定であります。

今後も、累進配当や純資産配当率（ＤＯＥ）を考慮しながら永続的かつ安定的な配当を目指してまいります。

なお、当社は、会社法第454条第５項に規定する中間配当を行うことができる旨を定款で定めております。

 

(注) 基準日が当事業年度に属する剰余金の配当は、以下のとおりであります。













決議年月日



配当金の総額
（千円）



１株当たり配当額
(円)







2025年２月26日

取締役会決議



142,561



21.5







2025年10月24日

定時株主総会決議(予定)



145,876



22.0"
2393,株式会社日本ケアサプライ,2026-03-31,"３【配当政策】

当社は、株主に対する利益還元を経営の重要な施策として位置付けており、長期ビジョンで公表した方針のとおり、毎年の配当を維持または増加させる累進配当制度の導入及びDOE（株主資本配当率）６％を下限とする目標に基づき、配当を決定することを基本方針としております。

なお、2026年６月26日定時株主総会にて決議予定の当事業年度の配当につきましては、１株当たり72円（配当性向：49.7％、DOE：6.3％）の期末配当を予定しております。

配当の回数につきましては、年１回の剰余金の配当（期末配当）を行うことを基本方針としており、その決定機関は株主総会であります。また、当社は、「取締役会の決議によって、毎年９月30日を基準日として、中間配当をすることができる。」旨を定款に定めております。

2026年６月26日定時株主総会にて決議予定の当事業年度に係る剰余金の配当は次のとおりであります。

決議年月日

配当金の総額

（千円）

１株当たり配当額

（円）

2026年６月26日

定時株主総会決議(予定)

1,169,104

72"
2395,株式会社新日本科学,2026-03-31,"３【配当政策】

当社は、株主の皆様への安定的な利益配当を経営上の重要政策の一つとして認識しており、連結配当性向30～40%を目処として、基礎的な収益力やキャッシュ・フローの状況等を勘案の上、決定することを基本方針としております。また、剰余金の配当は中間配当と期末配当の年２回とすることを基本的な方針としております。

2026年３月期の期末配当につきましては、Satsuma社の「Atzumi™」のパートナリング交渉が遅れましたが、これを除けば概ね順調な業績であったと考えており、その他利益剰余金を原資として１株当たり30円00銭とすることを2026年５月29日開催の取締役会において決議いたしました。これにより、すでに実施した中間配当と合わせた年間配当は１株当たり50円00銭となります。

なお、当社では、2006年６月29日開催の株主総会において、会社法第459条第１項に基づき、剰余金の配当等を取締役会の決議により行う旨の定款変更を行っております。

内部留保金の使途につきましては、企業の体質強化及び今後の積極的な事業展開に備える予定であります。

一方、2027年３月期の配当につきましては、１株当たり配当金50円00銭（うち中間配当金20円00銭）を予定しております。

当社は連結配当規制適用会社であります。

 

(注)基準日が当事業年度に属する剰余金の配当は以下のとおりであります。

決議年月日

配当金の総額

（千円）

１株当たり配当額

（円）

2025年11月７日

取締役会決議

832,636

20.00

2026年５月29日

取締役会決議

1,248,954

30.00"
2404,株式会社鉄人化ホールディングス,2025-08-31,"３ 【配当政策】

当社は、株主の皆様への利益還元を経営上の重要課題のひとつと考えております。
配当政策につきましては、当期及び今後の業績、財政状況等を勘案し、継続的に配当を行いたいと考えております。

剰余金の配当回数につきましては、当社は年１回の配当（期末配当）の実施を行うことを基本方針としておりますが、業績の進捗に応じて年２回の配当（中間配当を含む。）の実施を行うこととしております。

なお、剰余金の配当の決定機関は、期末配当につきましては株主総会、中間配当につきましては取締役会であります。

当期（2025年８月期）の配当につきましては、利益剰余金はマイナス残高となっており、誠に遺憾ではございますが期末配当を見送らせていただくことといたしました。

なお、当社は「取締役会の決議によって、毎年２月末日の最終の株主名簿に記載又は記録された株主又は登録株式質権者に対し、中間配当を行うことができる。」旨を定款に定めております。"
2408,株式会社ＫＧ情報,2025-12-20,"３ 【配当政策】

当社は、株主に対する利益還元を経営上の重要課題のひとつと認識し、業績に対応し、かつ安定的な配当を継続することを基本方針としております。

当社の剰余金の配当は、中間配当と期末配当の年２回を基本方針としております。

当事業年度の期末配当は１株当たり 18.00円とし、中間配当金１株当たり 18.00円と合わせて 36.00円となりました。

内部留保金の使途につきましては、新規事業の開発、新規エリアへの進出等の今後の事業拡大のための備えとしております。

当社は、会社法第454条第５項に規定する中間配当を行うことができる旨を定款に定めております。

なお、基準日が当事業年度に属する剰余金の配当は以下のとおりであります。

 















決議



配当金の総額
(千円)



１株当たりの配当額
(円)



基準日



効力発生日







2025年７月７日

取締役会



131,760



18.00



2025年６月20日



2025年８月18日







2026年１月26日

取締役会



131,760



18.00



2025年12月20日



2026年２月24日"
2410,株式会社キャリアデザインセンター,2025-09-30,"３【配当政策】

配当金につきましては、株主の皆様に対する利益還元を重要な経営課題と認識しつつ、内部留保充実の必要性と財政状態等を総合的に勘案した上で、経営成績にあわせた利益配分を基本方針としております。また、株主の皆様への利益還元の姿勢をより明確にするため、目安とする配当性向を普通配当のみで40％以上とし、業績動向や財務状況等を考慮しながら、継続的な配当の実施に努めております。

当社は、期末配当として年１回の剰余金の配当を行うことを基本方針とし、経営成績に応じて中間配当を行うものとしております。これらの剰余金配当の決定機関は、期末配当については株主総会、中間配当については取締役会であります。

当期の期末配当金につきましては、当社普通株式１株につき100円といたします。

今後も、株主の皆様に対する配当等利益還元策については、急激な経営環境の変化に耐え得る経営基盤の強化のための内部留保とのバランスを考慮しつつ、検討していく所存でございます。

当社は、「取締役会の決議によって、毎年３月31日の最終の株主名簿に記載された株主もしくは登録株式質権者に対し、会社法第454条第５項に定める剰余金の配当を行うことができる。」旨を定款に定めております。

なお、当事業年度に係る剰余金の配当は以下のとおりであります。

 

決議年月日

配当金の総額

（千円）

１株当たり配当額

（円）

2025年12月19日

526,158

100

定時株主総会決議（予定）"
2411,ゲンダイエージェンシー株式会社,2026-03-31,"３【配当政策】

当社は、今後の更なる事業拡大を図るために必要な投資原資として内部留保を充実させつつも、同時にこれまでの経営活動の成果を株主の皆様に明確な形で還元するため、業績に応じた配当を継続的に実施することにより株主価値の最大化を図ることを基本方針としております。中期的には、ＤＯＥ（株主資本配当率）６％程度と配当性向50％で算定される金額のうち、いずれか高い方を一定の目安として実施できるよう努めてまいります。さらに、より望ましい株主還元のあり方を、継続して検討してまいります。

当期の配当金につきましては、上記の方針に則り、当期初に公表した予想配当金と同額である１株当たり12円といたしました。なお、当中間配当（12円）と併せた１株当たり年間配当金は24円（ＤＯＥ6.9％、連結配当性向56.8％）となりました。

当社は、「毎年９月30日を基準日として、剰余金の配当を行うことができる」旨、及び「会社法第459条第１項に基づき、剰余金の配当等を取締役会の決議により行うことができる。」旨定款に定めており、中間配当、期末配当ともに、その決定機関は取締役会であります。

なお、当事業年度に係る剰余金の配当は、以下のとおりであります。

決議年月日

配当金の総額

（百万円）

１株当たり配当額

（円）

2025年10月17日

132

12

取締役会決議

2026年４月17日

132

12

取締役会決議"
2413,エムスリー株式会社,2026-03-31,"３【配当政策】

当社では、経営基盤を強化し新たな事業展開に備えるために、利益を内部留保し再投資することを基本方針としつつ、資金需要動向とキャッシュ・フローの状況を総合的に勘案し、株主配当の水準を決定しています。

また、当社は、毎年３月31日又は９月30日を基準日とする年２回の剰余金の配当を行うことができる旨を定款に定めています。これらの剰余金の配当の決定機関は、取締役会です。

当社は、「会社法第459条第１項に基づき、取締役会の決議をもって剰余金の配当等を行うことができる」旨を定款に定めています。

当事業年度においては、利益還元としての株主配当を実施できる状況にあると判断し、１株当たり期末配当金を22.0円といたしました。

 

決議

配当金の総額(百万円)

１株当たり配当金(円)

基準日

効力発生日

2026年５月１日

14,683

22.0

2026年３月31日

2026年６月12日

取締役会決議

次期においても上述の方針に基づき、資金需要動向とキャッシュ・フローの状況とを勘案し、株主配当の水準を決定する予定です。"
2415,ヒューマンホールディングス株式会社,2026-03-31,"３【配当政策】

当社は、持株会社であるため、配当原資は主に子会社からの受取配当金であります。

当期の配当につきましては、業績連動型の基本方針に基づき、将来の事業展開と財務体質強化のための内部留保を確保しつつ、業績に応じた配当を実施することとして、連結配当性向30％を目安としております。

当社は、期末配当として年１回の剰余金の配当を行うことを基本方針としており、決定機関は株主総会であります。

当期の期末配当金につきましては、業績連動型の配当方針に基づき、１株当たり65円の普通配当を実施するとともに、株主の皆様のご支援に感謝の意を表するため、創業40周年の記念配当４円を実施し、合わせて１株当たり69円の配当を予定しております。

内部留保資金につきましては、長期的な視点に立って、当社グループの今後の事業展開への投資に有効に活用してまいりたいと考えております。

当社は、取締役会の決議により、毎年９月30日を基準日として、中間配当を行うことができる旨定款に定めております。

なお、当事業年度に係る剰余金の配当は、以下のとおりであります。期末配当に関する配当金の総額716,079千円及び１株当たり配当額69円につきましては、2026年６月25日開催予定の定時株主総会の決議事項となっております。

決議年月日

配当金の総額（千円）

１株当たり配当額（円）

2026年６月25日

716,079

69.0

定時株主総会決議（予定）"
2418,株式会社ツカダ・グローバルホールディング,2025-12-31,"３【配当政策】

当社は、株主に対する利益還元を経営上の重要事項と認識しており、経営基盤の強化を図りつつ、財務状況・利益水準等を総合的に勘案し、内部留保の充実を考慮しながら、毎期の業績等に応じた弾力的な利益還元を行っていくことを基本方針としております。

当社は、中間配当と期末配当の年２回の剰余金の配当を行うことを基本方針としており、これらの剰余金の配当の決定機関は、期末配当については株主総会、中間配当については取締役会であります。

当社は、「取締役会の決議により、毎年６月30日を基準として、中間配当を行うことができる。」旨を定款に定めております。

こうした方針のもと、2025年度の配当につきましては、中間配当は１株当たり６円、期末配当につきましては１株当たり６円の年間配当12円を予定しております。また、内部留保金につきましては、今後の事業展開に伴う設備投資並びに財務体質強化のために活用し、事業の拡大に資する所存であります。

また、2026年度の配当につきましては、訪日外国人数の増加や婚礼施行単価の回復などを背景に連結業績は引き続き堅調に推移する見通しであるものの、米国ホテル取得などの成長投資に伴う財務基盤の強化も重要な経営課題と認識しております。こうした状況を総合的に勘案し、中間配当に関しては１株当たり７円、期末配当に関しても同じく７円、あわせて年間配当14円とする予定であります。

 

(注) 基準日が当事業年度に属する剰余金の配当は、以下のとおりであります。

 













決議年月日



配当金の総額
（百万円）



 １株当たり配当額
 （円）







2025年８月８日

取締役会決議



284



6







2026年３月30日

定時株主総会決議(予定)



284



6"
241A,株式会社ＲＯＸＸ,2025-09-30,"３ 【配当政策】

当社は、株主に対する利益還元を経営上の重要課題の一つとして位置付けておりますが、現状において成長過程であり、財務体質の強化と事業拡大のための内部留保の充実等を図り、運転資金若しくは設備投資に充当することで更なる事業拡大をすることが株主に対する最大の利益還元につながると考えております。

今後の剰余金の配当につきましては、収益力の強化や事業基盤の整備を実施しつつ、内部留保の充実状況及び企業を取り巻く事業環境を勘案した上で、株主に対して安定的かつ継続的な利益還元を実施する方針であります。現時点においては、配当実施の可能性及びその実施時期については未定であります。

当社の剰余金の配当は、会社法第459条第１項各号に定める事項については、法令に別段の定めのある場合を除き、取締役会の決議によって定めることができる旨を定款で定めております。また、剰余金の配当基準日は、期末配当は９月30日、中間配当は３月31日、その他基準日を定めて剰余金の配当をすることができる旨を定款に定めております。"
2424,株式会社ブラス,2025-07-31,"３【配当政策】

当社は、株主の皆様への利益還元を重要な経営目標の一つとして認識しており、財政状態・経営成績・事業計画等を勘案した上で、配当性向を当期純利益の概ね10％を目標として、株主の皆様への利益還元を実施していくことを基本方針としております。

当社は、年１回の期末配当を基本方針としており、決定機関は株主総会であります。また、当社は取締役会の決議によって中間配当を行うことができる旨を定款に定めております。

当事業年度に係る剰余金の期末配当金につきましては、業績など総合的に検討いたしました結果、株主の皆様の日頃のご支援にお応えすべく、１株当たり配当金として８円とさせていただく予定です。

 

決議年月日

配当金の総額

（千円）

１株当たり配当額

（円）

2025年10月29日

42,549

8

定時株主総会決議（予定）"
2425,株式会社ケアサービス,2026-03-31,"３ 【配当政策】

当社は、株主に対する長期的かつ総合的な利益の拡大を重要な経営目標と位置づけており、株主配当につきましては、中長期的な事業計画に基づき、設備投資及び再投資のための内部資金の確保と安定的な配当を実施することを基本方針としております。

当社は、中間配当と期末配当の年２回の剰余金の配当を行うことを基本方針としております。

これらの剰余金の配当の決定機関は、期末配当については株主総会、中間配当については取締役会であります。

当社は、「取締役会の決議により、毎年９月30日を基準日として、会社法第454条第５項に規定する中間配当を行うことができる。」旨を定款に定めております。

当事業年度の配当につきましては、上記方針に基づき１株当たり22.00円の配当を実施することを決定いたしました。この結果、当事業年度の配当性向は72.5％となりました。

また、当事業年度に係る剰余金の配当は以下のとおりであります。

 













決議年月日



配当金の総額(千円)



１株当たり配当額(円)







2026年６月23日

定時株主総会決議



83,450



22.00"
2428,ウェルネット株式会社,2025-06-30,"３【配当政策】

当社は利益配分につきましては、将来の事業展開と経営体質の強化のために必要な内部留保を充実させつつ、業績動向や経営環境等を総合的に勘案して、株主様への利益還元を実施していくことを基本方針としております。

当社は第35回定時株主総会において、会社法第459条の規定に基づき、取締役会決議によって剰余金の配当等ができる旨の定款変更決議を行っています。

当社は、株主様に安心して長期投資をいただくため、配当性向を50％以上とする方針を掲げております。当事業年度の剰余金の配当につきましては、2025年８月８日開催の取締役会において、１株あたりの剰余金の配当を配当性向50％以上の29.00円とする決議をいたしました。

当事業年度に係る剰余金の配当は以下のとおりであります。

決議年月日

配当金の総額

（千円）

１株当たり配当額

（円）

2025年８月８日

544,856

29.00

取締役会決議

また、2026年６月期の配当につきましては、さらに株主様に安心して投資いただけるように、株主様への利益配分の基本方針を次のとおり変更いたしました。

（年間配当金）DOE（株主資本配当率）５%を下限として導入し、配当性向50%以上の配当を継続

（中間配当金）2025年12月中間期からDOE 2.5%を下限として実施"
2429,株式会社ワールドホールディングス,2025-12-31,"３【配当政策】

当社は、将来の事業展開と経営体質の強化のために必要な内部留保を確保しつつ、業績に応じた利益配分を行うことを基本方針としており、配当については、連結配当性向35％を目安として、安定的かつ継続的な配当成長をめざしております。

なお、配当の基準日は、定款において中間配当６月30日、期末配当12月31日と定めておりますが、現状においては、期中の業績変動が大きいため、年１回の期末配当を行うことを基本方針としております。

これらの剰余金の配当の決定機関は、業績の進展状況や近い将来の見通し等を総合的に勘案して柔軟に対処するため取締役会としております。

また、当社は「会社法第459条第１項の規定に基づき、取締役会の決議をもって剰余金の配当等を行うことができる。」旨定款に定めております。

当事業年度に係わる剰余金の配当は以下のとおりであります。

決議

配当金の総額

（百万円）

１株当たり配当額（円）

2026年２月13日

2,317

129.5

取締役会"
242A,株式会社リプライオリティ,2025-09-30,"３ 【配当政策】

当社は、株主への還元を第一として、配当原資確保のための収益力を強化し、継続的かつ安定的な配当を行なうことを基本方針としております。

 

当社では、中長期的に企業価値を高めるとともに、株主の皆様に利益を還元していくことを重要な経営課題の一つとして位置付けています。配当については、安定性・継続性に配慮しつつ、業績動向、財務状況および配当性向等を総合的に勘案して実施していく方針であり、安定的な１株当たり配当の実施を目指します。

内部留保資金については、今後の企業としての成長と、財務基盤の安定のバランスを鑑みながら、有利子負債の返済、設備投資、企業の合併・買収（M&A）等の投資等に充当していきます。剰余金の配当を行う場合、毎事業年度末日を基準日とした年１回の期末配当を基本方針としております。

配当の決定機関としては、機動的な利益還元ができるよう、会社法第459条第１項の規定に基づき取締役会の決議で剰余金の配当を行うことができる旨を定款に定めております。また、当社は、取締役会の決議により、毎年３月31日を基準日として中間配当をすることができる旨を定款に定めております。

第28期事業年度に係る剰余金の配当につきましては、利益剰余金を配当原資とし、普通株式１株当たり45.6円の配当としています。














決議年月日



配当金の総額

(千円)



１株当たり配当額

（円）







2025年12月25日

定時株主総会決議



50,771



45.6



円"
2432,株式会社ディー・エヌ・エー,2026-03-31,"３ 【配当政策】

当社は、事業の成長や経営体質の強化、資本効率の向上等により企業価値を継続的に向上させ、株主利益に貢献していくことを重要な経営課題として認識しております。

配当による還元につきましては、業績ボラティリティが高い等の事業特性や中長期での成長実現へ向けた投資を踏まえる必要がある中においても中長期的にご支援いただけるよう、DOE（親会社所有者帰属持分配当率（連結））３％を目安として実施いたします。

さらに、株価や経営環境の変化に対する機動的な対応や資本政策及び株主に対する利益還元の一方法として、自己株式の取得等にも対応してまいります。

内部留保資金につきましては、企業価値の最大化を図るため、既存の収益基盤強化、また、中長期的な成長を実現する事業ポートフォリオの構築にも有効投資してまいります。

なお、当社は、2026年６月27日開催予定の定時株主総会の議案（決議事項）として、「剰余金処分の件」を提案しております。当該議案が原案どおり承認可決されますと、当連結会計年度の１株当たり配当金は合計66円となる予定です。

当社の剰余金の配当は、期末配当の年１回を基本的な方針としておりますが、会社法第454条第５項に規定する中間配当を行うことができる旨を定款で定めております。配当の決定機関は、中間配当は取締役会、期末配当は株主総会であります。

(注) 基準日が当連結会計年度に属する剰余金の配当は、以下のとおりであります。













決議年月日



配当金の総額
（百万円）



１株当たり配当額
（円）







2026年６月27日

定時株主総会決議予定



7,088



66





 


※ 配当金の総額には、株式付与ESOP信託口が所有する当社株式への配当8百万円は含めておりません。"
2433,株式会社博報堂ＤＹホールディングス,2026-03-31,"３ 【配当政策】

安定配当を基本方針として、年間の配当金額を配当性向（30％程度）、資金需要の状況、内部留保の充実等を総合的に勘案の上決定することといたします。

毎事業年度における配当の回数については、中間、期末の年２回を基本方針（注）としており、これらの配当の決定機関は、中間配当においては取締役会、期末配当においては株主総会であります。なお、自己株式の取得につきましては、配当金を補完する株主還元の手段と位置づけ、財務状況、資金需要や業績の状況、当社グループを取り巻く環境等を総合的に勘案し、適宜検討していく方針です。

上記の方針に基づき、当事業年度の中間配当は１株当たり16円を実施し、期末配当は１株当たり16円を2026年６月26日開催予定の定時株主総会にて決議する予定であります。これにより、年間配当額は、１株当たり32円となる予定です。なお、2027年３月期の年間配当額につきましては、１株当たり32円とすることを予定しております。

 

(注) 当社は、会社法第454条第５項に規定する中間配当を行うことができる旨を定款に定めております。

 

なお、第23期の剰余金の配当は以下のとおりであります。














決議年月日



配当金の総額
（百万円）



１株当たり配当額
(円）







2025年11月13日

取締役会決議



5,853



16.00







2026年６月26日

定時株主総会決議（予定）



5,744



16.00"
2435,株式会社シダー,2026-03-31,"３【配当政策】

当社は、中長期的な企業価値の向上及び経営基盤強化のため、事業拡大による成長のための投資資金及び内部留保の充実と利益配分とのバランスを念頭に、株主への安定継続した配当に加え業績の伸長に応じた配当を実施すべきものと考えております。

当社は期末配当として年１回の剰余金の配当を行うことを基本方針としております。

これらの剰余金の配当の決定機関は、期末配当については株主総会、中間配当については取締役会であります。

当事業年度の配当につきましては、上記方針に基づき１株当たり８円の配当を実施することを決定しました。

内部留保資金につきましては、今後予想される経営環境の変化に対応すべく、コスト競争力を高めるとともに新規事業への展開を図るために、有効に投資してまいりたいと考えております。

また、当社は「取締役会の決議により、毎年９月30日を基準日として、中間配当を行うことができる。」旨を定款に定めております。

なお、当事業年度に係る剰余金の配当は以下のとおりであります。

 

決議年月日

配当金の総額

（百万円）

１株当たり配当額

（円）

2026年６月25日

91

8

定時株主総会決議"
2436,共同ピーアール株式会社,2025-12-31,"３【配当政策】

（利益配当に関する基本方針）

当社グループは、事業投資や経営基盤強化を目的とした内部留保等を確保しつつ、連結業績を勘案したうえで、年に１度、安定した配当を継続していくことを基本方針としております。

当社の剰余金の配当は、配当金の決定機関を取締役会としております。取締役会の決議によって、毎年12月31日を基準日とする期末配当及び毎年６月30日を基準日とする中間配当を行うことができる旨を定款に定めております。

 

（当事業年度の利益配分について）

上記の方針に基づき、当社の配当金につきましては、2026年２月12日開催取締役会にて、１株当たり期末配当14円０銭（連結配当性向14.1％）、配当金総額122,305千円とすることに決定いたしました。"
2437,Ｓｈｉｎｗａ　Ｗｉｓｅ　Ｈｏｌｄｉｎｇｓ株式会社,2026-05-31,"３【配当政策】

当社の配当政策の基本的な考え方は、収益状況に応じた配当を行うことを基準としつつも、安定的な配当の維持ならびに将来の事業展開に備えた内部留保の充実、財務体質の強化等の必要性を総合的に勘案し、決定することとしております。内部留保資金につきましては、中長期的視野に基づいた事業拡大のための投融資等に充当したいと考えております。

当社は、期末配当の年１回の剰余金の配当を行うことを基本方針としております。期末配当の決定機関は株主総会であります。また、状況に応じた対応を行えるよう、当社は「取締役会の決議により、毎年11月30日を基準日として、中間配当を行うことができる。」旨を定款に定めております。

当期の期末配当につきましては、当期の業績及び翌期の業績見通しならびに直近の財務状況を勘案した上で、やむをえず無配といたします。"
2438,株式会社アスカネット,2026-04-30,"３ 【配当政策】

当社は、株主に対する利益還元を重要な経営課題として認識しており、配当につきましては、将来の事業展開と経営体質の強化のために必要な内部留保を確保しつつ、配当性向30％以上を目安に、業績に応じた配当を継続して実施していくことを基本方針としております。

当社の剰余金の配当は、年１回の期末配当を基本的な方針としております。配当の決定機関は、中間配当は取締役会、期末配当は株主総会であります。

上記方針のもと、当事業年度の配当につきましては、2026年７月29日開催予定の定時株主総会にて、１株当たり7.00円の配当を決議する予定であります。

内部留保資金の使途につきましては、今後の事業展開への備えと、設備投資、研究開発投資、M&A投資として、投入することとしております。

なお、当社は中間配当を行うことができる旨を定款に定めております。

基準日が当事業年度に属する剰余金の配当は、以下のとおりであります。














決議年月日



配当金の総額（千円）



１株当たり配当額（円）







2026年７月29日



定時株主総会決議（予定）



105,008



7.00"
2440,株式会社ぐるなび,2026-03-31,"３ 【配当政策】

当社は、株主の皆様への利益配分を経営の重要課題として捉えており、企業価値の最大化を念頭に健全な財務体質の維持及び積極的な事業展開に備えるための内部留保の充実等を勘案しつつ収益状況に応じた利益還元を実施することを基本方針としております。

当社の剰余金の配当は基本的に中間配当と期末配当の年２回実施することとしており、会社法第459条第１項の規定に基づき取締役会の決議によって剰余金の配当を行うこと、また毎年９月30日又は３月31日を基準日とし配当を行うことができる旨を定款に定めております。

当期の普通株式に係る配当については、現時点において当社事業の中長期にわたる成長のための事業展開に備えた内部留保の確保が最も重要な課題であること等から、誠に遺憾ながら無配とする予定です。

なお、前記の「中期経営計画2028」の実行を通じ利益創出力を高めることで、2029年３月期での配当再開を計画しております。"
2445,株式会社タカミヤ,2026-03-31,"３【配当政策】

当社は、将来の事業展開と経営体質の強化のために必要な内部留保を確保しつつ、株主への利益還元を重視し、累進配当を継続するとともに、連結配当性向については35％以上の維持を目指し、業績や利益水準に応じて配当水準の向上を図ることを基本としております。

当社の剰余金の配当は、中間配当と期末配当の年２回の剰余金配当を行うことを基本方針といたしております。

当事業年度の配当につきましては、自己資本を充実させるため、財務体質の健全性を維持・強化するため、2026年５月12日開催の取締役会において１株につき普通配当10円の配当を実施することを決定いたしました。この結果、中間配当を含めました年間配当額は１株当たり16円となり、当事業年度の配当性向は47.8％となりました。

内部留保につきましては、健全な財務基盤を確立するとともに、自己資本の充実のために充ててまいりたいと考えております。

当社は、会社法第459条第１項の規定に基づき、取締役会の決議をもって、毎年３月31日又は９月30日を基準日として、剰余金の配当等を行うことができる旨、定款に定めております。当事業年度に係る剰余金の配当は以下のとおりであります。

決議年月日

配当金の総額

（百万円）

１株当たり配当額

2025年11月10日

279

6円

取締役会決議

2026年５月12日

465

10円

取締役会決議"
2449,株式会社プラップジャパン,2025-08-31,"３ 【配当政策】

当社の利益配分における基本方針としましては、累進配当の継続を前提に、将来の事業展開と投資計画のバランスをとりながら決定していきます。

その上で、経営成績及び配当性向なども考慮し、株主の皆様への利益還元を実施いたします。

内部留保金の使途につきましては、更なる成長に向け、長期的な視点に立ったサービス開発への投資、事業拡大のための買収資金確保、 AIやIT ／デジタルへの投資等の資金需要に活用していく方針としております。今後とも株主の皆様のご期待に応えられるよう、努力してまいります。

当社の剰余金の配当は、期末配当の年１回を基本的な方針としております。期末配当の決定機関は株主総会であります。

 

第55期の配当金につきましては、上記方針及び当期の業績を総合的に勘案して、１株につき41円の普通配当（前期は普通配当40円）を実施することを予定しております。この結果、連結配当性向は38.2％となる予定です。なお、当社は、会社法第454条第５項に規定する中間配当を行うことができる旨を定款で定めております。

（注） 基準日が当事業年度に属する剰余金の配当は、以下の通りであります。














決議年月日



配当金の総額
（千円）



１株当たり配当額
（円）







2025年11月27日

定時株主総会決議 (予定)



181,996



41"
244A,グロースエクスパートナーズ株式会社,2025-08-31,"３ 【配当政策】

当社の配当政策は、将来の事業展開及び財務体質の強化を勘案し、長期にわたる安定的な経営基盤としての内部留保を確保しつつ、株主への利益還元を考慮した配当政策を実施することを基本方針としております。利益還元については、連結業績の内容、今後の事業展開の見込み等を総合的に勘案して決定していく方針であります。剰余金の配当の決定機関は株主総会であり、期末配当（年１回）の実施を基本としております。なお、当社は現在、成長過程にあると認識しており、当面は今後の業容拡大に備えて一層の内部留保の充実を図り、収益力強化や事業基盤整備のための投資に充当する方針であることから、今後の配当実施の可能性及びその時期等については未定であります。

当事業年度においては、上記の理由から配当を実施しておりません。内部留保資金の使途につきましては、上記の方針に基づき、優秀な人財採用等の資金や、今後の事業展開への準備資金に投入していくこととしております。

なお、当社は、取締役会の決議により、毎年２月末日を基準日として会社法第454条第５項に定める中間配当を行うことができる旨を定款に定めております。"
2454,株式会社オールアバウト,2026-03-31,"３ 【配当政策】

当社は、株主の皆様に対する利益還元を経営の重要課題のひとつと位置付けております。剰余金の配当につきましては、このような観点を十分に考慮のうえ、また、当社を取り巻く経済状況や業績を勘案し、決定しております。

当社を取り巻く環境、現在の財政状態及び昨今の経営成績並びに中期的な企業価値の向上等を総合的に勘案した結果、2026年３月31日を基準日とする１株当たり配当金を１円00銭とさせていただきました。なお、この配当は全額その他資本剰余金を配当原資として行います。また、今後も財務状況、利益水準の観点等を勘案し、中長期的な視点に立って、持続的な成長、企業価値の向上及び株主価値の増大に努めてまいります。

内部留保資金につきましては、健全な財務体質の構築・維持及び積極的な事業展開のための投資等に充当していく予定であります。

なお、当社は、中間配当と期末配当の年２回の剰余金の配当を行うことができる旨及び取締役会の決議をもって剰余金の配当等を行うことができる旨を、定款に定めております。

当事業年度に係る剰余金の配当は以下のとおりであります。

 













決議年月日



配当金の総額

(千円)



１株当たり配当額

(円)







2026年５月13日

取締役会



14,089



1.0"
2459,アウンコンサルティング株式会社,2026-05-31,"３ 【配当政策】

当社グループは、株主の皆様への利益還元を重要な経営課題の一つと認識しております。将来に向けた事業の拡大及び企業体質の強化のための内部留保とのバランスを考慮した利益配分を行うことを基本方針としております。

当事業年度（2026年５月期）につきましては、財務状況及び経営環境等を勘案し、誠に遺憾ながら2026年７月７日の取締役会において無配とさせていただく決議をしております。

収益体質および財務体質の強化により、利益剰余金の回復を図り、早期に復配を目指したいと考えております。

なお、当社は中間配当を行うことができる旨を定款に定めております。"
245A,株式会社ＩＮＧＳ,2025-08-31,"３ 【配当政策】

当社は、株主への利益還元を行うことを重要な課題の一つと認識しておりますが、企業価値を継続的に拡大し、安定した事業の継続のための財政状況と、将来の事業拡大に必要な内部留保の充実を図ることが重要と考えております。そのため、現在まで当社の余剰金は、事業規模の拡大、事業展開のための人材の採用や教育及び財務体質の強化に活用したため、配当の実施はこれまでありませんでした。

当面の間は内部留保に努める方針であり、内部留保資金については、将来の事業展開と経営基盤の強化のための資金として有効に活用していく所存であります。一方で、将来的には、経営環境及び業績、投資計画、財政状態等を勘案し、株主への利益還元を検討していく方針であります。

今後の配当を実施する場合は、年１回を基本的な方針としており、配当の決定機関は取締役会であります。"
2461,株式会社ファンコミュニケーションズ,2025-12-31,"３【配当政策】

  当社は、利益配分につきましては、将来の事業展開と経営体質の強化のために必要な内部留保を確保しつつ、株主に対する利益配分として当期純利益の50％程度を配当性向とし年１回の期末配当を行うことを基本方針としておりましたが、2026年12月期より、株主還元方針を株主資本配当率８％程度を基準とする変更をしました。業績変動に左右されない安定的な配当と資本効率向上を図ってまいります。

なお、2026年３月25日開催の第27回定時株主総会における定款一部変更の決議により、「剰余金の配当等の決定機関を取締役会の決議によって定めることができる」旨、また、「剰余金の配当の基準日は、毎年12月31日および6月30日とする。」旨を定款に定めております。
当事業年度の配当につきましては、株主に対する安定的かつ継続的な還元を目的として、１株当たり27円の配当（うち中間配当８円）を実施することを決定しました。この結果、当事業年度の連結純利益に対する配当性向は136.8％となりました。
  内部留保資金につきましては、財務体質の強化と積極的な事業展開のための備えとするほか、経営環境の変化に対応した機動的な資本政策を遂行するための自社株式の取得等に充てたいと考えております。

なお、当事業年度に係る剰余金の配当は以下のとおりであります。

決議年月日

配当金の総額

（千円）

１株当たり配当額

（円）

2025年４月18日

529,987

8

取締役会決議

2026年３月25日

1,259,898

19

定時株主総会決議"
2462,ライク株式会社,2026-05-31,"３【配当政策】

当社は、財務体質を強固なものとすること及び事業への再投資による企業価値の向上を図りつつ、その一方で、利益還元を積極的かつタイムリーに行うべく、連結配当性向40％程度を目安とし、原則、配当総額は維持又は増配、中間配当及び期末配当の年２回配当を実施する方針としております。

これら配当の決定機関は、期末配当については株主総会、中間配当については取締役会であります。

この方針のもと、当期の配当金につきましては、１株につき年間60円の配当を実施することといたしました。内訳としては、中間配当金として１株につき30円、期末配当金として１株につき30円であります。これにより、当期の連結配当性向は49.4％となりました。

内部留保資金につきましては、経営基盤の強化並びに将来の事業展開に向けた投資等に活用したいと考えております。

当社は、会社法第454条第５項の規定に基づき、取締役会の決議により、毎年11月30日を基準日として、中間配当を行うことができる旨を定款に定めております。

なお、当期に係る剰余金の配当は以下のとおりであります。

決議年月日

配当金の総額（千円）

１株当たり配当額（円）

2026年１月13日

575,701

30

取締役会決議

2026年８月28日

575,701

30

定時株主総会決議

当社は、「会社法第459条第１項の規定に基づき、取締役会の決議をもって剰余金の配当等を行うことができる。」旨を定款に定めております。"
2464,株式会社ＡｏｂａーＢＢＴ,2026-03-31,"３【配当政策】

当社は、株主の皆様への利益還元を重要な経営課題の一つと位置づけ、各期の経営成績、企業体質の強化と今後の事業展開に向けた内部留保の充実等を総合的に勘案しつつ、継続的な配当の実施に努めることを基本方針としております。

当事業年度は、株主の皆様の長期的な視点に配意しつつ、上記基本方針及び当期の業績等を勘案いたしまして、１株当たり11円00銭の普通配当とすることを2026年５月15日開催の取締役会において決議いたしました。

なお、当社は、中間配当をすることができる旨を定款で定めておりますが、期末配当の年１回を基本的な方針としております。これらの剰余金の配当等の決定機関は、取締役会であります。

 

基準日が当事業年度末に属する剰余金の配当は、以下のとおりであります。

決議年月日

配当金の総額（百万円）

１株当たり配当額（円）

2026年５月15日

152

11.00

取締役会決議

（注）配当金の総額には、「株式給付信託（J-ESOP）」が保有する当社株式1,200,000株に対する配当金13百万円が含まれております。"
2467,株式会社ＶＬＣセキュリティ,2026-03-31,"３【配当政策】

当社は、株主に対する利益還元と同時に、財務体質の強化及び競争力の確保を経営の重要課題の一つとして位置
づけております。当社グループは、今もなお成長の過程にあると認識しているため、内部留保の充実を図り、これを事業の効率化・競争力強化と事業規模の拡大のための投資等に充当し、なお一層の業容拡大を目指すことが、株主に対する将来の利益還元に繋がると考えております。従って、当面は内部留保の充実を優先した配当政策を継続する予定ですが、財政状態及び経営成績とのバランス及び内外の事業環境を総合的に勘案し、できるだけ早い時期に配当の実施を行い、株主に対する利益還元を目指す所存であります。

なお、当社は、「取締役会の決議により、毎年９月30日の株主名簿に記載又は記録された株主若しくは登録株式質権者に対し、中間配当を行うことができる。」旨を定款に定めております。"
2469,ヒビノ株式会社,2026-03-31,"３【配当政策】

当社は、株主の皆様への利益還元を重要な経営課題の一つと認識し、経営体質を強化するために必要な内部留保と成果配分とのバランスを勘案しながら、安定配当を継続していくことを基本方針としております。

内部留保資金の使途としては、当社成長の根源である研究開発や設備投資に振り向けていく所存であります。

当社は、中間配当と期末配当の年２回の剰余金の配当を行うことを基本方針としております。

また、定款の定めにより期末配当・中間配当以外にも取締役会の決議によって基準日を定め、機動的な剰余金の配当が可能となっておりますが、実際の運用に関しましては、適宜検討してまいります。

当社は、剰余金の配当等会社法第459条第１項各号に定める事項については、法令に別段の定めがある場合を除き、取締役会の決議により定めることができる旨及び期末配当の基準日を毎年３月31日、中間配当の基準日を毎年９月30日とする旨を定款に定めております。

当期の配当（１株当たり）につきましては、期末配当金を普通配当45円とし、すでに実施しました中間配当金40円と合わせ年間配当金85円となります。

 

当事業年度に係る剰余金の配当は以下のとおりであります。

決議年月日

配当金の総額

（百万円）

１株当たり配当額

（円）

2025年11月10日

396

40.00

取締役会決議

2026年５月22日

446

45.00

取締役会決議"
246A,株式会社アスア,2025-06-30,"３【配当政策】

当社は、既存及び新規成長分野への積極的な投資により企業価値を継続的に拡大し、株主へ利益還元を行うこと

を重視しております。株主への安定的な利益還元と会社の持続的な成長を実現するため、株主還元は業績、財務状

態及び将来の事業展開等を総合的に勘案し、配当性向30％を目安に安定的な累進配当を行うことを基本方針とし

ております。

当社の剰余金の配当は、期末配当の年１回を基本方針としておりますが、中間配当を行うことができる旨を定款

に定めております。また、会社法第459条第１項に定める事項については、法令に別段の定めがある場合を除き、

取締役会の決議によって定める旨を定款に定めております。

上記の基本方針のもと、当事業年度の配当金につきましては、１株当たり５円80銭の普通配当に加え、2024年９月26日に東京証券取引所グロース市場および名古屋証券取引所ネクスト市場への上場を記念し、１株当たり５円00銭の上場記念配当を実施することといたしました。これにより、年間配当金は１株当たり合計10円80銭としております。

内部留保資金につきましては、経営基盤の強化及び成長事業・新規事業への積極投資に活用し、更なる企業価値の

向上に努めてまいります。

なお、上記の考えに基づき、当事業年度に係る剰余金の配当は以下の通りであります。

 

決議年月日

配当金の総額

（千円）

１株当たり配当額

（円）

2025年８月８日

29,013

10.80

取締役会決議"
2471,株式会社エスプール,2025-11-30,"３【配当政策】

当社は、継続的な企業価値の向上と、それを通じた株主還元に積極的に取り組んでまいります。株主の皆様への還元についての基本方針は以下のとおりであります。

①成長のための事業投資を最優先とします。

②事業投資のための内部留保を確保したうえで、資本効率や財務基盤の強化を勘案し、安定的、かつ、持続的に株主還元の向上に努めてまいります。

③具体的には、連結配当性向を30％以上とすることを目標といたします。なお、単年度においては、連結配当性向が60％を超えない限り減配はしないこととします。

内部留保資金につきましては、障がい者雇用支援サービス等の短期的に成長が見込める既存事業分野への投資と、中長期の環境変化に対応するための、既存事業を変革させる投資や新たな事業機会を獲得する新規事業投資に用いてまいりたいと考えております。

また、当社は、会社法第454条第５項に規定する中間配当を行うことができる旨を定款に定めております。配当の決定機関は、中間配当は取締役会、期末配当は株主総会であります。

なお、当事業年度に係る剰余金の配当は以下のとおりであり、2026年２月26日開催予定の定時株主総会の議案として付議する予定であります。

決議年月日

配当金の総額

（百万円）

１株当たり配当額

（円）

2026年２月26日

781

10.0

定時株主総会決議（予定）"
2475,ＷＤＢホールディングス株式会社,2026-03-31,"３【配当政策】

当社は、株主の皆様への長期的利益還元を経営の重要な課題の一つと位置付けており、利益水準、業績見通し等を踏まえたうえで、安定的かつ継続的な利益還元を実施していくことを基本方針としております。

当社の剰余金の配当は、中間配当及び期末配当の年２回を基本的な方針としております。配当の決定機関は、中間配当が取締役会、期末配当が株主総会であります。なお、当社は中間配当を行うことができる旨を定款に定めております。

2026年３月期の配当につきましては、上記の基本方針のもと、１株当たり普通配当62.5円（うち中間配当金25.0円）の配当を実施する予定であります。

内部留保資金につきましては、今後も予想される経営環境の変化に対応すべく、システム開発、人材採用、社員教育、新規事業、海外事業などに有効投資してまいりたいと考えております。

 

（注） 基準日が当事業年度に属する剰余金の配当は、以下のとおりであります。

決議年月日

配当金の総額

（千円）

１株当たり配当額

（円）

2025年11月７日

490,974

25.0

取締役会決議

2026年６月25日

719,361

37.5

定時株主総会決議（予定）"
2477,手間いらず株式会社,2025-06-30,"３【配当政策】

当社は、株主の皆様への利益還元を重要な経営課題の一つとして認識しており、将来の成長のための投資や事業展開の状況、各期の経営成績及び財政状態といった点を総合的に勘案しつつ、配当性向22.5％を目安に配当を実施することを基本方針といたします。

当社の剰余金の配当は、期末配当及び毎年12月31日を基準日とする中間配当の年２回を基本方針としております。なお、当社は会社法第459条第１項の規定に基づき、剰余金の配当等については法令に別段の定めのある場合を除き、株主総会の決議によらず取締役会の決議によって定める旨を定款で定めております。また、上記の他、会社法第459条第１項各号に掲げる事項についても、取締役会での決議を可能とする旨を定款で定めております。

当事業年度の期末配当金につきましては、上記方針に基づき１株当たり23.0円の期末配当を実施することを決定いたしました。この結果、2025年３月３日に実施済みの中間配当金15.0円を加えると、年間配当金は38.0円、当事業年度の配当性向は22.9％となりました。

内部留保資金の使途につきましては、アプリケーションサービス事業における宿泊市場の堅調な需要への対応にかかる取り組み及び新製品・新サービスの創造や新規事業の立上げに投資していくこととしております。

なお、当事業年度に係る剰余金の配当は以下のとおりであります。

決議年月日

配当金の総額

（千円）

１株当たり配当額

（円）

2025年１月31日

97,206

15.0

取締役会決議

2025年９月24日

144,418

23.0

定時株主総会決議"
2479,株式会社ジェイテック,2026-03-31,"３【配当政策】

当社グループは、収益基盤の強化と拡充を図りながら積極的な事業展開に備えるための内部留保に努めつつ、連結配当性向40％を目標とし、業績等を総合的に勘案しながら株主に対する利益還元を安定的かつ継続的に行う方針であります。

当事業年度の配当につきましては、上記方針に基づき１株当たり13円の配当を実施することを決定いたしました。

内部留保資金につきましては、今後も継続して成長が可能な体制の強化のための人材の採用、育成等のために有効投資してまいりたいと考えております。

なお、当社は期末配当金年１回の剰余金の配当を行うことを基本方針としており、2019年６月27日開催の当社第23回定時株主総会決議により、会社法第459条第１項各号に掲げる事項について、法令に別段の定めがある場合を除き、取締役会の決議によって剰余金の配当等を行うことができる旨及び、毎年３月31日を期末配当の基準日とし、毎年９月30日を中間配当の基準日とする旨を定款に定めております。

 

当事業年度に係る剰余金の配当は以下のとおりであります。

決議年月日

配当金の総額（千円）

１株当たり配当金（円）

2026年６月26日

104,352

13

定時株主総会決議"
247A,Ａｉロボティクス株式会社,2026-03-31,"３【配当政策】

当社は、株主に対する利益還元と同時に、財務体質の強化や事業拡大及び競争力の確保を経営の重要課題として位

置づけております。当社の配当に関する基本方針は、株主の皆様に対する利益還元を重要な経営課題と認識しつつ、業績の推移、財務状況、事業計画に基づく資金需要等を総合的に勘案し、内部留保とのバランスをとりながら、経営成績に合わせた利益配分を基本方針としております。当社は現在、成長過程にあると考えており、そのためまずは内部留保の充実を図り、一層の事業拡大を目指すことが株主に対する最大の利益還元に繋がると考えております。今後においても当面の間は内部留保の充実を図り、優秀な人材の確保や新技術の導入及び新商品開発に向けた投資に充当し、企業価値の向上に努める方針であります。今後の配当実施の可能性及び実施時期等につきましては未定であります。

剰余金の配当を行う場合は、年１回の期末配当を基本方針としており、その他年１回中間配当を行うことができる旨、及び上記の他に、基準日を設けて剰余金の配当を行うことができる旨を定款で定めております。また、当社は会社法第459条第１項の規定に基づき、法令に別段の定めのある場合を除き、取締役会の決議によって定めることができる旨を定款に定めております。"
2480,システム・ロケーション株式会社,2026-03-31,"３【配当政策】

当社は、株主に対する利益還元を経営の重要課題の一つとして位置づけております。配当につきましては経営体質の強化と将来の事業展開のために必要な内部留保を確保しつつ、業績に応じた株主への還元を行っていく所存であります。
当社は、期末配当の年1回の剰余金の配当を行うことを基本方針としております。
この剰余金の配当の決定機関は、期末配当については株主総会であります。
第57期の配当につきましては、上記方針に基づき１株当たり38円の配当を実施予定です。内部留保資金につきましては、今後予想される経営環境に対応すべく、財務体質の強化と新規事業に対する積極的な展開に活用していきたいと考えております。

  当社は、「取締役会の決議により、毎年9月30日を基準日として、中間配当を行うことができる。」旨を定款に定
めております。
なお、当事業年度に係る剰余金の配当は以下のとおりであります。

決議年月日

配当金の総額

（千円）

１株当たり配当額

（円）

2026年６月24日

134,067

38

定時株主総会決議（予定）"
2481,株式会社タウンニュース社,2025-06-30,"３ 【配当政策】

当社の利益配分に関する基本方針につきましては、業績や配当性向、将来の事業展開などを総合的に勘案しながら安定的な配当を継続的に行うことを基本方針としております。

また、配当については、現在は安定的な配当の継続を年１回期末配当にて行なうことを基本方針としております。

中間配当については、「取締役会決議により、12月31日を基準日として中間配当をすることができる。」旨を定款に定めております。これらの剰余金の配当の決定機関は、期末配当については株主総会、中間配当については取締役会であります。

当事業年度の配当金につきましては、上記基本方針に基づきまして、増額して20円を予定しております。次期の配当金につきましては、安定的な配当を維持継続していくことを基本に業績の状況や配当性向等を考慮しながら決定させていただく予定です。

 

なお、当事業年度に係る剰余金の配当は以下のとおりであります。

 













決議年月日



配当金の総額（千円）



１株当たりの配当額（円）







2025年９月24日

定時株主総会決議
（予定）



110,412



20"
2483,株式会社翻訳センター,2026-03-31,"３【配当政策】

  当社では、株主各位に対する利益還元を経営の重要な課題の一つとして認識しており、安定的な配当の実施及び将来の事業拡大のための内部留保などを総合的に勘案した利益配分を行うことを基本方針としております。この基本方針のもと、2026年3月期～2028年3月期の中期経営計画を対象に、「株主資本配当率（DOE）6％以上」および「総還元性向100％以上」を適用いたします。

  剰余金の配当につきましては、年１回の期末配当を基本的な方針としており、決定機関は株主総会であります。また、「取締役会の決議により、毎年９月30日を基準日として、中間配当を行うことができる。」旨を定款に定めております。

  2026年３月期の配当につきましては、上記方針に基づき、１株当たり140円の配当を実施することを予定しております。今後も、利益水準を考慮しつつ、株主への利益還元に努めてまいりたいと考えております。

  内部留保資金については、今後の事業展開に備えて、企業体質の充実を図るための設備投資、子会社投資等に充当する予定であります。

  なお、当事業年度に係る剰余金の配当は以下のとおりであります。

決議年月日

配当金の総額

（千円）

１株当たり配当額

（円）

2026年６月25日

469,951

140

定時株主総会決議

（予定）"
2484,株式会社出前館,2025-08-31,"３ 【配当政策】

当社は、積極的な事業展開のもと、経営基盤の強化、経営効率の改善を図ることにより企業価値を高め、株主の皆様に対して継続的かつ安定的に利益還元を図ることを基本方針としております。将来に向けた積極的な投資を行いつつも、配当性向は30％を目安とし、安定的に継続して実施することを目指しております。

当社の剰余金の配当は、年１回の期末配当を基本的な方針としております。なお、会社の業績に応じた株主の皆様への利益還元を柔軟に実施するため、当社は「毎年２月末日を基準日として、取締役会の決議をもって、株主または登録株式質権者に対し、中間配当として剰余金の配当を行うことができる」旨を定款に定めており、これらの剰余金の配当については、取締役会を決定機関としております。

当事業年度の配当につきましては、親会社株主に帰属する当期純損失を計上したことから、誠に遺憾ではございますが無配とさせていただきました。

株主の皆様には深くお詫び申し上げるとともに、早期に復配できるように努めてまいりますので、引き続きご支援を賜りますようお願い申し上げます。"
2485,株式会社ティア,2025-09-30,"３【配当政策】

当社は、株主の皆様の利益の最大化を重要な経営目標としており、将来にわたり安定的な配当を実施することを経営の重要政策としております。また、業績向上時には増配等により株主への利益還元も積極的に行っていく予定であります。

当社は、中間配当と期末配当の年２回の剰余金の配当を行うことを基本的な方針としており、これらの剰余金の配当の決定機関は取締役会としております。

当事業年度の配当につきましては、上記方針に基づき１株当たり20円（うち中間配当10円）の配当を実施いたしました。この結果、当事業年度の連結配当性向は50.5％となりました。

内部留保資金につきましては、葬儀会館の建設を中心とした設備投資はもとより、経営基盤の更なる充実・強化のための有効投資に活用する方針であります。

当社は、「会社法第459条第１項の規定に基づき、取締役会の決議をもって剰余金の配当等を行うことができる。」旨定款に定めております。

なお、当事業年度に係る剰余金の配当は以下のとおりであります。

決議年月日

配当金の総額（百万円）

１株当たり配当額（円）

2025年５月14日

取締役会決議

225

10

2025年11月13日

取締役会決議

225

10"
2488,ＪＴＰ株式会社,2026-03-31,"３【配当政策】

当社の利益配分は、将来の事業展開と経営体質の強化のための内部留保を確保しつつ、安定した配当を継続して実施していくことを基本方針としております。

また、毎事業年度における配当の回数についての基本方針は、原則年２回としており、これらの配当の決定機関は、取締役会であります。

具体的な配当水準として、１株当たり通期配当金25円もしくは配当性向40％以上のいずれか高い方といたします。

当期の配当につきましては、この方針と当期の業績等を総合的に勘案し、期末配当を１株当たり38円とし、中間配当11円と合わせて、１株当たり合計49円の配当とさせていただくことといたしました。

内部留保資金につきましては、今後予想される経営環境の変化に対応すべく、新規事業開発等に有効投資して参りたいと考えております。

剰余金の配当等の決定において当社は、会社法第459条に基づき、取締役会の決議によって、「会社法第459条第１項各号に掲げる事項を定めることができる。」旨を定款に定めております。また、当社は、取締役会の決議により毎年３月31日又は９月30日の株主名簿に記載又は記録された株主又は登録株主質権者に対し金銭による剰余金の配当を行う旨を定款に定めております。

なお、第39期の剰余金の配当は、以下の通りであります。

決議年月日

配当金の総額（千円）

１株当たり配当額（円）

2025年11月14日

62,717

11

取締役会決議

2026年５月11日

213,581

38

取締役会決議"
2489,株式会社アドウェイズ,2025-12-31,"3【配当政策】

当社グループは、中長期的な企業価値の向上に努め、株主に対する利益還元を行うことを経営の重要課題の一つとして認識しております。その基本方針として、財務体質の強化及び将来の事業展開に備えるための内部留保の充実を中心に据えながら、その業績並びに業績の見通しに応じた適切かつ安定した利益還元を実施していく予定です。また、株主に対する利益還元や資本政策の一つの方法として、経済の状況、経営の環境及び株価を総合的に勘案しながら、自己株式の取得についても弾力的に実施してまいります。

当社は6月30日を基準日とする中間配当と期末配当の年2回の剰余金の配当を行うことができる旨定款に定めております。また、これらの剰余金の配当の決定機関は、期末配当については株主総会、中間配当については取締役会であります。

2025年12月期から2027年12月期の3ヶ年につきましては、事業の成長、並びに資本効率の改善等による、中長期的な企業価値の向上に努めると共に、継続的かつ安定的な配当を実施していくことを目標とし、原則としてDOE(株主資本配当率)2%以上を目安として実施する方針としております。

＜2025年12月期～2027年12月期の3ヶ年の配当方針＞

決算期

第26期

(2025年12月期)

第27期

(2026年12月期)

第28期

(2027年12月期)

配当方針

DOE2%以上を目安

DOE2%以上を目安

DOE2%以上を目安

当期(2025年12月期)の配当につきましては、上記方針に基づき、1株当たり6円42銭の期末配当とする予定です。なお、本事項は、2026年3月25日開催予定の第26期定時株主総会の決議をもって正式に決定されます。

また、次期以降につきましては、大きな業績の変動や大規模なM＆A等の経営環境等の経営環境等の変化によって変更する可能性があることをご留意ください。

 

なお、当事業年度に係る剰余金の配当は以下のとおりであります。

決議年月日

配当金の総額(百万円)

1株当たり配当額(円)

2026年3月25日

250

6.42

定時株主総会決議（予定）"
248A,株式会社キッズスター,2025-12-31,"３ 【配当政策】

当社は、株主に対する利益還元を経営上の課題の一つと認識しておりますが、当社は現在、成長過程にあるため、事業基盤の整備を優先し、事業の継続的な拡大を行うことが株主価値の最大化に資するとの考えにより、その原資となる資金の確保を優先する方針です。内部留保資金については、事業拡大に向けて、サービスや人材等に継続的に事業投資を実施し、資金を有効活用してまいります。

剰余金の配当を行う場合、年1回の期末配当を基本としておりますが、剰余金の配当等、会社法第459条第1項各号に定める事項について、法令に別段の定めがある場合を除き、株主総会の決議によらず取締役会の決議により定める旨を定款に定めております。なお、現時点における配当実施及び実施時期等は未定ですが、業績や財務の状況、今後の事業成長等を総合的に勘案し、都度、適正な経営判断を行い利益還元を検討してまいります。"
2491,バリューコマース株式会社,2025-12-31,"３【配当政策】

当社では、株主の皆様に対する利益還元を経営の重要な課題の一つとして位置付けております。

これまで配当方針につきましては、将来の成長に向けた投資のための内部留保を確保しつつ、業績に応じた配当を実施することとし、基本目標を連結配当性向30％以上としており、当事業年度においては目標を連結配当性向50％以上としておりました。

2026年度の配当方針につきましては、安定した配当の実施を目指し、基本目標を連結配当性向30％といたしますが、財務の健全性及びフリー・キャッシュ・フローを総合的に勘案した上で実施することといたします。

当社は、中間配当と期末配当の年２回の配当を実施することを基本方針としております。また、会社法第459条第１項の規定に基づき、取締役会の決議をもって剰余金の配当等を行うことができる旨を定款に定めております。

上記方針に基づき、当事業年度の配当につきましては、１株当たり25円の中間配当と１株当たり24円の期末配当を実施いたしました。この結果、当事業年度の連結配当性向は217.6％となりました。

内部留保資金につきましては、財務体質の強化と今後の事業展開のための備えとしております。

なお、当事業年度に係る剰余金の配当は以下のとおりであります。

決議年月日

配当金の総額（百万円）

１株当たり配当額（円）

2025年７月28日

541

25.0

取締役会決議

2026年１月30日

520

24.0

取締役会決議"
2492,株式会社インフォマート,2025-12-31,"３【配当政策】

当社グループは、株主の皆様への利益還元を重要な経営課題と認識しており、経営成績の向上及び財務体質の強化を図りつつ、個別業績に応じた配当（基本配当性向50.0％）を継続的に行うこと、及び中間配当と期末配当の年２回の剰余金の配当を行うことを、配当政策の基本方針としております。

これらの剰余金の配当の決定機関は、期末配当については株主総会、中間配当については取締役会であります。

当連結会計年度の配当につきましては、この配当政策に基づき、株主還元、安定配当の維持を踏まえ総合的に勘案した結果、中間配当は、１株当たり2.23円の配当、期末配当は、１株当たり3.21円の配当を実施することを決定いたしました。

内部留保資金につきましては、顧客ニーズへの対応、顧客利便性の向上及びシステムの安定稼働のために、今後も「BtoBプラットフォーム」のシステム開発及びサーバー等への有効投資を実施してまいります。

今後につきましても、利益配当による株主に対する利益還元を重視してまいります。

当社は、「取締役会の決議によって、毎年６月30日を基準日として、中間配当を行うことができる。」旨を定款に定めております。

 

なお、当連結会計年度に係る剰余金の配当は以下のとおりであります。

決議年月日

配当金の総額（千円）

１株当たり配当額（円）

2025年７月31日

504,831

2.23

取締役会決議

2026年３月25日

726,685

3.21

定時株主総会決議（予定）"
2493,イーサポートリンク株式会社,2025-11-30,"３【配当政策】

当社グループは、株主への利益還元を重要な経営課題のひとつとして位置付け、経営体質の強化と将来の事業展開に必要な内部留保を確保しつつ、安定的な配当を継続的に実施することを基本方針としております。

当期におきましては、本方針に基づき内部留保を拡充しつつ、１株につき年間５円の配当を当期末配当として実施（中間配当は無配）することを決定しました。内部留保資金につきましては、新規の事業開発等に充当いたします。

当連結会計年度に係る剰余金の配当は以下のとおりであります。

 

決議年月日

配当金の総額

（千円）

１株当たり配当額

（円）

2026年２月25日

22,122

5.00

定時株主総会決議

 

今後も同様の方針の下、経営成績及び財政状態等を総合的に勘案しながら、株主への安定的・継続的な利益還元の実施に努めてまいります。

なお、当社は、「取締役会の決議によって、毎年５月31日の最終の株主名簿に記載又は記録された株主又は登録株式質権者に対し、中間配当を行うことができる。」旨を定款に定めており、剰余金の配当の決定機関は、期末配当については株主総会、中間配当については取締役会であります。"
2497,ユナイテッド株式会社,2026-03-31,"３ 【配当政策】

当社では、株主の皆様への利益還元を経営の重要課題の一つと認識し、将来の事業展開と経営体質強化のための内部留保を勘案しつつ、ＤＯＥ５％又は連結配当性向50％のいずれか大きい金額を配当額にする配当政策の実施を基本方針としております。

当連結会計年度におきましては、配当政策に基づき、期末配当金につきましては、１株当たり11.5円（総額430,573千円）の配当を実施する予定です。その結果、2025年11月に実施した中間配当（１株当たり11.5円）と合わせた年間配当は、１株当たり23円（配当金総額861,175千円）となる予定です。

当社は、会社法第454条第５項に規定する中間配当を行うことができる旨を定款で定めており、配当の決定機関は、中間配当は取締役会、期末配当は株主総会であります。

なお、基準日が当事業年度に属する剰余金の配当は、以下のとおりであります。

 













決議年月日



配当金の総額（千円）



１株当たり配当額（円）







2025年11月６日

取締役会決議



430,601



11.5







2026年６月18日

定時株主総会決議（予定）



 430,573



 11.5"
2498,株式会社オリエンタルコンサルタンツホールディングス,2025-09-30,"３【配当政策】

当社グループは、株主に対する長期的に安定した利益還元を経営の重要課題の一つとして認識しております。あわせて、過去の連結業績の推移、今後の連結業績の見通し、配当性向・配当利回り・自己資本比率等の指標などを総合的に勘案して配当を決定することを基本方針としております。配当性向につきましては、40％程度を目安といたします。

なお、当社グループは、各四半期の利益に変動がございますので、中間配当及び四半期配当は実施せず、取締役会決議による年１回の配当としております。
内部留保資金の使途につきましては、今後予想される受注競争の激化や経営環境の変化に耐え、持続的な企業の成長を図るため、研究開発、基盤整備、財務体質の強化に充当し、株主の期待に応えるべく、努めてまいる所存であります。
なお、当社は「会社法第459条第１項各号に定める事項については、法令に別段の定めのある場合を除き、取締役会の決議により定める。」旨を定款に定めております。

上記方針を踏まえ、2025年９月30日を基準日とする配当につきましては、以下のとおりであります。

決議年月日

配当金の総額（千円）

１株当たり配当額（円）

2025年11月14日

1,462,540

240

取締役会

（注）当社は2025年10月１日付で普通株式１株につき２株の割合で株式分割を行っておりますが、2025年９月30日を基準日とする配当につきましては、株式分割前の株式数を基準として配当を実施いたします。"
2499,日本和装ホールディングス株式会社,2025-12-31,"３【配当政策】

当社は、株主尊重の立場から、株主利益を守り継続かつ安定した配当を実施することが経営の重要な要素であると認識しており、配当に対する基本的な考え方としております。内部留保につきましては、経営基盤の安定を図るための財務体質の強化及び今後の事業展開に有効投資してまいりたいと考えております。

当社は、株主の皆さまにいち早く経営成績を還元できるよう、年４回の剰余金の配当を行うことを基本方針としております。

当社は、「剰余金の配当等会社法第459条第１項各号の定める事項については、法令に別段の定めのある場合を除き、株主総会の決議によらず取締役会の決議により定める。」旨を定款に定めております。

この方針に基づき、当事業年度の配当につきましては、第１四半期は１株当たり３円、第２四半期は１株当たり３円、第３四半期は１株当たり３円、期末配当金は１株当たり７円（記念配当２円を含む）とさせていただきました。これにより、当事業年度の年間配当金は１株当たり16円となりました。

（注）基準日が当事業年度に係る剰余金の配当は、以下のとおりであります。

決議年月日

配当金の総額

（千円）

１株当たり配当額

（円）

2025年５月15日

27,196

3

取締役会決議

2025年８月14日

27,196

3

取締役会決議

2025年11月14日

27,196

3

取締役会決議

2026年２月13日

63,459

7

取締役会決議"
2501,サッポロホールディングス株式会社,2025-12-31,"３【配当政策】

当社は、株主の皆様への利益還元は、経営上の重要政策と位置付けており、業績や財務状況を勘案して安定した配当を行うことを基本方針としています。今後の配当水準につきましては、DOE※３%以上を目安に、2030年までにDOE４%以上を目指してまいります。

※DOE＝配当額／親会社の所有者に帰属する持分合計（期首期末平均）

 

当期につきましては、上記の方針どおり業績や財務状況を勘案して、１株当たり90円の配当を予定しております。なお、当社は、中間配当を支払うことができる旨を定款で定めており、2026年12月期から、中間配当、期末配当の年２回の剰余金の配当を行います。これらの剰余金の配当の決定機関は、期末配当につきましては株主総会、中間配当につきましては取締役会であります。

なお、当事業年度に係る剰余金の配当は、以下のとおりであります。

 

決議年月日

配当金の総額（百万円）

１株当たり配当額（円）

2026年３月27日

定時株主総会

（予定）

7,022

90"
2502,アサヒグループホールディングス株式会社,2025-12-31,"３【配当政策】

当社は、取締役会において当社株価の状況を分析・評価し、資本市場との対話を踏まえ、2025年２月に、『中長期経営方針』における主要指標のガイドライン及び財務方針を更新いたしました。財務方針においては、2030年までを目処として、財務健全性を確保しつつ、成長投資を優先する一方で、資本効率の向上や株主還元の充実にも資本を配分することで、企業価値向上を図ることとしております。そのうち株主還元については、より安定的な増配を継続すべく、DOE４％以上を目指した累進配当及び機動的に自己株式の取得を実施する方針としております。当期の期末配当は、連結財務状況等を勘案し、１株当たり26円とし、中間配当の26円と合わせて、年間では３円増配の52円の普通配当を実施いたしました。

次期の配当金は、１株当たり中間配当26円、期末配当31円の年間では５円増配の57円の普通配当となる予定です。

 

当社は、中間配当と期末配当の年２回の剰余金の配当を行うことを基本方針としており、これらの剰余金の配当の決定機関は、期末配当については株主総会、中間配当については取締役会であります。

また、当社は、取締役会の決議によって、毎年６月30日を基準日として、中間配当を行うことができる旨を定款に定めております。

 

基準日が当事業年度に属する剰余金の配当は、以下の通りであります。

決議

配当金の総額

（百万円）

１株当たり配当額

（円）

2025年８月７日

39,084

26.00

取締役会

2026年３月24日

38,034

26.00

定時株主総会

（注）１．2025年８月７日開催取締役会の決議による配当金の総額には、株式報酬制度の信託財産として、株式会社日本カストディ銀行が保有する当社株式に対する配当金５百万円が含まれております。

２．2026年３月24日開催定時株主総会の決議による配当金の総額には、株式報酬制度の信託財産として、株式会社日本カストディ銀行が保有する当社株式に対する配当金５百万円が含まれております。"
2503,キリンホールディングス株式会社,2025-12-31,"３ 【配当政策】

当社は事業への資源配分及び株主還元について以下の通り考えております。

事業への資源配分については、ヘルスサイエンス領域を中心とした成長投資を最優先としながら、既存事業の強化・収益性改善に資する投資を行います。また、将来のキャッシュ・フロー成長を支える無形資産（ブランド・研究開発・ICT・人的資本など）及び新規事業創造への資源配分を安定的かつ継続的に実施します。なお、投資に際しては、グループ全体の資本効率を維持・向上させる観点からの規律を働かせます。株主還元についても、経営における最重要課題の一つと考えており、当期の剰余金の配当につきましては、DOE（連結株主資本配当率）5%以上を目安に基づき、１株につき中間配当37.0円、期末配当37.0円とし、前期に比べ3.0円増配の74.0円とすることを取締役会で決議しました。自己株式の取得については引き続き、追加的株主還元として最適資本構成や市場環境及び投資後の資金余力等を総合的に鑑み、実施の是非を検討していきます。

次期の剰余金の配当につきましては、DOE（連結株主資本配当率）5%以上を目安とし、年間76.0円の配当を予定しております。

なお、当社は会社法第454条第５項に規定する中間配当を行うことができる旨を定款に定めており、毎事業年度における配当は期末と中間の２回行うこととしております。これらの剰余金の配当の決定機関は、期末配当につきましては株主総会、中間配当につきましては取締役会であります。

 

(注) 基準日が当期に属する剰余金の配当に関する取締役会又は株主総会の決議年月日並びに各決議ごとの配当金の総額及び１株当たりの配当額は以下のとおりであります。












取締役会決議日



2025年８月７日





 















配当金の総額



30,035



百万円





 















１株当たり配当額



37.0



円





 














株主総会決議日



2026年３月27日





 















配当金の総額



30,035



百万円





 















１株当たり配当額



37.0



円"
250A,シマダヤ株式会社,2026-03-31,"３ 【配当政策】

当社は、設立以来一貫して当社の置かれている環境や経営基盤の強化と今後の事業展開等を考慮したうえで、株主への安定した利益還元を重要な課題の一つと考えて事業の経営にあたってきました。この基本方針のもと、当社の株主還元方針は、連結配当性向30％～40％を目安とした安定配当を実施することとしております。

また、当社は、中間配当と期末配当の年２回の剰余金の配当を行うことを基本的な方針としております。これらの剰余金の配当の決定機関は、会社法第459条１項の規定に基づき、取締役会である旨を定款に定めております。

当事業年度の配当については、上記の基本方針のもと、１株当たり年間52円（中間配当26円、期末配当26円）といたしました。この結果、当期の配当性向は30.4％となりました。

内部留保金の使途につきましては、中長期の視点に立った経営体質の一層の充実や事業領域の拡大に向けた研究開発体制の強化、生産設備や人的資本の拡充等に、柔軟かつ効果的に投資してまいりたいと考えております。

 

当事業年度に係る剰余金の配当は、以下のとおりであります。













決議年月日



配当金の総額

（千円）



１株当たりの配当額

（円）







2025年11月13日

取締役会決議



395,343



26.00







2026年５月22日

取締役会決議



371,929



26.00"
2531,宝ホールディングス株式会社,2026-03-31,"３【配当政策】

当社は、「宝グループ中期経営計画2025」において、健全な財務体質の維持をベースとして、成長・強化領域への投資を加速するためにグローバルなキャッシュマネジメントを強化するとともに、資産の効率性の向上や、政策保有株式の売却等によりキャッシュ・フローを創出することを財務方針として掲げており、この方針に基づき、利益水準に応じた適切な株主還元（配当性向35％を目途）を実施していくこととしておりました。

また、当社は、年１回の期末配当を行うことを基本方針としており、この剰余金の配当の決定機関は株主総会であります。

当事業年度（第115期）の配当につきましては、上記の株主還元方針に基づき、2026年６月26日開催予定の定時株主総会にて、普通配当29円に創立100周年記念配当２円を加えて、１株当たり31円の配当を決議する予定であります。この結果、連結での配当性向は51.2％を予定しております。

当事業年度に係る剰余金の配当は以下のとおりであります。

決議年月日

配当金の総額

（百万円）

１株当たり配当額

（円）

2026年６月26日

5,979

31.0

定時株主総会決議（予定）

なお、当社は、「宝グループ中期経営計画2030」において、これまでの成長・強化領域への投資効果の獲得により営業キャッシュ・フロー創出力を強化し、既存事業の効率性や新規事業創出に向けた投資を実行するとともに、有利子負債の活用と政策保有株式・ノンコア不動産売却を原資とした株主還元策により資本コストを低減することを財務方針として掲げております。株主還元につきましては、累進配当を導入し、５年累計で総還元性向50％を基本方針といたします。自己株式取得は、成長投資とのバランスを勘案して機動的に実施いたします。

内部留保した資金につきましては、グループ各社の経営基盤の強化と事業収益力の向上のための財務体質の維持ならびに既存事業の効率性や新規事業創出に向けた投資を実行し、グループ全体の企業価値の向上に努めてまいります。"
2533,オエノンホールディングス株式会社,2025-12-31,"３ 【配当政策】

当社は、株主に対する利益還元を最重要政策の一つとして位置づけております。この政策の下、当社の業績、連結決算の状況、中長期的な収益状況、設備投資計画、適正な内部留保額などを総合的に勘案しながら、継続的・安定的な配当を行い、かつ中期的には配当金を漸増させていくことを基本方針としております。

また、当社は、上記方針をもとに年１回の期末配当とし、実施にあたっては、定時株主総会の決議により決定することとしております。

上記方針に基づき、当期の剰余金の配当につきましては、当期の当社及び連結の業績並びに今後の事業展開などを勘案し、令和８年３月23日開催予定の定時株主総会にて、１株当たり11円の普通配当を決議する予定であります。














 



決議年月日



配当金の総額

（百万円）



１株当たり配当額

（円）







 



令和８年３月23日

定時株主総会決議（予定）



625



11"
253A,株式会社ＥＴＳグループ,2025-09-30,"３【配当政策】

当社は株主に対する利益還元を重要な経営課題とし、より安定的な配当実施をすることを株主還元の基本方針としております。他方、会社を取り巻く環境の変化に適宜対応していくことも重要な課題であり、そのバランスを取りつつ、適正な配当を継続すべく心がけております。

当社の剰余金の配当は、中間配当及び期末配当の年２回を基本的な方針としております。配当の決定機関は、中間配当は取締役会、期末配当は株主総会であります。

この基本方針に基づき、2025年９月期につきましては、剰余金の配当を１株当たり17円といたしまた。なお、当社は中間配当を行うことができる旨を定款に定めております。

(注) 基準日が当事業年度に属する剰余金の配当は、以下のとおりであります。

決議年月日

配当金の総額（千円）

１株当たり配当額（円）

2025年12月26日

定時株主総会決議

108,271

17"
2540,養命酒製造株式会社,2026-03-31,"３ 【配当政策】

当社は、株主の皆様への利益還元を経営の重要課題の一つと認識しており、業績の拡大に応じた利益配分を基本としながら安定した配当を継続することを方針としてまいりました。

しかしながら、2026年２月25日公表の「株式会社レノによる当社株式に対する公開買付けに関する賛同及び応募中立の意見表明のお知らせ」のとおり、公開買付者が当社の普通株式に対する本公開買付け及びその後の一連の手続を経て、当社株式を非公開化とすることを企図していること、並びに当社株式が上場廃止となる予定であること、また、同日公表の「特別損失の計上に伴う通期業績予想の修正、期末配当予想の修正（無配）、株主優待制度の廃止及び中期経営計画の取り下げに関するお知らせ」に記載の通り、本公開買付けにおける当社１株当たりの買付け等の価格は2026年３月31日を基準日とする期末の剰余金の配当が行われないことを前提として、総合的に判断・決定されていることから、2026年２月24日開催の取締役会において、2026年３月期の期末配当を行わないことを決議しております。"
254A,ＡＩフュージョンキャピタルグループ株式会社,2026-03-31,"３【配当政策】

当社では、主たる事業である自己投資という事業特性上、投資状況によりキャピタルゲインが大きく見込まれ、想定以上に当社の手元資金が潤沢となる場合においては、企業成長とのバランスを考慮しながら、配当や自社株買いによる株主還元の実施を行うことを基本方針としております。

なお、会社法第454条第５項の規定に基づき、中間配当も行うことができる旨定款に定めております。配当の決定機関は、中間配当は取締役会、期末配当は株主総会であります。

当社の当有価証券報告書提出事業年度について配当の実績・決議の事実はありません。"
2551,マルサンアイ株式会社,2025-09-20,"３ 【配当政策】

当社は、株主の皆様への利益還元を経営の重要課題のひとつと認識すると同時に、1株当たりの連結純利益の向上に努めております。株主様に対する配当金につきましては、安定的に1株当たり30円の方針です。これを基本とし、利益状況等に応じて検討してまいります。
当社は、期末配当にて年１回の剰余金配当を基本方針としております。また、会社法第459条第１項に基づき、取締役会の決議によって、期末配当、中間配当、そのほか基準日を定めて剰余金の配当をすることができる旨を定款に定めております。
以上の方針に基づき、当事業年度の配当につきましては、2025年12月12日開催の定時株主総会において、1株当たり50円とすることを提案させていただく予定であります。
内部留保資金につきましては、主要事業の増産・合理化及び環境対策のための設備投資や広告宣伝、研究開発に有効活用してまいります。
なお、株主優待制度として、３月20日現在及び９月20日現在の100株以上200株未満保有の株主様に1,500円相当、200株以上1,000株未満保有の株主様に3,500円相当、1,000株以上保有の株主様に4,500円相当の新製品を中心とした当社製品詰め合わせ等を進呈いたしております。
又、「マルサンアイ公式オンラインショップ」にて、ご注文の合計金額（税込）より35％割引でご購入いただける割引クーポンを株主優待に同封しております。
なお、当社は「取締役会の決議によって、毎年３月20日を基準日として中間配当をすることができる」旨を定款に定めております。
又、基準日が当事業年度に係る剰余金の配当は、以下のとおりであります。













決議年月日



配当金の総額
（千円）



1株当たりの配当額
（円）







2025年12月12日

定時株主総会決議（予定）



112,064



50"
255A,ジーエルテクノホールディングス株式会社,2026-03-31,"３ 【配当政策】

当社の配当政策につきましては、今後の事業拡大、内部資金確保及び株主各位への長期にわたる安定的な配当を念頭に、財政状況・利益水準・配当性向などを総合的に勘案して実施することを基本方針としております。

また、当社は、株主還元を重要な経営課題の一つと位置づけ、中期経営計画においても将来投資と株主の皆様への還元とのバランスを図ったうえで、連結配当性向目標を30％と設定しております。

上記の方針に基づき、当事業年度における利益配当金につきましては、2026年６月23日開催予定の定時株主総会にて、１株当たり 123円の配当を決議する予定であります。

当社は定款にて中間配当をすることができる旨を定めておりますが、期末日を基準とした年１回の配当を継続し、現在のところ変更の予定はありません。

なお、配当の決定機関は、中間配当は取締役会、期末配当は株主総会であります。

 

(注) 基準日が当事業年度に属する剰余金の配当は、以下のとおりであります。













決議年月日



配当金の総額
(百万円)



１株当たり配当額
(円)







2026年６月23日

定時株主総会決議（予定）



1,602



123"
256A,飛島ホールディングス株式会社,2026-03-31,"３ 【配当政策】

当社は、企業価値向上のための成長投資や財務の健全性とのバランスを考慮し、安定的な株主還元を行うことを基本方針としている。また、配当の指標を自己資本配当率（ＤＯＥ）としており、「中期経営計画（～2027）」では2027年度にＤＯＥ4.0%以上を目標としている。剰余金の配当は、期末配当の年１回を基本的な方針としており、決定機関は株主総会である。

なお、当期（第２期）の配当金については、上記方針を踏まえ、１株当たり105円の配当を2026年６月26日開催予定の定時株主総会で決議して実施する予定である。

また、当社は中間配当を行うことができる旨を定款に定めている。

 

（注）基準日が当事業年度に属する剰余金の配当は、以下のとおりである。













決議年月日



配当金の総額（百万円）



１株当たり配当額（円）







2026年６月26日

定時株主総会決議（予定）



2,018



105.0"
2573,北海道コカ・コーラボトリング株式会社,2025-12-31,"３ 【配当政策】

当社は、株主の皆様への利益還元を経営の重要政策の一つと考え、安定配当の維持を基本としながら、将来の事業展開に備えて内部留保による財務体質の充実につとめ、経営基盤の強化をはかることを利益還元の基本方針としております。

なお、当事業年度の配当につきましては、中間配当は１株当たり15円を実施し、期末配当は１株当たり15円を、2026年３月27日開催予定の定時株主総会で決議して実施する予定であります。これにより、年間配当金は前期と同額の１株当たり30円となる予定であります。

当社は、中間配当と期末配当の年２回の剰余金の配当を行うことを基本方針としており、これらの剰余金の配当の決定機関は、期末配当については株主総会、中間配当については取締役会であります。

当社は、「取締役会の決議により、毎年６月30日を基準日として、中間配当を行うことができる。」旨を定款に定めております。

 

(注) 基準日が当事業年度に属する剰余金の配当は、以下のとおりであります。

 













決議年月日



配当金の総額



１株当たり配当額







（百万円）



（円）







2025年８月７日

取締役会決議



204



15







2026年３月27日

定時株主総会決議（予定）



204



15"
2579,コカ・コーラボトラーズジャパンホールディングス株式会社,2025-12-31,"３【配当政策】

当社は株主還元を最大化すべく、成長機会に向けた財務戦略の柔軟性を維持しつつ、資本構成や配当性向を定期的に見直し、内部留保金は持続的な成長に向けた投資にも活用し、事業の成長とさらなる企業価値の向上を追求してまいります。

配当につきましては、積極的かつ安定的に利益還元することを基本方針とし、業績や成長投資、内部留保を総合的に勘案のうえ、中間配当および期末配当を実施してまいります。中期経営計画「Vision 2030」においては、連結配当性向40％および連結株主資本配当率（DOE）2.5％を実現・継続し、当該期間において累進配当を実施することで、１株当たり年間配当額を毎年、前期比で維持または増額する方針です。

2025年12月期の１株当たり配当金は、中間配当28円および期末配当32円（予定）、年間で60円を予定しております（前期比７円の増加）。また、2026年12月期の１株当たり配当金は、中間配当35円および期末配当37円、年間で72円を予定しております（前期比12円の増加）。

さらに、中期経営計画「Vision 2030」において、2030年までの累計で1,500億円の自己株式取得を行うことを発表しており、2025年11月より300億円の自己株式取得を継続し、株主価値のさらなる向上を図っております。

今後の株主還元につきましては、業績動向や財務状況を総合的に勘案のうえ検討してまいります。

なお、当事業年度に係る配当は以下のとおりであります。

 













決議年月日



配当金の総額
  （百万円）



１株当たり配当額
  （円）







2025年８月１日

取締役会決議



4,864



28







2026年３月26日

定時株主総会決議



5,390



32







（予定）"
2585,株式会社ライフドリンク　カンパニー,2026-03-31,"３【配当政策】

当社は事業発展及び経営基盤強化に向けた内部留保の充実を最優先事項としつつ、株主還元策として安定配当を実施する方針であります。具体的には、１株当たり当期純利益に対する配当性向20％を目安として配当を目指していく方針であります。また、剰余金の配当は、期末配当の年１回を基本方針として、その決定機関は株主総会であります。

このような方針に基づき、当期の利益配当金につきましては、１株につき14円を予定しております。内部留保金につきましては、今後の事業展開及び経営基盤強化のために活用していく予定であります。

なお、当社は、会社法第454条第５項に規定する中間配当を行うことができる旨を定款に定めております。

（注）基準日が当事業年度に属する剰余金の配当は、以下のとおりであります。

決議年月日

配当金の総額

（百万円）

１株当たり配当額

（円）

2026年６月25日

726

14

定時株主総会（予定）"
2586,株式会社フルッタフルッタ,2026-03-31,"３【配当政策】

当社は、創業以来、財務体質の強化及び将来の事業展開に備えるため、配当可能利益を全額内部留保とし、配当を実施しておりません。誠に遺憾ではございますが、当面の間配当による株主への還元は見送ることとしております。

今後、新株予約権の行使等を含めた自己資本の補完と業績が回復し財務体質が強化され、且つ企業規模や収益が安定期に入ったと判断された時点で、経営成績・財政状態を勘案しながら、配当による株主への利益還元に努める所存であります。

なお、当社は剰余金を配当する場合には、期末配当の年１回を基本的な方針としております。配当の決定機関は、株主総会であります。

また、当社は中間配当を取締役会決議にて行うことができる旨を定款に定めております。

なお、当期につきましては無配とさせていただいております。"
2587,サントリー食品インターナショナル株式会社,2025-12-31,"３【配当政策】

当社は、持続的な利益成長と企業価値向上につながる戦略的投資及び設備投資を優先的に実行することが、株主の利益に資すると考えています。加えて、株主への適切な利益還元についても経営における最重要課題の一つとして認識し、安定的な配当の維持と将来に備えた内部留保の充実を念頭におき、業績、今後の資金需要等を総合的に勘案した利益還元に努めます。
具体的には、親会社の所有者に帰属する当期利益に対する連結配当性向40％以上を目安に、利益成長による安定的な増配を目指します。

当社は、中間配当と期末配当の年２回の剰余金の配当を行うことを基本方針としています。

中間配当の基準日は、毎年６月30日と定款に定めています。

当社は、不測の事態の発生により、定時株主総会を開催することが困難な状況となっても株主総会決議を要さずに機動的に剰余金の配当等を行うことを可能とするため、「剰余金の配当等会社法第459条第１項各号に定める事項については、法令に別段の定めのある場合を除き、取締役会の決議によって定めることができる」旨を定款に定めており、株主総会及び取締役会のいずれにおいても配当等について決議することが可能な体制としています。

当事業年度の配当につきましては、１株当たり120円の配当（うち中間配当60円）を実施することを決定しました。

内部留保資金については、上述のとおり、戦略的投資及び設備投資等に充当します。

なお、当事業年度に係る剰余金の配当は以下のとおりです。

決議年月日

配当金の総額

（百万円）

１株当たり配当額

（円）

2025年８月７日

18,539

60

取締役会決議

2026年３月25日

18,539

60

定時株主総会決議

（予定）"
2588,株式会社プレミアムウォーターホールディングス,2026-03-31,"３【配当政策】

当社は、株主への利益還元を重要視しており、配当政策についても重要な経営課題のひとつとして認識しております。剰余金の配当につきましては、内部留保や設備投資等への投資とのバランスを考慮しながら、安定的な増配を継続する方針であります。

  当社は、「会社法第459条第１項各号に定める事項については、法令に別段の定めがある場合を除き、取締役会の決議により定める」旨を定款に定めております。

  内部留保資金につきましては、今後予想される経営環境の変化に対応すべく、市場ニーズに応える商品技術・製造開発体制の強化を図るために有効投資してまいりたいと考えております。

なお当社は、「取締役会の決議により、毎年９月30日現在の株主名簿に記載又は記録された株主又は登録株式質権者に対し、会社法第454条第５項に定める中間配当をすることができる。」旨を定款に定めております。

当期の利益配当金につきましては、中間配当として１株当たり55円、期末配当として１株当たり60円としております。

 

(注)基準日が当事業年度に属する剰余金の配当は、以下のとおりです。














決議年月日



株式の種類



配当金の総額(百万円)



１株当たり配当額(円)







2025年11月10日

取締役会決議



普通株式



1,630



55.00







2026年５月12日

取締役会決議



普通株式



1,289



60.00







Ｂ種種類株式



542



60.00"
2590,ダイドーグループホールディングス株式会社,2026-01-20,"３【配当政策】

当社は、株主の皆様への利益還元を経営上の重要な課題のひとつと認識しております。利益配分につきましては、持続的成長に必要となる内部留保と株主還元のバランスを考慮し、安定的な配当を継続することを基本方針としております。

内部留保資金につきましては、持続的な利益成長・資本効率向上につながる戦略的事業投資に優先的に充当していくことが株主共同の利益に資すると考えております。

当社は、中間配当と期末配当の年2回の剰余金の配当を行うことを基本方針としており、これらの剰余金の配当の決定機関は、期末配当については株主総会、中間配当については取締役会であります。

当社は、「取締役会の決議により、毎年7月20日を基準日として中間配当をすることができる。」旨を定款に定めております。

当事業年度の配当金につきましては、上記方針に基づき、2026年4月15日開催予定の定時株主総会で1株につき15円の期末配当を付議し、中間配当金（1株につき15円）と合わせて年間配当金は、1株につき30円となる見込みであります。当事業年度の連結での配当性向は、1株当たり当期純損失であるため記載を省略いたします。

なお、当事業年度の剰余金の配当は以下のとおりであります。

決議年月日

配当金の総額

（百万円）

1株当たり配当額

（円）

2025年8月27日

477

15

取締役会決議

2026年4月15日

477

15

定時株主総会決議予定

（注）1．2025年8月27日取締役会決議による配当金の総額には、役員向け株式給付信託が保有する当社株式に対する配当金2百万円、信託型従業員持株インセンティブ・プラン（E-Ship®）の従持信託が保有する当社株式に対する配当金0百万円が含まれております。

2．2026年4月15日定時株主総会決議予定の配当金の総額には、役員向け株式給付信託が保有する当社株式に対する配当金2百万円が含まれております。"
2593,株式会社伊藤園,2026-04-30,"３【配当政策】

利益配分につきましては、安定的な利益配分を基本として配当を行ってまいります。

当社は、中間配当と期末配当の年２回の剰余金の配当を行うことを基本方針としており、「当会社は、剰余金の配当等会社法第459条第１項各号に定める事項については、法令に別段の定めがある場合を除き、取締役会の決議によって定めることができる。」旨を定款に定めております。剰余金の配当の決定機関は、当面は従来どおり期末配当（基準日：毎年４月30日）については株主総会、中間配当（基準日：毎年10月31日）については取締役会としております。

当期の期末配当金につきましては、１株当たり普通株式24円、第１種優先株式30円を2026年７月24日開催予定の定時株主総会で決議して実施する予定でおります。これにより、中間配当金（１株当たり普通株式24円、第１種優先株式30円）を加えた年間配当金は、１株当たり普通株式48円、第１種優先株式60円となる予定であります。

内部留保につきましては、企業価値の向上に向けた投資等に活用し、株主の皆様の投資価値の向上に努め、将来の事業展開を通じて積極的に還元してまいります。

当事業年度に係る剰余金の配当は以下のとおりであります。

決議年月日

株式の種類

配当金の総額

（百万円）

１株当たり配当額

（円）

2025年11月27日

取締役会決議

普通株式

第１種優先株式

2,023

927

24

30

2026年７月24日

定時株主総会決議（予定）

普通株式

第１種優先株式

2,023

927

24

30"
2594,キーコーヒー株式会社,2026-03-31,"３ 【配当政策】

当社は、将来の事業展開と企業基盤の強化のために必要な内部留保の確保と株主の皆様への利益還元を両立すべく、安定した配当に努めることを基本方針としております。
当社は会社法第454条第５項の規定により、取締役会の決議によって毎年９月30日を基準日として中間配当を行うことができる旨を定款に定めており、中間配当と期末配当の年２回の配当を行うことを基本方針としております。これらの配当の決定機関は、中間配当は取締役会、期末配当については株主総会であります。

上記の基本方針に基づき、今後の業績見通し等を検討し、先行き予断を許さない状況にありますが、当期の期末配当金につきましては、１株当たり６円を2026年６月26日開催予定の定時株主総会で決議して実施する予定であります。すでに実施済みの中間配当金１株当たり６円と合わせて年間配当金は１株当たり12円となる予定です。

内部留保資金につきましては、長期展望に立って企業体質の強化並びに設備投資等、将来の事業展開に役立てるよう充当していく予定であります。

 

当事業年度に係る剰余金の配当は以下のとおりであります。














 



配当金の総額（百万円）



１株当たり配当額（円）







2025年11月14日



取締役会決議



130



6







2026年６月26日



株主総会決議（予定）



130



6





 


(注) １．2025年11月14日取締役会決議に基づく配当金の総額には、株式給付信託(BBT)が保有する当社株式に対する配当金１百万円が含まれております。

 ２．2026年６月26日株主総会決議に基づく配当金の総額には、株式給付信託(BBT)が保有する当社株式に対する配当金１百万円が含まれております。"
2597,株式会社ユニカフェ,2025-12-31,"３【配当政策】

当社は、株主に対する安定した利益還元の実施を重要な経営課題と認識しております。当社の企業価値の向上を図りつつ、経済情勢や金融情勢、業界動向等を考慮し、当社の企業体質や今後の事業展開等を総合的に勘案した上で、可能な限り増配及び株式分割などの株主還元策を実施してまいります。また、内部留保につきましては、財務体質の強化に加え、収益性と投資効率という観点から、当社として最適な投資活動を行うことで、更なる事業規模の拡大を図るとともに、安定的な経営基盤の確立に努めてまいります。

当社は、中間配当と期末配当の年2回の剰余金の配当を行うことを基本方針としております。これらの剰余金の配当の決定機関は、期末配当については株主総会、中間配当については取締役会であります。
当事業年度の配当につきましては、上記方針に基づき１株当たり10円の配当（うち中間配当－円）を、2026年3月25日開催予定の定時株主総会で決議して実施する予定であります。

当社は、「取締役会の決議により、毎年6月30日を基準日として、中間配当を行うことができる。」旨を定款に定めております。

なお、当事業年度に係る剰余金の配当は以下のとおりであります。

決議年月日

配当金の総額

（千円）

１株当たり配当額

（円）

2026年3月25日

133,830

10

定時株主総会決議

（予定）"
259A,株式会社ケイ・ウノ,2025-09-30,"３【配当政策】

当社は、中長期的な展望に基づく投資を推進し、事業基盤の拡充を図ることにより、株主の皆さまに対する利益配分が重要であると考えております。

当社は、中間配当と期末配当の年２回の剰余金の配当を行うことを基本方針としております。これらの剰余金の配当の決定機関は、期末配当については株主総会、中間配当については取締役会であります。当社は、内部留保資金につきましては、今後予想される経営環境の変化に対応するべく、安定した経営基盤を拡充し、将来に向けた成長戦略を推進する必要があると考えており、内部留保の拡充を優先してきたため近年配当を実施しておりません。今後も収益力向上に努め、株主の皆さまの利益貢献に努めてまいります。"
2602,日清オイリオグループ株式会社,2026-03-31,"３ 【配当政策】

当社は株主の皆様への利益還元を経営上の最重要課題の一つとして認識しております。中期経営計画「Value UpX」における株主還元につきましては、持続的な成長による企業価値の向上とともに、株主の皆様への安定的かつ積極的な利益還元の充実と、資本効率向上の観点から、成長投資、自社の株価水準、財務健全性等とのバランスを取りながら、一層の充実に努めております。

配当につきましては、利益成長の成果を確実に株主の皆様に還元するため、連結配当性向を重要指標としており、「Value UpX」においては、１株当たり配当金は180円を下限としつつ、資産売却などによる一時的な利益を除き、連結配当性向40%を目安に配当を実施することとしております。

この方針のもと、当期の期末配当につきましては、１株につき90円とさせていただく予定であり、中間配当金90円を加えた年間配当金は、１株につき180円となる予定です。

※当社は毎年９月30日を基準日として中間配当をすることができる旨を定款にて定めております。

また、当社は2026年３月31日を基準日、2026年４月１日を効力発生日として、普通株式１株につき３株の割合で株式分割を実施いたしました。これに伴い、「Value UpX」における１株当たり配当金の下限につきましては、従来の180円から60円に変更しております。これらを踏まえ、次期（2027年３月期）の配当金につきましては、株式分割後ベースで１株当たり年間60円（うち中間配当金30円）（分割前ベースでは年間180円）を予定しております。

 

(注)  基準日が当事業年度に属する剰余金の配当は、以下のとおりであります。













決議年月日



配当金総額
（百万円）



１株当たり配当額
（円）







2025年11月７日

取締役会決議



2,836



90.00







2026年６月23日

定時株主総会決議（予定）



2,763



90.00





 


 

■配当金及び配当性向推移




（注）2026年４月１日付で普通株式１株を３株とする株式分割を行っており、１株当たり配当金の推移は株式分割後に換算した金額で表示しております。"
2607,不二製油株式会社,2026-03-31,"３【配当政策】

当社は株主の皆様への利益還元を経営の重要課題の一つとして認識をしております。株主配当につきましては、配当性向30％～40％を目安とし、安定的かつ継続的な配当を実施してまいります。内部留保資金につきましては、企業価値向上のために生産設備投資、新規事業投資及び研究開発投資等の成長投資に活用してまいります。

また、当社は中間配当と期末配当の年２回の剰余金配当を行うことを基本としております。

これらの剰余金の配当の決定機関は、期末配当については株主総会、中間配当については取締役会です。

当事業年度の配当につきましては、上記配当政策に基づき当期は１株につき52円の配当（うち中間配当26円）を実施することを予定しております。

当社は、「会社法第454条第５項の規定に基づき、取締役会の決議により、毎年９月30日を基準日として、中間配当を行うことができる。」旨を定款に定めております。

なお、当事業年度に係る剰余金の配当は以下のとおりです。期末配当に関する配当金の総額2,241百万円及び１株当たり配当額26円につきましては、2026年６月23日開催予定の定時株主総会の決議事項となっております。

決議年月日

配当金の総額

（百万円）

１株当たり配当額

（円）

2025年11月11日

2,241

26.00

取締役会決議

2026年６月23日

2,241

26.00

定時株主総会決議（予定）"
2612,かどや製油株式会社,2026-03-31,"３【配当政策】

当社は、株主の皆様への利益還元を経営の重点政策の一つとして位置付けており、剰余金配当は、「連結の親会社株主に帰属する当期純利益の40％」または「連結株主資本配当率（ＤＯＥ）3.5％」のいずれか高い方を目処とし、継続した配当を行えるよう努力してまいります。

なお、当社は、期末配当の年１回の剰余金の配当を行うことを基本方針としており、剰余金の配当の決定機関は株主総会であります。

当事業年度の配当につきましては、基本方針に基づき、１株当たり137円の配当を実施することを予定しております。

この場合の、配当性向は46.3％（連結）となります。

内部留保資金につきましては、将来の事業拡大を見据えた企業体質の強化と、事業基盤の拡大に備えるために有効投資してまいりたいと考えております。

また、当社は、取締役会の決議により、毎年９月30日を基準日として、中間配当をすることができる旨を定款に定めております。

なお、当事業年度の剰余金の配当は以下のとおりであります。

決議年月日

配当金の総額（百万円）

１株当たりの配当額（円）

2026年６月25日

1,262

137

定時株主総会決議（予定）"
2613,株式会社Ｊ－オイルミルズ,2026-03-31,"３ 【配当政策】

当社の剰余金の配当は、中間配当および期末配当の年２回行うことを基本的な方針としており、取締役会の決議をもって剰余金の配当を行うことができる旨を定款に定めております。

当事業年度の剰余金の配当につきましては、連結配当性向40％を目安としつつ連結業績も考慮し、１株につき普通配当70円（うち中間配当35円）としております。

内部留保資金の使途につきましては、収益体質や経営基盤の強化を目指し、企業価値の向上に資する投資資金へと有効に活用していくこととしております。また、株主還元につきましては、連結配当性向40％を目安としつつ、短期的な業績変動に左右されない安定配当を継続するため、中期的に純資産配当率（DOE）３％を目標とし、株主還元の充実と企業価値向上の両立を図ってまいります。

 

（注）基準日が当事業年度に属する剰余金の配当は、次のとおりであります。













決議年月日



配当金の総額(百万円)



１株当たり配当額(円)







2025年11月５日



1,166



35.00







取締役会決議







2026年５月11日



1,166



35.00







取締役会決議"
261A,株式会社日水コン,2025-12-31,"３【配当政策】

連結配当性向50％程度を目安に安定的な配当を目指します。

当社の剰余金の配当は、中間配当及び期末配当の年２回を基本的な方針とし、2025年12月期より実施しております。また、会社法第459条第１項各号に基づき、法令に別段の定めがある場合を除き、株主総会の決議によらず取締役会の決議により配当を行うことができる旨を定款に定めております。

当社は、中長期的に企業価値を高めるとともに、株主の皆さまに利益を還元していくことを重要な経営課題の一つとして位置付けております。成長投資と財務基盤の維持のバランスに配慮し、安定的な配当の継続に加え、自己資本比率の推移を踏まえた株主還元を検討していきます。

上記の基本方針のもと、当事業年度の１株当たりの配当金につきましては74円（うち32円は中間配当金）といたしました。

内部留保資金につきましては、企業買収、優秀な人材の獲得、成長分野への有効的な投資及び財務体質の強化等に有効に活用し、継続的な成長を堅持していく所存です。

 

なお、基準日が当事業年度に属する剰余金の配当は、以下のとおりであります。

決議年月日

配当金の総額

（千円）

１株当たり配当額

（円）

2025年８月14日

379,712

32

取締役会決議

2026年２月13日

498,372

42

取締役会決議"
262A,株式会社インターメスティック,2025-12-31,"３ 【配当政策】

当社は、株主の皆様に対する利益還元を経営の重要施策として位置づけ、経営基盤の強化並びに堅固な財務体質の構築を目指しております。

剰余金の配当に関しましては、長期的な視野に立ち、安定的かつ継続的な配当を行っていくことを基本方針とし、各決算期の業績や配当性向、経営環境等を総合的に判断し決定いたします。剰余金の配当をする場合は、期末配当の年１回を基本方針としており、当該剰余金の配当の決定機関は株主総会であります。なお、当社は定款において、取締役会の決議によって、毎年６月30日を基準日として、配当を行うことができる旨を定めております。

また、内部留保につきましては、将来の営業範囲の拡大、事業展開に向けた設備投資等、企業の成長に必要な資金需要に備えつつ、余剰資金につきましては、各種リスクと収益のバランスを勘案し効率的な運用を検討しながら、株主価値向上に努めてまいります。

なお、基準日が当事業年度に属する剰余金の配当については上記配当方針に則り、以下のとおりであります。













決議年月日



配当金の総額(百万円)



１株当たり配当額(円)







2026年３月26日

定時株主総会決議（予定）



1,346



44.00"
263A,株式会社デジタルキューブ,2026-03-31,"３【配当政策】

当社は、剰余金の配当の回数について原則として株主総会を決議機関とする期末配当の年1回を基本方針としております。当社では、株主の皆様への利益還元を重要な経営課題として認識しております。

当社の剰余金の配当につきましては、期末配当は株主総会が、中間配当は取締役会が決定機関となっております。中間配当につきましては、取締役会の決議によって、毎年9月30日を基準日として中間配当をすることができる旨を定款に定めております。

なお、当事業年度の配当につきましては、内部留保資金の確保のため実施しておりません。内部留保資金につきましては、企業体質強化、将来の事業展開のための資金等に充当してまいります。"
264A,株式会社Ｓｃｈｏｏ,2025-09-30,"３【配当政策】

当社は、財務体質の強化及び収益基盤の多様化や収益力強化のために必要な内部留保を確保することを最優先としつつ、配当を実施していくことを基本方針としております。

内部留保資金につきましては、今後の成長に資する人員の採用や広告宣伝に係る支出に有効活用していく方針です。一方で、株主に対する安定的な利益還元の実施は重要な経営課題であると認識しており、今後の利益配分につきましては、業績動向を考慮しながら、将来の事業拡大や収益の向上を図るための資金需要や財務状態を総合的に勘案し、配当のほか、自己株式の取得についても機動的な資本政策の一環として適切に実施していく方針であります。また、現在当社は成長過程にあると認識しており、事業上獲得した内部留保資金については事業拡大のための成長投資に充当することを優先し、当事業年度の剰余金の配当につきましては、無配当としております。

自己株式の取得につきましては、当事業年度において自己株式186,000株（取得総額138,453千円）を取得いたしました。

今後の具体的な実施の可能性や時期については未定でありますが、株主価値の向上を常に意識し、検討を進めてまいります。

なお、当社は、中間配当と期末配当の年２回の剰余金の配当を行うことを基本方針としております。期末配当の基準日を９月30日、中間配当の基準日を３月31日としており、会社法第459条第１項各号に定める事項について、法令に別段の定めのある場合を除き、取締役会の決議によって定めることができる旨を定款に定めております。"
2652,株式会社まんだらけ,2025-09-30,"３ 【配当政策】

当社は、株主各位への利益還元を最重要な経営課題のひとつと認識しており、企業価値の最大化に向け、財務体質の強化と積極的な事業展開に備えた資金を確保しつつ、経営成績および財政状況に応じて安定した配当を継続していくことを基本方針としております。

当社の剰余金の配当は、中間配当及び期末配当の年２回を基本的な方針としております。配当の決定機関は、中間配当は取締役会、期末配当は株主総会であります。

当事業年度の剰余金の配当につきましては、当期業績は店頭販売、Web通信販売ともに売上の伸びを堅持しておりますものの、次期以降も懸念される世界的な経済環境の先行き不透明感を背景として、今後の投資活動に向けた内部留保を考慮しながらも、株主各位への安定した利益還元を重視し、１株につき普通配当１円00銭といたしました。

内部留保につきましては財務体質強化と収益性の向上に向け、当社において最も効果的な投資活動を適切に判断、推進することにより、一層の事業拡大を図り、安定した経営基盤確保に努めてまいります。

なお、当社は「取締役会の決議によって、毎年３月31日を基準日として、中間配当を行うことができる。」旨を定款に定めております。

 

(注) 基準日が当事業年度に属する剰余金の配当は、以下のとおりであります。













決議年月日



配当金の総額
(千円)



１株当たり配当額
(円)







2025年12月19日

定時株主総会決議



32,395



1.00"
2653,イオン九州株式会社,2026-02-28,"３【配当政策】

① 中長期的な基本方針

当社は、中長期的な成長を目指し、企業の価値向上と利益配分のバランスの最適化を図ることを重要政策と位置づけ、経営成績を反映させた配当性向の目安を30％に置き、株主の皆さまへの安定的な利益還元を図るとともに、更なる利益成長に努めてまいります。

 

② 2026年２月期の利益配分及び株主配当金の支払い開始日について

当期の配当につきましては、2025年10月31日に中間配当として１株当たり20円を実施しております。期末配当におきましては、１株当たり普通配当30円を実施させていただきます。これにより2026年２月期の年間配当金は、中間配当と合わせて１株当たり50円となります。

配当金のお支払は2026年４月28日（火）からとさせていただきます。

なお、当社は「会社法第459条第１項の規定に基づき、取締役会の決議をもって剰余金の配当を行うことができる」旨を定款第36条に定めております。

 

決議年月日

配当金の総額

（百万円）

１株当たりの配当額

（円）

2025年10月14日

695

20

取締役会

2026年４月９日

1,042

30

取締役会"
2654,株式会社アスモ,2026-03-31,"３ 【配当政策】

当社は、株主の皆様に対する適切な利益の還元を経営の重要課題の一つとして位置付けております。従いまして、利益配当につきましては、再投資のための内部留保資金の確保と安定的な配当を行うことを念頭に置きながら、財政状態、利益水準及び配当性向等を総合的に検討することとしております。

当社の剰余金の配当は、中間配当と期末配当の年２回を基本とし、「期末配当の基準日は毎年３月31日・中間配当の基準日は毎年９月30日とするほか、基準日を定めて剰余金の配当をすることができる。」旨及び「当会社は、剰余金の配当等会社法第459条第１項各号に定める事項については、法令に別段の定めのある場合を除き、株主総会の決議によらず取締役会の決議により定める。」旨、定款に定めております。

当事業年度の配当につきましては、上記方針に基づき期末配当を１株当たり10円の配当を実施することを決定しました。

内部留保資金につきましては、財務体質の健全性を確保しつつ、成長機会獲得のため投資や資本効率を意識した資本政策などに活用してまいります。

なお、当事業年度に係る剰余金の配当は以下のとおりであります。

 













決議年月日



配当金の総額
(千円)



１株当たり配当額
(円)







2026年４月28日

取締役会決議



134,644



10"
2656,株式会社ベクターホールディングス,2026-03-31,"３ 【配当政策】

当社では、企業価値（株主価値）の向上を図り、可能な限り株主の皆様への利益還元を増大させていくことが経営の重要課題であると認識しております。配当金につきましては、業績動向、財務状況、新規事業計画等を見ながら、一方で企業体質の強化及び今後の事業展開に備えるための内部留保の必要性を勘案し決定することを基本方針としております。
当社の剰余金の配当は、中間配当及び期末配当の年２回実施することとしております。配当の決定機関は、中間配当は取締役会、期末配当は株主総会であります。なお、当社は定款に中間配当をすることができる旨定めておりますが、実施したことはありません。
当期の剰余金の配当につきましては、業績の向上に鋭意努めてまいりましたが、「第２ 事業の状況 ４ 経営者による財政状態、経営成績及びキャッシュ・フローの状況の分析 (経営成績等の状況の概要)(1)業績」に記載しておりますとおり、当社を取り巻く環境、当期の業績を勘案いたしまして、無配とさせていただきたく存じます。
株主の皆様には、誠に申し訳ございませんが、ご了承賜りますようお願い申し上げます。引き続き業績の向上に全社をあげて対処し、早期に復配できますように努力してまいります。"
2659,株式会社サンエー,2026-02-28,"３ 【配当政策】

当社は、株主の皆様への適切な利益還元を経営の重要課題であると認識し、中長期的に収益性及び財務体質の強化を図るとともに、経済情勢、業界の動向、業績の進展状況等に応じて、株主の皆様に安定的な利益還元を継続して行うことを基本方針としております。

当社は、期末配当の年１回の剰余金の配当を行うことを基本方針としております。

また、定款において、毎年８月31日を基準として、取締役会の決議をもって、株主又は登録株式質権者に対し、中間配当金として剰余金の配当を行うことができる旨を定めております。

配当の決定機関は、中間配当につきましては取締役会、期末配当につきましては株主総会であります。

この方針に基づき、当事業年度の配当金につきましては、普通配当は１株当たり、125円00銭(年間)で決議する予定であります。この結果、当事業年度の配当性向は86.2％となる予定であります。

翌事業年度の配当金につきましては、１株当たり普通配当110円00銭(年間)を予定しております。

内部留保資金につきましては、業界内の競争に対処すべく新規出店及び既存店の活性化の投資資金、ＩＴ関連投資資金等に充当し、更なる業績の向上と企業体質の強化を図るために有効投資をしてまいりたいと考えております。

なお、当事業年度に係る剰余金の配当は以下のとおりであります。

 













決議年月日



配当金の総額
(百万円)



１株当たり配当額
(円)







2026年５月26日

定時株主総会決議予定



7,730



125"
265A,Ｈｍｃｏｍｍ株式会社,2025-12-31,"３【配当政策】

当社は、株主に対する利益還元も経営の重要課題であると認識しております。今後の配当政策の基本方針としましては、収益力の強化や事業基盤の整備を実施しつつ、内部留保の充実状況及び企業を取り巻く事業環境を勘案したうえで、株主に対して安定的かつ継続的な利益還元を実施する方針であります。また、内部留保資金につきましては、事業の効率化と事業拡大のための投資等に充当し、事業基盤の確立・強化を図っていく予定であります。将来的には、内部留保の充実状況及び企業を取り巻く事業環境を勘案し、利益還元を行うことを検討してまいりますが、現時点において配当実施の可能性及びその実施時期等については未定であります。当事業年度の配当につきましては、財務体質の強化と事業拡大のための内部留保の充実等を図るため、配当を実施しておりません。

なお、剰余金の配当を行う場合には、年１回の期末配当を基本としており、その決定機関は株主総会であります。また、取締役会の決議によって毎年６月30日を基準日として中間配当をすることができる旨を定款に定めております。"
2664,株式会社カワチ薬品,2026-03-15,"３【配当政策】

当社は株主への利益還元を最重要経営課題として位置づけるとともに、将来の事業展開を勘案し、経営基盤の充実・強化による安定した成長を確保するために必要な内部留保を図りながら、累進配当を継続して行うことを基本方針としております。

当事業年度におきましては、2026年６月11日開催予定の第59回定時株主総会において、１株につき80円の普通配当に創業65周年記念配当20円を加え、合計100円とすることを決議する予定でおります。

また、当社はこれまで株主総会の決議による年１回の期末配当を基本方針としておりましたが、中長期的な株式価値向上と株主の皆様への利益還元の機会を充実させるため、2026年４月28日発表の「中間配当の実施及び配当予想に関するお知らせ」のとおり、2027年３月期より中間配当、期末配当の年２回の剰余金の配当を行うことといたしました。これらの剰余金の配当の決定機関は、期末配当については株主総会、中間配当については取締役会であります。

当社は、取締役会の決議により、毎年９月15日を基準日として中間配当を行うことができる旨を定款に定めております。

内部留保資金につきましては、店舗の新設、改装及びシステム投資等の資金として充当する方針であります。

なお、当事業年度に係る剰余金の配当は以下のとおりであります。

決議年月日

配当金の総額（百万円）

１株当たり配当額（円）

2026年６月11日

定時株主総会決議

（予定）

2,233

100"
2666,株式会社　オートウェーブ,2026-03-31,"３【配当政策】

当社は、利益配分につきましては、株主の皆様への利益還元を経営上の最重要課題のひとつと考え、株主への安定的かつ継続的な配当による株主還元と、財務体質の強化および今後の事業展開とのバランスを考慮した上で、業績に応じた利益配分を行うことを基本方針としております。

当社は、中間配当と期末配当の年２回の剰余金の配当を行うことを基本方針としております。

これらの剰余金の配当の決定機関は、期末配当については株主総会、中間配当については取締役会であります。

当事業年度の配当につきましては、上記方針に基づき当期は１株当たり４円の配当を実施することを決定いたしました。この結果、当事業年度の配当性向は13.09％となりました。

当社は、「取締役会の決議により、毎年９月30日を基準日として、中間配当を行うことができる。」旨を定款に定めております。

なお、当事業年度に係る剰余金の配当は以下のとおりです。

 

決議年月日

配当金の総額
（千円）

１株当たり配当額
（円）

2026年６月26日
定時株主総会決議

57,803

4"
2667,株式会社イメージワン,2025-09-30,"３ 【配当政策】

当社は、株主の皆様への長期安定的な配当を維持しながら適正な利益分配に努めることを経営の最重要課題の一つと位置づけております。復配の早期実現に向け、一層の事業収益力の強化及び財務体質改善等の経営基盤の強化を図ってまいります。

当社は、年１回の期末配当を行うことを基本方針としており、その剰余金の配当の決定機関は、株主総会であります。

また「取締役会の決議によって、毎年３月31日を基準日として中間配当をすることができる」旨を定款に定めております。"
2668,タビオ株式会社,2026-02-28,"３ 【配当政策】

当社は、安定した配当を継続的に実施することを基本に、当該期及び今後の業績・財政状態や今後の事業展開等を総合的に勘案して、決定する方針を採っております。

第49期(2026年２月期)の剰余金の配当につきましては、当期の業績が減収増益であったこと及び今後の事業展開等を総合的に勘案して、１株につき30円を2026年５月21日開催予定の定時株主総会で決議して実施する予定であります。
当社の剰余金の配当の決定機関は、期末配当については株主総会、中間配当については取締役会であり、期末配当の年１回を基本的な方針としております。

内部留保資金につきましては、今後の事業展開に向けた財務体質の強化を図りつつ、強固な事業基盤の構築に向けた戦略的投資を行い、当社グループの競争力を向上させることによって、収益力の拡大を目指し、１株当たり当期純利益額増に繋げていく所存です。

なお、当社は、中間配当を行うことができる旨を定めております。

(注) 基準日が当事業年度に属する剰余金の配当は、以下の通りであります。













決議年月日



配当金の総額
(千円)



１株当たり配当額
(円)







2026年５月21日

定時株主総会決議（予定）



203,395



30"
2669,カネ美食品株式会社,2026-02-28,"３【配当政策】

当社の利益配分に関する基本方針は、業績に対応した成果の配分を行うことを基本とし、併せて企業体質の一層の強化と今後の事業展開に備えるための内部留保の充実などを勘案して決定する方針を採っております。

この基本方針に基づき、剰余金の配当については、継続的な配当の実施を目指すことを基本的なスタンスとしていく所存であります。

また、当社は、中間配当及び期末配当の年２回の配当を実施することを原則とした上で、中間配当については、半期における業績及び通期の見通し等を総合的に勘案し、配当を実施するかどうかを決定することとしております。

これらの剰余金の配当の決定機関は、期末配当については株主総会、中間配当については取締役会であります。

以上の基本方針に基づき、当期第55期（2026年２月期）においては、１株につき38円の配当（中間配当金19円・期末配当金19円）を実施することを予定しております。

また、内部留保資金については、今後の事業展開を図るために有効活用し、さらなる業容拡大に努めてまいりたいと考えております。

なお、当社は、「取締役会の決議により、毎年８月31日の株主名簿に記載又は記録された株主若しくは登録株式質権者に対し、中間配当を行うことができる。」旨を定款に定めております。

当事業年度に係る剰余金の配当は以下のとおりであります。

決議年月日

配当金の総額

（千円）

１株当たり配当額

（円）

2025年10月10日

179,882

19.00

取締役会決議

2026年５月26日

179,880

19.00

定時株主総会決議（予定）

（注）2025年10月10日取締役会決議及び2026年５月26日定時株主総会決議予定の配当金の総額には、「株式給付信託（ＢＢＴ）」に残存する自社の株式に対する配当金がそれぞれ21千円、15千円含まれております。"
2670,株式会社エービーシー・マート,2026-02-28,"３ 【配当政策】

当社は、株主の皆様への利益還元を重要政策と位置付け、収益性の向上や財務体質の強化を図りながら、業績を加味した利益還元を実施していくことを基本方針としております。また、当社は、中間配当と期末配当の年２回の剰余金の配当を行うことを基本方針としております。これらの剰余金の配当の決定機関は、期末配当については株主総会、中間配当については取締役会であります。

この基本方針に基づき、当事業年度の剰余金の配当につきましては、中間配当は１株当たり普通配当35円を実施し、期末配当は１株当たり普通配当40円を、2026年５月26日開催予定の第41回定時株主総会で決議して実施する予定であります。これにより、2026年２月期の年間配当は１株当たり75円を予定しております。

内部留保金につきましては、販売体制を強化するためのITを含めた設備投資や店舗用不動産の投資、海外事業の拡大への投資、また将来の企業買収や企業提携などの資金需要に充当していく所存であります。

なお、当社は、「取締役会の決議によって、毎年８月31日の最終の株主名簿に記載又は記録された株主又は登録株式質権者に対し、会社法第454条第５項に定める剰余金の配当(以下「中間配当金」)をすることができる。」旨を定款に定めております。

 

（注） 基準日が当事業年度に属する剰余金の配当は、以下のとおりであります。

 













決議年月日



配当金の総額

(百万円)



１株当たり配当額

(円)







2025年10月８日

取締役会決議



8,666



35.00







2026年５月26日

定時株主総会決議（予定）



9,904



40.00"
2673,夢みつけ隊株式会社,2026-03-31,"３ 【配当政策】

当社は、企業価値の向上を目標としつつ、当該年度の収益状況に応じた利益配分と、内部留保の充実による財務体質の強化の両面から、総合的に株主利益の向上を図ることを基本方針としております。

これらの剰余金の配当の決定機関は、期末配当については株主総会、中間配当については取締役会であります。

抜本的な構造改革により、安定的に利益が確保できる体制を確実なものとし、早期の復配を目指す所存でありますので、当事業年度につきましては、誠に遺憾ではありますが、中間配当とともに期末配当を無配とさせていただきます。

なお、当社は中間配当を行うことができる旨を定款に定めております。"
2674,株式会社ハードオフコーポレーション,2026-03-31,"３【配当政策】

当社は、「株主の皆様への利益還元」を重要な経営方針のひとつとして位置づけ、１株当たりの利益や自己資本利益率（ＲＯＥ）、キャッシュ・フローを向上させ、企業価値を高めるための積極的な事業展開を推進することにより経営基盤や財務体質の強化をはかり、ＤＯＥ（連結純資産配当率）６％程度を目安に業績に裏付けされた安定的な配当を実施していく方針であります。

当社の剰余金の配当は、期末配当として年１回を基本的な方針としております。配当の決定機関は株主総会であります。

以上を踏まえ、当事業年度の期末配当につきましては普通配当金を１株につき85円といたしました。

次期の期末配当につきましては、普通配当金として１株につき92円を予定しております。

内部留保資金につきましては、業績の向上と経営効率の改善により安定的な蓄積に努め、今後の人財確保と育成および新設店舗への投資や新規事業分野の展開等に備えるために活用してまいります。

なお、当社は取締役会の決議により、会社法第454条第５項に規定する中間配当をすることができる旨を定款で定めております。

 

（注）基準日が当事業年度に属する剰余金の配当は、以下のとおりであります。

決議年月日

配当金の総額

(千円)

１株当たり配当額

(円)

2026年６月24日

1,182,615

85.00

定時株主総会決議（予定）"
2676,高千穂交易株式会社,2026-03-31,"３【配当政策】

(1）利益配分に関する基本方針

当社は、株主の皆様に対する利益還元を経営の重要な課題と位置づけております。

中期経営計画2025–2027の資本政策では、「成長投資と株主還元の両立」を基本方針としています。2026年３月期は配当性向100％を継続し、2027年３月期以降は累進配当制を採用し、現状の配当額を増額もしくは維持していく方針です。

加えて、将来の成長に向けた投資に注力し、内部留保を事業拡大に活用してまいります。

当社は、「取締役会の決議により、毎年９月30日を基準日として、中間配当を行うことができる。」旨を定款に定めております。剰余金の配当は、９月30日、３月31日を基準日とする年２回の配当を基本的な方針としており、配当の決定機関は、中間配当は取締役会、期末配当は株主総会であります。

(2）当期・次期の配当

当期末の配当金につきましては、当期業績が「第２ 事業の状況」（４ 経営者による財政状態、経営成績及びキャッシュ・フローの状況の分析 (1）経営成績等の状況の概要）に記載の結果となりました。中間配当は34.5円を実施しておりますので、期末配当は配当性向100％とする当社の株主還元方針に則り１株当たり41.5円を実施する予定としており、通期では１株当たり76.0円となる予定であります。

次期につきましては、累進配当制の採用により、中間配当を１株当たり34.0円、期末配当を１株当たり42.0

円、合計して年間配当金は１株当たり76.0円を予定しております。

 

（注） 基準日が当事業年度に属する剰余金の配当は、以下のとおりであります。

決議年月日

配当金の総額

（千円）

１株当たり配当額

（円）

2025年11月５日

645,628

34円50銭

取締役会決議

2026年６月23日

776,624

41円50銭

定時株主総会決議（予定）"
2678,アスクル株式会社,2026-05-20,"３ 【配当政策】

当社の利益配分は、健全なキャッシュ・フローと安定した財務体質を維持しつつ、中長期的な企業価値向上のための成長投資原資としての内部留保を確保するとともに、株主還元の充実と資本効率の向上を図るため、総還元性向の目標を45％と定め、安定的な株主配当と計画的な自己株式取得を実施してまいります。

当社の毎事業年度における配当の回数については、株主の皆様のご要望にお応えし株主還元の充実を図るべく、年２回を基本的な方針としております。

また、当社は定款に「当会社は、剰余金の配当等会社法第459条第1項各号に定める事項については、法令に別段の定めがある場合を除き、取締役会の決議によって定めることができる。」旨を定めておりますが、剰余金の配当の決定機関については、期末配当は株主総会および取締役会、中間配当は取締役会としております。

当事業年度につきましては、2025年10月19日に発生したランサムウェア攻撃に伴うシステム障害による一時的な業績への影響と売上高回復に向けた資金投下等を鑑み、中間配当につきましては無配とさせていただきました。期末配当につきましては、当該システム障害の影響により、親会社株主に帰属する当期純損失となりましたが、2027年５月期の業績回復見通しおよび当社の株主還元方針・財務状況を勘案し、１株当たり10円を実施させていただく予定です。

当事業年度に係る剰余金の配当は以下のとおりであります。

 













決議年月日



配当金の総額
（百万円）



１株当たり配当額
（円）







2026年８月６日（予定）

定時株主総会決議（注）



895



10





 


（注）2026年５月20日を基準日とする期末配当であり、2026年８月６日開催予定の定時株主総会の議案（決議事項）として提案しております。年間配当金は１株当たり金10円となり、前事業年度から28円減配となる予定です。"
2681,株式会社ゲオホールディングス,2026-03-31,"３【配当政策】

当社は、株主に対する利益還元を経営の重点課題の１つと認識し、安定的な経営基盤の確保と利益率の向上に努めるとともに、業績に応じた配当を行うことを基本方針としており、中間配当と期末配当の年２回の剰余金の配当を行っております。

これらの剰余金の配当決定機関は、期末配当につきましては株主総会、中間配当につきましては取締役会であります。

以上の基本方針に基づき、当期は中間配当金として１株当たり17円、期末配当金として17円の配当を実施することを予定しております。

内部留保金につきましては、今後予想される経営環境の変化に対応すべく、今まで以上にコスト競争力を高め、さらには、グローバル戦略の展開を図るために有効投資してまいりたいと考えております。

当社は、「取締役会の決議によって、毎年９月30日を基準日として中間配当をすることができる。」旨を定款に定めております。

また、当社は連結配当規制適用会社であります。

なお、当事業年度に係る剰余金の配当は以下のとおりであります。

 

 決議年月日

配当金の総額

（百万円）

１株当たり配当額

（円）

2025年11月７日

676

17

取締役会

2026年６月26日

676

17

定時株主総会決議（予定）"
2683,株式会社魚喜,2026-02-28,"３ 【配当政策】

当社は株主に対する利益還元を経営の重要課題の一つとして認識しております。その一環として、安定的な経営基盤の確保と株主資本利益率の向上に努めるとともに、経営上可能な限り最大の範囲で配当を行うことを基本方針としております。

当社は、会社法第459条の規定に基づき、取締役会の決議によって剰余金の配当を行うことができる旨を定款に定めております。

内部留保金につきましては、既存店の改装、増床の店舗に対する設備投資資金として活用していく方針であります。

当事業年度の期末配当につきましては、１株当たり普通配当10円の配当を実施することにいたしました。この結果、当事業年度の配当性向は52.79％となりました。

なお、当社は中間配当を行うことができる旨を定款に定めております。

また、当事業年度に係る剰余金の配当は以下のとおりであります。

 













決議年月日



配当金の総額
(千円)



１株当たり配当額

(円)







2026年４月９日

取締役会決議



25,186



10"
2685,株式会社アンドエスティＨＤ,2026-02-28,"３ 【配当政策】

当社は株主の皆様への還元につきまして、配当は連結配当性向30％を基準に実施することを基本方針とし、１株当たり配当金額の安定性にも配慮しつつ、都度決定することとしております。また、当事業年度より新たにDOE4.5％を下限として基本方針に追加いたしました。

剰余金の配当につきましては、中間配当及び期末配当の年２回行うことを基本方針としております。これらの剰余金の配当の決定機関は取締役会です。

当事業年度の期末配当金につきましては、１株当たり45円といたしました。この結果、中間配当金の１株当たり45円と合わせ、年間配当は前年実績と同額の１株当たり90円となります。なお、2027年２月期の年間配当金額は１株あたり90円を予定しています。

内部留保資金につきましては、お客様、株主の皆様、お取引先や従業員の満足の総合的な最大化を目指し、成長戦略の実現に必要な投資を行い、長期的な企業価値（株主価値）の向上並びに経営基盤の強化を図ります。投資と利益配分を実施した上で、さらに長期にわたり留保された余剰資金については、機動的に株主の皆様に還元してまいります。また、自己株式の取得につきましては、株価の動向や財務状況等を考慮しながら適切且つ機動的に対応していく方針です。

当社は、「会社法第459条第１項の規定に基づき、取締役会の決議をもって剰余金等の配当を行うことが出来る。」旨を定款に定めております。

 

当事業年度の配当につきましては、上記方針に基づいて以下のとおりとなっております。













決議年月日



配当金の総額
(百万円)



１株当たり配当額
(円)







2025年９月30日

取締役会決議



2,105



45







2026年４月６日

取締役会決議



2,105



45"
2686,株式会社ジーフット,2026-02-28,"３【配当政策】

当社は、株主の皆さまに対する利益還元を経営の重点施策の一つと認識しております。株主の皆さまへの適正な利益配分を実施するとともに、事業拡大や生産性向上を実現するための内部留保資金の確保を行い、企業競争力を高めることを基本方針としております。

当社は、会社法第459条第１項各号に定める剰余金の配当及び自己株式の取得等については、法令に別段の定めがある場合を除き、株主総会の決議によらず取締役会の決議により行うことができる旨定款に定めております。

当期末の配当につきましては、32億57百万円の当期純損失のため、誠に遺憾ながら無配とさせていただきます。

内部留保資金につきましては、今後の店舗新設に係る開店費用に充当するとともに、既存店の改装、システム投資の資金に活用し、事業拡大を図ってまいります。"
2687,株式会社シー・ヴイ・エス・ベイエリア,2026-02-28,"３【配当政策】

剰余金の配当等の決定に関する方針

当社は、会社法第459条第１項及び第460条第１項に基づき、剰余金の配当を取締役会の決議により行う旨の定款規定を設けております。また、当社は、中間配当を行うことができる旨を定款に定めております。

 

(1）剰余金の配当等に関する中長期的な方針

当社は、これまで株主に対する利益の還元を経営上重要な施策の一つとして認識し、将来における安定的な企業成長と経営環境の変化に対応するために必要な内部留保の充実を考慮した上で、剰余金の配当や自己株式の取得を実施してまいりました。

なかでも、剰余金の配当につきましては、株主のみなさまへ安定配当を行うことを基本とし、各事業年度の業績、財務体質の強化、今後のグループ事業戦略等を考慮の上、配当性向を勘案し、利益還元を引き続き実施してまいりたいと考えております。

また、自己株式の取得につきましても、株主に対する有効な利益還元の一つと考えており、株価の動向や財務状況、資金需要などを考慮しながら適切に対応してまいります。

 

(2）当事業年度の剰余金の配当等の理由

当期におきましては、安定配当の基本方針に基づき、期末配当金につきましては、１株につき10円を株主のみなさまへの利益配分として実施させていただきました。これにより、中間配当金の10円を含めました当期の年間配当金は、１株につき20円となりました。

 

（注）基準日が当事業年度に属する剰余金の配当は、以下のとおりであります。

決議年月日

配当金の総額（千円）

１株当たり配当額（円）

2025年10月10日

取締役会

49,363

10.00

2026年４月13日

取締役会

49,363

10.00"
2689,オルバヘルスケアホールディングス株式会社,2025-06-30,"３ 【配当政策】

当社は、増配又は維持を目指すことを配当の基本方針の第一としています。

また、中期経営計画に基づき、成長・発展に必要な投資を機動的に行うため、内部留保に努めることを基本方針の第二としています。

会社の財政的基盤を強固にし、今まで以上に販売競争力を高めるべく、内部留保資金を有効に投資し、利益成長を通じた配当により、株主還元を充実させたいと考えています。

当社の剰余金の配当は、期末配当の年１回を基本的な方針としています。配当の決定機関は、期末配当は株主総会です。

なお、当社は、会社法第454条第５項に規定する中間配当を行うことが出来る旨を定款に定めています。中間配当金の配当の決定機関は、取締役会です。

 

また、当事業年度に係る剰余金の配当は以下のとおりです。

 













決議年月日



配当金の総額（千円）



１株当たり配当額（円）







2025年９月25日

定時株主総会決議（予定）



494,378



80.00"
268A,リガク・ホールディングス株式会社,2025-12-31,"３ 【配当政策】

当社は、中長期の経営視点から成長投資の推進と財務健全性の確保とのバランスを考慮しつつ、各期の業績に応じて株主への配当を実施していくことを、資本政策の基本的な方針としております。配当性向は各期連結利益の30％を目処とし、その水準の維持と向上に努める一方、内部留保資金の使途は、借入金の返済と事業基盤拡充のための設備投資資金、新規製品創出のための研究開発投資資金等に充当するほか、M&Aをはじめ、中・長期的な視野に立った新たなる成長事業領域への展開を目指す資金として有効に活用して参ります。

当事業年度の剰余金の配当につきましては、中間配当は１株当たり9.40円を2025年８月７日開催の取締役会で決議して実施し、期末配当は１株当たり9.40円を2026年３月３日開催の取締役会で決議して実施しております。

なお、当社は中間配当を行うことができる旨を定款に定めており、毎事業年度における配当の回数につきましては、年２回の配当を基本方針としております。期末配当及び中間配当の決定機関は取締役会です。

（注）基準日が当事業年度に属する取締役会決議による剰余金の配当は、以下のとおりです。

 













決議年月日



配当金の総額

（百万円）



１株当たり配当額

（円）







2025年８月７日

取締役会決議



2,155



9.40







2026年３月３日

取締役会決議



2,125



9.40"
2693,ＹＫＴ株式会社,2025-12-31,"３【配当政策】

当社は、株主に対する利益還元を経営の最重要課題と認識し、安定した経営基盤の確保と自己資本利益率（ROE）の向上に努めるとともに、安定的な配当を継続して行うことを基本方針としております。

当社は、「毎年６月30日を基準日として、取締役会の決議によって中間配当を行うことができる。」旨を定款に定めており、中間配当と期末配当の年２回の剰余金の配当を行うことを基本方針としており、これらの剰余金の配当の決定機関は、期末配当については株主総会、中間配当については取締役会であります。

当事業年度の配当につきましては、上記の方針に基づき財務内容及び業績水準等を勘案し、１株当たり５円の配当（中間配当なし）を実施することを決定しました。

内部留保資金につきましては、経営体質の強化並びに事業展開に向けての投資、事業開発活動に活用し、事業拡大に努めてまいる所存であります。

なお、当事業年度に係る剰余金の配当は以下のとおりであります。

決議年月日

配当金の総額

（千円）

１株当たり配当額

（円）

2026年３月25日

58,043

5

定時株主総会決議"
2694,株式会社焼肉坂井ホールディングス,2026-03-31,"３ 【配当政策】

当社は、株主に対する利益還元を経営の重要政策と位置付け、将来の事業拡大に備え、内部留保による企業体質の強化を図りながら、安定した配当を維持していくことを基本方針としております。株主の皆様への利益還元については、当社は、年１回期末配当で行うことを基本方針としております。

当社は、会社法第459条の規定に基づき、取締役会の決議によって剰余金の配当を行うことができる旨を定めております。

当事業年度の剰余金の配当につきましては、上記の配当方針のもと、１株当たり0.5円としております。

内部留保金につきましては、今後予想される経営環境の変化に対応すべく、さらなる展開を図るために有効投資してまいりたいと考えております。

また、当社は、「取締役会の決議により、毎年９月30日を基準日として、中間配当を行うことができる。」旨を定款に定めております。

 

(注)  基準日が当事業年度に属する剰余金の配当は、以下のとおりであります。

 













決議年月日



配当金の総額
(千円)



１株当たり配当額
(円)







2026年５月15日

取締役会決議



117,873



0.5"
2695,くら寿司株式会社,2025-10-31,"３【配当政策】

当社は、株主各位に対する配当政策を重要な経営課題の一つとして位置付けておりますが、今後の積極的な事業展開を勘案し、必要な内部留保を確保するとともに、将来においても安定した利益配当を継続することを基本方針としております。

当社の剰余金の配当は、現在、期末配当の年１回を基本的な方針としており、配当の決定機関は取締役会であります。

当社は、毎年10月31日を基準日とする期末配当と、毎年４月30日を基準日とする中間配当、及び別に基準日を定めて剰余金の配当を行うことができる旨を定款に定めております。

内部留保資金につきましては、業容の拡大に向けた財務体質の強化及び店舗の新設、その他の資金需要を賄う原資として活用してまいります。

上記の方針に基づき、当連結会計年度の配当につきましては、当社普通株式１株につき20円といたしました。

なお、当社は「会社法第459条第１項各号に定める事項については、法令に別段の定めのある場合を除き、株主総会の決議によらず取締役会の決議により定めることができる」旨を定款に定めております。

当連結会計年度に係る剰余金の配当は以下のとおりであります。

決議年月日

配当金の総額

（百万円）

１株当たり配当額

（円）

2025年12月17日

794

20

取締役会決議

（注）当連結会計年度に係る中間配当はありません。"
2698,株式会社キャンドゥ,2026-02-28,"３【配当政策】

当社は、利益配分につきましては、将来の事業拡大と企業体質強化のために必要な内部留保を確保しつつ、業績と連動した安定的な配当を継続していくことを基本方針としております。

当社は、中間配当と期末配当の年２回の剰余金の配当を行うことを基本方針としております。これらの剰余金の配当の決定機関は、期末配当については株主総会、中間配当については取締役会です。

当連結会計年度は、中間配当金１株当たり８円50銭を実施しており、期末配当金につきましても、１株当たり８円50銭を実施することを予定しております。内部留保資金につきましては、店舗開発及び情報化投資等に有効活用してまいりたいと考えております。

なお、当連結会計年度の中間配当については2025年10月10日に取締役会決議があり、配当金の総額は135百万円、期末配当金については2026年５月26日開催予定の株主総会決議により承認可決された場合、配当金の総額は136百万円です。"
269A,株式会社Ｓａｐｅｅｔ,2025-09-30,"３ 【配当政策】

当社は、株主に対する利益還元を経営上の重要課題と認識しておりますが、財務体質の強化に加えて事業拡大のための内部留保の充実等を図り、収益力強化のための投資に充当することが株主に対する最大の利益還元につながるものと考えております。

そのため、第10期事業年度においても、上記方針に沿って配当は実施しておりません。また、創業以来配当は実施しておらず、当面は機動的に有効投資ができるよう内部留保の充実を図る方針であります。

内部留保資金については、財務体質の強化や人材への投資・育成といった収益基盤の構築、AIプロダクトの機能拡充や新たなプロダクト開発に充当することを検討しております。

投資の結果、事業の成長、資本効率の改善等による中長期的な株式価値の向上を実現し、業績・財務状況及び事業環境等を勘案したうえで、株主に対して安定的かつ継続的に剰余金の配当を実施してまいりたいと考えておりますが、本書提出時点において配当実施の可能性及びその時期については未定であります。

当社は定款において、配当の決定機関を取締役会において決議する旨、また剰余金の配当を中間配当及び期末配当で行う旨を定めております。配当を行う場合は期末配当にて年１回の剰余金の配当を行うことを基本方針としております。"
2700,木徳神糧株式会社,2025-12-31,"３ 【配当政策】

当社は、株主の皆様への利益還元を重要な経営課題の一つと位置づけております。成長投資および財務健全性とのバランスを踏まえつつ、継続的かつ安定的な配当を基本方針として、中長期的な企業価値の向上と株主還元の充実に努めてまいります。なお、配当水準の目安として、連結ベースの株主資本配当率（ＤＯＥ）2％以上を目標としております。ただし、事業環境、投資計画、財務状況等を総合的に勘案し、最適な配当水準を決定いたします。

当社は中間配当と期末配当の年２回の剰余金の配当を行うことを基本方針としており、これらの剰余金の配当の決定機関は期末配当については株主総会、中間配当については取締役会であります。

上記の方針に基づき、当事業年度の配当につきましては、中間配当は１株あたり100円を実施し、期末配当は１株あたり70円を2026年３月26日開催予定の定時株主総会で決議して実施する予定であります。

当社は、「会社法第454条第５項に定める剰余金の配当(中間配当)を支払うことができる。」旨を定款に定めております。

なお、当事業年度に係る剰余金の配当は以下のとおりであります。

 













決議年月日



配当金の総額
(千円)



１株当たり配当額
(円)







2025年８月７日

取締役会決議



163,602



100







2026年３月26日

定時株主総会決議（予定）



572,500



70





 


（注）当社は2025年７月１日付で、普通株式１株につき５株の割合で株式分割を行っております。2025年８月７日取締役会決議にかかる１株当たり配当額については、当該株式分割前の実際の配当金の額を記載しております。また、2026年３月26日定時株主総会決議にかかる１株当たり配当額については、株式分割後の内容を記載しております。"
2702,日本マクドナルドホールディングス株式会社,2025-12-31,"３【配当政策】

当社は業績の動向やキャッシュ・フローのバランスなどを総合的に勘案し、2027年度の株主資本配当率の目標値を３％とし、適正な利益還元を安定的かつ継続的に実施することを基本方針としております。

当社は、期末配当の年１回の剰余金の配当を行うことを基本方針としており、この剰余金の配当の決定機関は株

主総会であります。

上記方針に基づき、当期の配当につきましては１株当たり56円、次期の配当につきましては１株当たり64円を予

定しております。内部留保資金につきましては、将来の事業発展に必要不可欠な成長投資として活用し、中長期的な成長による企業価値向上を通じて、株主の皆様の期待にお応えしてまいります。

当社は、取締役会の決議によって、毎年６月30日を基準日として、中間配当を行うことができる旨を定款に定めております。

なお、当事業年度の剰余金の配当は以下の通りであります。

決議年月日

配当金の総額（百万円）

１株当たり配当額（円）

2026年３月25日

7,445

56

定時株主総会決議（予定）"
2705,株式会社大戸屋ホールディングス,2026-03-31,"３【配当政策】

当社は、株主への利益還元を重要な経営課題の一つと認識しており、収益力の向上及び財務体質の改善をもって安定した経営基盤を構築しつつ、株主の皆様に長期的、かつ安定的な配当及び利益還元を行うことを基本方針としております。この基本方針に基づき、業績に応じ、配当性向を考慮した利益配当額を決定するとともに、将来の更なる事業展開を目的とした投資活動のための内部留保額を決定しております。

当社は、会社法第459条の規定に基づき、取締役会決議によって剰余金の配当を行う旨を定款に定めております。

また、当社は中間配当を行うことができる旨を定款に定めておりますが、期末の年１回の剰余金の配当を行うことを基本方針としております。

当事業年度の剰余金の配当につきましては、上記方針のもと、期末配当金として１株当たり20円とさせていただきました。

なお、内部留保資金につきましては、店舗の新設及び改装等、将来の利益に貢献する投資資金に充てると同時に、より一層の企業体質の強化及び今後の事業活動の拡充等に有効投資して参りたいと考えております。

 

（注） 基準日が当事業年度に属する剰余金の配当は、以下のとおりであります。

決議年月日

株式の種類

配当金の総額

（百万円）

１株当たり配当額

（円）

2026年５月８日

普通株式

145

20

取締役会決議"
2708,株式会社久世,2026-03-31,"３ 【配当政策】

当社は会社法第454条第５項に規定する中間配当をすることができる旨を定款に定めておりますが、当社の剰余金の配当は、期末配当の年１回を基本的な方針としております。期末配当の決定機関は株主総会であります。

株主に対する利益還元は会社の価値を評価する重要な要素と認識して、経営の最重要政策の一つと位置付けております。利益配分にあたっては、将来対応を考えております諸投資の計画やキャッシュ・フローなどの事業環境を総合的に勘案しつつ、安定配当を基本に置きながら弾力的に株主還元を図っていくものとし、配当性向は10％～15％程度を目標としております。

こうした考え方のもと、当事業年度の配当については、１株当たり45円とさせていただく予定であります。

また、2027年３月期の期末配当予想につきましても、１株当たり45円とさせていただきます。

今後も一層の業績向上を図り、株主への還元に努めて参ります。

 

（注）基準日が当事業年度に属する剰余金の配当は、以下のとおりであります。期末配当に関する配当金の総額208百万円及び１株当たり配当額45円については、2026年６月24日開催予定の定時株主総会の決議事項となっております。













決議年月日



配当金の総額

（百万円）



１株当たり配当額

（円）







2026年６月24日

定時株主総会決議（予定）



208



45"
2721,株式会社ジェイホールディングス,2025-12-31,"３【配当政策】

当社は、株主の皆様への利益還元を重要な経営課題の一つとして位置づけ、利益配当を安定的に継続することを基本方針としております。

同時に、長期的に成長を維持するという観点から、企業体質の強化及び将来の事業展開を総合的に勘案しつつ、株主資本の充実と資本効率の向上に努めることにより保有価値のある会社としての信用を形成していく所存であります。具体的には、当社の剰余金の配当は、中間配当及び期末配当の年２回を基本的な方針とし、配当性向20％以上の継続を目標としております。配当の決定機関は、中間配当は取締役会、期末配当は株主総会であります。

当事業年度においては、当期純損失232,957千円（当連結会計年度における親会社株主に帰属する当期純損失256,806千円）の計上となり、また配当原資としての利益剰余金がないため、大変遺憾ではありますが、期末配当は無配とさせていただきます。

株主の皆様には深くお詫び申し上げるとともに、来期以降の増収増益を目指し、全社一丸となって努力を続けてまいりますので、引き続きご支援を賜りますようお願い申し上げます。

なお、当社は「取締役会の決議により、毎年６月30日を基準日として、中間配当を行うことが出来る」旨を定款に定めております。"
2722,株式会社ＩＫホールディングス,2026-05-31,"３【配当政策】

当社は、将来の事業展開に備え内部留保による企業体質の強化を図る一方で、利益配分については配当性向20％を

目途とし、安定した配当の維持にも心掛け、今後の経営環境等を勘案して決定する方針としております。

内部留保資金につきましては、より一層の企業体質の強化及び今後の事業活動の充実並びに拡充に活用する所存で

あります。

当社は、会社法第459条第１項の規定に基づき、取締役会の決議により剰余金の配当を行い、期末配当と11月30日を基準日とした中間配当が行える旨を定めておりますが、期末配当の年１回の剰余金の配当を行うことを基本方針としております。

これらの剰余金の配当の決定機関は、期末配当及び中間配当ともに取締役会であります。

なお、当事業年度に係る剰余金の配当は以下のとおりであります。

決議年月日

配当金の総額（百万円）

１株当たり配当額（円）

2026年７月24日

取締役会

68

9"
2726,株式会社パルグループホールディングス,2026-02-28,"３ 【配当政策】

当社は、業績に対応した配当を行うことを基本とし、併せて安定的な配当の維持継続に留意するとともに、企業体質の一層の強化と今後の積極的な事業展開に備えて内部留保の充実も勘案して決定しております。

第54期(2026年２月期)の利益配当金につきましては、1株当たり年間配当40円を、2026年5月27日開催予定の定時株主総会で決議して実施する予定であります。前事業年度（2025年２月期）の１株当たり年間配当は普通配当60円でしたが、2025年９月11日付で１株に付き２株の割合で株式分割を行っておりますので株式分割後では１株当たり30円に相当し、第54期の１株当たり40円の普通配当は前期と比較しまして10円の増配となります。

内部留保金につきましては、今後の事業展開に向けた財務体質の強化、経営基盤の確保等に活用し、事業の拡大に努めてまいる所存であります。
当社は、会社法第454条第５項に規定する中間配当を行うことができる旨を定款に定めています。
また、当社は、連結配当規制適用会社であります。

 

 (注）基準日が当事業年度に属する剰余金の配当は、以下のとおりであります。













決議年月日



配当金の総額
(百万円)



１株当たり配当額
(円)







2026年５月27日

定時株主総会決議（予定）



6,945



40.00"
272A,株式会社グリーンクロスホールディングス,2026-04-30,"３【配当政策】

当社グループが関係する安全機材業界の昨今の状況や市場の動向等、当社を取り巻く経営環境の変化や、中・長期的視野に立った上での今後の事業展開、更には企業体質の強化等、配当還元と内部留保とのバランスを総合的に勘案のうえ、より安定的かつ継続的な配当により株主の皆様への利益還元に努めてまいります。

当社は、期末配当として年一回の剰余金の配当を行うことを基本方針としていますが、会社の業績や内部留保とのバランスを鑑みて中間配当を実施することも可能であります。これらの剰余金の配当の決定機関は、期末配当、中間配当ともに取締役会であります。

内部留保資金につきましては、業績に応じた適切な利益配分のもと、経営戦略に基づく中長期的資金として有効活用してまいります。

当社は、「取締役会の決議により、毎年10月31日を基準日として、中間配当を行うことができる。」旨を定款に定めております。

なお、当事業年度に係る剰余金の配当は以下のとおりであります。

決議年月日

配当金の総額（千円）

１株当たり配当額（円）

令和８年６月30日

324,652

39.0

取締役会"
2730,株式会社エディオン,2026-03-31,"３【配当政策】

当社は、グループとして安定的な経営基盤の確保に努めるほか、株主還元を経営の重要課題と考えており、株主の皆様への安定的配当の実施を念頭に置きながら業績及び経営基盤強化のための内部留保等を勘案し、配当金額を決定することを基本方針としております。

また、当社は「取締役会の決議によって毎年９月30日の最終の株主名簿に記録された株主または登録株式質権者に対し、中間配当を行うことができる。」旨を定款に定めており、中間配当と期末配当の年２回の剰余金の配当を行うことを基本方針としております。これらの剰余金の配当の決定機関は、期末配当につきましては株主総会、中間配当につきましては取締役会であります。

これらの基本方針をもとにして、当事業年度は１株当たり48円（うち中間配当23円）の配当を決議する予定であります。

内部留保資金につきましては、今後の設備投資等の経営基盤強化に役立てることとし、将来における株主様の利益確保に役立てる所存であります。

なお、第25期に係る剰余金の配当は以下のとおりであります。期末配当に関する配当金の総額2,643百万円及び１株当たり配当額25円につきましては、2026年６月26日開催予定の定時株主総会の決議事項となっております。

決議年月日

配当金の総額（百万円）

１株当たり配当額（円）

2025年11月６日

2,432

23

取締役会

2026年６月26日

2,643

25

定時株主総会決議予定"
2733,株式会社あらた,2026-03-31,"３【配当政策】

（１）基本的な方針

  当社は、企業価値の継続的向上を図るとともに、株主の皆様に対する利益還元を経営の重要課題として位置付けております。

このような観点から、剰余金の配当等の決定につきましては、当社を取り巻く経営環境や下記の方針によって実施することとしております。

配当につきましては、配当性向30％を意識しながら安定配当・増配を図る配当方針としており、各期の業績、財務状況、今後の事業展開などを総合的に勘案し、株主の皆様へ還元してまいります。

当社は、中間配当と期末配当の年２回の剰余金の配当を行うことを基本方針としております。また、剰余金の配当につきましては、取締役会での決議とさせていただいております。

内部留保につきましては、財務体質の強化、成長事業及びDX投資並びに人材投資などに活用してまいります。

今後につきましては、企業環境の変化に対応した機動的な資本政策を遂行するため、財務状況、株価の動向等を勘案しながら適切に実施してまいります。

これらの基本方針と2026年３月期の連結業績を勘案して、株主の皆様に安定した利益還元を行うために、１株当たりの期末配当金を56円とすることといたしました。

 

（２）剰余金の配当等の決定機関

  当社は、2010年６月28日開催の第８期定時株主総会において会社法第459条第１項の規定に基づき、取締役会の決議をもって剰余金の配当等を行うことができる旨決議いただいております。これは、剰余金の配当等を取締役会の権限とすることにより、株主への機動的な利益還元を行うことを目的とするものであります。

 

（３）当事業年度に係る剰余金の配当

  当事業年度に係る剰余金の配当は、以下のとおりであります。

決議年月日

配当金の総額

（百万円）

１株当たり配当額

（円）

2025年11月12日

1,930

56

取締役会

2026年５月14日

1,929

56

取締役会"
2734,株式会社サーラコーポレーション,2025-11-30,"３【配当政策】

当社は、中間配当と期末配当の年２回の剰余金の配当を行うことを基本的な方針とし、これらの剰余金の配当の決定機関は、取締役会であります。

当社は、「会社法第459条第１項の規定に基づき、取締役会の決議をもって剰余金の配当等を行うことができる。」旨定款に定めております。

 

当社は、配当の基本方針を以下のとおり定めております。

「配当は前期以上を維持しつつ、かつ為替予約に係るデリバティブ評価損益の影響を除く連結配当性向40％以上とします。また、自己株式の取得につきましては、市場環境や資本効率を勘案し機動的に実施します。」

 

当社連結子会社のサーラｅパワー株式会社が外貨建輸入材仕入取引の支払いに充てるため、2017年11月に為替予

約を締結したことにより、当面の間、毎四半期末に為替予約の時価評価差額がデリバティブ評価損益として計上さ

れる見込みであります。

この時価評価差額はキャッシュ・フローの動きを伴わない期末日時点の時価評価に過ぎないため、利益配分の基

準となる原資からこのような変動要因を除いております。

上記方針に基づき、当期の配当につきましては１株につき中間配当金16円に、期末配当金16円を合わせ32円とい

たしました。

また、為替予約に係るデリバティブ評価損益の影響を除いた連結配当性向は45.7％となります。次期の配当につきましても、上記の基本方針に従い実施していく予定であります。

内部留保資金につきましては、当社は純粋持株会社でありますので、子会社の設備投資資金等として活用してい

きたいと考えております。

なお、当事業年度に係る剰余金の配当は以下のとおりであります。

決議年月日

配当金の総額

（百万円）

１株当たり配当額

（円）

2025年７月８日

1,056

16

取締役会決議

2026年１月13日

1,056

16

取締役会決議"
2735,株式会社ワッツ,2025-08-31,"３【配当政策】

当社は、株主の長期的かつ継続的な利益の拡大を重要な経営課題と認識し、将来の事業展開と財務体質の強化等のために必要な内部留保の確保を考慮しながら、業績等を勘案し特別配当を実施することを視野に入れ、減配せず持続的かつ安定した配当を実施していくことを基本方針としております。

当社の剰余金の決定は、取締役会または株主総会の決議で行える旨を定款に定めておりますが、期末配当につきましては、定時株主総会の決議により決定することを原則としております。また、当社は中間配当の基準日は毎年２月末日とし、ほかに基準日を定めて剰余金の配当をすることができる旨を定款に定めております。

 

上記基本方針に基づき、当事業年度の配当額は期末配当１株当たり12.5円（普通配当7.5円、特別配当5.0円）を予定し、既にお支払いしている中間配当１株当たり10.5円（普通配当7.5円、記念配当3.0円（会社設立30周年記念配当））と合わせまして、年間配当１株当たり23.0円（普通配当15.0円、記念配当3.0円、特別配当5.0円）とさせていただく予定です。この結果、当事業年度の連結配当性向は34.8％となる予定です。

 

当事業年度に係る剰余金の配当は以下のとおりであります。

決議年月日

配当金の総額（千円）

１株当たり配当額（円）

2025年４月10日

取締役会決議

138,561

10.5

2025年11月26日

定時株主総会決議（予定）

165,410

12.5"
2736,フェスタリアホールディングス株式会社,2025-08-31,"３ 【配当政策】

当社の利益配分に対する考え方は、株主の皆様に対する積極的な利益還元を、経営の最重要政策として位置付けており、配当原資確保のための収益力を強化し、継続的かつ安定的な配当を行うことを基本方針としております。

この方針に基づき、当事業年度の業績及び今後の事業展開等を勘案するとともに、安定的な配当を維持する観点から、当事業年度の期末配当につきましては、2025年11月27日開催予定の定時株主総会にて１株当たり７円と決議する予定であります。

当社は、会社法第454条第５項に規定する中間配当を行うことができる旨を定款に定めておりますが、現時点では期末日を基準とした年１回の配当を継続いたします。なお、配当の決定機関は、中間配当は取締役会、期末配当は株主総会であります。

 

（注）基準日が当事業年度に属する剰余金の配当は、以下のとおりであります。













決議年月日



配当金の総額



1株当たりの配当額







2025年11月27日

定時株主総会決議(予定)



25,000,857円



7円"
2737,株式会社トーメンデバイス,2026-03-31,"３【配当政策】

当社の配当方針は、連結業績に応じた業績連動型の配当であり、安定的な配当の継続を目指し、配当性向の引き上げを図っていくこと、並びに経済環境への変化と資金需要等を勘案し柔軟に対処する所存です。

また、内部留保につきましては、経営基盤の強化、事業拡大に伴う資金需要への充当および財務体質の強化に活用する考えです。

この方針に基づき、当事業年度末の配当金については、１株につき540円を予定しており、連結配当性向は36.7％となります。

なお、当事業年度に係る剰余金の配当は以下のとおりであります。

 

決議年月日

配当金の総額

（百万円）

１株当たり配当額

（円）

2026年６月29日

3,672

540

定時株主総会決議

（注）2026年３月31日を基準日とする期末配当であり、2026年６月29日開催予定の定時株主総会の議案（決議事項）として提案しております。

 

当社は、取締役会の決議によって毎年９月30日を基準日とした中間配当を行うことができる旨、また、機動的な資本政策および配当政策の実施を可能とするため、取締役会の決議によって会社法第459条第１項各号に掲げる事項を定めることができる旨を定款に定めておりますが、剰余金の配当は、期末配当の年１回を基本的な方針としています。また、剰余金の期末配当の決定機関は、株主総会としております。"
2742,株式会社ハローズ,2026-02-28,"３ 【配当政策】

当社は、株主に対する利益還元については、経営の最重要課題の一つとして位置づけており、主に出店等の設備投資など、経営基盤の確立に必要な内部留保を確保しつつ、安定的な配当の継続を基本方針としております。また、配当性向におきましては、2030年２月期末20％を目標とし、段階的に増加させる方針でございます。

当社の剰余金の配当は、中間配当及び期末配当の年２回としております。配当の決定機関は、取締役会であります。

当事業年度の剰余金の配当につきましては、継続的な安定配当の基本方針のもと、中間配当は普通配当１株当たり34円、期末配当は普通配当34円に好業績による普通配当２円を加え１株当たり36円とし、年間１株当たり70円を決定しました。この結果、当事業年度の配当性向は16.6％となりました。

また、内部留保資金につきましては、新店舗の建設や既存店舗の改装等、設備投資資金に充当し、なお一層の業容拡大を図る所存であります。

 

(注)基準日が当事業年度に属する剰余金の配当は、以下のとおりであります。













決議年月日



配当金の総額(百万円)



１株当たり配当額(円)







2025年９月26日

取締役会決議



725



34







2026年４月10日

取締役会決議



768



36"
2747,北雄ラッキー株式会社,2026-02-28,"３ 【配当政策】

当社は、株主に対する利益の還元を経営の最重要政策のひとつと位置付けており、安定した配当の継続を基本方針としております。

また、剰余金の配当は年１回、期末配当を行うことを基本方針としており、この剰余金の配当の決定機関は、株主総会であります。

内部留保資金につきましては、今後の厳しい経営環境に備え、企業体質強化のため有効に活用してまいります。

当事業年度の配当につきましては、上記の方針に基づき１株当たり50円の配当を実施することを決定いたしました。なお、当社は「取締役会の決議により、毎年８月31日を基準日として中間配当を行うことができる」旨を定款に定めておりますが、これまで中間配当を実施したことはありません。

当事業年度に係る剰余金の配当は以下のとおりであります。

 













決議年月日



配当金の総額(百万円)



１株当たり配当額(円)







2026年５月27日

定時株主総会決議（予定）



63



50





 


(注）第56期の１株当たり配当額50円については、2026年５月27日開催予定の定時株主総会の決議事項に

なっております。"
2749,株式会社ＪＰホールディングス,2026-03-31,"３ 【配当政策】

当社は、利益配分につきましては、将来の事業展開と経営体質の強化のために必要な内部留保を確保しつつ、連結配当性向30％を目途とした連結業績連動型配当の継続実施を基本方針としております。

当社の剰余金の配当は、期末配当の年１回を基本的な方針としております。期末配当の基準日は、毎年３月31日であり、中間配当の基準日は毎年９月30日であります。

剰余金の配当につきましては、法令に別段定めがある場合を除き、期末配当の決定機関は株主総会であり、また中間配当は、当社定款に「取締役会決議によって中間配当を行うことができる」と定めております。

当事業年度の配当につきましては、上記方針に基づき、期末配当は１株当たり12円50銭を2026年６月26日開催予定の定時株主総会で決議する予定であります。

内部留保資金につきましては、主力事業であります子育て支援事業を積極的に展開するために有効投資してまいりたいと考えております。

なお、当事業年度に係る剰余金の配当は以下のとおりであります。

 













決議年月日



配当金の総額
(百万円)



１株当たり配当額
(円)







2026年６月26日

定時株主総会決議(予定)



1,070



12.50"
274A,株式会社ガーデン,2026-02-28,"３【配当政策】

当社は、株主への利益還元を経営の最重要課題であると認識し、企業価値の継続的な拡大を図ってまいります。

当社は、将来の事業展開と経営体質の強化のために必要な内部留保を確保しつつ、安定した配当を継続して実施していくことを方針としております。

今後の株主への利益還元にあたりましては、経営成績及び財政状態を総合的に勘案し、財務体質の強化、事業拡大のための投資等にも十分に留意しながら、安定的且つ継続的な利益還元を基本スタンスとして、配当性向40％以上を目標として配当を実施して参ります。

内部留保資金については、将来のM＆Aによる事業展開や店舗の新設及び改装費のほかに、今後の事業のための人材の採用や教育など、将来の利益に貢献する有効な投資資金として活用しつつ、より一層の財務体質強化にも努める所存であります。

なお、当事業年度に係る剰余金の配当は以下のとおりであります。

 

決議年月日

配当金の総額

（百万円）

１株当たり配当額

（円）

2025年７月14日

309

45

取締役会決議

2026年４月14日

393

55

取締役会決議"
2750,石光商事株式会社,2026-03-31,"３ 【配当政策】

当社は、株主のみなさまに対する適切な利益還元を最重要課題の一つとして位置づけ、業績に応じ、かつ安定した配当を行うことを基本方針とし、以下の３点を目標に掲げております。

(1) 実質的な収益力反映と平準化により調整したEPS（一株当たり純利益）に対する連結配当性向の目標を30％程度とすること

(2) 株主目線に立ち、中期経営計画に基づきPBR（株価純資産倍率）の漸次引上げを図るよう、時価ベースのDOE（株主資本配当率）と簿価ベースのDOEの両方について十分に目配りすること

(3) 今後の投資計画を見据え、内部留保の拡充・有効活用による企業競争力の強化、株主価値の向上との適切なバランスを考慮すること

 

当社の剰余金の配当は、年１回の期末配当を行うことを基本的な方針とし、剰余金の配当の決定機関を取締役会としております。また、当社は会社法第454条第５項に規定する中間配当を行うことができる旨を定款に定めております。

当事業年度の剰余金の配当につきましては、上記方針を前提として１株当たり45円といたしました。

内部留保資金につきましては、競争力強化のための投資資金及び財務内容のさらなる改善のための資金とし、企業価値の向上に活用してまいります。

 

(注) 基準日が当事業年度に属する剰余金の配当は、以下のとおりであります。

 













決議年月日



配当金の総額(千円)



１株当たり配当額(円)







2026年５月22日

取締役会決議



349,799



45"
2751,株式会社テンポスホールディングス,2026-04-30,"３ 【配当政策】

当社の剰余金の配当は、期末配当の年１回を基本的な方針としております。

配当の決定機関は、中間・期末配当は取締役会であります。なお、毎年４月30日を基準日として中間配当ができる旨を定款で定めておりますが、期末年１回の剰余金の配当を行うことを基本としております。

当社は、株主の皆様に対する基本方針としまして、主に経営基盤の強化や設備資金を潤沢にするための内部留保に努め、新規出店や新規事業開発等を行い業界内のシェア獲得をする事が最大の株主還元につながるものと考えておりますが、業績に応じた利益配分も同時に行うべきであると考えております。

当事業年度の配当金につきましては、業績結果を踏まえ、１株当たり９円の配当を実施いたします。

 

（注）基準日が当事業年度に属する剰余金の配当は、以下のとおりであります。













決議年月日



配当金の総額
（百万円）



１株当たりの配当額
（円）







2026年6月10日

取締役会決議



108



9"
2752,株式会社フジオフードグループ本社,2025-12-31,"３【配当政策】

当社は、剰余金の配当を中心とした株主の皆様に対する利益還元を重要な政策の１つと認識しており、具体的には収益力の向上・財務体質の改善を図りながら長期かつ安定した中間及び期末の年２回の配当を行うことを基本方針としております。

剰余金の配当の決定機関は、期末配当については株主総会、中間配当については取締役会であり（当社定款中「毎年６月30日を基準日として、取締役会の決議により、株主又は登録株式質権者に対し、中間配当金として剰余金の配当を行うことができる。」旨を定めております。）この方針に基づき当事業年度の期末配当につきましては普通株式１株につき３円といたしました。

なお、当事業年度の剰余金の配当は以下のとおりであります。

決議年月日

配当金の総額（百万円）

１株当たり配当額（円）

2026年３月27日

定時株主総会決議

153

3"
2753,株式会社　あみやき亭,2026-03-31,"３【配当政策】

当社は、株主に対する利益還元を経営の重要課題と位置付けており、業績に応じて増配や株式分割を検討するなど、弾力的な還元策を行っていく方針であります。新規出店や競争力強化のための設備投資等、今後持続的に成長を遂げるための資金として有効に活用することを目的に、内部留保の充実を図ってまいります。

当社は、中間配当と期末配当の年２回の剰余金の配当を行うことを基本方針としております。

これらの剰余金の配当の決定機関は、期末配当については株主総会、中間配当については取締役会であります。

当期の中間配当につきましては、第２四半期までの業績動向を含め総合的に検討した結果、１株当たり17円とさせていただいております。期末配当につきましては、通期業績、財政状態、今後の事業展開等を総合的に勘案し、１株当たり17円とさせていただくことを予定しております。

当社は、「取締役会の決議により、毎年９月30日を基準日として、中間配当を行うことができる。」旨を定款に定めております。

なお、当事業年度に係る剰余金の配当は以下のとおりであります。

決議年月日

配当金の総額（百万円）

1株当たり配当額（円）

2025年10月３日

349

17

取締役会決議

2026年6月16日

349

17

定時株主総会決議（予定）

（注）2026年３月期の期末配当額17円については、2026年６月16日開催予定の定時株主総会の決議事項になっております。"
275A,ハンワホームズ株式会社,2026-02-20,"３ 【配当政策】

当社は、企業価値を継続的に拡大し、株主に対する利益還元を行うことを重要な経営課題として認識しており、健全な財務体質を維持するとともに将来の事業拡大に備えるための内部留保とのバランスを図りながら、各期の経営成績及び財政状態を勘案して、剰余金の配当による株主に対する利益還元を実施することを基本方針としております。

しかしながら、当社は現在成長過程にあることから内部留保金の使途につきましては、更なる成長に向けた事業基盤の整備や事業の拡充、サービスの充実やシステム環境の整備等への投資に有効活用することが、株主に対する利益貢献に繋がると考え、創業以来無配としてまいりました。

将来的には、財政状態及び経営成績を勘案しながら配当を実施していく方針でありますが、現時点において配当の実施時期等については未定であります。

なお、剰余金の配当を行う場合は、年１回の期末配当を基本方針としており、その他年１回中間配当を行うことができる旨を定款で定めております。これらの配当の決定機関は、期末配当については株主総会、中間配当については取締役会であります。"
2760,東京エレクトロンデバイス株式会社,2026-03-31,"3 【配当政策】

中期経営計画「VISION2030」では、そのミッションとして「半導体やITを中心とする最先端テクノロジーを通して社会課題に向き合い、期待を超える価値を持つ解決策を提供することで、社会の持続的発展に貢献すること」を掲げており、また、VISIONとして「メーカーと技術商社の力で潜在的な社会課題を解決する会社」と制定しております。

そのための資本政策については、持続的な利益成長による企業価値の更なる向上を目指していくための成長投資として、技術開発・事業拡大に向けた積極的な投資を行い、競争力の強化を目的とした社内DX・社外DXへの投資のほか、人材育成へも積極的な投資を行ってまいります。株主還元については業績に応じて実施するとともに、持続的な利益成長により企業価値向上を図っていくことで長期的な高リターンを目指してまいります。



〔資本政策に関する基本方針〕

当社グループでは、持続的な成長と中長期的な企業価値を向上させるため、配当政策を含めた資本政策の基本方針を以下のように定めます。

1.企業価値の向上とは、株主にとっての期待収益率（資本コスト）を上回るリターンの実現と定義し、ROEの向上を目標のひとつと位置付けます。

2.事業規模や特質を踏まえた最適な資本構成・自己資本比率を常に意識し、成長事業への投資や運転資金需要に対処します。

3.株主還元に関しては、連結配当性向を参考指標の基礎とし、業績に応じた配当を実施します。自己株式の取得については、成長投資に重きを置いた上で、キャッシュ・フローの状況、株式の市場流動性及び将来的な設備資金需要等を総合的に勘案し、配当と合わせた株主還元策の一環として判断してまいります。

 


〔目標数値〕

（ROE）

資本効率を示すROEについては中期的に20％以上を目指してまいります。

（配当性向）

今後の設備投資や研究開発に係る資金需要や運転資金の動向を勘案し、連結配当性向は当面の間40％を目安といたします。



（参考：過去3年間の目標数値の推移）














 



2024年3月期



2025年3月期



2026年3月期







ROE（株主資本利益率）



25.1％



20.1％



16.5％







配当性向



40.5％



40.2％



40.2％





 


 

第41期（2026年3月期）に係る剰余金の配当につきましては、取締役会決議により次のとおりといたしました。














決議年月日



配当金の総額
（百万円）



1株当たり配当額（円）







2025年10月29日



取締役会決議



1,096



35







2026年 5月15日



取締役会決議



2,256



72





 


 

なお、当社では、毎事業年度における剰余金の配当の回数については中間配当及び期末配当の年2回を基本方針としており、その決定機関については会社法第459条第1項の規定に基づき、取締役会の決議によることとする旨を定款で定めております。"
2762,株式会社ＳＡＮＫＯ　ＭＡＲＫＥＴＩＮＧ　ＦＯＯＤＳ,2025-06-30,"３ 【配当政策】

当社は、株主の皆様に対する利益還元を重要な施策の一つとして認識しており、収益力の向上・財務体質の改善を図りながら、長期的かつ安定した配当及び利益還元を行うことを基本方針としております。

そして、中間配当と期末配当の年２回の剰余金の配当を行うことを基本方針としており、その決定機関は、期末配当については株主総会、中間配当については取締役会であります。
一方、内部留保金の使途につきましては、経営体質を強化しつつ今後の事業拡大と設備投資に投入していくこととしております。
なお、通期業績におきましては、大幅な当期純損失となったことにより、無配当とさせていただきました。

当社は、「取締役会の決議によって、毎年12月31日の最終の株主名簿に記載又は記録された株主又は登録株式質権者に対し、会社法第454条第５項に定める剰余金の配当（中間配当）をすることができる。」旨を定款に定めております。"
2763,株式会社エフティグループ,2026-03-31,"３ 【配当政策】

当社は、株主の皆様への利益還元を重要な経営課題の一つと認識しております。剰余金の配当につきましては、業績の状況、内部留保及び将来の事業展開等を総合的に勘案し決定することとしております。

当社の剰余金の配当は、原則として中間配当及び期末配当の年２回実施することとしております。配当の決定機関は、中間配当、期末配当共に取締役会であります。なお、会社法第454条第５項の規定により「取締役会の決議により、毎年９月30日を基準日として、中間配当を行うことが出来る」旨を定款で定めております。

当期の期末配当金につきましては、当連結会計年度の業績等を踏まえ、１株当たり35円の配当を実施することとしました。この結果、当期の年間配当金は、既に実施しております中間配当金１株当たり20円を含めまして、55円となりました。

 

(注)  基準日が当事業年度に属する剰余金の配当は、以下のとおりです。













決議年月日



配当金の総額
(百万円)



１株当たり配当額
(円)







2025年11月10日

取締役会決議



594



20







2026年５月11日

取締役会決議



1,040



35"
2764,株式会社ひらまつ,2026-03-31,"３ 【配当政策】

当社グループは、株主の皆様への利益還元を重要な経営方針の一つと位置づけており、持続的な企業価値の向上と財務基盤の強化との両立を図りながら、安定的かつ継続的な配当の実現を目指しております。配当につきましては、健全な財務運営を前提として、連結配当性向30％程度を目安とした利益還元を行うことを基本方針としております。

当連結会計年度（2026年３月期）につきましては、「中期経営計画2030」に掲げる「人財戦略」および「事業戦略」の推進に伴う成長投資の継続局面にあることを踏まえ、誠に遺憾ながら、当連結会計年度の剰余金の配当は見送らせていただくことといたしました。

次期（2027年３月期）の配当予想につきましては、次期業績見通しを勘案し、当初2028年度を想定していた復配を2026年度へ前倒しすることとし、連結配当性向30％を目安として１株当たり期末配当金を１円22銭とする予想を開示いたしました。なお、業績動向により計算上の配当額が１株当たり１円を下回った場合においても、次期につきましては１株当たり１円を下限として配当を行う方針であります。

当社グループにおける剰余金の配当は、中間配当については取締役会の決議により、期末配当については株主総会の決議により行うこととしております。なお、当社は中間配当を行うことができる旨を定款に定めております。"
2767,円谷フィールズホールディングス株式会社,2026-03-31,"３ 【配当政策】

利益配分に関する基本方針として、当社は企業価値の向上を経営の重要課題と位置付け、利益に応じた適正な配当を行うことを基本としています。

グローバルコンテンツビジネスを展開する当社グループにおいては、持続的な事業成長に向けた継続投資が不可欠であると認識しております。こうした考えのもと、企業価値のさらなる向上を目指し、着実な利益成長により創出したキャッシュをＩＰビジネスの構造改革に積極的に投じていく方針です。

今後におきましても、着実な事業成長と増益を実現することで、将来の成長に向けた事業投資とのバランスを十分に考慮しつつ、配当等の株主還元を安定的かつ継続的に実施してまいります。

 

当期・次期の配当について

2026年３月期の期末配当につきましては、上記の方針および足元の堅調な業績推移を総合的に勘案した結果、株主の皆様への還元をより一層強化するため、前回公表予想の50円から20円増配し、１株当たり70円に修正することといたしました。なお、本件は2026年６月17日開催予定の第38回定時株主総会に付議する予定です。

また、次期の配当予想につきましても、事業成長への強い意欲と還元姿勢の継続を背景に、期末配当を１株につき70円（当期から据え置き）と予定しております。

 

(注) 基準日が当事業年度に属する剰余金の配当は、以下のとおりです。














決議年月日



配当金の総額（百万円）



１株当たり配当額（円）







2026年６月17日



定時株主総会決議
  （予定）



4,357



70"
2768,双日株式会社,2026-03-31,"3 【配当政策】

当社は、安定的かつ継続的に配当を行うと共に、内部留保の拡充と有効活用によって企業競争力と株主価値を向上させることを基本方針とし、経営の最重要課題の1つと位置づけております。

 

この基本方針のもと、「中期経営計画2026」においては、中計期間3ヶ年累計の基礎的営業キャッシュ・フロー（注1）の3割程度を株主還元に充当します。また、株主資本DOE（注2）4.5％を基本とする累進的な配当方針としております。

(注) 1 基礎的営業キャッシュ・フロー：会計上の営業キャッシュ・フローから運転資金増減等を控除したもの

2 株主資本DOE：支払配当 ÷ 株主資本

3 株主資本：その他の資本の構成要素を除外した前期末自己資本

 

なお、当社は、会社法第459条第1項の規定に基づき、剰余金の配当等を取締役会の決議によって行うことを可能とする旨、定款に定めております。

 

(1) 当期末の配当

上記基本方針及び当期の決算を踏まえた自己資本の状況などを総合的に勘案し、以下のとおりとします。

 

①配当財産の種類

金銭

 

②株主に対する配当財産の割当てに関する事項及びその総額

当社普通株式1株につき82.5円、総額172億71百万円

なお、2025年12月1日に1株当たり82.5円の中間配当金をお支払いしておりますので、1株当たりの年間配当は165円、年間配当総額は345億42百万円となります。

 

③剰余金の配当の効力が生じる日

2026年6月10日

 

（注）基準日が当事業年度に属する取締役会決議による剰余金の配当は、以下のとおりであります。













決議年月日



 配当金の総額
 （百万円）



1株当たり配当額
 （円）







2025年5月1日



17,271



82.50







取締役会決議







2026年5月1日



17,271



82.50







取締役会決議





 


 

(2) 次期の配当

 2027年3月期の中間配当は、配当基準日である2026年9月30日時点の発行済普通株式に対し、1株当たり90円00銭とすることを、2026年5月1日開催の取締役会にて決議しております。当該中間配当の配当総額は、188億41百万円（効力発生日：2026年12月1日）の見込みです。詳細については、同日に公表しました「剰余金の配当（2026年3月期期末配当及び2027年3月期中間配当）に関するお知らせ」をご参照ください。"
2769,株式会社ヴィレッジヴァンガードコーポレーション,2026-05-31,"３【配当政策】

株主の皆様に対する利益還元の決定は経営の最重要事項として認識し、将来の事業展開を考慮しつつ、内部留保の充実により企業体質の強化を図りながら、株主の皆様へ安定した利益還元を行うことが重要であると考えております。利益還元は、業績の伸長にあわせて行う方針であります。

当社の剰余金の配当は、期末配当の年１回を基本的な方針としております。配当の決定機関は、株主総会であります。また、当社は「取締役会の決議により、毎年11月30日を基準日として、中間配当を行うことができる。」旨を定款に定めております。

なお、2026年５月期につきましては当期純利益が、当初予想していた水準を下回り配当原資となる剰余金が不足したため、無配となりました。"
276A,ククレブ・アドバイザーズ株式会社,2025-08-31,"３ 【配当政策】

当社は、法令に別段の定めがある場合を除き、剰余金の配当その他会社法第459条第１項各号に定める事項については、株主総会の決議によらず、取締役会の決議によって定めることができる旨を定款に定めております。

当社は、株主に対する利益還元を経営上の重要課題の一つとして位置付けておりますが、当社は現在成長過程にあることから、ビジネスチャンスを逸することなく収益基盤の多様化や収益力強化のための事業資金としての活用を最優先としつつ、財務基盤強化のための内部留保も充実させることが株主に対する最大の利益還元につながると考えております。今後の配当政策の基本方針としましては、当社の業績や財務状況、事業環境等を総合的に勘案し、株主利益の最大化と内部留保のバランスを図りながら検討していく方針です。

当社の剰余金の配当は、年１回の期末配当（８月31日基準日）の実施を基本的な方針としております。また、中間配当を行うことができる旨を定款に定めております。この方針に基づき、当連結会計年度につきましては、当期の業績、経営環境等を勘案した普通配当（1株につき20円）に加え、当社株式が2024年11月28日に東京証券取引所グロース市場に上場したことによる上場記念配当（1株につき2円）を合わせた、以下のとおり１株につき22円の期末配当を実施することを予定しております。この結果、当連結会計年度の連結配当性向は19.9％となる予定です。

内部留保金につきましては、経営基盤の長期安定に向けた財務体質の強化及び事業の拡大発展と効率化の実現のための資金として、有効に活用してまいります。

 

(注)  基準日が当事業年度に属する剰余金の配当は、以下のとおりであります。













決議年月日



配当金の総額

（千円）



１株当たり配当額

（円）







2025年11月27日

定時株主総会(予定)



94,068



22.00"
2776,新都ホールディングス株式会社,2026-01-31,"３ 【配当政策】

当社は、利益配当に関して、利益に応じた適正な配当政策を基本としており、株主の皆様への利益還元を最重要課題と位置付けております。配当は、今後の事業展開を勘案し財務体質および経営基盤の強化を図りながら実施していく方針であります。

当社の剰余金の配当は、期末配当の年１回を基本的な方針としております。配当の決定機関は、期末配当は株主総会であります。なお、定款で取締役会の決議により中間配当を行うことができる旨を定めております。

当事業年度の期末配当につきましては、親会社株主に帰属する当期純利益97,825千円を計上しましたが、収益体質の強化と安定化を図り、内部留保を高めるよう努めたいことから、無配とさせていただきます。今後におきましては、事業の効率化および継続的な事業拡大、財務体質、経営基盤を強化し、株主各位への配当を再開出来るよう邁進していく所存であります。"
2778,パレモ・ホールディングス株式会社,2026-02-20,"３ 【配当政策】

当社グループは、株主の方々に対する利益還元を経営の最重要政策の一つと位置づけております。配当の決定機関は、中間配当は取締役会、期末配当は株主総会であります。当社グループの利益配分に対する基本方針は、将来の事業拡大のための投資と経営体質強化のための内部留保の確保とのバランスを総合的に判断し、機動的な配当政策を行うこととしております。なお、当社グループは会社法第454条第５項に規定する中間配当が出来る旨を定款に定めております。しかしながら、当連結会計年度におきましては、健全な財務体質への回復を優先すべきと判断し、2026年３月27日に開示しました「2026年２月期 決算短信（日本基準）（連結）」のとおり、誠に遺憾ながら配当を見送らせていただくことといたしました。継続的な事業成長を実現し、出来るだけ早期に株主の皆様への安定的な配当を実施できるよう努めてまいります。

なお、Ａ種優先株式につきましては、定款第10条２の定めにより、当社は、剰余金の配当を行なうときは、当該配当に係わる基準日の最終の株主名簿に記載又は記録されたＡ種優先株式を有する株主又はＡ種優先株式の登録株式質権者に対し、同日の最終の株主名簿に記載又は記録された普通株式を有する株主又は普通株式登録株式質権者に先立ち、Ａ種優先株１株につき、Ａ種優先株の１株当たりの払込金額1,000,000円及び前事業年度に係る配当後のＡ種累積未払配当金の合計額に対し、Ａ種優先配当年率を5.5％として算出される額の配当をすることとしております。Ａ種優先株式の配当14,575千円を株式会社西松屋チェーンに対して実行いたします。なお、実行日は2026年５月14日株主総会の決議の翌日2026年５月15日としております。

(注)  基準日が当事業年度に属する剰余金の配当は、以下のとおりであります。













決議年月日



配当金の総額 (千円)



１株当たり配当額 (円)







2026年５月14日 定時株主総会決議（予定）



14,575



55,000"
277A,グロービング株式会社,2026-05-31,"３【配当政策】

当社は、これまでの成長フェーズにおいては成長投資を最優先としておりましたが、足元の業績動向および収益構造の質的な変化を踏まえ、キャピタルアロケーション方針を改めて見直し、投資・財務健全性・株主還元のバランスを高度化する段階に入ったと判断いたしました。その結果、当事業年度より、当社として初めて配当を開始することといたしました。コンサルティング×AI を軸とした成長投資を継続的に実行していくことを前提としつつ、継続的かつ規律ある株主還元を実施するため、年間配当性向30％程度を目安とし、増益による増配を目指すことを基本方針としております。

当社の剰余金の配当は、中間配当および期末配当の年２回を基本的な方針としており、これらの配当は、定款に基 づき、取締役会で決議しています。当事業年度は配当開始初年度であることから、期末配当のみを実施いたします

当期の配当金については、上記方針に基づき、期末配当は１株につき16.10円とし、年間の配当金としては１株につき16.10円となりました。 なお、基準日が当事業年度に属する剰余金の配当は、以下のとおりです。

 

決議年月日

基準日

配当金の総額

（百万円）

１株当たり配当額

（円）

2026年７月15日

2026年5月31日

459

16.10

取締役会決議"
2780,株式会社コメ兵ホールディングス,2026-03-31,"３【配当政策】

当社は、株主の皆様に対する利益還元を経営戦略上の重要政策として認識しております。将来の事業展開と経営体質強化のために必要な内部留保を確保しつつ、株主の皆様に対する業績に応じた利益還元として、連結配当性向20％程度を目安に配当を実施してまいります。

また、当社は、中間配当と期末配当の年２回の剰余金の配当を行うことを基本方針としております。

当社は、会社法第459条第１項の規定に基づき、取締役会の決議によって剰余金の配当等を行うことができる旨を定款に定めております。

2026年３月期については、期末配当金を１株当たり53円（前期比１円増配）とし、中間配当金の１株当たり53円（前期比１円増配）を含め、年間配当金を106円（前期比２円増配）とすることを決定いたしました。

当事業年度に係る剰余金の配当は以下のとおりであります。

決議年月日

配当金の総額

（千円）

１株当たり配当額

（円）

2025年11月13日

582,484

53.00

取締役会決議

2026年５月14日

582,429

53.00

取締役会決議"
2782,株式会社セリア,2026-03-31,"３【配当政策】

当社は、企業価値を向上させることによって株主利益を増大させることを重要な課題としております。利益配分につきましては、経営基盤や財務体質の強化を図り、利益水準や配当性向を考慮しつつ安定的な配当の継続を目指しております。

当社は、中間配当と期末配当の年２回の剰余金の配当を行うことを基本方針としております。これらの剰余金の配当の決定機関は、期末配当については株主総会、中間配当については取締役会であります。

上記方針に基づき、当期の１株当たりの期末配当額につきましては、40円を予定しております。なお、中間配当額として35円を実施しておりますので、１株当たりの年間配当額は75円となり、当事業年度の配当性向は34.2％となる予定であります。

内部留保資金につきましては、新店の設備投資や既存店舗のリニューアル資金に充当し、売上高の拡大、株主資本利益率の一層の向上により、長期的な株主利益の増大を図ってまいります。

当社は、「取締役会の決議によって、毎年９月30日を基準日として中間配当をすることができる。」旨を定款に定めております。

なお、第39期に係る剰余金の配当は以下のとおりであります。期末配当に関する配当金の総額2,506百万円及び１株当たり配当額40円につきましては、2026年６月25日開催予定の定時株主総会の決議事項となっております。

決議年月日

配当金の総額

（百万円）

１株当たり配当額

（円）

2025年10月31日

2,193

35

取締役会決議

2026年６月25日

2,506

40

定時株主総会決議（予定）"
2784,アルフレッサホールディングス株式会社,2026-03-31,"３ 【配当政策】

当社は、株主の皆様に対する利益の還元を重要政策のひとつと考えております。当期の配当につきましては、「25-27 中期経営計画Vision2032 Stage2 ～総合力で未来を切り拓く～」で策定したとおり、連結業績を基準に、財務体質の強化や経営基盤の安定性および将来の事業展開等を総合的に考慮し、連結純資産配当率(ＤＯＥ)2.5％以上かつ累進配当を基本方針としております。

これにより１株当たり期末配当金は34円と決定し、既にお支払した中間配当金34円と合わせて１株当たり年間68円といたしました。

 














決議年月日



配当金の総額

(百万円)



１株当たり配当額

(円)







2025年11月６日



取締役会



6,194



34.00







2026年５月15日



取締役会



6,194



34.00





 


 

(注)１．2025年11月６日取締役会決議による配当金の総額には、役員報酬ＢＩＰ信託口が保有する当社株式に対する配当金16百万円が含まれております。

２．2026年５月15日取締役会決議による配当金の総額には、役員報酬ＢＩＰ信託口が保有する当社株式に対する配当金16百万円が含まれております。

 

剰余金の配当の決定機関は取締役会であり、当社は、「会社法第459条第１項各号に定める事項については、法令に別段の定めのある場合を除き、株主総会の決議によらず取締役会の決議により定める。」旨定款に定めております。また、「取締役会の決議により、毎年９月30日を基準日として、中間配当を行うことができる。」旨を定款に定めております。

内部留保資金につきましては、経営基盤の安定性、中期経営計画に定めた事業拡大、事業成長のための投資等に備えたものであります。"
2788,アップルインターナショナル株式会社,2025-12-31,"３【配当政策】

当社は、経営基盤の強化を図りながら、株主に対する利益還元を重要な経営課題として認識しております。安定的な配当の継続・維持に留意するとともに、事業計画、財政状態、各期の業績、株主資本利益率及び配当性向等を総合的に勘案した上、利益還元に努めることを基本方針としております。

当社は、中間配当と期末配当の年２回の剰余金の配当を行うことを基本方針としております。また、「取締役会の決議により、毎年６月30日を基準日として、中間配当を行うことができる。」旨を定款に定めており、剰余金の配当の決定機関は、期末配当については株主総会、中間配当については取締役会であります。

なお、当事業年度に係る剰余金の配当は以下のとおりであります。

決議年月日

配当金の総額

（百万円）

１株当たり配当額

（円）

2026年３月27日

128

10

定時株主総会決議"
2789,株式会社カルラ,2026-02-28,"３ 【配当政策】

利益配分に関する基本方針として、当社は、株主の皆様に対する安定した利益還元を経営の重要課題の一つとして考えており、業績に対応した配当を行うことを基本に、企業体質の強化と今後の更なる業容の拡大に備えるための内部留保の充実等を勘案のうえ決定する方針であります。

当社は、中間配当と期末配当の年２回の剰余金の配当を行うことができる旨を定款で定めております。これらの剰余金の配当の決定機関は、期末配当については株主総会、中間配当については取締役会であります。

当事業年度においては、親会社株主に帰属する当期純利益が２億39百万円となったことから、上記方針に基づき、当期末の剰余金の配当を１株当たり５円といたしました。

内部留保資金につきましては、財務体質の強化を念頭に株主資本の一層の充実を図りながら、新規出店や店舗の改装に際しての設備投資資金等に充当し、経営基盤のより一層の強化に有効に活用してまいります。

なお、当事業年度に係る剰余金の配当は以下のとおりであります。

 













決議年月日



配当金の総額(千円)



１株当たり配当額(円)







2026年５月27日

定時株主総会決議



28,821



5"
278A,Ｔｅｒｒａ　Ｄｒｏｎｅ株式会社,2026-01-31,"３ 【配当政策】

当社は、経営基盤の長期安定に向けた財務体質の強化及び事業の継続的な拡大発展を目指すため、内部留保の充実が重要であると考え、会社設立以来、当事業年度を含め配当は実施しておりません。しかし、株主利益の最大化を重要な経営目標の一つとして認識しており、今後の株主への剰余金の配当につきましては、業績の推移・財務状況、今後の事業・投資計画等を総合的に勘案し、内部留保とのバランスをとりながら検討していく方針です。内部留保資金につきましては、経営基盤の長期安定に向けた財務体質の強化及び事業の継続的な拡大発展を実現させるための資金として、有効に活用していく所存であります。

なお、当社は配当を行う場合、原則期末配当の年１回になりますが、毎年７月31日を基準日とした中間配当をすることができる旨を定款に定めております。配当の決定機関は、期末配当は株主総会、中間配当は取締役会であります。"
2790,株式会社ナフコ,2026-03-31,"３ 【配当政策】

当社は、株主の皆様に対する利益還元と財務の安全性を重要な政策として位置付けております。配当につきましては、安定配当を基本方針としております。

当社の剰余金の配当は、中間配当及び期末配当の年２回を基本的な方針としております。配当の決定機関は、中間配当は取締役会、期末配当は株主総会であります。

このような方針に基づき、当期（2026年３月期）の期末配当金につきましては、１株につき29円としております。この結果、年間配当金は58円となっております。

内部留保資金につきましては、企業体質の強化と今後の事業展開に備え、設備投資等の原資として活用し、企業の発展に努める所存であります。

なお、当社は取締役会の決議により中間配当を行うことができる旨を定款に定めております。

 

(注） 基準日が当事業年度に属する剰余金の配当は、以下のとおりであります。期末配当に関する配当金の総額712百万円及び１株当たり配当額29円については、2026年６月25日開催予定の第57期定時株主総会の決議事項となっております。













決議年月日



配当金の総額
（百万円）



１株当たり配当額
(円）







2025年11月７日

取締役会決議



712



29.00







2026年６月25日

定時株主総会決議



712



29.00"
2791,大黒天物産株式会社,2026-05-31,"３【配当政策】

当社は、キャッシュ・フローを生み出す源泉として、安定した収益性、投資効率の向上、バランスのとれた財務基盤構築が重要であると考えており、資本政策に関する方針として次に掲げる項目に取り組むことで企業価値向上、すなわち、キャッシュ・フローの創出を実現することを基本としております。
・安定した資本効率
・投資効率重視の事業戦略
・財務レバレッジと財務健全性のバランス
・持続的、安定的な株主還元
そのために、株主資本利益率(ＲＯＥ)を重要な経営指標の一つと捉えております。
上記方針に基づき、株主に対する利益還元を経営の最重要課題のひとつと位置づけたうえで、積極的な事業展開と経営基盤の強化に必要な内部留保を勘案し、持続的かつ安定的な利益分配を行うことを基本方針としております。

内部留保につきましては、新規出店投資及び業務の標準化、効率化を目的としたＩＴ、物流関連投資、従業員教育等に有効に役立て、業容拡大と一層の経営基盤の強化につなげてまいります。

当事業年度の配当につきましては、上記方針に基づき当期は１株当たり39円の配当を実施することを予定しております。この結果、当事業年度の配当性向は14.6％となる予定であります

当社の剰余金の配当は、期末配当の年１回を基本方針としており、剰余金の配当の決定機関は、株主総会であります。また、当社は取締役会の決議により、毎年11月30日を基準日として、中間配当を行うことができる旨を定款に定めております。

なお、第40期に係る剰余金の配当は以下のとおりであります。期末配当に関する配当金の総額523百万円及び１株当たり配当額39円につきましては、2026年８月26日開催予定の定時株主総会の決議事項となっております。

決議年月日

配当金の総額

（百万円）

１株当たり配当額

（円）

2026年８月26日

定時株主総会決議（予定）

523

39.00"
2792,株式会社ハニーズホールディングス,2026-05-31,"３ 【配当政策】

当社は、株主の皆さまに対して安定的かつ継続的な配当を行うとともに、新たな事業展開に向けた内部留保の充実を勘案することを基本方針としております。配当につきましては、連結配当性向35％、DOE３％程度を目安としております。内部留保資金の使途につきましては、新規店舗等への設備投資のほか、事業基盤の強化や将来の事業展開のために有効活用してまいります。自己株式の取得につきましては、当社の財務状況等を勘案し、適宜、適切に検討を行ってまいります。

当事業年度の期末配当につきましては、2025年７月８日付公表のとおり１株当たり30円とすることを2026年７月21日開催の取締役会において決議しておりますので、2026年１月30日に実施した中間配当の１株当たり25円とあわせ、年間配当金は１株当たり55円となります。また、当社の剰余金の配当は、中間配当および期末配当の年２回実施することとしており、これらの剰余金の配当の決定機関については、会社法第459条の規定に基づき取締役会としております。

(注)  基準日が当事業年度に属する剰余金の配当は、以下のとおりであります。

 













決議年月日



配当金の総額
(百万円)



１株当たり配当額
(円)







2026年1月7日

取締役会決議



696



25







2026年7月21日

取締役会決議



836



30"
2795,日本プリメックス株式会社,2026-03-31,"３ 【配当政策】

  当社は、株主に対する利益還元を経営戦略の重要な要素と認識し、株主重視の基本政策に基づき、将来にわたる安定配当の維持と企業体質の強化ならびに今後の事業展開に必要な内部留保の確保等を念頭に、利益水準、企業の財政状態、配当性向等を総合的に検討した上で積極的に株主への利益還元に取り組んでいく方針であります。

  当社の剰余金の配当は、期末配当の年１回を基本的な方針としており、期末配当の決定機関は株主総会であります。

  当期の剰余金の配当につきましては、継続的な安定配当の基本方針のもと、１株当たり25円としております。

また、内部留保資金につきましては、業容の拡大にむけた財務体質の強化、新製品の開発、新市場の開拓などに活用し、株主の皆様への長期的、安定的な配当水準の維持、向上に努めて参りたいと考えております。

なお、当事業年度においては、第48回定時株主総会（2026年６月22日開催予定）において、剰余金の配当（１株につき25円）を決議の予定です。

  また、当社は定款において、取締役会の決議により毎年９月30日を基準として、中間配当を行うことができる旨を定めております。

 

（注）基準日が当事業年度に属する剰余金の配当は、以下のとおりであります。













決議年月日



配当金の総額（千円）



１株当たりの配当額（円）







2026年６月22日

定時株主総会決議（予定）



129,319



25"
2796,ファーマライズホールディングス株式会社,2026-05-31,"３ 【配当政策】

当社は、株主に対する利益還元を経営の重要政策と位置付けて、安定的かつ継続的に業績の成長に見合った成果の配分を行っていくことを基本方針としております。この方針に基づき、業績及び配当性向を総合的に考慮して、利益配当額を決定しております。

当社の剰余金の配当は、期末配当の年１回を基本方針とし、期末配当の決議機関は株主総会であります。

内部留保金につきましては、これらを新規出店及び今後の事業展開への備え並びに財務基盤の強化に充当し、変化する経営環境の中で競争力を高め、将来の業績拡大を通して株主への積極的な利益還元を図ってまいります。

この方針のもと、当期における剰余金の配当につきましては、１株当たり年間14円の剰余金の配当を予定しております。

なお、当社は会社法第454条第５項に基づき中間配当ができる旨定款に定めております。

 

(注)基準日が当事業年度に属する剰余金の配当は、以下のとおりであります。













決議年月日



配当金の総額
(百万円)



１株当たり
配当額(円)







令和８年８月28日

定時株主総会決議(予定)



161



14"
2798,株式会社ワイズテーブルコーポレーション,2026-02-28,"３【配当政策】

当社は、株主の皆様への利益還元を経営の重要な課題として認識しており、安定的な配当の継続を基本として、当該決算期の連結業績と次年度の見通し、新規出店、新業態の開発等の資金確保のための内部留保の充実等を勘案しながら実施してまいりたいと考えております。

当社の剰余金の配当は、期末配当の年１回を基本的な方針としており、配当の決定機関は、期末配当につきましては株主総会です。なお、当社は「取締役会の決議によって、毎年８月31日を基準日として中間配当を行うことができる」旨を定めております。

なお、誠に遺憾ながら当期の期末配当につきましては無配としております。"
2801,キッコーマン株式会社,2026-03-31,"３【配当政策】

当社は、株主各位に対する配当政策を重要な経営課題の一つとして位置づけ、企業基盤の強化、今後の事業の拡充、連結業績等を勘案しながら、利益配分を行っていくことを基本方針としております。また、当社は会社法第454条第５項に規定する中間配当を行うことができる旨を定款に定めており、年２回の剰余金の配当を行うことを基本方針としております。なお、これらの剰余金の配当の決定機関は、期末配当につきましては株主総会、中間配当につきましては、取締役会であります。

当期の配当につきましては、１株当たり25円（中間配当は10円、期末配当は普通配当15円）といたしました。これにより当期の連結配当性向は37.9％となります。

また、内部留保金につきましては、長期的な視点に立って、海外への投融資、成長分野及び合理化のための設備投資、事業化指向の研究開発投資、新規需要を喚起するための市場投資等、企業価値の増大のための諸施策に活用してまいります。

 

なお、当事業年度の剰余金の配当は以下のとおりであります。

決議年月日

配当金の総額

（百万円）

１株当たりの配当額

（円）

2025年10月27日

9,354

10

取締役会決議

2026年６月23日

13,916

15

定時株主総会決議（予定）"
2802,味の素株式会社,2026-03-31,"3【配当政策】

当社は、中間配当と期末配当の年2回の配当を行うことを基本方針としており、中間配当は取締役会、期末配当は 株主総会において決定いたします。なお、法令に別段の定めがある場合を除き、剰余金配当その他会社法第459条第1 項各号に掲げる事項を、取締役会の決議により定めることができる旨を定款に規定しております。期末の剰余金配当 については、上記の通り定款に規定しておりますが、感染症および天変地異等により株主総会の開催および運営に影 響を及ぼす場合を除き、株主総会の決議によることを原則としております。

「中期ASV経営 2030ロードマップ」において「累進配当政策」を宣言し、減配せず、増配または配当維持の方針を示しており、当期（2026年3月期）の株主配当は、前期より8円増配となる、1株当たり年間48円（うち中間配当金24円）を予定しております。併せて、減損損失の計上等、非定常的な利益変動の影響を受けにくい事業利益をベースとする「ノーマライズドEPSに基づく配当」（注）を当社の標準的な配当計算方法として位置付けています。

事業利益を着実に増加させることで、今後も更なる増配を図ります。なお、3か年の総還元性向は50％以上（対親会社の所有者に帰属する当期利益）としております。

これらを踏まえ、次期（2027年3月期）の株主配当につきましては、当期より年間で2円増額となる、1株当たり年間50円（うち中間配当金25円）を予定しております。

なお、内部留保金はオーガニック成長を最優先にし、次にM&Aで事業成長を推進します。その上で、ネット有利子負債/EBITDA倍率＜2.0倍の範囲内で機動的に自己株式取得を行います。

 

（注）ノーマライズドEPSに基づく配当＝（事業利益×（1－味の素グループ標準税率27％））÷発行済株式総数×還元係数35％

 

 

当期に係る剰余金の配当は以下のとおりです。

決議年月日

配当金の総額（百万円）

1株当たり配当額（円）

2025年11月6日

23,350

24

取締役会決議

2026年6月19日

23,021

24

定時株主総会決議（予定）"
2804,ブルドックソース株式会社,2026-03-31,"３ 【配当政策】

当社の配当政策は、業績、財務状況、将来の事業展開等を勘案し、継続的、安定的な配当をめざすことを基本としております。

当社の剰余金の配当は、中間配当及び期末配当の年２回を基本方針としております。配当の決定機関は、中間配当は取締役会、期末配当は株主総会であります。なお、当社は取締役会の決議をもって剰余金の配当を行うことができることを定款に定めております。

剰余金の配当につきましては、業績や財務状況、成長戦略等を総合的に勘案し、株主の皆様への利益還元を行うことを基本といたします。この基本方針に基づき、総還元性向60％を目標としております。内部留保は、競争力強化のための研究開発、製造設備及び新規事業への投資、財務体質強化等に充当する予定であります。

当事業年度の中間配当は１株当たり20.00円、2026年6月25日開催の定時株主総会で決議予定の期末配当は１株当たり25.00円（うち5.00円は特別配当）、年間では１株当たり45.00円を予定しております。

 

なお、基準日が当事業年度に係る剰余金の配当は、以下のとおりであります。














決議年月日



配当金の総額（千円）



１株当たり配当額（円）







2025年11月21日



取締役会決議



260,122



20.00







2026年６月25日



定時株主総会決議
（予定）



319,175



25.00





 


(注) 2025年11月21日取締役会決議による配当金の総額には、役員報酬BIP信託が保有する当社株式に対する配当金3,148千円、2026年６月25日定時株主総会決議（予定）による配当金の総額には、役員報酬BIP信託が保有する当社株式に対する配当金3,935千円が含まれております。"
2805,ヱスビー食品株式会社,2026-03-31,"３【配当政策】

 当社は、株主の皆様に対する利益還元を経営の重要課題と位置付け、今後の事業展開に向けた投資のための内部留保の充実を図りつつ、経営体質の一層の強化と堅実な経営基盤の確保に努めますとともに、純資産配当率や配当性向などの各種指標を勘案し、業績に裏付けられた成果を、安定的な配当として維持、継続いたしますことを基本方針としております。

上記方針に基づき、株主還元につきましては、中長期的に総還元性向35％を目指し一層の充実に努めつつ、配当水準に関しましては、第４次中期経営計画の最終年度に連結配当性向20％以上を目標とした安定的な配当と増配に取り組んでまいります。

当社の剰余金の配当につきましては、中間配当及び期末配当の年２回を基本的な方針としております。また当社は、「剰余金の配当等会社法第459条第１項各号に定める事項については、法令に別段の定めのある場合を除き、株主総会決議によらず取締役会の決議によって定める」旨を定款に定めております。

内部留保資金につきましては、持続的な成長と企業価値の向上に資する事業や成長分野への投資に活用してまいります。

なお、当事業年度に係る剰余金の配当は以下のとおりであります。













決議年月日



配当金の総額
（百万円）



１株当たり配当額
（円）







2025年10月31日

取締役会決議



580



24







2026年５月22日

取締役会決議



628



26"
2806,ユタカフーズ株式会社,2026-03-31,"３ 【配当政策】

当社は、経営資源の配分を考慮し、安定的な配当を目指しております。

当社の剰余金の配当は、中間配当及び期末配当の年２回を基本的な方針としております。配当の決定機関は、中間配当は取締役会、期末配当は株主総会であります。

当事業年度の剰余金の配当につきましては、１株当たり期末配当20円に、中間配当金20円を含め年間配当金は40円を、2026年６月24日開催予定の定時株主総会で決議して実施する予定であります。

内部留保金につきましては、既存の事業拡大や新規事業の開拓などの設備投資等の資金需要に備える所存であります。将来的には収益の向上に貢献し、株主各位への安定的な配当に寄与していくと考えます。

当社は、「取締役会の決議によって、毎年９月30日を基準日として中間配当をすることができる。」旨を定款に定めております。

なお、基準日が当事業年度に属する剰余金の配当は、以下のとおりであります。













決議年月日



配当金の総額
（百万円）



１株当たり配当額
（円）







2025年10月31日

取締役会決議



138



20







2026年６月24日

定時株主総会決議（予定）



138



20"
2809,キユーピー株式会社,2025-11-30,"３【配当政策】

当社は、持続的な企業価値の向上と株主への適正な利益還元を経営の最重要課題の一つと認識しています。2025年度から2028年度までの中期経営計画においては、「事業戦略」と「財務戦略」の両輪による経営、および資本コストを意識した経営を重視し、「財務戦略」についてはより効率性を重視する方針へと転換することで、資本効率の向上と財務健全性の両立をめざします。

資金配分については、中長期的な成長に向けた投資と適正な株主還元を基本としています。中期経営計画で設定

した1,000億円の投資枠を計画通り執行し、海外事業の成長加速や国内事業の効率化、ＤＸ、新規領域への投資を

推進します。また、Ｍ＆Ａやアライアンス等の将来の成長に寄与する投資も検討し、キャッシュを過度に蓄積する

ことなく、成長に向けた資金活用を行う方針です。

2028年度までの中期経営計画の配当金の決定に際しては、1株当たり年間配当金54円を下限とし、段階的に引き

上げるとともに、４年間累計の総還元性向で50％以上を目安とします。自己株式の取得については、株価動向や財

務状況を考慮し、機動的に実施する予定です。

また、 配当金については、会社法第459条第１項および第454条第５項の規定に基づき、取締役会の決議によっ

て中間と期末の年２回、剰余金の配当を行うことができる旨を定款に定めています。

これらを踏まえ、2025年11月期の配当金は、１株当たり年間64円（中間配当金32円（キユーピー マヨネーズ発

売100周年記念配当５円含む）、期末配当金32円（同記念配当５円含む））となります。

 

当事業年度に係る剰余金の配当は以下のとおりです。

 

決議年月日

配当金の総額（百万円）

１株当たり配当額（円）

2025年６月30日

4,448

32.00

取締役会決議

2026年１月21日

4,453

32.00

取締役会決議

なお、当社は連結配当規制適用会社です。"
280A,株式会社ＴＭＨ,2025-11-30,"３【配当政策】

当社の利益配分につきましては、将来の事業展開と経営体質強化のために必要な内部留保を確保しつつ、安定した配当を継続して実施していくことを基本方針としております。当社は、株主利益の最大化を重要な経営目標の一つとして認識しており、今後の株主への剰余金の配当につきましては、業績の推移・財務状況、今後の事業・投資計画等を総合的に勘案し、内部留保とのバランスをとりながら検討していく方針です。

当面、利益配分につきましては、営業拠点や物流拠点の設置資金に充当する予定であり、事業拡大のため有効に活用してまいります。そのため、当事業年度の剰余金の配当につきましては見送ることといたしました。

配当を実施する場合において、当社は、中間配当（基準日：毎年５月31日）と期末配当（基準日：毎年11月30日）の年２回の剰余金の配当を行うことを基本方針としております。なお、当社は、中間配当と期末配当の年２回の基準日のほか、「基準日を定めて剰余金の配当をすることができる。」旨を定款に定めております。

これらの剰余金の配当の決定機関は、中間配当は取締役会、期末配当は株主総会であり、「当会社は、取締役会の決議によって、中間配当をすることができる。」旨を定款に定めております。"
2810,ハウス食品グループ本社株式会社,2026-03-31,"３ 【配当政策】

当社グループは、株主の皆様への利益還元を経営の重要課題の一つと位置づけ、利益配分の基本方針を総還元性向40％以上、年間配当は１株当たり46円以上を安定して継続配当することとしております。なお、第八次中期計画においては、政策保有株式縮減を進め、それを原資とした150億円の自己株式取得を実施することにより、総還元性向50％以上をめざすこととしております。

第八次中期計画の進捗を踏まえてさらなる利益還元を進めるため、当連結会計年度の期末配当につきましては、１株当たり22円増配した46円とし、中間配当24円とあわせた年間配当は１株当たり70円を予定しております。

一方で、当連結会計年度に自己株式3,473千株、100億円の取得を行ったことにより、総還元性向は223.2％となります。

2027年３月期より配当はDOE（純資産配当率）３％以上を目安とし、原則として累進配当を実施していくこととしており、翌連結会計年度の配当につきましては、１株当たり年間100円（中間配当50円、期末配当50円）を予定しております。

また、会社法第454条第５項に規定する中間配当を行うことができる旨を定款に定めており、中間配当と期末配当の年２回を行うことを基本方針としております。配当の決定機関は、期末配当につきましては株主総会、中間配当につきましては取締役会となっております。

内部留保金につきましては、将来を見据えた製造設備・研究開発などの投資や新たな事業展開のために活用してまいりたいと考えております。

 

当連結会計年度に係る剰余金の配当は以下のとおりであります。

決議年月日

配当金の総額

(百万円)

１株当たり配当額

(円)

2025年11月６日

2,234

24.00

取締役会

2026年６月24日

4,194

46.00

定時株主総会（予定）"
2811,カゴメ株式会社,2025-12-31,"３ 【配当政策】

当事業年度の配当につきましては、2022年から2025年の４ヵ年で進めていた中期経営計画期間中において、「連結業績を基準に、総還元性向40％」を目指すこととし、合わせて「年間配当金額38円以上を安定的に現金配当する」こととしておりました。上記の方針に基づき、当事業年度の配当につきましては、１株当たり48円とすることといたしました。

また、当社は株主の皆様への利益還元を重要な経営課題の一つとして認識しており 2026年から2028年までの中期経営計画「Kagome Group Plan 2028」 期間の株主様への還元は「同期間累計の連結業績を基準に、総還元性向50％」を目指します。配当金は利益成長に応じた配当水準の向上を目指すとともに、減配を行わない累進配当を導入し、安定的な現金配当を方針としています。なお、一過性の要因により、親会社の所有者に帰属する当期利益が大きく変動する場合は、当該影響を除外して総還元性向を算定します。除外した損益は、その理由を含めて開示します。

翌事業年度の配当につきましては、新たな方針に則り、2025年12月期の普通配当48円から10円増配し、１株当たり58円の配当とさせていただく予定であります。

 

なお、当事業年度に係る取締役会決議による剰余金の配当は、以下の通りであります。













決議年月日



配当金の総額
(百万円)



１株当たり配当額
(円)







2026年２月13日



4,368



48"
2813,和弘食品株式会社,2026-03-31,"３ 【配当政策】

当社は、企業価値の拡大を通して、株主へ長期的かつ適正な利益還元を行う事が会社の責務であると考えております。

このため配当に関しましては、中長期的な企業価値向上のための成長投資及び健全な財務基盤の維持を図りつつ、業績も勘案した安定的な株主還元を行うことを基本的な方針としております。

当社は、中間配当と期末配当の年２回の剰余金の配当を行うことを基本方針とし、「会社法第459条第１項各号に定める事項については、法令に特段の定めがある場合を除き、取締役会の決議によって定めることができる」旨を定款で定めており、これらの剰余金の配当の決定機関は、取締役会としております。

当事業年度末の配当金につきましては、上記の方針に基づき１株当たり100円の配当を実施することを決定いたしました。

内部留保資金につきましては、今後予想される経営環境の変化に対応すべく、今まで以上に価格対応力を高め、技術革新に対応する研究開発活動等に有効活用し、さらには、今後の事業戦略の展開のために有効投資してまいりたいと考えております。

なお、当事業年度に属する剰余金の配当は、以下のとおりであります。

 













決議年月日



配当金の総額
(千円)



１株当たり配当額
(円)







2026年５月15日

取締役会決議



249,510



100"
2814,佐藤食品工業株式会社,2026-03-31,"３ 【配当政策】

当社は、株主の皆様に対する積極的な利益還元を経営の最重要政策のひとつとして位置づけており、業績の見通し、財政状態、配当性向及び純資産配当率等を総合的に勘案して配当を実施することを基本方針としております。

当社の剰余金の配当は、中間配当及び期末配当の年２回を基本的な方針としており、配当決定機関は、中間配当は取締役会、期末配当は株主総会であります。

当事業年度の剰余金の配当につきましては、継続的な安定配当の基本方針のもと、中間配当は１株当たり22円を実施し、期末配当は１株当たり28円を、2026年６月24日開催予定の定時株主総会で決議して実施する予定であります。

この結果、当事業年度の純資産配当率は 0.9％、株価純資産倍率 0.5倍となりました。

当社は、上記方針のもと、金融資本市場の変動による景気の下振れリスクや、原材料費等の高騰などに備えるため、内部留保資金を確保しつつ、新製品・新技術の開発に必要な新規設備の導入や工場設備の改良・増強・老朽化対策工事などの有効投資を通じて健全な経営の継続と安定的な業績の拡大を図り、株主の皆様への継続的かつ安定的な利益還元を目指してまいります。

なお、当社は、取締役会の決議により、中間配当を行うことができる旨を定款に定めております。

 

基準日が当事業年度に属する剰余金の配当は、以下のとおりであります。













決議年月日



配当金の総額
（千円）



１株当たり配当額
（円）







2025年11月７日

取締役会決議



78,975



22.00







2026年６月24日

定時株主総会決議（予定）



108,607



28.00





 


(注)１．2025年11月７日取締役会決議による配当金の総額には、「株式給付信託(J-ESOP)」の信託財産として株式会社日本カストディ銀行(信託Ｅ口)が保有する当社株式に対する配当金 3,324千円及び、信託を用いた業績連動型株式報酬制度の信託財産として株式会社日本カストディ銀行（信託口）が保有する当社株式に対する配当金 2,494千円が含まれております。

２．2026年６月24日定時株主総会にて決議予定の配当金の総額には、「株式給付信託(J-ESOP)」の信託財産として株式会社日本カストディ銀行(信託Ｅ口)が保有する当社株式に対する配当金 4,653千円及び、信託を用いた業績連動型株式報酬制度の信託財産として株式会社日本カストディ銀行（信託口）が保有する当社株式に対する配当金 3,492千円が含まれております。"
2815,アリアケジャパン株式会社,2026-03-31,"３【配当政策】

当社は、株主の皆様への適切な利益還元を経営の最重要政策のひとつとして位置づけております。従来より業績に対応した配当を行うことを基本としつつ、今後の経営環境ならびに長期事業展開に留意し、企業体質の強化のための内部留保を充分行っていくとともに、業績の伸長に合わせて、諸指標を勘案しながら収益を長期安定的な株主配分として継続する方針としております。

具体的には株主の皆様の投下資本に対し、収益の安定的な配分を目的として、DOE（株主資本配当率＝Dividend on Equity）をベースとした配当を実施していきます。

DOEは株主の皆様に配当率を直接的に担保するものとして有効であると判断しており、当社は4.0％を現在の指標として、これ以上の配当を安定的に実現できるよう経営努力をしております。

内部留保資金につきましては、当社の全世界戦略に基づく天然調味料事業の発展および収益のための投融資や、自己株式取得の機動的・弾力的運用による株式価値向上等に備えることにより、企業内容の充実を図ってまいります。

当社は、中間配当と期末配当の年２回の剰余金の配当を行うことを基本方針としております。

これらの剰余金の配当の決定機関は、期末配当については株主総会、中間配当については取締役会であります。

期末配当金につきましては、当期は当社を取りまく環境は大変厳しいものがありましたが、１株当たり120円といたしました。

この結果、年間配当金は１株当たり180円となります。

当社は、「取締役会の決議により、毎年９月30日を基準日として、中間配当を行うことができる。」旨を定款に定めております。

なお、当事業年度に係る剰余金の配当は以下のとおりであります。

 

決議年月日

配当金の総額

（千円）

１株当たり配当額

（円）

2025年11月７日

1,910,976

60.00

取締役会決議

2026年６月19日

3,821,944

120.00

定時株主総会決議（予定）"
2816,株式会社ダイショー,2026-03-31,"３ 【配当政策】

当社は、業績の見通し、配当性向などを総合的に判断しつつ、長期安定的な配当の継続を基本方針とし、株主の皆様のご期待に応えてまいりたいと考えております。

また、内部留保資金につきましては、経営基盤の強化を図る貴重な資金として捉え、今後の事業展開等に柔軟かつ効果的に活用させていただく予定であります。

当社の剰余金の配当は、従来通りの第２四半期末日、期末日を基準とした年２回の配当を継続し、変更しない予定であります。これらの剰余金の配当の決定機関は、中間配当については取締役会、期末配当については株主総会であり、当社は毎年９月30日を基準日として中間配当を行うことができる旨を定款に定めております。

当事業年度の剰余金の配当につきましては、利益配分に関する基本方針を基準に2026年６月24日開催予定の第60期定時株主総会において、１株につき12円（創業60周年記念配当３円含む）の配当を決議する予定であります。中間配当（１株当たり９円）と合わせて、当事業年度の１株当たり配当金は21円とすることを予定しております。

なお、第60期の剰余金の配当は以下のとおりであります。














決議年月日



配当金の総額（百万円）



1株当たりの配当額（円）







2025年11月４日

取締役会決議



86



9.00







2026年６月24日

定時株主総会決議（予定）



115



12.00"
2818,株式会社ピエトロ,2026-03-31,"３【配当政策】

当社は、株主の皆様への利益配分を経営上の重要な課題の１つと考えています。中長期的な視野のもと企業体質の強化と事業の拡充を図りながら、安定配当を行うことを基本方針とし、さらに業績に対応する株主還元を目指しています。

当社は、中間配当と期末配当の年２回の剰余金の配当を行うことを基本方針とし、更に、業績に対応する株主還元を目指してまいります。

これらの剰余金の配当の決定機関は、期末配当については株主総会、中間配当については取締役会です。

2026年３月期の利益配当につきましては、安定配当を念頭に、期初計画どおり期末の１株当たりの普通配当金を24円とする予定です。

内部留保資金につきましては、今後の事業展開のための資金として有効投資してまいりたいと考えています。

当社は、中間配当につき「取締役会の決議によって、毎年９月30日の最終の株主名簿に記載又は記録された株主又は登録株式質権者に対し、会社法第454条第５項に定める剰余金の配当をすることができる。」旨を定款に定めています。

なお、当事業年度に係る剰余金の配当は以下のとおりです。

決議年月日

配当金の総額（千円）

１株当たり配当額（円）

2026年６月23日

166,270

24

定時株主総会決議（予定）"
2819,エバラ食品工業株式会社,2026-03-31,"３【配当政策】

当社は、利益配分に関する基本方針として「挑戦と成長のサイクルの実現に向けた、成長領域への積極投資」「中長期的な資本の最適化に向けた、株主の皆さまへの柔軟かつ効果的な株主還元の実行」を掲げております。さらなる事業領域の拡大に向け、土台となる研究・開発体制の強化、生産設備の拡充、人的資本の充実等に、柔軟かつ効果的に投資してまいりたいと考えております。

また、株主還元指標として総還元性向を採用しております。中期経営計画「Ebara Reboot 2026」（2024～2026年度）の期間におきましては、総還元性向50％以上を目標に、足元の事業環境や業績動向に応じた配当金に加え、自己株式の取得等を適宜検討、実行してまいります。

また、当社は、中間配当と期末配当の年２回の剰余金の配当を行う方針であります。なお、当社は、会社法第459条第１項の規定に基づき、取締役会の決議をもって剰余金の配当等を定める旨を定款で規定しております。

 

当期の配当につきましては、上記の基本方針のもと、期末配当金を期首予想から、２円増配の１株当たり25円とし、既に実施した中間配当金22円と合わせ、１株当たり年間47円といたしました。また、次期の配当につきましては、当期配当額から３円増配の１株当たり年間50円（うち中間配当金25円）を予定しております。

 

当事業年度に係る剰余金の配当は以下のとおりであります。

決議年月日

配当金の総額

（百万円）

１株当たり配当額

（円）

2025年10月24日

215

22

取締役会決議

2026年５月22日

243

25

取締役会決議"
281A,インフォメティス株式会社,2025-12-31,"３ 【配当政策】

当社は、株主への利益還元については、重要な経営課題の１つとして位置付けております。

当社の剰余金の配当は、年１回の期末配当を基本方針としており、剰余金の配当の決定機関は取締役会であります。また、取締役会の決議によって毎年６月30日を基準日として中間配当を行うことができる旨を定款に定めております。その他、基準日を設けて剰余金の配当を行うことができる旨を定款で定めております。

しかしながら、現在当社は成長拡大の過程にあると考えており、財務体質強化のため内部留保の充実を図り、事業の安定的かつ継続的な発展に努めることが株主価値の最大化に資すると考えております。

内部留保資金につきましては、更なる成長に向けた研究開発、事業拡大に向けた運転資金や人材採用及び育成投資等の組織の構築のための投資に充当していく方針であります。

このことから、当社は創業以来配当を実施しておらず、当面は引き続き配当を行わず内部留保を基本方針とするものの、財政状態及び経営成績、今後の事業計画を総合的に勘案し、配当方針については引き続き検討する予定であります。"
2820,株式会社やまみ,2025-06-30,"３ 【配当政策】

当社は現在成長過程にあり、事業上獲得した資金については事業拡大のための成長投資に充当することを最優先としつつ、同時に株主への利益還元を経営上の最重要課題と位置付けております。配当につきましては、設備投資等将来にわたって企業価値を高める資金を勘案しながら、配当性向30%以上または下限としてDOE（株主資本配当率）2.5%を目途に、継続的かつ安定的な配当を行うことを基本方針といたします。

当社の剰余金の配当は、中間配当及び期末配当の年２回を基本的な方針としております。配当の決定機関は、中間配当は取締役会、期末配当は株主総会であります。

内部留保金の使途につきましては、今後の事業展開への備えとしての設備投資として投入していくこととしております。

なお、当社は中間配当を行うことができる旨を定款に定めております。

当期の方針につきましては、上記の基本方針のもと、期末配当金を１株当たり36円とし、既に実施した中間配当金36円と合わせ、１株当たり年間72円といたしました。

 

(注) 基準日が当事業年度に属する剰余金の配当は、以下のとおりであります。

 













決議年月日



配当金の総額
(千円)



１株当たり配当額
(円)







2025年２月13日

取締役会決議



250,818



36.00







2025年９月26日

定時株主総会決議（予定）



250,816



36.00"
2831,はごろもフーズ株式会社,2026-03-31,"３【配当政策】

当社の利益配分は、収益性の向上と財務体質の強化のために内部留保の充実をはかるとともに、安定した配当を続けることを基本としています。

当社は、中間配当と期末配当の年２回の剰余金の配当を行うことを基本方針としています。これらの剰余金の配当の決定機関は、中間配当および期末配当ともに取締役会にて行っています。

第97期の配当につきましては、中間配当金として１株当たり30円に創業95周年記念配当金１株当たり５円を加え、期末配当金も同様に１株当たり35円、年間配当金は１株当たり70円としました。

内部留保資金につきましては、一層の品質向上と生産合理化のための投資と安定的な配当の維持への備えに充てていきます。

また、当社は会社法第454条第５項に規定する中間配当をすることができる旨を定款に定めています。

なお、第97期の剰余金の配当は以下のとおりです。

決議年月日

配当金の総額

（百万円）

１株当たり配当額

（円）

2025年11月13日

329

35.00

取締役会決議

2026年５月13日

329

35.00

取締役会決議"
285A,キオクシアホールディングス株式会社,2026-03-31,"３【配当政策】

当社は、期末配当及び中間配当のほか、基準日を定めて剰余金の配当を行うことができる旨及び会社法第459条第１項の規定に基づき、剰余金の配当にかかる決定機関を取締役会とすることができる旨を定款に定めております。

なお、当社の定款の規定上、普通株主に先立って、甲種優先株式及び乙種優先株式（社債型優先株式）の株主は剰余金の配当及び残余財産の分配を受けることができるとされております。ただし、2025年７月25日にすべての甲種優先株式及び乙種優先株式は取得及び消却されましたので、現在発行済みの甲種優先株式及び乙種優先株式はございません。

当社は、流動性の確保や将来に向けた成長投資等を考慮し、その上で余剰となる累積フリー・キャッシュ・フローを、更なる成長投資と株主還元に使用する予定です。株主還元の一部は、累進配当政策とする検討を開始しております。"
286A,株式会社ユカリア,2025-12-31,"３ 【配当政策】

当社は、中長期的かつ持続的な企業価値の向上を目指しており、そのためには、将来の成長を見据えた提携医療法人のファイナンス支援をともなう不動産取得や、新規事業への先行投資、及び資本業務提携等を積極的に行うことが重要であると認識しています。現時点では内部留保の充実を図り、事業の拡大と効率化のために投資し、企業価値の増大を優先すべきだと考えています。

当事業年度においては、上記の理由から配当を実施せず、内部留保の確保を優先しました。内部留保資金については、将来の新規事業展開等のための先行投資及び人員の拡充・育成を含む管理体制基盤強化のための投資に活用する方針です。

将来的には、各期の経営成績及び財政状態を勘案しながら株主に対する利益還元を検討していく方針ですが、現時点において配当の実施時期等については未定です。

剰余金の配当を行う場合、中間配当及び期末配当の年２回剰余金の配当を行うことを基本としており、配当の決定機関は株主総会です。なお、当社は、取締役会の決議によって、会社法第454条第５項に定める剰余金の配当をすることができる旨を定款に定めています。"
2871,株式会社ニチレイ,2026-03-31,"３【配当政策】

当社は、各事業年度の連結業績およびキャッシュ・フローなどを勘案しながら、連結自己資本配当率（DOE）4.0％を下限とする累進配当に基づき安定的な配当を継続することを基本方針としております。当事業年度の期末配当金につきましては、１株当たり24円とし、中間配当金23円と合わせて１株当たり47円を予定しております。

なお、当社は会社法第454条第５項に規定する中間配当を行うことができる旨を定款で定めており、剰余金の配当は中間配当及び期末配当の年２回行うこととしております。これらの配当の決定機関は、中間配当は取締役会、期末配当は株主総会であります。

また、災害や疫病の流行等の不測の事態が発生し、株主総会の開催が困難と取締役会が判断した場合に限り、取締役会の決議により期末配当を行うことができる旨を定款で定めております。

 

（注）  基準日が当事業年度に属する剰余金の配当は、以下のとおりであります。

決議年月日

配当金の総額

（百万円）

１株当たり配当額

（円）

2025年11月11日

5,764

23

取締役会決議

2026年６月24日

6,014

24

定時株主総会決議（予定）"
2872,株式会社セイヒョー,2026-02-28,"３ 【配当政策】

当社の利益配分につきましては、将来の事業拡大と企業体質強化のために必要な内部留保を確保しつつ、安定した配当を継続して実施し、内部留保金につきましては、設備投資及び情報化投資等に有効活用していくことを基本方針としております。

当社は、年１回の期末配当を行うことを基本方針としております。

配当額については、各事業年度の業績、財務状況及び今後の経営環境等を総合的に勘案したうえで、剰余金の配当の決定機関である株主総会で承認をいただくこととしております。

当事業年度の期末配当につきましては、2026年５月26日開催の第115回定時株主総会において、１株当たり18円の配当を実施することを決議する予定であります。

 

(注) 基準日が当事業年度に属する剰余金の配当は、以下のとおりであります。













決議年月日



配当金の総額

（千円）



１株当たり配当額

（円）







2026年５月26日

定時株主総会決議（予定）



25,261



18.00"
2874,横浜冷凍株式会社,2025-09-30,"３【配当政策】

当社は、株主に対する利益還元を重要な経営課題の一つと認識しており、安定的な配当を継続して行うことを基本方針としております。利益の一部につきましては内部留保を行い、中長期的戦略に立った設備投資やＭ＆Ａなどへの投融資に備えております。

当社は、中間配当と期末配当の年２回の剰余金の配当を行うことを基本方針としております。これらの剰余金の配当の決定機関は、期末配当については株主総会、中間配当については取締役会であります。
当期の配当につきましては、上記方針に基づき１株当たり24円（うち中間配当12円)を実施する予定であります。

当社は、「取締役会の決議により、毎年３月31日を基準日として、中間配当を行うことができる。」旨を定款に
定めております。
なお、当事業年度に係る剰余金の配当は以下のとおりであります。

決議年月日

配当金の総額

(百万円)

１株当たり配当額

(円)

2025年５月15日

709

12.00

取締役会決議

2025年12月23日

709

12.00

定時株主総会決議

(予定)

（注）2025年５月15日取締役会決議による配当金の総額には、役員報酬ＢＩＰ信託が保有する当社株式に対する配当金１百万円、2025年12月23日定時株主総会決議による配当金の総額には、役員報酬ＢＩＰ信託が保有する当社株式に対する配当金１百万円が含まれております。"
2875,東洋水産株式会社,2026-03-31,"３【配当政策】

当社は、中長期的な企業価値の向上と配当及び自己株式の取得の実施を通じて、株主へ安定的に利益を還元していくことを重要な経営課題と位置付けております。

当社は、中間配当と期末配当の年２回の剰余金の配当を行うことを基本方針としております。これらの剰余金の配当の決定機関は、期末配当については株主総会、中間配当については取締役会であります。

当期末配当金については、継続的な安定配当の基本方針のもと、１株当たり140円とし、中間配当80円と合わせて、年間で計220円とすることを予定しております。この結果、当期の配当性向は42.1％（連結配当性向30.8％）となる予定であります。

また、当期の内部留保資金については、中長期的な売上や利益の成長を図るための生産能力増強投資や効率化投資、急速な技術革新や顧客ニーズの変化等に対応するための開発投資等に活用し、企業価値の向上を目指してまいります。

なお、当社は2026年３月期からの３ヵ年中期経営計画において、株主への利益還元をより強化するために、連結配当性向を30％超とすることに加えて、機動的に自己株式の取得も行い、総還元性向を70％を目途に実施することといたしました。３ヵ年中期経営計画の諸施策を実施することで利益を着実に増加させ、今後も更なる増配を図ってまいります。

これを踏まえ、次期（2027年３月期）の株主配当につきましては、１株当たり年間220円（うち中間配当金80円）を予定しております。

当社は、「取締役会の決議により、毎年９月30日を基準日として、中間配当を行うことができる」旨を定款に定めております。

なお、当事業年度に係る剰余金の配当は、以下のとおりであります。期末配当に関する配当金の総額13,634百万円及び１株当たり配当額140円につきましては、2026年６月25日開催予定の定時株主総会の決議事項となっております。

決議年月日

配当金の総額（百万円）

１株当たり配当額（円）

2025年10月31日

7,900

80

取締役会

2026年６月25日

13,634

140

定時株主総会（予定）"
2876,株式会社デルソーレ,2026-03-31,"３ 【配当政策】

当社は、株主の皆様に対する利益配分を経営の最重要課題の一つであると認識しております。配当金につきましては、業績及び今後の事業計画、財務状況を総合的に勘案したうえで、安定した配当を継続してまいります。また、将来の事業展開と経営体質強化のため必要な内部留保を確保しつつ、成長投資と株主還元の両立に努めます。

このような方針に基づき、当事業年度の配当につきましては、１株当たり12円とすることを予定しております。

内部留保金につきましては、新製商品の開発ならびに設備投資のために充当し、持続的な成長と中長期的な企業価値向上の実現を図ります。

また、当社は、中間配当と期末配当の年２回の剰余金の配当を行うことができる旨を定款に定めております。これらの剰余金の配当の決定機関は、中間配当については取締役会、期末配当については株主総会であります。

なお、基準日が当事業年度に属する剰余金の配当は、以下のとおりであります。期末配当金に関する配当金総額106,859千円および１株当たり配当額12円につきましては、2026年６月23日開催予定の定時株主総会の決議事項となっております。

 














決議年月日



配当金総額（千円）



１株当たり配当額（円）







2026年6月23日



定時株主総会



106,859



12.00"
2877,日東ベスト株式会社,2026-03-31,"３ 【配当政策】

当社は、株主の皆様に対する安定的な配当の継続を経営の重要課題として、経営基盤の強化と収益力の向上に努めるなか、株主資本の充実を図り、長期的な視点と業績を勘案しながら利益配分を行います。

当社の剰余金の配当は、期末配当の年１回を基本的な方針としております。配当の決定機関は、株主総会であります。

当事業年度の剰余金の配当につきましては、上記の方針と当期の業績等を勘案し、１株当たり12円としております。

内部留保資金につきましては、設備投資及び情報関連投資資金に充てるとともに、営業活動の拡大展開に活用し、事業収益力の向上に努めてまいる所存であります。

なお、当社は「取締役会の決議により、毎年９月30日を基準日として中間配当を行うことができる」旨を定款に定めております。

(注) 基準日が当事業年度に属する剰余金の配当は、以下のとおりであります。期末配当金の総額145百万円及び1株当たり配当額12円については2026年6月25日開催予定の定時株主総会の決議事項となっております。













決議年月日



配当金の総額
(百万円)



１株当たり
配当額(円)







2026年６月25日

定時株主総会決議(予定)



145



12"
287A,黒田グループ株式会社,2026-03-31,"３【配当政策】

当社は、取引先とともに事業を継続・発展させていただくことが、長期にわたる株主の皆様に対する利益配分につながると考えております。そのような観点から、当社の配当にかかる基本方針として、以下のように定めております。

（1）当社は、安定的な配当を実現するために、期首の親会社所有者帰属持分（除くその他の包括利益）をベースとするDOE（株主資本配当率）を採用し、目標水準を７%で年間の配当額に設定する。

（2）数年間は累進配当（注）を想定する。

（3）手元現預金は月商１ヵ月程度の水準とし、余剰資金は「成長投資」「財務健全性」も勘案の上、追加の株主還元を機動的に検討、実施する。

（4）配当は中間、期末の年２回とする。

（5）剰余金の配当の決定機関は取締役会とする。なお、「会社法第459条第１項の規定に基づき、取締役会の決議をもって剰余金の配当等を行うことができる。」旨を定款に定める。

（6）内部留保資金の使途は技術開発、DX、M＆Aなどの成長投資とする。

 

（注）累進配当とは、原則として減配を行わず、配当の維持若しくは増配を行う配当政策をいいます。

 

なお、当社は、取締役会の決議により、毎年９月30日を基準日として中間配当を行うことができる旨を定款に定めております。

当事業年度の期末配当金については、１株当たり31円とし、中間配当金30円と合わせた年間配当金は１株につき61円となります。

基準日が当事業年度に属する剰余金の配当は、以下のとおりです。

決議年月日

配当金の総額（百万円）

１株当たり配当額（円）

2025年11月13日

1,273

30.0

取締役会

2026年５月20日

1,316

31.0

取締役会"
2882,株式会社イートアンドホールディングス,2026-02-28,"３ 【配当政策】

当社は、株主への適切な利益配分を経営の重要課題であると認識しており、人材育成と教育、将来の事業展開と経営体質強化のための十分な内部留保を勘案した上で、当社成長に見合った利益還元を行っていくことを基本方針としております。

当社は、中間配当と期末配当の年２回の配当を行うこととしております。

これら配当の決定機関は、期末配当については定時株主総会、中間配当については取締役会であります。

当事業年度の剰余金の配当につきましては、当社成長に見合った利益還元を行っていく基本方針のもと、中間配当は１株当たり７円50銭を実施し、期末配当は１株当たり７円50銭を2026年５月28日開催予定の定時株主総会で決議して実施する予定であります。

今後の配当につきましては、経営成績および財政状態を勘案した上で、利益成長に応じた安定的な配当を引き続き検討してまいります。

内部留保金の使途につきましては、今後の事業展開に即して、有効利用していく所存であります。

当事業年度に係る剰余金の配当は以下のとおりであります。













決議年月日



配当金の総額(百万円)



１株当たり配当金(円)







2025年９月24日

取締役会決議



85



7.50







2026年５月28日

定時株主総会決議（予定）



85



7.50





 


(注) なお、当社は「取締役会の決議により、毎年８月31日を基準日として、中間配当を行うことができる。」旨を定款に定めております。"
2883,株式会社大冷,2026-03-31,"３ 【配当政策】

当社は、株主の皆様への利益還元を経営の最重要課題の一つと認識しており、経営体質の強化と将来の事業展開のための十分な内部留保に意を用いた上で、経営成績及び財政状態を勘案した利益還元を行っていくことを基本方針としております。

当社は、中間配当を行うことができる旨定款に定めておりますが、剰余金の配当は期末配当の年１回を基本的な方針としております。なお、配当の決定機関は、株主の意向を直接伺う機会を確保するため、株主総会としております。

内部留保資金の使途につきましては、経営環境の変化に対応すべく、新規商品の開発、販売先の拡大等企業体質の強化のため有効に活用していくこととしております。

第55期事業年度の剰余金の配当につきましては、上記の方針に基づいて、業績や財務状況を総合的に勘案し、普通株式１株につき60円とする予定です。

(注)基準日が第55期事業年度に属する剰余金の配当は、以下のとおりであります。













決議予定年月日



配当金の総額
（千円）



１株当たり配当額
（円）







2026年６月16日

定時株主総会決議（予定）



351,526



60"
2884,株式会社ヨシムラ・フード・ホールディングス,2026-02-28,"３【配当政策】

当社は、株主に対する利益還元を重要な経営課題の一つと認識しており、経営成績および財政状態を総合的に勘案したうえで、株主への利益配当の実現を基本方針としております。しかしながら、当社は現在、事業拡大の途上にあり、新たなＭ＆Ａや設備投資等の積極的な事業展開の推進こそが、結果として株主に対する最大の利益還元に繋がると考えております。

このことから、設立以来無配当の方針を継続しており、今後においても、事業拡大のための投資および既存事業に必要な運転資金に充当する方針としております。将来的には、経営成績および財政状態を踏まえたうえで、株主への利益還元について検討を進めていく方針であります。

なお、剰余金の配当をおこなう場合には、年１回の期末配当を基本方針としており、配当の決定機関は株主総会であります。

また、当社は、中間配当をおこなうことができる旨を定款に定めております。"
288A,ラクサス・テクノロジーズ株式会社,2026-03-31,"３【配当政策】

当社は、株主に対する利益還元を経営上の重要課題の一つであると認識し、将来の事業展開と経営基盤の強化のために必要な内部留保を確保しつつ、安定した剰余金の配当を実施していくことを基本方針としております。

しかしながら、当社は、未だ成長局面にあるため、内部留保の充実を優先し、事業規模の拡大及び収益の向上を図り、企業価値の最大化をさせることが、より適切な株主還元になり得るものと考え、創業以来配当を実施しておりません。

将来的には、各事業年度の経営成績、財政状態及び事業・投資計画を総合的に勘案し、内部留保とのバランスをとりながら検討していく方針としておりますが、その実施時期は未定であります。

内部留保資金につきましては、経営基盤の長期安定に向けた財務体質の強化と事業の継続的な拡大発展を実現する投資資金として、有効に活用していく方針であります。

なお、剰余金の配当を実施する場合は、年１回の配当を期末に行うことを基本としておりますが、会社法第454条第５項に規定する中間配当を行うことができる旨を定款に定めております。剰余金の配当に関する決定機関は、中間配当は取締役会、期末配当は株主総会として定めております。"
2892,日本食品化工株式会社,2026-03-31,"３【配当政策】

当社の配当に関する基本方針は、資本コストを意識した経営の実現と安定的な配当を維持し、利益還元の更なる強化を図るため、DOE（株主資本配当率）2.5%以上の配当を基本方針とします。また、財務体質の強化を図りながら研究開発や製造設備投資に注力するとともに、将来の事業展開に必要な内部留保の充実に努めてまいります。

当事業年度の配当につきましては、上記の基本方針に基づき当期は1株当たり145円00銭の配当（うち中間配当70円00銭）を実施することとし、期末配当については、2026年6月25日開催の定時株主総会で決議される予定であります。

これらの剰余金の配当の決定機関は、期末配当については株主総会、中間配当については取締役会であります。

当社は、「取締役会の決議により毎年9月30日を基準日として、中間配当を行うことができる。」旨を定款に定めております。

 

（注） 基準日が当事業年度に属する剰余金の配当は、以下のとおりであります。

決議年月日

配当金の総額（百万円）

1株当たり配当額（円）

2025年10月31日

345

70.0

取締役会決議

2026年6月25日

364

75.0

定時株主総会決議（予定）"
2894,石井食品株式会社,2026-03-31,"３【配当政策】

当社は、株主に対する長期的かつ総合的な利益の拡大を重要な経営目標と位置付けております。

また、株主に対する配当につきましては、中長期的視点から再投資のための内部資金の確保と株主満足の両方を実現させ、安定的な配当を行うことを基本方針としております。

当社の剰余金の配当は、中間配当及び期末配当の年２回を基本方針としております。配当の決定機関は、中間配当は取締役会、期末配当は株主総会であります。

当事業年度の配当につきましては、当期の連結業績及び経営環境を勘案し、１株当たり４円の配当（中間配当は未実施）を実施することを決定しました。

内部留保資金の使途につきましては、今後の市場変化に対応すべく、お客様のお困り事にお応えできる商品の開発に向けて、生産・環境・研究開発に投資を行っていく所存であります。

なお、当社は会社法第454条第５項に規定する中間配当を行うことができる旨を定款に定めております。

 

（注） 基準日が当事業年度に属する剰余金の配当は、以下のとおりであります。

決議年月日

配当金の総額

１株当たり配当額

2026年６月29日

66,586千円

4.00円

定時株主総会決議"
2897,日清食品ホールディングス株式会社,2026-03-31,"３【配当政策】

当社は、常にグループ収益力の強化に努め、企業価値の向上と株主の皆様に対する適切な利益還元を最重要経営課題と認識し、連結業績や今後の資金需要を勘案しながら、継続的かつ安定的な利益還元を行っていくことを基本方針としております。

上記方針に基づき、中長期成長戦略では安定的株主還元を中長期的な経済価値ターゲットの１つとして定めております。

また、内部留保した資金の使途につきましては、さらなる企業価値の向上を図るための設備投資、研究開発投資、M&A等の資金需要に備えるとともに、余資につきましては、リスクを勘案しながら、効率的に運用してまいります。

この方針に沿って、当期は中間配当として１株当たり35円を実施しております。また、期末配当及び年間配当はそれぞれ35円、70円を予定しております。

なお、今後の株主配当につきましても、持続的な利益成長に合わせ、連結配当性向約40％を目安とした柔軟な増配を行う累進的配当に努めてまいります。

第78期にかかる剰余金の配当は以下のとおりであります。期末配当に関する配当金の総額10,064百万円及び１株当たり配当額35円につきましては、2026年６月25日開催予定の定時株主総会の決議事項となっております。

 

決議年月日

配当金の総額

（百万円）

１株当たり配当額

（円）

2025年11月10日

取締役会決議

10,064

35

2026年６月25日

定時株主総会決議（予定）

10,064

35

（注）2025年11月10日開催の取締役会決議に基づく配当金の総額には、株式給付信託（BBT）に係る信託口が保有する当社株式に対する配当金17百万円が含まれております。また、2026年６月25日開催の定時株主総会決議（予定）に基づく配当金の総額には、株式給付信託（BBT）に係る信託口が保有する当社株式に対する配当金17百万円が含まれております。"
2901,株式会社ウェルディッシュ,2025-08-31,"３ 【配当政策】

当社は、創業以来一貫して株主への利益還元を重要な課題のひとつと考えて事業の経営にあたっており、当期純利益の額に応じた一定水準の配当を行っていく方針でございます。当社は、中間配当と期末配当の年２回の剰余金の配当を行うことを基本方針としており、「取締役会の決議によって、毎年２月末日を基準日として中間配当をすることができる。」旨を定款に定めております。

これらの剰余金の配当の決定機関は、期末配当については株主総会、中間配当については取締役会であります。当事業年度の期末配当は１株当たり1.5円を、2025年11月27日開催の定時株主総会で決議し実施することを決定しました。

 

（注）基準日が当事業年度に属する剰余金の配当は、以下のとおりであります。













決議年月日



配当金の総額（千円）



１株当たり配当額（円）







2025年11月27日定時株主総会決議



32,677



1.5"
2902,太陽化学株式会社,2026-03-31,"３【配当政策】

当社は、株主への利益還元を経営の最も重要な課題のひとつに位置付けております。利益配分は、安定的な基準配当年間40円に業績に応じた利益還元分を加え、配当性向35％を目処として継続的に行うこと、財務体質の強化と積極的な事業展開に必要な将来に備えた内部留保の充実を図ることを基本方針としております。

当社は、中間配当と期末配当の年２回の剰余金の配当を行うことを基本方針としております。

これらの剰余金の配当の決定機関は取締役会であります。

当社は「会社法第459条第１項の規定に基づき取締役会の決議をもって剰余金の配当を行うことができる。」旨を定款に定めております。

当事業年度の剰余金の配当につきましては、上記の方針に基づき１株当たり109円（中間配当20円、期末配当89円）の配当を実施することを決定いたしました。

内部留保した資金の使途については、長期的な視点に立って、グローバルに事業を拡大するための設備投資、競争力のある製品を開発するための研究投資などの資金需要に備えます。

当社は「会社法第454条第５項の規定に基づき中間配当を行うことができる。」旨を定款に定めております。

なお、当該事業年度に係る剰余金の配当は以下のとおりであります。

決議年月日

配当金の総額（百万円）

１株当たり配当額（円）

2025年11月４日

取締役会決議

337

20

2026年５月11日

取締役会決議

1,490

89"
2903,シノブフーズ株式会社,2026-03-31,"３ 【配当政策】

当社の利益配分に関しましては、安定配当の維持を基本とし、業績を勘案するとともに、今後の事業の発展のため内部留保にも意を用いつつ、2028年３月期を目途に連結配当性向を30％程度まで段階的に引き上げてまいる方針であります。

当社の剰余金の配当は、中間配当及び期末配当の年２回を基本的な方針としております。配当の決定機関は、中間配当は取締役会、期末配当は株主総会であります。

2026年３月期は、親会社株主に帰属する当期純利益16億９千８百万円を計上いたしましたので、期末配当金につきましては１株につき17円00銭とさせていただき、年間配当金32円(前事業年度は27円)といたしました。

内部留保資金の使途につきましては、今後の事業展開への備えと効率的な生産活動を行うための設備投資資金として投入していくこととしております。

なお、当社は中間配当を行うことができる旨を定款に定めております。

(注) 基準日が当事業年度に属する剰余金の配当は、以下のとおりであります。期末配当に関する配当金の総額186百万円及び１株当たり配当額17円00銭については、2026年６月19日開催予定の定時株主総会の決議事項となっております。














決議年月日



配当金の総額



１株当たり配当額







2025年11月７日

取締役会決議



169



百万円



15円00銭







2026年６月19日

定時株主総会決議



186



百万円



17円00銭"
2904,一正蒲鉾株式会社,2025-06-30,"３ 【配当政策】

当社の利益配分に関しては、業績や配当性向、将来の事業展開などを総合的に勘案しながら安定的な配当を継続的に行うことを基本方針としています。

このような基本方針のもと、当事業年度末の配当金については、2025年９月25日開催予定の定時株主総会で、１株につき14円（普通配当12円・60周年記念配当２円）の配当を決議する予定です。内部留保金については、生産設備や研究開発投資に充当し、競争力の維持・強化を図っています。

当社の剰余金の配当については、期末配当及び中間配当は、取締役会の決議によって定めることができる旨を定款に定めています。

基準日が当事業年度に属する剰余金の配当は、次のとおりです。













決議年月日



配当金の総額
(千円)



１株当たりの
配当額(円)







2025年９月25日

定時株主総会決議（予定）



259,348



14.00





 


（注） 2025年９月25日定時株主総会の決議（予定）による配当金の総額には、株式会社日本カストディ銀行（信託Ｅ口）に対する配当金3,036千円が含まれています。"
2907,株式会社あじかん,2026-03-31,"３【配当政策】

当社では、株主のみなさまへ長期的かつ安定的に利益還元を行うことを経営の重要課題として位置付けております。安定的に利益を創出し、持続的な成長拡大に向けた戦略投資や企業価値向上のための諸施策の展開に必要となる内部留保を確保するとともに、配当につきましては、株主資本配当率などを指標とし、経営成績を勘案した成果配分とすることを基本方針としております。

また、当社の剰余金による配当は、中間配当と期末配当の年２回を基本方針としております。

これらの剰余金の配当の決定機関は、期末配当については株主総会、中間配当については取締役会であります。

当事業年度の配当につきましては、経営成績に鑑み、１株当たり52円（うち中間配当０円）とすることを予定しております。この結果、当事業年度の株主資本配当率は2.3％となる予定であります。

内部留保資金につきましては、今後予想される経営環境の変化に対応すべく、今まで以上にコスト競争力を高め、市場ニーズに応える技術・製造開発体制を強化し、さらには、事業拡大戦略のために有効投資を行ってまいりたいと考えております。

当社グループでは、第13次中期経営計画（2027年３月期を最終年度）において、株主資本配当率2.5％以上を目標としております。また、長期ビジョン「V30.ver2.0」の最終年度である2030年３月期には3.0％以上を目指し、段階的な向上に取り組んでまいります。

当社は、「取締役会の決議により、毎年９月30日を基準日として、中間配当を行うことができる。」旨を定款に定めております。

なお、期末配当に関する配当金の総額389百万円及び１株当たり配当額52円につきましては、2026年６月26日開催予定の定時株主総会の決議事項となっております。

決議年月日

配当金の総額

（百万円）

１株当たり配当額

（円）

2026年６月26日

389

52

定時株主総会決議（予定）"
2908,フジッコ株式会社,2026-03-31,"３【配当政策】

当グループは、収益性の向上と財務体質の強化に努め、着実に業績を向上させ、株主の皆様への利益還元を充実させていくことを最重要課題としております。当面の配当方針につきましては、安定配当として年間46円以上の継続的な配当を目標とし、株主の皆様のご期待に報いるよう努力してまいります。

当社は会社法第454条第５項に規定する中間配当をすることができる旨を定款に定めており、剰余金の配当は、中間配当と期末配当の年２回を基本方針としております。また、2022年６月23日の定時株主総会において定款一部変更を決議し、剰余金の配当等の決定機関を取締役会と定めました。従いまして、当社の配当の決定機関は、中間配当、期末配当ともに取締役会であります。

当期の期末配当金につきましては、2026年５月13日開催の取締役会決議により１株につき23円とすることといたしました。すでに、2025年12月５日に実施済みの中間配当金１株当たり23円と合わせまして、年間配当金は46円、連結での配当性向は91.7％となります。

次期の年間配当金につきましては、当面の配当方針に基づき、当期と同額の１株につき年間46円（中間23円、期末23円）の普通配当を予定しております。

なお、経営環境の変化などの特殊要因により、業績が大きく変動する場合は、配当金の見直しを検討するものといたします。

内部留保資金は、新たな成長に繋がる研究開発投資、設備投資等に充当いたします。

 

（注） 基準日が当事業年度に属する剰余金の配当は、以下のとおりであります。

決議年月日

配当金の総額

（百万円）

１株当たり配当額

（円）

2025年10月31日

656

23.00

取締役会決議

2026年５月13日

656

23.00

取締役会決議

（注）１ 2025年10月31日取締役会決議による配当金の総額には、「株式給付信託（J-ESOP）導入において設定した株式会社日本カストディ銀行（信託E口）」が保有する当社株式に対する配当金額１百万円が含まれております。

２ 2026年５月13日取締役会決議による配当金の総額には、「株式給付信託（J-ESOP）導入において設定した株式会社日本カストディ銀行（信託E口）」が保有する当社株式に対する配当金額１百万円が含まれております。"
290A,株式会社Ｓｙｎｓｐｅｃｔｉｖｅ,2025-12-31,"３ 【配当政策】

当社は、現在成長段階にあると認識しており、事業拡大や組織体制整備への投資のため、内部留保の充実が重要であると考え、会社設立以来配当を実施しておらず、当事業年度においても配当は行っておりません。今後の配当実施の可能性および時期については未定であります。しかしながら、株主還元を適切に行っていくことが経営上重要であると認識しており、事業基盤の整備状況や投資計画、業績や財政状態等を総合的に勘案しながら、将来的には、安定的な配当を行うことを検討していく方針であります。また、内部留保資金につきましては、今後の事業展開を図るため、有効に活用していく方針であります。なお、剰余金の配当を行う場合、年１回の期末配当を基本としており、配当の決定機関は株主総会であります。また、当社は、取締役会の決議により、毎年６月30日を基準日として、中間配当を行うことができる旨を定款に定めております。"
2910,株式会社ロック・フィールド,2026-04-30,"３【配当政策】

当社は、利益配分につきましては、中間期末と期末の年２回の剰余金の配当を行うこととし、内部留保に留意しつつ安定的な配当を継続的に行うことを基本とし、経営成績に応じて総合的に決定しております。定款に「取締役会の決議により、毎年10月31日を基準日として、中間配当を行うことができる。」旨を定めており、剰余金の配当の決定機関は、期末配当については株主総会、中間配当については取締役会であります。剰余金の配分につきましては、中長期的な事業展開のための内部留保の充実に留意しつつ、事業収益並びにキャッシュ・フローの状況等を勘案し、2026年４月期を初年度とする中期経営計画期間におきましては、連結配当性向は40％以上に加え、配当の維持もしくは増配を継続的に実施する累進配当を導入しております。

上記方針に基づき、当期の期末配当は１株当たり15円とすることを2026年７月28日開催予定の定時株主総会で決議する予定であります。従いまして、当事業年度の配当額は中間配当１株につき９円と合わせて24円となり、連結配当性向は633.7％となります。

内部留保資金の使途につきましては、将来の更なる発展のための店舗開発、ブランド開発等の事業投資や商品開発を目的とした研究開発投資、生産拡大や生産性向上を目指した設備更新等、経営基盤の強化と企業価値の向上に活用する予定であります。

 

なお、当事業年度に係る剰余金の配当は以下のとおりであります。

決議年月日

配当金の総額(百万円)

１株当たり配当額(円)

2025年11月18日

235

9

取締役会決議

2026年７月28日

392

15

定時株主総会決議（予定）"
2911,旭松食品株式会社,2026-03-31,"３ 【配当政策】

当社は、株主に対する利益還元を重要課題として位置づけており、経営基盤の強化を図りつつ、業績に裏付けられた成果の配分を安定的に行うことを基本方針としています。当社の剰余金の配当は中間配当及び期末配当の２回行うことができる旨を定款で定めており配当の決定機関は、中間配当は取締役会、期末配当は株主総会であります。

当事業年度の剰余金の配当につきましては、今後も厳しい経営環境が継続すると予想されますが、安定配当を行う方針にくわえて、創業75周年を迎え株主の皆様のご支援に感謝の意をお伝えするため、1株当たり45円（普通配当35円、記念配当10円）を、実施する予定であります。

 

(注)  基準日が当事業年度に属する剰余金の配当は、以下のとおりであります。期末配当に関する配当金の総額83,608千円及び１株当たり配当額45円については、2026年６月26日開催予定の定時株主総会の決議事項となっております。













決議年月日



配当金の総額(千円)



１株当たり配当額(円)







2026年６月26日

定時株主総会決議(予定）



83,608



45.00"
2914,日本たばこ産業株式会社,2025-12-31,"３【配当政策】

当年度の株主還元方針については、「４Sモデル」及びJT Group Purposeに基づく経営資源配分方針で掲げる「中長期に亘る持続的な利益成長に繋がる事業投資を最優先」と「事業投資による利益成長と株主還元のバランスを重視」という観点から、以下のとおりとしています。

・強固な財務基盤（注１）を維持しつつ、中長期の利益成長を実現することにより株主還元の向上を目指す

・資本市場における競争力ある水準（注２）として、配当性向75％を目安（注３）とする

・自己株式の取得は、当該年度における財務状況及び中期的な資金需要等を踏まえて実施の是非を検討

（注１）経済危機等に備えた堅牢性、及び機動的な事業投資等への柔軟性を担保

（注２）ステークホルダーモデルを掲げ、高い事業成長を実現しているグローバルFMCG（Fast Moving Consumer Goods）企業群の還元動向をモニタリング

（注３）±５％程度の範囲内で判断

 

当社は、中間配当と期末配当の年２回の剰余金の配当を行うことを基本方針としており、これらの剰余金の配当の決定機関は、期末配当については株主総会、中間配当については取締役会です。なお、当社は、取締役会の決議によって、毎年６月30日を基準日として、中間配当を行うことができる旨を定款に定めております。

当年度の期末配当につきましては、たばこ事業を中心とした力強い事業モメンタムに基づき、第３四半期累計期間における連結業績を踏まえた修正見込で公表した、1株当たり130円を維持して決議する予定です。したがいまして、年間では中間配当104円を含め、1株当たり234円（注４）となる予定です。

また、内部留保資金につきましては、その使途として、足許及び将来の事業投資、外部資源の獲得、自己株式の取得等に備えることとしております。

なお、第41期の剰余金の配当は以下のとおりです。

 

決議年月日

配当金の総額（百万円）（注５）

１株当たり配当額（円）

2025年７月31日

184,683

104.00

取締役会決議

2026年３月25日

230,854

130.00

定時株主総会決議（予定）

（注４）2025年３月、当社グループのカナダ子会社であるJTI-Macdonald Corp.を含むたばこ会社に対する喫煙と健康に関する訴訟に関連して、集団訴訟原告を含む各債権者との間で包括的和解に合意することを目的とした再生計画案がオンタリオ州上級裁判所によって承認されました（以下、カナダにおける訴訟の和解）。当年度の期末配当金については、カナダにおける訴訟の和解に伴う負債再測定影響に係る調整及び、一過性の損失であるスーダン子会社の清算に伴うのれんの除却損の影響を除く調整を実施した後の継続事業からの当期利益（4,886億円）を基に算定しております。

（注５）上記中間配当及び期末配当による配当金の総額には、株式交付信託が所有する当社株式に対する配当金がそれぞれ42百万円、54百万円含まれております。"
2915,ケンコーマヨネーズ株式会社,2026-03-31,"３ 【配当政策】

当社グループは、株主の皆様への利益還元を経営上の最重要課題として認識しております。持続的な企業価値向上を目指し、成長戦略のための投資と財務体質強化を図りながら、利益処分を決定することとしております。株主還元は株主資本配当率（ＤＯＥ）の指標で実施することを方針としております。

今回の中長期経営計画見直しの理由の一つでもありました一部の経営目標の早期到達を踏まえ、 配当政策の前倒しを行っております。具体的には、2027年度のＤＯＥ目標を「1.5％以上」から「2.5％以上」に引き上げると共に、2031年度は「3.5％以上」、2035年度は「4.0%以上」と段階的に引き上げ、企業価値の向上と株主還元の両立を図ってまいります。

なお、当社は、2022年６月28日開催の第65回定時株主総会において、会社法第459条第１項の規定に基づき、取締役会の決議をもって剰余金の配当等を行うことができる旨を定款に定めております。

また、会社法第454条第５項の規定に基づき、取締役会決議によって毎年９月30日を基準日として

中間配当を行うことができる旨を定款に定めており、中間配当と期末配当の年２回の剰余金の配当を行うこととしております。。

当事業年度に係る剰余金の配当は以下のとおりであります。

 

決議年月日

配当金の総額

（百万円）

１株当たり配当額

（円）

2025年11月14日

取締役会決議

343

23.00

2026年５月11日

取締役会決議

633

44.00"
2916,仙波糖化工業株式会社,2026-03-31,"３ 【配当政策】

当社は、株主に対する利益還元を経営の最重要政策と位置付けており、収益力の一層の向上と財務体質の強化を図り、内部留保の充実による経営基盤の強化を目指し、安定配当を維持することを基本方針としております。

当社の剰余金の配当は、期末配当として年１回を基本的な方針としております。配当の決定機関は、期末配当については株主総会、中間配当を行う場合は取締役会としております。

当事業年度の配当金につきましては、上記方針に基づき期末配当金１株当たり15円(年間)を、2026年６月26日開催予定の定時株主総会で決議して実施する予定であります。

内部留保資金につきましては、財務体質の強化、競争力を高めるための技術、製造開発体制の強化等の原資として有効に活用してまいります。

なお、当社は「取締役会の決議により、毎年９月30日を基準日として、中間配当を行うことができる」旨を定款に定めております。

 

（注）基準日が当事業年度に属する剰余金の配当は、以下のとおりであります。













決議年月日



配当金の総額 (千円)



１株当たり配当額 (円)







2026年６月26日

定時株主総会決議（予定）



170,753



15.00"
2917,株式会社大森屋,2025-09-30,"３ 【配当政策】

当社は、業績に対応した配当を行うことを基本としつつ、安定配当が継続してできるよう企業体質の強化と、将来の事業展開に備えて内部留保に努めることを基本方針としております。

当社の剰余金の配当は、定時株主総会における剰余金の処分の決議により決定し、期末配当を行うことを基本方針としております。

当事業年度の期末配当金につきましては、上記の基本方針に従い、業績や財政状態等を総合的に勘案し、2025年12月19日開催の定時株主総会の決議により、１株当たり普通配当10円といたしました。

内部留保資金の使途につきましては、経営基盤の充実および今後の事業展開への原資として備えてまいります。

なお、当社は「取締役会の決議によって、毎年３月31日を基準日として中間配当をすることができる。」旨を定款に定めております。

 

(注)  基準日が当事業年度に属する剰余金の配当は以下のとおりであります。

 













決議年月日



配当金の総額(千円)



１株当たり配当額(円)







2025年12月19日

定時株主総会



49,807



10"
2918,わらべや日洋ホールディングス株式会社,2026-02-28,"３【配当政策】

当社は、連結業績や今後の事業拡大投資のための内部留保などを勘案しつつ、連結配当性向40％をめどに安定的・

継続的に配当を実施していくことを基本方針としています。

当期については、期末配当は１株当たり60円とすることを決議する予定であります。この結果、年間配当は中間配当60円とあわせて１株当たり120円となる予定であります。

次期については、中間配当60円および期末配当60円の１株当たり年間120円の配当を予定しています。

なお、当社の配当の決定機関は、中間配当が取締役会、期末配当は株主総会です。

また、内部留保については、今後の事業展開を見据え、業容の拡大、省力化、環境に配慮した設備投資および新素材、新商品の研究開発などに活用していきます。

なお、当社は連結配当規制適用会社であります。

 

基準日が当事業年度に属する剰余金の配当は、以下のとおりであります。

決議年月日

配当金の総額（百万円）

１株当たり配当額（円）

2025年10月７日

1,056

60

取締役会決議

2026年５月28日

1,056

60

定時株主総会決議（予定）

（注）1. 2025年10月７日取締役会決議による「配当金の総額」には役員報酬ＢＩＰ信託が保有する当社株式（2025年８月31日基準日 297,475株）に対する配当金17百万円が含まれております。

2. 2026年５月28日定時株主総会決議(予定）による「配当金の総額」には役員報酬ＢＩＰ信託が保有する当社株式（2026年２月28日基準日 297,475株）に対する配当金17百万円が含まれております。"
2919,株式会社　マルタイ,2026-03-31,"３【配当政策】

配当につきましては、将来の事業展開に備えた内部留保と配当の安定的な成長を念頭に、財政状態、利益状況等を総合的に勘案して決定することとしております。当社の剰余金の配当は、中間配当及び期末配当の年２回を基本的な方針としております。配当の決定機関は、中間配当は取締役会、期末配当は株主総会であります。

当事業年度の剰余金の配当につきましては、上記の方針に基づき、１株当たり50円の配当を実施することを決定しました。この結果、当期の配当性向は22.5％となりました。

内部留保資金につきましては、今後予想される経営環境の変化に対応すべく、生産設備への有効投資と販売活動に活用してまいりたいと考えております。

当社は、会社法第454条第５項の規定により、「取締役会の決議によって、毎年９月30日を基準日として、中間配当をすることができる。」旨を定款に定めております。

なお、当事業年度に係る剰余金の配当は以下のとおりであります。

決議年月日

配当金の総額（千円）

１株当たり配当額（円）

2026年６月23日

95,536

50

定時株主総会決議"
291A,株式会社リスキル,2026-03-31,"３【配当政策】

当社は株主に対する利益還元を経営の重要課題の一つとして位置付けておりますが、財務体質の強化に加えて事業拡大のための内部留保の充実等を図り、事業の効率化と事業拡大のための投資に充当していくことが株主に対する最大の利益還元につながると考えております。

将来的には、経営成績及び財政状態を勘案しながら株主への利益還元を検討していく所存でございますが、今後においても当分は内部留保の充実を図る方針であります。内部留保資金につきましては、更なる事業拡大、優秀な人材を確保するための資金等として有効利用してまいりたいと考えております。

なお、剰余金の配当を行う場合、年2回の中間及び期末配当を基本方針としており、剰余金の配当等会社法第459条第1項各号に定める事項については、法令に別段の定めがある場合を除き、取締役会の決議により定めることができる旨を定款で定めております。"
2922,株式会社なとり,2026-03-31,"３ 【配当政策】

当社は、株主の皆様への適切かつ安定した利益還元を行うことを重要政策のひとつとして位置づけております。

中長期的な事業規模拡大と企業体質強化のための内部留保を維持しながら、株主の皆様へ安定的・継続的に増配を行うよう努めてまいります。

自己株式の処分・活用につきましては、資本効率の向上を図るとともに、経営環境の変化に対応した機動的な資本政策を遂行するために活用するべく、検討してまいります。

当事業年度の配当につきましては、適切かつ安定した利益還元とする基本方針のもと、2025年12月５日に中間配当として１株当たり13円（前期12円）を実施しており、期末配当13円（前期12円）と合計で１株当たり26円（前期24円）の利益配当を実施することといたします。

なお、当事業年度の配当につきましては、創業88周年記念配当２円（中間配当１円、期末配当１円）が含まれております。

内部留保資金の使途につきましては、事業規模の拡大と企業体質強化に向けた生産設備の増強、情報システムの強化等に有効活用していくこととしております。

なお、当社は、「取締役会の決議によって、毎年９月30日を基準日として中間配当を行うことができる。」旨を定款に定めております。

 

(注) 基準日が当事業年度に属する剰余金の配当は、以下のとおりであります。














決議年月日



配当金の総額
(千円)



１株当たり配当額
(円)







2025年11月12日

取締役会決議



163,571



13.0







2026年５月13日

取締役会決議



163,571



13.0"
2923,サトウ食品株式会社,2026-04-30,"３ 【配当政策】

当社は、株主還元を経営の最重要課題の一つと位置づけており、今後の事業展開及び経営強化のため内部留保の充実を図りつつ、安定的な配当を維持継続することを基本とし、企業価値の増大で株主各位に応えることを念頭に置き、総合的に決定することを基本方針としております。

当社の剰余金の配当は、中間配当と期末配当の年２回を基本としておりますが、当社主力製品である包装餅が季節商品(特に鏡餅)でありその販売が年末に集中するため、売上高及び営業利益は第３四半期会計期間の割合が高く、第２四半期累計期間は利益が出にくいため、これまでは期末配当のみ実施し中間配当は行っておりません。

これらの剰余金の配当の決定機関は、中間配当については取締役会、期末配当については株主総会であります。

当事業年度の剰余金の配当につきましては、業績等を勘案し、株主の皆様への長期的な利益還元を充実させるため、１株当たり75円を、2026年７月22日開催予定の定時株主総会で決議して実施する予定であります。

なお、当社は中間配当を行うことができる旨を定款に定めております。

 

(注) 基準日が当事業年度に属する剰余金の配当は、以下のとおりであります。














決議年月日



配当金の総額(千円)



１株当たり配当額(円)







2026年７月22日



定時株主総会決議(予定)



378,270



75.00"
2924,イフジ産業株式会社,2026-03-31,"３ 【配当政策】

当社グループは、株主の皆様に対する適切な利益還元を重要な経営目標と位置付けております。

また、当社の属する液卵業界において市場競争力を確保し、シェア及び収益の向上を図るためには、製造設備、研究開発等の積極的な投資が必要であると考えております。

株主に対する利益還元の基本方針としましては、経営体質の強化や今後の事業展開を勘案した内部留保にも留意しつつ、連結ベースの目標配当性向を25％～30％とし、中間配当及び期末配当の年２回としております。

当社は会社法第459条の規定に基づき、取締役会の決議によって剰余金の配当（期末配当）を行うことができる旨を定款に定めております。

当事業年度の剰余金の配当につきましては、中間配当は１株当たり32円を実施し、期末配当は１株当たり35円といたしました。この結果、当事業年度における配当性向は、連結ベースで27.2％となりました。

なお、当社は「取締役会の決議によって毎年９月30日を基準日として中間配当を行うことができる」旨を定款に定めており、この配当の決定機関は取締役会であります。

 

(注) 基準日が当事業年度に属する剰余金の配当は、以下のとおりであります。













決議年月日



配当金の総額
(百万円)



１株当たり配当額
(円)







2025年11月13日

取締役会決議



260



32







2026年６月25日

定時株主総会決議



285



35"
2926,株式会社　篠崎屋,2025-09-30,"３【配当政策】

当社は、株主に対する利益還元を経営の重要課題とし、利益配分につきましては、配当原資を確保したうえで、業績及びその時点での経営状況に応じた成果の配分を配当として実施することを目指すとともに、将来の事業展開に備えて財務体質の強化を図ることを基本方針としております。

内部留保資金につきましては、財務体質の強化及び将来の事業展開への投資に充当してまいりたいと考えております。

なお、当社は、期末配当の年１回の剰余金の配当を行うことを基本方針としており、この期末配当の決定機関は株主総会であります。また当社は「取締役会の決議によって、毎年３月31日を基準日として中間配当をすることができる。」旨を定款に定めております。

当事業年度の期末配当につきましては、配当原資となる利益剰余金がマイナスとなっていることから、誠に遺憾ながら無配とさせていただきます。"
2927,株式会社ＡＦＣ－ＨＤアムスライフサイエンス,2025-08-31,"３ 【配当政策】

当社は、株主への安定的な利益還元を経営上の重要課題と認識しており、将来の事業展開や経営環境の変化に必要な内部留保を確保しつつ、業績の向上に応じて増配などを行う方針であります。

当社の剰余金の配当は、中間配当及び期末配当の年２回を基本的な方針としております。配当の決定機関は、中間配当は取締役会、期末配当は株主総会であります。

当事業年度の期末の配当につきましては、将来の積極的な投資のための内部留保を確保しつつ、できる限り、株主の皆様に利益還元をさせて頂きたいとの考えから、１株につき普通配当18円を2025年11月27日開催予定の定時株主総会で決議して実施する予定であります。なお、中間配当金16円と合わせた年間配当は１株につき34円となる予定です。

内部留保金の使途につきましては、財務体質の強化及び長期的な視点に立った製造設備投資、情報投資等の資金需要に備えるとともに、将来のさらなる発展のための研究開発活動に資金を投入していく所存であります。

当社は、中間配当を行うことができる旨を定款に定めております。

 

（注）基準日が当事業年度に属する剰余金の配当は、以下のとおりであります。













決議年月日



配当金の総額
（千円）



１株当たり配当額
（円）







2025年４月14日

取締役会決議



224,953



16.00







2025年11月27日

定時株主総会決議（予定）



253,639



18.00"
2928,ＲＩＺＡＰグループ株式会社,2026-03-31,"３【配当政策】

当社は、株主の皆様への利益還元を経営の重要課題の一つとして位置づけております。配当方針といたしましては、株主の皆様へ安定的に増配することを基本的な方向性とし、「経営成績、財政状態及びキャッシュ・フローの状況を勘案した上で、株主の皆様へ安定的に増配していくことを目指し、年間配当額を決定する」としております。なお、当社は、2025年３月期の有価証券報告書にて開示の通り「連結配当性向20％」を目安とすることを今後の配当方針として位置づけております。

なお、配当の回数につきましては、当社定款においては中間配当が可能な定めをおいておりますが、年１回の期末配当を実施することを基本方針とし、中間配当については取締役会、期末配当については株主総会を配当の決定機関としております。

2026年３月31日を基準日とする剰余金の配当につきましては、当期においては、主力事業である「chocoZAP」の収益化がグループ全体の利益を牽引したほか、RIZAP株式会社をはじめとする主要子会社4社において過去最高益を達成するなど、強固な収益基盤の再構築が完了するなど、経営方針として掲げた「収益力の向上」が進展したことを受け、2025年11月13日に開示した「2026年３月期 配当予想の修正に関するお知らせ」の通り、１株当たり0.67円の配当を実施（復配）することと予定しております。次期（2027年３月期）の配当につきましても、引き続き「連結配当性向20％」を目安とする基本方針を継続します。

なお、期末配当に関する配当金の総額399百万円及び１株当たり配当額0.67円につきましては、2026年６月26日開催予定の定時株主総会の決議事項となっております。

決議年月日

配当金の総額

（百万円）

１株当たりの配当額

（円）

2026年６月26日

399

0.67

定時株主総会決議（予定）"
2929,株式会社ファーマフーズ,2025-07-31,"３【配当政策】

当社は、株主の皆様に対する株主利益の最大化を重要な経営目標の一つとして認識しております。配当政策につきましては、企業の成長性と収益性を両立させる事業方針の下、研究開発、広告宣伝及びM&A等に対する積極的な投資を拡大させながら、株主の皆様に対する還元策として安定した配当等を積極的に充実していくことを基本方針としております。

この方針の下、成長投資の推進、財務健全性の確保及び株主還元の強化のバランスを考慮し、自己株式取得を含む総還元性向20％を株主還元策の目安としております。

当社は、中間配当と期末配当の年２回の剰余金の配当を行うことを基本方針としております。

これらの剰余金の配当の決定機関は、期末配当については株主総会、中間配当については取締役会であります。

当事業年度の配当につきましては、上記方針に基づき当期は１株当たり25円の配当（うち中間配当12.5円）を実施することを予定しております。この結果、当事業年度の配当性向は26.3％となる予定です。

内部留保資金につきましては、研究開発、製品開発、マーケティング及びM&Aに対する積極的な投資を行ってまいりたいと考えております。

当社は、「取締役会の決議によって、毎年１月31日を基準日として、中間配当を行うことができる。」旨を定款に定めております。

なお、当事業年度に係る剰余金の配当は以下のとおりであります。

決議年月日

配当金の総額

（百万円）

１株当たり配当額

（円）

2025年２月17日

363

12.50

取締役会決議

2025年10月24日

360

12.50

定時株主総会決議（予定）"
2930,株式会社北の達人コーポレーション,2026-02-28,"３【配当政策】

当社は、株主に対する利益還元を経営上の重要な課題の一つとして認識しており、事業投資やキャッシュ・フローの状況等を総合的に勘案しながら、配当による株主への利益還元に努めることを基本方針としております。

配当金につきましては、将来の事業展開や経営環境の変化に対応するための内部留保を確保しながら、連結配当性向30％程度を目標とした継続的かつ安定的な現金配当を基本とし、業績の向上に応じて増配等を行う方針であります。

なお、中期経営計画2028（2026年２月期～2028年２月期）期間中は、１株当たり年間配当金の下限値を３円50銭といたします。

当社の剰余金の配当は、中間配当及び期末配当の年２回を基本方針としており、これらの剰余金の配当の決定機関は、期末配当については株主総会、中間配当については取締役会であります。

上記に基づき、2026年２月期の１株当たり期末配当金につきましては、2026年５月26日開催予定の第25期定時株主総会において１円80銭と決議される予定であります。既に実施いたしました中間配当金１円70銭とあわせて年間配当金は１株当たり３円50銭（連結配当性向70.1％）となります。

内部留保資金につきましては、経営基盤の強化や事業拡大等に有効活用していく所存であります。

当社は、「取締役会の決議により、毎年８月31日の最終の株主名簿に記載又は記録された株主若しくは登録株式質権者に対し、中間配当を行うことができる。」旨を定款に定めております。

当事業年度に係る剰余金の配当は以下のとおりであります。

決議年月日

配当金の総額（千円）

１株当たり配当額（円）

2025年10月15日

237,053

1.7

取締役会決議

2026年５月26日

250,997

1.8

定時株主総会決議（予定）"
2931,株式会社ユーグレナ,2025-12-31,"３【配当政策】

当社は、株主への利益還元を重要な経営課題と認識しつつ、企業体質の強化及び研究開発活動の継続的な実施に備えた資金の確保を優先し、従前は配当を行わない方針を採用してきました。しかし、2025年12月期において業績及び財務体質ともに大幅な改善を達成するとともに、2025年８月で当社が会社設立20周年を迎えたことを踏まえ、この度、当社として創業来初となる剰余金の配当を行う方針といたしました。

当期の期末配当につきましては、2026年３月24日開催予定の第21期定時株主総会第３号議案「資本準備金の額の減少及び剰余金の処分の件」が原案通り承認可決されることを条件として、その他資本剰余金を原資として１株につき２円の20周年記念特別配当を予定しております。

今後の配当や自己株式取得等の株主還元策については、現時点では具体的な方針を示す段階にはありませんが、引き続き業績の向上及び財務体質の改善に取り組みつつ、中期的な株主還元の実施に向けた基盤整備を進め、今後の業績推移、財務状況や投資計画等を総合的に勘案しながら検討してまいります。

 

なお、剰余金の配当を行う場合には、年１回の期末配当を基本方針としており、配当の決定機関は株主総会であります。また、当社は、中間配当を取締役会決議で行うことができる旨を定款に定めております。

 

（注）基準日が当事業年度に属するその他資本剰余金の配当は、以下のとおりです。

決議年月日

配当金の総額

（百万円）

１株当たり配当額

（円）

2026年３月24日

273

2.00

定時株主総会決議（予定）"
2932,株式会社ＳＴＩフードホールディングス,2025-12-31,"３【配当政策】

当社は、利益配分につきましては、株主の皆様への利益還元を経営の重要課題の一つと認識し、将来の企業価値向上と競争力を極大化すること、また企業体質強化のための内部留保を勘案しつつ、現在は業績に見合った利益還元を行うことを基本方針としております。

剰余金の配当は年２回を基本的な方針としており、剰余金の配当等会社法第459条第１項各号に定める事項については、法令に別段の定めのある場合を除き、株主総会の決議によらず取締役会の決議によって定める旨を定款で定めております。なお、期末配当の基準日は毎年12月31日、中間配当の基準日は毎年６月30日とし、このほか、基準日を定めて剰余金の配当をすることができる旨を定款に定めております。

当期の配当につきましては、上記基本方針に基づき、中間配当20円と期末配当20円を合わせて、１株あたり40円とすることを決定いたしました。この結果、連結配当性向は28.6％となりました。

内部留保資金につきましては、今後予想される経営環境の変化に対応すべく、今まで以上に競争力を高め、市場ニーズに応える技術・製造開発体制を強化するために有効投資してまいりたいと考えております。

なお、当事業年度に属する剰余金の配当総額は以下のとおりです。

決議年月日

配当金の総額

（百万円）

１株当たり配当額

（円）

2025年８月７日

355

20

取締役会決議

2026年２月19日

355

20

取締役会決議"
2933,株式会社紀文食品,2026-03-31,"３【配当政策】

当社グループは株主に対する利益還元を経営の重要課題の一つと考えており、将来の事業展開と財務体質の強化のために必要な内部留保を確保しつつ、業績及び将来の見通しを総合的に勘案して、安定した配当を継続して実施してまいりたいと考えております。また、当社は取締役会決議によって剰余金の配当等を行うことができる旨を定款に定めている他、基準日を毎年９月30日とする中間配当を取締役会決議によって行うことができる旨を定款に定めております。

当連結会計年度の剰余金の配当につきましては、業績及び今後の事業展開等を勘案して、１株当たり20円の配当を実施いたしました。この結果、当連結会計年度の配当性向は41.5％となりました。

今後の連結配当性向につきましては、本中期経営計画年度中は当社グループが目指す「ありたい姿」の具現化に向け、成長分野への投資や自己資本比率の改善等に優先して取り組むべく、連結配当性向20％を目標水準とし、事業成長に合わせた利益還元の向上に努めてまいります。

 

なお、当連結会計年度に係る剰余金の配当は以下のとおりであります。

決議年月日

配当金の総額（千円）

1株当たり配当額（円）

2026年６月23日

456,593

20.00

定時株主総会"
2934,ジェイフロンティア株式会社,2026-05-31,"３ 【配当政策】

当社は、株主に対する利益還元を重要な経営課題の一つとして位置づけております。しかしながら、現在、当社グループは成長拡大の過程にあると考えており、経営基盤の強化及び積極的な事業展開のために内部留保の充実を図り、更なる事業拡大を実現することが株主に対する最大の利益還元につながると考えております。

このことから配当は実施せず、今後においても当面の間は内部留保の充実を図る方針であります。将来的には、各期の財政状態、経営成績及びキャッシュ・フローの状況を勘案のうえ、株主の皆様に対して利益配分を検討いたしますが、現時点において配当の実施及びその時期等については未定であります。内部留保につきましては、広告投資を含む将来の事業成長のための投資及び当該事業成長を支える優秀な人材の採用強化を図るための資金として、有効に活用していく方針であります。
  将来的に剰余金の配当を行う場合は、年１回を基本方針としておりますが、中間配当を行うことができる旨を定款に定めております。配当の決定機関は、中間配当は取締役会、期末配当は株主総会であります。"
2935,株式会社ピックルスホールディングス,2026-02-28,"３【配当政策】

当社は、利益配分につきましては、将来の事業展開と経営体質の強化のために必要な内部留保を確保しつつ、安定的かつ持続的な配当を実現するため、配当の維持又は増配を行う累進配当を基本方針としております。

剰余金の配当につきましては、年２回の配当を基本方針としております。配当の決定機関は、取締役会としています。

この方針に基づき、当事業年度の配当金につきましては、１株につき29円（うち中間配当15円）を実施しております。なお、当事業年度の連結配当性向は26.2％となります。内部留保資金につきましては、製品開発・研究体制の強化及び設備投資等に充当してまいります。また、資本効率の向上及び機動的な資本政策の実施などを目的として自己株式の取得も適宜実施していきます。

当社は、「会社法第459条第１項の規定に基づき、取締役会の決議をもって剰余金の配当等を行うことができる。」旨定款に定めております。

なお、当事業年度の剰余金の配当は以下のとおりであります。

（注）基準日が当事業年度に属する剰余金の配当は、以下のとおりであります。

決議年月日

配当金の総額（百万円）

１株当たり配当額（円）

2025年９月30日

187

15

取締役会決議

2026年４月14日

175

14

取締役会決議"
2936,ベースフード株式会社,2026-02-28,"３【配当政策】

当社は、株主に対する利益還元を重要な経営課題と認識しておりますが、将来の事業の継続的発展や経営基盤の長期安定に向けた財務体制の強化に係わる内部留保を確保しつつ、財政状態及び経営成績並びに経営全般を総合的に判断し、利益配当を行っていく方針であり、会社設立以来、当事業年度を含め配当は実施しておりません。

今後は、業績の推移や財務状況、将来的な事業・投資計画等の成長戦略などを総合的に勘案し、内部留保とのバランスを取りながら決定していく方針ですが、現時点において配当実施の可能性及びその実施時期については未定であります。

また、内部留保資金につきましては、収益力強化や事業基盤整備のための投資や今後の成長に資する人員の採用等に有効活用していく所存であります。

なお、剰余金の配当を行う場合には、年１回の期末配当を基本としておりますが、会社法第454条第５項に規定する中間配当を行うことができる旨を定款に定めております。剰余金の配当に関する決定機関を、中間配当は取締役会、期末配当は株主総会として定めております。"
2937,株式会社サンクゼール,2026-03-31,"３【配当政策】

当社は、株主に対する利益還元を重要な経営課題の一つとして認識しており、経営成績及び財政状態等を総合的に勘案しながら、配当の実施を検討してまいります。配当に関する基本的な方針として、株主総会の決議に基づき、前事業年度における当社単体決算上の当期純利益の30％を目安とした金額で年１回の剰余金の配当を行ってまいります。

当事業年度の配当につきましては、上記方針に基づき当期は１株当たり35円の配当を実施することを予定しております。この結果、当事業年度の配当性向は51.1%となる予定であります。

なお、当社は会社法第454条第５項の規定により、取締役会の決議によって毎年９月30日を基準日として中間配当を行うことができる旨を定款に定めておりますので、業績動向を確認しながら、その実施についても合わせて検討してまいります。

 

基準日が第44期事業年度に属する剰余金の配当は、以下のとおりであります。期末配当に関する配当金の総額325百万円及び１株当たり配当額35円につきましては、2026年６月18日開催の定時株主総会の決議事項となっております。

決議年月日

配当金の総額

（千円）

１株当たり配当額

（円）

2026年６月18日

325,673

35.00

定時株主総会決議（予定）"
2938,株式会社オカムラ食品工業,2025-06-30,"３ 【配当政策】

当社は、株主に対する利益配分と持続的成長による企業価値向上を経営の最重要課題と認識しております。利益配分につきましては、資本政策における重要項目であるとの認識の下、持続的成長を支える将来の事業基盤強化に向けた投資資金及び財務基盤の強化に必要な内部留保のバランスを考慮しつつ、安定した配当を継続して実施することを基本方針として位置づけ、実践していく考えであります。具体的には、株主資本配当率２％以上を目途に継続的・安定的な配当に努めることを基本方針といたします。

当社は、中間配当及び期末配当の年２回を基本的な方針としております。配当の決定機関は、中間配当は取締役会、期末配当は株主総会であります。また、中間配当の基準日は毎年12月31日とする旨を定款に定めております。

上記基本方針のもと、当社は2025年６月期の中間配当金については、取締役会決議により１株につき19円と決定し、期末配当金については、定時株主総会決議により１株につき9.5円を予定しております。なお、2025年１月１日付で普通株式１株につき２株の割合で株式分割を行っており、当該株式分割を考慮しない場合の2025年６月期の１株当たりの年間配当金合計は38円となる予定です。

 

(注）基準日が第55期事業年度に属する剰余金の配当は、以下のとおりであります。













決議年月日



配当金の総額

（百万円）



１株当たり配当額

（円）







2025年2月14日

取締役会決議



154



19







2025年9月29日

定時株主総会決議（予定）



155



9.5





 


内部留保金の使途につきましては、今後の事業展開への備えとして投入していくこととしております。"
2961,日本調理機株式会社,2025-09-30,"３ 【配当政策】

当社は、株主還元を重要な経営課題の１つであると認識するとともに、継続的な事業拡大に向けた取り組みが、株主価値の増大のために重要であると考えております。配当性向は、経営環境、設備投資計画等を総合的に勘案し、内部留保を考慮し40％程度とすることとしております。当社の剰余金の配当は、期末配当の年１回を基本方針としており期末配当については株主総会で決定しております。

基準日が第87(2025年9月)期に係る剰余金の配当は、１株150円としております。内部留保に関しましては、生産設備及び製品開発並びに物流施設に効率的に投資して参る所存であります。なお、当社は毎年３月31日を基準日として、中間配当を行うことができる旨を定款に定めており、この決定機関は取締役会であります。

 













決議年月日



配当金の総額(千円)



1株当たり配当額(円)







2025年12月23日

定時株主総会



166,893



150"
2962,株式会社テクニスコ,2025-06-30,"３【配当政策】

当社は、利益配分につきましては、将来の事業展開と経営体質の強化のために必要な内部留保を確保しつつ、安定した配当を継続して実施していくことを基本方針としております。

当社は、中間配当と期末配当の年２回の剰余金の配当を行うことを基本方針としております。

これらの剰余金の配当の決定機関は、期末配当については株主総会、中間配当については取締役会であります。

当事業年度の配当につきましては、上記方針に基づきながらも内部留保を充実させるため実施しておりません。

内部留保資金につきましては、今後予想される経営環境の変化に対応すべく、今まで以上にコスト競争力を高め、市場ニーズに応える技術・製造開発体制を強化し、さらには、グローバル戦略の展開を図るために有効投資してまいりたいと考えております。

なお、当社は、機動的な資本政策及び配当政策の実現を図るため、剰余金の配当等会社法第459条第１項各号に定める事項については、法令に別段の定めがある場合を除き、取締役会の決議によって定めることができる旨を、本年９月25日開催の定時株主総会にて決議しております。"
296A,令和アカウンティング・ホールディングス株式会社,2026-03-31,"３【配当政策】

当社は、その業績がエネルギー価格、為替、関税あるいは景気、不景気などの外部環境の変動にほとんど影響を受けないことを特徴としております。安定的な業績を背景として、安定的な配当水準を維持することを配当政策の基本としております。今後の事業展開と経営体質強化のため特に従業員への投資が十分か検討したうえで内部留保は最低限確保し、業績への連動性を重視したうえで利益配分を行うことを基本方針としております。

当社は、中間配当と期末配当の年２回の剰余金の配当を行うこととしており、剰余金の配当の決定機関は、中間配当は取締役会、期末配当は株主総会としております。

当社は、取締役会の決議により、毎年９月30日を基準日として中間配当をすることができる旨を定款に定めております。

配当性向については毎期単体配当性向80％程度を基本として、さらに財政状態等を勘案して単体配当性向を毎期1%から10％の範囲で上乗せする方針としております。この上乗せ分は、株主優待等についても検討しましたが、配当金として分配することが合理的であるとの判断により実施しているものです。

内部留保資金については、中長期的な視点に立ち、財務体質の強化並びに新たな事業展開への投資などに活用し、企業価値の向上を図っていく所存であります。

当事業年度の配当につきましては、上記方針に基づき当期は１株当たり32円50銭（うち中間配当12円50銭）を実施することを予定しております。これは、基本部分として単体配当性向80％程度である30円50銭、上乗せ分として単体配当性向５％程度である２円00銭を上乗せとしております。

以上より、当事業年度にかかる単体配当性向は合計で85％程度である１株当たり32円50銭となる予定であります。

なお、期末配当に関する配当金の総額748,060千円及び１株当たり配当額20.00円につきましては、2026年６月18日開催予定の定時株主総会の決議事項となっております。

 

決議年月日

配当金の総額（千円）

１株当たり配当額（円）

2025年10月22日

467,537

12.50

取締役会決議

2026年６月18日

748,060

20.00

定時株主総会決議（予定）"
2970,ＧＬＣ　ＧＲＯＵＰ株式会社,2025-12-31,"３【配当政策】

当社は、将来の事業展開と経営体質の強化のために必要な内部留保を確保しつつ、株主各位に対する適切な利益還元を実施していくことを基本方針としております。現在は成長過程にあることから、将来の事業拡大に向けた内部留保の充実を優先すべき段階と判断し、設立以来、剰余金の配当は実施しておりません。今後の配当につきましては、業績や配当性向、将来的な成長戦略等を総合的に勘案して決定していく方針ですが、現時点での実施時期は未定であります。内部留保資金につきましては、今後予想される経営環境の変化に対応できる経営体制強化及び事業拡大のための投資等に充当していく予定であります。

なお、剰余金の配当を行う場合、年１回の期末配当を基本方針としており、期末配当の決定機関は株主総会となっております。また、取締役会の決議によって、中間配当を行うことができる旨を定款に定めております。

一方で、株主様からの日頃のご支援に深く感謝するとともに、より多くの株主様に当社株式を長期的に保有していただくことを目的に、2026年２月に株主優待制度を新設し導入しております。"
2974,大英産業株式会社,2025-09-30,"３【配当政策】

当社は、剰余金の配当、自己株式の取得等、会社法第459条第１項各号に定める事項について、法令の別段の定めがある場合を除き、取締役会の決議により定める旨定款に定めております。また、当社は、株主の皆様に対する利益還元を経営の重要な政策と位置付け、配当に関しましては、経営環境の変化や中長期的視野に立ったうえでの今後の事業展開、更には企業体質の強化等を総合的に勘案のうえで、安定的かつ継続的な配当を実施していく方針であります。

配当金は、中間配当と期末配当の年２回の剰余金の配当を行うこととしております。なお、当社は会社法第454条第５項に規定する中間配当ができる旨を定款に定めております。これらの剰余金の配当の決定機関は、中間配当、期末配当ともに取締役会であります。

当事業年度の配当につきましては、上記方針に基づき１株当たり24円の配当（うち中間配当12円）を実施することを決定しました。

この結果、当事業年度の配当性向は16.9％となりました。

内部留保資金につきましては、今後予想される経営環境の変化に対応すべく、将来の事業展開と経営体質の強化のための財源として利用してまいりたいと考えております。

なお、当事業年度に係る剰余金の配当は以下のとおりです。

決議年月日

配当金の総額（百万円）

1株当たりの配当額（円）

2025年４月15日

取締役会決議

39

12

2025年10月16日

取締役会決議

39

12"
2975,スター・マイカ・ホールディングス株式会社,2025-11-30,"３【配当政策】

当社は、株主に対する利益還元を経営の重要課題のひとつと位置づけております。そこで中期的には、次のキャピタルアロケーションポリシーに基づき、利益配分については、今後の成長投資を優先したうえで、年２回の中間配当及び期末配当として安定的かつ増配にて実施していくとともに、PBR１倍割れ等割安と判断する場合に機動的に行う自己株式の取得と合わせて、総還元性向40％を目指します。

 

（キャピタルアロケーションポリシー）

長期での企業価値の最大化を実現するため、次の５つを基本ポリシーとし、規律ある成長投資と株主還元を実現することを目指します。

①ROE向上、株主資本コストの適正水準維持により、企業価値及びエクイティスプレッドの最大化を目指す

②自己資本比率を注視しつつ、低コストでの借入を図る

③新たな価値を創造するために、成長投資を優先させる

④成長投資後の余剰資金については、安定配当・増配を継続する

⑤PBR１倍未満の場合、機動的に自己株式の取得を行い、総還元性向40％ / EPS成長率14％を目指す

※2025年１月14日に中期経営計画「Find the Value 2026」の数値目標及びキャピタルアロケーションの一部を見直しております。

 

なお、当期に係る剰余金の配当は以下のとおりであります。

決議年月日

配当金の総額（千円）

１株当たり配当額（円）

2025年６月30日

512,280

15.0

取締役会決議

2026年１月13日

746,555

22.0

取締役会決議

 

次期の配当予想につきましては、年間配当額として当期から8.0円増配となる、１株当たり45.0円（中間配当１株当たり22.5円、期末配当１株当たり22.5円）、配当性向30.0％を予定しております。また、自己株式の取得については、機動的に実施を検討いたします。"
2976,日本グランデ株式会社,2026-03-31,"３ 【配当政策】

当社は、利益還元を重要な課題と考えておりますが、将来の事業拡大に備え、内部留保による経営基盤・財務体質の強化を図りながら、可能な限り株主の皆様に還元していくことを利益配分に関する基本方針と考えております。

当社は、期末配当による年１回の剰余金の配当を行うことを基本方針としておりますが、中間配当を行うことができる旨を定款で定めております。配当の決定機関は、中間配当は取締役会、期末配当は株主総会であります。

内部留保資金につきましては、事業拡大を目的とした中長期的な事業原資として利用していく予定であります。

以上を踏まえ、当期の期末配当金は、前述の基本方針及び当期の業績並びに今後の経営環境を勘案し、１株当たり10円00銭を2026年６月26日開催予定の定時株主総会で決議して実施する予定であります。

(注) 基準日が当事業年度に属する剰余金の配当は以下のとおりであります。













決議年月日



配当金の総額
(千円)



１株当たり配当額
(円)







2026年６月26日

定時株主総会決議予定



13,436



10"
2978,株式会社ツクルバ,2025-07-31,"３ 【配当政策】

(1) 配当の基本的な方針

当社は、財務体質の強化と事業拡大の為の内部留保の充実を図ることが優先課題であると考えており、創業以来普通株式への配当を行っておりません。現在は成長過程にあると考えていることから、経営基盤の安定化を図るために内部留保を充実させ、事業拡大、事業効率化のために投資を行い、企業価値向上を図ることが、株主に対する最大の利益還元につながると考えております。

なお、2022年11月15日を払込期日とする第三者割当の方法により発行したA種種類株式につきましては、発行時に定められた発行要項に基づき、所定の金額の配当を実施いたします。














決議年月日



株式の種類



配当金の総額



１株当たり配当金







2025年９月12日

取締役会決議



A種種類株式



7,000千円



10,000円





 


 

(2) 毎事業年度における配当の回数についての基本的な方針

当社は、内部留保の充実を図ることが優先課題であると考えているため、現時点において普通株式への配当実施の可能性及びその実施時期については未定であります。

 

(3) 配当の決定機関

配当の決定機関について、中間配当は取締役会であり、期末配当は株主総会であります。

 

(4) 第14期事業年度の配当決定に当たっての考え方及び内部留保資金の使途

当社は、上記(1)の方針に従い、創業以来普通株式への配当を行っておらず、第14期事業年度においても剰余金の配当は実施しておりません。内部留保資金につきましては、事業拡大を目的とした中長期的な事業原資として利用していく予定であります。

 

(5) 中間配当について

当社は、会社法第454条第５項に規定する中間配当ができる旨を定款に定めております。"
297A,アルピコホールディングス株式会社,2026-03-31,"３【配当政策】

当社は株主の皆様への利益還元を経営の重要施策の一つと位置づけており、将来の事業展開に向けた投資や経営基盤の強化による企業価値の向上を図るとともに、財務体質の強化に努め、安定した配当を維持することを基本方針としております。

剰余金の配当につきましては、年１回の期末配当を行うことを基本としており、その決定機関は株主総会であります。なお、当社は中間配当を取締役会の決議により行うことができる旨を定款に定めておりますが、2025年９月30日を基準日とする中間配当につきましては、財務状況等を総合的に勘案した結果、無配といたしました。また、災害や疾病の流行等の不測の事態により株主総会の開催が困難と取締役会が判断した場合には、定款の定めに従い、取締役会決議により期末配当を行うことができる体制を整えております。

普通株式につきましては、上記方針や経営成績、財政状態等を総合的に勘案し、１株当たり５円の期末配当を2026年６月24日開催の定時株主総会で決議し実施する予定であります。

なお、種類株式Ｂにつきましては、定款の定めに従い、分配可能額の範囲内で、種類株式Ｂ１株当たりの払込金額に2.0％の配当年率を乗じて算出された額の剰余金の配当を行う予定であります。

自己株式の取得につきましては、取締役会の決議により実施できる旨を定款に定めております。当連結会計年度におきましては、機動的な資本政策の遂行を可能とするため、2026年２月に2,094,100株の自己株式を取得いたしました。今後の実施にあたっては、当社の財務状況、業績推移及び株価水準等を勘案し、適切に対応してまいります。

内部留保資金につきましては、財務体質の強化並びに将来の事業展開に向けた投資等に有効活用し、さらなる企業価値の向上に努めてまいります。

当事業年度に係る剰余金の配当は、以下のとおりです。

決議年月日

株式の種類

配当金の総額（円）

１株当たり配当額（円）

2026年６月24日

種類株式Ｂ

57,720,000

20

定時株主総会決議 予定（注）

2026年６月24日

普通株式

345,095,720

5

定時株主総会決議 予定（注）

（注）2026年３月31日を基準日とする期末配当であり、2026年６月24日開催予定の定時株主総会の議案（決議事項）として提案しております。"
2980,ＳＲＥホールディングス株式会社,2026-03-31,"３【配当政策】

当社は、株主に対する利益還元も経営の重要課題であると認識しております。しかしながら、当社は成長途上にあり、経営の変化に対応するため財務体質を強化し、事業拡大のための内部留保の充実等を図ることが株主に対する最大の利益還元につながると考え、これまで株主還元を実施しておりませんでした。

2018年３月期に営業黒字を達成して以降利益拡大を続ける中で、株主への利益還元を行いながら資本効率の向上を図ることを目的とし、2024年３-４月に経営環境の変化にも対応した機動的な株主還元として、当社初となる約５億円の自己株式取得を実施いたしました。

自己株式取得とは異なる株主還元の手法である剰余金の配当についても検討を行う中で、当社の手掛ける各事業の状況はそれぞれ段階が異なるため、事業ごとの方針を定めることとなりました。

不動産や金融業界からIT、ヘルスケア領域など幅広い業界のDX推進を支援する「AI クラウド＆コンサルティング」事業は引き続き、成長段階にあります。積極的な利益の再投資による事業拡大に伴う更なる利益成長と、それによる株主価値の向上こそが株主への還元につながると考えております。

一方で、「ライフ＆プロパティソリューション」事業については、アセットマネジメント子会社におけるファンドスケール化の加速等により、安定収益であるストック収入型収益が拡大しておりますので、これらの安定的な収益は株主へと利益還元することとし、セグメント利益に対して当社に適用される法人税率を除いたみなし当期純利益に対して35％程度を目標に、経営成績に応じた利益還元を継続的に行う方針であります。

なお、当社の剰余金の配当は、期末配当の年１回を基本的な方針としており、会社法第459条第１項の規定に基づき、取締役会の決議をもって剰余金の配当等を行うことができる旨を定款に定めております。

また、当社は、取締役会の決議により、中間配当を行うことができる旨を定款に定めており、剰余金の配当基準日は、期末配当は３月31日、中間配当は９月30日とする旨を定款に定めております。

当事業年度に係る剰余金の配当は以下のとおりであります。

決議年月日

配当金の総額

（千円）

１株当たり配当額

（円）

2026年５月13日

290,087

18

取締役会決議"
2981,株式会社ランディックス,2026-03-31,"３ 【配当政策】

当社は、株主への利益還元を経営の重要施策の１つと考え、継続的かつ安定的に実施する「累進配当」を基本方針としております。また、一定以上の株式数を保有する株主に対しては「株主優待制度」による利益還元も実施しております。今後におきましても、内部留保金を長期的な企業価値の向上に寄与する効果的な投資に活用することで、自己資本の充実を図るとともに、経営成績、財政状態及びキャッシュ・フローのバランスを総合的に勘案しつつ、利益の状況に応じた適正な水準での利益還元を行ってまいります。

当社の剰余金の配当は、中間配当及び期末配当の年２回を基本的な方針としております。配当の決定機関は、中間配当は取締役会、期末配当は株主総会であります。

当事業年度の剰余金の配当につきましては、上記の方針に基づき、１株当たり47円(うち中間配当金21円）を予定しております。この結果、当連結会計年度の連結配当性向は14.4％となる予定です。

なお、当社は、取締役会の決議により、毎年９月30日を基準日として、中間配当を行うことができる旨を定款に定めております。

 

基準日が当事業年度に属する剰余金の配当は、以下のとおりであります。期末配当に関する配当金の総額148,065千円及び１株あたり配当額26円については、2026年６月25日開催予定の定時株主総会の決議事項となっております。













決議年月日



配当金の総額（千円）



１株当たり配当額（円）







2025年11月11日

取締役会決議



119,045



21.0







2026年６月25日

定時株主総会決議（予定）



148,065



26.0"
2982,株式会社ＡＤワークスグループ,2025-12-31,"３ 【配当政策】

当社グループは、株主の皆様に対する利益還元を経営の重要課題の一つと認識しております。安定的な配当の継続に努めつつ、中期的な視点に立ち、将来の事業展開に備えるための内部留保を確保した上で、業績に応じて配当を実施することを基本方針としております。

当期については、上記の方針に従い、業績や財務状況などを総合的に勘案し、2025年６月30日を基準日とする一株当たり6.00円の中間配当及び2025年12月31日を基準日とする一株当たり10.00円の期末配当、合計で一株当たり16.00円の配当を実施いたしました。この結果、当期の連結配当性向は23.4％となりました。

 

（注）基準日が当事業年度に属する剰余金の配当は、以下のとおりであります。













決議年月日



配当金の総額（百万円）



１株当たり配当額（円）







2025年８月７日

取締役会決議



296



6.00







2026年２月12日

取締役会決議



498



10.00"
2983,株式会社アールプランナー,2026-01-31,"３ 【配当政策】

当社は、中長期にわたる企業価値向上の実現を最優先課題とし、株主に対する利益還元につきましては、成長投資とのバランスを図りながら安定的な配当を継続して実施していくことを基本方針としております。

当社は、定款の定めにより、会社法第459条第１項各号に定める事項につきまして、法令に別段に定めのある場合を除き、株主総会の決議によらず、取締役会の決議によって定めることとしております。また、剰余金の配当の基準日として期末配当の基準日（１月31日）及び中間配当の基準日（７月31日）の年２回のほか、基準日を定めて剰余金の配当を行うことができる旨を定款に定めており、配当の決定機関は取締役会であります。

当期の年間配当金は、上記の基本方針及び当期の業績と今後の見通し等を勘案し、前期に比べ35円増配となる１株当たり80円（うち中間配当金30円）（分割後ベースでは40円）といたしました。

次期の年間配当金につきましては、上記の基本方針並びに経営環境及び業績見込み等を総合的に勘案し、当期に比べて１株当たり５円増配の45円（うち中間配当金20円）を予定しております。

 

（注）基準日が当事業年度に属する剰余金の配当は、以下のとおりであります。















取締役会決議日



配当金の総額



１株当たり配当額







（中間配当）

2025年９月11日



160,086



千円



 30.00



円







（期末配当）

2026年３月16日



266,810



千円



50.00



円"
2984,ヤマイチエステート株式会社,2026-03-31,"３【配当政策】

当社の配当政策の基本方針としましては、収益力の強化や事業基盤の整備を実施しつつ、内部留保の充実状況及び企業を取り巻く事業環境を勘案したうえで、株主に対して安定的かつ継続的な利益還元を実施する方針であります。内部留保資金につきましては、事業拡大を目的とした中長期的な事業原資として利用していく予定であります。

また、剰余金の配当を行う場合の決定機関は株主総会となっております。期末配当の年１回を基本としておりますが、業績の見通しに基づき、状況に応じて中間配当を取締役会の決議によって行うことができる旨を定款に定めております。

なお、当事業年度に係る剰余金の配当は以下のとおりであります。

 

決議年月日

配当金の総額（千円）

１株当たり配当額（円）

2026年６月25日

260,160

30.00

定時株主総会決議（予定）"
2986,株式会社ＬＡホールディングス,2025-12-31,"３【配当政策】

当社は、株主の皆様への利益還元を経営の重要課題の一つと位置付けております。企業体質の強化、将来の事業展開及び業績等を総合的に勘案した上で、親会社株主に帰属する当期純利益を基準とする配当性向「40％」を目標とし、安定的かつ継続的な配当の実現を図ることを基本方針としております。

なお、内部留保資金の使途につきましては、主に事業計画の実現、借入金の返済、不測の事態への対応、競争力強化及び成長に向けた投資機会に備えたものであり、事業会社として合理的に保有すべき資金を内部留保しております。

当社は、中間配当と期末配当の年２回の剰余金の配当を行うことができる旨を定款に定めております。

これらの剰余金の配当の決定機関は、期末配当については株主総会、中間配当については取締役会であります。

2025年12月期の期末配当につきましては、通期業績を総合的に勘案した結果、年間配当金338円（うち中間配当165円）の普通配当を実施いたします。

（注） 基準日が当事業年度に属する剰余金の配当は、以下のとおりであります。

決議年月日

配当金の総額

（百万円）

１株当たり配当額

（円）

2025年８月８日

1,258

165

取締役会決議

2026年３月27日

1,319

173

定時株主総会決議（予定）"
298A,ＧＶＡ　ＴＥＣＨ株式会社,2025-12-31,"３【配当政策】

当社は、株主に対する利益還元を重要な経営課題の一つとして認識しておりますが、現段階では、事業拡大のための投資及び財務基盤の強化が最優先の課題であると認識しており、そのバランスを見極めながら、必要な内部留保を確保し安定した配当ができる体制が整った後に継続的に実施していくことを基本方針としております。しかしながら、当社の業績が計画どおりに進捗しない場合には、配当を実施できない可能性があります。

内部留保資金につきましては、経営基盤の長期安定に向けた財務体質の強化及び事業の継続的な拡大発展を実現させるための資金として、有効に活用していく所存であります。一方で、将来的には、経営環境及び業績、投資計画、財政状態等を勘案し、株主への利益還元を検討していく方針であります。

また、剰余金の配当を行う場合、年１回の剰余金の配当を期末に行うことを基本的な方針としております。その他年１回の中間配当を行うことができる旨を定款で定めております。配当の決定機関は、中間配当は取締役会、期末配当は株主総会であります。"
2991,株式会社ランドネット,2025-07-31,"３ 【配当政策】

当社は、株主への還元を第一として、配当原資確保のための収益力を強化し、継続的かつ安定的な配当を行うことを基本方針としております。

当社の剰余金の配当は、期末配当の年１回を基本的な方針としており、配当の決定機関は、株主総会であります。

当事業年度の剰余金の配当につきましては、継続的な安定配当の基本方針のもと、１株当たり20.00円としております。

内部留保資金の使途につきましては、今後の事業展開への備えと経営基盤の強化、拡充に有効活用し、将来における株主の利益確保のために備えてまいります。

なお、当社は取締役会の決議によって中間配当を行うことができる旨を定款に定めております。

 

（注）基準日が当事業年度に属する剰余金の配当は、以下のとおりであります。

 













決議年月日（予定）



配当金の総額

（百万円）



１株当たりの配当金

（円）







2025年10月28日

定時株主総会決議



239



20.00"
2993,株式会社長栄,2026-03-31,"３【配当政策】

当社は、株主の皆様に対する利益還元を経営の最重要課題のひとつと位置づけ、財務体質の強化と積極的な事業展開に必要な内部留保の充実を勘案のうえ安定した配当政策を実施することを基本方針としております。また、配当につきましては、年１回期末配当にて剰余金の配当を行うことを基本方針としており、今後も中長期的な視点に立って、成長が見込まれる事業分野に経営資源を投入することにより、持続的成長と株主価値の増大に努めてまいります。

これらの剰余金の配当の決定機関は期末配当については株主総会、中間配当については定款に基づき取締役会であります。

当事業年度の期末配当金につきましては、１株につき125円の配当（通常配当100円、特別配当25円）を予定しており、2026年６月25日開催の定時株主総会の議案として付議いたします。

内部留保資金につきましては、今後の持続的成長のための投資原資として活用する予定であります。

なお、当社は取締役会の決議により毎年９月30日を基準日として中間配当を行うことができる旨を定款に定めております。

当事業年度に係る剰余金の配当は次のとおりであります。

決議年月日

配当金の総額

（千円）

１株当たり配当額

（円）

2026年６月25日

548,371

125

定時株主総会決議（予定）"
2997,株式会社ストレージ王,2026-01-31,"３【配当政策】

当社は、株主に対する利益還元を重要な課題として認識しており、中長期的な視点で、利益の再投資を通じた株主価値向上を図るとともに、事業環境や業績、財務状況などを総合的に勘案したうえで、配当を決定することを基本方針としております。

当社は、定款の定めにより、会社法第459条第１項各号に定める事項について、法令に別段の定めのある場合を除き、株主総会の決議によらず、取締役会の決議によって定めることとしております。また、剰余金の配当については、毎年１月31日を基準日とする期末配当及び毎年７月31日を基準日とする中間配当のほか、基準日を定めて剰余金の配当を行うことができる旨を定款に定めており、配当金の決定機関は取締役会であります。

内部留保資金の使途につきましては、今後の事業展開に応じて投入していくこととしております。

（注） 基準日が当事業年度に属する剰余金の配当は、行っておりません。（予定）"
2998,クリアル株式会社,2026-03-31,"３ 【配当政策】

当社は、株主への還元を第一として、配当原資確保のための収益力を強化し、継続的かつ安定的な配当を行なうことが、経営の重要課題と認識しております。現段階での当社の利益配分につきましては、将来の事業の発展と経営基盤の強化のための内部留保の水準を勘案し、年間の連結配当性向15％を目安として、期末配当として実施することを基本方針としております。

なお、剰余金の配当を行う場合、「毎年３月31日（期末配当）及び毎年９月30日（中間配当）を基準日とし、会社法第459条第１項の定めにより、取締役会の決議によって剰余金の配当を行うことができる。」旨を定款に定めており、機動的な配当政策を実施するため、期末配当及び中間配当のいずれにつきましても取締役会決議により決定することとしております。

 

基準日が当事業年度に属する取締役会決議による剰余金の配当は、以下のとおりであります。













決議年月日



配当金の総額(千円)



１株当たり配当額(円)







2026年５月15日 取締役会決議



288,520



8





 


(注)当社は、2025年10月１日付で普通株式１株につき５株の株式分割を行っており、「１株当たり配当額(円)」については、当該株式分割後の株式数を基準に記載しております。"
2999,ホームポジション株式会社,2025-08-31,"３【配当政策】

当社は、剰余金の配当につきましては、年１回の期末配当を実施することを基本的な方針としております。

また、剰余金の配当の決定機関を会社法第459条第１項の規定に基づき取締役会である旨及び毎年２月末日を基準日として中間配当を行うことができる旨を定款で定めております。

内部留保資金につきましては、主に事業規模拡大を目的としたプロジェクト用地の仕入、建築資金、及び運転資金等に充当し、財務体質の強化と企業価値の向上に努めてまいります。

当社は、株主に対して安定的かつ継続的な利益還元は重要な課題と認識しております。

財政状態・経営成績・事業計画等を勘案し、当面は１株当たり純利益に対する配当性向30％を目安として配当を実施していく方針であります。

なお、当事業年度の配当につきましては、上記方針に基づき当期は１株当たり10円の配当を実施することを決定いたしました。この結果、当事業年度の配当性向は23.3％となりました。

当事業年度に係る剰余金の配当は以下のとおりであります。

 

決議年月日

配当金の総額

（百万円）

１株当たり配当額

（円）

2025年10月23日

93

10

取締役会決議"
299A,クラシル株式会社,2026-03-31,"３ 【配当政策】

当社は、中長期的かつ持続的な企業価値の向上を目指しており、そのためには、将来の成長を見据えたサービスへの先行投資や設備投資、資本業務提携を積極的に行うことが重要であると認識しております。現時点では、事業の拡大と効率化のために投資し、企業価値の増大を優先すべきだと考えております。当事業年度においては、上記の理由から配当を実施しませんでした。

事業を通じて得た利益準備金・利益剰余金については、既存事業におけるマーケティング等の実施、新規事業等におけるプロダクト開発の促進と人員の拡充・育成、積極的なM＆Aをはじめとした収益基盤の多様化や収益力強化による非連続的な企業成長のための投資に活用する方針であります。将来的には、各期の経営成績及び財政状態を勘案しながら株主に対する利益還元を検討していく方針ですが、現時点において配当実施の可能性及び実施時期等については未定であります。

なお、当社は、剰余金の配当等会社法第459条第１項各号に定める事項について、法令に別段の定めがある場合を除き、株主総会の決議によらず取締役会の決議により定める旨定款に定めております。また、当社は会社法第454条第５項に規定する中間配当を、９月30日を基準日として取締役会の決議によって行うことができる旨を定款で定めております。"
3001,片倉工業株式会社,2025-12-31,"３ 【配当政策】

当社は、持続的な成長と中長期的な企業価値の向上を図るとともに、株主の皆様への利益還元を経営上重要な政策の一つとして位置付けております。利益の配分については、安定的な配当の実施に努めるとともに、資本効率の向上等を目的として適宜機動的な自己株式取得を実施することとしております。総還元性向については、特殊要因(※)を除き、親会社株主に帰属する当期純利益の60％程度を目安として、利益還元に努めてまいります。

(※)一時的な損失や利益計上により、当期純利益が大きく変動する場合を想定しております。

 

上記方針に基づき、当事業年度の剰余金の配当は、１株につき60円（普通配当）の期末配当を2026年３月27日開催予定の定時株主総会で決議して実施する予定であります。

内部留保資金については、主に将来の事業展開に必要な資金として活用し、今後の長期的な収益基盤強化することをもって、企業価値の向上に努めてまいります。

 

なお、剰余金の配当については、期末配当の年１回を基本方針としており、決定機関は株主総会としています。

（注）当事業年度を基準日とする剰余金の配当は、次のとおりであります。













決議年月日



配当金の総額（百万円）



１株当たり配当額（円）







2026年３月27日

定時株主総会決議（予定）



1,908



60.00"
3002,グンゼ株式会社,2026-03-31,"３ 【配当政策】

当社は、株主の皆さまに対する安定的・継続的な利益還元を経営の重要政策と位置付けております。配当については、DOE（株主資本配当率）4.0％以上を目安に実施してまいります。加えて、企業価値の持続的向上を目指す上で、連結ROEが8％以上となるまで、還元性向100％超となる株主還元（特別配当/自己株式取得）を機動的に実施してまいります。

当社の剰余金の配当は、期末配当による年１回を基本方針としております。また、剰余金の配当の決定機関は、株主総会であります。当期の配当につきましては、上記方針のもと、１株当たり147円の普通配当金に、１株当たり69円の特別配当金を加算し、１株当たり216円を予定しております。

 

(注) 基準日が当事業年度に属する剰余金の配当は、以下のとおりであります。
















決議年月日



配当金の総額



１株当たり配当額







2026年６月25日



定時株主総会決議
 (予定)



6,770



百万円



216



円"
3003,ヒューリック株式会社,2025-12-31,"３【配当政策】

当社は、不動産投資事業を主たる事業としていることもあり、長期的かつ安定的な事業基盤の強化のために必要な内部留保の充実をはかるとともに、株主への利益還元を狙いとして、安定した配当を継続することを基本方針としております。また、業績動向を踏まえた配当とすることも同様に重要と考えております。

当社は、期末配当による年１回の剰余金の配当をおこなうことを基本方針としておりますが、下記の通り、中間配当制度を採用していることから、各事業年度の業績の状況を勘案し、中間配当を実施することにより、年２回の剰余金の配当をおこなう場合もございます。これらの剰余金の配当の決定機関は、期末配当については株主総会、中間配当については取締役会であります。

 

このような利益配分の考え方に基づき、当事業年度の配当金につきましては、2026年３月25日開催予定の定時株主総会で、期末配当33.5円（中間配当28.5円実施済）を決議する予定であります。

当社は、会社法第454条第５項に基づき、中間配当制度を採用しております。

なお、当事業年度に係る剰余金の配当額は以下の通りであります。

決議年月日

配当金の総額

（百万円）

１株当たり配当額

（円）

2025年７月28日

21,849

28.5

取締役会決議

2026年３月25日

25,683

33.5

定時株主総会決議予定"
3004,神栄株式会社,2026-03-31,"３ 【配当政策】

株主の皆さまへの利益還元を経営の最重要課題と位置付けた中、当社の利益配分は、業績や配当性向に加え、企業価値の向上・拡大に向けた戦略的投資や健全な財務体質構築に向けた内部留保などとのバランスを総合的に勘案し進めていくことを基本方針としております。

当社の剰余金の配当は、期末配当の年１回を基本的な方針としており、配当の決定機関は株主総会であります。

上記の基本方針の下、現行の中期経営計画において、連結配当性向30％程度を目標として掲げていることから、当事業年度の配当につきましては、当期の業績を踏まえ、2026年６月25日開催予定の定時株主総会にて、１株当たり110円の普通配当を決議する予定であります。

また、内部留保資金の使途につきましては、今後の事業展開への備えといたします。

 

（注）基準日が当事業年度に属する剰余金の配当は、以下のとおりであります。

 













決議年月日



配当金の総額

（百万円）



１株当たり配当額

（円）







2026年６月25日



430



110







定時株主総会決議（予定）"
300A,ＭＩＣ株式会社,2026-03-31,"３ 【配当政策】

当社は、株主への利益還元を経営の重要課題の一つと位置付け、経営体質の強化と今後の事業展開に必要な内部留保の充実を勘案した上で、業績向上に応じて、継続的かつ安定的な利益還元を行っていくことを基本方針としております。

当社は剰余金を配当する場合は、期末配当の年１回を基本方針としております。また、当社は剰余金の配当を会社法第459条第１項の規定に基づき取締役会の決議により行う旨を定款に定めております。なお、当社は取締役会の決議により、毎年９月30日を基準日として、中間配当を行うことができる旨を定款に定めております。

当期の配当につきましては、上記方針に基づき１株当たり70.０円の期末配当を実施することを決定いたしました。これにより当事業年度の配当性向は40.4％となりました。当社の配当につきましては、中長期的な視点で業績や財務状況、投資計画の状況を考慮した上で、配当性向40％を目標に利益還元していく予定であります。また、内部留保資金につきましては、今後予想される経営環境の変化に対応すべく、今まで以上にコスト競争力を高め、市場ニーズに応える技術力の取得、有能な人材を確保するために有効投資し、将来の業績向上を通じて、株主への利益還元を図っていく所存であります。

 

当事業年度(2026年３月期)に係る剰余金の配当は以下のとおりであります。













決議年月日



配当金の総額(千円)



１株当たり配当額(円)







2026年５月14日

取締役会



497,230



70.00"
3010,ポラリス・ホールディングス株式会社,2026-03-31,"３【配当政策】

当社は、株主還元を重要な経営課題の一つと位置付けております。利益配分につきましては、企業基盤の強化、今後の事業成長に向けた投資、業績および財務状況等を総合的に勘案し、株主への利益還元を実施することを基本方針としております。

2026年5月13日に策定した「中期経営計画2030」においては、成長投資と株主還元のバランスを重視したキャピタルアロケーションを基本方針としており、新規出店、ホテル投資およびM&A等の成長投資を優先しつつ、業績に応じた配当を実施する方針としております。また、内部留保につきましては、成長投資に加え、今後の事業拡大に向けた設備投資、人材基盤の構築、システム投資ならびに有利子負債の返済等に活用してまいります。

なお、当社は、期末配当金については株主総会、中間配当金については取締役会をそれぞれ決定機関とする旨を定款に定めております。また、会社法第454条第５項の規定に基づき、取締役会の決議により毎年９月30日を基準日として中間配当を行うことができることとしております。

当事業年度の期末配当につきましては、2026年３月期の業績が直近の業績予想を上回ったことを踏まえ、１株当たり５円00銭を実施することを予定しております。

 

決議年月日

配当金の総額

（百万円）

１株当たり配当額

（円）

2026年6月25日

定時株主総会決議 (予定)

1,170

5"
3011,株式会社バナーズ,2026-03-31,"３【配当政策】

当社は、株主の皆様への利益還元を経営の最重要課題の一つと位置付けており、そのためには中長期的な視野に基づいた企業価値の増大が欠かせないものであると考えております。配当の決定に当たり、安定した配当を継続的に行うことができるよう、将来の事業拡大に必要な内部留保を考慮した上で、業績動向や財務状況等を総合的に勘案し判断しております。

具体的には、配当性向50％以上を目標とし、更なる株主利益の向上を目指し、機動的な自己株式の取得も検討してまいります。

また、当社は年１回の期末配当を行うことを基本方針としており、これらの剰余金の配当の決定機関は、取締役会であります。また、当社は、「会社法第459条第１項の規定に基づき、取締役会の決議をもって剰余金の配当等を行うことができる。」旨を定款に定めております。

当事業年度に係る剰余金の配当は以下のとおりであります。

決議年月日

配当金の総額

（百万円）

１株当たり配当額

（円）

2026年５月14日

76

5

取締役会決議"
3020,アプライド株式会社,2026-03-31,"３【配当政策】

当社は、株主への還元を第一として、配当原資確保のための収益力を強化し、継続的かつ安定的な配当を行うことを基本方針としております。

当社の剰余金の配当は、中間配当及び期末配当の年２回を基本的な方針としております。配当の決定機関は、中間配当は取締役会、期末配当は株主総会であります。

当事業年度の剰余金の配当につきましては、継続的な安定配当の基本方針のもと、１株当たり80円（うち、普通配当70円 特別配当10円）を予定し、中間配当金（50円）と合わせて130円を予定しております。

内部留保資金の使途につきましては、今後の財務体質の充実、及び事業拡大のための新規出店、増改築等の投資に役立ててまいります。

また、当社は「取締役会の決議によって、毎年９月末日を基準日として中間配当をすることができる」旨を定款に定めております。

 

（注）第44期の剰余金の配当は、以下のとおりであります。

決議年月日

配当金の総額

（百万円）

１株当たり配当額

（円）

令和７年11月14日

135

50

取締役会

令和８年６月19日

216

80

定時株主総会（予定）"
3021,株式会社パシフィックネット,2026-05-31,"３ 【配当政策】

当社は、株主還元を経営の最重要課題のひとつとして位置付けております。株主各位への利益配分につきましては事業の持続的成長による継続的・安定的な利益還元を基本とした上で、配当額は、配当性向30％以上かつ純資産配当率（ＤＯＥ）５％以上を目標として決定していく方針であります。

剰余金の配当につきましては、毎年11月30日を基準日として、会社法第454条第５項に規定する中間配当を行うことができる旨を定款に定めております。剰余金の配当の決定機関は、期末配当については株主総会、中間配当については取締役会であります。

上記の方針のもと、当事業年度の期末配当につきましては、１株当たり52円（年間配当52円）を予定しております。

 

（注）基準日が当事業年度に属する剰余金の配当は、以下のとおりであります。













決議年月日



配当金の総額
（千円）



１株当たり配当額
（円）







2026年８月27日

定時株主総会決議

（予定）



273,481

 



52"
3023,ラサ商事株式会社,2026-03-31,"３ 【配当政策】

当社の剰余金の配当は、中間配当及び期末配当の年２回を基本的な方針としております。配当の決定機関は中間配当は取締役会、期末配当は株主総会であります。

当社は株主の皆様への長期的利益還元を重要な経営課題の一つと考え、2025年５月14日に公表いたしました中期経営計画において、配当性向は40％前後の水準を維持し、総還元性向は50％以上とする方針といたしましたので、当期の配当は中間で36円を実施し、期末配当は１株当たり44円を2026年６月25日開催予定の定時株主総会で決議して実施する予定であります。

次期の配当につきましては、当期と同額の１株あたり年間配当金80円とし、中間配当金40円、期末配当金40円を予定しております。

なお、当社は中間配当を行うことができる旨を定款に定めております。

 

基準日が当事業年度に属する剰余金の配当は、以下のとおりであります。
















決議年月日



配当金の総額



１株当たり配当額







2025年11月13日

取締役会決議



399



百万円



36.00



円







2026年６月25日

定時株主総会決議（予定）



484



百万円



44.00



円





 


(注) １．2025年11月13日取締役会決議による配当金の総額には、役員向け株式交付信託が保有する自社の株式に対する配当金13百万円が含まれております。

２．2026年６月25日開催予定の定時株主総会決議による配当金の総額には、役員向け株式交付信託が保有する自社の株式に対する配当金16百万円が含まれております。"
3024,クリエイト株式会社,2026-03-31,"３ 【配当政策】

当社は、株主の皆様に対する利益還元を経営上の重要政策と位置付けており、業績や財務状況を勘案して安定した配当を行うことを基本方針としています。今後の配当水準につきましては、2024年３月に公表しました、当社グループの企業価値の向上、持続的な成長に向け、2024年４月から2027年３月までの３か年を対象期間とする中期経営計画”Vision 110“に掲げております配当性向30％を基準とすることを念頭に、配当水準の向上を図ります。なお、特殊要因にかかる一時的な損失や利益計上により、当期利益が大きく変動する場合は、その影響を考慮して配当金額を決定することがあります。

 

当社の剰余金の配当は、中間配当及び期末配当の年２回を基本的な方針としております。配当の決定機関は、中間配当は取締役会、期末配当は株主総会であります。

 

当事業年度の連結業績及び財務状況を上記方針に基づき、総合的に勘案した結果、2026年６月19日開催予定の定時株主総会で、１株当たり26円の普通配当を決議する予定であります。これにより、中間配当の14円と合わせて40円の配当となります。

 

内部留保資金につきましては、経営基盤の一層の強化及び事業拡大を図るための人財確保・育成、新規事業展開、新商品開発への投資資金として有効に活用してまいります。

 

なお、次期2027年３月期の配当につきましては、中東情勢を背景とした原油価格の急騰等、当社グループを取り巻く事業環境は先行き不透明な状況が続いており、現段階では未定とさせていただきます。

 

  (注)基準日が当事業年度に属する剰余金の配当は、以下のとおりであります。













決議年月日



配当金の総額(千円)



１株当たり配当額(円)







2025年11月７日

取締役会決議



54,559



14







2026年６月19日

定時株主総会決議（予定）



101,325



26"
3028,株式会社アルペン,2025-06-30,"３【配当政策】

当社グループは、消費者の健康で豊かな生活の実現に貢献することを通じて、将来にわたっての企業体質の充実と事業展開の拡大を図り、株主に対する利益還元と自己資本利益率の向上を基本方針としております。

配当につきましては、安定的かつ継続的な配当を実施することを基本とし、業績の進捗状況に応じて配当性向を勘案のうえ、株主に対し積極的な利益還元を行う方針であります。

当事業年度の配当につきましては、上記方針に基づき当期は１株当たり50円の配当（うち第２四半期末配当金25円）を実施いたしました。

内部留保資金につきましては、今後予想される小売業界内における競争の激化に対処すべく、経営基盤の更なる充実・強化のため有効投資に活用する方針であります。

当社は、第２四半期末配当と期末配当の年２回の剰余金の配当を行うことを基本方針としておりますが、このほか、基準日を定めて剰余金の配当を行うことができることとしております。なお、これらの剰余金の配当の決定機関は取締役会であります。

当社は、「会社法第459条第１項の規定に基づき、取締役会の決議をもって剰余金の配当等を行うことができる。」旨定款に定めております。

なお、基準日が当事業年度に属する剰余金の配当は次のとおりであります。

決議年月日

配当金総額（百万円）

１株当たり配当額（円）

2025年２月６日

963

25

取締役会決議

2025年８月22日

963

25

取締役会決議"
302A,株式会社ビースタイルホールディングス,2026-03-31,"３ 【配当政策】

当社は、経営基盤の長期安定に向けた財務体質の強化及び事業の継続的な拡大発展を目指すため、内部留保の充実が重要であると考え、会社設立以来配当は実施しておりません。しかしながら、株主利益の最大化を重要な経営目標のひとつとして認識しており、今後の株主への剰余金の配当につきましては、業績の推移・財務状況、今後の事業・投資計画等を総合的に勘案し、内部留保とのバランスをとりながら検討していく方針です。

内部留保資金につきましては、経営基盤の長期安定に向けた財務体質の強化及び事業の継続的な拡大発展を実現させるための資金として、有効に活用していく所存であります。

当社の剰余金の配当は、中間配当及び期末配当の年２回を基本的な方針としており、剰余金の配当を行う決定機関は株主総会となっております。なお、会社法第454条第５項に規定する中間配当を取締役会の決議によって毎年９月30日を基準日として行うことができる旨を定款に定めております。"
3030,株式会社ハブ,2026-02-28,"３ 【配当政策】

当社は、株主への還元を重要課題として認識して、配当原資確保のための収益力を強化し、内部留保資金を確保しつつ、配当性向30％を目安とする業績に連動した配当を行うことを基本方針としております。

また、定款に中間配当を行うことができる旨を定めておりますが剰余金の配当は当面「期末のみの年１回」を基本方針としております。配当の決定機関は、中間配当は取締役会、期末配当は株主総会であります。

当事業年度は、繰延税金資産の計上に伴い当期純利益が当初予想を上回る結果となりました。これは、会計上の法人税等調整額（益）の計上によるものであり、現預金の増加を伴うものではありませんが、株主の皆様への還元をより一層充実させるため、当事業年度の配当につきましては、１株当たり普通配当を10円とするとともに、1株当たり1円の特別配当を実施し、合わせて1株当たり11円としております。

内部留保資金の使途につきましては、今後の事業展開やリスクへの備えとして活用してまいりたいと考えております。

なお、基準日が当事業年度に属する剰余金の配当は、以下のとおりであります。













決議年月日



配当金の総額
(千円)



１株当たり配当額
(円)







2026年５月27日



138,357



11







定時株主総会決議"
3031,株式会社ラクーンホールディングス,2026-04-30,"３ 【配当政策】

当社は、株主の皆様に対する利益還元を経営上の重要課題として認識しており、将来の事業展開と経営体質の強化に備えるための内部留保の充実等を勘案しながら、業績を反映した水準で利益還元を実施することを基本方針としております。

当社の剰余金の配当は、中間配当及び期末配当の年２回を定款に定めており、これらの剰余金の配当の決定機関は中間配当は取締役会、期末配当は株主総会であります。なお、当社は、取締役会の決議によって、毎年10月31日を基準日として、中間配当することができる旨を定款に定めております。

当事業年度の配当につきましては、2026年７月25日開催予定の定時株主総会にて、期末配当金１株につき16円00銭を決議する予定であり、中間配当金１株につき11円00銭と合わせ、年間配当金は１株につき27円00銭となる予定であります。

来期以降の配当予想に関しては現段階では22円00銭でありますが、今後の事業規模拡大に備えるための内部留保の充実を図りながら経営成績の推移及び必要資金の状況を勘案しつつ配当を実施する方針であります。内部留保資金につきましては、財務体質の強化と事業規模拡大のための備えとしたいと考えております。

なお、基準日が当事業年度に属する剰余金の配当は以下のとおりであります。

 













決議年月日



配当金の総額

(千円)



１株当たり配当額

(円)







2025年11月28日

取締役会決議



225,075



11.00







2026年７月25日

定時株主総会決議（予定）



327,382



16.00"
3032,株式会社ゴルフ・ドゥ,2026-03-31,"３【配当政策】

当社は、株主への利益還元を経営の重要課題と位置付け、利益配当につきましては、事業展開と経営基盤の強化に必要な内部留保の充実に努めつつ、業績に応じた配当を中間配当と期末配当の年２回行うことを基本方針としております。

これらの剰余金の配当の決定機関は、期末配当については株主総会、中間配当については取締役会であります。

当事業年度の配当につきましては、上記方針に基づき当期は１株当たり３円の配当とすることを2026年６月26日開催予定の定時株主総会で決議する予定であります。その結果、当事業年度の配当性向は38.76％となる予定であります。

内部留保資金につきましては、今後予想される経営環境の変化に対応すべく、企業体質の充実強化及び今後の事業展開のための財源として利用していく予定であります。

当社は、「取締役会の決議により、毎年９月30日を基準として、中間配当を行うことができる。」旨を定款に定めております。

なお、第39期に係る剰余金の配当は以下のとおりであります。期末配当に関する配当金の総額14,588千円及び１株当たり配当額３円につきましては、2026年６月26日開催予定の定時株主総会の決議事項となっております。

決議年月日

配当金の総額

（千円）

１株当たり配当額

（円）

2026年６月26日

14,588

3

定時株主総会決議（予定）"
3034,クオールホールディングス株式会社,2026-03-31,"３ 【配当政策】

当社グループの配当につきましては、今後の事業展開や経営基盤強化のための内部留保を考慮しつつ、株主の皆さまに対し、安定した利益還元を継続的に実施することを基本方針としております。

当社グループの剰余金の配当は、中間配当及び期末配当の年２回を基本方針とし、会社法第459条の規定に基づき、取締役会の決議によって剰余金の配当を行うことができる旨を定款に定めております。なお、当事業年度の期末配当金につきましては、2026年５月12日開催の取締役会において、１株当たり27円の普通配当を実施することを決議いたしました。また、毎年３月31日又は９月30日の最終の株主名簿に記載又は記録された株主又は登録株式質権者に対して、金銭による剰余金の配当を行う旨を定款に定めております。

 

当事業年度に係る剰余金の配当は以下のとおりであります。













決議年月日



配当金の総額
(百万円)



１株当たり配当額
(円)







2025年11月７日

取締役会決議



864



23







2026年５月12日

取締役会決議



1,014



27"
3035,ケイティケイ株式会社,2025-08-20,"３ 【配当政策】

当社は、①株主に対する利益還元、②経営基盤の強化と積極的な事業展開に備えるための内部留保の確保、③当社従業員に対する還元の3つを基本方針としております。配当につきましては、このような方針に基づき、連結配当性向30％を目途に、成長に向けた投資との調整を図りつつ、業績に応じた配当を行うこととしております。

当社は、2016年11月11日開催の第45期定時株主総会決議により、会社法第459条の規定に基づき、取締役会の決議によって剰余金の配当を行うことができる旨を定款で定めております。

当事業年度の剰余金の配当につきましては、2025年10月2日開催の取締役会決議により、1株につき8円50銭とさせていただきました。なお、中間配当1株につき8円50銭とあわせて当期の年間配当金は17円となります。

内部留保資金につきましては、企業価値の増大を図ることを目的として、中長期的な事業拡大のため、M&A、人材育成、DXの推進のためのシステム開発等に戦略的に投資し、長期的な競争力の向上と財務体質の強化を目指してまいります。

なお、当社は中間配当をすることができる旨を定款に定めております。

 

(注) 基準日が当事業年度に属する剰余金の配当は、以下のとおりであります。













決議年月日



配当金の総額
(千円)



1株当たり配当額
(円)







2025年4月3日

取締役会決議



46,404



8.5







2025年10月2日

取締役会決議



46,404



8.5"
3036,アルコニックス株式会社,2026-03-31,"３【配当政策】

当社は、利益配分につきましては、将来の事業展開と経営体質の強化のために必要な内部留保を確保しつつ、安定した配当を継続的に実施していくことを基本方針としております。

当社は、中間配当と期末配当の年２回の剰余金の配当を行うことを基本方針としております。

これらの剰余金の配当の決定機関は、期末配当については株主総会、中間配当については取締役会であります。

2026年３月期の配当金につきましては、既に第２四半期において１株当たり42円の中間配当を実施しており、期末配当につきましては2026年５月15日の「剰余金の配当（増配）に関するお知らせ」で公表した通り、１株当たり45円とし、年間配当を87円とさせていただいております。

内部留保資金につきましては、今後予想される経営環境の変化に対応すべく、市場ニーズに応える事業体制を強化し、さらには、Ｍ＆Ａや事業投資の推進及び海外戦略の展開を図るために有効投資してまいりたいと考えております。
また、当社は、取締役会決議により毎年９月30日を基準日として、中間配当を行うことができる旨を定款に定めております。なお、当事業年度に係る剰余金の配当は以下のとおりであります。

 

決議年月日

配当金の総額（百万円）

１株当たり配当（円）

2025年11月６日

1,278

42

取締役会決議

2026年６月24日

1,371

45

定時株主総会決議（予定）

（注）2025年11月６日取締役会決議による配当金の総額には、「株式給付信託（ＢＢＴ）」が保有する当社株式に対する配当金12百万円及び「従業員向け株式交付信託」が保有する当社株式に対する配当金４百万円が含まれております。

また、2026年６月24日定時株主総会決議（予定）による配当金の総額には、「株式給付信託（ＢＢＴ）」が保有する当社株式に対する配当金13百万円及び「従業員向け株式交付信託」が保有する当社株式に対する配当金４百万円が含まれております。"
3038,株式会社神戸物産,2025-10-31,"３【配当政策】

当社は、株主に対する利益還元を経営上の最重要課題の一つと位置づけております。

今後の配当につきましては、連結業績を考慮するとともに、将来の事業拡大や収益向上を図るための資金需要や財務状況も総合的に勘案し、実施していく方針であります。

配当の実施は、定款では中間配当を行うことができる旨を定めておりますが、事業年度を対象とした成果配分が適切と考え、期末配当のみ実施しております。

剰余金の配当の決定機関は、期末配当については株主総会及び取締役会、中間配当については取締役会であります。

当期の期末配当金につきましては、財政状態等を含めて総合的に判断し、１株につき普通配当26円と特別配当４円の合計30円の配当を実施することを取締役会で決定いたしました。

内部留保資金につきましては、業務スーパー事業の継続的な拡大を目的とした自社グループ工場の生産能力向上や、ＦＣ本部としての機能の改善及び業務の効率化のための設備投資等に活用してまいります。

当事業年度に係る剰余金の配当は以下のとおりであります。

決議年月日

配当金の総額(百万円)

１株当たり配当額(円)

2025年12月12日

6,659

30.00

取締役会"
303A,株式会社ｖｉｓｕｍｏ,2026-03-31,"３【配当政策】

当社の利益配分につきましては、将来の事業の発展と経営基盤の強化のための内部留保に留意しながら、安定的かつ継続的な配当を維持することを基本方針としております。剰余金の配当等の決定機関を取締役会とし、その他剰余金の配当を行うことができる旨を定款に定めております。

しかしながら当社は、成長過程にあり、今後の事業発展及び経営基盤強化といった、内部留保の充実を図るため設立以来配当を行っておらず、事業拡大に注力するため、誠に恐縮ではありますが、当面の間、無配とさせていただく予定であります。

内部留保資金につきましては、経営基盤の長期安定に向けた財務体質の強化及び事業の継続的な拡大発展を実現させるための資金として、有効に活用していく所存であります。

今後の配当実施につきましては、業績及び財務状態等を鑑み、決定する予定であります。

早期に株主の皆様に配当が可能となるよう最善をつくしていく所存であります。

なお、剰余金の配当を行う場合は、期末配当の年１回を基本方針としており、その他年１回の中間配当を行うことができる旨を定款で定めております。配当の決定機関は取締役会であります。"
3040,株式会社ソリトンシステムズ,2025-12-31,"３【配当政策】

当社は、利益分配につきましては、将来の事業展開と経営体質の強化のために必要な内部留保を確保しつつ、安定した配当を継続して実施していくことを基本方針とし、配当については、配当性向（連結）50.0％程度、もしくは株主資本配当率（連結）8.0％程度を目安としております。

当社は、中間配当および期末配当の年２回の剰余金の配当を行うことを基本方針としております。
剰余金の配当の決定機関は取締役会であります。

2025年６月期の配当につきましては、１株当たり26円00銭の配当を実施することを2025年８月８日の取締役会で決定しました。2025年12月期の配当につきましては、１株当たり28円00銭の配当を実施することを2026年２月13日の取締役会で決定しました。配当性向（連結）は43.6％、株主資本配当率（連結）は7.7％となります。

当社が取り組む事業領域は急速に進展しており、将来の成長機会を確実に捉えることが重要と考えております。こうした観点から、内部留保資金は新製品・新サービス創出に向けた開発投資や積極的なプロモーションに充当するとともに、オフィス環境の継続的な整備や高度人材の獲得にも活用し、中長期にわたる持続的な企業価値の向上を目指してまいります。

また当社は、「取締役会の決議によって、会社法第459条第１項各号に掲げる事項を定めることができる」旨および「取締役会の決議によって、毎年６月30日を基準日として中間配当を行うことができる」旨を定款に定めております。

なお、当事業年度に係る剰余金の配当は以下のとおりであります。

決議年月日

配当金の総額

（百万円）

１株当たり配当金

（円)

2025年８月８日

取締役会決議

482

26.0

2026年２月13日

取締役会決議

519

28.0"
