証券コード,会社名,基準日,役職名,氏名,生年月日,任期,所有株式数,単位
1301,株式会社　極洋,2026-06-22,代表取締役 社長,井 上 誠,1957年12月 5日,(注)3,"10,600",株
1301,株式会社　極洋,2026-06-22,取締役副社長,近 藤 茂,1958年12月 8日,(注)3,"7,500",株
1301,株式会社　極洋,2026-06-22,専務取締役 業務本部長,木 山 修 一,1959年 8月30日,(注)3,"3,900",株
1301,株式会社　極洋,2026-06-22,常務取締役 管理本部長,檜 垣 仁 志,1962年 8月17日,(注)3,"2,500",株
1301,株式会社　極洋,2026-06-22,取締役 大阪支社長,田 中 豊,1961年 8月20日,(注)3,"5,300",株
1301,株式会社　極洋,2026-06-22,取締役 生鮮事業本部長,山 口 敬 三,1962年 1月 8日,(注)3,"2,200",株
1301,株式会社　極洋,2026-06-22,取締役 水産事業本部長,服 部 篤,1965年 7月 16日,(注)3,"1,400",株
1301,株式会社　極洋,2026-06-22,取締役 食品事業本部長 水産加工事業本部長,三 山 正 樹,1966年 3月 30日,(注)3,"1,200",株
1301,株式会社　極洋,2026-06-22,取締役 業務副本部長,小 田 匡 彦,1966年 7月 12日,(注)3,500,株
1301,株式会社　極洋,2026-06-22,取締役,三 浦 理 代,1946年 5月16日,(注)3,700,株
1301,株式会社　極洋,2026-06-22,取締役,白 尾 美 佳,1960年 2月28日,(注)3,,株
1301,株式会社　極洋,2026-06-22,取締役,町 田 勝 弘,1953年11月15日,(注)3,,株
1301,株式会社　極洋,2026-06-22,取締役,山 田 英 司,1955年 7月18日,(注)3,,株
1301,株式会社　極洋,2026-06-22,取締役,長 野 麻 子,1971年12月11日,(注)3,,株
1301,株式会社　極洋,2026-06-22,監査役 （常勤）,佐 々 木 力,1965年 9月 1日,(注)4,200,株
1301,株式会社　極洋,2026-06-22,監査役 （常勤）,福 嶌 茂,1968年10月16日,(注)4,,株
1301,株式会社　極洋,2026-06-22,監査役,傍 島 康 之,1957年 4月23日,(注)4,"1,600",株
1301,株式会社　極洋,2026-06-22,監査役,鈴 木 淳 二,1959年 6月 5日,(注)4,"2,800",株
130A,株式会社Ｖｅｒｉｔａｓ　Ｉｎ　Ｓｉｌｉｃｏ,2026-03-23,代表取締役社長,中村 慎吾,1972年６月７日,(注)４,"1,400,000",株
130A,株式会社Ｖｅｒｉｔａｓ　Ｉｎ　Ｓｉｌｉｃｏ,2026-03-23,取締役執行役員 管理部長,萩原 宏昭,1969年３月11日,(注)４,400,株
130A,株式会社Ｖｅｒｉｔａｓ　Ｉｎ　Ｓｉｌｉｃｏ,2026-03-23,取締役執行役員 事業開発部長,甲田 伊佐男,1957年５月19日,(注)４,"1,400",株
130A,株式会社Ｖｅｒｉｔａｓ　Ｉｎ　Ｓｉｌｉｃｏ,2026-03-23,取締役,小南 欽一郎,1967年１月20日,(注)４,"1,610",株
130A,株式会社Ｖｅｒｉｔａｓ　Ｉｎ　Ｓｉｌｉｃｏ,2026-03-23,常勤監査役,鈴木 貞雄,1952年10月18日,(注)５,900,株
130A,株式会社Ｖｅｒｉｔａｓ　Ｉｎ　Ｓｉｌｉｃｏ,2026-03-23,監査役,廣岡 穣,1971年７月８日,(注)５,400,株
130A,株式会社Ｖｅｒｉｔａｓ　Ｉｎ　Ｓｉｌｉｃｏ,2026-03-23,監査役,若林 美奈子,1972年６月29日,(注)５,,株
130A,株式会社Ｖｅｒｉｔａｓ　Ｉｎ　Ｓｉｌｉｃｏ,2026-03-23,代表取締役社長,中村 慎吾,1972年６月７日,(注)４,"1,400,000",株
130A,株式会社Ｖｅｒｉｔａｓ　Ｉｎ　Ｓｉｌｉｃｏ,2026-03-23,取締役執行役員 管理部長,萩原 宏昭,1969年３月11日,(注)４,400,株
130A,株式会社Ｖｅｒｉｔａｓ　Ｉｎ　Ｓｉｌｉｃｏ,2026-03-23,取締役執行役員 事業開発部長,甲田 伊佐男,1957年５月19日,(注)４,"1,400",株
130A,株式会社Ｖｅｒｉｔａｓ　Ｉｎ　Ｓｉｌｉｃｏ,2026-03-23,取締役,小南 欽一郎,1967年１月20日,(注)４,"1,610",株
130A,株式会社Ｖｅｒｉｔａｓ　Ｉｎ　Ｓｉｌｉｃｏ,2026-03-23,取締役,佐藤 知子,1954年12月15日,(注)４,,株
130A,株式会社Ｖｅｒｉｔａｓ　Ｉｎ　Ｓｉｌｉｃｏ,2026-03-23,常勤監査役,濵野 英二,1958年３月22日,(注)５,,株
130A,株式会社Ｖｅｒｉｔａｓ　Ｉｎ　Ｓｉｌｉｃｏ,2026-03-23,監査役,廣岡 穣,1971年７月８日,(注)５,400,株
130A,株式会社Ｖｅｒｉｔａｓ　Ｉｎ　Ｓｉｌｉｃｏ,2026-03-23,監査役,若林 美奈子,1972年６月29日,(注)５,,株
1332,株式会社ニッスイ,2026-06-23,代表取締役 （執行役員) 会長,浜 田 晋 吾,1959年１月７日生,(注)３,85,千株
1332,株式会社ニッスイ,2026-06-23,代表取締役 (社長執行役員) 最高経営責任者 (CEO),田 中 輝,1965年３月26日生,(注)３,50,千株
1332,株式会社ニッスイ,2026-06-23,取締役,山 本 晋 也,1961年６月６日生,(注)３,87,千株
1332,株式会社ニッスイ,2026-06-23,取締役,梅 田 浩 二,1961年２月19日生,(注)３,45,千株
1332,株式会社ニッスイ,2026-06-23,取締役 (専務執行役員) 最高執行責任者 （COO）、 水産事業執行、営業企画部管掌,浅 井 正 秀,1962年３月14日生,(注)３,26,千株
1332,株式会社ニッスイ,2026-06-23,取締役 (執行役員) 海外事業執行、 オセアニア事業統括、 海外事業推進部管掌、 戦略商品部共管,倉 石 曜 考,1967年11月29日生,(注)３,11,千株
1332,株式会社ニッスイ,2026-06-23,取締役,松 尾 時 雄,1957年４月26日生,(注)３,,千株
1332,株式会社ニッスイ,2026-06-23,取締役,江 口 あつみ,1957年10月２日生,(注)３,,千株
1332,株式会社ニッスイ,2026-06-23,取締役,安 部 大 作,1957年６月20日生,(注)３,,千株
1332,株式会社ニッスイ,2026-06-23,取締役,田 中 径 子,1960年５月24日生,(注)３,,千株
1332,株式会社ニッスイ,2026-06-23,監査役 常勤,濱 野 博 之,1959年４月６日生,(注)４,6,千株
1332,株式会社ニッスイ,2026-06-23,監査役,寺 原 真希子,1974年12月23日生,(注)５,,千株
1332,株式会社ニッスイ,2026-06-23,監査役,神 宮 知 茂,1961年２月16日生,(注)６,,千株
1332,株式会社ニッスイ,2026-06-23,監査役,田 所 健,1963年５月10日生,(注)６,,千株
1332,株式会社ニッスイ,2026-06-23,執行役員最高財務責任者（CFO）経営管理部門管掌,広井 洋一郎,,,,
1332,株式会社ニッスイ,2026-06-23,執行役員最高人財責任者（CHRO）、リスクマネジメント、総務部・法務部・情報システム部管掌,井上 浩志,,,,
1332,株式会社ニッスイ,2026-06-23,執行役員食品事業執行、コンビニエンス事業部管掌、戦略商品部共管,中野 博史,,,,
1332,株式会社ニッスイ,2026-06-23,執行役員東北支社・サプライチェーンマネジメント部管掌、広域営業本部長,古賀 敬,,,,
1332,株式会社ニッスイ,2026-06-23,執行役員QA部門管掌,中井 清典,,,,
1332,株式会社ニッスイ,2026-06-23,執行役員人事部長,洲崎 幹雄,,,,
1332,株式会社ニッスイ,2026-06-23,執行役員中部支社・中四国支社・九州支社管掌、関西支社長,谷内 満,,,,
1332,株式会社ニッスイ,2026-06-23,執行役員R&D部門・事業開発部管掌,高見 幸司,,,,
1332,株式会社ニッスイ,2026-06-23,執行役員ファインケミカル事業執行,外山 邦彦,,,,
1332,株式会社ニッスイ,2026-06-23,執行役員サステナビリティ推進部管掌、コーポレートコミュニケーション部長,吉田 桂子,,,,
1332,株式会社ニッスイ,2026-06-23,執行役員水産事業第一部・水産事業第二部管掌,大平 全人,,,,
1332,株式会社ニッスイ,2026-06-23,執行役員生産部門管掌、食品生産推進部長,瀬々 義之,,,,
1332,株式会社ニッスイ,2026-06-23,執行役員水産事業第四部管掌、水産事業第三部長,牛山 圭介,,,,
1332,株式会社ニッスイ,2026-06-23,代表取締役 (社長執行役員) 最高経営責任者 (CEO),田 中 輝,1965年３月26日生,(注)３,50,千株
1332,株式会社ニッスイ,2026-06-23,取締役 (専務執行役員) 最高執行責任者（COO）、 水産事業執行、営業企画部管掌,浅 井 正 秀,1962年３月14日生,(注)３,26,千株
1332,株式会社ニッスイ,2026-06-23,取締役 (執行役員) 最高財務責任者 (CFO) 経営管理部門管掌,広 井 洋 一 郎,1972年11月５日生,(注)３,11,千株
1332,株式会社ニッスイ,2026-06-23,取締役 （執行役員）最高人財責任者(CHRO)、リスクマネジメント、総務部・法務部・情報システム部管掌,井 上 浩 志,1965年10月23日生,(注)３,14,千株
1332,株式会社ニッスイ,2026-06-23,取締役 (執行役員) 海外事業執行、 オセアニア事業統括、 海外事業推進部管掌、 戦略商品部共管,倉 石 曜 考,1967年11月29日生,(注)３,11,千株
1332,株式会社ニッスイ,2026-06-23,取締役 (執行役員) 食品事業執行、コンビニエンス事業部管掌、戦略商品部共管,中 野 博 史,1964年９月25日生,(注)３,24,千株
1332,株式会社ニッスイ,2026-06-23,取締役,江 口 あつみ,1957年10月２日生,(注)３,,千株
1332,株式会社ニッスイ,2026-06-23,取締役,安 部 大 作,1957年６月20日生,(注)３,,千株
1332,株式会社ニッスイ,2026-06-23,取締役,田 中 径 子,1960年５月24日生,(注)３,,千株
1332,株式会社ニッスイ,2026-06-23,取締役,伊 藤 雅 彦,1957年９月１日生,(注)４,,千株
1332,株式会社ニッスイ,2026-06-23,監査役 常勤,濱 野 博 之,1959年４月６日生,(注)４,6,千株
1332,株式会社ニッスイ,2026-06-23,監査役,寺 原 真希子,1974年12月23日生,(注)５,,千株
1332,株式会社ニッスイ,2026-06-23,監査役,神 宮 知 茂,1961年２月16日生,(注)６,,千株
1332,株式会社ニッスイ,2026-06-23,監査役,田 所 健,1963年５月10日生,(注)６,,千株
1333,Ｕｍｉｏｓ株式会社,2026-06-17,代表取締役 会長,池見 賢,1957年12月22日,(注)２,249,百株
1333,Ｕｍｉｏｓ株式会社,2026-06-17,代表取締役 社長執行役員,安田 大助,1961年９月２日,(注)２,140,百株
1333,Ｕｍｉｏｓ株式会社,2026-06-17,取締役 専務執行役員,小梶 聡,1961年５月30日,(注)２,320,百株
1333,Ｕｍｉｏｓ株式会社,2026-06-17,取締役 非常勤,奥田 かつ枝,1963年12月28日,(注)２,28,百株
1333,Ｕｍｉｏｓ株式会社,2026-06-17,取締役 非常勤,外ノ池 佳子,1971年１月26日,(注)２,612,百株
1333,Ｕｍｉｏｓ株式会社,2026-06-17,取締役 非常勤,ブラッドリー エドミスター,1974年３月７日,(注)２,,百株
1333,Ｕｍｉｏｓ株式会社,2026-06-17,取締役 非常勤,高松 信彦,1955年６月２日,(注)２,97,百株
1333,Ｕｍｉｏｓ株式会社,2026-06-17,取締役（監査等委員） 常勤,大野 泰一,1963年１月５日,(注)３,2,百株
1333,Ｕｍｉｏｓ株式会社,2026-06-17,取締役（監査等委員） 常勤,木村 吉男,1966年４月26日,(注)３,14,百株
1333,Ｕｍｉｏｓ株式会社,2026-06-17,取締役（監査等委員） 常勤,山嵜 睦,1964年５月29日,(注)３,12,百株
1333,Ｕｍｉｏｓ株式会社,2026-06-17,代表取締役 会長,池見 賢,1957年12月22日,(注)２,249,百株
1333,Ｕｍｉｏｓ株式会社,2026-06-17,代表取締役 社長執行役員,安田 大助,1961年９月２日,(注)２,140,百株
1333,Ｕｍｉｏｓ株式会社,2026-06-17,取締役 専務執行役員,小梶 聡,1961年５月30日,(注)２,320,百株
1333,Ｕｍｉｏｓ株式会社,2026-06-17,取締役 常務執行役員,小関 仁孝,1966年６月６日,(注)２,114,百株
1333,Ｕｍｉｏｓ株式会社,2026-06-17,取締役 非常勤,奥田 かつ枝,1963年12月28日,(注)２,28,百株
1333,Ｕｍｉｏｓ株式会社,2026-06-17,取締役 非常勤,外ノ池 佳子,1971年１月26日,(注)２,612,百株
1333,Ｕｍｉｏｓ株式会社,2026-06-17,取締役 非常勤,ブラッドリー エドミスター,1974年３月７日,(注)２,,百株
1333,Ｕｍｉｏｓ株式会社,2026-06-17,取締役 非常勤,高松 信彦,1955年６月２日,(注)２,97,百株
1333,Ｕｍｉｏｓ株式会社,2026-06-17,取締役（監査等委員） 常勤,大野 泰一,1963年１月５日,(注)３,2,百株
1333,Ｕｍｉｏｓ株式会社,2026-06-17,取締役（監査等委員） 常勤,木村 吉男,1966年４月26日,(注)３,14,百株
1333,Ｕｍｉｏｓ株式会社,2026-06-17,取締役（監査等委員） 常勤,山嵜 睦,1964年５月29日,(注)３,12,百株
135A,株式会社ＶＲＡＩＮ　Ｓｏｌｕｔｉｏｎ,2026-05-27,代表取締役社長,南塲勇佑,1992年８月６日,（注３）,"6,787,900（注５）",株
135A,株式会社ＶＲＡＩＮ　Ｓｏｌｕｔｉｏｎ,2026-05-27,取締役 ＤＸ事業開発部 部長,荻本成基,1998年10月19日,（注３）,"99,000",株
135A,株式会社ＶＲＡＩＮ　Ｓｏｌｕｔｉｏｎ,2026-05-27,取締役 コーポレート部 部長,菊地佳宏,1985年２月27日,（注３）,"99,000",株
135A,株式会社ＶＲＡＩＮ　Ｓｏｌｕｔｉｏｎ,2026-05-27,取締役 技術開発部 部長,山田郁生,1982年１月11日,（注３）,"99,000",株
135A,株式会社ＶＲＡＩＮ　Ｓｏｌｕｔｉｏｎ,2026-05-27,取締役,北田眞治,1958年11月21日,（注３）,,株
135A,株式会社ＶＲＡＩＮ　Ｓｏｌｕｔｉｏｎ,2026-05-27,常勤監査役,家城德彦,1956年６月28日,（注４）,,株
135A,株式会社ＶＲＡＩＮ　Ｓｏｌｕｔｉｏｎ,2026-05-27,監査役,原川裕一,1981年２月12日,（注４）,,株
135A,株式会社ＶＲＡＩＮ　Ｓｏｌｕｔｉｏｎ,2026-05-27,監査役,木村昌則,1981年12月24日,（注４）,,株
135A,株式会社ＶＲＡＩＮ　Ｓｏｌｕｔｉｏｎ,2026-05-27,代表取締役社長,南塲勇佑,1992年８月６日,（注３）,"6,787,900（注５）",株
135A,株式会社ＶＲＡＩＮ　Ｓｏｌｕｔｉｏｎ,2026-05-27,取締役 ＤＸ事業開発部 部長,荻本成基,1998年10月19日,（注３）,"99,000",株
135A,株式会社ＶＲＡＩＮ　Ｓｏｌｕｔｉｏｎ,2026-05-27,取締役 コーポレート部 部長,菊地佳宏,1985年２月27日,（注３）,"99,000",株
135A,株式会社ＶＲＡＩＮ　Ｓｏｌｕｔｉｏｎ,2026-05-27,取締役 技術開発部 部長,山田郁生,1982年１月11日,（注３）,"99,000",株
135A,株式会社ＶＲＡＩＮ　Ｓｏｌｕｔｉｏｎ,2026-05-27,取締役,北田眞治,1958年11月21日,（注３）,,株
135A,株式会社ＶＲＡＩＮ　Ｓｏｌｕｔｉｏｎ,2026-05-27,常勤監査役,家城德彦,1956年６月28日,（注４）,,株
135A,株式会社ＶＲＡＩＮ　Ｓｏｌｕｔｉｏｎ,2026-05-27,監査役,原川裕一,1981年２月12日,（注４）,,株
135A,株式会社ＶＲＡＩＮ　Ｓｏｌｕｔｉｏｎ,2026-05-27,監査役,木村昌則,1981年12月24日,（注４）,,株
1375,ユキグニファクトリー株式会社,2026-06-25,代表取締役社長,湯澤 尚史,1971年２月12日生,(注)３,"15,876",株
1375,ユキグニファクトリー株式会社,2026-06-25,取締役,藤尾 益雄,1965年６月14日生,(注)３,,株
1375,ユキグニファクトリー株式会社,2026-06-25,取締役,千林 紀子,1967年７月20日生,(注)３,,株
1375,ユキグニファクトリー株式会社,2026-06-25,取締役,辻田 淑乃,1964年８月19日生,(注)３,,株
1375,ユキグニファクトリー株式会社,2026-06-25,取締役 （監査等委員）,大塚 杉男,1960年９月16日生,(注)３,"1,622",株
1375,ユキグニファクトリー株式会社,2026-06-25,取締役 (監査等委員),内藤 哲哉,1959年12月15日生,(注)３,,株
1375,ユキグニファクトリー株式会社,2026-06-25,取締役 （監査等委員）,岡 香里,1977年11月４日生,(注)３,,株
1375,ユキグニファクトリー株式会社,2026-06-25,代表取締役社長,湯澤 尚史,1971年２月12日生,(注)３,"15,876",株
1375,ユキグニファクトリー株式会社,2026-06-25,取締役,藤尾 益雄,1965年６月14日生,(注)３,,株
1375,ユキグニファクトリー株式会社,2026-06-25,取締役,千林 紀子,1967年７月20日生,(注)３,,株
1375,ユキグニファクトリー株式会社,2026-06-25,取締役,辻田 淑乃,1964年８月19日生,(注)３,,株
1375,ユキグニファクトリー株式会社,2026-06-25,取締役 （監査等委員）,大塚 杉男,1960年９月16日生,(注)４,"1,622",株
1375,ユキグニファクトリー株式会社,2026-06-25,取締役 (監査等委員),内藤 哲哉,1959年12月15日生,(注)４,,株
1375,ユキグニファクトリー株式会社,2026-06-25,取締役 （監査等委員）,岡 香里,1977年11月４日生,(注)４,,株
1376,カネコ種苗株式会社,2026-08-26,代表取締役社長 企画推進室担当,金子 昌彦,1956年１月25日生,(注)3,113,千株
1376,カネコ種苗株式会社,2026-08-26,専務取締役 管理部門・リスク管理担当,長谷 浩克,1961年11月14日生,(注)3,47,千株
1376,カネコ種苗株式会社,2026-08-26,専務取締役 農材事業・施設材事業担当,伊藤 一貴,1960年５月30日生,(注)3,13,千株
1376,カネコ種苗株式会社,2026-08-26,常務取締役 種苗事業・花き事業担当,宮下 毅,1964年５月10日生,(注)3,8,千株
1376,カネコ種苗株式会社,2026-08-26,取締役 くにさだ育種農場長、 波志江研究所担当,榛澤 英昭,1962年12月３日生,(注)3,5,千株
1376,カネコ種苗株式会社,2026-08-26,取締役 外国部長,島川 智之,1969年７月13日生,(注)3,3,千株
1376,カネコ種苗株式会社,2026-08-26,取締役,丸山 和貴,1951年６月24日生,(注)3,,千株
1376,カネコ種苗株式会社,2026-08-26,取締役,山口 恵美子,1966年９月14日生,(注)3,,千株
1376,カネコ種苗株式会社,2026-08-26,取締役,竹下 裕理 (注)5,1977年３月30日生,(注)3,,千株
1376,カネコ種苗株式会社,2026-08-26,常勤監査役,山口 勇,1958年６月21日生,(注)4,11,千株
1376,カネコ種苗株式会社,2026-08-26,監査役,加藤 真一,1974年８月６日生,(注)4,13,千株
1376,カネコ種苗株式会社,2026-08-26,監査役,細野 初男,1951年11月25日生,(注)4,,千株
1376,カネコ種苗株式会社,2026-08-26,監査役,小板橋 信也,1961年３月28日生,(注)4,,千株
1376,カネコ種苗株式会社,2026-08-26,代表取締役社長 企画推進室担当,金子 昌彦,1956年１月25日生,(注)3,113,千株
1376,カネコ種苗株式会社,2026-08-26,専務取締役 管理部門・リスク管理担当,長谷 浩克,1961年11月14日生,(注)3,47,千株
1376,カネコ種苗株式会社,2026-08-26,専務取締役 農材事業・施設材事業担当,伊藤 一貴,1960年５月30日生,(注)3,13,千株
1376,カネコ種苗株式会社,2026-08-26,常務取締役 種苗事業・花き事業担当,宮下 毅,1964年５月10日生,(注)3,8,千株
1376,カネコ種苗株式会社,2026-08-26,取締役 くにさだ育種農場長、 波志江研究所担当,榛澤 英昭,1962年12月３日生,(注)3,5,千株
1376,カネコ種苗株式会社,2026-08-26,取締役 外国部長,島川 智之,1969年７月13日生,(注)3,3,千株
1376,カネコ種苗株式会社,2026-08-26,取締役,丸山 和貴,1951年６月24日生,(注)3,,千株
1376,カネコ種苗株式会社,2026-08-26,取締役,山口 恵美子,1966年９月14日生,(注)3,,千株
1376,カネコ種苗株式会社,2026-08-26,取締役,竹下 裕理 (注)5,1977年３月30日生,(注)3,,千株
1376,カネコ種苗株式会社,2026-08-26,常勤監査役,山口 勇,1958年６月21日生,(注)4,11,千株
1376,カネコ種苗株式会社,2026-08-26,監査役,加藤 真一,1974年８月６日生,(注)4,13,千株
1376,カネコ種苗株式会社,2026-08-26,監査役,細野 初男,1951年11月25日生,(注)4,,千株
1376,カネコ種苗株式会社,2026-08-26,監査役,小板橋 信也,1961年３月28日生,(注)4,,千株
1377,株式会社　サカタのタネ,2026-08-21,代表取締役 会長,坂田 宏,1952年２月14日生,(注)５,158.1,千株
1377,株式会社　サカタのタネ,2026-08-21,代表取締役 社長,加々美 勉,1962年１月17日生,(注)５,10.1,千株
1377,株式会社　サカタのタネ,2026-08-21,取締役,古木 利彦,1966年２月15日生,(注)５,7.1,千株
1377,株式会社　サカタのタネ,2026-08-21,取締役,高宮 全,1964年２月26日生,(注)５,3.4,千株
1377,株式会社　サカタのタネ,2026-08-21,取締役,菅原 邦彦,1952年３月８日生,(注)５,10.0,千株
1377,株式会社　サカタのタネ,2026-08-21,取締役,尾崎 行正,1959年９月２日生,(注)５,,千株
1377,株式会社　サカタのタネ,2026-08-21,取締役,渡辺 雅子,1962年１月29日生,(注)５,,千株
1377,株式会社　サカタのタネ,2026-08-21,常勤監査役,對馬 淳平,1959年８月14日生,(注)６,2.3,千株
1377,株式会社　サカタのタネ,2026-08-21,監査役,坊 昭範,1953年12月９日生,(注)６,1.1,千株
1377,株式会社　サカタのタネ,2026-08-21,監査役,田中 公子,1957年７月６日生,(注)６,,千株
1379,ホクト株式会社,2026-06-25,代表取締役 社長,水野 雅義,1965年９月18日,(注)３,599,千株
1379,ホクト株式会社,2026-06-25,取締役 生産本部長,稲冨 聡,1962年９月５日,(注)３,5,千株
1379,ホクト株式会社,2026-06-25,取締役 財務本部長,中田 康平,1964年10月31日,(注)３,1,千株
1379,ホクト株式会社,2026-06-25,取締役 営業本部長,佐藤 由幸,1967年６月30日,(注)３,4,千株
1379,ホクト株式会社,2026-06-25,取締役,北村 晴男,1956年３月10日,(注)３,,千株
1379,ホクト株式会社,2026-06-25,取締役,小竹 貴子,1972年９月６日,(注)３,,千株
1379,ホクト株式会社,2026-06-25,取締役,池田 潤,1975年１月29日,(注)３,,千株
1379,ホクト株式会社,2026-06-25,常勤監査役,神田 芳夫,1954年８月27日,(注)４,,千株
1379,ホクト株式会社,2026-06-25,監査役,池澤 実,1948年７月８日,(注)５,1,千株
1379,ホクト株式会社,2026-06-25,監査役,竹鼻 賢一,1955年３月13日,(注)６,,千株
1379,ホクト株式会社,2026-06-25,監査役,土屋 孝二,1958年４月８日,(注)５,,千株
1379,ホクト株式会社,2026-06-25,代表取締役 社長,水野 雅義,1965年９月18日,(注)３,599,千株
1379,ホクト株式会社,2026-06-25,取締役 生産本部長,稲冨 聡,1962年９月５日,(注)３,5,千株
1379,ホクト株式会社,2026-06-25,取締役 財務本部長,中田 康平,1964年10月31日,(注)３,1,千株
1379,ホクト株式会社,2026-06-25,取締役 営業本部長,佐藤 由幸,1967年６月30日,(注)３,4,千株
1379,ホクト株式会社,2026-06-25,取締役,北村 晴男,1956年３月10日,(注)３,,千株
1379,ホクト株式会社,2026-06-25,取締役,小竹 貴子,1972年９月６日,(注)３,,千株
1379,ホクト株式会社,2026-06-25,取締役,池田 潤,1975年１月29日,(注)３,,千株
1379,ホクト株式会社,2026-06-25,常勤監査役,神田 芳夫,1954年８月27日,(注)４,,千株
1379,ホクト株式会社,2026-06-25,監査役,竹鼻 賢一,1955年３月13日,(注)６,,千株
1379,ホクト株式会社,2026-06-25,監査役,土屋 孝二,1958年４月８日,(注)５,,千株
1379,ホクト株式会社,2026-06-25,監査役,杉村 智代,1971年１月19日,(注)５,,千株
137A,Ｃｏｃｏｌｉｖｅ株式会社,2026-08-20,代表取締役,山本 考伸,1975年３月５日生,（注）３,"1,302,600",株
137A,Ｃｏｃｏｌｉｖｅ株式会社,2026-08-20,取締役 新規プロダクト部門長,富田 祐司,1980年１月24日生,（注）３,"250,000",株
137A,Ｃｏｃｏｌｉｖｅ株式会社,2026-08-20,取締役ＣＦＯ 管理部門長,木場田 貴彦,1985年２月４日生,（注）３,,株
137A,Ｃｏｃｏｌｉｖｅ株式会社,2026-08-20,取締役 （注）１,石川 智哉,1976年７月24日生,（注）３,,株
137A,Ｃｏｃｏｌｉｖｅ株式会社,2026-08-20,常勤監査役 （注）２,鬼頭 麻由佳,1989年１月20日生,（注）４,,株
137A,Ｃｏｃｏｌｉｖｅ株式会社,2026-08-20,監査役 （注）２,三島 圭史,1976年12月８日生,（注）４,,株
137A,Ｃｏｃｏｌｉｖｅ株式会社,2026-08-20,監査役 （注）２,野原 俊介,1979年11月11日生,（注）４,,株
1380,株式会社秋川牧園,2026-06-25,代表取締役 社長,秋川 正,1966年５月10日生,(注)３,898,千株
1380,株式会社秋川牧園,2026-06-25,取締役 生産部長,田村 次郎,1960年11月９日生,(注)３,36,千株
1380,株式会社秋川牧園,2026-06-25,取締役 製造部長,河村 洋亮,1971年９月23日生,(注)３,7,千株
1380,株式会社秋川牧園,2026-06-25,取締役 経営管理部長,原田 良人,1976年５月４日生,(注)３,8,千株
1380,株式会社秋川牧園,2026-06-25,取締役,内田 恭彦,1962年12月13日生,(注)３,,千株
1380,株式会社秋川牧園,2026-06-25,取締役,小野 典子,1972年１月28日生,(注)３,,千株
1380,株式会社秋川牧園,2026-06-25,常勤監査役,山根 史浩,1962年９月23日生,(注)４,,千株
1380,株式会社秋川牧園,2026-06-25,監査役,江藤 龍夫,1952年10月４日生,(注)４,,千株
1380,株式会社秋川牧園,2026-06-25,監査役,宇佐美 理世,1969年２月17日生,(注)４,,千株
1381,株式会社アクシーズ,2025-09-18,代表取締役社長,伊地知 高正,1975年３月３日生,(注)３,502,千株
1381,株式会社アクシーズ,2025-09-18,常務取締役,榊 茂,1953年９月29日生,(注)３,22,千株
1381,株式会社アクシーズ,2025-09-18,取締役 (監査等委員),町田 克郎,1963年10月21日生,(注)４,,千株
1381,株式会社アクシーズ,2025-09-18,取締役 (監査等委員),山之内 浩明,1961年12月６日生,(注)４,,千株
1381,株式会社アクシーズ,2025-09-18,取締役 (監査等委員),新倉 哲朗,1968年４月14日生,(注)４,,千株
1382,株式会社ホーブ,2025-09-24,代表取締役 会長,髙橋 巖,1953年１月26日生,注３,"305,000",株
1382,株式会社ホーブ,2025-09-24,代表取締役 社長,政場 秀,1959年９月12日生,注３,"4,000",株
1382,株式会社ホーブ,2025-09-24,取締役,柿本 輝明,1962年12月21日生,注３,"5,000",株
1382,株式会社ホーブ,2025-09-24,取締役 経営管理部長,馬場 文秀,1958年11月３日生,注３,"1,500",株
1382,株式会社ホーブ,2025-09-24,常勤監査役,堤 直美,1975年８月１日生,注４,"2,500",株
1382,株式会社ホーブ,2025-09-24,監査役,上田 恵一,1956年６月30日生,注４,,株
1382,株式会社ホーブ,2025-09-24,監査役,吉田 周史,1973年８月３日生,注４,"2,500",株
1383,ベルグアース株式会社,2026-01-28,代表取締役社長,山口 一彦,1957年２月５日,(注)３,"163,400",株
1383,ベルグアース株式会社,2026-01-28,専務取締役,山口 眞由子,1960年５月25日,(注)３,"25,300",株
1383,ベルグアース株式会社,2026-01-28,常務取締役,小谷 近之,1960年２月３日,(注)３,200,株
1383,ベルグアース株式会社,2026-01-28,取締役,宮側 浩一,1968年２月12日,(注)３,,株
1383,ベルグアース株式会社,2026-01-28,取締役,野田 修,1954年10月15日,(注)３,100,株
1383,ベルグアース株式会社,2026-01-28,常勤監査役,笹山 誠司,1955年10月４日,(注)４,,株
1383,ベルグアース株式会社,2026-01-28,監査役,松山 芳寛,1953年11月７日,(注)４,,株
1383,ベルグアース株式会社,2026-01-28,監査役,小島 泰三,1973年９月４日,(注)４,,株
1383,ベルグアース株式会社,2026-01-28,代表取締役社長,山口 一彦,1957年２月５日,(注)３,"163,400",株
1383,ベルグアース株式会社,2026-01-28,専務取締役,山口 眞由子,1960年５月25日,(注)３,"25,300",株
1383,ベルグアース株式会社,2026-01-28,常務取締役,小谷 近之,1960年２月３日,(注)３,200,株
1383,ベルグアース株式会社,2026-01-28,取締役,宮側 浩一,1968年２月12日,(注)３,,株
1383,ベルグアース株式会社,2026-01-28,取締役,野田 修,1954年10月15日,(注)３,100,株
1383,ベルグアース株式会社,2026-01-28,常勤監査役,笹山 誠司,1955年10月４日,(注)４,,株
1383,ベルグアース株式会社,2026-01-28,監査役,中谷 一利,1961年３月28日,(注)５,,株
1383,ベルグアース株式会社,2026-01-28,監査役,小島 泰三,1973年９月４日,(注)４,,株
1384,株式会社　ホクリヨウ,2026-06-26,代表取締役 会長ＣＥＯ,米山 大介,1958年７月20日生,(注)３,"222,800",株
1384,株式会社　ホクリヨウ,2026-06-26,取締役副会長 企画本部長,松岡 昌哉,1959年２月７日生,(注)３,"2,000",株
1384,株式会社　ホクリヨウ,2026-06-26,代表取締役 社長ＣＯＯ 営業本部長,勝部 慎一,1968年６月７日生,(注)３,"5,000",株
1384,株式会社　ホクリヨウ,2026-06-26,取締役 管理本部長,山角 征司,1964年10月１日生,(注)３,"2,000",株
1384,株式会社　ホクリヨウ,2026-06-26,取締役,日浅 尚子,1955年７月28日生,(注)３,,株
1384,株式会社　ホクリヨウ,2026-06-26,取締役,土屋 俊亮,1957年９月５日生,(注)３,"1,000",株
1384,株式会社　ホクリヨウ,2026-06-26,監査役 （常勤）,斉藤 豊,1963年５月３日生,(注)４,,株
1384,株式会社　ホクリヨウ,2026-06-26,監査役,岡崎 拓也,1977年９月12日生,(注)４,,株
1384,株式会社　ホクリヨウ,2026-06-26,監査役,鈴木 建,1970年７月７日生,(注)４,,株
138A,光フードサービス株式会社,2026-02-24,代表取締役社長,大谷 光徳,1980年7月26日生,（注３）,"552,000",株
138A,光フードサービス株式会社,2026-02-24,専務取締役 事業本部長,中島 翔太,1984年5月13日生,（注３）,"60,000",株
138A,光フードサービス株式会社,2026-02-24,取締役 居酒屋事業部長,齋藤 寛也,1989年4月15日生,（注３）,,株
138A,光フードサービス株式会社,2026-02-24,取締役 管理部長,石田 央,1983年4月25日生,（注３）,"12,000",株
138A,光フードサービス株式会社,2026-02-24,取締役 経営戦略室長,近藤 知大,1981年2月9日生,（注３）,,株
138A,光フードサービス株式会社,2026-02-24,取締役,加藤 博康,1962年6月27日生,（注３）,,株
138A,光フードサービス株式会社,2026-02-24,取締役 （常勤監査等委員）,渡邊 貴志,1976年9月28日生,（注４）,,株
138A,光フードサービス株式会社,2026-02-24,取締役 （監査等委員）,藤澤 昌隆,1985年8月9日生,（注４）,,株
138A,光フードサービス株式会社,2026-02-24,取締役 （監査等委員）,横井 ゆきえ,1980年2月24日生,（注４）,,株
138A,光フードサービス株式会社,2026-02-24,代表取締役社長,大谷 光徳,1980年7月26日生,（注３）,"552,000",株
138A,光フードサービス株式会社,2026-02-24,専務取締役 事業本部長,中島 翔太,1984年5月13日生,（注３）,"60,000",株
138A,光フードサービス株式会社,2026-02-24,常務取締役 管理部長,石田 央,1983年4月25日生,（注３）,"12,000",株
138A,光フードサービス株式会社,2026-02-24,取締役 （監査等委員）,加藤 博康,1962年6月27日生,（注４）,,株
138A,光フードサービス株式会社,2026-02-24,取締役 （監査等委員）,藤澤 昌隆,1985年8月9日生,（注４）,,株
138A,光フードサービス株式会社,2026-02-24,取締役 （監査等委員）,横井 ゆきえ,1980年2月24日生,（注４）,,株
1401,株式会社エムビーエス,2026-08-26,代表取締役 社長,山本 貴士,1972年７月17日生,（注）２,"2,098,600",株
1401,株式会社エムビーエス,2026-08-26,取締役 ホームメイキャップ事業本部長,松岡 弘晃,1974年５月８日生,（注）２,"139,300",株
1401,株式会社エムビーエス,2026-08-26,取締役 ホームメイキャップ事業本部スケルトン担当,高木 弘敬,1975年１月５日生,（注）２,"73,800",株
1401,株式会社エムビーエス,2026-08-26,取締役 経営企画室長兼管理部長,栗山 征樹,1962年12月７日生,（注）２,"40,700",株
1401,株式会社エムビーエス,2026-08-26,取締役 （監査等委員）,影山 祥玄,1980年９月３日生,（注）３、４,"15,900",株
1401,株式会社エムビーエス,2026-08-26,取締役 （監査等委員）,伊藤 尚毅,1972年７月19日生,(注）３、４,"45,000",株
1401,株式会社エムビーエス,2026-08-26,取締役 （監査等委員）,前田 隆,1972年５月19日生,(注）３、４,"2,000",株
1401,株式会社エムビーエス,2026-08-26,代表取締役 社長,山本 貴士,1972年７月17日生,（注）２,"2,098,600",株
1401,株式会社エムビーエス,2026-08-26,取締役 ホームメイキャップ事業本部長,松岡 弘晃,1974年５月８日生,（注）２,"139,300",株
1401,株式会社エムビーエス,2026-08-26,取締役 ホームメイキャップ事業本部スケルトン担当,高木 弘敬,1975年１月５日生,（注）２,"73,800",株
1401,株式会社エムビーエス,2026-08-26,取締役 経営企画室長兼管理部長,栗山 征樹,1962年12月７日生,（注）２,"40,700",株
1401,株式会社エムビーエス,2026-08-26,取締役 （監査等委員）,影山 祥玄,1980年９月３日生,（注）３、４,"15,900",株
1401,株式会社エムビーエス,2026-08-26,取締役 （監査等委員）,伊藤 尚毅,1972年７月19日生,(注）３、４,"45,000",株
1401,株式会社エムビーエス,2026-08-26,取締役 （監査等委員）,前田 隆,1972年５月19日生,(注）３、４,"2,000",株
1407,株式会社ウエストホールディングス,2025-11-25,代表取締役会長 最高経営責任者 （ＣＥＯ）,吉 川 隆,1950年４月８日生,(注)３,"17,363",千株
1407,株式会社ウエストホールディングス,2025-11-25,代表取締役社長,江 頭 栄 一 郎,1962年８月27日生,(注)３,27,千株
1407,株式会社ウエストホールディングス,2025-11-25,代表取締役専務,荒 木 健 二,1970年10月19日生,(注)３,18,千株
1407,株式会社ウエストホールディングス,2025-11-25,常務取締役,中 島 英 士,1964年９月30日生,(注)３,0.2,千株
1407,株式会社ウエストホールディングス,2025-11-25,取締役,後 藤 佳 久,1973年２月15日生,(注)３,5,千株
1407,株式会社ウエストホールディングス,2025-11-25,取締役,永 島 歳 久,1961年11月17日生,(注)３,72,千株
1407,株式会社ウエストホールディングス,2025-11-25,取締役,森 山 敏 行,1960年６月７日生,(注)３,0.2,千株
1407,株式会社ウエストホールディングス,2025-11-25,取締役,天 野 友 寛,1970年８月20日生,(注)３,12,千株
1407,株式会社ウエストホールディングス,2025-11-25,取締役,澤 井 貴 介,1975年12月27日生,(注)３,0.2,千株
1407,株式会社ウエストホールディングス,2025-11-25,社外取締役,中 島 一 雄,1953年９月15日生,(注)３,─,千株
1407,株式会社ウエストホールディングス,2025-11-25,監査役（常勤）,奥 﨑 裕 司,1952年10月13日生,(注)４,16,千株
1407,株式会社ウエストホールディングス,2025-11-25,監査役,渡 部 邦 昭,1947年12月15日生,(注)４,─,千株
1407,株式会社ウエストホールディングス,2025-11-25,監査役,髙 橋 健,1946年８月３日生,(注)４,─,千株
1407,株式会社ウエストホールディングス,2025-11-25,代表取締役会長 最高経営責任者 （ＣＥＯ）,吉 川 隆,1950年４月８日生,(注)３,"17,363",千株
1407,株式会社ウエストホールディングス,2025-11-25,代表取締役社長,江 頭 栄 一 郎,1962年８月27日生,(注)３,27,千株
1407,株式会社ウエストホールディングス,2025-11-25,代表取締役専務,荒 木 健 二,1970年10月19日生,(注)３,18,千株
1407,株式会社ウエストホールディングス,2025-11-25,常務取締役,中 島 英 士,1964年９月30日生,(注)３,0.2,千株
1407,株式会社ウエストホールディングス,2025-11-25,取締役,永 島 歳 久,1961年11月17日生,(注)３,72,千株
1407,株式会社ウエストホールディングス,2025-11-25,取締役,森 山 敏 行,1960年６月７日生,(注)３,0.2,千株
1407,株式会社ウエストホールディングス,2025-11-25,取締役,天 野 友 寛,1970年８月20日生,(注)３,12,千株
1407,株式会社ウエストホールディングス,2025-11-25,取締役,澤 井 貴 介,1975年12月27日生,(注)３,0.2,千株
1407,株式会社ウエストホールディングス,2025-11-25,取締役,対 馬 将 夫,1964年１月９日生,(注)３,5,千株
1407,株式会社ウエストホールディングス,2025-11-25,社外取締役,中 島 一 雄,1953年９月15日生,(注)３,─,千株
1407,株式会社ウエストホールディングス,2025-11-25,監査役（常勤）,奥 﨑 裕 司,1952年10月13日生,(注)４,16,千株
1407,株式会社ウエストホールディングス,2025-11-25,監査役,渡 部 邦 昭,1947年12月15日生,(注)４,─,千株
1407,株式会社ウエストホールディングス,2025-11-25,監査役,髙 橋 健,1946年８月３日生,(注)４,─,千株
1414,ショーボンドホールディングス株式会社,2025-09-25,代表取締役社長,岸本 達也,1963年４月８日,注２,22,千株
1414,ショーボンドホールディングス株式会社,2025-09-25,常務取締役 コーポレート担当 兼経営企画部長,関口 恭裕,1964年８月２日,注２,3,千株
1414,ショーボンドホールディングス株式会社,2025-09-25,取締役 事業戦略担当,島田 貴靖,1969年４月13日,注２,4,千株
1414,ショーボンドホールディングス株式会社,2025-09-25,取締役 販売事業担当,荒井 摂,1971年６月14日,注２,1,千株
1414,ショーボンドホールディングス株式会社,2025-09-25,取締役 （監査等委員）,三浦 悟,1956年３月27日,注３,,千株
1414,ショーボンドホールディングス株式会社,2025-09-25,取締役 （監査等委員）,本郷 亮,1959年12月20日,注３,,千株
1414,ショーボンドホールディングス株式会社,2025-09-25,取締役 （監査等委員）,桑野 玲子,1962年11月14日,注３,,千株
1414,ショーボンドホールディングス株式会社,2025-09-25,代表取締役社長,岸本 達也,1963年４月８日生,注２,22,千株
1414,ショーボンドホールディングス株式会社,2025-09-25,取締役 建設事業担当,島田 貴靖,1969年４月13日生,注２,4,千株
1414,ショーボンドホールディングス株式会社,2025-09-25,取締役 グループ戦略担当 兼経営企画部長,荒井 摂,1971年６月14日生,注２,1,千株
1414,ショーボンドホールディングス株式会社,2025-09-25,取締役 管理部門担当,芦中 道徳,1965年7月3日生,注２,8,千株
1414,ショーボンドホールディングス株式会社,2025-09-25,取締役 （常勤監査等委員）,許斐 正顕,1962年11月9日生,注３,4,千株
1414,ショーボンドホールディングス株式会社,2025-09-25,取締役 （監査等委員）,三浦 悟,1956年３月27日生,注４,,千株
1414,ショーボンドホールディングス株式会社,2025-09-25,取締役 （監査等委員）,本郷 亮,1959年12月20日生,注４,,千株
1414,ショーボンドホールディングス株式会社,2025-09-25,取締役 （監査等委員）,桑野 玲子,1962年11月14日生,注４,,千株
1417,株式会社ミライト・ワン,2026-06-22,代表取締役会長,中山 俊樹,1958年１月29日生,(注)２,250,百株
1417,株式会社ミライト・ワン,2026-06-22,代表取締役社長,菅原 英宗,1962年７月２日生,(注)２,95,百株
1417,株式会社ミライト・ワン,2026-06-22,代表取締役 専務執行役員,遠竹 泰,1961年６月29日生,(注)２,148,百株
1417,株式会社ミライト・ワン,2026-06-22,取締役 専務執行役員,髙屋 洋一郎,1964年11月11日生,(注)２,67,百株
1417,株式会社ミライト・ワン,2026-06-22,取締役 常務執行役員,脇本 祐史,1964年３月18日生,(注)２,93,百株
1417,株式会社ミライト・ワン,2026-06-22,取締役 常務執行役員,三ツ矢 高章,1964年11月15日生,(注)２,80,百株
1417,株式会社ミライト・ワン,2026-06-22,取締役 常務執行役員,高岡 宏昌,1965年８月18日生,(注)２,17,百株
1417,株式会社ミライト・ワン,2026-06-22,取締役 （社外）,山本 眞弓,1956年２月11日生,(注)２,11,百株
1417,株式会社ミライト・ワン,2026-06-22,取締役 （社外）,瓦谷 晋一,1955年６月26日生,(注)２,45,百株
1417,株式会社ミライト・ワン,2026-06-22,取締役 （社外）,塚﨑 裕子,1961年４月17日生,(注)２,22,百株
1417,株式会社ミライト・ワン,2026-06-22,取締役 監査等委員,瀬尾 真二,1961年10月14日生,(注)３,170,百株
1417,株式会社ミライト・ワン,2026-06-22,取締役 監査等委員 （社外）,早川 治,1963年12月24日生,(注)３,,百株
1417,株式会社ミライト・ワン,2026-06-22,取締役 監査等委員 （社外）,水谷 翠,1980年７月30日生,(注)３,3,百株
1417,株式会社ミライト・ワン,2026-06-22,代表取締役会長,中山 俊樹,1958年１月29日生,(注)２,250,百株
1417,株式会社ミライト・ワン,2026-06-22,代表取締役社長,菅原 英宗,1962年７月２日生,(注)２,95,百株
1417,株式会社ミライト・ワン,2026-06-22,代表取締役 専務執行役員,遠竹 泰,1961年６月29日生,(注)２,148,百株
1417,株式会社ミライト・ワン,2026-06-22,取締役 専務執行役員,髙屋 洋一郎,1964年11月11日生,(注)２,67,百株
1417,株式会社ミライト・ワン,2026-06-22,取締役 専務執行役員,高岡 宏昌,1965年８月18日生,(注)２,17,百株
1417,株式会社ミライト・ワン,2026-06-22,取締役 常務執行役員,脇本 祐史,1964年３月18日生,(注)２,93,百株
1417,株式会社ミライト・ワン,2026-06-22,取締役 常務執行役員,三ツ矢 高章,1964年11月15日生,(注)２,80,百株
1417,株式会社ミライト・ワン,2026-06-22,取締役 （社外）,山本 眞弓,1956年２月11日生,(注)２,11,百株
1417,株式会社ミライト・ワン,2026-06-22,取締役 （社外）,瓦谷 晋一,1955年６月26日生,(注)２,45,百株
1417,株式会社ミライト・ワン,2026-06-22,取締役 （社外）,塚﨑 裕子,1961年４月17日生,(注)２,22,百株
1417,株式会社ミライト・ワン,2026-06-22,取締役 監査等委員,瀬尾 真二,1961年10月14日生,(注)３,170,百株
1417,株式会社ミライト・ワン,2026-06-22,取締役 監査等委員 （社外）,水谷 翠,1980年７月30日生,(注)３,3,百株
1417,株式会社ミライト・ワン,2026-06-22,取締役 監査等委員 （社外）,水間 克之,1960年４月３日生,(注)３,,百株
1418,インターライフホールディングス株式会社,2026-05-25,取締役会長ＣＥＯ （代表取締役）,庄 司 正 英,1951年11月17日,(注)３,,株
1418,インターライフホールディングス株式会社,2026-05-25,取締役社長 （代表取締役）,貴 田 晃 司,1954年12月１日,(注)３,"（注)５48,962",株
1418,インターライフホールディングス株式会社,2026-05-25,専務取締役,香 川 正 司,1960年１月12日,(注)３,"(注)５30,669",株
1418,インターライフホールディングス株式会社,2026-05-25,専務取締役,大 畑 正 明,1963年３月７日,(注)３,"(注)５13,247",株
1418,インターライフホールディングス株式会社,2026-05-25,取締役 （常勤監査等委員）,松 沢 照 和,1960年７月30日,(注)４,"(注)５3,977",株
1418,インターライフホールディングス株式会社,2026-05-25,取締役 （監査等委員）,落 合 健 介,1952年12月５日,(注)４,,株
1418,インターライフホールディングス株式会社,2026-05-25,取締役 （監査等委員）,那 須 健 二,1953年５月28日,(注)４,,株
1418,インターライフホールディングス株式会社,2026-05-25,取締役 （監査等委員）,田 子 みどり,1960年８月21日,(注)４,,株
1418,インターライフホールディングス株式会社,2026-05-25,取締役会長ＣＥＯ （代表取締役）,庄 司 正 英,1951年11月17日,(注)３,,株
1418,インターライフホールディングス株式会社,2026-05-25,取締役社長 （代表取締役）,貴 田 晃 司,1954年12月１日,(注)３,"（注)５48,962",株
1418,インターライフホールディングス株式会社,2026-05-25,専務取締役,香 川 正 司,1960年１月12日,(注)３,"(注)５30,669",株
1418,インターライフホールディングス株式会社,2026-05-25,常務取締役,加 藤 雅 也,1965年２月６日,(注)３,"(注)５12,296",株
1418,インターライフホールディングス株式会社,2026-05-25,取締役,大 前 哲 也,1954年３月１日,(注)３,"(注)５4,979",株
1418,インターライフホールディングス株式会社,2026-05-25,取締役 （常勤監査等委員）,松 沢 照 和,1960年７月30日,(注)４,"(注)５3,977",株
1418,インターライフホールディングス株式会社,2026-05-25,取締役 （監査等委員）,落 合 健 介,1952年12月５日,(注)４,,株
1418,インターライフホールディングス株式会社,2026-05-25,取締役 （監査等委員）,那 須 健 二,1953年５月28日,(注)４,,株
1418,インターライフホールディングス株式会社,2026-05-25,取締役 （監査等委員）,田 子 みどり,1960年８月21日,(注)４,,株
1419,タマホーム株式会社,2026-08-26,代表取締役 社長,玉木 伸弥,1978年10月13日,(注)４,"871,700",株
1419,タマホーム株式会社,2026-08-26,代表取締役 会長,玉木 康裕,1950年１月４日,(注)４,"871,700",株
1419,タマホーム株式会社,2026-08-26,専務取締役 事業統括,加賀山 健次,1973年５月22日,(注)４,"4,400",株
1419,タマホーム株式会社,2026-08-26,常務取締役 工務本部長 兼工務資材部長,山元 啓介,1965年８月５日,(注)４,100,株
1419,タマホーム株式会社,2026-08-26,取締役 営業本部長,平野 誠,1968年９月９日,(注)４,200,株
1419,タマホーム株式会社,2026-08-26,取締役 管理本部長 兼総務部長,米田 彰宏,1983年１月４日,(注)４,"2,800",株
1419,タマホーム株式会社,2026-08-26,取締役 戦略本部長 兼経理部長,西堀 祐介,1983年10月１日,(注)４,"1,400",株
1419,タマホーム株式会社,2026-08-26,取締役 不動産本部長 兼不動産賃貸部長,畠中 栄治,1978年12月14日,(注)４,,株
1419,タマホーム株式会社,2026-08-26,取締役 人事本部長 兼人事部長,小野 達郎,1982年６月14日,(注)４,600,株
1419,タマホーム株式会社,2026-08-26,取締役,金重 凱之,1945年４月５日,(注)４,"8,300",株
1419,タマホーム株式会社,2026-08-26,取締役,近本 晃喜,1952年12月19日,(注)４,"9,200",株
1419,タマホーム株式会社,2026-08-26,監査役 （常勤）,玉木 克弥,1980年１月15日,(注)５,"871,700",株
1419,タマホーム株式会社,2026-08-26,監査役,鴛海 量明,1965年７月17日,(注)５,,株
1419,タマホーム株式会社,2026-08-26,監査役,永田 朋之,1980年５月10日,(注)５,,株
141A,株式会社トライアルホールディングス,2025-09-26,代表取締役 社長,永田 洋幸,1982年４月２日生,（注）５．,"64,156,100 （注）７．",株
141A,株式会社トライアルホールディングス,2025-09-26,取締役,石橋 亮太,1972年11月15日生,（注）５．,"157,800",株
141A,株式会社トライアルホールディングス,2025-09-26,取締役,立本 博文,1974年６月４日生,（注）５．,,株
141A,株式会社トライアルホールディングス,2025-09-26,取締役,張 相秀,1955年１月18日生,（注）５．,,株
141A,株式会社トライアルホールディングス,2025-09-26,常勤監査役,上里 剛志,1972年４月７日生,（注）６．,,株
141A,株式会社トライアルホールディングス,2025-09-26,監査役,橋本 道成,1978年４月２日生,（注）６．,,株
141A,株式会社トライアルホールディングス,2025-09-26,監査役,薄鍋 大輔,1977年２月23日生,（注）６．,,株
1420,サンヨーホームズ株式会社,2026-06-23,取締役 会長,田中 康典,1940年１月31日,(注)３,"31,800",株
1420,サンヨーホームズ株式会社,2026-06-23,代表取締役社長 社長執行役員 マンション事業本部長,松岡 久志,1963年10月４日,(注)３,"9,600",株
1420,サンヨーホームズ株式会社,2026-06-23,代表取締役 副社長執行役員 住宅事業本部長 大阪本店長,美山 正人,1959年３月18日,(注)３,"12,500",株
1420,サンヨーホームズ株式会社,2026-06-23,取締役 専務執行役員 経営管理本部長,福井 江治,1965年１月12日,(注)３,"1,100",株
1420,サンヨーホームズ株式会社,2026-06-23,取締役 専務執行役員 建築本部長,田中 教二,1959年９月13日,(注)３,"7,010",株
1420,サンヨーホームズ株式会社,2026-06-23,取締役 (監査等委員) （注）１、２,薗 吉輔,1945年６月２日,(注)４,,株
1420,サンヨーホームズ株式会社,2026-06-23,取締役 (監査等委員) （注）１、２,高山 和則,1970年10月30日,(注)５,"4,800",株
1420,サンヨーホームズ株式会社,2026-06-23,取締役 (監査等委員) （注）１、２,田原 祐子,1959年10月９日,(注)４,,株
1429,株式会社日本アクア,2026-03-27,代表取締役 社長,中村 文隆,1968年６月24日生,(注)１,"1,005,800",株
1429,株式会社日本アクア,2026-03-27,専務取締役 管理本部・財務経理部・内部統制部・営業支援部・工程監理部担当,村上 友香,1967年３月13日生,(注)１,"223,400",株
1429,株式会社日本アクア,2026-03-27,常務取締役 テクニカルセンター ・積算部・環境部・機械整備部担当,永田 和久,1966年７月１日生,(注)１,"8,200",株
1429,株式会社日本アクア,2026-03-27,取締役 住宅事業担当,藤井 豪二,1973年５月31日生,(注)１,"5,500",株
1429,株式会社日本アクア,2026-03-27,取締役 建築事業・品質管理部担当,宇佐美 計史,1967年４月30日生,(注)１,"16,200",株
1429,株式会社日本アクア,2026-03-27,取締役,剱持 健,1979年６月13日生,(注)１,,株
1429,株式会社日本アクア,2026-03-27,取締役,小松 健次,1953年３月24日生,(注)１,,株
1429,株式会社日本アクア,2026-03-27,取締役 （常勤監査等委員）,内海 統之,1958年７月24日生,(注)２,,株
1429,株式会社日本アクア,2026-03-27,取締役 （監査等委員）,柗田 由貴,1977年４月17日生,(注)２,,株
1429,株式会社日本アクア,2026-03-27,取締役 （監査等委員）,樋口 尚文,1973年３月19日生,(注)２,,株
1429,株式会社日本アクア,2026-03-27,取締役 （監査等委員）,仁科 秀隆,1979年３月25日生,(注)２,,株
1429,株式会社日本アクア,2026-03-27,代表取締役 社長,中村 文隆,1968年６月24日生,(注)１,"1,005,800",株
1429,株式会社日本アクア,2026-03-27,専務取締役 管理本部・財務経理部・内部統制部・営業支援部・工程監理部担当,村上 友香,1967年３月13日生,(注)１,"223,400",株
1429,株式会社日本アクア,2026-03-27,常務取締役 テクニカルセンター ・積算部・環境部・機械整備部担当,永田 和久,1966年７月１日生,(注)１,"8,200",株
1429,株式会社日本アクア,2026-03-27,取締役 住宅事業担当,藤井 豪二,1973年５月31日生,(注)１,"5,500",株
1429,株式会社日本アクア,2026-03-27,取締役 建築事業・品質管理部担当,宇佐美 計史,1967年４月30日生,(注)１,"16,200",株
1429,株式会社日本アクア,2026-03-27,取締役,剱持 健,1979年６月13日生,(注)１,,株
1429,株式会社日本アクア,2026-03-27,取締役,小松 健次,1953年３月24日生,(注)１,,株
1429,株式会社日本アクア,2026-03-27,取締役 （監査等委員）,下村 昌作,1963年７月10日生,(注)２,,株
1429,株式会社日本アクア,2026-03-27,取締役 （監査等委員）,柗田 由貴,1977年４月17日生,(注)２,,株
1429,株式会社日本アクア,2026-03-27,取締役 （監査等委員）,樋口 尚文,1973年３月19日生,(注)２,,株
1429,株式会社日本アクア,2026-03-27,取締役 （監査等委員）,仁科 秀隆,1979年３月25日生,(注)２,,株
142A,株式会社ジンジブ,2026-06-23,代表取締役社長,佐々木 満秀,1968年３月22日生,(注)３,"1,330,000",株
142A,株式会社ジンジブ,2026-06-23,専務取締役 HRコンサルティング部 及び営業推進部管掌,森 隆史,1983年５月16日生,(注)３,"3,000",株
142A,株式会社ジンジブ,2026-06-23,常務取締役 経営企画部及び 経営管理部管掌,新田 圭,1977年３月30日生,(注)３,"2,000",株
142A,株式会社ジンジブ,2026-06-23,取締役 キャリア教育開発部 及びカスタマーサポート 部管掌,星野 圭美 (戸籍上の氏名： 渡邊 圭美),1980年８月４日生,(注)３,"4,000",株
142A,株式会社ジンジブ,2026-06-23,社外取締役,池田 良介 (注１),1968年12月５日生,(注)３,"20,000",株
142A,株式会社ジンジブ,2026-06-23,社外取締役,杉浦 佳浩 (注１),1963年９月29日生,(注)３,,株
142A,株式会社ジンジブ,2026-06-23,社外常勤監査役,箕浦 昇 (注２),1972年２月23日生,(注)５,,株
142A,株式会社ジンジブ,2026-06-23,社外監査役,堀口 昌孝 (注２),1970年７月25日生,(注)４,,株
142A,株式会社ジンジブ,2026-06-23,社外監査役,才木 正之 (注２),1971年７月22日生,(注)４,,株
1430,ファーストコーポレーション株式会社,2026-08-24,代表取締役社長 執行役員 開発事業本部長,中村 利秋,1950年11月21日,(注)２,"2,067,360",株
1430,ファーストコーポレーション株式会社,2026-08-24,専務取締役執行役員 建築事業本部長兼 再開発事業担当,佐井賀 豊,1956年２月６日,(注)２,"20,600",株
1430,ファーストコーポレーション株式会社,2026-08-24,取締役執行役員 建築事業本部工事部長,大戸 領,1971年10月21日,(注)２,"10,100",株
1430,ファーストコーポレーション株式会社,2026-08-24,取締役,藤本 聡,1957年７月28日,(注)２,"5,000",株
1430,ファーストコーポレーション株式会社,2026-08-24,取締役,柴山 久雄,1953年６月２日,(注)２,,株
1430,ファーストコーポレーション株式会社,2026-08-24,取締役,小野 貴樹,1965年４月９日,(注)２,,株
1430,ファーストコーポレーション株式会社,2026-08-24,取締役 （監査等委員）,諸橋 隆章,1975年７月６日,(注)３,"76,320",株
1430,ファーストコーポレーション株式会社,2026-08-24,取締役 （監査等委員）,植野 和宏,1977年３月８日,(注)３,,株
1430,ファーストコーポレーション株式会社,2026-08-24,一時取締役 （監査等委員）,足立 学,1977年３月10日,(注)４,,株
1431,株式会社Ｌｉｂ　Ｗｏｒｋ,2025-09-24,取締役社長 (代表取締役),瀬口 力,1973年12月14日生,(注)１,"10,608,440",株
1431,株式会社Ｌｉｂ　Ｗｏｒｋ,2025-09-24,常務取締役,瀬口 悦子,1953年12月２日生,(注)１,"1,957,317",株
1431,株式会社Ｌｉｂ　Ｗｏｒｋ,2025-09-24,取締役,難家 嘉之,1972年６月27日生,(注)１,"16,412",株
1431,株式会社Ｌｉｂ　Ｗｏｒｋ,2025-09-24,取締役,塚本 則幸,1968年６月10日生,(注)１,900,株
1431,株式会社Ｌｉｂ　Ｗｏｒｋ,2025-09-24,取締役,城 浩輔,1984年４月４日生,(注)１,"4,563",株
1431,株式会社Ｌｉｂ　Ｗｏｒｋ,2025-09-24,取締役,松村 伸也,1978年４月28日生,(注)１,,株
1431,株式会社Ｌｉｂ　Ｗｏｒｋ,2025-09-24,取締役,西村 信男,1973年６月22日生,(注)１,"96,000",株
1431,株式会社Ｌｉｂ　Ｗｏｒｋ,2025-09-24,取締役,前田 隆,1972年５月19日生,(注)１,,株
1431,株式会社Ｌｉｂ　Ｗｏｒｋ,2025-09-24,取締役,杉山 浩司,1979年９月26日生,(注)１,,株
1431,株式会社Ｌｉｂ　Ｗｏｒｋ,2025-09-24,常勤監査役,林田 貴文,1963年12月13日生,(注)２,,株
1431,株式会社Ｌｉｂ　Ｗｏｒｋ,2025-09-24,監査役,古田 哲朗,1973年２月16日生,(注)２,,株
1431,株式会社Ｌｉｂ　Ｗｏｒｋ,2025-09-24,監査役,永野 隆,1974年４月26日生,(注)２,,株
1431,株式会社Ｌｉｂ　Ｗｏｒｋ,2025-09-24,取締役社長 (代表取締役),瀬口 力,1973年12月14日生,(注)１,"10,608,440",株
1431,株式会社Ｌｉｂ　Ｗｏｒｋ,2025-09-24,常務取締役,瀬口 悦子,1953年12月２日生,(注)１,"1,957,317",株
1431,株式会社Ｌｉｂ　Ｗｏｒｋ,2025-09-24,取締役,難家 嘉之,1972年６月27日生,(注)１,"16,412",株
1431,株式会社Ｌｉｂ　Ｗｏｒｋ,2025-09-24,取締役,塚本 則幸,1968年６月10日生,(注)１,900,株
1431,株式会社Ｌｉｂ　Ｗｏｒｋ,2025-09-24,取締役,城 浩輔,1984年４月４日生,(注)１,"4,563",株
1431,株式会社Ｌｉｂ　Ｗｏｒｋ,2025-09-24,取締役,松村 伸也,1978年４月28日生,(注)１,,株
1431,株式会社Ｌｉｂ　Ｗｏｒｋ,2025-09-24,取締役,西村 信男,1973年６月22日生,(注)１,"96,000",株
1431,株式会社Ｌｉｂ　Ｗｏｒｋ,2025-09-24,取締役,前田 隆,1972年５月19日生,(注)１,,株
1431,株式会社Ｌｉｂ　Ｗｏｒｋ,2025-09-24,取締役,杉山 浩司,1979年９月26日生,(注)１,,株
1431,株式会社Ｌｉｂ　Ｗｏｒｋ,2025-09-24,常勤監査役,林田 貴文,1963年12月13日生,(注)２,,株
1431,株式会社Ｌｉｂ　Ｗｏｒｋ,2025-09-24,監査役,古田 哲朗,1973年２月16日生,(注)２,,株
1431,株式会社Ｌｉｂ　Ｗｏｒｋ,2025-09-24,監査役,永野 隆,1974年４月26日生,(注)２,,株
1433,ベステラ株式会社,2026-04-16,代表取締役 社長,本田 豊,1972年５月９日生,(注)５,"32,592",株
1433,ベステラ株式会社,2026-04-16,専務取締役,長 泰治,1977年12月21日生,(注)５,"169,451",株
1433,ベステラ株式会社,2026-04-16,取締役 (非常勤),若松 俊樹,1977年９月19日生,(注)５,,株
1433,ベステラ株式会社,2026-04-16,取締役 (監査等委員),込山 雅弘,1952年５月11日生,(注)６,,株
1433,ベステラ株式会社,2026-04-16,取締役 (監査等委員),村松 高男,1953年10月１日生,(注)６,,株
1433,ベステラ株式会社,2026-04-16,取締役 (監査等委員),樋川 加奈,1976年２月18日生,(注)６,,株
1433,ベステラ株式会社,2026-04-16,代表取締役 社長,本田 豊,1972年５月９日生,(注)５,"32,592",株
1433,ベステラ株式会社,2026-04-16,専務取締役,長 泰治,1977年12月21日生,(注)５,"169,451",株
1433,ベステラ株式会社,2026-04-16,取締役 (非常勤),若松 俊樹,1977年９月19日生,(注)５,,株
1433,ベステラ株式会社,2026-04-16,取締役 (監査等委員),込山 雅弘,1952年５月11日生,(注)６,,株
1433,ベステラ株式会社,2026-04-16,取締役 (監査等委員),村松 高男,1953年10月１日生,(注)６,,株
1433,ベステラ株式会社,2026-04-16,取締役 (監査等委員),樋川 加奈,1976年２月18日生,(注)６,,株
1434,ＪＥＳＣＯホールディングス株式会社,2025-11-26,代表取締役社長 執行役員社長,唐澤光子,1951年８月27日,注３,"237,600",株
1434,ＪＥＳＣＯホールディングス株式会社,2025-11-26,取締役 執行役員専務,古手川太一,1966年11月27日,注３,"80,200",株
1434,ＪＥＳＣＯホールディングス株式会社,2025-11-26,取締役 執行役員専務,沼井雅行,1952年２月28日,注３,"22,600",株
1434,ＪＥＳＣＯホールディングス株式会社,2025-11-26,取締役,金子真実,1982年１月14日,注３,,株
1434,ＪＥＳＣＯホールディングス株式会社,2025-11-26,取締役 執行役員常務,萩原敏彦,1964年12月５日,注３,"43,200",株
1434,ＪＥＳＣＯホールディングス株式会社,2025-11-26,取締役,村口和孝,1958年11月20日,注３,"32,000",株
1434,ＪＥＳＣＯホールディングス株式会社,2025-11-26,取締役,グェン ティ ゴク ロアン,1960年３月９日,注３,,株
1434,ＪＥＳＣＯホールディングス株式会社,2025-11-26,常勤監査役,畑中達之助,1954年８月30日,注４,,株
1434,ＪＥＳＣＯホールディングス株式会社,2025-11-26,監査役,鈴木正明,1951年７月28日,注４,"5,000",株
1434,ＪＥＳＣＯホールディングス株式会社,2025-11-26,監査役,佐藤精一,1962年２月22日,注４,,株
1434,ＪＥＳＣＯホールディングス株式会社,2025-11-26,代表取締役社長 執行役員社長,唐澤光子,1951年８月27日,注３,"237,600",株
1434,ＪＥＳＣＯホールディングス株式会社,2025-11-26,取締役 執行役員専務,古手川太一,1966年11月27日,注３,"80,200",株
1434,ＪＥＳＣＯホールディングス株式会社,2025-11-26,取締役 執行役員専務,沼井雅行,1952年２月28日,注３,"22,600",株
1434,ＪＥＳＣＯホールディングス株式会社,2025-11-26,取締役,金子真実,1982年１月14日,注３,,株
1434,ＪＥＳＣＯホールディングス株式会社,2025-11-26,取締役 執行役員常務,萩原敏彦,1964年12月５日,注３,"43,200",株
1434,ＪＥＳＣＯホールディングス株式会社,2025-11-26,取締役,村口和孝,1958年11月20日,注３,"32,000",株
1434,ＪＥＳＣＯホールディングス株式会社,2025-11-26,取締役,グェン ティ ゴク ロアン,1960年３月９日,注３,,株
1434,ＪＥＳＣＯホールディングス株式会社,2025-11-26,取締役,弓塲啓司,1968年3月28日,注３,,株
1434,ＪＥＳＣＯホールディングス株式会社,2025-11-26,常勤監査役,畑中達之助,1954年８月30日,注４,,株
1434,ＪＥＳＣＯホールディングス株式会社,2025-11-26,監査役,鈴木正明,1951年７月28日,注４,"5,000",株
1434,ＪＥＳＣＯホールディングス株式会社,2025-11-26,監査役,佐藤精一,1962年２月22日,注４,,株
1435,株式会社ｒｏｂｏｔ　ｈｏｍｅ,2026-03-24,代表取締役 CEO,古木 大咲,1979年９月14日,(注)３,"39,950,000",株
1435,株式会社ｒｏｂｏｔ　ｈｏｍｅ,2026-03-24,取締役 執行役員CCO,藤本 一之,1954年12月13日,(注)３,"16,766",株
1435,株式会社ｒｏｂｏｔ　ｈｏｍｅ,2026-03-24,取締役 執行役員CFO,安井 慎二,1981年１月24日,(注)３,"33,549",株
1435,株式会社ｒｏｂｏｔ　ｈｏｍｅ,2026-03-24,取締役 執行役員CSO,安田 博一,1984年４月26日,(注)３,"41,974",株
1435,株式会社ｒｏｂｏｔ　ｈｏｍｅ,2026-03-24,取締役 (監査等委員),鈴木 良和,1973年４月26日,(注)４,"16,766",株
1435,株式会社ｒｏｂｏｔ　ｈｏｍｅ,2026-03-24,取締役 (監査等委員),原 雅彦,1956年６月16日,(注)４,"8,374",株
1435,株式会社ｒｏｂｏｔ　ｈｏｍｅ,2026-03-24,取締役 (監査等委員),浅田 浩,1967年５月２日,(注)４,"16,766",株
1435,株式会社ｒｏｂｏｔ　ｈｏｍｅ,2026-03-24,代表取締役 CEO,古木 大咲,1979年９月14日,(注)３,"39,950,000",株
1435,株式会社ｒｏｂｏｔ　ｈｏｍｅ,2026-03-24,取締役 執行役員CCO,藤本 一之,1954年12月13日,(注)３,"16,766",株
1435,株式会社ｒｏｂｏｔ　ｈｏｍｅ,2026-03-24,取締役 執行役員CFO,安井 慎二,1981年１月24日,(注)３,"33,549",株
1435,株式会社ｒｏｂｏｔ　ｈｏｍｅ,2026-03-24,取締役 執行役員CSO,安田 博一,1984年４月26日,(注)３,"41,974",株
1435,株式会社ｒｏｂｏｔ　ｈｏｍｅ,2026-03-24,取締役 (監査等委員),鈴木 良和,1973年４月26日,(注)４,"16,766",株
1435,株式会社ｒｏｂｏｔ　ｈｏｍｅ,2026-03-24,取締役 (監査等委員),原 雅彦,1956年６月16日,(注)４,"8,374",株
1435,株式会社ｒｏｂｏｔ　ｈｏｍｅ,2026-03-24,取締役 (監査等委員),浅田 浩,1967年５月２日,(注)４,"16,766",株
1436,株式会社グリーンエナジー＆カンパニー,2026-07-23,代表取締役 社長,鈴江 崇文,1973年12月８日生,(注)３,"425,500",株
1436,株式会社グリーンエナジー＆カンパニー,2026-07-23,取締役,山中 哲男,1982年７月17日生,(注)３,,株
1436,株式会社グリーンエナジー＆カンパニー,2026-07-23,取締役 (監査等委員),三谷 恭也,1978年４月26日生,(注)４,,株
1436,株式会社グリーンエナジー＆カンパニー,2026-07-23,取締役 (監査等委員),山田 善則,1946年５月22日生,(注)４,,株
1436,株式会社グリーンエナジー＆カンパニー,2026-07-23,取締役 (監査等委員),飯田 花織,1989年２月23日生,(注)４,400,株
1436,株式会社グリーンエナジー＆カンパニー,2026-07-23,代表取締役 社長,鈴江 崇文,1973年12月８日生,(注)３,"425,500",株
1436,株式会社グリーンエナジー＆カンパニー,2026-07-23,取締役,山中 哲男,1982年７月17日生,(注)３,,株
1436,株式会社グリーンエナジー＆カンパニー,2026-07-23,取締役 (監査等委員),三谷 恭也,1978年４月26日生,(注)４,,株
1436,株式会社グリーンエナジー＆カンパニー,2026-07-23,取締役 (監査等委員),山田 善則,1946年５月22日生,(注)４,,株
1436,株式会社グリーンエナジー＆カンパニー,2026-07-23,取締役 (監査等委員),飯田 花織,1989年２月23日生,(注)４,400,株
1438,株式会社岐阜造園,2025-12-24,代表取締役会長,小栗 達弘,1944年５月17日生,（注）３,"470,100",株
1438,株式会社岐阜造園,2025-12-24,代表取締役社長,山田 準,1951年３月18日生,（注）３,"42,800",株
1438,株式会社岐阜造園,2025-12-24,常務取締役 中部地区担当,小栗 栄一,1971年10月２日生,（注）３,"108,900",株
1438,株式会社岐阜造園,2025-12-24,取締役 ガーデンエクステリア 事業部長,舟橋 恵一,1954年３月３日生,（注）３,"36,100",株
1438,株式会社岐阜造園,2025-12-24,取締役大阪営業所長 関西地区担当,茨 宣晴,1974年12月２日生,（注）３,"7,100",株
1438,株式会社岐阜造園,2025-12-24,取締役管理部長,兼松 正道,1975年２月13日生,（注）３,"22,800",株
1438,株式会社岐阜造園,2025-12-24,取締役東京支店長 関東地区担当,佐藤 雅大,1984年３月22日生,（注）３,"15,800",株
1438,株式会社岐阜造園,2025-12-24,取締役,山本 秀樹,1968年８月21日生,（注）３,"4,900",株
1438,株式会社岐阜造園,2025-12-24,取締役,横井 良栄,1968年７月２日生,（注）３,,株
1438,株式会社岐阜造園,2025-12-24,常勤監査役,井川 智康,1947年６月30日生,（注）４,,株
1438,株式会社岐阜造園,2025-12-24,監査役,加藤 孝浩,1969年３月21日生,（注）４,"4,900",株
1438,株式会社岐阜造園,2025-12-24,監査役,川島 典子,1969年７月21日生,（注）４,,株
1438,株式会社岐阜造園,2025-12-24,監査役,小松 慶子,1978年11月５日生,（注）５,,株
1438,株式会社岐阜造園,2025-12-24,代表取締役会長,小栗 達弘,1944年５月17日生,（注）３,"470,100",株
1438,株式会社岐阜造園,2025-12-24,代表取締役社長,山田 準,1951年３月18日生,（注）３,"42,800",株
1438,株式会社岐阜造園,2025-12-24,常務取締役 中部地区担当,小栗 栄一,1971年10月２日生,（注）３,"108,900",株
1438,株式会社岐阜造園,2025-12-24,取締役,山本 秀樹,1968年８月21日生,（注）３,"4,900",株
1438,株式会社岐阜造園,2025-12-24,取締役,横井 良栄,1968年７月２日生,（注）３,,株
1438,株式会社岐阜造園,2025-12-24,常勤監査役,井川 智康,1947年６月30日生,（注）４,,株
1438,株式会社岐阜造園,2025-12-24,監査役,加藤 孝浩,1969年３月21日生,（注）４,"4,900",株
1438,株式会社岐阜造園,2025-12-24,監査役,川島 典子,1969年７月21日生,（注）４,,株
1438,株式会社岐阜造園,2025-12-24,監査役,小松 慶子,1978年11月５日生,（注）５,,株
143A,イシン株式会社,2026-06-23,代表取締役 会長,明石 智義,1979年１月５日生,(注)２.,"1,192,200(注)４.",株
143A,イシン株式会社,2026-06-23,代表取締役 社長,西中 大史,1988年６月23日生,(注)２.,,株
143A,イシン株式会社,2026-06-23,取締役,吉川 慶,1981年10月29日生,(注)２.,,株
143A,イシン株式会社,2026-06-23,取締役 監査等委員,田中 真衣,1983年２月14日生,(注)３.,,株
143A,イシン株式会社,2026-06-23,取締役 監査等委員,郭 翔愛,1978年７月29日生,(注)３.,,株
143A,イシン株式会社,2026-06-23,取締役 監査等委員,岩城 英史,1980年10月９日生,(注)３.,,株
143A,イシン株式会社,2026-06-23,代表取締役 会長,明石 智義,1979年１月５日生,(注)２.,"1,192,200(注)４.",株
143A,イシン株式会社,2026-06-23,代表取締役 社長,西中 大史,1988年６月23日生,(注)２.,,株
143A,イシン株式会社,2026-06-23,取締役,吉川 慶,1981年10月29日生,(注)２.,,株
143A,イシン株式会社,2026-06-23,取締役 監査等委員,田中 真衣,1983年２月14日生,(注)３.,,株
143A,イシン株式会社,2026-06-23,取締役 監査等委員,郭 翔愛,1978年７月29日生,(注)３.,,株
143A,イシン株式会社,2026-06-23,取締役 監査等委員,岩城 英史,1980年10月９日生,(注)３.,,株
1443,技研ホールディングス株式会社,2026-06-24,取締役社長 (代表取締役),佐々木 ベジ,1955年９月26日生,注２,27,千株
1443,技研ホールディングス株式会社,2026-06-24,取締役,久田 利一,1955年３月20日生,注２,,千株
1443,技研ホールディングス株式会社,2026-06-24,取締役 (監査等委員),野中 信敬,1956年７月25日生,注３,,千株
1443,技研ホールディングス株式会社,2026-06-24,取締役 (監査等委員),小畑 元,1948年７月25日生,注３,,千株
1443,技研ホールディングス株式会社,2026-06-24,取締役 (監査等委員),多胡 英文,1949年４月30日生,注３,,千株
1443,技研ホールディングス株式会社,2026-06-24,取締役社長 (代表取締役),佐々木 ベジ,1955年９月26日生,注２,27,千株
1443,技研ホールディングス株式会社,2026-06-24,取締役,久田 利一,1955年３月20日生,注２,,千株
1443,技研ホールディングス株式会社,2026-06-24,取締役 (監査等委員),野中 信敬,1956年７月25日生,注３,,千株
1443,技研ホールディングス株式会社,2026-06-24,取締役 (監査等委員),小畑 元,1948年７月25日生,注３,,千株
1443,技研ホールディングス株式会社,2026-06-24,取締役 (監査等委員),多胡 英文,1949年４月30日生,注３,,千株
1444,株式会社ニッソウ,2025-10-28,代表取締役社長,前田 浩,1961年12月12日生,(注)２,"556,600",株
1444,株式会社ニッソウ,2025-10-28,取締役副社長,高松 重之,1954年11月18日生,(注)２,200,株
1444,株式会社ニッソウ,2025-10-28,常務取締役 リフォーム部長,木村 孝史,1966年11月14日生,(注)２,"1,000",株
1444,株式会社ニッソウ,2025-10-28,取締役 リフォーム部担当,湯浅 一彦,1985年４月７日生,(注)２,600,株
1444,株式会社ニッソウ,2025-10-28,取締役管理部長,北村 知之,1974年６月17日生,(注)２,600,株
1444,株式会社ニッソウ,2025-10-28,取締役経理部長,能美 文弥,1966年８月３日生,(注)２,400,株
1444,株式会社ニッソウ,2025-10-28,取締役,市川 圭介,1981年10月12日生,(注)２,,株
1444,株式会社ニッソウ,2025-10-28,取締役 （常勤監査等委員）,船津丸 隆,1964年５月17日生,(注)３,,株
1444,株式会社ニッソウ,2025-10-28,取締役 （監査等委員）,水島 孝生,1948年３月９日生,(注)３,,株
1444,株式会社ニッソウ,2025-10-28,取締役 （監査等委員）,木村 康之,1983年２月４日生,(注)３,,株
1444,株式会社ニッソウ,2025-10-28,取締役 （監査等委員）,小林 仁子,1980年６月３日生,(注)３,,株
1444,株式会社ニッソウ,2025-10-28,代表取締役社長,前田 浩,1961年12月12日生,(注)２,"556,600",株
1444,株式会社ニッソウ,2025-10-28,取締役副社長,高松 重之,1954年11月18日生,(注)２,200,株
1444,株式会社ニッソウ,2025-10-28,専務取締役 リフォーム部長,木村 孝史,1966年11月14日生,(注)２,"1,000",株
1444,株式会社ニッソウ,2025-10-28,取締役 リフォーム部担当,湯浅 一彦,1985年４月７日生,(注)２,600,株
1444,株式会社ニッソウ,2025-10-28,取締役管理部長,北村 知之,1974年６月17日生,(注)２,600,株
1444,株式会社ニッソウ,2025-10-28,取締役経理部長,能美 文弥,1966年８月３日生,(注)２,400,株
1444,株式会社ニッソウ,2025-10-28,取締役 経営企画部長,前田 信,1990年２月16日生,(注)２,,株
1444,株式会社ニッソウ,2025-10-28,取締役,市川 圭介,1981年10月12日生,(注)２,,株
1444,株式会社ニッソウ,2025-10-28,取締役 （常勤監査等委員）,船津丸 隆,1964年５月17日生,(注)３,,株
1444,株式会社ニッソウ,2025-10-28,取締役 （監査等委員）,水島 孝生,1948年３月９日生,(注)３,,株
1444,株式会社ニッソウ,2025-10-28,取締役 （監査等委員）,木村 康之,1983年２月４日生,(注)３,,株
1444,株式会社ニッソウ,2025-10-28,取締役 （監査等委員）,小林 仁子,1980年６月３日生,(注)３,,株
1446,株式会社キャンディル,2025-12-22,代表取締役 社長,林 晃生,1967年５月８日,（注）６,"1,987,400",株
1446,株式会社キャンディル,2025-12-22,取締役 （人事・総務・情報システム管掌）,藤原 泉,1963年９月13日,（注）６,"63,700",株
1446,株式会社キャンディル,2025-12-22,取締役 （事業管掌）,京極 和博,1975年12月22日,（注）６,"15,800",株
1446,株式会社キャンディル,2025-12-22,取締役 （財務経理・経営管理管掌）,小澤口 信行,1978年12月３日,（注）６,"22,651",株
1446,株式会社キャンディル,2025-12-22,取締役,大浦 善光,1954年７月８日,（注）６,,株
1446,株式会社キャンディル,2025-12-22,取締役,笠原 悟志,1974年９月10日,（注）６,,株
1446,株式会社キャンディル,2025-12-22,取締役 （常勤監査等委員）,古川 静彦,1951年11月27日,（注）７,"7,600",株
1446,株式会社キャンディル,2025-12-22,取締役 （監査等委員）,津村 美昭,1974年２月４日,（注）７,,株
1446,株式会社キャンディル,2025-12-22,取締役 （監査等委員）,飛松 純一,1972年８月15日,（注）７,,株
1446,株式会社キャンディル,2025-12-22,代表取締役 社長,林 晃生,1967年５月８日,（注）６,"1,987,400",株
1446,株式会社キャンディル,2025-12-22,取締役 （人事・総務・情報システム管掌）,藤原 泉,1963年９月13日,（注）６,"63,700",株
1446,株式会社キャンディル,2025-12-22,取締役 （事業管掌）,京極 和博,1975年12月22日,（注）６,"15,800",株
1446,株式会社キャンディル,2025-12-22,取締役 （財務経理・経営管理管掌）,小澤口 信行,1978年12月３日,（注）６,"22,651",株
1446,株式会社キャンディル,2025-12-22,取締役,大浦 善光,1954年７月８日,（注）６,,株
1446,株式会社キャンディル,2025-12-22,取締役,立川 睦史,1971年４月30日,（注）６,,株
1446,株式会社キャンディル,2025-12-22,取締役 （常勤監査等委員）,松下 文夫,1959年12月16日,（注）７,"7,600",株
1446,株式会社キャンディル,2025-12-22,取締役 （監査等委員）,津村 美昭,1974年２月４日,（注）７,,株
1446,株式会社キャンディル,2025-12-22,取締役 （監査等委員）,飛松 純一,1972年８月15日,（注）７,,株
1447,ＳＡＡＦホールディングス株式会社,2026-06-30,代表取締役,左奈田 直幸,1961年10月25日生,（注３）,"13,156",株
1447,ＳＡＡＦホールディングス株式会社,2026-06-30,取締役,坂口 岳洋,1971年２月18日生,（注３）,"12,000",株
1447,ＳＡＡＦホールディングス株式会社,2026-06-30,取締役,和田 洋,1965年３月10日生,（注３）,"4,800",株
1447,ＳＡＡＦホールディングス株式会社,2026-06-30,取締役,塚本 勲,1943年９月１日生,（注３）,"17,800",株
1447,ＳＡＡＦホールディングス株式会社,2026-06-30,取締役,森本 千賀子,1970年７月９日生,（注３）,,株
1447,ＳＡＡＦホールディングス株式会社,2026-06-30,取締役,仲岡 一紀,1960年２月５日生,（注３）,,株
1447,ＳＡＡＦホールディングス株式会社,2026-06-30,取締役,馬場 乃里子,1980年10月24日生,（注３）,,株
1447,ＳＡＡＦホールディングス株式会社,2026-06-30,常勤監査役,西山 靖,1964年９月２日生,（注４）,,株
1447,ＳＡＡＦホールディングス株式会社,2026-06-30,監査役,三谷 総雄,1944年２月５日生,（注４）,,株
1447,ＳＡＡＦホールディングス株式会社,2026-06-30,監査役,青木 伸文,1974年２月７日生,（注４）,"10,000",株
1449,株式会社ＦＵＪＩジャパン,2026-03-25,代表取締役,佐々木 忠幸,1967年１月３日生,(注)３,"1,530,000",株
1449,株式会社ＦＵＪＩジャパン,2026-03-25,取締役 営業部部長,矢崎 洋司,1970年８月20日生,(注)３,900,株
1449,株式会社ＦＵＪＩジャパン,2026-03-25,取締役 管理部部長,山内 将之,1970年10月23日生,(注)３,900,株
1449,株式会社ＦＵＪＩジャパン,2026-03-25,取締役,清水 祥行,1968年10月11日生,(注)３,,株
1449,株式会社ＦＵＪＩジャパン,2026-03-25,監査役 （常勤）,中野 文雄,1956年４月９日生,(注)４,,株
1449,株式会社ＦＵＪＩジャパン,2026-03-25,監査役,住吉 輝昭,1950年６月７日生,(注)４,,株
1449,株式会社ＦＵＪＩジャパン,2026-03-25,監査役,大内 宏,1945年５月26日生,(注)４,"9,000",株
1449,株式会社ＦＵＪＩジャパン,2026-03-25,代表取締役,佐々木 忠幸,1967年１月３日生,(注)３,"1,530,000",株
1449,株式会社ＦＵＪＩジャパン,2026-03-25,取締役 リフォーム事業部部長,樋口 俊一,1974年１月16日生,(注)３,"30,000",株
1449,株式会社ＦＵＪＩジャパン,2026-03-25,取締役 営業部部長,矢崎 洋司,1970年８月20日生,(注)３,900,株
1449,株式会社ＦＵＪＩジャパン,2026-03-25,取締役 管理部部長,山内 将之,1970年10月23日生,(注)３,900,株
1449,株式会社ＦＵＪＩジャパン,2026-03-25,取締役,清水 祥行,1968年10月11日生,(注)３,,株
1449,株式会社ＦＵＪＩジャパン,2026-03-25,監査役 （常勤）,中野 文雄,1956年４月９日生,(注)４,,株
1449,株式会社ＦＵＪＩジャパン,2026-03-25,監査役,住吉 輝昭,1950年６月７日生,(注)４,,株
1449,株式会社ＦＵＪＩジャパン,2026-03-25,監査役,大内 宏,1945年５月26日生,(注)４,"9,000",株
1450,ＴＡＮＡＫＥＮ株式会社,2026-06-19,代表取締役 （社長執行役員）,中尾 安志,1962年２月19日生,(注)３,"36,300",株
1450,ＴＡＮＡＫＥＮ株式会社,2026-06-19,取締役 （専務執行役員） 本社統括兼コーポレート本部長,内田 政美,1965年４月７日生,(注)３,"7,400",株
1450,ＴＡＮＡＫＥＮ株式会社,2026-06-19,取締役 (常務執行役員) 施工本部長,白石 憲治,1959年10月３日生,(注)３,"8,284",株
1450,ＴＡＮＡＫＥＮ株式会社,2026-06-19,取締役 （注）１,中目 隆夫,1953年10月７日生,(注)３,"2,400",株
1450,ＴＡＮＡＫＥＮ株式会社,2026-06-19,取締役 （注）１,鈴木 和宏,1951年９月４日生,(注)３,,株
1450,ＴＡＮＡＫＥＮ株式会社,2026-06-19,監査役 (常勤) （注）２,安田 優,1950年12月３日生,(注)４,"19,800",株
1450,ＴＡＮＡＫＥＮ株式会社,2026-06-19,監査役 （注）２,矢内 訓光,1953年12月２日生,(注)４,,株
1450,ＴＡＮＡＫＥＮ株式会社,2026-06-19,監査役 （注）２,中満 祐二,1958年８月１日生,(注)４,"1,100",株
1450,ＴＡＮＡＫＥＮ株式会社,2026-06-19,社長執行役員,※中尾 安志,,,,
1450,ＴＡＮＡＫＥＮ株式会社,2026-06-19,専務執行役員,※内田 政美,,,,
1450,ＴＡＮＡＫＥＮ株式会社,2026-06-19,常務執行役員,※白石 憲治,,,,
1450,ＴＡＮＡＫＥＮ株式会社,2026-06-19,常務執行役員,神澤 繁,,,,
1450,ＴＡＮＡＫＥＮ株式会社,2026-06-19,常務執行役員,佐怒賀 功,,,,
1450,ＴＡＮＡＫＥＮ株式会社,2026-06-19,上席執行役員,山田 哲也,,,,
1450,ＴＡＮＡＫＥＮ株式会社,2026-06-19,上席執行役員,松﨑 吉憲,,,,
1450,ＴＡＮＡＫＥＮ株式会社,2026-06-19,執行役員,河原 年宏,,,,
1450,ＴＡＮＡＫＥＮ株式会社,2026-06-19,執行役員,鬼塚 勝,,,,
1450,ＴＡＮＡＫＥＮ株式会社,2026-06-19,執行役員,鈴木 正毅,,,,
1450,ＴＡＮＡＫＥＮ株式会社,2026-06-19,執行役員,飯塚 貴之,,,,
1450,ＴＡＮＡＫＥＮ株式会社,2026-06-19,執行役員,田中 学,,,,
145A,株式会社Ｌ　ｉｓ　Ｂ,2026-03-24,代表取締役社長 CEO,横井 太輔,1971年５月13日,(注)３,"1,824,000（注）５",株
145A,株式会社Ｌ　ｉｓ　Ｂ,2026-03-24,取締役COO 商品戦略本部長,加納 正喜,1974年３月５日,(注)３,"70,000",株
145A,株式会社Ｌ　ｉｓ　Ｂ,2026-03-24,取締役CFO コーポレート 本部長,北嶋 正樹,1977年６月18日,(注)３,,株
145A,株式会社Ｌ　ｉｓ　Ｂ,2026-03-24,取締役 DXコンサルティング 本部長,城戸 猛,1966年９月８日,(注)３,"70,000",株
145A,株式会社Ｌ　ｉｓ　Ｂ,2026-03-24,取締役 新成長戦略担当,渡辺 龍二,1972年５月24日,(注)３,,株
145A,株式会社Ｌ　ｉｓ　Ｂ,2026-03-24,取締役,地福 三郎,1959年５月28日,(注)３,"2,000",株
145A,株式会社Ｌ　ｉｓ　Ｂ,2026-03-24,代表取締役社長 CEO,横井 太輔,1971年５月13日,(注)３,"1,824,000（注）５",株
145A,株式会社Ｌ　ｉｓ　Ｂ,2026-03-24,取締役COO 商品戦略本部長,加納 正喜,1974年３月５日,(注)３,"70,000",株
145A,株式会社Ｌ　ｉｓ　Ｂ,2026-03-24,取締役CFO コーポレート 本部長,北嶋 正樹,1977年６月18日,(注)３,,株
145A,株式会社Ｌ　ｉｓ　Ｂ,2026-03-24,取締役,地福 三郎,1959年５月28日,(注)３,"2,000",株
145A,株式会社Ｌ　ｉｓ　Ｂ,2026-03-24,取締役,武村 文雄,1949年１月１日,(注)３,,株
146A,コロンビア・ワークス株式会社,2026-03-26,代表取締役,中内 準,1975年10月３日生,(注)２,"4,522,400 （注）４",株
146A,コロンビア・ワークス株式会社,2026-03-26,取締役,水山 直也,1982年９月21日生,(注)２,"319,400",株
146A,コロンビア・ワークス株式会社,2026-03-26,取締役,魚住 剛,1980年９月17日生,(注)２,,株
146A,コロンビア・ワークス株式会社,2026-03-26,社外 取締役,小俣 学,1975年12月10日生,"(注)１,２",,株
146A,コロンビア・ワークス株式会社,2026-03-26,社外 取締役,田代 尚子,1966年５月10日生,"(注)１,２，５",,株
146A,コロンビア・ワークス株式会社,2026-03-26,取締役 （監査等委員）,岩本 徹,1953年２月26日生,(注)３,,株
146A,コロンビア・ワークス株式会社,2026-03-26,社外取締役 （監査等委員）,髙嶋 希,1986年８月18日生,"(注)１,３",,株
146A,コロンビア・ワークス株式会社,2026-03-26,社外取締役 （監査等委員）,大庭 崇彦,1981年４月30日生,"(注)１,３",,株
146A,コロンビア・ワークス株式会社,2026-03-26,代表取締役,中内 準,1975年10月３日生,(注)２,"4,522,400 （注）４",株
146A,コロンビア・ワークス株式会社,2026-03-26,取締役,水山 直也,1982年９月21日生,(注)２,"319,400",株
146A,コロンビア・ワークス株式会社,2026-03-26,取締役,魚住 剛,1980年９月17日生,(注)２,,株
146A,コロンビア・ワークス株式会社,2026-03-26,社外 取締役,小俣 学,1975年12月10日生,"(注)１,２",,株
146A,コロンビア・ワークス株式会社,2026-03-26,社外 取締役,田代 尚子,1966年５月10日生,"(注)１,２，５",,株
146A,コロンビア・ワークス株式会社,2026-03-26,社外取締役 （常勤監査等委員）,津川 千一郎,1973年４月27日生,"(注)１，３,６",,株
146A,コロンビア・ワークス株式会社,2026-03-26,社外取締役 （監査等委員）,髙嶋 希,1986年８月18日生,"(注)１,３",,株
146A,コロンビア・ワークス株式会社,2026-03-26,社外取締役 （監査等委員）,大庭 崇彦,1981年４月30日生,"(注)１,３",,株
147A,株式会社ソラコム,2026-06-30,代表取締役社長CEO,玉川 憲,1976年１月10日,（注)３,"2,980,240",株
147A,株式会社ソラコム,2026-06-30,常務取締役CTO,安川 健太,1980年８月11日,（注)３,"1,129,000",株
147A,株式会社ソラコム,2026-06-30,取締役CFO,五十嵐 知子,1963年６月30日,（注)３,"9,900",株
147A,株式会社ソラコム,2026-06-30,取締役,藤井 彰人,1970年10月26日,（注)３,,株
147A,株式会社ソラコム,2026-06-30,取締役 （監査等委員),入山 章栄,1972年12月8日,（注)４,,株
147A,株式会社ソラコム,2026-06-30,取締役 （監査等委員),伊佐山 元,1973年２月26日,（注)４,,株
147A,株式会社ソラコム,2026-06-30,取締役 （監査等委員),福原 成吾,1963年10月24日,（注)５,,株
148A,株式会社ハッチ・ワーク,2026-03-26,代表取締役社長,増田 知平,1978年５月29日,(注)３,"336,600(注)６",株
148A,株式会社ハッチ・ワーク,2026-03-26,取締役会長,大竹 弘,1963年３月27日,(注)３,"621,500(注)６",株
148A,株式会社ハッチ・ワーク,2026-03-26,取締役CFO,竹内 聡,1970年３月11日,(注)３,,株
148A,株式会社ハッチ・ワーク,2026-03-26,取締役,高野 茂久,1964年７月12日,(注)３,600,株
148A,株式会社ハッチ・ワーク,2026-03-26,常勤監査役,富岡 正典,1961年３月３日,(注)４,,株
148A,株式会社ハッチ・ワーク,2026-03-26,監査役,大原 豊幸,1970年９月２日,(注)４,,株
148A,株式会社ハッチ・ワーク,2026-03-26,監査役,竹本 如洋,1979年12月８日,(注)４,,株
1491,中外鉱業株式会社,2026-06-25,代表取締役 社長,西元 丈夫,1947年12月16日生,（注）３,"2,428",株
1491,中外鉱業株式会社,2026-06-25,取締役,佐々木 太志,1970年１月30日生,（注）３,"1,972",株
1491,中外鉱業株式会社,2026-06-25,取締役,小原 淳史,1965年10月16日生,（注）３,893,株
1491,中外鉱業株式会社,2026-06-25,取締役,田中 義朗,1969年５月１日生,（注）３,655,株
1491,中外鉱業株式会社,2026-06-25,取締役,小林 寿嗣,1977年10月１日生,（注）３,168,株
1491,中外鉱業株式会社,2026-06-25,取締役,菊政 克美,1970年４月22日生,（注）３,321,株
1491,中外鉱業株式会社,2026-06-25,取締役,内田 雅敏,1945年４月５日生,（注）３,,株
1491,中外鉱業株式会社,2026-06-25,取締役,黒須 克佳,1972年10月6日生,（注）４,,株
1491,中外鉱業株式会社,2026-06-25,常勤監査役,阿部 守,1955年１月１日生,（注）５,575,株
1491,中外鉱業株式会社,2026-06-25,監査役,幣原 廣,1949年５月７日生,（注）５,,株
1491,中外鉱業株式会社,2026-06-25,監査役,水谷 繁幸,1982年４月７日生,（注）５,,株
1491,中外鉱業株式会社,2026-06-25,監査役,佐野 新吾,1943年７月５日生,（注）６,,株
1491,中外鉱業株式会社,2026-06-25,代表取締役 社長,西元 丈夫,1947年12月16日生,（注）３,"2,428",株
1491,中外鉱業株式会社,2026-06-25,取締役,佐々木 太志,1970年１月30日生,（注）３,"1,972",株
1491,中外鉱業株式会社,2026-06-25,取締役,小原 淳史,1965年10月16日生,（注）３,893,株
1491,中外鉱業株式会社,2026-06-25,取締役,田中 義朗,1969年５月１日生,（注）３,655,株
1491,中外鉱業株式会社,2026-06-25,取締役,小林 寿嗣,1977年10月１日生,（注）３,168,株
1491,中外鉱業株式会社,2026-06-25,取締役,菊政 克美,1970年４月22日生,（注）３,321,株
1491,中外鉱業株式会社,2026-06-25,取締役,内田 雅敏,1945年４月５日生,（注）３,,株
1491,中外鉱業株式会社,2026-06-25,取締役,黒須 克佳,1972年10月6日生,（注）３,,株
1491,中外鉱業株式会社,2026-06-25,常勤監査役,阿部 守,1955年１月１日生,（注）４,575,株
1491,中外鉱業株式会社,2026-06-25,監査役,幣原 廣,1949年５月７日生,（注）４,,株
1491,中外鉱業株式会社,2026-06-25,監査役,水谷 繁幸,1982年４月７日生,（注）４,,株
1491,中外鉱業株式会社,2026-06-25,監査役,佐野 新吾,1943年７月５日生,（注）５,,株
149A,株式会社シンカ,2026-03-26,代表取締役社長,江尻 高宏,1976年３月30日,（注）３,"671,571 （注）７",株
149A,株式会社シンカ,2026-03-26,取締役ＣＴＯ,笹田 直紀,1978年６月20日,（注）３,,株
149A,株式会社シンカ,2026-03-26,社外取締役,阿久津 聡,1966年７月11日,（注）３,"1,363 （注）８",株
149A,株式会社シンカ,2026-03-26,社外取締役,三木 聡,1971年２月９日,（注）３,"9,627 （注）８",株
149A,株式会社シンカ,2026-03-26,社外取締役,田邉 愛,1986年１月21日,（注）３,,株
149A,株式会社シンカ,2026-03-26,常勤監査役,高橋 京子,1968年11月10日,（注）４,926 （注）９,株
149A,株式会社シンカ,2026-03-26,社外監査役,平松 直樹,1975年９月19日,（注）５,,株
149A,株式会社シンカ,2026-03-26,社外監査役,山添 千加美,1980年10月28日,（注）５,272 （注）９,株
149A,株式会社シンカ,2026-03-26,代表取締役社長,江尻 高宏,1976年３月30日,（注）３,"671,571 （注）７",株
149A,株式会社シンカ,2026-03-26,取締役ＣＴＯ,笹田 直紀,1978年６月20日,（注）３,,株
149A,株式会社シンカ,2026-03-26,社外取締役,阿久津 聡,1966年７月11日,（注）３,"1,363 （注）８",株
149A,株式会社シンカ,2026-03-26,社外取締役,田邉 愛,1986年１月21日,（注）３,,株
149A,株式会社シンカ,2026-03-26,常勤監査役,高橋 京子,1968年11月10日,（注）４,926 （注）９,株
149A,株式会社シンカ,2026-03-26,社外監査役,平松 直樹,1975年９月19日,（注）５,,株
149A,株式会社シンカ,2026-03-26,社外監査役,山添 千加美,1980年10月28日,（注）５,272 （注）９,株
150A,株式会社ＪＳＨ,2026-06-22,代表取締役 会長兼社長,野口 和輝,1964年11月24日,(注)３,"2,014,300",株
150A,株式会社ＪＳＨ,2026-06-22,取締役 経営管理 本部長,市川 伸二,1979年９月28日,(注)３,"8,000",株
150A,株式会社ＪＳＨ,2026-06-22,取締役 東日本在宅医療事業本部長,鎌田 聖一,1970年９月29日,(注)３,"170,000",株
150A,株式会社ＪＳＨ,2026-06-22,取締役 地方創生事業本部長,山田 平和,1962年６月１日,(注)３,─,株
150A,株式会社ＪＳＨ,2026-06-22,取締役 東日本在宅医療事業本部長,北村 充永,1975年12月２日,(注)３,─,株
150A,株式会社ＪＳＨ,2026-06-22,取締役,濵西 望,1984年８月17日,(注)３,300,株
150A,株式会社ＪＳＨ,2026-06-22,取締役 営業本部長,矢野 翔太郎,1983年９月９日,(注)３,"11,000",株
150A,株式会社ＪＳＨ,2026-06-22,取締役,津田 和義,1966年１月13日,(注)３,─,株
150A,株式会社ＪＳＨ,2026-06-22,取締役,江尻 琴美,1974年８月12日,(注)３,─,株
150A,株式会社ＪＳＨ,2026-06-22,常勤監査役,北野 幸治,1958年８月６日,(注)４,─,株
150A,株式会社ＪＳＨ,2026-06-22,監査役,中務 正裕,1965年１月19日,(注)４,─,株
150A,株式会社ＪＳＨ,2026-06-22,監査役,小田切 豪,1978年６月２日,(注)４,─,株
1514,住石ホールディングス株式会社,2026-06-25,代表取締役社長,森 省輔,1959年５月22日生,（注）２,"普通株式 42,700",株
1514,住石ホールディングス株式会社,2026-06-25,取締役,磯渕 一成,1967年９月７日生,（注）２,"普通株式 10,500",株
1514,住石ホールディングス株式会社,2026-06-25,取締役,宮澤 義典,1970年８月27日生,（注）２,"普通株式 19,500",株
1514,住石ホールディングス株式会社,2026-06-25,取締役,麻生 巌,1974年７月17日生,（注）２,普通株式 0,株
1514,住石ホールディングス株式会社,2026-06-25,取締役,大濵 理,1963年７月10日生,（注）２,普通株式 0,株
1514,住石ホールディングス株式会社,2026-06-25,取締役,中村 幸雄,1949年１月２日生,（注）２,普通株式 0,株
1514,住石ホールディングス株式会社,2026-06-25,取締役 監査等委員 （常勤）,野口 寛司,1960年12月４日生,（注）３,普通株式 0,株
1514,住石ホールディングス株式会社,2026-06-25,取締役 監査等委員,神谷 宗之介,1974年６月25日生,（注）３,普通株式 0,株
1514,住石ホールディングス株式会社,2026-06-25,取締役 監査等委員,千田 浩一,1964年10月31日生,（注）３,普通株式 0,株
1514,住石ホールディングス株式会社,2026-06-25,代表取締役社長,森 省輔,1959年５月22日生,（注）２,"普通株式42,700",株
1514,住石ホールディングス株式会社,2026-06-25,取締役,磯渕 一成,1967年９月７日生,（注）２,"普通株式10,500",株
1514,住石ホールディングス株式会社,2026-06-25,取締役,宮澤 義典,1970年８月27日生,（注）２,"普通株式19,500",株
1514,住石ホールディングス株式会社,2026-06-25,取締役,麻生 巌,1974年７月17日生,（注）２,普通株式 0,株
1514,住石ホールディングス株式会社,2026-06-25,取締役,坂根 隆,1971年３月11日生,（注）２,普通株式 0,株
1514,住石ホールディングス株式会社,2026-06-25,取締役,中村 幸雄,1949年１月２日生,（注）２,普通株式 0,株
1514,住石ホールディングス株式会社,2026-06-25,取締役 監査等委員（常勤）,野口 寛司,1960年12月４日生,（注）３,普通株式 0,株
1514,住石ホールディングス株式会社,2026-06-25,取締役 監査等委員,神谷 宗之介,1974年６月25日生,（注）３,普通株式 0,株
1514,住石ホールディングス株式会社,2026-06-25,取締役 監査等委員,千田 浩一,1964年10月31日生,（注）３,普通株式 0,株
1515,日鉄鉱業株式会社,2026-06-24,代表取締役社長,森 川 玲 一,1962年５月８日生,(注)2,517,百株
1515,日鉄鉱業株式会社,2026-06-24,取締役常務執行役員 内部監査部、人事部担当,藤 本 博 文,1963年３月２日生,(注)2,355,百株
1515,日鉄鉱業株式会社,2026-06-24,取締役常務執行役員 経理部、情報システム部、 金属営業部担当,大 財 健 二,1963年９月20日生,(注)2,398,百株
1515,日鉄鉱業株式会社,2026-06-24,取締役執行役員 保安環境部、生産技術部、 海外資源事業部担当,曽 田 健,1965年10月１日生,(注)2,221,百株
1515,日鉄鉱業株式会社,2026-06-24,取締役,泉 宣 道,1952年11月５日生,(注)2,,百株
1515,日鉄鉱業株式会社,2026-06-24,取締役,板 倉 賢 一,1953年４月11日生,(注)2,,百株
1515,日鉄鉱業株式会社,2026-06-24,取締役（監査等委員）,青 木 優 子,1957年１月28日生,(注)3,,百株
1515,日鉄鉱業株式会社,2026-06-24,取締役（監査等委員）,道 又 紀 子,1959年４月24日生,(注)3,,百株
1515,日鉄鉱業株式会社,2026-06-24,取締役（常勤監査等委員）,安 田 誠 司,1964年３月１日生,(注)3,162,百株
1515,日鉄鉱業株式会社,2026-06-24,常務執行役員,河 田 真 伸,,,,
1515,日鉄鉱業株式会社,2026-06-24,執行役員,坂 口 裕 幸,,,,
1515,日鉄鉱業株式会社,2026-06-24,執行役員,野 村 勉,,,,
1515,日鉄鉱業株式会社,2026-06-24,執行役員,齊 藤 知 宏,,,,
1515,日鉄鉱業株式会社,2026-06-24,執行役員,長 田 弘 樹,,,,
1515,日鉄鉱業株式会社,2026-06-24,執行役員,麻 木 孝 郎,,,,
1515,日鉄鉱業株式会社,2026-06-24,代表取締役社長,森 川 玲 一,1962年５月８日生,(注)2,517,百株
1515,日鉄鉱業株式会社,2026-06-24,取締役常務執行役員 保安環境部、生産技術部、 海外資源事業部担当,曽 田 健,1965年10月１日生,(注)2,221,百株
1515,日鉄鉱業株式会社,2026-06-24,取締役執行役員 経営企画部、経理部担当,長 田 弘 樹,1970年６月４日生,(注)2,120,百株
1515,日鉄鉱業株式会社,2026-06-24,取締役執行役員 情報システム部、資源開発部担当、資源開発部長,麻 木 孝 郎,1971年３月15日生,(注)2,70,百株
1515,日鉄鉱業株式会社,2026-06-24,取締役,泉 宣 道,1952年11月５日生,(注)2,,百株
1515,日鉄鉱業株式会社,2026-06-24,取締役,板 倉 賢 一,1953年４月11日生,(注)2,,百株
1515,日鉄鉱業株式会社,2026-06-24,取締役（監査等委員）,青 木 優 子,1957年１月28日生,(注)3,,百株
1515,日鉄鉱業株式会社,2026-06-24,常務執行役員,河 田 真 伸,,,,
1515,日鉄鉱業株式会社,2026-06-24,執行役員,野 村 勉,,,,
1515,日鉄鉱業株式会社,2026-06-24,執行役員,齊 藤 知 宏,,,,
1515,日鉄鉱業株式会社,2026-06-24,執行役員,菊 地 正 行,,,,
1515,日鉄鉱業株式会社,2026-06-24,執行役員,米 山 和 宏,,,,
1515,日鉄鉱業株式会社,2026-06-24,執行役員,工 藤 竜 二,,,,
1515,日鉄鉱業株式会社,2026-06-24,執行役員,三 田 晋一郎,,,,
1518,三井松島ホールディングス株式会社,2026-06-17,代表 取締役 会長,串 間 新一郎,1951年６月４日生,(注)２,"112,900",株
1518,三井松島ホールディングス株式会社,2026-06-17,代表 取締役 社長,吉 岡 泰 士,1969年６月13日生,(注)２,"28,700",株
1518,三井松島ホールディングス株式会社,2026-06-17,取締役,脇 山 章 太,1974年10月17日生,(注)２,,株
1518,三井松島ホールディングス株式会社,2026-06-17,取締役,金 丸 絢 子,1980年１月27日生,(注)２,,株
1518,三井松島ホールディングス株式会社,2026-06-17,取締役 監査等 委員 （常勤）,野 元 敏 博,1958年３月11日生,(注)３,"29,500",株
1518,三井松島ホールディングス株式会社,2026-06-17,取締役 監査等 委員 （常勤）,荒 木 隆 繁,1951年10月13日生,(注)３,"8,600",株
1518,三井松島ホールディングス株式会社,2026-06-17,取締役 監査等 委員,満 江 由 香,1975年９月20日生,(注)３,,株
1518,三井松島ホールディングス株式会社,2026-06-17,代表 取締役 社長,吉 岡 泰 士,1969年６月13日生,(注)２,"28,700",株
1518,三井松島ホールディングス株式会社,2026-06-17,取締役 上席執行役員,阿 部 美紀子,1973年５月２日生,(注)２,"28,200",株
1518,三井松島ホールディングス株式会社,2026-06-17,取締役,脇 山 章 太,1974年10月17日生,(注)２,,株
1518,三井松島ホールディングス株式会社,2026-06-17,取締役,金 丸 絢 子,1980年１月27日生,(注)２,,株
1518,三井松島ホールディングス株式会社,2026-06-17,取締役 監査等 委員 （常勤）,野 元 敏 博,1958年３月11日生,(注)３,"29,500",株
1518,三井松島ホールディングス株式会社,2026-06-17,取締役 監査等 委員,満 江 由 香,1975年９月20日生,(注)３,,株
1518,三井松島ホールディングス株式会社,2026-06-17,取締役 監査等 委員,小 林 正 紀,1970年７月８日生,(注)３,,株
151A,株式会社ダイブ,2025-09-24,代表取締役社長,庄子 潔,1979年３月24日,(注)３,"5,582,455(注)５",株
151A,株式会社ダイブ,2025-09-24,取締役 プロジェクト推進担当,山本 拓嗣,1974年９月28日,(注)３,"85,200(注)６",株
151A,株式会社ダイブ,2025-09-24,取締役 営業本部長,野方 慎太郎,1980年８月６日,(注)３,"44,100",株
151A,株式会社ダイブ,2025-09-24,取締役 事業開発・アライアンス担当,山中 哲男,1982年７月17日,(注)３,"2,000",株
151A,株式会社ダイブ,2025-09-24,取締役 (注)１,山口 豪志,1984年１月５日,(注)３,"3,000",株
151A,株式会社ダイブ,2025-09-24,取締役 (注)１,岩井 裕之,1971年９月15日,(注)３,,株
151A,株式会社ダイブ,2025-09-24,常勤監査役 (注)２,稻川 静 (戸籍名 岩﨑 静),1985年５月３日,(注)４,,株
151A,株式会社ダイブ,2025-09-24,監査役 (注)２,吉野 公浩,1975年10月２日,(注)４,,株
151A,株式会社ダイブ,2025-09-24,監査役 (注)２,小泉 大輔,1970年９月５日,(注)４,,株
151A,株式会社ダイブ,2025-09-24,執行役員 管理本部長,大野 友裕,,,,
151A,株式会社ダイブ,2025-09-24,執行役員 人事本部長,佐々木 義郎,,,,
151A,株式会社ダイブ,2025-09-24,代表取締役社長,庄子 潔,1979年３月24日,(注)３,"5,582,455(注)５",株
151A,株式会社ダイブ,2025-09-24,取締役 プロジェクト推進担当,山本 拓嗣,1974年９月28日,(注)３,"85,200(注)６",株
151A,株式会社ダイブ,2025-09-24,取締役 営業本部長,野方 慎太郎,1980年８月６日,(注)３,"44,100",株
151A,株式会社ダイブ,2025-09-24,取締役 事業開発・アライアンス担当,山中 哲男,1982年７月17日,(注)３,"2,000",株
151A,株式会社ダイブ,2025-09-24,取締役 (注)１,山口 豪志,1984年１月５日,(注)３,"3,000",株
151A,株式会社ダイブ,2025-09-24,取締役 (注)１,岩井 裕之,1971年９月15日,(注)３,,株
151A,株式会社ダイブ,2025-09-24,常勤監査役 (注)２,稻川 静 (戸籍名 岩﨑 静),1985年５月３日,(注)４,,株
151A,株式会社ダイブ,2025-09-24,監査役 (注)２,吉野 公浩,1975年10月２日,(注)４,,株
151A,株式会社ダイブ,2025-09-24,監査役 (注)２,小泉 大輔,1970年９月５日,(注)４,,株
153A,株式会社カウリス,2026-03-30,代表取締役社長,島津 敦好,1978年11月17日生,(注)３,"3,464,400 (注)６",株
153A,株式会社カウリス,2026-03-30,取締役,造田 洋典,1972年２月４日生,(注)３,"200,000",株
153A,株式会社カウリス,2026-03-30,取締役,眞武 信和,1981年12月13日生,(注)３,"85,200",株
153A,株式会社カウリス,2026-03-30,取締役,伊東 寛,1955年10月15日生,(注) １．３．,,株
153A,株式会社カウリス,2026-03-30,常勤監査役,澤田 和良,1955年４月12日生,(注) ２．４．,"2,800",株
153A,株式会社カウリス,2026-03-30,監査役,駒野 容子 （戸籍名： 池田 容子）,1978年10月18日生,(注) ２．４．,"2,200",株
153A,株式会社カウリス,2026-03-30,監査役,髙橋 瑛輝,1986年１月19日生,(注) ２．４．,,株
155A,株式会社情報戦略テクノロジー,2026-03-25,代表取締役 社長,髙井 淳,1975年６月12日,（注）３,"7,176,317 （注）５",株
155A,株式会社情報戦略テクノロジー,2026-03-25,取締役,金井 一正,1959年12月５日,（注）３,,株
155A,株式会社情報戦略テクノロジー,2026-03-25,取締役,飯田 耕造,1951年２月16日,（注）３,,株
155A,株式会社情報戦略テクノロジー,2026-03-25,常勤監査役,藤野 孝,1968年10月24日,（注）４,,株
155A,株式会社情報戦略テクノロジー,2026-03-25,監査役,今村 元太,1988年１月４日,（注）４,,株
155A,株式会社情報戦略テクノロジー,2026-03-25,監査役,大濱 正裕,1980年10月31日,（注）４,,株
155A,株式会社情報戦略テクノロジー,2026-03-25,代表取締役 社長,髙井 淳,1975年６月12日,（注）３,"7,176,317",株
155A,株式会社情報戦略テクノロジー,2026-03-25,取締役,川原 翔太,1989年６月10日,（注）３,"104,929",株
155A,株式会社情報戦略テクノロジー,2026-03-25,取締役,瀧本 崇,1977年９月23日,（注）３,"108,483",株
155A,株式会社情報戦略テクノロジー,2026-03-25,取締役,金井 一正,1959年12月５日,（注）３,,株
155A,株式会社情報戦略テクノロジー,2026-03-25,取締役,飯田 耕造,1951年２月16日,（注）３,,株
155A,株式会社情報戦略テクノロジー,2026-03-25,常勤監査役,宮川 説夫,1960年９月５日,（注）４,,株
155A,株式会社情報戦略テクノロジー,2026-03-25,監査役,今村 元太,1988年１月４日,（注）４,,株
155A,株式会社情報戦略テクノロジー,2026-03-25,監査役,大濱 正裕,1980年10月31日,（注）４,,株
156A,マテリアルグループ株式会社,2025-11-26,代表取締役CEO,青﨑 曹,1987年12月３日生,（注）３,"110,185",株
156A,マテリアルグループ株式会社,2025-11-26,取締役CFO,吉田 和樹,1988年１月30日生,（注）３,"66,243",株
156A,マテリアルグループ株式会社,2025-11-26,取締役,喜多 慎一郎,1970年６月８日生,（注）３,,株
156A,マテリアルグループ株式会社,2025-11-26,取締役 （監査等委員）,中田 正樹,1952年３月12日生,（注）４,"1,800",株
156A,マテリアルグループ株式会社,2025-11-26,取締役 （監査等委員）,市川 雄介 （戸籍名： 小坂 雄介）,1975年８月20日生,（注）４,,株
156A,マテリアルグループ株式会社,2025-11-26,取締役 （監査等委員）,山口 さやか,1980年８月12日生,（注）４,,株
156A,マテリアルグループ株式会社,2025-11-26,代表取締役CEO,青﨑 曹,1987年12月３日生,（注）３,"110,185",株
156A,マテリアルグループ株式会社,2025-11-26,取締役CFO,吉田 和樹,1988年１月30日生,（注）３,"66,243",株
156A,マテリアルグループ株式会社,2025-11-26,取締役,喜多 慎一郎,1970年６月８日生,（注）３,,株
156A,マテリアルグループ株式会社,2025-11-26,取締役 （監査等委員）,中田 正樹,1952年３月12日生,（注）４,"1,800",株
156A,マテリアルグループ株式会社,2025-11-26,取締役 （監査等委員）,市川 雄介,1975年８月20日生,（注）４,,株
156A,マテリアルグループ株式会社,2025-11-26,取締役 （監査等委員）,山口 さやか,1980年８月12日生,（注）４,,株
157A,グリーンモンスター株式会社,2025-09-24,代表取締役,小川 亮,1978年９月10日,(注)３,"1,150,000(注)５",株
157A,グリーンモンスター株式会社,2025-09-24,取締役,藤沢 亜理沙 （戸籍名：豊田 亜理沙）,1985年12月30日,(注)３,"304,000",株
157A,グリーンモンスター株式会社,2025-09-24,取締役CFO,開原 信一,1984年11月13日,(注)３,,株
157A,グリーンモンスター株式会社,2025-09-24,取締役,中島 真志,1958年７月10日,(注)３,,株
157A,グリーンモンスター株式会社,2025-09-24,常勤監査役,島田 一,1957年９月25日,(注)４,,株
157A,グリーンモンスター株式会社,2025-09-24,監査役,末廣 貴司,1974年６月12日,(注)４,,株
157A,グリーンモンスター株式会社,2025-09-24,監査役,河村 敦志,1969年５月30日,(注)４,,株
157A,グリーンモンスター株式会社,2025-09-24,代表取締役,小川 亮,1978年９月10日,(注)３,"1,150,000(注)６",株
157A,グリーンモンスター株式会社,2025-09-24,取締役,藤沢 亜理沙 （戸籍名：豊田 亜理沙）,1985年12月30日,(注)３,"304,000",株
157A,グリーンモンスター株式会社,2025-09-24,取締役,軒名 彰,1958年１月20日,(注)３,,株
157A,グリーンモンスター株式会社,2025-09-24,常勤監査役,宮腰 哲也,1962年９月11日,(注)４,,株
157A,グリーンモンスター株式会社,2025-09-24,監査役,末廣 貴司,1974年６月12日,(注)５,,株
157A,グリーンモンスター株式会社,2025-09-24,監査役,河村 敦志,1969年５月30日,(注)５,,株
1605,株式会社ＩＮＰＥＸ,2026-03-26,代表取締役社長 社長執行役員,上田 隆之,1956年８月30日生,(注)４,"普通株式 42,051",株
1605,株式会社ＩＮＰＥＸ,2026-03-26,取締役 副社長執行役員 総務本部長 兼オセアニア事業 本部長、 海外事業統括,大川 人史,1960年12月13日生,(注)４,"普通株式 25,771",株
1605,株式会社ＩＮＰＥＸ,2026-03-26,取締役 副社長執行役員 経営企画本部長、 法務担当、コンプライアンス担当、低炭素事業統括,滝本 俊明,1961年10月20日生,(注)４,"普通株式 41,480",株
1605,株式会社ＩＮＰＥＸ,2026-03-26,取締役 専務執行役員 財務・経理本部長,山田 大介,1960年10月10日生,(注)４,"普通株式 37,663",株
1605,株式会社ＩＮＰＥＸ,2026-03-26,取締役 顧問,藤井 洋,1958年１月18日生,(注)４,"普通株式 50,933",株
1605,株式会社ＩＮＰＥＸ,2026-03-26,取締役,柳井 準,1950年７月５日生,(注)４,,株
1605,株式会社ＩＮＰＥＸ,2026-03-26,取締役,飯尾 紀直,1951年３月２日生,(注)４,,株
1605,株式会社ＩＮＰＥＸ,2026-03-26,取締役,森本 英香,1957年１月４日生,(注)４,,株
1605,株式会社ＩＮＰＥＸ,2026-03-26,取締役,ブルース・ミラー,1961年３月６日生,(注)４,,株
1605,株式会社ＩＮＰＥＸ,2026-03-26,常勤監査役,川村 明男,1964年２月５日生,(注)５,"普通株式 10,365",株
1605,株式会社ＩＮＰＥＸ,2026-03-26,常勤監査役,刀禰 俊哉,1961年10月５日生,(注)５,,株
1605,株式会社ＩＮＰＥＸ,2026-03-26,常勤監査役,麻生 憲一,1967年５月３日生,(注)５,,株
1605,株式会社ＩＮＰＥＸ,2026-03-26,監査役,秋吉 満,1956年１月９日生,(注)５,,株
1605,株式会社ＩＮＰＥＸ,2026-03-26,監査役,木場 弘子 (注)６,1964年11月１日生,(注)５,,株
1605,株式会社ＩＮＰＥＸ,2026-03-26,代表取締役社長 社長執行役員,上田 隆之,1956年８月30日生,(注)４,"普通株式 42,051",株
1605,株式会社ＩＮＰＥＸ,2026-03-26,代表取締役 副社長執行役員 総務本部長 兼オセアニア事業 本部長、 海外事業統括,大川 人史,1960年12月13日生,(注)４,"普通株式 25,771",株
1605,株式会社ＩＮＰＥＸ,2026-03-26,取締役 副社長執行役員 経営企画本部長、 法務担当、コンプライアンス担当、低炭素事業統括,滝本 俊明,1961年10月20日生,(注)４,"普通株式 41,480",株
1605,株式会社ＩＮＰＥＸ,2026-03-26,取締役 専務執行役員 財務・経理本部長,山田 大介,1960年10月10日生,(注)４,"普通株式 37,663",株
1605,株式会社ＩＮＰＥＸ,2026-03-26,取締役 専務執行役員 技術統括本部長、HSE担当,栗村 英樹,1962年８月２日生,(注)４,"普通株式 31,275",株
1605,株式会社ＩＮＰＥＸ,2026-03-26,取締役,飯尾 紀直,1951年３月２日生,(注)４,,株
1605,株式会社ＩＮＰＥＸ,2026-03-26,取締役,森本 英香,1957年１月４日生,(注)４,,株
1605,株式会社ＩＮＰＥＸ,2026-03-26,取締役,ブルース・ミラー,1961年３月６日生,(注)４,,株
1605,株式会社ＩＮＰＥＸ,2026-03-26,取締役,齋木 尚子,1958年10月11日生,(注)４,,株
1605,株式会社ＩＮＰＥＸ,2026-03-26,取締役,高岡 英則,1961年８月28日生,(注)４,,株
1605,株式会社ＩＮＰＥＸ,2026-03-26,常勤監査役,川村 明男,1964年２月５日生,(注)５,"普通株式 10,365",株
1605,株式会社ＩＮＰＥＸ,2026-03-26,常勤監査役,刀禰 俊哉,1961年10月５日生,(注)５,,株
1605,株式会社ＩＮＰＥＸ,2026-03-26,常勤監査役,麻生 憲一,1967年５月３日生,(注)５,,株
1605,株式会社ＩＮＰＥＸ,2026-03-26,監査役,秋吉 満,1956年１月９日生,(注)５,,株
1605,株式会社ＩＮＰＥＸ,2026-03-26,監査役,木場 弘子 (注)６,1964年11月１日生,(注)５,,株
160A,株式会社アズパートナーズ,2026-06-24,代表取締役社長兼 CEO,植村 健志,1966年６月７日生,(注)３,"1,412,600 （注）６",株
160A,株式会社アズパートナーズ,2026-06-24,取締役 兼 専務執行役員 （事業本部 本部長）,伊藤 啓敏,1966年６月４日生,(注)３,"152,600",株
160A,株式会社アズパートナーズ,2026-06-24,取締役 兼 常務執行役員 （管理本部 本部長）,松尾 篤人,1973年10月25日生,(注)３,"57,600",株
160A,株式会社アズパートナーズ,2026-06-24,取締役 兼 上席執行役員 （事業推進部 部長）,山本 皇自,1969年２月12日生,(注)３,"152,600",株
160A,株式会社アズパートナーズ,2026-06-24,取締役,緒方 克吉,1959年９月28日生,(注)３,"10,000",株
160A,株式会社アズパートナーズ,2026-06-24,取締役,伊藤 華代,1970年11月26日生,(注)３,"10,000",株
160A,株式会社アズパートナーズ,2026-06-24,常勤監査役,奥田 慶一,1956年５月21日生,(注)４,,株
160A,株式会社アズパートナーズ,2026-06-24,監査役,森脇 仁子,1964年９月24日生,(注)４,,株
160A,株式会社アズパートナーズ,2026-06-24,監査役,塩生 朋子,1975年６月20日生,(注)４,,株
1662,石油資源開発株式会社,2026-06-19,代表取締役 会長,藤田 昌宏,1954年11月12日生,(注)３,"90,478",株
1662,石油資源開発株式会社,2026-06-19,代表取締役 社長 社長執行役員,山下 通郎,1959年10月27日生,(注)３,"56,593",株
1662,石油資源開発株式会社,2026-06-19,取締役 副社長執行役員 経営企画本部長,中島 俊朗,1962年５月１日生,(注)３,"33,734",株
1662,石油資源開発株式会社,2026-06-19,取締役 専務執行役員 海外事業本部長,山田 知己,1962年12月４日生,(注)３,"32,600",株
1662,石油資源開発株式会社,2026-06-19,取締役 常務執行役員 総務部、人事部担当,舟津 二郎,1964年８月４日生,(注)３,"20,309",株
1662,石油資源開発株式会社,2026-06-19,取締役 常務執行役員 国内事業本部長,中野 正則,1965年３月20日生,(注)３,"20,415",株
1662,石油資源開発株式会社,2026-06-19,取締役,山下 ゆかり,1959年10月23日生,(注)３,,株
1662,石油資源開発株式会社,2026-06-19,取締役,北井 久美子,1952年10月29日生,(注)３,,株
1662,石油資源開発株式会社,2026-06-19,取締役,杉山 美邦,1954年10月11日生,(注)３,,株
1662,石油資源開発株式会社,2026-06-19,取締役,柿木 厚司,1953年５月３日生,(注)３,,株
1662,石油資源開発株式会社,2026-06-19,取締役,和田 雅樹,1961年12月21日生,(注)３,,株
1662,石油資源開発株式会社,2026-06-19,常勤監査役,高畑 伸一,1961年６月24日生,(注)４,"13,500",株
1662,石油資源開発株式会社,2026-06-19,常勤監査役,朝井 卓,1964年１月27日生,(注)４,"1,700",株
1662,石油資源開発株式会社,2026-06-19,監査役,川北 力,1954年10月15日生,(注)５,,株
1662,石油資源開発株式会社,2026-06-19,監査役,加藤 義孝,1951年９月17日生,(注)６,,株
1662,石油資源開発株式会社,2026-06-19,代表取締役 会長,藤田 昌宏,1954年11月12日生,(注)３,"90,478",株
1662,石油資源開発株式会社,2026-06-19,代表取締役 社長 社長執行役員,山下 通郎,1959年10月27日生,(注)３,"56,593",株
1662,石油資源開発株式会社,2026-06-19,代表取締役 副社長執行役員 経営企画本部長,中島 俊朗,1962年５月１日生,(注)３,"33,734",株
1662,石油資源開発株式会社,2026-06-19,取締役 専務執行役員 海外事業本部長,山田 知己,1962年12月４日生,(注)３,"32,600",株
1662,石油資源開発株式会社,2026-06-19,取締役 常務執行役員 総務部、人事部担当,舟津 二郎,1964年８月４日生,(注)３,"20,309",株
1662,石油資源開発株式会社,2026-06-19,取締役 常務執行役員 国内事業本部長,中野 正則,1965年３月20日生,(注)３,"20,415",株
1662,石油資源開発株式会社,2026-06-19,取締役,山下 ゆかり,1959年10月23日生,(注)３,,株
1662,石油資源開発株式会社,2026-06-19,取締役,杉山 美邦,1954年10月11日生,(注)３,,株
1662,石油資源開発株式会社,2026-06-19,取締役,柿木 厚司,1953年５月３日生,(注)３,,株
1662,石油資源開発株式会社,2026-06-19,取締役,和田 雅樹,1961年12月21日生,(注)３,,株
1662,石油資源開発株式会社,2026-06-19,取締役,三村 晶子,1957年４月16日生,(注)３,,株
1662,石油資源開発株式会社,2026-06-19,常勤監査役,朝井 卓,1964年１月27日生,(注)４,"1,700",株
1662,石油資源開発株式会社,2026-06-19,常勤監査役,吉田 宏生,1963年７月30日生,(注)４,,株
1662,石油資源開発株式会社,2026-06-19,監査役,川北 力,1954年10月15日生,(注)５,,株
1662,石油資源開発株式会社,2026-06-19,監査役,加藤 義孝,1951年９月17日生,(注)６,,株
1663,Ｋ＆Ｏエナジーグループ株式会社,2026-03-27,代表取締役 社長執行役員 情報システム部担当,緑川 昭夫,1958年８月23日生,(注)４,"13,968",株
1663,Ｋ＆Ｏエナジーグループ株式会社,2026-03-27,代表取締役 専務執行役員 経営企画部・人事部 担当,森 武,1959年９月28日生,(注)４,"8,834",株
1663,Ｋ＆Ｏエナジーグループ株式会社,2026-03-27,取締役 執行役員 経理部長,八代 伸彦,1965年12月８日生,(注)４,"4,256",株
1663,Ｋ＆Ｏエナジーグループ株式会社,2026-03-27,取締役,城 久尚,1967年８月９日生,(注)４,,株
1663,Ｋ＆Ｏエナジーグループ株式会社,2026-03-27,取締役,菊池 節 (注)１,1950年４月９日生,(注)４,"25,000",株
1663,Ｋ＆Ｏエナジーグループ株式会社,2026-03-27,取締役,"石塚 達郎 (注)１,３",1955年12月23日生,(注)４,600,株
1663,Ｋ＆Ｏエナジーグループ株式会社,2026-03-27,取締役,"小林 貞代 (注)１,３",1966年５月17日生,(注)４,,株
1663,Ｋ＆Ｏエナジーグループ株式会社,2026-03-27,取締役,"森本 芳之 (注)１,３",1956年５月29日生,(注)４,,株
1663,Ｋ＆Ｏエナジーグループ株式会社,2026-03-27,取締役,"増田 由美子 (注)１,３",1955年10月20日生,(注)４,,株
1663,Ｋ＆Ｏエナジーグループ株式会社,2026-03-27,常勤監査役,丸 和彦,1963年３月24日生,(注)５,"1,000",株
1663,Ｋ＆Ｏエナジーグループ株式会社,2026-03-27,常勤監査役,長島 健,1962年１月９日生,(注)６,"6,151",株
1663,Ｋ＆Ｏエナジーグループ株式会社,2026-03-27,監査役,内田 晴喜 (注)２,1960年４月13日生,(注)５,,株
1663,Ｋ＆Ｏエナジーグループ株式会社,2026-03-27,監査役,"小鍛冶広道 (注)２,３",1972年12月18日生,(注)５,,株
166A,株式会社タスキホールディングス,2025-12-19,代表取締役社長,柏村 雄,1979年７月28日生,（注）３,"4,155",百株
166A,株式会社タスキホールディングス,2025-12-19,取締役,村田 浩司,1967年９月17日生,（注）３,"4,414",百株
166A,株式会社タスキホールディングス,2025-12-19,取締役,近藤 学,1967年８月21日生,（注）３,738,百株
166A,株式会社タスキホールディングス,2025-12-19,取締役,小野田 麻衣子,1964年８月18日生,（注）３,39,百株
166A,株式会社タスキホールディングス,2025-12-19,取締役,大場 睦子,1986年５月19日生,（注）３,17,百株
166A,株式会社タスキホールディングス,2025-12-19,取締役,野口 謙吾,1962年12月３日生,（注）３,,百株
166A,株式会社タスキホールディングス,2025-12-19,監査役,古賀 一正,1950年11月11日生,（注）４,,百株
166A,株式会社タスキホールディングス,2025-12-19,監査役,南 健,1968年１月15日生,（注）４,80,百株
166A,株式会社タスキホールディングス,2025-12-19,監査役,熊谷 文麿,1973年８月13日生,（注）４,,百株
167A,リョーサン菱洋ホールディングス株式会社,2026-06-24,代表取締役 社長執行役員,中村 守孝,1959年９月７日生,(注)３,"63,500株",
167A,リョーサン菱洋ホールディングス株式会社,2026-06-24,代表取締役 副社長執行役員,稲葉 和彦,1967年６月14日生,(注)３,"26,151株",
167A,リョーサン菱洋ホールディングス株式会社,2026-06-24,取締役 常務執行役員,遠藤 俊哉,1967年２月７日生,(注)３,"8,892株",
167A,リョーサン菱洋ホールディングス株式会社,2026-06-24,取締役 常務執行役員,髙橋 則彦,1962年９月20日生,(注)３,"4,786株",
167A,リョーサン菱洋ホールディングス株式会社,2026-06-24,取締役 常務執行役員,佐野 修,1963年４月２日生,(注)３,"11,600株",
167A,リョーサン菱洋ホールディングス株式会社,2026-06-24,社外取締役,髙田 信哉,1952年１月８日生,(注)３,0株,
167A,リョーサン菱洋ホールディングス株式会社,2026-06-24,社外取締役,川辺 春義,1956年２月13日生,(注)３,0株,
167A,リョーサン菱洋ホールディングス株式会社,2026-06-24,社外取締役,金子 好久,1963年７月27日生,(注)３,0株,
167A,リョーサン菱洋ホールディングス株式会社,2026-06-24,取締役 （常勤監査等 委員）,脇 清,1959年10月22日生,(注)４,"22,700株",
167A,リョーサン菱洋ホールディングス株式会社,2026-06-24,社外取締役 （監査等委員）,小川 真人,1961年１月25日生,(注)４,0株,
167A,リョーサン菱洋ホールディングス株式会社,2026-06-24,社外取締役 （監査等委員）,大井 素美,1977年２月27日生,(注)４,0株,
167A,リョーサン菱洋ホールディングス株式会社,2026-06-24,社外取締役 （監査等委員）,福田 佐知子,1962年７月15日生,(注)４,0株,
167A,リョーサン菱洋ホールディングス株式会社,2026-06-24,代表取締役 社長執行役員,中村 守孝,1959年９月７日生,(注)３,"63,500株",
167A,リョーサン菱洋ホールディングス株式会社,2026-06-24,代表取締役 副社長執行役員,稲葉 和彦,1967年６月14日生,(注)３,"26,151株",
167A,リョーサン菱洋ホールディングス株式会社,2026-06-24,取締役 常務執行役員,遠藤 俊哉,1967年２月７日生,(注)３,"8,892株",
167A,リョーサン菱洋ホールディングス株式会社,2026-06-24,取締役 常務執行役員,髙橋 則彦,1962年９月20日生,(注)３,"4,786株",
167A,リョーサン菱洋ホールディングス株式会社,2026-06-24,取締役 常務執行役員,佐野 修,1963年４月２日生,(注)３,"11,600株",
167A,リョーサン菱洋ホールディングス株式会社,2026-06-24,社外取締役,髙田 信哉,1952年１月８日生,(注)３,0株,
167A,リョーサン菱洋ホールディングス株式会社,2026-06-24,社外取締役,川辺 春義,1956年２月13日生,(注)３,0株,
167A,リョーサン菱洋ホールディングス株式会社,2026-06-24,社外取締役,金子 好久,1963年７月27日生,(注)３,0株,
167A,リョーサン菱洋ホールディングス株式会社,2026-06-24,取締役 （常勤監査等 委員）,高橋 正行,1962年３月16日生,(注)４,"5,000株",
167A,リョーサン菱洋ホールディングス株式会社,2026-06-24,社外取締役 （監査等委員）,大井 素美,1977年２月27日生,(注)４,0株,
167A,リョーサン菱洋ホールディングス株式会社,2026-06-24,社外取締役 （監査等委員）,福田 佐知子,1962年７月15日生,(注)４,0株,
168A,株式会社イタミアート,2026-04-27,代表取締役 社長,伊丹 一晃,1970年３月４日,(注)３,"746,500 (注)５",株
168A,株式会社イタミアート,2026-04-27,取締役 業務本部長 兼業務部部長,伊丹 亮平,1981年８月６日,(注)３,"2,500",株
168A,株式会社イタミアート,2026-04-27,取締役 管理本部長 兼管理部部長,一ノ瀬 達也,1980年４月11日,(注)３,,株
168A,株式会社イタミアート,2026-04-27,取締役 商品本部長 兼商品本部DTP部部長,吉田 昭彦,1968年７月２日,(注)３,,株
168A,株式会社イタミアート,2026-04-27,取締役 内部監査担当,河田 肇,1964年５月26日,(注)３,,株
168A,株式会社イタミアート,2026-04-27,取締役,稲葉 雄一,1968年４月29日,(注)３,,株
168A,株式会社イタミアート,2026-04-27,取締役,田丸 浩昭,1962年８月10日,(注)３,,株
168A,株式会社イタミアート,2026-04-27,常勤監査役,野瀬 洋輔,1956年１月22日,(注)４,,株
168A,株式会社イタミアート,2026-04-27,監査役,上田 宗則,1971年９月27日,(注)４,,株
168A,株式会社イタミアート,2026-04-27,監査役,村島 雅弘,1969年７月10日,(注)４,,株
1711,株式会社ＳＤＳホールディングス,2026-06-26,代表取締役 社長,渡 辺 悠 介,1992年１月24日生,(注)３,,株
1711,株式会社ＳＤＳホールディングス,2026-06-26,取締役会長,吉 野 勝 秀,1968年４月27日生,(注)３,"1,499,600",株
1711,株式会社ＳＤＳホールディングス,2026-06-26,取締役,関 原 竜 也,1974年７月12日生,(注)３,,株
1711,株式会社ＳＤＳホールディングス,2026-06-26,取締役,田中 圭,1968年11月11日生,(注)３,,株
1711,株式会社ＳＤＳホールディングス,2026-06-26,取締役,笠 原 弘 和,1976年９月18日生,(注)１，３,,株
1711,株式会社ＳＤＳホールディングス,2026-06-26,取締役 監査等委員,川 崎 修 一,1973年１月18日生,(注)２、４,,株
1711,株式会社ＳＤＳホールディングス,2026-06-26,取締役 監査等委員,近 藤 洋 治,1978年３月１日生,(注)２、４,,株
1711,株式会社ＳＤＳホールディングス,2026-06-26,取締役 監査等委員,皆 川 茂 基,1981年12月29日生,(注)２、４,,株
1711,株式会社ＳＤＳホールディングス,2026-06-26,代表取締役会長兼社長,吉 野 勝 秀,1968年４月27日生,(注)２,"1,499,600",株
1711,株式会社ＳＤＳホールディングス,2026-06-26,取締役,関 原 竜 也,1974年７月12日生,(注)２,,株
1711,株式会社ＳＤＳホールディングス,2026-06-26,取締役,田中 圭,1968年11月11日生,(注)２,,株
1711,株式会社ＳＤＳホールディングス,2026-06-26,取締役,山 村 昌 裕,1987年11月15日生,(注)２,,株
1711,株式会社ＳＤＳホールディングス,2026-06-26,取締役 監査等委員,皆 川 茂 基,1981年12月29日生,(注)１、３,,株
1711,株式会社ＳＤＳホールディングス,2026-06-26,取締役 監査等委員,近 藤 洋 治,1978年３月１日生,(注)１、３,,株
1711,株式会社ＳＤＳホールディングス,2026-06-26,取締役 監査等委員,須 藤 大 貴,1989年４月20日生,(注)１、３,,株
1716,第一カッター興業株式会社,2025-09-29,代表取締役 社長,安 達 昌 史,1978年２月14日生,(注)３,"13,496",株
1716,第一カッター興業株式会社,2025-09-29,取締役 事業本部長,古 木 隆 史,1975年２月17日生,(注)３,,株
1716,第一カッター興業株式会社,2025-09-29,取締役 管理本部長,松 田 雅 一,1958年11月20日生,(注)３,840,株
1716,第一カッター興業株式会社,2025-09-29,取締役,原 田 英 治,1966年５月20日生,(注)３,"3,300",株
1716,第一カッター興業株式会社,2025-09-29,取締役,行 方 一 正,1953年５月４日生,(注)３,"5,700",株
1716,第一カッター興業株式会社,2025-09-29,取締役,白 砂 晃,1974年７月16日生,(注)３,,株
1716,第一カッター興業株式会社,2025-09-29,取締役,園 田 恭 子,1967年11月28日生,(注)３,,株
1716,第一カッター興業株式会社,2025-09-29,監査役 (常勤),安 東 敏 明,1960年10月14日生,(注)４,,株
1716,第一カッター興業株式会社,2025-09-29,監査役 (非常勤),横 山 正 宏,1990年２月28日生,(注)５,─,株
1716,第一カッター興業株式会社,2025-09-29,監査役 (非常勤),船 本 美 和 子,1979年７月30日生,(注)５,─,株
1717,明豊ファシリティワークス株式会社,2026-06-22,代表取締役 会長,坂 田 明,1942年７月30日,（注）3,374,千株
1717,明豊ファシリティワークス株式会社,2026-06-22,代表取締役 社長,大 貫 美,1964年６月12日,（注）3,197,千株
1717,明豊ファシリティワークス株式会社,2026-06-22,専務取締役 経営企画本部長,大 島 和 男,1966年12月18日,（注）3,169,千株
1717,明豊ファシリティワークス株式会社,2026-06-22,取締役,村 上 富 士 男,1967年12月20日,（注）3,23,千株
1717,明豊ファシリティワークス株式会社,2026-06-22,取締役,家 﨑 武 司,1969年４月26日,（注）3,8,千株
1717,明豊ファシリティワークス株式会社,2026-06-22,取締役（監査等委員）,志 賀 徹 也,1947年４月22日,（注）4,,千株
1717,明豊ファシリティワークス株式会社,2026-06-22,取締役（監査等委員）,小 須 田 明 子,1946年７月９日,（注）4,,千株
1717,明豊ファシリティワークス株式会社,2026-06-22,取締役（監査等委員）,土 屋 純,1950年10月９日,（注）4,,千株
1717,明豊ファシリティワークス株式会社,2026-06-22,代表取締役 会長,坂 田 明,1942年７月30日,（注）3,374,千株
1717,明豊ファシリティワークス株式会社,2026-06-22,代表取締役 社長,大 貫 美,1964年６月12日,（注）3,197,千株
1717,明豊ファシリティワークス株式会社,2026-06-22,専務取締役 経営企画本部長,大 島 和 男,1966年12月18日,（注）3,169,千株
1717,明豊ファシリティワークス株式会社,2026-06-22,取締役,村 上 富 士 男,1967年12月20日,（注）3,23,千株
1717,明豊ファシリティワークス株式会社,2026-06-22,取締役,家 﨑 武 司,1969年４月26日,（注）3,8,千株
1717,明豊ファシリティワークス株式会社,2026-06-22,取締役（監査等委員）,志 賀 徹 也,1947年４月22日,（注）4,,千株
1717,明豊ファシリティワークス株式会社,2026-06-22,取締役（監査等委員）,小 須 田 明 子,1946年７月９日,（注）4,,千株
1717,明豊ファシリティワークス株式会社,2026-06-22,取締役（監査等委員）,土 屋 純,1950年10月９日,（注）4,,千株
1718,美樹工業株式会社,2026-03-25,代表取締役社長,岡田 尚一郎,1956年10月25日生,(注)１,"6,055",株
1718,美樹工業株式会社,2026-03-25,常務取締役 建設事業本部長,山下 直彦,1972年１月22日生,(注)１,700,株
1718,美樹工業株式会社,2026-03-25,常務取締役 ガス事業本部長,瀬川 典弘,1974年11月18日生,(注)１,600,株
1718,美樹工業株式会社,2026-03-25,取締役,園田 学,1955年４月８日生,(注)１,,株
1718,美樹工業株式会社,2026-03-25,取締役,寺本 真裕美,1959年11月3日生,(注)１,,株
1718,美樹工業株式会社,2026-03-25,取締役,伊藤 史子,1967年４月16日生,(注)１,,株
1718,美樹工業株式会社,2026-03-25,常勤監査役,三木 立子,1962年１月13日生,(注)２,"22,321",株
1718,美樹工業株式会社,2026-03-25,監査役,和泉 洋,1953年３月14日生,(注)３,100,株
1718,美樹工業株式会社,2026-03-25,監査役,山本 雅春,1953年９月23日生,(注)３,,株
1718,美樹工業株式会社,2026-03-25,代表取締役社長,岡田 尚一郎,1956年10月25日生,(注)１,"6,055",株
1718,美樹工業株式会社,2026-03-25,常務取締役 建設事業本部長,山下 直彦,1972年１月22日生,(注)１,700,株
1718,美樹工業株式会社,2026-03-25,常務取締役 ガス事業本部長,瀬川 典弘,1974年11月18日生,(注)１,600,株
1718,美樹工業株式会社,2026-03-25,取締役 管理本部長,池畑 正俊,1964年１月26日生,(注)１,200,株
1718,美樹工業株式会社,2026-03-25,取締役,園田 学,1955年４月８日生,(注)１,,株
1718,美樹工業株式会社,2026-03-25,取締役,寺本 真裕美,1959年11月3日生,(注)１,,株
1718,美樹工業株式会社,2026-03-25,取締役,伊藤 史子,1967年４月16日生,(注)１,,株
1718,美樹工業株式会社,2026-03-25,常勤監査役,三木 立子,1962年１月13日生,(注)２,"22,321",株
1718,美樹工業株式会社,2026-03-25,監査役,和泉 洋,1953年３月14日生,(注)３,100,株
1718,美樹工業株式会社,2026-03-25,監査役,山本 雅春,1953年９月23日生,(注)３,,株
1719,株式会社安藤・間,2026-06-25,代表取締役 社長,国 谷 一 彦,1963年９月12日生,(注)２,10,千株
1719,株式会社安藤・間,2026-06-25,取締役専務執行役員 建築事業本部長,小 松 健,1957年11月13日生,(注)２,8,千株
1719,株式会社安藤・間,2026-06-25,取締役,藤 田 正 美,1956年９月22日生,(注)２,6,千株
1719,株式会社安藤・間,2026-06-25,取締役,北 川 真理子,1965年４月３日生,(注)２,1,千株
1719,株式会社安藤・間,2026-06-25,取締役,桑 山 三恵子,1948年３月30日生,(注)２,4,千株
1719,株式会社安藤・間,2026-06-25,取締役 常勤監査等委員,宮 森 伸 也,1959年３月26日生,(注)３,2,千株
1719,株式会社安藤・間,2026-06-25,取締役 監査等委員,望 月 晴 文,1949年７月26日生,(注)３,2,千株
1719,株式会社安藤・間,2026-06-25,取締役 監査等委員,川 口 理 恵,1965年４月10日生,(注)３,2,千株
1719,株式会社安藤・間,2026-06-25,取締役 監査等委員,伊 藤 勝 彦,1972年７月２日生,(注)３,,千株
1719,株式会社安藤・間,2026-06-25,代表取締役 社長,国 谷 一 彦,1963年９月12日生,(注)２,10,千株
1719,株式会社安藤・間,2026-06-25,取締役専務執行役員 建築事業本部長,小 松 健,1957年11月13日生,(注)２,8,千株
1719,株式会社安藤・間,2026-06-25,取締役常務執行役員 審査・財務担当 管理本部長 兼 防災担当,文珠川 新 一,1966年９月11日生,(注)２,2,千株
1719,株式会社安藤・間,2026-06-25,取締役,藤 田 正 美,1956年９月22日生,(注)２,6,千株
1719,株式会社安藤・間,2026-06-25,取締役,北 川 真理子,1965年４月３日生,(注)２,1,千株
1719,株式会社安藤・間,2026-06-25,取締役,桑 山 三恵子,1948年３月30日生,(注)２,4,千株
1719,株式会社安藤・間,2026-06-25,取締役 常勤監査等委員,宮 森 伸 也,1959年３月26日生,(注)３,2,千株
1719,株式会社安藤・間,2026-06-25,取締役 監査等委員,望 月 晴 文,1949年７月26日生,(注)３,2,千株
1719,株式会社安藤・間,2026-06-25,取締役 監査等委員,川 口 理 恵,1965年４月10日生,(注)３,2,千株
1719,株式会社安藤・間,2026-06-25,取締役 監査等委員,伊 藤 勝 彦,1972年７月２日生,(注)３,,千株
1720,東急建設株式会社,2026-06-19,代表取締役社長,寺 田 光 宏,1957年３月１日生,(注)３,"87,281",株
1720,東急建設株式会社,2026-06-19,代表取締役 副社長執行役員 価値創造推進室・ 安全環境本部・ 技術研究所・ 建築事業本部・ 不動産事業部管掌,増 田 知 也,1959年３月10日生,(注)３,"22,971",株
1720,東急建設株式会社,2026-06-19,取締役 専務執行役員 土木事業本部・ 国際事業部管掌,赤 田 義 宏,1961年12月26日生,(注)３,"17,353",株
1720,東急建設株式会社,2026-06-19,取締役,諏 訪 嘉 彦,1956年８月３日生,(注)３,"31,927",株
1720,東急建設株式会社,2026-06-19,取締役,清 水 正 敏,1959年１月20日生,(注)３,"41,560",株
1720,東急建設株式会社,2026-06-19,取締役,柏 﨑 和 義,1962年８月18日生,(注)３,,株
1720,東急建設株式会社,2026-06-19,取締役,恩 田 勲,1949年４月４日生,(注)３,,株
1720,東急建設株式会社,2026-06-19,取締役,吉 田 可保里,1972年12月19日生,(注)３,,株
1720,東急建設株式会社,2026-06-19,取締役,綱 島 勉,1956年９月８日生,(注)３,,株
1720,東急建設株式会社,2026-06-19,常勤監査役,落 合 正,1960年９月22日生,(注)４,"1,331",株
1720,東急建設株式会社,2026-06-19,常勤監査役,小 池 淳 智,1968年10月31日生,(注)４,"1,649",株
1720,東急建設株式会社,2026-06-19,監査役,齋 藤 洋 一,1973年12月12日生,(注)４,20,株
1720,東急建設株式会社,2026-06-19,監査役,加 藤 善 一,1956年９月９日生,(注)５,,株
1720,東急建設株式会社,2026-06-19,監査役,北 村 和 夫,1956年２月25日生,(注)４,,株
1720,東急建設株式会社,2026-06-19,代表取締役会長,寺 田 光 宏,1957年３月１日生,(注)３,"87,281",株
1720,東急建設株式会社,2026-06-19,代表取締役社長 社長執行役員,久 田 浩 司,1962年12月30日生,(注)３,"7,310",株
1720,東急建設株式会社,2026-06-19,代表取締役 副社長執行役員 価値創造推進室・ 安全環境本部・ 技術研究所・ 建築事業本部・ 不動産事業部管掌,増 田 知 也,1959年３月10日生,(注)３,"22,971",株
1720,東急建設株式会社,2026-06-19,取締役 専務執行役員 土木事業本部・ 国際事業部管掌,赤 田 義 宏,1961年12月26日生,(注)３,"17,353",株
1720,東急建設株式会社,2026-06-19,取締役,柏 﨑 和 義,1962年８月18日生,(注)３,,株
1720,東急建設株式会社,2026-06-19,取締役,恩 田 勲,1949年４月４日生,(注)３,,株
1720,東急建設株式会社,2026-06-19,取締役,吉 田 可保里,1972年12月19日生,(注)３,,株
1720,東急建設株式会社,2026-06-19,取締役,綱 島 勉,1956年９月８日生,(注)３,,株
1720,東急建設株式会社,2026-06-19,取締役 常勤監査等委員,小 池 淳 智,1968年10月31日生,(注)４,"1,649",株
1720,東急建設株式会社,2026-06-19,取締役 監査等委員,齋 藤 洋 一,1973年12月12日生,(注)４,20,株
1720,東急建設株式会社,2026-06-19,取締役 監査等委員,中 山 裕香子,1965年10月８日生,(注)４,,株
1720,東急建設株式会社,2026-06-19,取締役 監査等委員,伊 串 久美子,1968年９月３日生,(注)４,,株
1721,コムシスホールディングス株式会社,2026-06-22,取締役 会長,加賀谷 卓,1957年３月12日生,(注)２,739,百株
1721,コムシスホールディングス株式会社,2026-06-22,代表取締役 社長,田辺 博,1962年６月２日生,(注)２,383,百株
1721,コムシスホールディングス株式会社,2026-06-22,取締役,野池 秀幸,1964年２月26日生,(注)２,184,百株
1721,コムシスホールディングス株式会社,2026-06-22,取締役,打出 邦彦,1961年４月７日生,(注)２,186,百株
1721,コムシスホールディングス株式会社,2026-06-22,取締役 財務部長 兼 事業拡大推進室長,真下 徹,1965年２月１日生,(注)２,94,百株
1721,コムシスホールディングス株式会社,2026-06-22,取締役 （常勤監査等委員）,安永 敦,1962年５月21日生,(注)３,69,百株
1721,コムシスホールディングス株式会社,2026-06-22,取締役 （監査等委員）,浅井 宏行,1958年２月５日生,(注)３,,百株
1721,コムシスホールディングス株式会社,2026-06-22,取締役 （監査等委員）,市川 恭子,1972年１月30日生,(注)３,,百株
1721,コムシスホールディングス株式会社,2026-06-22,取締役 （監査等委員）,平野 正弥,1972年12月24日生,(注)３,,百株
1721,コムシスホールディングス株式会社,2026-06-22,取締役 （監査等委員）,森山 賢三,1960年１月25日生,(注)３,,百株
1721,コムシスホールディングス株式会社,2026-06-22,取締役 （監査等委員）,宮下 律江,1962年５月３日生,(注)３,,百株
1721,コムシスホールディングス株式会社,2026-06-22,代表取締役 社長,田辺 博,1962年６月２日生,(注)２,383,百株
1721,コムシスホールディングス株式会社,2026-06-22,取締役,野池 秀幸,1964年２月26日生,(注)２,184,百株
1721,コムシスホールディングス株式会社,2026-06-22,取締役,遠藤 玉樹,1963年11月22日生,(注)２,48,百株
1721,コムシスホールディングス株式会社,2026-06-22,取締役 財務部長 兼 事業拡大推進室長,真下 徹,1965年２月１日生,(注)２,94,百株
1721,コムシスホールディングス株式会社,2026-06-22,取締役,川名 浩一,1958年４月23日生,(注)２,3,百株
1721,コムシスホールディングス株式会社,2026-06-22,取締役 （常勤監査等委員）,安永 敦,1962年５月21日生,(注)３,69,百株
1721,コムシスホールディングス株式会社,2026-06-22,取締役 （監査等委員）,浅井 宏行,1958年２月５日生,(注)３,,百株
1721,コムシスホールディングス株式会社,2026-06-22,取締役 （監査等委員）,市川 恭子,1972年１月30日生,(注)３,,百株
1721,コムシスホールディングス株式会社,2026-06-22,取締役 （監査等委員）,平野 正弥,1972年12月24日生,(注)３,,百株
1721,コムシスホールディングス株式会社,2026-06-22,取締役 （監査等委員）,森山 賢三,1960年１月25日生,(注)３,,百株
1721,コムシスホールディングス株式会社,2026-06-22,取締役 （監査等委員）,宮下 律江,1962年５月３日生,(注)３,,百株
1723,日本電技株式会社,2026-06-25,代表取締役 社長,島田 良介,1968年８月24日生,(注)３,"4,221,996",株
1723,日本電技株式会社,2026-06-25,取締役 上席執行役員 事業本部長,岡崎 功,1965年10月４日生,(注)３,"157,780",株
1723,日本電技株式会社,2026-06-25,取締役 上席執行役員 企画管理本部長 兼経営企画部長 兼電技アカデミー学長,小林 義明,1969年９月７日生,(注)３,"5,436",株
1723,日本電技株式会社,2026-06-25,取締役 上席執行役員 技術本部長,松浦 勝博,1962年２月８日生,(注)３,"11,780",株
1723,日本電技株式会社,2026-06-25,取締役 (監査等委員),河村 一二,1961年12月２日生,(注)４,"1,600",株
1723,日本電技株式会社,2026-06-25,取締役 (監査等委員),岸本 史子,1973年９月23日生,(注)４,,株
1723,日本電技株式会社,2026-06-25,取締役 (監査等委員),工藤 道弘,1960年５月３日生,(注)５,,株
1723,日本電技株式会社,2026-06-25,※社長,島田 良介,,,,
1723,日本電技株式会社,2026-06-25,※上席執行役員 事業本部長,岡崎 功,,,,
1723,日本電技株式会社,2026-06-25,※上席執行役員 企画管理本部長兼経営企画部長兼電技アカデミー学長,小林 義明,,,,
1723,日本電技株式会社,2026-06-25,※上席執行役員 技術本部長,松浦 勝博,,,,
1723,日本電技株式会社,2026-06-25,執行役員 企画管理本部管理業務推進担当兼新習志野事業所設立準備室長,八木 浩一,,,,
1723,日本電技株式会社,2026-06-25,執行役員 東京本店長,南部 賢一郎,,,,
1723,日本電技株式会社,2026-06-25,執行役員 大阪支店長,森 光輝,,,,
1723,日本電技株式会社,2026-06-25,執行役員 技術本部副本部長兼技術統括部長,江田 真也,,,,
1723,日本電技株式会社,2026-06-25,代表取締役 社長,島田 良介,1968年８月24日生,(注)３,"4,221,996",株
1723,日本電技株式会社,2026-06-25,取締役 上席執行役員 事業本部長,岡崎 功,1965年10月４日生,(注)３,"157,780",株
1723,日本電技株式会社,2026-06-25,取締役 上席執行役員 企画管理本部長 兼経営企画部長 兼電技アカデミー学長,小林 義明,1969年９月７日生,(注)３,"5,436",株
1723,日本電技株式会社,2026-06-25,取締役 上席執行役員 技術本部長,松浦 勝博,1962年２月８日生,(注)３,"11,780",株
1723,日本電技株式会社,2026-06-25,取締役 (監査等委員),河村 一二,1961年12月２日生,(注)４,"1,600",株
1723,日本電技株式会社,2026-06-25,取締役 (監査等委員),岸本 史子,1973年９月23日生,(注)４,,株
1723,日本電技株式会社,2026-06-25,取締役 (監査等委員),工藤 道弘,1960年５月３日生,(注)５,,株
1723,日本電技株式会社,2026-06-25,※社長,島田 良介,,,,
1723,日本電技株式会社,2026-06-25,※上席執行役員 事業本部長,岡崎 功,,,,
1723,日本電技株式会社,2026-06-25,※上席執行役員 企画管理本部長兼経営企画部長兼電技アカデミー学長,小林 義明,,,,
1723,日本電技株式会社,2026-06-25,※上席執行役員 技術本部長,松浦 勝博,,,,
1723,日本電技株式会社,2026-06-25,執行役員 企画管理本部管理業務推進担当兼新習志野事業所設立準備室長,八木 浩一,,,,
1723,日本電技株式会社,2026-06-25,執行役員 東京本店長,南部 賢一郎,,,,
1723,日本電技株式会社,2026-06-25,執行役員 大阪支店長,森 光輝,,,,
1723,日本電技株式会社,2026-06-25,執行役員 技術本部副本部長兼技術統括部長,江田 真也,,,,
1724,シンクレイヤ株式会社,2026-03-25,代表取締役社長,山口 正裕,1954年８月20日生,(注)２,15,千株
1724,シンクレイヤ株式会社,2026-03-25,常務取締役 生産技術本部長 兼広報室長,山口 倫正,1991年５月１日生,(注)２ (注)４,16,千株
1724,シンクレイヤ株式会社,2026-03-25,取締役 営業本部長,福永 直也,1961年11月17日生,(注)２,18,千株
1724,シンクレイヤ株式会社,2026-03-25,取締役 管理本部長 兼総務部長,藤原 伸昭,1965年１月21日生,(注)２,9,千株
1724,シンクレイヤ株式会社,2026-03-25,取締役 常勤監査等委員,山口 嘉孝,1961年３月３日生,(注)３,126,千株
1724,シンクレイヤ株式会社,2026-03-25,取締役 監査等委員,葛谷 昌浩,1962年11月13日生,(注)３,7,千株
1724,シンクレイヤ株式会社,2026-03-25,取締役 監査等委員,中井 志帆,1987年９月４日生,(注)３,,千株
1724,シンクレイヤ株式会社,2026-03-25,代表取締役会長,山口 正裕,1954年８月20日生,(注)２,15,千株
1724,シンクレイヤ株式会社,2026-03-25,代表取締役社長,山口 倫正,1991年５月１日生,(注)２ (注)４,16,千株
1724,シンクレイヤ株式会社,2026-03-25,取締役 営業本部長,福永 直也,1961年11月17日生,(注)２,18,千株
1724,シンクレイヤ株式会社,2026-03-25,取締役 管理本部長 兼総務部長,藤原 伸昭,1965年１月21日生,(注)２,9,千株
1724,シンクレイヤ株式会社,2026-03-25,取締役 常勤監査等委員,山口 嘉孝,1961年３月３日生,(注)３,126,千株
1724,シンクレイヤ株式会社,2026-03-25,取締役 監査等委員,葛谷 昌浩,1962年11月13日生,(注)３,7,千株
1724,シンクレイヤ株式会社,2026-03-25,取締役 監査等委員,中井 志帆,1987年９月４日生,(注)３,,千株
1736,株式会社　オーテック,2026-06-25,代表取締役社長,市原 伸一,1961年４月12日生,（注）3,48,千株
1736,株式会社　オーテック,2026-06-25,専務取締役 営業担当,曳沼 宏之,1961年１月24日生,（注）3,47,千株
1736,株式会社　オーテック,2026-06-25,取締役 管理担当,安野 進,1966年10月16日生,（注）3,9,千株
1736,株式会社　オーテック,2026-06-25,取締役 環境システム事業部 ・管工機材事業部統括,松尾 伸二,1964年６月３日生,（注）3,31,千株
1736,株式会社　オーテック,2026-06-25,取締役 管工機材事業部長,伊藤 晴史,1964年４月28日生,（注）3,9,千株
1736,株式会社　オーテック,2026-06-25,取締役 （常勤監査等委員）,藤藁 貴夫,1961年４月27日生,（注）4,2,千株
1736,株式会社　オーテック,2026-06-25,取締役 （監査等委員）,酒井 昌弘,1968年９月18日生,（注）4,,千株
1736,株式会社　オーテック,2026-06-25,取締役 （監査等委員）,小池 德子 （戸籍上の氏名 ：櫻田 德子）,1962年９月17日生,（注）4,,千株
1736,株式会社　オーテック,2026-06-25,代表取締役社長,市原 伸一,1961年４月12日生,（注）3,48,千株
1736,株式会社　オーテック,2026-06-25,常務取締役 管理担当,安野 進,1966年10月16日生,（注）3,9,千株
1736,株式会社　オーテック,2026-06-25,常務取締役 環境システム事業部 ・管工機材事業部統括,松尾 伸二,1964年６月３日生,（注）3,31,千株
1736,株式会社　オーテック,2026-06-25,取締役 管工機材事業部長,伊藤 晴史,1964年４月28日生,（注）3,9,千株
1736,株式会社　オーテック,2026-06-25,取締役 環境システム事業部長,村瀬 孝志,1971年12月31日生,（注）3,4,千株
1736,株式会社　オーテック,2026-06-25,取締役 （常勤監査等委員）,木島 博正,1961年７月７日生,（注）4,0,千株
1736,株式会社　オーテック,2026-06-25,取締役 （監査等委員）,酒井 昌弘,1968年９月18日生,（注）4,,千株
1736,株式会社　オーテック,2026-06-25,取締役 （監査等委員）,小池 德子 （戸籍上の氏名 ：櫻田 德子）,1962年９月17日生,（注）4,,千株
1738,株式会社ニットー,2026-06-17,代表取締役 社長,中 野 英 樹,1963年４月５日生,(注)２,"156,000",株
1738,株式会社ニットー,2026-06-17,取締役 経理部長,伊 藤 寿 朗,1967年３月30日生,(注)２,"14,000",株
1738,株式会社ニットー,2026-06-17,取締役 総務部長 兼 営業推進部長,浅 野 章 人,1964年11月11日生,(注)２,,株
1738,株式会社ニットー,2026-06-17,取締役 住建事業部長,鈴 村 和 也,1971年９月29日生,(注)２,"8,000",株
1738,株式会社ニットー,2026-06-17,取締役 設備事業部長,小 林 祐 司,1970年８月８日生,(注)２,"2,900",株
1738,株式会社ニットー,2026-06-17,取締役 (常勤監査等委員),上 野 茂,1956年８月29日生,(注)３,,株
1738,株式会社ニットー,2026-06-17,取締役 (監査等委員),長 谷 川 敏 也,1960年１月５日生,(注)３,,株
1738,株式会社ニットー,2026-06-17,取締役 (監査等委員),矢 崎 信 也,1966年９月11日生,(注)３,,株
173A,株式会社ハンモック,2026-06-19,代表取締役社長,若山 大典,1976年11月20日,(注)３,"1,490,500",株
173A,株式会社ハンモック,2026-06-19,取締役CFO 兼管理本部長,冨來 美穂子 (戸籍上の氏名： 髙橋 美穂子),1965年６月13日,(注)３,"8,620",株
173A,株式会社ハンモック,2026-06-19,取締役,小林 保裕,1971年１月18日,(注)３,,株
173A,株式会社ハンモック,2026-06-19,取締役,後藤 恒久,1957年３月１日,(注)３,,株
173A,株式会社ハンモック,2026-06-19,常勤監査役,二宮 真司,1960年４月９日,(注)４,,株
173A,株式会社ハンモック,2026-06-19,監査役,大庭 崇彦,1981年４月30日,(注)４,,株
173A,株式会社ハンモック,2026-06-19,監査役,西尾 公伸,1983年８月１日,(注)４,,株
173A,株式会社ハンモック,2026-06-19,代表取締役社長,若山 大典,1976年11月20日,(注)３,"1,490,500",株
173A,株式会社ハンモック,2026-06-19,取締役CFO 兼管理本部長,冨來 美穂子 (戸籍上の氏名： 髙橋 美穂子),1965年６月13日,(注)３,"8,620",株
173A,株式会社ハンモック,2026-06-19,取締役,小林 保裕,1971年１月18日,(注)３,,株
173A,株式会社ハンモック,2026-06-19,取締役,後藤 恒久,1957年３月１日,(注)３,,株
173A,株式会社ハンモック,2026-06-19,常勤監査役,二宮 真司,1960年４月９日,(注)４,,株
173A,株式会社ハンモック,2026-06-19,監査役,大庭 崇彦,1981年４月30日,(注)４,,株
173A,株式会社ハンモック,2026-06-19,監査役,西尾 公伸,1983年８月１日,(注)４,,株
1758,太洋基礎工業株式会社,2026-04-22,代表取締役 会長,加 藤 行 正,1960年11月18日生,(注) ２,116,百株
1758,太洋基礎工業株式会社,2026-04-22,代表取締役 社長,六 鹿 敏 也,1965年２月20日生,(注) ２,97,百株
1758,太洋基礎工業株式会社,2026-04-22,専務取締役 施工本部長 兼神守研究開発 センター長,土 屋 敦 雄,1963年７月14日生,(注) ２,50,百株
1758,太洋基礎工業株式会社,2026-04-22,常務取締役 技術本部長,加 藤 敏 彦,1956年11月６日生,(注) ２,89,百株
1758,太洋基礎工業株式会社,2026-04-22,常務取締役 営業本部長,奥 山 喜 裕,1957年９月３日生,(注) ２,54,百株
1758,太洋基礎工業株式会社,2026-04-22,取締役 長野支店長,市 岡 秀 夫,1963年８月23日生,(注) ２,91,百株
1758,太洋基礎工業株式会社,2026-04-22,取締役 建築本部長,豊 住 清,1975年10月24日生,(注) ２,"5,682",百株
1758,太洋基礎工業株式会社,2026-04-22,取締役 大阪支店長,岡 田 浩,1963年４月26日生,(注) ２,63,百株
1758,太洋基礎工業株式会社,2026-04-22,取締役 （監査等委員）,長 澤 正 志,1957年６月22日生,(注)３,5,百株
1758,太洋基礎工業株式会社,2026-04-22,取締役 （監査等委員）,一 栁 守 央,1949年９月12日生,(注) ４,,百株
1758,太洋基礎工業株式会社,2026-04-22,取締役 （監査等委員）,太 田 好 宣,1954年４月25日生,(注)４,,百株
1758,太洋基礎工業株式会社,2026-04-22,取締役 （監査等委員）,皆 見 幸,1972年８月16日生,(注)４,,百株
1758,太洋基礎工業株式会社,2026-04-22,代表取締役 会長,加 藤 行 正,1960年11月18日生,(注) ２,116,百株
1758,太洋基礎工業株式会社,2026-04-22,代表取締役 社長,六 鹿 敏 也,1965年２月20日生,(注) ２,97,百株
1758,太洋基礎工業株式会社,2026-04-22,専務取締役 施工本部長 兼神守研究開発 センター長,土 屋 敦 雄,1963年７月14日生,(注) ２,50,百株
1758,太洋基礎工業株式会社,2026-04-22,常務取締役 営業本部長,奥 山 喜 裕,1957年９月３日生,(注) ２,54,百株
1758,太洋基礎工業株式会社,2026-04-22,取締役 長野支店長,市 岡 秀 夫,1963年８月23日生,(注) ２,91,百株
1758,太洋基礎工業株式会社,2026-04-22,取締役 建築本部長,豊 住 清,1975年10月24日生,(注) ２,"5,682",百株
1758,太洋基礎工業株式会社,2026-04-22,取締役 大阪支店長,岡 田 浩,1963年４月26日生,(注) ２,63,百株
1758,太洋基礎工業株式会社,2026-04-22,取締役 （監査等委員）,長 澤 正 志,1957年６月22日生,(注)３,5,百株
1758,太洋基礎工業株式会社,2026-04-22,取締役 （監査等委員）,一 栁 守 央,1949年９月12日生,(注) ４,,百株
1758,太洋基礎工業株式会社,2026-04-22,取締役 （監査等委員）,太 田 好 宣,1954年４月25日生,(注)４,,百株
1758,太洋基礎工業株式会社,2026-04-22,取締役 （監査等委員）,皆 見 幸,1972年８月16日生,(注)４,,百株
175A,株式会社Ｗｉｌｌ　Ｓｍａｒｔ,2026-03-24,代表取締役社長 ＣＥＯ,石井 康弘,1978年８月５日生,（注）３,"18,700",株
175A,株式会社Ｗｉｌｌ　Ｓｍａｒｔ,2026-03-24,取締役副社長 ＣＯＯ,布目 章次,1971年２月９日生,（注）３,"4,000",株
175A,株式会社Ｗｉｌｌ　Ｓｍａｒｔ,2026-03-24,取締役,青木 正太,1963年11月25日生,（注）３,,株
175A,株式会社Ｗｉｌｌ　Ｓｍａｒｔ,2026-03-24,取締役,安達 俊彦,1954年９月４日生,（注）３,,株
175A,株式会社Ｗｉｌｌ　Ｓｍａｒｔ,2026-03-24,常勤監査役,奥田 浩三,1963年10月９日生,（注）４,,株
175A,株式会社Ｗｉｌｌ　Ｓｍａｒｔ,2026-03-24,監査役,田中 裕幸,1970年10月22日生,（注）４,,株
175A,株式会社Ｗｉｌｌ　Ｓｍａｒｔ,2026-03-24,監査役,水澤 良,1975年11月７日生,（注）４,,株
175A,株式会社Ｗｉｌｌ　Ｓｍａｒｔ,2026-03-24,代表取締役社長 ＣＥＯ,石井 康弘,1978年８月５日生,（注）３,"18,700",株
175A,株式会社Ｗｉｌｌ　Ｓｍａｒｔ,2026-03-24,取締役副社長 ＣＯＯ,布目 章次,1971年２月９日生,（注）３,"4,000",株
175A,株式会社Ｗｉｌｌ　Ｓｍａｒｔ,2026-03-24,取締役,青木 正太,1963年11月25日生,（注）３,,株
175A,株式会社Ｗｉｌｌ　Ｓｍａｒｔ,2026-03-24,取締役,安達 俊彦,1954年９月４日生,（注）３,,株
175A,株式会社Ｗｉｌｌ　Ｓｍａｒｔ,2026-03-24,取締役,菊池 和博,1961年１月14日生,（注）３,,株
175A,株式会社Ｗｉｌｌ　Ｓｍａｒｔ,2026-03-24,常勤監査役,奥田 浩三,1963年10月９日生,（注）４,,株
175A,株式会社Ｗｉｌｌ　Ｓｍａｒｔ,2026-03-24,監査役,田中 裕幸,1970年10月22日生,（注）４,,株
175A,株式会社Ｗｉｌｌ　Ｓｍａｒｔ,2026-03-24,監査役,水澤 良,1975年11月７日生,（注）４,,株
1762,株式会社髙松コンストラクショングループ,2026-06-18,取締役名誉会長,髙松 孝之,1937年９月27日生,※１,"3,936",千株
1762,株式会社髙松コンストラクショングループ,2026-06-18,取締役会長,髙松 孝嘉,1967年２月６日生,※１,321,千株
1762,株式会社髙松コンストラクショングループ,2026-06-18,代表取締役社長 （社長執行役員）,髙松 浩孝,1971年２月28日生,※１,292,千株
1762,株式会社髙松コンストラクショングループ,2026-06-18,代表取締役副社長,髙松 孝年,1970年９月６日生,※１,297,千株
1762,株式会社髙松コンストラクショングループ,2026-06-18,取締役 （副社長執行役員）,浅井 哲,1963年２月８日生,※１,3,千株
1762,株式会社髙松コンストラクショングループ,2026-06-18,取締役 （常務執行役員）,髙松 英之,1977年２月28日生,※１,349,千株
1762,株式会社髙松コンストラクショングループ,2026-06-18,取締役,青山 繁弘,1947年４月１日生,※１,8,千株
1762,株式会社髙松コンストラクショングループ,2026-06-18,取締役,中原 秀人,1950年11月17日生,※１,,千株
1762,株式会社髙松コンストラクショングループ,2026-06-18,取締役,石橋 伸子,1961年６月12日生,※１,1,千株
1762,株式会社髙松コンストラクショングループ,2026-06-18,取締役,濱島 健爾,1959年１月３日生,※１,,千株
1762,株式会社髙松コンストラクショングループ,2026-06-18,取締役,望月 尚幸,1963年６月24日生,※１,,千株
1762,株式会社髙松コンストラクショングループ,2026-06-18,常勤監査役,角田 稔,1958年10月27日生,※２,2,千株
1762,株式会社髙松コンストラクショングループ,2026-06-18,常勤監査役,茶谷 健,1965年３月29日生,※３,1,千株
1762,株式会社髙松コンストラクショングループ,2026-06-18,監査役,津野 友邦,1973年１月20日生,※３,,千株
1762,株式会社髙松コンストラクショングループ,2026-06-18,監査役,千地 耕造,1956年８月24日生,※３,,千株
1764,工藤建設株式会社,2025-09-29,代表取締役 会長,工 藤 英 司,1961年３月８日生,(注)３,341,百株
1764,工藤建設株式会社,2025-09-29,代表取締役 社長,藤 井 研 児,1962年10月12日生,(注)３,20,百株
1764,工藤建設株式会社,2025-09-29,常務取締役,工 藤 隆 晃,1957年１月23日生,(注)３,39,百株
1764,工藤建設株式会社,2025-09-29,取締役 建設本部長兼建設事業部長,中 山 仁,1967年４月22日生,(注)３,17,百株
1764,工藤建設株式会社,2025-09-29,取締役 総合企画室長兼経営管理部担当,白 坂 義 道,1961年12月18日生,(注)３,20,百株
1764,工藤建設株式会社,2025-09-29,取締役 建物管理事業部長,後 藤 斉 由,1975年２月19日生,(注)３,,百株
1764,工藤建設株式会社,2025-09-29,取締役,工 藤 隆 司,1963年７月15日生,(注)３,1,百株
1764,工藤建設株式会社,2025-09-29,取締役,平 沼 義 幸,1960年３月28日生,(注)３,,百株
1764,工藤建設株式会社,2025-09-29,取締役,鴨 下 香 苗,1980年５月22日生,(注)３,,百株
1764,工藤建設株式会社,2025-09-29,常勤監査役,庄 司 盛 弘,1963年６月13日生,(注)４,9,百株
1764,工藤建設株式会社,2025-09-29,監査役,苫 米 地 邦 男,1950年８月18日生,(注)４,39,百株
1764,工藤建設株式会社,2025-09-29,監査役,水 上 亮 比 呂,1956年９月13日生,(注)４,─,百株
1764,工藤建設株式会社,2025-09-29,執行役員,玉谷 博,,,,
1764,工藤建設株式会社,2025-09-29,執行役員,伊東 大貴,,,,
1764,工藤建設株式会社,2025-09-29,執行役員,三ヶ島 吉雄,,,,
1764,工藤建設株式会社,2025-09-29,執行役員,川越 篤史,,,,
1764,工藤建設株式会社,2025-09-29,執行役員,永野 淳,,,,
1764,工藤建設株式会社,2025-09-29,執行役員,本田 吉雄,,,,
1766,東建コーポレーション株式会社,2026-07-24,代表取締役社長兼ＣＥＯ 営業本部長 兼 建築本部長,左右田 善猛,1977年12月３日生,(注)3,"404,000",株
1766,東建コーポレーション株式会社,2026-07-24,取締役 営業担当役員,住 野 隆 典,1967年５月10日生,(注)3,400,株
1766,東建コーポレーション株式会社,2026-07-24,取締役,浮 田 和 秀,1982年５月24日生,(注)3,45,株
1766,東建コーポレーション株式会社,2026-07-24,取締役,榊 原 啓,1986年４月16日生,(注)3,,株
1768,株式会社ソネック,2026-06-22,取締役会長,福島 孝一,1956年３月22日生,(注)４,17,千株
1768,株式会社ソネック,2026-06-22,代表取締役社長,山本 貴弘,1970年６月23日生,(注)４,10,千株
1768,株式会社ソネック,2026-06-22,常務取締役営業部長,香西 利計,1971年９月10日生,(注)４,4,千株
1768,株式会社ソネック,2026-06-22,常務取締役名古屋支店長,岡本 悦生,1970年5月17日生,(注)４,3,千株
1768,株式会社ソネック,2026-06-22,取締役施工部長 兼経営管理部担当,大内 豊範,1972年７月24日生,(注)４,8,千株
1768,株式会社ソネック,2026-06-22,取締役,髙士 薫,1952年12月15日生,(注)４,,千株
1768,株式会社ソネック,2026-06-22,取締役,川崎 博也,1954年８月４日生,(注)４,,千株
1768,株式会社ソネック,2026-06-22,常勤監査役,村上 一彦,1958年７月３日生,(注)５,18,千株
1768,株式会社ソネック,2026-06-22,監査役,園尾 善雄,1960年１月６日生,(注)６,,千株
1768,株式会社ソネック,2026-06-22,監査役,玉岡 かおる,1956年11月６日生,(注)７,,千株
1768,株式会社ソネック,2026-06-22,代表取締役社長,山本 貴弘,1970年６月23日生,(注)４,10,千株
1768,株式会社ソネック,2026-06-22,取締役名誉会長,福島 孝一,1956年３月22日生,(注)４,17,千株
1768,株式会社ソネック,2026-06-22,専務取締役営業部長,香西 利計,1971年９月10日生,(注)４,4,千株
1768,株式会社ソネック,2026-06-22,常務取締役名古屋支店長,岡本 悦生,1970年5月17日生,(注)４,3,千株
1768,株式会社ソネック,2026-06-22,取締役施工部長 兼経営管理部担当,大内 豊範,1972年７月24日生,(注)４,8,千株
1768,株式会社ソネック,2026-06-22,取締役,髙士 薫,1952年12月15日生,(注)４,,千株
1768,株式会社ソネック,2026-06-22,取締役,川崎 博也,1954年８月４日生,(注)４,,千株
1768,株式会社ソネック,2026-06-22,常勤監査役,藤本 智宏,1959年10月２日生,(注)７,16,千株
1768,株式会社ソネック,2026-06-22,監査役,園尾 善雄,1960年１月６日生,(注)５,,千株
1768,株式会社ソネック,2026-06-22,監査役,玉岡 かおる,1956年11月６日生,(注)６,,千株
176A,レジル株式会社,2025-09-26,代表取締役社長,丹治 保積,1971年10月４日生,(注)２,,株
176A,レジル株式会社,2025-09-26,取締役CFO,山本 直隆,1974年９月16日生,(注)２,,株
176A,レジル株式会社,2025-09-26,取締役,村田 佑介,1983年10月15日生,(注)２,,株
176A,レジル株式会社,2025-09-26,取締役 常勤監査等委員,清田 宏,1969年１月５日生,(注)３,,株
176A,レジル株式会社,2025-09-26,社外取締役 監査等委員,鈴木 咲季,1991年３月９日生,(注)３,,株
176A,レジル株式会社,2025-09-26,社外取締役 監査等委員,鈴木 協一郎,1965年３月24日生,(注)３,,株
1770,藤田エンジニアリング株式会社,2026-06-23,代表取締役 社長,藤田 実,1961年８月20日生,注３,"2,306",千株
1770,藤田エンジニアリング株式会社,2026-06-23,常務取締役,須藤 久実,1962年３月23日生,注３,11,千株
1770,藤田エンジニアリング株式会社,2026-06-23,取締役,泉 典浩,1962年７月９日生,注３,17,千株
1770,藤田エンジニアリング株式会社,2026-06-23,取締役,北嶋 忠継,1964年11月18日生,注３,11,千株
1770,藤田エンジニアリング株式会社,2026-06-23,取締役,長 素啓,1966年３月15日生,注３,7,千株
1770,藤田エンジニアリング株式会社,2026-06-23,取締役,小暮 春人,1962年３月５日生,注３,34,千株
1770,藤田エンジニアリング株式会社,2026-06-23,取締役,塚田 修司,1962年10月17日生,注３,0,千株
1770,藤田エンジニアリング株式会社,2026-06-23,取締役,花崎 哲,1958年９月21日生,注３,,千株
1770,藤田エンジニアリング株式会社,2026-06-23,監査役 （常勤）,大図 裕一,1959年５月17日生,注４,1,千株
1770,藤田エンジニアリング株式会社,2026-06-23,監査役,室賀 康志,1962年１月23日生,注４,,千株
1770,藤田エンジニアリング株式会社,2026-06-23,監査役,信澤 山洋,1974年12月８日生,注４,,千株
1771,日本乾溜工業株式会社,2025-12-18,代表取締役 社長,兼 田 智 仁,1955年４月18日生,(注)３,普通株式 5,千株
1771,日本乾溜工業株式会社,2025-12-18,専務取締役,大 谷 友 昭,1960年12月２日生,(注)３,普通株式 2,千株
1771,日本乾溜工業株式会社,2025-12-18,取締役 経営管理本部長,濵 田 雄 幸,1971年７月28日生,(注)３,普通株式 8,千株
1771,日本乾溜工業株式会社,2025-12-18,取締役,春 山 九州男,1944年９月13日生,(注)３,,千株
1771,日本乾溜工業株式会社,2025-12-18,取締役,宇 野 耕,1957年２月２日生,(注)３,,千株
1771,日本乾溜工業株式会社,2025-12-18,監査役 （常勤）,前 島 顕 吾,1965年９月29日生,(注)４,,千株
1771,日本乾溜工業株式会社,2025-12-18,監査役,熊 谷 善 昭,1980年９月29日生,(注)４,,千株
1771,日本乾溜工業株式会社,2025-12-18,監査役,児 玉 邦 康,1972年７月23日生,(注)４,,千株
1771,日本乾溜工業株式会社,2025-12-18,代表取締役 社長,兼 田 智 仁,1955年４月18日生,(注)３,普通株式 5,千株
1771,日本乾溜工業株式会社,2025-12-18,専務取締役,大 谷 友 昭,1960年12月２日生,(注)３,普通株式 2,千株
1771,日本乾溜工業株式会社,2025-12-18,取締役 経営管理本部長,濵 田 雄 幸,1971年７月28日生,(注)３,普通株式 8,千株
1771,日本乾溜工業株式会社,2025-12-18,取締役,宇 野 耕,1957年２月２日生,(注)３,,千株
1771,日本乾溜工業株式会社,2025-12-18,取締役,松 田 豊 彦,1957年２月24日生,(注)３,,千株
1771,日本乾溜工業株式会社,2025-12-18,監査役 （常勤）,中 島 裕 慈,1965年５月28日生,(注)４,普通株式 3,千株
1771,日本乾溜工業株式会社,2025-12-18,監査役,熊 谷 善 昭,1980年９月29日生,(注)４,,千株
1771,日本乾溜工業株式会社,2025-12-18,監査役,児 玉 邦 康,1972年７月23日生,(注)４,,千株
1777,川崎設備工業株式会社,2026-06-22,代表取締役 社長,廣 江 勝 志,1960年８月６日生,(注) ３,68,千株
1777,川崎設備工業株式会社,2026-06-22,取締役専務執行役員,今 井 隆 博,1968年７月20日生,(注) ３,44,千株
1777,川崎設備工業株式会社,2026-06-22,取締役常務執行役員,松 尾 友 明,1968年１月26日生,(注) ３,,千株
1777,川崎設備工業株式会社,2026-06-22,取締役常務執行役員 経営統括本部長,髙 﨑 清,1965年６月18日生,(注) ３,,千株
1777,川崎設備工業株式会社,2026-06-22,取締役執行役員 技術統括本部長,山 崎 広,1966年２月11日生,(注) ３,17,千株
1777,川崎設備工業株式会社,2026-06-22,取締役執行役員 営業統括本部長,中 村 健 司,1963年３月７日生,(注) ３,2,千株
1777,川崎設備工業株式会社,2026-06-22,取締役,小 山 裕 康,1956年５月９日生,(注) ３,,千株
1777,川崎設備工業株式会社,2026-06-22,取締役,黒 柳 良 子,1987年７月５日生,(注) ３,,千株
1777,川崎設備工業株式会社,2026-06-22,取締役,笠 間 裕 治,1959年７月２日生,(注) ３,,千株
1777,川崎設備工業株式会社,2026-06-22,常勤監査役,福 村 宏 之,1962年９月21日生,(注) ４,,千株
1777,川崎設備工業株式会社,2026-06-22,監査役,椎 野 友 教,1976年12月13日生,(注) ５,,千株
1777,川崎設備工業株式会社,2026-06-22,監査役,福 田 郁 朗,1962年７月27日生,(注) ５,,千株
1777,川崎設備工業株式会社,2026-06-22,代表取締役 社長,廣 江 勝 志,1960年８月６日生,(注) ３,68,千株
1777,川崎設備工業株式会社,2026-06-22,取締役常務執行役員 営業本部長,中 村 健 司,1963年３月７日生,(注) ３,2,千株
1777,川崎設備工業株式会社,2026-06-22,取締役常務執行役員 経営企画本部長,髙 﨑 清,1965年６月18日生,(注) ３,,千株
1777,川崎設備工業株式会社,2026-06-22,取締役常務執行役員 技術統括本部長,服 部 正 幸,1969年12月３日生,(注) ３,,千株
1777,川崎設備工業株式会社,2026-06-22,取締役執行役員 東部支社長,山 崎 広,1966年２月11日生,(注) ３,17,千株
1777,川崎設備工業株式会社,2026-06-22,取締役執行役員 技術統括本部副本部長,田 中 正 義,1965年５月４日生,(注) ３,14,千株
1777,川崎設備工業株式会社,2026-06-22,取締役,小 山 裕 康,1956年５月９日生,(注) ３,,千株
1777,川崎設備工業株式会社,2026-06-22,取締役,笠 間 裕 治,1959年７月２日生,(注) ３,,千株
1777,川崎設備工業株式会社,2026-06-22,取締役,坪 井 梨 奈,1987年９月12日生,(注) ３,,千株
1777,川崎設備工業株式会社,2026-06-22,常勤監査役,浜 田 洋 次,1966年４月22日生,(注) ４,,千株
1777,川崎設備工業株式会社,2026-06-22,監査役,椎 野 友 教,1976年12月13日生,(注) ５,,千株
1777,川崎設備工業株式会社,2026-06-22,監査役,福 田 郁 朗,1962年７月27日生,(注) ５,,千株
177A,コージンバイオ株式会社,2026-06-23,代表取締役 社長,中村 孝人,1949年５月23日生,（注）３,"2,626,000（注）５",株
177A,コージンバイオ株式会社,2026-06-23,専務取締役 営業統括,中村 雄一,1978年８月29日生,（注）３,"53,000",株
177A,コージンバイオ株式会社,2026-06-23,取締役 研究統括,對比地 久義,1975年７月１日生,（注）３,"23,070",株
177A,コージンバイオ株式会社,2026-06-23,取締役,原 稔,1958年６月16日生,（注）３,"10,000",株
177A,コージンバイオ株式会社,2026-06-23,取締役,山本 龍太朗,1981年５月９日生,（注）３,,株
177A,コージンバイオ株式会社,2026-06-23,取締役,山野 智也子,1983年７月25日生,（注）３,200,株
177A,コージンバイオ株式会社,2026-06-23,常勤監査役,森兼 康博,1956年６月24日生,（注）４,"3,000",株
177A,コージンバイオ株式会社,2026-06-23,監査役,廣澤 一弘,1967年11月19日生,（注）４,"3,000",株
177A,コージンバイオ株式会社,2026-06-23,監査役,梅津 英明,1973年３月６日生,（注）４,,株
177A,コージンバイオ株式会社,2026-06-23,代表取締役会長,中村 孝人,1949年５月23日生,（注）３,"2,626,000（注）５",株
177A,コージンバイオ株式会社,2026-06-23,代表取締役社長 営業統括,中村 雄一,1978年８月29日生,（注）３,"53,000",株
177A,コージンバイオ株式会社,2026-06-23,取締役 研究統括,對比地 久義,1975年７月１日生,（注）３,"23,070",株
177A,コージンバイオ株式会社,2026-06-23,取締役,原 稔,1958年６月16日生,（注）３,"10,000",株
177A,コージンバイオ株式会社,2026-06-23,取締役 監査等委員,森兼 康博,1956年６月24日生,（注）４,"3,000",株
177A,コージンバイオ株式会社,2026-06-23,取締役 監査等委員,廣澤 一弘,1967年11月19日生,（注）４,"3,000",株
177A,コージンバイオ株式会社,2026-06-23,取締役 監査等委員,梅津 英明,1973年３月６日生,（注）４,,株
1780,株式会社　ヤマウラ,2026-06-25,代表取締役 社長,山 浦 正 貴,1971年５月28日生,(注)１,459,千株
1780,株式会社　ヤマウラ,2026-06-25,取締役,保 科 茂 雄,1956年９月９日生,(注)１,15,千株
1780,株式会社　ヤマウラ,2026-06-25,専務取締役 事業統括本部長 兼建設事業部長,藤 木 公 明,1958年８月22日生,(注)１,8,千株
1780,株式会社　ヤマウラ,2026-06-25,常務取締役 経営戦略本部長,赤 羽 一 成,1957年１月17日生,(注)１,17,千株
1780,株式会社　ヤマウラ,2026-06-25,取締役 技術本部長兼安全室長,中 谷 亘,1971年６月２日生,(注)１,14,千株
1780,株式会社　ヤマウラ,2026-06-25,取締役 (常勤監査等委員),萩 原 浩 一,1958年１月23日生,(注)２,,千株
1780,株式会社　ヤマウラ,2026-06-25,取締役 (監査等委員),中 坪 敬 治,1955年12月８日生,(注)２,,千株
1780,株式会社　ヤマウラ,2026-06-25,取締役 (監査等委員),神 戸 美 佳,1967年５月７日生,(注)３,,千株
1780,株式会社　ヤマウラ,2026-06-25,取締役 (監査等委員),安 部 正 明,1960年10月31日生,(注)２,,千株
1780,株式会社　ヤマウラ,2026-06-25,取締役 (監査等委員),中 村 文 雄,1957年11月28日生,(注)２,,千株
1780,株式会社　ヤマウラ,2026-06-25,代表取締役 社長,山 浦 正 貴,1971年５月28日生,(注)１,459,千株
1780,株式会社　ヤマウラ,2026-06-25,専務取締役 事業統括本部長 兼建設事業部長,藤 木 公 明,1958年８月22日生,(注)１,8,千株
1780,株式会社　ヤマウラ,2026-06-25,常務取締役 経営戦略本部長,赤 羽 一 成,1957年１月17日生,(注)１,17,千株
1780,株式会社　ヤマウラ,2026-06-25,取締役 技術本部長兼安全室長,中 谷 亘,1971年６月２日生,(注)１,14,千株
1780,株式会社　ヤマウラ,2026-06-25,取締役 (常勤監査等委員),萩 原 浩 一,1958年１月23日生,(注)２,,千株
1780,株式会社　ヤマウラ,2026-06-25,取締役 (監査等委員),神 戸 美 佳,1967年５月７日生,(注)３,,千株
1780,株式会社　ヤマウラ,2026-06-25,取締役 (監査等委員),安 部 正 明,1960年10月31日生,(注)２,,千株
1780,株式会社　ヤマウラ,2026-06-25,取締役 (監査等委員),中 村 文 雄,1957年11月28日生,(注)２,,千株
1783,株式会社ｆａｎｔａｓｉｓｔａ,2025-12-22,代表取締役社長,田 野 大 地,1970年２月10日生,（注）2,,千株
1783,株式会社ｆａｎｔａｓｉｓｔａ,2025-12-22,取締役,齋 藤 顕 次,1963年12月16日生,（注）2,,千株
1783,株式会社ｆａｎｔａｓｉｓｔａ,2025-12-22,取締役,伏 見 泰 治,1950年８月４日生,（注）2,,千株
1783,株式会社ｆａｎｔａｓｉｓｔａ,2025-12-22,取締役,埴 原 茂 幸,1955年９月27日生,（注）2,,千株
1783,株式会社ｆａｎｔａｓｉｓｔａ,2025-12-22,取締役,木 多 秀 夫,1957年10月22日生,（注）2,,千株
1783,株式会社ｆａｎｔａｓｉｓｔａ,2025-12-22,取締役 （常勤監査等委員）,山 本 光 一,1953年７月15日生,（注）3,,千株
1783,株式会社ｆａｎｔａｓｉｓｔａ,2025-12-22,取締役 （監査等委員）,藤 本 一 郎,1975年11月16日生,（注）3,,千株
1783,株式会社ｆａｎｔａｓｉｓｔａ,2025-12-22,取締役 （監査等委員）,藤 谷 彰 男,1950年７月８日生,（注）3,,千株
1783,株式会社ｆａｎｔａｓｉｓｔａ,2025-12-22,代表取締役社長,田 野 大 地,1970年２月10日生,（注）2,,千株
1783,株式会社ｆａｎｔａｓｉｓｔａ,2025-12-22,取締役,齋 藤 顕 次,1963年12月16日生,（注）2,,千株
1783,株式会社ｆａｎｔａｓｉｓｔａ,2025-12-22,取締役,保 住 光 良,1964年10月16日生,（注）2,,千株
1783,株式会社ｆａｎｔａｓｉｓｔａ,2025-12-22,取締役,伏 見 泰 治,1950年８月４日生,（注）2,,千株
1783,株式会社ｆａｎｔａｓｉｓｔａ,2025-12-22,取締役,植 杉 泰 久,1978年４月24日生,（注）2,,千株
1783,株式会社ｆａｎｔａｓｉｓｔａ,2025-12-22,取締役,牧 野 大 輔,1974年２月20日生,（注）2,,千株
1783,株式会社ｆａｎｔａｓｉｓｔａ,2025-12-22,取締役 （常勤監査等委員）,山 本 光 一,1953年７月15日生,（注）3,,千株
1783,株式会社ｆａｎｔａｓｉｓｔａ,2025-12-22,取締役 （監査等委員）,藤 本 一 郎,1975年11月16日生,（注）3,,千株
1783,株式会社ｆａｎｔａｓｉｓｔａ,2025-12-22,取締役 （監査等委員）,埴 原 茂 幸,1955年９月27日生,（注）3,,千株
1786,オリエンタル白石株式会社,2026-06-22,代表取締役 社長,照 井 満,1963年８月16日生,(注)3,"27,786",株
1786,オリエンタル白石株式会社,2026-06-22,取締役,大 野 達 也,1958年11月28日生,(注)3,"86,265",株
1786,オリエンタル白石株式会社,2026-06-22,取締役 専務執行役員 技術本部長 情報システム担当 技術本部業革推進部長 技術本部イノベーション・ディビジョン長,正 司 明 夫,1962年11月２日生,(注)3,"49,274",株
1786,オリエンタル白石株式会社,2026-06-22,取締役 常務執行役員 管理本部長 法務コンプライアンス担当 経営企画担当,橋 本 幸 彦,1962年３月４日生,(注)3,"44,551",株
1786,オリエンタル白石株式会社,2026-06-22,取締役 常務執行役員 営業本部長 建築担当,水 野 敏 昭,1961年４月５日生,(注)3,"17,401",株
1786,オリエンタル白石株式会社,2026-06-22,取締役,加 藤 英 明,1953年４月27日生,(注)3,,株
1786,オリエンタル白石株式会社,2026-06-22,取締役,酢 谷 裕 子 （戸籍上の氏名：田村裕子）,1982年４月16日生,(注)3,,株
1786,オリエンタル白石株式会社,2026-06-22,取締役,森 永 博 之,1952年10月25日生,(注)3,,株
1786,オリエンタル白石株式会社,2026-06-22,取締役,磯 和 春 美 （戸籍上の氏名：一石春美）,1963年４月12日生,(注)3,,株
1786,オリエンタル白石株式会社,2026-06-22,取締役 監査等委員 （常勤）,長 澤 明,1961年11月25日生,(注)4,"12,832",株
1786,オリエンタル白石株式会社,2026-06-22,取締役 監査等委員,小 島 公 彦,1972年４月19日生,(注)4,,株
1786,オリエンタル白石株式会社,2026-06-22,取締役 監査等委員,千 葉 直 人,1978年５月16日生,(注)4,,株
1786,オリエンタル白石株式会社,2026-06-22,代表取締役 社長,照 井 満,1963年８月16日生,(注)3,"27,786",株
1786,オリエンタル白石株式会社,2026-06-22,取締役 専務執行役員 技術本部長 情報システム担当 技術本部業革推進部長 技術本部イノベーション・ディビジョン長,正 司 明 夫,1962年11月２日生,(注)3,"49,274",株
1786,オリエンタル白石株式会社,2026-06-22,取締役 常務執行役員 管理本部長 法務コンプライアンス担当,橋 本 幸 彦,1962年３月４日生,(注)3,"44,551",株
1786,オリエンタル白石株式会社,2026-06-22,取締役 常務執行役員 営業本部長 建築担当,水 野 敏 昭,1961年４月５日生,(注)3,"17,401",株
1786,オリエンタル白石株式会社,2026-06-22,取締役,加 藤 英 明,1953年４月27日生,(注)3,,株
1786,オリエンタル白石株式会社,2026-06-22,取締役,酢 谷 裕 子 （戸籍上の氏名：田村裕子）,1982年４月16日生,(注)3,,株
1786,オリエンタル白石株式会社,2026-06-22,取締役,森 永 博 之,1952年10月25日生,(注)3,,株
1786,オリエンタル白石株式会社,2026-06-22,取締役,磯 和 春 美 （戸籍上の氏名：一石春美）,1963年４月12日生,(注)3,,株
1786,オリエンタル白石株式会社,2026-06-22,取締役 監査等委員 （常勤）,長 澤 明,1961年11月25日生,(注)4,"12,832",株
1786,オリエンタル白石株式会社,2026-06-22,取締役 監査等委員,小 島 公 彦,1972年４月19日生,(注)4,,株
1786,オリエンタル白石株式会社,2026-06-22,取締役 監査等委員,千 葉 直 人,1978年５月16日生,(注)4,,株
1787,株式会社ナカボーテック,2026-06-22,代表取締役社長 社長執行役員,宮地 誠,1964年１月30日生,注３,"1,841",株
1787,株式会社ナカボーテック,2026-06-22,代表取締役専務取締役専務執行役員 管理本部長 技術本部長,南 正信,1962年６月21日生,注３,"5,130",株
1787,株式会社ナカボーテック,2026-06-22,取締役 常務執行役員 事業本部長 東北支店長,濱田 昌宏,1966年２月３日生,注３,"7,733",株
1787,株式会社ナカボーテック,2026-06-22,取締役,中川 哲央,1948年４月10日生,注３,"64,350",株
1787,株式会社ナカボーテック,2026-06-22,取締役,若井 健太郎,1967年２月26日生,注３,,株
1787,株式会社ナカボーテック,2026-06-22,取締役,柴田 幸一郎,1961年４月17日生,注３,,株
1787,株式会社ナカボーテック,2026-06-22,取締役,岸 利治,1967年５月26日生,注３,,株
1787,株式会社ナカボーテック,2026-06-22,常勤監査役,星川 次夫,1964年３月９日生,注４,,株
1787,株式会社ナカボーテック,2026-06-22,監査役,山下 雅司,1962年10月４日生,注４,,株
1787,株式会社ナカボーテック,2026-06-22,監査役,大野 寿宏,1964年12月25日生,注４,,株
1787,株式会社ナカボーテック,2026-06-22,監査役,小畑 明彦,1961年４月28日生,注５,"1,500",株
1787,株式会社ナカボーテック,2026-06-22,代表取締役社長 社長執行役員,宮地 誠,1964年１月30日生,注３,"1,841",株
1787,株式会社ナカボーテック,2026-06-22,代表取締役専務取締役専務執行役員 管理本部長 技術本部長,南 正信,1962年６月21日生,注３,"5,130",株
1787,株式会社ナカボーテック,2026-06-22,取締役 常務執行役員 事業本部長 東北支店長,濱田 昌宏,1966年２月３日生,注３,"7,733",株
1787,株式会社ナカボーテック,2026-06-22,取締役,若井 健太郎,1967年２月26日生,注３,,株
1787,株式会社ナカボーテック,2026-06-22,取締役,柴田 幸一郎,1961年４月17日生,注３,,株
1787,株式会社ナカボーテック,2026-06-22,取締役,岸 利治,1967年５月26日生,注３,,株
1787,株式会社ナカボーテック,2026-06-22,取締役,大森 有理,1982年２月４日生,注３,,株
1787,株式会社ナカボーテック,2026-06-22,常勤監査役,星川 次夫,1964年３月９日生,注４,,株
1787,株式会社ナカボーテック,2026-06-22,監査役,大野 寿宏,1964年12月25日生,注４,,株
1787,株式会社ナカボーテック,2026-06-22,監査役,小畑 明彦,1961年４月28日生,注５,"1,500",株
1788,株式会社三東工業社,2025-09-29,代表取締役会長,奥田 克実,昭和24年12月11日生,（注）４,19,千株
1788,株式会社三東工業社,2025-09-29,代表取締役社長,杉本 修啓,昭和48年11月18日生,（注）４,2,千株
1788,株式会社三東工業社,2025-09-29,取締役 執行役員 土木事業本部長,山本 明登,昭和46年１月26日生,（注）４,1,千株
1788,株式会社三東工業社,2025-09-29,取締役 執行役員 建築事業本部長,柴田 隆,昭和45年７月７日生,（注）４,2,千株
1788,株式会社三東工業社,2025-09-29,取締役,古澤 一昭,昭和44年２月９日生,（注）４,8,千株
1788,株式会社三東工業社,2025-09-29,取締役 （監査等委員）,細川 礼昭,昭和32年９月３日生,（注）５,10,千株
1788,株式会社三東工業社,2025-09-29,取締役 （監査等委員）,津田 穂積,昭和43年10月９日生,（注）５,6,千株
1788,株式会社三東工業社,2025-09-29,取締役 （監査等委員）,西川 真美子,昭和50年７月17日生,（注）５,0,千株
1793,株式会社大本組,2026-06-24,代表取締役 社長,三 宅 啓 一,1968年１月20日生,(注)３,21,千株
1793,株式会社大本組,2026-06-24,取締役 建築本部長,青 木 一 也,1959年８月15日生,(注)３,9,千株
1793,株式会社大本組,2026-06-24,取締役 管理本部長 兼コンプライアンス担当,富 塚 照 彦,1956年７月11日生,(注)３,3,千株
1793,株式会社大本組,2026-06-24,取締役 土木本部長,福 武 栄 一,1962年１月26日生,(注)３,7,千株
1793,株式会社大本組,2026-06-24,取締役 営業本部長,五 十 嵐 裕,1965年５月18日生,(注)３,19,千株
1793,株式会社大本組,2026-06-24,取締役,光 岡 敬 一,1947年３月14日生,(注)３,,千株
1793,株式会社大本組,2026-06-24,取締役,河 野 裕 行,1971年２月９日生,(注)３,,千株
1793,株式会社大本組,2026-06-24,取締役,渡 邉 由 子,1966年４月９日生,(注)３,,千株
1793,株式会社大本組,2026-06-24,常勤監査役,吉 岡 敬 二,1958年５月６日生,(注)４,4,千株
1793,株式会社大本組,2026-06-24,監査役,植 村 義 人,1947年10月５日生,(注)５,,千株
1793,株式会社大本組,2026-06-24,監査役,小 亀 康 太 郎,1961年２月26日生,(注)６,,千株
1795,株式会社マサル,2025-12-24,代表取締役会長,苅谷 純,1958年 １月11日,(注)3,"26,545",株
1795,株式会社マサル,2025-12-24,代表取締役社長 社長室担当,勝又 健,1968年 11月13日,(注)3,"20,300",株
1795,株式会社マサル,2025-12-24,取締役副社長,操上 悦郎,1963年 ３月30日,(注)3,"12,000",株
1795,株式会社マサル,2025-12-24,取締役 営業推進室長兼 安全環境部担当,髙橋 聡一郎,1967年 10月７日,(注)3,"11,900",株
1795,株式会社マサル,2025-12-24,取締役 営業推進室副室長 （設計施主・営業情報分析担当）,蛭子屋 新一,1966年 ８月28日,(注)3,"8,600",株
1795,株式会社マサル,2025-12-24,取締役,七海 覚,1959年 10月24日,(注)3,200,株
1795,株式会社マサル,2025-12-24,取締役,細渕 英男,1956年 ２月22日,(注)3,,株
1795,株式会社マサル,2025-12-24,常勤監査役,中島 一三,1956年 12月13日,(注)4,,株
1795,株式会社マサル,2025-12-24,監査役,柴谷 晃,1955年 ９月27日,(注)4,200,株
1795,株式会社マサル,2025-12-24,監査役,石戸 喜二,1950年 ２月23日,(注)4,"1,300",株
1798,株式会社守谷商会,2026-06-18,取締役会長,吉澤 浩一郎,1954年７月４日生,(注)５,211,百株
1798,株式会社守谷商会,2026-06-18,代表取締役社長 執行役員社長,伊藤 由郁紀,1962年４月13日生,(注)５,88,百株
1798,株式会社守谷商会,2026-06-18,取締役相談役,伊藤 隆三,1948年11月４日生,(注)５,447,百株
1798,株式会社守谷商会,2026-06-18,取締役 専務執行役員 品質技術本部長兼 DX推進室担当兼 技術系職員教育担当,吉澤 正博,1962年５月22日生,(注)５,118,百株
1798,株式会社守谷商会,2026-06-18,取締役 専務執行役員 全社建築・営業統括 建築事業本部長,山﨑 光夫,1965年５月７日生,(注)５,106,百株
1798,株式会社守谷商会,2026-06-18,取締役 常務執行役員 長野建築本店長,山口 和彦,1962年８月31日生,(注)５,22,百株
1798,株式会社守谷商会,2026-06-18,取締役 執行役員 土木事業本部担当,田下 昌志,1962年１月18日生,(注)５,17,百株
1798,株式会社守谷商会,2026-06-18,取締役 執行役員 管理本部長兼 法務コンプライアンス室担当,久保 智,1964年2月22日生,(注)５,59,百株
1798,株式会社守谷商会,2026-06-18,取締役,舟見 英夫,1958年9月19日生,(注)５,,百株
1798,株式会社守谷商会,2026-06-18,常勤監査役,栁澤 久章,1965年８月13日生,(注)６,26,百株
1798,株式会社守谷商会,2026-06-18,監査役,鴇澤 裕,1975年１月28日生,(注)６,,百株
1798,株式会社守谷商会,2026-06-18,監査役,小林 泰,1967年３月９日生,(注)６,,百株
1799,第一建設工業株式会社,2026-06-24,代表取締役 社長 執行役員 社長,内田 海基夫,1960年６月27日生,（注）３,10,千株
1799,第一建設工業株式会社,2026-06-24,取締役 常務執行役員 線路本部長,堀山 功,1963年８月15日生,（注）３,3,千株
1799,第一建設工業株式会社,2026-06-24,取締役 常務執行役員 新潟支店長,佐々木 健一,1968年７月13日生,（注）３,7,千株
1799,第一建設工業株式会社,2026-06-24,取締役 常務執行役員 総務本部長,落合 美喜夫,1961年１月14日生,（注）３,5,千株
1799,第一建設工業株式会社,2026-06-24,取締役 常務執行役員 経営本部長,早川 晴彦,1969年５月15日生,（注）３,8,千株
1799,第一建設工業株式会社,2026-06-24,取締役,吉田 至夫,1952年６月22日生,（注）３,,千株
1799,第一建設工業株式会社,2026-06-24,取締役,長澤 徹,1973年９月21日生,（注）３,,千株
1799,第一建設工業株式会社,2026-06-24,取締役,石塚 かおり,1964年４月13日生,（注）３,,千株
1799,第一建設工業株式会社,2026-06-24,取締役常勤監査等委員,本田 孝,1959年６月11日生,（注）４,8,千株
1799,第一建設工業株式会社,2026-06-24,取締役監査等委員,田宮 武文,1962年12月13日生,（注）４,1,千株
1799,第一建設工業株式会社,2026-06-24,取締役監査等委員,常松 伸章,1975年７月11日生,（注）４,,千株
1799,第一建設工業株式会社,2026-06-24,取締役相談役,内田 海基夫,1960年６月27日生,（注）３,10,千株
1799,第一建設工業株式会社,2026-06-24,代表取締役 社長 執行役員 社長,下山 貴史,1965年５月９日生,（注）３,,千株
1799,第一建設工業株式会社,2026-06-24,取締役 常務執行役員 新潟支店長,佐々木 健一,1968年７月13日生,（注）３,7,千株
1799,第一建設工業株式会社,2026-06-24,取締役 常務執行役員 経営本部長 兼総務本部長,早川 晴彦,1969年５月15日生,（注）３,8,千株
1799,第一建設工業株式会社,2026-06-24,取締役,長澤 徹,1973年９月21日生,（注）３,,千株
1799,第一建設工業株式会社,2026-06-24,取締役,石塚 かおり,1964年４月13日生,（注）３,,千株
1799,第一建設工業株式会社,2026-06-24,取締役,吉田 丈夫,1985年８月12日生,（注）３,,千株
1799,第一建設工業株式会社,2026-06-24,取締役常勤監査等委員,本田 孝,1959年６月11日生,（注）４,8,千株
1799,第一建設工業株式会社,2026-06-24,取締役監査等委員,田宮 武文,1962年12月13日生,（注）４,1,千株
1799,第一建設工業株式会社,2026-06-24,取締役監査等委員,常松 伸章,1975年７月11日生,（注）４,,千株
1799,第一建設工業株式会社,2026-06-24,取締役監査等委員,大和 武彦,1956年６月29日生,（注）５,,千株
1801,大成建設株式会社,2026-06-16,代表取締役 会長,田 中 茂 義,1954年11月１日生,2025年６月 から１年,"20,900",株
1801,大成建設株式会社,2026-06-16,代表取締役 社長,相 川 善 郎,1957年９月20日生,2025年６月 から１年,"6,165",株
1801,大成建設株式会社,2026-06-16,代表取締役,笠 原 淳 一,1961年６月29日生,2025年６月 から１年,"2,991",株
1801,大成建設株式会社,2026-06-16,取締役,岡 田 正 彦,1959年１月22日生,2025年６月 から１年,"3,372",株
1801,大成建設株式会社,2026-06-16,取締役,白 川 賢 志,1960年12月12日生,2025年６月 から１年,"6,498",株
1801,大成建設株式会社,2026-06-16,取締役,山 浦 真 幸,1962年８月21日生,2025年６月 から１年,"2,717",株
1801,大成建設株式会社,2026-06-16,取締役,吉 野 雄一郎,1963年２月１日生,2025年６月 から１年,"4,092",株
1801,大成建設株式会社,2026-06-16,取締役,大 塚 紀 男（注）１,1950年７月５日生,2025年６月 から１年,"1,600",株
1801,大成建設株式会社,2026-06-16,取締役,國 分 文 也（注）１,1952年10月６日生,2025年６月 から１年,"1,600",株
1801,大成建設株式会社,2026-06-16,取締役,上 條 努（注）１,1954年１月６日生,2025年６月 から１年,800,株
1801,大成建設株式会社,2026-06-16,取締役,小 出 寛 子（注）１,1957年８月10日生,2025年６月 から１年,400,株
1801,大成建設株式会社,2026-06-16,常勤監査役,林 隆（注）３,1951年２月14日生,2023年６月 から４年,"5,400",株
1801,大成建設株式会社,2026-06-16,常勤監査役,奥 田 秀 一,1962年２月１日生,2023年６月 から４年,"4,050",株
1801,大成建設株式会社,2026-06-16,監査役,佐 藤 康 博（注）２,1952年４月15日生,2024年６月 から４年,,株
1801,大成建設株式会社,2026-06-16,監査役,大 原 慶 子（注）２、３,1959年10月18日生,2024年６月 から４年,,株
1801,大成建設株式会社,2026-06-16,監査役,宮 内 和 洋（注）２,1963年３月８日生,2024年６月 から４年,,株
1801,大成建設株式会社,2026-06-16,取締役,羽 場 幸 男,1963年８月７日生,2026年６月 から１年,"3,300",株
1801,大成建設株式会社,2026-06-16,取締役,大 原 慶 子（注）１,1959年10月18日生,2026年６月 から１年,,株
1801,大成建設株式会社,2026-06-16,取締役,西 澤 敬 二（注）１,1958年２月11日生,2026年６月 から１年,,株
1801,大成建設株式会社,2026-06-16,監査役,岡 田 正 彦,1959年１月22日生,2026年６月 から４年,"3,372",株
1801,大成建設株式会社,2026-06-16,監査役,植 村 京 子（注）２,1961年７月22日生,2026年６月 から４年,,株
1801,大成建設株式会社,2026-06-16,監査役,迫 田 裕 治（注）２,1968年６月26日生,2026年６月 から４年,,株
1802,株式会社大林組,2026-06-24,取締役会長 兼 取締役会議長,大 林 剛 郎,1954年６月９日生,１ (※１),"16,944,095",株
1802,株式会社大林組,2026-06-24,代表取締役 社長 兼 ＣＥＯ,佐 藤 俊 美,1960年４月６日生,１ (※１),"21,000",株
1802,株式会社大林組,2026-06-24,代表取締役 副社長執行役員,佐々木 嘉 仁,1959年８月25日生,１ (※１),"10,700",株
1802,株式会社大林組,2026-06-24,取締役 副会長,笹 川 淳,1958年４月１日生,１ (※１),"6,737",株
1802,株式会社大林組,2026-06-24,取締役,折 井 雅 子,1960年10月10日生,１ (※１),0,株
1802,株式会社大林組,2026-06-24,取締役,加 藤 広 之,1956年４月28日生,１ (※１),0,株
1802,株式会社大林組,2026-06-24,取締役,黒 田 由貴子,1963年９月24日生,１ (※１),100,株
1802,株式会社大林組,2026-06-24,取締役,注 連 浩 行,1952年２月10日生,１ (※１),200,株
1802,株式会社大林組,2026-06-24,取締役,池 川 喜 洋,1960年７月２日生,１ (※１),700,株
1802,株式会社大林組,2026-06-24,常勤監査役,岡 野 英一郎,1957年12月３日生,４ (※２),"8,800",株
1802,株式会社大林組,2026-06-24,常勤監査役,渡 邊 勲,1959年11月１日生,４ (※３),"3,000",株
1802,株式会社大林組,2026-06-24,監査役,山 口 悦 弘,1955年10月23日生,４ (※３),100,株
1802,株式会社大林組,2026-06-24,監査役,水 谷 英 滋,1957年８月29日生,４ (※３),500,株
1802,株式会社大林組,2026-06-24,監査役,桒 山 信 也,1954年６月22日生,４ (※４),"2,700",株
1802,株式会社大林組,2026-06-24,社長 兼 ＣＥＯ※,佐 藤 俊 美,,,,
1802,株式会社大林組,2026-06-24,副社長執行役員,川 上 宏 伸,,,,
1802,株式会社大林組,2026-06-24,副社長執行役員※,佐々木 嘉 仁,,,,
1802,株式会社大林組,2026-06-24,副社長執行役員,森 田 康 夫,,,,
1802,株式会社大林組,2026-06-24,副社長執行役員,矢 野 基,,,,
1802,株式会社大林組,2026-06-24,専務執行役員,後 藤 和 幸,,,,
1802,株式会社大林組,2026-06-24,専務執行役員,安 藤 賢 一,,,,
1802,株式会社大林組,2026-06-24,専務執行役員,枝 常 茂,,,,
1802,株式会社大林組,2026-06-24,専務執行役員,貞 利 光 昭,,,,
1802,株式会社大林組,2026-06-24,専務執行役員,竹 中 秀 文,,,,
1802,株式会社大林組,2026-06-24,常務執行役員,嘉 藤 洋 光,,,,
1802,株式会社大林組,2026-06-24,常務執行役員,髙 橋 太,,,,
1802,株式会社大林組,2026-06-24,常務執行役員,鬼 頭 俊 郎,,,,
1802,株式会社大林組,2026-06-24,常務執行役員,紅 林 徹 也,,,,
1802,株式会社大林組,2026-06-24,常務執行役員,佐 藤 公 彦,,,,
1802,株式会社大林組,2026-06-24,常務執行役員,新 田 浩二郎,,,,
1802,株式会社大林組,2026-06-24,常務執行役員,吉 﨑 収,,,,
1802,株式会社大林組,2026-06-24,常務執行役員,北 岡 隆 司,,,,
1802,株式会社大林組,2026-06-24,常務執行役員,三 井 和 俊,,,,
1802,株式会社大林組,2026-06-24,常務執行役員,杉 山 和 久,,,,
1802,株式会社大林組,2026-06-24,常務執行役員,鈴 木 淑 雄,,,,
1802,株式会社大林組,2026-06-24,常務執行役員,富 岡 孝 行,,,,
1802,株式会社大林組,2026-06-24,常務執行役員,古 瀨 耕 司,,,,
1802,株式会社大林組,2026-06-24,常務執行役員,秋 山 隆 之,,,,
1802,株式会社大林組,2026-06-24,常務執行役員,大 西 康 之,,,,
1802,株式会社大林組,2026-06-24,常務執行役員,鈴 木 直 行,,,,
1802,株式会社大林組,2026-06-24,常務執行役員,中 村 純,,,,
1802,株式会社大林組,2026-06-24,常務執行役員,鼻 戸 勝 紀,,,,
1802,株式会社大林組,2026-06-24,常務執行役員,Lee Aik Seng (リー・アイクセン),,,,
1802,株式会社大林組,2026-06-24,常務執行役員,近 藤 宏,,,,
1802,株式会社大林組,2026-06-24,執行役員,竹 内 淳,,,,
1802,株式会社大林組,2026-06-24,執行役員,山 中 司 信,,,,
1802,株式会社大林組,2026-06-24,執行役員,小野島 一,,,,
1802,株式会社大林組,2026-06-24,執行役員,柳 川 隆 一,,,,
1802,株式会社大林組,2026-06-24,執行役員,奥 脇 郁 夫,,,,
1802,株式会社大林組,2026-06-24,執行役員,伊 藤 剛,,,,
1802,株式会社大林組,2026-06-24,執行役員,井 上 昭 生,,,,
1802,株式会社大林組,2026-06-24,執行役員,今 川 卓 志,,,,
1802,株式会社大林組,2026-06-24,執行役員,岡 村 憲 治,,,,
1802,株式会社大林組,2026-06-24,執行役員,西 川 真 次,,,,
1802,株式会社大林組,2026-06-24,執行役員,矢 納 正 人,,,,
1802,株式会社大林組,2026-06-24,執行役員,安 部 浩,,,,
1802,株式会社大林組,2026-06-24,執行役員,浦 川 真 哉,,,,
1802,株式会社大林組,2026-06-24,執行役員,武 内 郁 夫,,,,
1802,株式会社大林組,2026-06-24,執行役員,山 浦 克 仁,,,,
1802,株式会社大林組,2026-06-24,執行役員,亀 田 綾 子,,,,
1802,株式会社大林組,2026-06-24,執行役員,新 居 努,,,,
1802,株式会社大林組,2026-06-24,執行役員,安 藤 剛,,,,
1802,株式会社大林組,2026-06-24,執行役員,浦 田 充 啓,,,,
1802,株式会社大林組,2026-06-24,執行役員,木 村 隆 之,,,,
1802,株式会社大林組,2026-06-24,執行役員,堺 雄一郎,,,,
1802,株式会社大林組,2026-06-24,執行役員,佐 野 剛 志,,,,
1802,株式会社大林組,2026-06-24,執行役員,高 木 昌 紀,,,,
1802,株式会社大林組,2026-06-24,執行役員,西 上 裕 之,,,,
1802,株式会社大林組,2026-06-24,執行役員,Pornchai Sittiyakorn (ポーンチャイ・ シティヤコーン),,,,
1802,株式会社大林組,2026-06-24,執行役員,足 立 邦 靖,,,,
1802,株式会社大林組,2026-06-24,執行役員,上 野 浩 二,,,,
1802,株式会社大林組,2026-06-24,執行役員,窪 田 欣 弥,,,,
1802,株式会社大林組,2026-06-24,執行役員,上 月 健 司,,,,
1802,株式会社大林組,2026-06-24,執行役員,里 中 禎 志,,,,
1802,株式会社大林組,2026-06-24,執行役員,瀬 田 安 隆,,,,
1802,株式会社大林組,2026-06-24,執行役員,土 山 元 治,,,,
1802,株式会社大林組,2026-06-24,執行役員,中 川 淳,,,,
1802,株式会社大林組,2026-06-24,執行役員,西 脇 里 志,,,,
1802,株式会社大林組,2026-06-24,執行役員,長谷川 靖 洋,,,,
1802,株式会社大林組,2026-06-24,執行役員,山 口 洋 平,,,,
1803,清水建設株式会社,2026-06-22,代表取締役会長,井 上 和 幸,1956年10月３日生,注３,"129,353",株
1803,清水建設株式会社,2026-06-22,代表取締役社長 社長執行役員,新 村 達 也,1961年10月27日生,注３,"32,181",株
1803,清水建設株式会社,2026-06-22,代表取締役副社長 副社長執行役員 土木総本部長 安全環境担当,池 田 謙太郎,1958年１月31日生,注３,"56,486",株
1803,清水建設株式会社,2026-06-22,取締役副社長 副社長執行役員 エンジニアリング事業担当 情報統括担当,関 口 猛,1958年９月19日生,注３,"54,652",株
1803,清水建設株式会社,2026-06-22,代表取締役副社長 副社長執行役員 建築総本部長 原子力・火力担当 スマートシティ推進担当 常盤橋プロジェクト総支配人,堤 義 人,1960年３月１日生,注３,"49,368",株
1803,清水建設株式会社,2026-06-22,取締役,清 水 規 昭,1972年10月11日生,注３,"1,032,912",株
1803,清水建設株式会社,2026-06-22,取締役,岩 本 保,1950年９月25日生,注３,"8,860",株
1803,清水建設株式会社,2026-06-22,取締役,川 田 順 一,1955年９月26日生,注３,"6,057",株
1803,清水建設株式会社,2026-06-22,取締役,田 村 真由美,1960年５月22日生,注３,"9,078",株
1803,清水建設株式会社,2026-06-22,取締役,定 塚 由美子,1962年３月19日生,注３,"6,057",株
1803,清水建設株式会社,2026-06-22,監査役 （常勤）,小 林 寛,1960年５月４日生,注５,"8,304",株
1803,清水建設株式会社,2026-06-22,監査役 （常勤）,平 山 知 彦,1965年８月29日生,注４,"8,818",株
1803,清水建設株式会社,2026-06-22,監査役 (非常勤),石 川 薫,1950年11月７日生,注５,902,株
1803,清水建設株式会社,2026-06-22,監査役 (非常勤),池 永 肇 恵,1961年１月23日生,注４,671,株
1803,清水建設株式会社,2026-06-22,監査役 (非常勤),四 方 光,1963年８月26日生,注６,"3,489",株
1803,清水建設株式会社,2026-06-22,代表取締役会長,井 上 和 幸,1956年10月３日生,注３,"129,353",株
1803,清水建設株式会社,2026-06-22,代表取締役社長 社長執行役員,新 村 達 也,1961年10月27日生,注３,"32,181",株
1803,清水建設株式会社,2026-06-22,代表取締役 副社長執行役員 建築総本部長 原子力・火力担当 スマートシティ推進担当 常盤橋プロジェクト総支配人,堤 義 人,1960年３月１日生,注３,"49,368",株
1803,清水建設株式会社,2026-06-22,代表取締役 副社長執行役員 土木総本部長 安全環境担当,齊 藤 武 文,1962年11月３日生,注３,"47,784",株
1803,清水建設株式会社,2026-06-22,取締役 専務執行役員 エンジニアリング事業担当 グリーンエネルギー事業担当 サステナビリティ担当 情報統括担当 イノベーション担当,森 井 満 男,1963年11月30日生,注３,"70,767",株
1803,清水建設株式会社,2026-06-22,取締役 常務執行役員 財務担当 ＩＲ担当 企業倫理室 副室長,山 口 充 穂,1964年４月26日生,注３,"6,066",株
1803,清水建設株式会社,2026-06-22,取締役,清 水 規 昭,1972年10月11日生,注３,"1,032,912",株
1803,清水建設株式会社,2026-06-22,取締役,川 田 順 一,1955年９月26日生,注３,"6,057",株
1803,清水建設株式会社,2026-06-22,取締役,田 村 真由美,1960年５月22日生,注３,"9,078",株
1803,清水建設株式会社,2026-06-22,取締役,定 塚 由美子,1962年３月19日生,注３,"6,057",株
1803,清水建設株式会社,2026-06-22,取締役,米 谷 佳 夫,1962年４月11日生,注３,,株
1803,清水建設株式会社,2026-06-22,監査役 （常勤）,小 林 寛,1960年５月４日生,注６,"8,304",株
1803,清水建設株式会社,2026-06-22,監査役 （常勤）,平 山 知 彦,1965年８月29日生,注５,"8,818",株
1803,清水建設株式会社,2026-06-22,監査役 (非常勤),石 川 薫,1950年11月７日生,注６,902,株
1803,清水建設株式会社,2026-06-22,監査役 (非常勤),池 永 肇 恵,1961年１月23日生,注５,671,株
1803,清水建設株式会社,2026-06-22,監査役 (非常勤),四 方 光,1963年８月26日生,注４,"3,489",株
1807,株式会社佐藤渡辺,2026-06-24,代表取締役社長 社長執行役員,鎌 田 修 治,1964年１月18日生,(注３),151,百株
1807,株式会社佐藤渡辺,2026-06-24,代表取締役専務執行役員 管理本部長,金 井 義 治,1958年９月25日生,(注３),141,百株
1807,株式会社佐藤渡辺,2026-06-24,取締役常務執行役員 営業本部長兼技術営業部長,大 山 龍 美,1960年10月６日生,(注３),71,百株
1807,株式会社佐藤渡辺,2026-06-24,取締役常務執行役員 工事本部長,橋 本 秀 浩,1962年11月23日生,(注３),85,百株
1807,株式会社佐藤渡辺,2026-06-24,取締役 (注１),古 川 裕 二,1961年９月24日生,(注３),,百株
1807,株式会社佐藤渡辺,2026-06-24,取締役 (注１),岡 田 英 理 香,1965年８月18日生,(注３),,百株
1807,株式会社佐藤渡辺,2026-06-24,監査役 （常勤）,木 地 本 寛 之,1964年２月18日生,(注５),9,百株
1807,株式会社佐藤渡辺,2026-06-24,監査役 (注２),石 原 祥 子,1970年５月14日生,(注４),,百株
1807,株式会社佐藤渡辺,2026-06-24,監査役 (注２),久 保 義 人,1962年10月27日生,(注４),,百株
1807,株式会社佐藤渡辺,2026-06-24,代表取締役社長 社長執行役員,鎌 田 修 治,1964年１月18日生,(注３),151,百株
1807,株式会社佐藤渡辺,2026-06-24,代表取締役常務執行役員 工事本部長,橋 本 秀 浩,1962年11月23日生,(注３),85,百株
1807,株式会社佐藤渡辺,2026-06-24,取締役常務執行役員 営業本部長兼技術営業部長,大 山 龍 美,1960年10月６日生,(注３),71,百株
1807,株式会社佐藤渡辺,2026-06-24,取締役執行役員 管理本部長兼経営企画室長,石 井 哲 也,1972年７月27日生,(注３),38,百株
1807,株式会社佐藤渡辺,2026-06-24,取締役 (注１),古 川 裕 二,1961年９月24日生,(注３),,百株
1807,株式会社佐藤渡辺,2026-06-24,取締役 (注１),岡 田 英 理 香,1965年８月18日生,(注３),,百株
1807,株式会社佐藤渡辺,2026-06-24,監査役 （常勤）,木 地 本 寛 之,1964年２月18日生,(注５),9,百株
1807,株式会社佐藤渡辺,2026-06-24,監査役 (注２),石 原 祥 子,1970年５月14日生,(注４),,百株
1807,株式会社佐藤渡辺,2026-06-24,監査役 (注２),久 保 義 人,1962年10月27日生,(注４),,百株
1808,株式会社　長谷工コーポレーション,2026-06-25,取締役会長,辻 範明,1952年12月10日生,(注)６,95,千株
1808,株式会社　長谷工コーポレーション,2026-06-25,代表取締役 副会長執行役員 グループ技術管掌,池上 一夫,1957年７月21日生,(注)６,40,千株
1808,株式会社　長谷工コーポレーション,2026-06-25,代表取締役社長,熊野 聡,1961年９月７日生,(注)６,46,千株
1808,株式会社　長谷工コーポレーション,2026-06-25,取締役 特別参与 （経営管理部門 エグゼクティブアドバイザー）,楢岡 祥之,1959年11月１日生,(注)６,45,千株
1808,株式会社　長谷工コーポレーション,2026-06-25,取締役 副社長執行役員 建設管掌 兼 グループ建設事業管掌,三森 国吉,1960年５月19日生,(注)６,32,千株
1808,株式会社　長谷工コーポレーション,2026-06-25,取締役 副社長執行役員 営業管掌 兼 グループ管理 ・運営事業管掌,山口 徹,1963年12月14日生,(注)６,31,千株
1808,株式会社　長谷工コーポレーション,2026-06-25,取締役 執行役員 経営管理部門 サステナビリティ推進・コーポレートコミュニケーション担当,吉村 直子,1967年４月５日生,(注)６,28,千株
1808,株式会社　長谷工コーポレーション,2026-06-25,取締役,一村 一彦,1953年４月29日生,(注)６,6,千株
1808,株式会社　長谷工コーポレーション,2026-06-25,取締役,長崎 真美,1973年12月13日生,(注)６,2,千株
1808,株式会社　長谷工コーポレーション,2026-06-25,取締役,小椋 敏勝,1953年８月26日生,(注)６,3,千株
1808,株式会社　長谷工コーポレーション,2026-06-25,取締役,藤井 健,1959年１月７日生,(注)６,,千株
1808,株式会社　長谷工コーポレーション,2026-06-25,常勤監査役,大門 栄城,1961年６月３日生,(注)４,14,千株
1808,株式会社　長谷工コーポレーション,2026-06-25,常勤監査役,筒井 範行,1962年６月１日生,(注)５,21,千株
1808,株式会社　長谷工コーポレーション,2026-06-25,監査役,福井 義高,1962年８月13日生,(注)３,2,千株
1808,株式会社　長谷工コーポレーション,2026-06-25,監査役,磯田 光男,1970年１月７日生,(注)３,1,千株
1808,株式会社　長谷工コーポレーション,2026-06-25,監査役,飯島 信幸,1961年８月26日生,(注)７,1,千株
1810,松井建設株式会社,2026-06-25,取締役社長 （代表取締役） 執行役員 社長,松 井 角 平,1962年８月18日生,（注）４,301,千株
1810,松井建設株式会社,2026-06-25,取締役 専務執行役員 営業本部長,片 山 剛,1962年11月21日生,（注）４,13,千株
1810,松井建設株式会社,2026-06-25,取締役 常務執行役員 東京支店長,金 子 勇,1957年４月14日生,（注）４,15,千株
1810,松井建設株式会社,2026-06-25,取締役 執行役員 管理本部長 ・兼コンプライアンス推進室担当,堀 博 之,1959年２月３日生,（注）４,16,千株
1810,松井建設株式会社,2026-06-25,取締役 執行役員 経営本部長,鈴 木 博 光,1958年10月29日生,（注）４,12,千株
1810,松井建設株式会社,2026-06-25,取締役 執行役員 ＤＸ推進部担当 ・兼営業本部営業担当,長谷川 浩市,1960年12月３日生,（注）４,8,千株
1810,松井建設株式会社,2026-06-25,取締役,鈴 木 裕 子,1982年７月22日生,（注）４,4,千株
1810,松井建設株式会社,2026-06-25,取締役,森 田 裕 三,1960年９月９日生,（注）４,1,千株
1810,松井建設株式会社,2026-06-25,取締役,藤 野 秀 吉,1959年10月11日生,（注）４,1,千株
1810,松井建設株式会社,2026-06-25,常勤監査役,大井川 清,1950年７月25日生,（注）５,44,千株
1810,松井建設株式会社,2026-06-25,監査役,山 口 素 子,1971年６月１日生,（注）６,3,千株
1810,松井建設株式会社,2026-06-25,監査役,森 田 庸 夫,1954年４月29日生,（注）７,2,千株
1810,松井建設株式会社,2026-06-25,取締役社長 （代表取締役） 執行役員 社長,松 井 角 平,1962年８月18日生,（注）４,301,千株
1810,松井建設株式会社,2026-06-25,取締役 専務執行役員 営業本部長,片 山 剛,1962年11月21日生,（注）４,13,千株
1810,松井建設株式会社,2026-06-25,取締役 常務執行役員 東京支店長,金 子 勇,1957年４月14日生,（注）４,15,千株
1810,松井建設株式会社,2026-06-25,取締役 執行役員 管理本部長 ・兼コンプライアンス推進室担当,堀 博 之,1959年２月３日生,（注）４,16,千株
1810,松井建設株式会社,2026-06-25,取締役 執行役員 経営本部長,鈴 木 博 光,1958年10月29日生,（注）４,12,千株
1810,松井建設株式会社,2026-06-25,取締役 執行役員 ＤＸ推進部担当 ・兼営業本部営業担当,長谷川 浩市,1960年12月３日生,（注）４,8,千株
1810,松井建設株式会社,2026-06-25,取締役,鈴 木 裕 子,1982年７月22日生,（注）４,4,千株
1810,松井建設株式会社,2026-06-25,取締役,森 田 裕 三,1960年９月９日生,（注）４,1,千株
1810,松井建設株式会社,2026-06-25,取締役,藤 野 秀 吉,1959年10月11日生,（注）４,1,千株
1810,松井建設株式会社,2026-06-25,常勤監査役,大井川 清,1950年７月25日生,（注）５,44,千株
1810,松井建設株式会社,2026-06-25,監査役,山 口 素 子,1971年６月１日生,（注）６,3,千株
1810,松井建設株式会社,2026-06-25,監査役,森 田 庸 夫,1954年４月29日生,（注）７,2,千株
1811,株式会社錢高組,2026-06-24,代表取締役 会長,銭高 善雄 （通称名 錢高一善）,1944年２月26日生,（注）１,78,千株
1811,株式会社錢高組,2026-06-24,代表取締役 社長 社長役員,銭高 久善,1973年９月13日生,（注）１,54,千株
1811,株式会社錢高組,2026-06-24,取締役 専務役員 総合支援本部長,銭高 丈善,1977年８月27日生,（注）１,32,千株
1811,株式会社錢高組,2026-06-24,取締役 専務役員 事業統轄本部 建築事業本部長,近藤 修,1958年３月31日生,（注）１,1,千株
1811,株式会社錢高組,2026-06-24,取締役 常務役員 事業統轄本部 土木事業本部長,田中 好秀,1968年２月５日生,（注）１,0,千株
1811,株式会社錢高組,2026-06-24,取締役,田尻 邦夫,1942年11月23日生,（注）１,,千株
1811,株式会社錢高組,2026-06-24,取締役,池田 全德,1953年１月22日生,（注）１,,千株
1811,株式会社錢高組,2026-06-24,常勤監査役,山崎 裕一,1959年１月29日生,（注）３,1,千株
1811,株式会社錢高組,2026-06-24,常勤監査役,巻尾 高澄,1961年４月28日生,（注）４,0,千株
1811,株式会社錢高組,2026-06-24,監査役,冨永 哲夫,1959年2月10日生,（注）３,,千株
1811,株式会社錢高組,2026-06-24,監査役,阪口 祐康,1963年１月18日生,（注）２,,千株
1811,株式会社錢高組,2026-06-24,代表取締役 会長,銭高 善雄 （通称名 錢高一善）,1944年２月26日生,（注）１,78,千株
1811,株式会社錢高組,2026-06-24,代表取締役 社長 社長役員,銭高 久善,1973年９月13日生,（注）１,54,千株
1811,株式会社錢高組,2026-06-24,取締役 専務役員 総合支援本部長,銭高 丈善,1977年８月27日生,（注）１,32,千株
1811,株式会社錢高組,2026-06-24,取締役 専務役員 事業統轄本部 建築事業本部長,近藤 修,1958年３月31日生,（注）１,1,千株
1811,株式会社錢高組,2026-06-24,取締役,田尻 邦夫,1942年11月23日生,（注）１,,千株
1811,株式会社錢高組,2026-06-24,取締役,池田 全德,1953年１月22日生,（注）１,,千株
1811,株式会社錢高組,2026-06-24,常勤監査役,山崎 裕一,1959年１月29日生,（注）３,1,千株
1811,株式会社錢高組,2026-06-24,常勤監査役,巻尾 高澄,1961年４月28日生,（注）４,0,千株
1811,株式会社錢高組,2026-06-24,監査役,冨永 哲夫,1959年2月10日生,（注）３,,千株
1811,株式会社錢高組,2026-06-24,監査役,阪口 祐康,1963年１月18日生,（注）２,,千株
1812,鹿島建設株式会社,2026-06-24,代表取締役会長兼社長 社長執行役員,押 味 至 一,1949年２月21日生,2025年 ６月から １年,86,千株
1812,鹿島建設株式会社,2026-06-24,代表取締役 副社長執行役員 海外担当,越 島 啓 介,1956年１月４日生,2025年 ６月から １年,31,千株
1812,鹿島建設株式会社,2026-06-24,代表取締役 副社長執行役員 土木管理本部長 安全担当,風 間 優,1957年11月19日生,2025年 ６月から １年,49,千株
1812,鹿島建設株式会社,2026-06-24,取締役 副社長執行役員 営業担当,石 川 洋,1959年３月９日生,2025年 ６月から １年,"2,596",千株
1812,鹿島建設株式会社,2026-06-24,取締役 副社長執行役員 総務管理本部長,勝 見 剛,1956年９月26日生,2025年 ６月から １年,47,千株
1812,鹿島建設株式会社,2026-06-24,取締役 常務執行役員 財務本部長,熊 野 隆,1959年７月１日生,2025年 ６月から １年,11,千株
1812,鹿島建設株式会社,2026-06-24,取締役,鈴 木 庸 一,1950年９月25日生,2025年 ６月から １年,2,千株
1812,鹿島建設株式会社,2026-06-24,取締役,斎 藤 保,1952年７月13日生,2025年 ６月から １年,3,千株
1812,鹿島建設株式会社,2026-06-24,取締役,飯 島 彰 己,1950年９月23日生,2025年 ６月から １年,2,千株
1812,鹿島建設株式会社,2026-06-24,取締役,寺 脇 一 峰,1954年４月13日生,2025年 ６月から １年,4,千株
1812,鹿島建設株式会社,2026-06-24,取締役,安 田 結 子,1961年９月16日生,2025年 ６月から １年,0,千株
1812,鹿島建設株式会社,2026-06-24,常勤監査役,中 川 雅 博,1958年１月５日生,2022年 ６月から ４年,6,千株
1812,鹿島建設株式会社,2026-06-24,常勤監査役,鈴 木 一 史,1960年10月10日生,2025年 ６月から ４年,5,千株
1812,鹿島建設株式会社,2026-06-24,常勤監査役,小 林 俊 明,1962年７月12日生,2024年 ６月から ４年,5,千株
1812,鹿島建設株式会社,2026-06-24,監査役,武 石 惠 美 子,1960年２月16日生,2023年 ６月から ４年,0,千株
1812,鹿島建設株式会社,2026-06-24,監査役,中 森 真 紀 子,1963年８月18日生,2024年 ６月から ４年,1,千株
1812,鹿島建設株式会社,2026-06-24,代表取締役会長,押 味 至 一,1949年２月21日生,2026年 ６月から １年,86,千株
1812,鹿島建設株式会社,2026-06-24,代表取締役社長 社長執行役員,桐 生 雅 文,1961年11月21日生,2026年 ６月から １年,18,千株
1812,鹿島建設株式会社,2026-06-24,代表取締役 副社長執行役員 海外担当,越 島 啓 介,1956年１月４日生,2026年 ６月から １年,31,千株
1812,鹿島建設株式会社,2026-06-24,代表取締役 副社長執行役員 土木管理本部長 安全担当,風 間 優,1957年11月19日生,2026年 ６月から １年,49,千株
1812,鹿島建設株式会社,2026-06-24,取締役 副社長執行役員 総務管理本部長,勝 見 剛,1956年９月26日生,2026年 ６月から １年,47,千株
1812,鹿島建設株式会社,2026-06-24,取締役 常務執行役員 財務本部長,熊 野 隆,1959年７月１日生,2026年 ６月から １年,11,千株
1812,鹿島建設株式会社,2026-06-24,取締役,斎 藤 保,1952年７月13日生,2026年 ６月から １年,3,千株
1812,鹿島建設株式会社,2026-06-24,取締役,飯 島 彰 己,1950年９月23日生,2026年 ６月から １年,2,千株
1812,鹿島建設株式会社,2026-06-24,取締役,安 田 結 子,1961年９月16日生,2026年 ６月から １年,0,千株
1812,鹿島建設株式会社,2026-06-24,取締役 監査等委員(常勤),小 林 俊 明,1962年７月12日生,2026年 ６月から ２年,5,千株
1812,鹿島建設株式会社,2026-06-24,取締役 監査等委員(常勤),大 森 映 治,1963年２月16日生,2026年 ６月から ２年,,千株
1812,鹿島建設株式会社,2026-06-24,取締役 監査等委員,寺 脇 一 峰,1954年４月13日生,2026年 ６月から ２年,4,千株
1812,鹿島建設株式会社,2026-06-24,取締役 監査等委員,武 石 惠 美 子,1960年２月16日生,2026年 ６月から ２年,0,千株
1812,鹿島建設株式会社,2026-06-24,取締役 監査等委員,中 森 真 紀 子,1963年８月18日生,2026年 ６月から ２年,1,千株
1813,株式会社不動テトラ,2026-06-18,代表取締役 社長,奥 田 眞 也,1955年１月９日生,(注）3,"10,152",株
1813,株式会社不動テトラ,2026-06-18,取締役 執行役員副社長 （土木事業・地盤事業・ブロック環境事業担当）,大 林 淳,1961年３月24日生,(注）3,"8,783",株
1813,株式会社不動テトラ,2026-06-18,取締役 常務執行役員 （管理本部・安全品質環境本部担当）,川 地 洋 治,1960年１月８日生,(注）3,"4,552",株
1813,株式会社不動テトラ,2026-06-18,取締役,大 沢 真 理,1953年４月４日生,(注）3,,株
1813,株式会社不動テトラ,2026-06-18,取締役,川 村 倫 大,1966年６月６日生,(注）3,,株
1813,株式会社不動テトラ,2026-06-18,取締役 監査等委員 （常勤）,三 浦 久美子,1962年１月19日生,(注）4,"3,657",株
1813,株式会社不動テトラ,2026-06-18,取締役 監査等委員,黒 田 清 行,1970年１月12日生,(注）4,,株
1813,株式会社不動テトラ,2026-06-18,取締役 監査等委員,鈴 木 昌 治,1954年12月６日生,(注）4,,株
1813,株式会社不動テトラ,2026-06-18,取締役 監査等委員,前 田 清,1954年７月９日生,(注）4,,株
1813,株式会社不動テトラ,2026-06-18,代表取締役 社長,奥 田 眞 也,1955年１月９日生,(注）3,"10,152",株
1813,株式会社不動テトラ,2026-06-18,代表取締役 執行役員副社長,大 林 淳,1961年３月24日生,(注）3,"8,783",株
1813,株式会社不動テトラ,2026-06-18,取締役 執行役員副社長 （土木事業本部長）,佐 藤 敬,1966年１月24日生,(注）3,"1,587",株
1813,株式会社不動テトラ,2026-06-18,取締役,大 沢 真 理,1953年４月４日生,(注）3,,株
1813,株式会社不動テトラ,2026-06-18,取締役,川 村 倫 大,1966年６月６日生,(注）3,,株
1813,株式会社不動テトラ,2026-06-18,取締役 監査等委員 （常勤）,三 浦 久美子,1962年１月19日生,(注）4,"3,657",株
1813,株式会社不動テトラ,2026-06-18,取締役 監査等委員,黒 田 清 行,1970年１月12日生,(注）4,,株
1813,株式会社不動テトラ,2026-06-18,取締役 監査等委員,鈴 木 昌 治,1954年12月６日生,(注）4,,株
1813,株式会社不動テトラ,2026-06-18,取締役 監査等委員,前 田 清,1954年７月９日生,(注）4,,株
1813,株式会社不動テトラ,2026-06-18,取締役 監査等委員,井 上 寅 喜,1956年９月６日生,(注）4,,株
1813,株式会社不動テトラ,2026-06-18,取締役 監査等委員,足 立 学,1977年３月10日生,(注）4,,株
1814,大末建設株式会社,2026-06-25,代表取締役社長,村尾 和則,1965年１月24日生,(注)３,"51,606",株
1814,大末建設株式会社,2026-06-25,代表取締役社長,村尾 和則,1965年１月24日生,(注)３,"(6,977)",株
1814,大末建設株式会社,2026-06-25,取締役 東京本店長,鶴 浩一郎,1963年10月６日生,(注)３,"20,109",株
1814,大末建設株式会社,2026-06-25,取締役 東京本店長,鶴 浩一郎,1963年10月６日生,(注)３,"(3,362)",株
1814,大末建設株式会社,2026-06-25,取締役,片岡 基宏,1965年８月11日生,(注)３,"22,843",株
1814,大末建設株式会社,2026-06-25,取締役,片岡 基宏,1965年８月11日生,(注)３,"(3,362)",株
1814,大末建設株式会社,2026-06-25,取締役 大阪本店長,松田 健城,1965年７月16日生,(注)３,"12,977",株
1814,大末建設株式会社,2026-06-25,取締役 大阪本店長,松田 健城,1965年７月16日生,(注)３,"(2,537)",株
1814,大末建設株式会社,2026-06-25,取締役,中庄谷 博規,1970年３月12日生,（注)３,,株
1814,大末建設株式会社,2026-06-25,取締役,中庄谷 博規,1970年３月12日生,（注)３,(－),株
1814,大末建設株式会社,2026-06-25,取締役,磯和 春美,1963年４月12日生,（注)３,635,株
1814,大末建設株式会社,2026-06-25,取締役,磯和 春美,1963年４月12日生,（注)３,(－),株
1814,大末建設株式会社,2026-06-25,取締役,梶原 祐理子,1963年10月13日生,（注)３,"1,147",株
1814,大末建設株式会社,2026-06-25,取締役,梶原 祐理子,1963年10月13日生,（注)３,(－),株
1814,大末建設株式会社,2026-06-25,取締役 （監査等委員）,前田 延宏,1953年８月14日生,(注)４,"9,445",株
1814,大末建設株式会社,2026-06-25,取締役 （監査等委員）,前田 延宏,1953年８月14日生,(注)４,(－),株
1814,大末建設株式会社,2026-06-25,取締役 （監査等委員）,安岡 正晃,1956年１月10日生,(注)４,906,株
1814,大末建設株式会社,2026-06-25,取締役 （監査等委員）,安岡 正晃,1956年１月10日生,(注)４,(－),株
1814,大末建設株式会社,2026-06-25,取締役 （監査等委員）,谷 明典,1975年５月29日生,(注)４,"1,339",株
1814,大末建設株式会社,2026-06-25,取締役 （監査等委員）,谷 明典,1975年５月29日生,(注)４,(－),株
1814,大末建設株式会社,2026-06-25,代表取締役社長,村尾 和則,1965年１月24日生,(注)３,"51,606",株
1814,大末建設株式会社,2026-06-25,代表取締役社長,村尾 和則,1965年１月24日生,(注)３,"(6,977)",株
1814,大末建設株式会社,2026-06-25,取締役 東京本店長,鶴 浩一郎,1963年10月６日生,(注)３,"20,109",株
1814,大末建設株式会社,2026-06-25,取締役 東京本店長,鶴 浩一郎,1963年10月６日生,(注)３,"(3,362)",株
1814,大末建設株式会社,2026-06-25,取締役,片岡 基宏,1965年８月11日生,(注)３,"22,843",株
1814,大末建設株式会社,2026-06-25,取締役,片岡 基宏,1965年８月11日生,(注)３,"(3,362)",株
1814,大末建設株式会社,2026-06-25,取締役 大阪本店長,松田 健城,1965年７月16日生,(注)３,"12,977",株
1814,大末建設株式会社,2026-06-25,取締役 大阪本店長,松田 健城,1965年７月16日生,(注)３,"(2,537)",株
1814,大末建設株式会社,2026-06-25,取締役,石丸 将仁,1970年７月７日生,(注)３,"16,609",株
1814,大末建設株式会社,2026-06-25,取締役,石丸 将仁,1970年７月７日生,(注)３,"(2,378)",株
1814,大末建設株式会社,2026-06-25,取締役,中庄谷 博規,1970年３月12日生,（注)３,,株
1814,大末建設株式会社,2026-06-25,取締役,中庄谷 博規,1970年３月12日生,（注)３,(－),株
1814,大末建設株式会社,2026-06-25,取締役,磯和 春美,1963年４月12日生,（注)３,635,株
1814,大末建設株式会社,2026-06-25,取締役,磯和 春美,1963年４月12日生,（注)３,(－),株
1814,大末建設株式会社,2026-06-25,取締役,梶原 祐理子,1963年10月13日生,（注)３,"1,147",株
1814,大末建設株式会社,2026-06-25,取締役,梶原 祐理子,1963年10月13日生,（注)３,(－),株
1814,大末建設株式会社,2026-06-25,取締役 （監査等委員）,谷 明典,1975年５月29日生,(注)４,"1,339",株
1814,大末建設株式会社,2026-06-25,取締役 （監査等委員）,谷 明典,1975年５月29日生,(注)４,(－),株
1814,大末建設株式会社,2026-06-25,取締役 （監査等委員）,郡司島 尚,1961年３月６日生,(注)４,,株
1814,大末建設株式会社,2026-06-25,取締役 （監査等委員）,郡司島 尚,1961年３月６日生,(注)４,(－),株
1814,大末建設株式会社,2026-06-25,取締役 （監査等委員）,小川 英次,1962年10月26日生,(注)４,,株
1814,大末建設株式会社,2026-06-25,取締役 （監査等委員）,小川 英次,1962年10月26日生,(注)４,(－),株
1815,鉄建建設株式会社,2026-06-23,代表取締役会長,伊藤泰司,1956年２月20日生,（注）３,96,百株
1815,鉄建建設株式会社,2026-06-23,代表取締役社長 執行役員社長,今井政人,1963年９月13日生,（注）３,7,百株
1815,鉄建建設株式会社,2026-06-23,代表取締役 執行役員副社長 ＤＸ推進室長,東海林 直人,1961年4月5日生,（注）３,90,百株
1815,鉄建建設株式会社,2026-06-23,取締役 管理本部担当,草刈昭博,1960年３月９日生,（注）３,50,百株
1815,鉄建建設株式会社,2026-06-23,取締役 常務執行役員 経営企画本部長 サステナビリティ推進室長,猪塚武志,1964年10月22日生,（注）３,33,百株
1815,鉄建建設株式会社,2026-06-23,取締役,池田克彦,1953年２月12日生,（注） １・３,,百株
1815,鉄建建設株式会社,2026-06-23,取締役,大内雅博,1968年１月17日生,（注） １・３,,百株
1815,鉄建建設株式会社,2026-06-23,取締役,富田 美栄子,1954年８月15日生,（注） １・３,,百株
1815,鉄建建設株式会社,2026-06-23,取締役,関谷恵美,1960年８月17日生,（注） １・３,,百株
1815,鉄建建設株式会社,2026-06-23,常勤監査役,金森明彦,1963年10月23日生,（注）４,7,百株
1815,鉄建建設株式会社,2026-06-23,常勤監査役,鶴巻敦宣,1966年３月６日生,（注）２・４,,百株
1815,鉄建建設株式会社,2026-06-23,監査役,木野綾子,1971年９月６日生,（注） ２・５,,百株
1815,鉄建建設株式会社,2026-06-23,補欠監査役,田中俊久,1958年６月６日生,,10,百株
1815,鉄建建設株式会社,2026-06-23,代表取締役会長,伊藤泰司,1956年２月20日生,（注）３,96,百株
1815,鉄建建設株式会社,2026-06-23,代表取締役社長 執行役員社長,今井政人,1963年９月13日生,（注）３,7,百株
1815,鉄建建設株式会社,2026-06-23,代表取締役 執行役員副社長 ＤＸ推進室長,東海林 直人,1961年4月5日生,（注）３,90,百株
1815,鉄建建設株式会社,2026-06-23,取締役 常務執行役員 経営企画本部長 サステナビリティ推進室長,猪塚武志,1964年10月22日生,（注）３,33,百株
1815,鉄建建設株式会社,2026-06-23,取締役 常務執行役員 管理本部長,内田浩之,1968年１月16日生,（注） ３,13,百株
1815,鉄建建設株式会社,2026-06-23,取締役,池田克彦,1953年２月12日生,（注） １・３,,百株
1815,鉄建建設株式会社,2026-06-23,取締役,大内雅博,1968年１月17日生,（注） １・３,,百株
1815,鉄建建設株式会社,2026-06-23,取締役,富田 美栄子,1954年８月15日生,（注） １・３,,百株
1815,鉄建建設株式会社,2026-06-23,取締役,関谷恵美,1960年８月17日生,（注） １・３,,百株
1815,鉄建建設株式会社,2026-06-23,常勤監査役,金森明彦,1963年10月23日生,（注）４,7,百株
1815,鉄建建設株式会社,2026-06-23,常勤監査役,鶴巻敦宣,1966年３月６日生,（注）２・４,,百株
1815,鉄建建設株式会社,2026-06-23,監査役,木野綾子,1971年９月６日生,（注） ２・５,,百株
1815,鉄建建設株式会社,2026-06-23,補欠監査役,田中俊久,1958年６月６日生,,10,百株
1820,西松建設株式会社,2026-06-19,代表取締役社長 執行役員社長,細 川 雅 一,1964年１月10日生,(注)1,7(4),千株
1820,西松建設株式会社,2026-06-19,代表取締役 執行役員副社長 コーポレート部門担当,一 色 眞 人,1959年４月10日生,(注)1,16(6),千株
1820,西松建設株式会社,2026-06-19,取締役 専務執行役員 管理統括室長・ IR担当,渋 井 修,1961年７月13日生,(注)1,6(3),千株
1820,西松建設株式会社,2026-06-19,取締役 常務執行役員 経営戦略室長,濵 﨑 伸 介,1964年５月21日生,(注)1,4(2),千株
1820,西松建設株式会社,2026-06-19,取締役 (常勤監査等委員),川 野 秀 之,1963年５月23日生,(注)2,0(-),千株
1820,西松建設株式会社,2026-06-19,取締役 (監査等委員),久 保 俊 裕,1953年４月５日生,(注)2,-(-),千株
1820,西松建設株式会社,2026-06-19,取締役 (監査等委員),伊 藤 弥 生,1964年３月１日生,(注)3,-(-),千株
1820,西松建設株式会社,2026-06-19,取締役 (監査等委員),大 下 元,1957年9月11日生,(注)2,-(-),千株
1820,西松建設株式会社,2026-06-19,取締役 (監査等委員),菊 地 美佐子,1961年8月2日生,(注)3,-(-),千株
1820,西松建設株式会社,2026-06-19,代表取締役社長 執行役員社長,細 川 雅 一,1964年１月10日生,(注)1,7(4),千株
1820,西松建設株式会社,2026-06-19,代表取締役 執行役員副社長 コーポレート部門担当,一 色 眞 人,1959年４月10日生,(注)1,16(6),千株
1820,西松建設株式会社,2026-06-19,取締役 専務執行役員 管理統括室長・ IR担当,渋 井 修,1961年７月13日生,(注)1,6(3),千株
1820,西松建設株式会社,2026-06-19,取締役 常務執行役員 経営戦略室長,濵 﨑 伸 介,1964年５月21日生,(注)1,4(2),千株
1820,西松建設株式会社,2026-06-19,取締役 (常勤監査等委員),川 野 秀 之,1963年５月23日生,(注)2,0(-),千株
1820,西松建設株式会社,2026-06-19,取締役 (監査等委員),久 保 俊 裕,1953年４月５日生,(注)2,-(-),千株
1820,西松建設株式会社,2026-06-19,取締役 (監査等委員),伊 藤 弥 生,1964年３月１日生,(注)3,-(-),千株
1820,西松建設株式会社,2026-06-19,取締役 (監査等委員),大 下 元,1957年9月11日生,(注)2,-(-),千株
1820,西松建設株式会社,2026-06-19,取締役 (監査等委員),菊 地 美佐子,1961年8月2日生,(注)3,-(-),千株
1822,大豊建設株式会社,2026-06-23,代表取締役 執行役員社長,益田 浩史,1959年２月17日生,(注)３,151,百株
1822,大豊建設株式会社,2026-06-23,代表取締役,森下 覚恵,1956年４月23日生,(注)３,378,百株
1822,大豊建設株式会社,2026-06-23,取締役 執行役員副社長,屋宮 康信,1958年９月24日生,(注)３,,百株
1822,大豊建設株式会社,2026-06-23,取締役 専務執行役員 建築本部長,中村 百樹,1960年12月24日生,(注)３,136,百株
1822,大豊建設株式会社,2026-06-23,取締役 専務執行役員 企画本部長,瀬知 昭彦,1961年３月９日生,(注)３,37,百株
1822,大豊建設株式会社,2026-06-23,取締役 常務執行役員 管理本部長,釘本 実,1960年11月６日生,(注)３,135,百株
1822,大豊建設株式会社,2026-06-23,取締役,麻生 巌,1974年７月17日生,(注)３,,百株
1822,大豊建設株式会社,2026-06-23,取締役,内藤 達次郎,1957年11月26日生,(注)３,,百株
1822,大豊建設株式会社,2026-06-23,取締役,藤田 和弘,1965年5月5日生,(注)３,,百株
1822,大豊建設株式会社,2026-06-23,取締役,大島 義孝,1970年1月20日生,(注)３,,百株
1822,大豊建設株式会社,2026-06-23,取締役,渥美 陽子,1984年3月12日生,(注)３,,百株
1822,大豊建設株式会社,2026-06-23,取締役,神谷 宗之介,1974年６月25日生,(注)３,,百株
1822,大豊建設株式会社,2026-06-23,取締役,加藤 智治,1974年９月８日生,(注)３,,百株
1822,大豊建設株式会社,2026-06-23,監査役 （常勤）,山﨑 祥一,1965年12月23日生,(注)４,64,百株
1822,大豊建設株式会社,2026-06-23,監査役 （非常勤）,市場 典子,1971年5月15日生,(注)４,,百株
1822,大豊建設株式会社,2026-06-23,監査役 （非常勤）,佐藤 寿一,1964年3月14日生,(注)４,,百株
1822,大豊建設株式会社,2026-06-23,補欠監査役,堀越 友香,1975年10月6日生,(注),,百株
1822,大豊建設株式会社,2026-06-23,※執行役員社長,益 田 浩 史,,,,
1822,大豊建設株式会社,2026-06-23,※執行役員副社長,屋 宮 康 信,,,,
1822,大豊建設株式会社,2026-06-23,※専務執行役員,中 村 百 樹,,,,
1822,大豊建設株式会社,2026-06-23,※専務執行役員,瀬 知 昭 彦,,,,
1822,大豊建設株式会社,2026-06-23,専務執行役員,浅 田 潤 一,,,,
1822,大豊建設株式会社,2026-06-23,※常務執行役員,釘 本 実,,,,
1822,大豊建設株式会社,2026-06-23,常務執行役員,高 畑 真 二,,,,
1822,大豊建設株式会社,2026-06-23,常務執行役員,松 岡 昭 二,,,,
1822,大豊建設株式会社,2026-06-23,常務執行役員,高 木 健 二,,,,
1822,大豊建設株式会社,2026-06-23,執行役員,石 合 仁 之,,,,
1822,大豊建設株式会社,2026-06-23,執行役員,岩 崎 延 宏,,,,
1822,大豊建設株式会社,2026-06-23,執行役員,帷 子 幸 一,,,,
1822,大豊建設株式会社,2026-06-23,執行役員,梅 原 良 典,,,,
1822,大豊建設株式会社,2026-06-23,執行役員,鈴 木 規 之,,,,
1822,大豊建設株式会社,2026-06-23,執行役員,軍 司 誠 一,,,,
1822,大豊建設株式会社,2026-06-23,執行役員,塩 田 雅 紀,,,,
1822,大豊建設株式会社,2026-06-23,執行役員,蓼 沼 史 彦,,,,
1822,大豊建設株式会社,2026-06-23,執行役員,柴 田 好 久,,,,
1822,大豊建設株式会社,2026-06-23,執行役員,小 坂 浩,,,,
1822,大豊建設株式会社,2026-06-23,執行役員,清 水 幹 雄,,,,
1822,大豊建設株式会社,2026-06-23,執行役員,佐 藤 明,,,,
1822,大豊建設株式会社,2026-06-23,執行役員,柿 澤 秀 幸,,,,
1822,大豊建設株式会社,2026-06-23,執行役員,石 原 哲 哉,,,,
1822,大豊建設株式会社,2026-06-23,執行役員,尾 下 智 一,,,,
1822,大豊建設株式会社,2026-06-23,代表取締役 執行役員社長,益田 浩史,1959年２月17日生,(注)３,151,百株
1822,大豊建設株式会社,2026-06-23,取締役 執行役員副社長,屋宮 康信,1958年９月24日生,(注)３,,百株
1822,大豊建設株式会社,2026-06-23,取締役 専務執行役員 建築本部長,中村 百樹,1960年12月24日生,(注)３,136,百株
1822,大豊建設株式会社,2026-06-23,取締役 専務執行役員 企画本部長,瀬知 昭彦,1961年３月９日生,(注)３,37,百株
1822,大豊建設株式会社,2026-06-23,取締役 専務執行役員 土木本部長,浅田 潤一,1962年３月６日生,(注)３,35,百株
1822,大豊建設株式会社,2026-06-23,取締役 常務執行役員 管理本部長,釘本 実,1960年11月６日生,(注)３,135,百株
1822,大豊建設株式会社,2026-06-23,取締役,麻生 巌,1974年７月17日生,(注)３,,百株
1822,大豊建設株式会社,2026-06-23,取締役,内藤 達次郎,1957年11月26日生,(注)３,,百株
1822,大豊建設株式会社,2026-06-23,取締役,藤田 和弘,1965年5月5日生,(注)３,,百株
1822,大豊建設株式会社,2026-06-23,取締役,大島 義孝,1970年1月20日生,(注)３,,百株
1822,大豊建設株式会社,2026-06-23,取締役,渥美 陽子,1984年3月12日生,(注)３,,百株
1822,大豊建設株式会社,2026-06-23,取締役,神谷 宗之介,1974年６月25日生,(注)３,,百株
1822,大豊建設株式会社,2026-06-23,取締役,加藤 智治,1974年９月８日生,(注)３,,百株
1822,大豊建設株式会社,2026-06-23,監査役 （常勤）,山﨑 祥一,1965年12月23日生,(注)４,64,百株
1822,大豊建設株式会社,2026-06-23,監査役 （非常勤）,市場 典子,1971年5月15日生,(注)４,,百株
1822,大豊建設株式会社,2026-06-23,監査役 （非常勤）,佐藤 寿一,1964年3月14日生,(注)４,,百株
1822,大豊建設株式会社,2026-06-23,補欠監査役,堀越 友香,1975年10月6日生,(注),,百株
1822,大豊建設株式会社,2026-06-23,※執行役員社長,益 田 浩 史,,,,
1822,大豊建設株式会社,2026-06-23,※執行役員副社長,屋 宮 康 信,,,,
1822,大豊建設株式会社,2026-06-23,※専務執行役員,中 村 百 樹,,,,
1822,大豊建設株式会社,2026-06-23,※専務執行役員,瀬 知 昭 彦,,,,
1822,大豊建設株式会社,2026-06-23,※専務執行役員,浅 田 潤 一,,,,
1822,大豊建設株式会社,2026-06-23,※常務執行役員,釘 本 実,,,,
1822,大豊建設株式会社,2026-06-23,常務執行役員,高 畑 真 二,,,,
1822,大豊建設株式会社,2026-06-23,常務執行役員,松 岡 昭 二,,,,
1822,大豊建設株式会社,2026-06-23,常務執行役員,高 木 健 二,,,,
1822,大豊建設株式会社,2026-06-23,執行役員,石 合 仁 之,,,,
1822,大豊建設株式会社,2026-06-23,執行役員,岩 崎 延 宏,,,,
1822,大豊建設株式会社,2026-06-23,執行役員,帷 子 幸 一,,,,
1822,大豊建設株式会社,2026-06-23,執行役員,梅 原 良 典,,,,
1822,大豊建設株式会社,2026-06-23,執行役員,鈴 木 規 之,,,,
1822,大豊建設株式会社,2026-06-23,執行役員,軍 司 誠 一,,,,
1822,大豊建設株式会社,2026-06-23,執行役員,塩 田 雅 紀,,,,
1822,大豊建設株式会社,2026-06-23,執行役員,蓼 沼 史 彦,,,,
1822,大豊建設株式会社,2026-06-23,執行役員,柴 田 好 久,,,,
1822,大豊建設株式会社,2026-06-23,執行役員,小 坂 浩,,,,
1822,大豊建設株式会社,2026-06-23,執行役員,清 水 幹 雄,,,,
1822,大豊建設株式会社,2026-06-23,執行役員,佐 藤 明,,,,
1822,大豊建設株式会社,2026-06-23,執行役員,柿 澤 秀 幸,,,,
1822,大豊建設株式会社,2026-06-23,執行役員,石 原 哲 哉,,,,
1822,大豊建設株式会社,2026-06-23,執行役員,尾 下 智 一,,,,
1826,佐田建設株式会社,2026-06-24,代表取締役社長,星 野 克 行,1959年１月19日生,（注）４,404,百株
1826,佐田建設株式会社,2026-06-24,取締役 専務執行役員 経営本部長,荒 井 清 彦,1957年４月25日生,（注）４,254,百株
1826,佐田建設株式会社,2026-06-24,取締役 常務執行役員 建築本部長,中 尾 信 芳,1956年11月９日生,（注）４,193,百株
1826,佐田建設株式会社,2026-06-24,取締役 常務執行役員 営業本部長,狩 野 純 公,1959年２月８日生,（注）４,191,百株
1826,佐田建設株式会社,2026-06-24,取締役 執行役員 管理本部長,堀 内 金 弘,1963年11月16日生,（注）４,147,百株
1826,佐田建設株式会社,2026-06-24,取締役 執行役員 土木本部長,中 島 克 仁,1959年3月24日生,（注）４,253,百株
1826,佐田建設株式会社,2026-06-24,取締役,富 岡 政 明,1955年10月12日生,（注）４,─,百株
1826,佐田建設株式会社,2026-06-24,取締役,桂 川 修 一,1958年２月25日生,（注）４,─,百株
1826,佐田建設株式会社,2026-06-24,取締役,上 原 美奈子,1965年２月３日生,（注）４,─,百株
1826,佐田建設株式会社,2026-06-24,取締役 （監査等委員）,渡 邊 秀 幸,1960年２月９日生,（注）５,81,百株
1826,佐田建設株式会社,2026-06-24,取締役 （監査等委員）,丸 山 和 貴,1951年６月24日生,（注）５,,百株
1826,佐田建設株式会社,2026-06-24,取締役 （監査等委員）,木 部 和 雄,1950年９月13日生,（注）５,,百株
1826,佐田建設株式会社,2026-06-24,※専務執行役員 経営本部長,荒 井 清 彦,,,,
1826,佐田建設株式会社,2026-06-24,※常務執行役員 建築本部長,中 尾 信 芳,,,,
1826,佐田建設株式会社,2026-06-24,※常務執行役員 営業本部長,狩 野 純 公,,,,
1826,佐田建設株式会社,2026-06-24,※執行役員 管理本部長,堀 内 金 弘,,,,
1826,佐田建設株式会社,2026-06-24,※執行役員 土木本部長,中 島 克 仁,,,,
1826,佐田建設株式会社,2026-06-24,執行役員 建築本部統括部長,吉 井 研 治,,,,
1826,佐田建設株式会社,2026-06-24,執行役員 大阪支店長,鈴 木 治 彦,,,,
1826,佐田建設株式会社,2026-06-24,執行役員 建築本部首都圏建築部長,稲 垣 三 也,,,,
1826,佐田建設株式会社,2026-06-24,執行役員 土木本部首都圏土木部長,深 沢 秀 樹,,,,
1826,佐田建設株式会社,2026-06-24,執行役員 栃木支店長,阿 部 良 一,,,,
1826,佐田建設株式会社,2026-06-24,執行役員 東京支店長,駒 井 宏 行,,,,
1826,佐田建設株式会社,2026-06-24,執行役員 土木本部統括部長,森 充 洋,,,,
1826,佐田建設株式会社,2026-06-24,執行役員 さいたま支店長,高 橋 伸 弥,,,,
1826,佐田建設株式会社,2026-06-24,執行役員 経営本部統括部長,萩 原 義 則,,,,
1826,佐田建設株式会社,2026-06-24,執行役員 営業本部統括部長兼本店長,茂 木 直 樹,,,,
1826,佐田建設株式会社,2026-06-24,代表取締役社長,星 野 克 行,1959年１月19日生,（注）４,404,百株
1826,佐田建設株式会社,2026-06-24,取締役 専務執行役員 経営本部長,荒 井 清 彦,1957年４月25日生,（注）４,254,百株
1826,佐田建設株式会社,2026-06-24,取締役 常務執行役員 営業本部長,狩 野 純 公,1959年２月８日生,（注）４,191,百株
1826,佐田建設株式会社,2026-06-24,取締役 執行役員 建築本部長,阿 部 良 一,1962年12月３日生,（注）４,56,百株
1826,佐田建設株式会社,2026-06-24,取締役 執行役員 土木本部長,森 充 洋,1963年６月５日生,（注）４,99,百株
1826,佐田建設株式会社,2026-06-24,取締役,丸 山 和 貴,1951年６月24日生,（注）４,,百株
1826,佐田建設株式会社,2026-06-24,取締役,上 原 美奈子,1965年２月３日生,（注）４,─,百株
1826,佐田建設株式会社,2026-06-24,取締役 （監査等委員）,中 島 克 仁,1959年３月24日生,（注）５,253,百株
1826,佐田建設株式会社,2026-06-24,取締役 （監査等委員）,木 部 和 雄,1950年９月13日生,（注）５,,百株
1826,佐田建設株式会社,2026-06-24,取締役 （監査等委員）,増 田 順 一,1957年１月16日生,（注）５,14,百株
1826,佐田建設株式会社,2026-06-24,取締役 （監査等委員）,桂 川 修 一,1958年２月25日生,（注）５,─,百株
1826,佐田建設株式会社,2026-06-24,※専務執行役員 経営本部長,荒 井 清 彦,,,,
1826,佐田建設株式会社,2026-06-24,※常務執行役員 営業本部長,狩 野 純 公,,,,
1826,佐田建設株式会社,2026-06-24,※執行役員 建築本部長,阿 部 良 一,,,,
1826,佐田建設株式会社,2026-06-24,※執行役員 土木本部長,森 充 洋,,,,
1826,佐田建設株式会社,2026-06-24,執行役員 建築本部統括部長,吉 井 研 治,,,,
1826,佐田建設株式会社,2026-06-24,執行役員 大阪支店長,鈴 木 治 彦,,,,
1826,佐田建設株式会社,2026-06-24,執行役員 建築本部首都圏建築部長,稲 垣 三 也,,,,
1826,佐田建設株式会社,2026-06-24,執行役員 土木本部統括部長,深 沢 秀 樹,,,,
1826,佐田建設株式会社,2026-06-24,執行役員 東京支店長,駒 井 宏 行,,,,
1826,佐田建設株式会社,2026-06-24,執行役員 さいたま支店長,高 橋 伸 弥,,,,
1826,佐田建設株式会社,2026-06-24,執行役員 経営本部統括部長,萩 原 義 則,,,,
1826,佐田建設株式会社,2026-06-24,執行役員 営業本部統括部長兼群馬本店長,茂 木 直 樹,,,,
1827,株式会社ナカノフドー建設,2026-06-24,代表取締役 社長,飯 塚 隆,1958年６月28日生,(注)４,26,千株
1827,株式会社ナカノフドー建設,2026-06-24,取締役 副社長,大 島 義 信,1973年10月17日生,(注)４,109,千株
1827,株式会社ナカノフドー建設,2026-06-24,取締役,加 藤 頼 宣,1959年４月28日生,(注)４,39,千株
1827,株式会社ナカノフドー建設,2026-06-24,取締役 常務執行役員,小 古 山 昇,1961年７月19日生,(注)４,19,千株
1827,株式会社ナカノフドー建設,2026-06-24,取締役,河 村 守 康,1949年９月13日生,(注)４,26,千株
1827,株式会社ナカノフドー建設,2026-06-24,取締役,福 田 誠,1942年６月20日生,(注)４,13,千株
1827,株式会社ナカノフドー建設,2026-06-24,取締役,小 髙 光 晴,1974年３月22日生,(注)４,16,千株
1827,株式会社ナカノフドー建設,2026-06-24,常勤監査役,中 野 功一郎,1952年８月４日生,(注)５,78,千株
1827,株式会社ナカノフドー建設,2026-06-24,常勤監査役,後 藤 俊 二,1958年３月６日生,(注)５,15,千株
1827,株式会社ナカノフドー建設,2026-06-24,監査役,山 谷 耕 平,1959年４月18日生,(注)５,15,千株
1827,株式会社ナカノフドー建設,2026-06-24,監査役,関 澤 秀 哲,1945年９月21日生,(注)５,8,千株
1828,田辺工業株式会社,2026-06-23,代表取締役 会長,四月朔日 義雄,1941年７月３日生,(注) ３,321,千株
1828,田辺工業株式会社,2026-06-23,代表取締役 社長,水澤 文雄,1955年４月22日生,(注) ３,58,千株
1828,田辺工業株式会社,2026-06-23,取締役,山口 久行,1956年６月15日生,(注) ３,33,千株
1828,田辺工業株式会社,2026-06-23,取締役,権守 勇一,1957年２月18日生,(注) ３,19,千株
1828,田辺工業株式会社,2026-06-23,取締役,青木 栄一,1960年９月25日生,(注) ３,17,千株
1828,田辺工業株式会社,2026-06-23,取締役,小野 哲也,1968年11月20日生,(注) ３,7,千株
1828,田辺工業株式会社,2026-06-23,取締役,横田 猶一,1953年６月17日生,(注) ３,,千株
1828,田辺工業株式会社,2026-06-23,取締役,野本 直樹,1958年12月24日生,(注) ３,,千株
1828,田辺工業株式会社,2026-06-23,常勤監査役,田中 稔,1958年１月１日生,(注) ４,6,千株
1828,田辺工業株式会社,2026-06-23,監査役,伊藤 秀夫,1954年８月１日生,(注) ５,,千株
1828,田辺工業株式会社,2026-06-23,監査役,島宗 隆一,1955年８月16日生,(注) ５,,千株
1828,田辺工業株式会社,2026-06-23,代表取締役 会長,四月朔日 義雄,1941年７月３日生,(注) ３,321,千株
1828,田辺工業株式会社,2026-06-23,代表取締役 社長,水澤 文雄,1955年４月22日生,(注) ３,58,千株
1828,田辺工業株式会社,2026-06-23,取締役,山口 久行,1956年６月15日生,(注) ３,33,千株
1828,田辺工業株式会社,2026-06-23,取締役,権守 勇一,1957年２月18日生,(注) ３,19,千株
1828,田辺工業株式会社,2026-06-23,取締役,青木 栄一,1960年９月25日生,(注) ３,17,千株
1828,田辺工業株式会社,2026-06-23,取締役,小野 哲也,1968年11月20日生,(注) ３,7,千株
1828,田辺工業株式会社,2026-06-23,取締役,横田 猶一,1953年６月17日生,(注) ３,,千株
1828,田辺工業株式会社,2026-06-23,取締役,野本 直樹,1958年12月24日生,(注) ３,,千株
1828,田辺工業株式会社,2026-06-23,常勤監査役,田中 稔,1958年１月１日生,(注) ４,6,千株
1828,田辺工業株式会社,2026-06-23,監査役,伊藤 秀夫,1954年８月１日生,(注) ５,,千株
1828,田辺工業株式会社,2026-06-23,監査役,島宗 隆一,1955年８月16日生,(注) ５,,千株
1832,株式会社北海電工,2026-06-24,取締役社長 社長執行役員 (代表取締役),藪 下 裕 己,1958年５月21日生,(注)３,4,千株
1832,株式会社北海電工,2026-06-24,取締役 常務執行役員 電力外事業総括 営業部・ 電設工事部・ 環境設備部・ 情報通信部 担当,今 野 正 章,1959年１月２日生,(注)３,11,千株
1832,株式会社北海電工,2026-06-24,取締役 常務執行役員 考査室・ 企画部・ 総務部・ 法務室・ 人事労務部・ 経理部・ 資材部 担当,山 上 祐 平,1962年11月16日生,(注)３,,千株
1832,株式会社北海電工,2026-06-24,取締役 常務執行役員 電力関連事業総括 配電部・ 計測器部・ 電力工事部・ 電力保守部 担当,菅 原 吉 隆,1964年８月12日生,(注)３,2,千株
1832,株式会社北海電工,2026-06-24,取締役,佐 藤 邦 弘,1967年３月25日生,(注)３,0,千株
1832,株式会社北海電工,2026-06-24,取締役,林 裕 司,1950年１月12日生,(注)３,4,千株
1832,株式会社北海電工,2026-06-24,取締役,米 田 和 志,1965年３月27日生,(注)３,0,千株
1832,株式会社北海電工,2026-06-24,常任監査役 （常勤）,黒 坂 洋 行,1963年２月18日生,(注)４,2,千株
1832,株式会社北海電工,2026-06-24,監査役,大 野 浩,1960年４月５日生,(注)５,,千株
1832,株式会社北海電工,2026-06-24,監査役,山 本 剛 司,1953年１月24日生,(注)４,3,千株
1832,株式会社北海電工,2026-06-24,監査役,後 藤 雅 春,1961年12月22日生,(注)４,,千株
1832,株式会社北海電工,2026-06-24,取締役社長 社長執行役員 (代表取締役),藪 下 裕 己,1958年５月21日生,(注)３,4,千株
1832,株式会社北海電工,2026-06-24,取締役 常務執行役員 電力外事業総括 営業部・ 電設工事部・ 環境設備部・ 情報通信部 担当,今 野 正 章,1959年１月２日生,(注)３,11,千株
1832,株式会社北海電工,2026-06-24,取締役 常務執行役員 経営管理総括 考査室・ 企画部・ 総務部・ 法務室・ 人事労務部・ 経理部・ 資材部 担当,山 上 祐 平,1962年11月16日生,(注)３,,千株
1832,株式会社北海電工,2026-06-24,取締役 常務執行役員 電力関連事業総括 配電部・ 計測器部・ 電力工事部・ 電力保守部 担当,菅 原 吉 隆,1964年８月12日生,(注)３,2,千株
1832,株式会社北海電工,2026-06-24,取締役 常務執行役員 安全品質部・ GXソリューション部・ 地中線部 担当,瀧 口 政 美,1962年12月18日生,(注)３,,千株
1832,株式会社北海電工,2026-06-24,取締役,桑 原 岳 広,1966年12月12日生,(注)３,,千株
1832,株式会社北海電工,2026-06-24,取締役,林 裕 司,1950年１月12日生,(注)３,4,千株
1832,株式会社北海電工,2026-06-24,取締役,米 田 和 志,1965年３月27日生,(注)３,0,千株
1832,株式会社北海電工,2026-06-24,常任監査役 （常勤）,黒 坂 洋 行,1963年２月18日生,(注)３,2,千株
1832,株式会社北海電工,2026-06-24,監査役,戸 巻 雄 一,1963年１月18日生,(注)３,,千株
1832,株式会社北海電工,2026-06-24,監査役,山 本 剛 司,1953年１月24日生,(注)３,3,千株
1832,株式会社北海電工,2026-06-24,監査役,後 藤 雅 春,1961年12月22日生,(注)３,,千株
1833,株式会社奥村組,2026-06-19,代表取締役 社長,奥 村 太加典,1962年３月15日生,2025年 6月から1年,"550,045",株
1833,株式会社奥村組,2026-06-19,代表取締役 専務執行役員 営業本部長,金 重 昌 宏,1966年３月８日生,2025年 6月から 1年,"13,710",株
1833,株式会社奥村組,2026-06-19,取締役 常務執行役員 西日本支社長,小 西 邦 武,1964年１月３日生,2025年 6月から1年,"13,047",株
1833,株式会社奥村組,2026-06-19,取締役 常務執行役員 東日本支社長,樫 木 正 成,1963年９月28日生,2025年 6月から1年,"9,781",株
1833,株式会社奥村組,2026-06-19,取締役 常務執行役員 土木本部長,中 谷 泰 之,1966年６月29日生,2025年 6月から 1年,"7,045",株
1833,株式会社奥村組,2026-06-19,代表取締役 常務執行役員 管理本部長,松 島 弘 幸,1966年４月27日生,2025年 6月から1年,"11,085",株
1833,株式会社奥村組,2026-06-19,取締役 執行役員 建築本部長,木 村 真 也,1967年８月７日生,2025年 6月から 1年,"5,503",株
1833,株式会社奥村組,2026-06-19,取締役,上 田 理恵子,1961年12月18日生,2025年 6月から 1年,600,株
1833,株式会社奥村組,2026-06-19,取締役 (監査等委員),小 寺 哲 夫,1953年３月21日生,2024年 6月から 2年,"2,695",株
1833,株式会社奥村組,2026-06-19,取締役 (常勤監査等委員),佐々木 晃,1966年５月３日生,2024年 6月から 2年,"10,166",株
1833,株式会社奥村組,2026-06-19,取締役 (監査等委員),西 原 健 二,1956年７月19日生,2024年 6月から 2年,"1,191",株
1833,株式会社奥村組,2026-06-19,取締役 (監査等委員),前 田 栄 治,1961年８月24日生,2024年 6月から 2年,600,株
1833,株式会社奥村組,2026-06-19,取締役 (監査等委員),廣 瀨 恭 子,1959年３月27日生,2024年 6月から 2年,600,株
1833,株式会社奥村組,2026-06-19,副社長執行役員,小 坂 肇,,,,
1833,株式会社奥村組,2026-06-19,※専務執行役員,金 重 昌 宏,,,,
1833,株式会社奥村組,2026-06-19,専務執行役員,大 西 亘,,,,
1833,株式会社奥村組,2026-06-19,専務執行役員,湯 山 和 利,,,,
1833,株式会社奥村組,2026-06-19,常務執行役員,林 孝 憲,,,,
1833,株式会社奥村組,2026-06-19,※常務執行役員,小 西 邦 武,,,,
1833,株式会社奥村組,2026-06-19,常務執行役員,中 田 峰 示,,,,
1833,株式会社奥村組,2026-06-19,※常務執行役員,樫 木 正 成,,,,
1833,株式会社奥村組,2026-06-19,※常務執行役員,中 谷 泰 之,,,,
1833,株式会社奥村組,2026-06-19,※常務執行役員,松 島 弘 幸,,,,
1833,株式会社奥村組,2026-06-19,常務執行役員,大 熊 一 由,,,,
1833,株式会社奥村組,2026-06-19,執行役員,安 井 義 則,,,,
1833,株式会社奥村組,2026-06-19,執行役員,町 田 博 紀,,,,
1833,株式会社奥村組,2026-06-19,執行役員,堀 順 一,,,,
1833,株式会社奥村組,2026-06-19,執行役員,山 本 祐 司,,,,
1833,株式会社奥村組,2026-06-19,執行役員,竹 國 一 也,,,,
1833,株式会社奥村組,2026-06-19,執行役員,梅 沢 雄 一,,,,
1833,株式会社奥村組,2026-06-19,※執行役員,木 村 真 也,,,,
1833,株式会社奥村組,2026-06-19,執行役員,北 野 孝 之,,,,
1833,株式会社奥村組,2026-06-19,執行役員,安 井 啓 祐,,,,
1833,株式会社奥村組,2026-06-19,執行役員,中 山 秀 樹,,,,
1833,株式会社奥村組,2026-06-19,執行役員,川 中 伸 彦,,,,
1833,株式会社奥村組,2026-06-19,執行役員,岡 村 正 典,,,,
1833,株式会社奥村組,2026-06-19,執行役員,下 部 裕 司,,,,
1833,株式会社奥村組,2026-06-19,執行役員,佐 藤 彰 芳,,,,
1833,株式会社奥村組,2026-06-19,執行役員,藤 本 義 浩,,,,
1833,株式会社奥村組,2026-06-19,執行役員,野 崎 文 隆,,,,
1833,株式会社奥村組,2026-06-19,執行役員,町 田 義 文,,,,
1833,株式会社奥村組,2026-06-19,執行役員,三 村 仁 士,,,,
1833,株式会社奥村組,2026-06-19,執行役員,角 谷 嘉 泰,,,,
1833,株式会社奥村組,2026-06-19,執行役員,久 野 和 敬,,,,
1833,株式会社奥村組,2026-06-19,執行役員,太 田 潤,,,,
1833,株式会社奥村組,2026-06-19,執行役員,加 藤 雅 一,,,,
1833,株式会社奥村組,2026-06-19,執行役員,大 川 俊 紀,,,,
1833,株式会社奥村組,2026-06-19,代表取締役 社長,奥 村 太加典,1962年３月15日生,2026年 6月から1年,"550,045",株
1833,株式会社奥村組,2026-06-19,代表取締役 専務執行役員 営業本部長,金 重 昌 宏,1966年３月８日生,2026年 6月から 1年,"13,710",株
1833,株式会社奥村組,2026-06-19,取締役 常務執行役員 西日本支社長,小 西 邦 武,1964年１月３日生,2026年 6月から1年,"13,047",株
1833,株式会社奥村組,2026-06-19,取締役 常務執行役員 東日本支社長,樫 木 正 成,1963年９月28日生,2026年 6月から1年,"9,781",株
1833,株式会社奥村組,2026-06-19,取締役 常務執行役員 土木本部長,中 谷 泰 之,1966年６月29日生,2026年 6月から 1年,"7,045",株
1833,株式会社奥村組,2026-06-19,代表取締役 常務執行役員 管理本部長,松 島 弘 幸,1966年４月27日生,2026年 6月から1年,"11,085",株
1833,株式会社奥村組,2026-06-19,取締役 執行役員 建築本部長,木 村 真 也,1967年８月７日生,2026年 6月から 1年,"5,503",株
1833,株式会社奥村組,2026-06-19,取締役,上 田 理恵子,1961年12月18日生,2026年 6月から 1年,600,株
1833,株式会社奥村組,2026-06-19,取締役 (監査等委員),前 田 栄 治,1961年８月24日生,2026年 6月から 2年,600,株
1833,株式会社奥村組,2026-06-19,取締役 (常勤監査等委員),佐々木 晃,1966年５月３日生,2026年 6月から 2年,"10,166",株
1833,株式会社奥村組,2026-06-19,取締役 (監査等委員),廣 瀨 恭 子,1959年３月27日生,2026年 6月から 2年,600,株
1833,株式会社奥村組,2026-06-19,取締役 (監査等委員),小 椋 栄 里,1968年２月12日生,2026年 6月から 2年,600,株
1833,株式会社奥村組,2026-06-19,取締役 (監査等委員),古 宮 久 枝,1970年12月19日生,2026年 6月から 2年,0,株
1833,株式会社奥村組,2026-06-19,副社長執行役員,小 坂 肇,,,,
1833,株式会社奥村組,2026-06-19,※専務執行役員,金 重 昌 宏,,,,
1833,株式会社奥村組,2026-06-19,専務執行役員,大 西 亘,,,,
1833,株式会社奥村組,2026-06-19,専務執行役員,湯 山 和 利,,,,
1833,株式会社奥村組,2026-06-19,常務執行役員,林 孝 憲,,,,
1833,株式会社奥村組,2026-06-19,※常務執行役員,小 西 邦 武,,,,
1833,株式会社奥村組,2026-06-19,常務執行役員,中 田 峰 示,,,,
1833,株式会社奥村組,2026-06-19,※常務執行役員,樫 木 正 成,,,,
1833,株式会社奥村組,2026-06-19,※常務執行役員,中 谷 泰 之,,,,
1833,株式会社奥村組,2026-06-19,※常務執行役員,松 島 弘 幸,,,,
1833,株式会社奥村組,2026-06-19,常務執行役員,大 熊 一 由,,,,
1833,株式会社奥村組,2026-06-19,執行役員,町 田 博 紀,,,,
1833,株式会社奥村組,2026-06-19,執行役員,堀 順 一,,,,
1833,株式会社奥村組,2026-06-19,執行役員,山 本 祐 司,,,,
1833,株式会社奥村組,2026-06-19,執行役員,竹 國 一 也,,,,
1833,株式会社奥村組,2026-06-19,執行役員,梅 沢 雄 一,,,,
1833,株式会社奥村組,2026-06-19,※執行役員,木 村 真 也,,,,
1833,株式会社奥村組,2026-06-19,執行役員,北 野 孝 之,,,,
1833,株式会社奥村組,2026-06-19,執行役員,安 井 啓 祐,,,,
1833,株式会社奥村組,2026-06-19,執行役員,中 山 秀 樹,,,,
1833,株式会社奥村組,2026-06-19,執行役員,川 中 伸 彦,,,,
1833,株式会社奥村組,2026-06-19,執行役員,岡 村 正 典,,,,
1833,株式会社奥村組,2026-06-19,執行役員,下 部 裕 司,,,,
1833,株式会社奥村組,2026-06-19,執行役員,佐 藤 彰 芳,,,,
1833,株式会社奥村組,2026-06-19,執行役員,藤 本 義 浩,,,,
1833,株式会社奥村組,2026-06-19,執行役員,野 崎 文 隆,,,,
1833,株式会社奥村組,2026-06-19,執行役員,町 田 義 文,,,,
1833,株式会社奥村組,2026-06-19,執行役員,三 村 仁 士,,,,
1833,株式会社奥村組,2026-06-19,執行役員,久 野 和 敬,,,,
1833,株式会社奥村組,2026-06-19,執行役員,太 田 潤,,,,
1833,株式会社奥村組,2026-06-19,執行役員,加 藤 雅 一,,,,
1833,株式会社奥村組,2026-06-19,執行役員,大 川 俊 紀,,,,
1835,東鉄工業株式会社,2026-06-11,取締役会長,前 川 忠 生,1955年12月６日生,(注)3,"14,800",株
1835,東鉄工業株式会社,2026-06-11,代表取締役社長 執行役員社長,伊 勢 勝 巳,1965年２月12日生,(注)3,"2,600",株
1835,東鉄工業株式会社,2026-06-11,取締役 専務執行役員 経営企画 本部長,下 村 光,1960年11月５日生,(注)3,"10,800",株
1835,東鉄工業株式会社,2026-06-11,取締役 常務執行役員 管理本部長,飯 塚 博 之,1964年３月11日生,(注)3,"6,000",株
1835,東鉄工業株式会社,2026-06-11,取締役 常務執行役員 建築本部長、ＤＸ推進室副室長,小 川 永 一,1962年９月22日生,(注)3,"3,500",株
1835,東鉄工業株式会社,2026-06-11,取締役 （非常勤）,髙 橋 清 孝,1957年３月10日生,(注)3,,株
1835,東鉄工業株式会社,2026-06-11,取締役 （非常勤）,中 山 洋,1953年12月15日生,(注)3,,株
1835,東鉄工業株式会社,2026-06-11,取締役 （非常勤）,深 山 美 弥,1972年６月13日生,(注)3,,株
1835,東鉄工業株式会社,2026-06-11,取締役 （非常勤）,玉 川 岳 洋,1968年７月30日生,(注)3,,株
1835,東鉄工業株式会社,2026-06-11,常勤監査役,新 妻 誠,1964年７月26日生,(注)4,"3,600",株
1835,東鉄工業株式会社,2026-06-11,常勤監査役,石 川 多 賀 子,1970年１月11日生,(注)5,,株
1835,東鉄工業株式会社,2026-06-11,監査役,松 井 巖,1953年12月13日生,(注)6,"3,200",株
1840,株式会社土屋ホールディングス,2026-01-26,代表取締役社長,土屋 昌三,1972年４月３日生,（注）２,870,千株
1840,株式会社土屋ホールディングス,2026-01-26,代表取締役 副社長,大吉 智浩,1964年６月15日生,（注）２,66,千株
1840,株式会社土屋ホールディングス,2026-01-26,取締役,菊地 英也,1960年９月17日生,（注）２,62,千株
1840,株式会社土屋ホールディングス,2026-01-26,取締役,所 哲三,1956年３月１日生,（注）２,45,千株
1840,株式会社土屋ホールディングス,2026-01-26,取締役,山川 浩司,1969年９月13日生,（注）２,22,千株
1840,株式会社土屋ホールディングス,2026-01-26,取締役,上諏訪 広,1964年３月17日生,（注）２,8,千株
1840,株式会社土屋ホールディングス,2026-01-26,取締役,手塚 純一,1951年５月19日生,（注）２,,千株
1840,株式会社土屋ホールディングス,2026-01-26,取締役,中田 美知子,1950年２月13日生,（注）２,,千株
1840,株式会社土屋ホールディングス,2026-01-26,取締役 （常勤監査等委員）,加地 祐美,1974年12月６日生,（注）３,8,千株
1840,株式会社土屋ホールディングス,2026-01-26,取締役 （監査等委員）,荒木 俊和,1982年11月１日生,（注）３,,千株
1840,株式会社土屋ホールディングス,2026-01-26,取締役 （監査等委員）,末永 仁宏,1944年４月28日生,（注）４,1,千株
1840,株式会社土屋ホールディングス,2026-01-26,代表取締役社長,土屋 昌三,1972年４月３日生,（注）２,870,千株
1840,株式会社土屋ホールディングス,2026-01-26,代表取締役 副社長,大吉 智浩,1964年６月15日生,（注）２,66,千株
1840,株式会社土屋ホールディングス,2026-01-26,取締役,菊地 英也,1960年９月17日生,（注）２,62,千株
1840,株式会社土屋ホールディングス,2026-01-26,取締役,所 哲三,1956年３月１日生,（注）２,45,千株
1840,株式会社土屋ホールディングス,2026-01-26,取締役,上諏訪 広,1964年３月17日生,（注）２,8,千株
1840,株式会社土屋ホールディングス,2026-01-26,取締役,中田 美知子,1950年２月13日生,（注）２,,千株
1840,株式会社土屋ホールディングス,2026-01-26,取締役 （常勤監査等委員）,加地 祐美,1974年12月６日生,（注）３,8,千株
1840,株式会社土屋ホールディングス,2026-01-26,取締役 （監査等委員）,荒木 俊和,1982年11月１日生,（注）３,,千株
1840,株式会社土屋ホールディングス,2026-01-26,取締役 （監査等委員）,岩野 浩介,1973年５月５日生,（注）３,,千株
1844,株式会社大盛工業,2025-10-28,代表取締役社長,栗城 幹雄,1967年４月７日,（注)４,,
1844,株式会社大盛工業,2025-10-28,取締役会長,山口 伸廣,1948年７月24日,（注)４,,
1844,株式会社大盛工業,2025-10-28,取締役相談役,福井 龍一,1955年２月21日,（注)４,,
1844,株式会社大盛工業,2025-10-28,取締役 土木本部長,織田 隆,1957年２月23日,（注)４,,
1844,株式会社大盛工業,2025-10-28,取締役 経営管理本部長,及川 光広,1962年７月４日,（注)４,,
1844,株式会社大盛工業,2025-10-28,取締役 事業開発本部長,尾﨑 忠弘,1972年３月26日,（注)４,,
1844,株式会社大盛工業,2025-10-28,取締役 （監査等委員）,池田 裕彦,1981年３月10日,（注)５,,
1844,株式会社大盛工業,2025-10-28,取締役 （監査等委員）,三浦 暢之,1953年12月31日,（注)５,,
1844,株式会社大盛工業,2025-10-28,取締役 （監査等委員）,熊谷 恵佑,1980年７月23日,（注)５,,
1844,株式会社大盛工業,2025-10-28,代表取締役社長,栗城 幹雄,1967年４月７日,（注)４,,
1844,株式会社大盛工業,2025-10-28,取締役相談役,福井 龍一,1955年２月21日,（注)４,,
1844,株式会社大盛工業,2025-10-28,取締役 土木本部長,織田 隆,1957年２月23日,（注)４,,
1844,株式会社大盛工業,2025-10-28,取締役 経営管理本部長,及川 光広,1962年７月４日,（注)４,,
1844,株式会社大盛工業,2025-10-28,取締役 事業開発本部長,尾﨑 忠弘,1972年３月26日,（注)４,,
1844,株式会社大盛工業,2025-10-28,取締役 （監査等委員）,池田 裕彦,1981年３月10日,（注)５,,
1844,株式会社大盛工業,2025-10-28,取締役 （監査等委員）,三浦 暢之,1953年12月31日,（注)５,,
1844,株式会社大盛工業,2025-10-28,取締役 （監査等委員）,鳥海 美穂,1964年１月22日,（注)５,,
1847,株式会社イチケン,2026-06-18,取締役会長,長谷川 博之,1960年２月４日生,(注)2,"23,800",株
1847,株式会社イチケン,2026-06-18,代表取締役社長 社長執行役員,政清 弘晃,1964年１月20日生,(注)2,"7,200",株
1847,株式会社イチケン,2026-06-18,取締役 常務執行役員 （事業本部長）,磯野 慶治,1961年５月18日生,(注)2,"14,200",株
1847,株式会社イチケン,2026-06-18,取締役 常務執行役員 （経営戦略本部長）,小谷 実弦,1964年４月６日生,(注)2,"8,600",株
1847,株式会社イチケン,2026-06-18,取締役,武内 秀明,1959年５月11日生,(注)2,,株
1847,株式会社イチケン,2026-06-18,取締役,伊知地 俊人,1963年７月29日生,(注)2,,株
1847,株式会社イチケン,2026-06-18,取締役,久保田 裕丈,1971年４月３日生,(注)2,,株
1847,株式会社イチケン,2026-06-18,取締役 （常勤監査等委員）,湯浅 史朗,1961年10月３日生,(注)3,,株
1847,株式会社イチケン,2026-06-18,取締役 （監査等委員）,初瀬 貴,1977年１月９日生,(注)3,,株
1847,株式会社イチケン,2026-06-18,取締役 （監査等委員）,井上 明子,1976年１月21日生,(注)3,,株
1847,株式会社イチケン,2026-06-18,取締役 （監査等委員）,城戸 澄仁,1974年12月３日生,(注)3,,株
1847,株式会社イチケン,2026-06-18,取締役会長,長谷川 博之,1960年２月４日生,(注)2,"23,800",株
1847,株式会社イチケン,2026-06-18,代表取締役社長 社長執行役員,政清 弘晃,1964年１月20日生,(注)2,"7,200",株
1847,株式会社イチケン,2026-06-18,取締役 常務執行役員 （事業本部長）,磯野 慶治,1961年５月18日生,(注)2,"14,200",株
1847,株式会社イチケン,2026-06-18,取締役 常務執行役員 （経営戦略本部長）,小谷 実弦,1964年４月６日生,(注)2,"8,600",株
1847,株式会社イチケン,2026-06-18,取締役,吉田 光夫,1964年10月26日生,(注)2,,株
1847,株式会社イチケン,2026-06-18,取締役,武内 秀明,1959年５月11日生,(注)2,,株
1847,株式会社イチケン,2026-06-18,取締役,伊知地 俊人,1963年７月29日生,(注)2,,株
1847,株式会社イチケン,2026-06-18,取締役,久保田 裕丈,1971年４月３日生,(注)2,,株
1847,株式会社イチケン,2026-06-18,取締役,太田代 光英,1963年５月24日生,(注)2,,株
1847,株式会社イチケン,2026-06-18,取締役 （常勤監査等委員）,湯浅 史朗,1961年10月３日生,(注)3,,株
1847,株式会社イチケン,2026-06-18,取締役 （監査等委員）,初瀬 貴,1977年１月９日生,(注)3,,株
1847,株式会社イチケン,2026-06-18,取締役 （監査等委員）,井上 明子,1976年１月21日生,(注)3,,株
1847,株式会社イチケン,2026-06-18,取締役 （監査等委員）,城戸 澄仁,1974年12月３日生,(注)3,,株
1848,株式会社富士ピー・エス,2026-06-22,代表取締役社長 執行役員社長,堤 忠彦,1959年11月３日生,(注)３,98,千株
1848,株式会社富士ピー・エス,2026-06-22,取締役 執行役員副社長 兼管理本部管掌,梅林 洋彦,1961年10月２日生,(注)３,59,千株
1848,株式会社富士ピー・エス,2026-06-22,取締役 安全品質管理室長,油田 康生,1960年４月５日生,(注)３,38,千株
1848,株式会社富士ピー・エス,2026-06-22,取締役 常務執行役員 九州支店長,田中 政章,1963年10月17日生,(注)３,26,千株
1848,株式会社富士ピー・エス,2026-06-22,取締役 考査室長,小宮 久文,1960年８月25日生,(注)３,19,千株
1848,株式会社富士ピー・エス,2026-06-22,取締役,田中 康徳,1965年10月17日生,(注)３,,千株
1848,株式会社富士ピー・エス,2026-06-22,取締役,松藤 悟,1964年９月５日生,(注)３,,千株
1848,株式会社富士ピー・エス,2026-06-22,取締役,的場 哲司,1966年10月13日生,(注)３,,千株
1848,株式会社富士ピー・エス,2026-06-22,取締役,波多江愛子,1970年６月３日生,(注)３,,千株
1848,株式会社富士ピー・エス,2026-06-22,常勤監査役,古賀 順一,1959年８月31日生,(注)４,10,千株
1848,株式会社富士ピー・エス,2026-06-22,常勤監査役,伊東 和幸,1958年２月１日生,(注)４,,千株
1848,株式会社富士ピー・エス,2026-06-22,監査役,小野 丈夫,1952年９月10日生,(注)５,,千株
1848,株式会社富士ピー・エス,2026-06-22,代表取締役社長 執行役員社長,堤 忠彦,1959年11月３日生,(注)３,98,千株
1848,株式会社富士ピー・エス,2026-06-22,取締役 執行役員副社長 兼管理本部管掌,梅林 洋彦,1961年10月２日生,(注)３,59,千株
1848,株式会社富士ピー・エス,2026-06-22,取締役 常務執行役員 九州支店長,田中 政章,1963年10月17日生,(注)３,26,千株
1848,株式会社富士ピー・エス,2026-06-22,取締役 常務執行役員 土木本部長,後小路 祥一,1965年４月19日生,(注)３,5,千株
1848,株式会社富士ピー・エス,2026-06-22,取締役,田中 康徳,1965年10月17日生,(注)３,,千株
1848,株式会社富士ピー・エス,2026-06-22,取締役,松藤 悟,1964年９月５日生,(注)３,,千株
1848,株式会社富士ピー・エス,2026-06-22,取締役,的場 哲司,1966年10月13日生,(注)３,,千株
1848,株式会社富士ピー・エス,2026-06-22,取締役,波多江愛子,1970年６月３日生,(注)３,,千株
1848,株式会社富士ピー・エス,2026-06-22,常勤監査役,小宮 久文,1960年８月25日生,(注)４,19,千株
1848,株式会社富士ピー・エス,2026-06-22,常勤監査役,石橋 雅代,1961年12月15日生,(注)５,,千株
1848,株式会社富士ピー・エス,2026-06-22,監査役,伊東 和幸,1958年２月１日生,(注)６,,千株
184A,株式会社学びエイド,2026-07-29,代表取締役 社長,廣政 愁一,1967年６月９日,(注)２,"390,200",株
184A,株式会社学びエイド,2026-07-29,取締役 管理部長兼 総務課長,杉浦 久恵,1983年11月27日,(注)２,,株
184A,株式会社学びエイド,2026-07-29,取締役,鈴木 健一,1973年12月15日,(注)２,"37,500",株
184A,株式会社学びエイド,2026-07-29,取締役 営業部長兼 営業１課長,平林 明日樹,1985年７月27日,(注)２,,株
184A,株式会社学びエイド,2026-07-29,取締役,隈井 恭子,1976年８月８日,(注)２,,株
184A,株式会社学びエイド,2026-07-29,取締役 監査等委員,小野 誉之,1965年１月11日,(注)３,,株
184A,株式会社学びエイド,2026-07-29,取締役 監査等委員,石塚 亮平,1980年７月19日,(注)３,,株
184A,株式会社学びエイド,2026-07-29,取締役 監査等委員,大西 ひとみ,1989年10月25日,(注)３,,株
184A,株式会社学びエイド,2026-07-29,代表取締役 会長,廣政 愁一,1967年６月９日,(注)２,"390,200",株
184A,株式会社学びエイド,2026-07-29,取締役 社長,小野 誉之,1965年１月11日,(注)２,,株
184A,株式会社学びエイド,2026-07-29,取締役 管理部長兼 総務課長,杉浦 久恵,1983年11月27日,(注)２,,株
184A,株式会社学びエイド,2026-07-29,取締役,鈴木 健一,1973年12月15日,(注)２,"37,500",株
184A,株式会社学びエイド,2026-07-29,取締役 営業部長兼 営業１課長,平林 明日樹,1985年７月27日,(注)２,,株
184A,株式会社学びエイド,2026-07-29,取締役,森光 直代,1961年12月27日,(注)２,,株
184A,株式会社学びエイド,2026-07-29,取締役 監査等委員,石塚 亮平,1980年７月19日,(注)３,,株
184A,株式会社学びエイド,2026-07-29,取締役 監査等委員,大西 ひとみ,1989年10月25日,(注)３,,株
184A,株式会社学びエイド,2026-07-29,取締役 監査等委員,亀山 菜美子,1982年４月６日,(注)４,,株
1850,南海辰村建設株式会社,2026-06-15,代表取締役 取締役会長,高 木 俊 之,1960年６月５日,(注) 2,100,百株
1850,南海辰村建設株式会社,2026-06-15,代表取締役 取締役社長 社長執行役員 〔内部監査室〕担当,浦 地 紅 陽,1963年10月16日,(注) 2,110,百株
1850,南海辰村建設株式会社,2026-06-15,取 締 役 専務執行役員 土木本部長,奥 村 透,1962年12月20日,(注) 2,27,百株
1850,南海辰村建設株式会社,2026-06-15,取 締 役 専務執行役員 経営統括本部長,楠 岡 英 人,1970年11月24日,(注) 2,20,百株
1850,南海辰村建設株式会社,2026-06-15,取 締 役,﨑 井 威 洋,1957年９月27日,(注) 2,15,百株
1850,南海辰村建設株式会社,2026-06-15,取 締 役,吉 田 成 夫,1959年１月30日,(注) 2,20,百株
1850,南海辰村建設株式会社,2026-06-15,取 締 役 (常勤監査等委員),久 保 洋 介,1963年11月22日,(注) 3,,百株
1850,南海辰村建設株式会社,2026-06-15,取 締 役 (監査等委員),土 居 和 良,1955年12月９日,(注) 3,,百株
1850,南海辰村建設株式会社,2026-06-15,取 締 役 (監査等委員),中 川 美 雪,1970年１月15日,(注) 3,,百株
1850,南海辰村建設株式会社,2026-06-15,取 締 役 (監査等委員),岸 本 一 藏,1965年６月10日,(注) 3,,百株
1850,南海辰村建設株式会社,2026-06-15,取 締 役 (監査等委員),今 枝 史 絵,1975年10月23日,(注) 3,,百株
1850,南海辰村建設株式会社,2026-06-15,代表取締役 取締役社長 社長執行役員 〔内部監査室〕担当,浦 地 紅 陽,1963年10月16日,(注) 2,110,百株
1850,南海辰村建設株式会社,2026-06-15,代表取締役 専務執行役員 経営統括本部長,楠 岡 英 人,1970年11月24日,(注) 2,20,百株
1850,南海辰村建設株式会社,2026-06-15,取 締 役 専務執行役員 土木本部長,奥 村 透,1962年12月20日,(注) 2,27,百株
1850,南海辰村建設株式会社,2026-06-15,取 締 役 常務執行役員 大阪建築本部長,山 岸 宏 朗,1961年10月19日,(注) 2,15,百株
1850,南海辰村建設株式会社,2026-06-15,取 締 役 常務執行役員 東京建築本部長 東京支店長,西 昭 彦,1963年３月30日,(注) 2,15,百株
1850,南海辰村建設株式会社,2026-06-15,取 締 役 (常勤監査等委員),久 保 洋 介,1963年11月22日,(注) 3,,百株
1850,南海辰村建設株式会社,2026-06-15,取 締 役 (監査等委員),土 居 和 良,1955年12月９日,(注) 3,,百株
1850,南海辰村建設株式会社,2026-06-15,取 締 役 (監査等委員),中 川 美 雪,1970年１月15日,(注) 3,,百株
1850,南海辰村建設株式会社,2026-06-15,取 締 役 (監査等委員),岸 本 一 藏,1965年６月10日,(注) 3,,百株
1850,南海辰村建設株式会社,2026-06-15,取 締 役 (監査等委員),今 枝 史 絵,1975年10月23日,(注) 3,,百株
1852,株式会社淺沼組,2026-06-18,代表取締役 社長執行役員,浅 沼 誠,1972年４月18日,(注)３,"1,445,891",株
1852,株式会社淺沼組,2026-06-18,代表取締役 専務執行役員 戦略企画本部長 戦略事業推進部長,豊 田 彰 啓,1959年２月15日,(注)３,"47,074",株
1852,株式会社淺沼組,2026-06-18,取締役 専務執行役員 建築事業本部長,藤 沢 正 宏,1959年５月15日,(注)３,"41,424",株
1852,株式会社淺沼組,2026-06-18,取締役 常務執行役員 土木事業本部長,寺 井 到,1960年３月12日,(注)３,"23,933",株
1852,株式会社淺沼組,2026-06-18,取締役 常務執行役員 管理本部長,八 木 良 道,1960年10月25日,(注)３,"27,133",株
1852,株式会社淺沼組,2026-06-18,取締役,森 川 卓 也,1959年10月７日,(注)３,,株
1852,株式会社淺沼組,2026-06-18,取締役,木 下 誠 也,1953年11月19日,(注)３,,株
1852,株式会社淺沼組,2026-06-18,取締役,里内 友貴子,1980年８月29日,(注)３,,株
1852,株式会社淺沼組,2026-06-18,常勤監査役,佐々木 勇 一,1961年２月７日,(注)４,"7,000",株
1852,株式会社淺沼組,2026-06-18,監査役,中 川 能 亨,1954年２月14日,(注)５,,株
1852,株式会社淺沼組,2026-06-18,監査役,木 村 知 子,1969年10月30日,(注)６,,株
1852,株式会社淺沼組,2026-06-18,監査役,大 工 舎 宏,1968年７月15日,(注)７,,株
1852,株式会社淺沼組,2026-06-18,代表取締役 社長執行役員,浅 沼 誠,1972年４月18日,(注)３,"1,445,891",株
1852,株式会社淺沼組,2026-06-18,代表取締役 専務執行役員 戦略企画本部長 戦略事業推進部長,豊 田 彰 啓,1959年２月15日,(注)３,"47,074",株
1852,株式会社淺沼組,2026-06-18,取締役 専務執行役員 建築事業本部長,藤 沢 正 宏,1959年５月15日,(注)３,"41,424",株
1852,株式会社淺沼組,2026-06-18,取締役 常務執行役員 土木事業本部長,寺 井 到,1960年３月12日,(注)３,"23,933",株
1852,株式会社淺沼組,2026-06-18,取締役 常務執行役員 管理本部長,八 木 良 道,1960年10月25日,(注)３,"27,133",株
1852,株式会社淺沼組,2026-06-18,取締役,森 川 卓 也,1959年10月７日,(注)３,,株
1852,株式会社淺沼組,2026-06-18,取締役,木 下 誠 也,1953年11月19日,(注)３,,株
1852,株式会社淺沼組,2026-06-18,取締役,里内 友貴子,1980年８月29日,(注)３,,株
1852,株式会社淺沼組,2026-06-18,常勤監査役,佐々木 勇 一,1961年２月７日,(注)４,"7,000",株
1852,株式会社淺沼組,2026-06-18,監査役,中 川 能 亨,1954年２月14日,(注)５,,株
1852,株式会社淺沼組,2026-06-18,監査役,木 村 知 子,1969年10月30日,(注)６,,株
1852,株式会社淺沼組,2026-06-18,監査役,大 工 舎 宏,1968年７月15日,(注)７,,株
1853,株式会社　森組,2026-06-25,代表取締役社長 社長執行役員 全社総括 経営管理本部長,内山 浩二,1965年12月６日生,(注)４,"44,800",株
1853,株式会社　森組,2026-06-25,取締役,吉田 裕司,1957年12月５日生,(注)４,"194,400",株
1853,株式会社　森組,2026-06-25,取締役 上席執行役員 建築事業本部副本部長 （東京管掌）,奥田 匡,1962年12月４日生,(注)４,"16,300",株
1853,株式会社　森組,2026-06-25,取締役 常務執行役員 建築事業本部長 大阪本店長（支配人）,宮本 貴彰,1962年10月20日生,(注)４,"51,900",株
1853,株式会社　森組,2026-06-25,取締役 常務執行役員 土木事業本部長,石井 勝則,1963年７月7日生,(注)４,"56,800",株
1853,株式会社　森組,2026-06-25,取締役 常務執行役員 建築事業本部 グループ営業担当,中園 明弘,1962年10月12日生,(注)４,"5,500",株
1853,株式会社　森組,2026-06-25,取締役,竹内 洋平,1981年９月21日生,(注)４,,株
1853,株式会社　森組,2026-06-25,取締役,近本 茂,1962年５月20日生,(注)４,,株
1853,株式会社　森組,2026-06-25,常勤監査役,平岡 三明,1957年２月４日生,(注)５,"57,700",株
1853,株式会社　森組,2026-06-25,監査役,今枝 史絵,1975年10月23日生,(注)６,,株
1853,株式会社　森組,2026-06-25,監査役,坂井 謙介,1964年２月10日生,(注)７,,株
1853,株式会社　森組,2026-06-25,代表取締役社長 社長執行役員 全社総括 経営管理本部長,内山 浩二,1965年12月６日生,(注)４,"44,800",株
1853,株式会社　森組,2026-06-25,取締役 上席執行役員 建築事業本部副本部長 （東京管掌）,奥田 匡,1962年12月４日生,(注)４,"16,300",株
1853,株式会社　森組,2026-06-25,取締役 常務執行役員 建築事業本部長 大阪本店長（支配人）,宮本 貴彰,1962年10月20日生,(注)４,"51,900",株
1853,株式会社　森組,2026-06-25,取締役 常務執行役員 土木事業本部長,石井 勝則,1963年７月7日生,(注)４,"56,800",株
1853,株式会社　森組,2026-06-25,取締役 常務執行役員 建築事業本部 グループ営業担当,中園 明弘,1962年10月12日生,(注)４,"5,500",株
1853,株式会社　森組,2026-06-25,取締役,竹内 洋平,1981年９月21日生,(注)４,,株
1853,株式会社　森組,2026-06-25,取締役,近本 茂,1962年５月20日生,(注)４,,株
1853,株式会社　森組,2026-06-25,常勤監査役,平岡 三明,1957年２月４日生,(注)５,"57,700",株
1853,株式会社　森組,2026-06-25,監査役,今枝 史絵,1975年10月23日生,(注)６,,株
1853,株式会社　森組,2026-06-25,監査役,坂井 謙介,1964年２月10日生,(注)７,,株
1860,戸田建設株式会社,2026-06-22,代表取締役 会長,今井 雅則,1952年７月21日生,(注３),33,千株
1860,戸田建設株式会社,2026-06-22,代表取締役 社長 執行役員社長,大谷 清介,1958年５月25日生,(注３),37,千株
1860,戸田建設株式会社,2026-06-22,取締役 執行役員副社長 コーポレート本部長,山嵜 俊博,1958年７月10日生,(注３),46,千株
1860,戸田建設株式会社,2026-06-22,取締役,伊丹 俊彦,1953年９月２日生,(注３),3,千株
1860,戸田建設株式会社,2026-06-22,取締役,荒金 久美,1956年７月４日生,(注３),7,千株
1860,戸田建設株式会社,2026-06-22,取締役,室井 雅博,1955年７月13日生,(注３),4,千株
1860,戸田建設株式会社,2026-06-22,取締役,水原 潔,1960年１月13日生,(注３),,千株
1860,戸田建設株式会社,2026-06-22,常勤監査役,百井 俊次,1958年５月27日生,(注４),,千株
1860,戸田建設株式会社,2026-06-22,常勤監査役,若林 英実,1956年８月27日生,(注５),9,千株
1860,戸田建設株式会社,2026-06-22,代表取締役 会長,今井 雅則,1952年７月21日生,(注３),33,千株
1860,戸田建設株式会社,2026-06-22,代表取締役 社長 執行役員社長,大谷 清介,1958年５月25日生,(注３),37,千株
1860,戸田建設株式会社,2026-06-22,取締役 執行役員副社長 コーポレート本部長,山嵜 俊博,1958年７月10日生,(注３),46,千株
1860,戸田建設株式会社,2026-06-22,取締役,伊丹 俊彦,1953年９月２日生,(注３),3,千株
1860,戸田建設株式会社,2026-06-22,取締役,荒金 久美,1956年７月４日生,(注３),7,千株
1860,戸田建設株式会社,2026-06-22,取締役,室井 雅博,1955年７月13日生,(注３),4,千株
1860,戸田建設株式会社,2026-06-22,取締役,水原 潔,1960年１月13日生,(注３),,千株
1860,戸田建設株式会社,2026-06-22,常勤監査役,百井 俊次,1958年５月27日生,(注４),,千株
1860,戸田建設株式会社,2026-06-22,常勤監査役,舘野 孝信,1959年４月27日生,(注５),10,千株
1861,株式会社　熊谷組,2026-06-25,取締役社長 （代表取締役） 執行役員社長,上 田 真,1961年12月23日生,2025年６月から１年間,254,百株
1861,株式会社　熊谷組,2026-06-25,取締役 （代表取締役） 執行役員副社長 技術担当、新事業担当、国際事業担当,岡 市 光 司,1960年４月３日生,2025年６月から１年間,134,百株
1861,株式会社　熊谷組,2026-06-25,取締役 専務執行役員 管理本部長、コンプライアンス担当、危機管理担当,谷 口 弘 恭,1963年２月10日生,2025年６月から１年間,110,百株
1861,株式会社　熊谷組,2026-06-25,取締役 専務執行役員 土木事業本部長、安全担当、品質・環境担当,小 野 哲 男,1963年６月28日生,2025年６月から１年間,89,百株
1861,株式会社　熊谷組,2026-06-25,取締役 専務執行役員 建築事業本部長、住友林業㈱協業推進担当,伊 藤 泰 治,1964年２月４日生,2025年６月から１年間,118,百株
1861,株式会社　熊谷組,2026-06-25,取締役,佐 藤 建,1955年12月14日生,2025年６月から１年間,,百株
1861,株式会社　熊谷組,2026-06-25,社外取締役,岡 田 茂,1953年２月27日生,2025年６月から１年間,123,百株
1861,株式会社　熊谷組,2026-06-25,社外取締役,桜 木 君 枝,1958年９月６日生,2025年６月から１年間,30,百株
1861,株式会社　熊谷組,2026-06-25,社外取締役,奈 良 正 哉,1958年12月13日生,2025年６月から１年間,24,百株
1861,株式会社　熊谷組,2026-06-25,取締役 （常勤監査等委員）,川 野 輪 政 浩,1963年３月10日生,2025年６月から２年間,63,百株
1861,株式会社　熊谷組,2026-06-25,社外取締役 （監査等委員）,山 田 章 雄,1955年２月24日生,2025年６月から２年間,49,百株
1861,株式会社　熊谷組,2026-06-25,社外取締役 （監査等委員）,上 田 美 帆,1972年１月19日生,2025年６月から２年間,18,百株
1861,株式会社　熊谷組,2026-06-25,執行役員社長,※ 上 田 真,,,,
1861,株式会社　熊谷組,2026-06-25,執行役員副社長 技術担当、新事業担当、国際事業担当,※ 岡 市 光 司,,,,
1861,株式会社　熊谷組,2026-06-25,専務執行役員 管理本部長、コンプライアンス担当、危機管理担当,※ 谷 口 弘 恭,,,,
1861,株式会社　熊谷組,2026-06-25,専務執行役員 土木事業本部長、安全担当、品質・環境担当,※ 小 野 哲 男,,,,
1861,株式会社　熊谷組,2026-06-25,専務執行役員 建築事業本部長、住友林業㈱協業推進担当,※ 伊 藤 泰 治,,,,
1861,株式会社　熊谷組,2026-06-25,専務執行役員 首都圏支店長,柏 原 貴 彦,,,,
1861,株式会社　熊谷組,2026-06-25,専務執行役員 東京建築支店長,山 下 雅 人,,,,
1861,株式会社　熊谷組,2026-06-25,常務執行役員 建築事業本部 副本部長（専任）、建築事業本部 都市開発統括部長、新事業開発本部 新事業企画推進担当,萩 田 義 夫,,,,
1861,株式会社　熊谷組,2026-06-25,常務執行役員 安全本部長,若 林 誠,,,,
1861,株式会社　熊谷組,2026-06-25,常務執行役員 建築事業本部 設計本部長,平 野 譲,,,,
1861,株式会社　熊谷組,2026-06-25,常務執行役員 首都圏支店 副支店長、首都圏支店 建築事業部長,増 森 秀 樹,,,,
1861,株式会社　熊谷組,2026-06-25,常務執行役員 名古屋支店長,林 大 輔,,,,
1861,株式会社　熊谷組,2026-06-25,常務執行役員 北陸支店長、北陸支店 特別プロジェクト室長,木 下 剛,,,,
1861,株式会社　熊谷組,2026-06-25,常務執行役員 北海道支店長,久保田 泰 史,,,,
1861,株式会社　熊谷組,2026-06-25,執行役員 土木事業本部 副本部長、土木事業本部 土木統括部長,中 山 猛,,,,
1861,株式会社　熊谷組,2026-06-25,執行役員 関西支店長,五十嵐 智 彦,,,,
1861,株式会社　熊谷組,2026-06-25,執行役員 経営戦略本部長,坂 井 秀 行,,,,
1861,株式会社　熊谷組,2026-06-25,執行役員 九州支店長,山 下 正 治,,,,
1861,株式会社　熊谷組,2026-06-25,執行役員 国際本部長,山 﨑 英 樹,,,,
1861,株式会社　熊谷組,2026-06-25,執行役員 中四国支店長,下 川 智 男,,,,
1861,株式会社　熊谷組,2026-06-25,執行役員 東京建築支店 副支店長、東京建築支店 建築事業部長,髙 﨑 裕,,,,
1861,株式会社　熊谷組,2026-06-25,執行役員 土木事業本部 副本部長、土木事業本部 営業統括部長,岩 崎 肇,,,,
1861,株式会社　熊谷組,2026-06-25,執行役員 技術本部長,大 本 晋士郎,,,,
1861,株式会社　熊谷組,2026-06-25,執行役員 新事業開発本部長,清 水 直 博,,,,
1861,株式会社　熊谷組,2026-06-25,執行役員 東北支店長,中 村 圭,,,,
1861,株式会社　熊谷組,2026-06-25,執行役員 建築事業本部 副本部長、建築事業本部 建築統括部長,伊 藤 潔,,,,
1861,株式会社　熊谷組,2026-06-25,執行役員 新事業開発本部 副本部長、新事業開発本部 新事業企画推進部長,新 井 誠,,,,
1861,株式会社　熊谷組,2026-06-25,取締役社長 （代表取締役） 執行役員社長,上 田 真,1961年12月23日生,2026年６月から１年間,254,百株
1861,株式会社　熊谷組,2026-06-25,取締役 専務執行役員 管理本部長、コンプライアンス担当、危機管理担当,谷 口 弘 恭,1963年２月10日生,2026年６月から１年間,110,百株
1861,株式会社　熊谷組,2026-06-25,取締役 専務執行役員 土木事業本部長、安全担当、品質・環境担当,小 野 哲 男,1963年６月28日生,2026年６月から１年間,89,百株
1861,株式会社　熊谷組,2026-06-25,取締役 専務執行役員 建築事業本部長、住友林業㈱協業推進担当,伊 藤 泰 治,1964年２月４日生,2026年６月から１年間,118,百株
1861,株式会社　熊谷組,2026-06-25,取締役,佐 藤 建,1955年12月14日生,2026年６月から１年間,,百株
1861,株式会社　熊谷組,2026-06-25,社外取締役,奈 良 正 哉,1958年12月13日生,2026年６月から１年間,24,百株
1861,株式会社　熊谷組,2026-06-25,社外取締役,猪 野 薫,1957年９月15日生,2026年６月から１年間,,百株
1861,株式会社　熊谷組,2026-06-25,社外取締役,渡 辺 えりさ,1965年２月25日生,2026年６月から１年間,,百株
1861,株式会社　熊谷組,2026-06-25,取締役 （常勤監査等委員）,島 田 和 則,1968年１月13日生,2026年６月から２年間,10,百株
1861,株式会社　熊谷組,2026-06-25,社外取締役 （監査等委員）,上 田 美 帆,1972年１月19日生,2025年６月から２年間,18,百株
1861,株式会社　熊谷組,2026-06-25,社外取締役 （監査等委員）,俵 洋 志,1963年６月24日生,2026年６月から２年間,,百株
1861,株式会社　熊谷組,2026-06-25,執行役員社長,※ 上 田 真,,,,
1861,株式会社　熊谷組,2026-06-25,執行役員副社長 技術担当、新事業担当、国際事業担当,岡 市 光 司,,,,
1861,株式会社　熊谷組,2026-06-25,専務執行役員 管理本部長、コンプライアンス担当、危機管理担当,※ 谷 口 弘 恭,,,,
1861,株式会社　熊谷組,2026-06-25,専務執行役員 土木事業本部長、安全担当、品質・環境担当,※ 小 野 哲 男,,,,
1861,株式会社　熊谷組,2026-06-25,専務執行役員 建築事業本部長、住友林業㈱協業推進担当,※ 伊 藤 泰 治,,,,
1861,株式会社　熊谷組,2026-06-25,専務執行役員 首都圏支店長,柏 原 貴 彦,,,,
1861,株式会社　熊谷組,2026-06-25,専務執行役員 東京建築支店長,山 下 雅 人,,,,
1861,株式会社　熊谷組,2026-06-25,常務執行役員 建築事業本部 副本部長（専任）、建築事業本部 都市開発統括部長、新事業開発本部 新事業企画推進担当,萩 田 義 夫,,,,
1861,株式会社　熊谷組,2026-06-25,常務執行役員 安全本部長,若 林 誠,,,,
1861,株式会社　熊谷組,2026-06-25,常務執行役員 建築事業本部 設計本部長,平 野 譲,,,,
1861,株式会社　熊谷組,2026-06-25,常務執行役員 首都圏支店 副支店長、首都圏支店 建築事業部長,増 森 秀 樹,,,,
1861,株式会社　熊谷組,2026-06-25,常務執行役員 名古屋支店長,林 大 輔,,,,
1861,株式会社　熊谷組,2026-06-25,常務執行役員 北陸支店長、北陸支店 特別プロジェクト室長,木 下 剛,,,,
1861,株式会社　熊谷組,2026-06-25,常務執行役員 北海道支店長,久保田 泰 史,,,,
1861,株式会社　熊谷組,2026-06-25,執行役員 土木事業本部 副本部長、土木事業本部 土木統括部長,中 山 猛,,,,
1861,株式会社　熊谷組,2026-06-25,執行役員 関西支店長,五十嵐 智 彦,,,,
1861,株式会社　熊谷組,2026-06-25,執行役員 経営戦略本部長,坂 井 秀 行,,,,
1861,株式会社　熊谷組,2026-06-25,執行役員 九州支店長,山 下 正 治,,,,
1861,株式会社　熊谷組,2026-06-25,執行役員 国際本部長,山 﨑 英 樹,,,,
1861,株式会社　熊谷組,2026-06-25,執行役員 中四国支店長,下 川 智 男,,,,
1861,株式会社　熊谷組,2026-06-25,執行役員 東京建築支店 副支店長、東京建築支店 建築事業部長,髙 﨑 裕,,,,
1861,株式会社　熊谷組,2026-06-25,執行役員 土木事業本部 副本部長、土木事業本部 営業統括部長,岩 崎 肇,,,,
1861,株式会社　熊谷組,2026-06-25,執行役員 技術本部長,大 本 晋士郎,,,,
1861,株式会社　熊谷組,2026-06-25,執行役員 新事業開発本部長,清 水 直 博,,,,
1861,株式会社　熊谷組,2026-06-25,執行役員 東北支店長,中 村 圭,,,,
1861,株式会社　熊谷組,2026-06-25,執行役員 建築事業本部 副本部長、建築事業本部 建築統括部長,伊 藤 潔,,,,
1861,株式会社　熊谷組,2026-06-25,執行役員 新事業開発本部 副本部長、新事業開発本部 新事業企画推進部長,新 井 誠,,,,
1866,北野建設株式会社,2026-06-26,代表取締役 会長兼社長 執行役員社長 情報企画本部長 （上席執行役員）,北野 貴裕,昭和38年10月６日生,（注）３,"106,456",株
1866,北野建設株式会社,2026-06-26,取締役 専務執行役員 技術本部長兼建築事業本部長 （上席執行役員）,山﨑 義勝,昭和26年９月22日生,（注）３,"37,840",株
1866,北野建設株式会社,2026-06-26,取締役 執行役員 人事本部長兼ブランディング・広報戦略室長 兼CSR推進室長 （上席執行役員）,久保 聡,昭和35年７月19日生,（注）３,"10,916",株
1866,北野建設株式会社,2026-06-26,取締役 執行役員 経営管理本部長兼 特命案件担当 （上席執行役員）,秋田 孝之,昭和38年12月９日生,（注）３,"4,816",株
1866,北野建設株式会社,2026-06-26,取締役,矢崎 ふみ子,昭和24年２月５日生,（注）３,,株
1866,北野建設株式会社,2026-06-26,取締役,杉浦 康之,昭和28年９月25日生,（注）３,,株
1866,北野建設株式会社,2026-06-26,常任（常勤） 監査役,滝沢 登,昭和24年６月２日生,（注）４,,株
1866,北野建設株式会社,2026-06-26,監査役,西田 孝,昭和28年９月28日生,（注）４,,株
1866,北野建設株式会社,2026-06-26,監査役,酒井 光一,昭和36年１月31日生,（注）４,,株
1866,北野建設株式会社,2026-06-26,※執行役員社長 （上席執行役員）,北 野 貴 裕,,,,
1866,北野建設株式会社,2026-06-26,※専務執行役員 （上席執行役員）,山 﨑 義 勝,,,,
1866,北野建設株式会社,2026-06-26,※執行役員 （上席執行役員）,久 保 聡,,,,
1866,北野建設株式会社,2026-06-26,※執行役員 （上席執行役員）,秋 田 孝 之,,,,
1866,北野建設株式会社,2026-06-26,常務執行役員,南 澤 光 弥,,,,
1866,北野建設株式会社,2026-06-26,執行役員,倉 科 和 喜,,,,
1866,北野建設株式会社,2026-06-26,執行役員,守 安 修 一,,,,
1866,北野建設株式会社,2026-06-26,執行役員,丸 山 譲,,,,
1866,北野建設株式会社,2026-06-26,執行役員,竹 内 俊 樹,,,,
1866,北野建設株式会社,2026-06-26,執行役員,塩 沢 豪,,,,
1866,北野建設株式会社,2026-06-26,執行役員,野 村 健 一,,,,
1866,北野建設株式会社,2026-06-26,執行役員,清 水 正 剛,,,,
1866,北野建設株式会社,2026-06-26,執行役員,長 井 倫,,,,
1866,北野建設株式会社,2026-06-26,執行役員,坂 本 千 尋,,,,
1866,北野建設株式会社,2026-06-26,執行役員,松 本 吉 生,,,,
1867,株式会社植木組,2026-06-24,代表取締役 会長,植木 義明,1953年２月21日生,(注)2,"206,010",株
1867,株式会社植木組,2026-06-24,代表取締役 社長,日下部 久夫,1959年12月27日生,(注)2,"11,508",株
1867,株式会社植木組,2026-06-24,取締役 専務執行役員 管理統括部長 総務部長,植木 豊,1963年２月21日生,(注)2,"13,424",株
1867,株式会社植木組,2026-06-24,取締役 常務執行役員 経営企画室長 内部監査室長,力石 正仁,1961年９月17日生,(注)2,"4,238",株
1867,株式会社植木組,2026-06-24,取締役,渡辺 英美子,1959年７月21日生,(注)2,,株
1867,株式会社植木組,2026-06-24,取締役 (監査等委員),上石 邦彦,1961年12月21日生,(注)3,"5,000",株
1867,株式会社植木組,2026-06-24,取締役 (監査等委員),深澤 邦光,1946年１月８日生,(注)3,"6,400",株
1867,株式会社植木組,2026-06-24,取締役 (監査等委員),種岡 弘明,1952年６月14日生,(注)3,600,株
1869,名工建設株式会社,2026-06-25,代表取締役 社長執行役員,松野 篤二,1957年１月20日生,(注)３,68,百株
1869,名工建設株式会社,2026-06-25,取締役 専務執行役員 土木本部長 ISOトップマネジメント担当 総合技術研修センター担当,奥村 由政,1959年１月17日生,(注)３,126,百株
1869,名工建設株式会社,2026-06-25,取締役 常務執行役員 建築本部長,落合 弘,1959年８月５日生,(注)３,64,百株
1869,名工建設株式会社,2026-06-25,取締役 常務執行役員 管理本部長 人事部長 監査部担当 コンプライアンス部担当 ＣＳＲ推進室担当,髙松 一郎,1963年１月13日生,(注)３,16,百株
1869,名工建設株式会社,2026-06-25,取締役 執行役員 安全本部長 鉄道営業部担当,出口 彰,1959年10月26日生,(注)３,16,百株
1869,名工建設株式会社,2026-06-25,取締役 執行役員 軌道本部長,川越 正啓,1965年８月６日生,(注)３,5,百株
1869,名工建設株式会社,2026-06-25,取締役 執行役員 企画本部長,村松 浩成,1969年５月６日生,(注)３,,百株
1869,名工建設株式会社,2026-06-25,取締役,丹羽 慎治,1956年３月２日生,(注)３,13,百株
1869,名工建設株式会社,2026-06-25,取締役,前川 宏一,1957年４月19日生,(注)３,7,百株
1869,名工建設株式会社,2026-06-25,常勤 監査役,堀場 太民夫,1964年２月11日生,(注)４,38,百株
1869,名工建設株式会社,2026-06-25,常勤 監査役,松永 靖,1964年１月29日生,(注)５,49,百株
1869,名工建設株式会社,2026-06-25,監査役,山田 淳,1959年12月８日生,(注)６,7,百株
1869,名工建設株式会社,2026-06-25,監査役,市川 弥生次,1958年８月23日生,(注)７,2,百株
1869,名工建設株式会社,2026-06-25,代表取締役 社長執行役員,鈴木 広士,1961年２月24日生,(注)３,,百株
1869,名工建設株式会社,2026-06-25,取締役 専務執行役員 土木本部長 ISOトップマネジメント担当 総合技術研修センター担当,奥村 由政,1959年１月17日生,(注)３,126,百株
1869,名工建設株式会社,2026-06-25,取締役 常務執行役員 建築本部長,落合 弘,1959年８月５日生,(注)３,64,百株
1869,名工建設株式会社,2026-06-25,取締役 常務執行役員 管理本部長 人事部長 監査部担当 コンプライアンス部担当 ＣＳＲ推進室担当,橋本 洋,1959年11月７日生,(注)３,57,百株
1869,名工建設株式会社,2026-06-25,取締役 執行役員 軌道本部長,川越 正啓,1965年８月６日生,(注)３,5,百株
1869,名工建設株式会社,2026-06-25,取締役 執行役員 安全本部長 鉄道営業部担当,関戸 淳二,1966年4月12日生,(注)３,,百株
1869,名工建設株式会社,2026-06-25,取締役 執行役員 企画本部長 技術企画部長,梅田 博志,1972年6月14日生,(注)３,,百株
1869,名工建設株式会社,2026-06-25,取締役,丹羽 慎治,1956年３月２日生,(注)３,13,百株
1869,名工建設株式会社,2026-06-25,取締役,前川 宏一,1957年４月19日生,(注)３,7,百株
1869,名工建設株式会社,2026-06-25,常勤 監査役,堀場 太民夫,1964年２月11日生,(注)４,38,百株
1869,名工建設株式会社,2026-06-25,常勤 監査役,松永 靖,1964年１月29日生,(注)５,49,百株
1869,名工建設株式会社,2026-06-25,監査役,山田 淳,1959年12月８日生,(注)６,7,百株
1869,名工建設株式会社,2026-06-25,監査役,市川 弥生次,1958年８月23日生,(注)７,2,百株
186A,株式会社アストロスケールホールディングス,2026-07-29,代表取締役社長 グループCEO,岡田 光信,1973年３月27日生,(注)４,"普通株式24,836,900",株
186A,株式会社アストロスケールホールディングス,2026-07-29,取締役 副社長執行役員グループCOO,Christopher Blackerby,1973年９月３日生,(注)４,"普通株式2,000",株
186A,株式会社アストロスケールホールディングス,2026-07-29,取締役 副社長執行役員グループCFO,松山 宜弘,1986年７月22日生,(注)４,"普通株式13,300",株
186A,株式会社アストロスケールホールディングス,2026-07-29,取締役 (注)１,Gayle Sheppard,1953年12月８日生,(注)４,,株
186A,株式会社アストロスケールホールディングス,2026-07-29,取締役 (注)１,野口 祐子,1972年10月15日生,(注)４,,株
186A,株式会社アストロスケールホールディングス,2026-07-29,取締役 (注)１,Jan Wörner,1954年７月18日生,(注)４,,株
186A,株式会社アストロスケールホールディングス,2026-07-29,取締役 (注)１,Ronald Pasek,1960年11月30日生,(注)４,,株
186A,株式会社アストロスケールホールディングス,2026-07-29,常勤監査役 (注)２,鈴木 隆之,1952年11月８日生,(注)５,,株
186A,株式会社アストロスケールホールディングス,2026-07-29,監査役 (注)２,松田 日佐子,1955年２月３日生,(注)５,,株
186A,株式会社アストロスケールホールディングス,2026-07-29,監査役 (注)２,池田 明霞,1959年１月１日生,(注)５,,株
186A,株式会社アストロスケールホールディングス,2026-07-29,監査役,大重 信二,1964年7月4日生,(注)５,,株
1870,矢作建設工業株式会社,2026-06-23,代表取締役社長 建築事業本部担当,髙柳 充広,1962年２月19日生,（注）４,"43,700",株
1870,矢作建設工業株式会社,2026-06-23,代表取締役副社長 土木事業本部長 兼 鉄道技術研修センター担当 兼 中央安全衛生委員会委員長,名和 修司,1958年11月４日生,（注）４,"38,800",株
1870,矢作建設工業株式会社,2026-06-23,代表取締役副社長 コーポレート本部担当,山下 隆,1961年４月17日生,（注）４,"39,700",株
1870,矢作建設工業株式会社,2026-06-23,取締役,髙﨑 裕樹,1960年７月17日生,（注）４,,株
1870,矢作建設工業株式会社,2026-06-23,取締役,中川 由賀,1972年12月８日生,（注）４,100,株
1870,矢作建設工業株式会社,2026-06-23,取締役,大野 智彦,1954年12月18日生,（注）４,500,株
1870,矢作建設工業株式会社,2026-06-23,常勤監査役,舩橋 太道,1962年９月24日生,（注）６,"22,300",株
1870,矢作建設工業株式会社,2026-06-23,常勤監査役,可児 達也,1968年10月７日生,（注）７,"9,600",株
1870,矢作建設工業株式会社,2026-06-23,監査役,愛知 吉隆,1962年３月20日生,（注）５,,株
1870,矢作建設工業株式会社,2026-06-23,監査役,岡本 雄三,1967年７月23日生,（注）７,,株
1870,矢作建設工業株式会社,2026-06-23,監査役,伊藤 歌奈子 （注）３,1983年２月10日生,（注）６,,株
1870,矢作建設工業株式会社,2026-06-23,代表取締役会長 中央安全衛生委員会委員長,髙柳 充広,1962年２月19日生,（注）４,"43,700",株
1870,矢作建設工業株式会社,2026-06-23,代表取締役社長,竹下 英司,1973年３月９日生,（注）４,"11,600",株
1870,矢作建設工業株式会社,2026-06-23,代表取締役副社長 コーポレート本部長,山下 隆,1961年４月17日生,（注）４,"39,700",株
1870,矢作建設工業株式会社,2026-06-23,取締役,髙﨑 裕樹,1960年７月17日生,（注）４,,株
1870,矢作建設工業株式会社,2026-06-23,取締役,中川 由賀,1972年12月８日生,（注）４,100,株
1870,矢作建設工業株式会社,2026-06-23,取締役,大野 智彦,1954年12月18日生,（注）４,500,株
1870,矢作建設工業株式会社,2026-06-23,常勤監査役,舩橋 太道,1962年９月24日生,（注）６,"22,300",株
1870,矢作建設工業株式会社,2026-06-23,常勤監査役,磯貝 豊,1962年５月10日生,（注）８,"29,400",株
1870,矢作建設工業株式会社,2026-06-23,監査役,愛知 吉隆,1962年３月20日生,（注）５,,株
1870,矢作建設工業株式会社,2026-06-23,監査役,岡本 雄三,1967年７月23日生,（注）７,,株
1870,矢作建設工業株式会社,2026-06-23,監査役,伊藤 歌奈子 （注）３,1983年２月10日生,（注）６,,株
1871,ピーエス・コンストラクション株式会社,2026-06-19,取締役会長,森 拓也,1956年１月27日生,(注)３,"19,127",株
1871,ピーエス・コンストラクション株式会社,2026-06-19,代表取締役 社長執行役員,櫻林 美津雄,1959年７月15日生,(注)３,"1,484",株
1871,ピーエス・コンストラクション株式会社,2026-06-19,取締役 常務執行役員,岩﨑 信樹,1963年２月10日生,(注)３,797,株
1871,ピーエス・コンストラクション株式会社,2026-06-19,取締役 常務執行役員,佐々木 晋,1962年２月25日生,(注)３,"5,425",株
1871,ピーエス・コンストラクション株式会社,2026-06-19,取締役 常務執行役員,寒川 勝彦,1962年７月14日生,(注)３,"7,618",株
1871,ピーエス・コンストラクション株式会社,2026-06-19,取締役 常務執行役員,大山 博明,1964年３月20日生,(注)３,615,株
1871,ピーエス・コンストラクション株式会社,2026-06-19,取締役,羽場 幸男,1963年８月７日生,(注)３,,株
1871,ピーエス・コンストラクション株式会社,2026-06-19,取締役,加藤 秀樹,1964年３月15日生,(注)３,,株
1871,ピーエス・コンストラクション株式会社,2026-06-19,取締役,保坂 美江子,1968年10月18日生,(注)３,,株
1871,ピーエス・コンストラクション株式会社,2026-06-19,取締役,吉良 尚之,1961年12月24日生,(注)３,,株
1871,ピーエス・コンストラクション株式会社,2026-06-19,取締役,雑賀 和彦,1966年９月１日生,(注)３,,株
1871,ピーエス・コンストラクション株式会社,2026-06-19,監査役 （常勤）,小山 靖志,1957年11月８日生,(注)４,"58,400",株
1871,ピーエス・コンストラクション株式会社,2026-06-19,監査役 （常勤）,名淵 一茂,1966年６月11日生,(注)５,,株
1871,ピーエス・コンストラクション株式会社,2026-06-19,監査役 （常勤）,堀口 佳秀,1964年12月２日生,(注)６,,株
1871,ピーエス・コンストラクション株式会社,2026-06-19,取締役会長,森 拓也,1956年１月27日生,(注)３,"19,127",株
1871,ピーエス・コンストラクション株式会社,2026-06-19,代表取締役 社長執行役員,櫻林 美津雄,1959年７月15日生,(注)３,"1,484",株
1871,ピーエス・コンストラクション株式会社,2026-06-19,取締役 常務執行役員,岩﨑 信樹,1963年２月10日生,(注)３,797,株
1871,ピーエス・コンストラクション株式会社,2026-06-19,取締役 常務執行役員,佐々木 晋,1962年２月25日生,(注)３,"5,425",株
1871,ピーエス・コンストラクション株式会社,2026-06-19,取締役 常務執行役員,寒川 勝彦,1962年７月14日生,(注)３,"7,618",株
1871,ピーエス・コンストラクション株式会社,2026-06-19,取締役 常務執行役員,大山 博明,1964年３月20日生,(注)３,615,株
1871,ピーエス・コンストラクション株式会社,2026-06-19,取締役 常務執行役員,田原 道和,1963年10月16日生,(注)３,"5,818",株
1871,ピーエス・コンストラクション株式会社,2026-06-19,取締役,羽場 幸男,1963年８月７日生,(注)３,,株
1871,ピーエス・コンストラクション株式会社,2026-06-19,取締役,加藤 秀樹,1964年３月15日生,(注)３,,株
1871,ピーエス・コンストラクション株式会社,2026-06-19,取締役,保坂 美江子,1968年10月18日生,(注)３,,株
1871,ピーエス・コンストラクション株式会社,2026-06-19,取締役,吉良 尚之,1961年12月24日生,(注)３,,株
1871,ピーエス・コンストラクション株式会社,2026-06-19,取締役,雑賀 和彦,1966年９月１日生,(注)３,,株
1871,ピーエス・コンストラクション株式会社,2026-06-19,監査役 （常勤）,名淵 一茂,1966年６月11日生,(注)４,,株
1871,ピーエス・コンストラクション株式会社,2026-06-19,監査役 （常勤）,堀口 佳秀,1964年12月２日生,(注)５,,株
1871,ピーエス・コンストラクション株式会社,2026-06-19,監査役 （常勤）,川原 利朗,1957年12月９日生,(注)６,"69,939",株
1873,株式会社日本ハウスホールディングス,2026-07-22,代表取締役 会長 不動産統轄本部 統轄本部長,成 田 和 幸,1953年４月20日生,(注)3,"8,069",百株
1873,株式会社日本ハウスホールディングス,2026-07-22,代表取締役 社長執行役員 管理統轄本部 統轄本部長,高 橋 康 一,1969年６月20日生,(注)3,98,百株
1873,株式会社日本ハウスホールディングス,2026-07-22,取締役,柴 谷 晃,1955年９月27日生,(注)3,208,百株
1873,株式会社日本ハウスホールディングス,2026-07-22,取締役,惠 島 克 芳,1953年12月29日,(注)3,95,百株
1873,株式会社日本ハウスホールディングス,2026-07-22,常勤監査役,近藤 誠一郎,1961年４月20日生,(注)4,156,百株
1873,株式会社日本ハウスホールディングス,2026-07-22,監査役,千 谷 英 造,1961年10月26日生,(注)4,,百株
1873,株式会社日本ハウスホールディングス,2026-07-22,監査役,赤 澤 由 英,1957年２月７日生,(注)5,,百株
1873,株式会社日本ハウスホールディングス,2026-07-22,社長執行役員,高 橋 康 一,,,,
1873,株式会社日本ハウスホールディングス,2026-07-22,常務執行役員,中 川 政 輝,,,,
1873,株式会社日本ハウスホールディングス,2026-07-22,執行役員,掛 川 洋 平,,,,
1873,株式会社日本ハウスホールディングス,2026-07-22,執行役員,高 橋 稔 和,,,,
1873,株式会社日本ハウスホールディングス,2026-07-22,執行役員,船 田 淳 文,,,,
1873,株式会社日本ハウスホールディングス,2026-07-22,執行役員,近 藤 貴 之,,,,
1873,株式会社日本ハウスホールディングス,2026-07-22,執行役員,湯 本 典 緒,,,,
1873,株式会社日本ハウスホールディングス,2026-07-22,執行役員,松 本 義 則,,,,
1873,株式会社日本ハウスホールディングス,2026-07-22,執行役員,白 田 則 和,,,,
1873,株式会社日本ハウスホールディングス,2026-07-22,代表取締役 会長 不動産統轄本部 統轄本部長,成 田 和 幸,1953年４月20日生,(注)3,"8,069",百株
1873,株式会社日本ハウスホールディングス,2026-07-22,代表取締役 社長執行役員 管理統轄本部 統轄本部長,高 橋 康 一,1969年６月20日生,(注)3,98,百株
1873,株式会社日本ハウスホールディングス,2026-07-22,取締役 常務執行役員 住宅統轄本部 統轄本部長,中 川 政 輝,1970年12月27日生,(注)3,933,百株
1873,株式会社日本ハウスホールディングス,2026-07-22,取締役 執行役員 日本ハウス事業部事業本部長 日本ハウス・リフォーム事業部 事業本部長,掛 川 洋 平,1980年２月８日生,(注)3,110,百株
1873,株式会社日本ハウスホールディングス,2026-07-22,取締役,柴 谷 晃,1955年９月27日生,(注)3,208,百株
1873,株式会社日本ハウスホールディングス,2026-07-22,取締役,惠 島 克 芳,1953年12月29日,(注)3,95,百株
1873,株式会社日本ハウスホールディングス,2026-07-22,常勤監査役,白 田 則 和,1967年２月14日生,(注)6,190,百株
1873,株式会社日本ハウスホールディングス,2026-07-22,監査役,千 谷 英 造,1961年10月26日生,(注)4,,百株
1873,株式会社日本ハウスホールディングス,2026-07-22,監査役,赤 澤 由 英,1957年２月７日生,(注)5,,百株
1873,株式会社日本ハウスホールディングス,2026-07-22,社長執行役員,高 橋 康 一,,,,
1873,株式会社日本ハウスホールディングス,2026-07-22,常務執行役員,中 川 政 輝,,,,
1873,株式会社日本ハウスホールディングス,2026-07-22,執行役員,掛 川 洋 平,,,,
1873,株式会社日本ハウスホールディングス,2026-07-22,執行役員,高 橋 稔 和,,,,
1873,株式会社日本ハウスホールディングス,2026-07-22,執行役員,船 田 淳 文,,,,
1873,株式会社日本ハウスホールディングス,2026-07-22,執行役員,近 藤 貴 之,,,,
1873,株式会社日本ハウスホールディングス,2026-07-22,執行役員,湯 本 典 緒,,,,
1873,株式会社日本ハウスホールディングス,2026-07-22,執行役員,松 本 義 則,,,,
1878,大東建託株式会社,2026-06-25,代表取締役 社長執行役員 ＣＥＯ 兼建築事業本部長 兼東京建築開発事業本部長,竹内 啓,1965年11月29日生,2025年 ６月 ～ 2026年 ６月,39,千株
1878,大東建託株式会社,2026-06-25,取締役 常務執行役員 不動産事業本部長,守 義浩,1965年10月24日生,2025年 ６月 ～ 2026年 ６月,15,千株
1878,大東建託株式会社,2026-06-25,取締役 常務執行役員 管理本部長ＣＦＯ,岡本 司,1967年10月６日生,2025年 ６月 ～ 2026年 ６月,8,千株
1878,大東建託株式会社,2026-06-25,取締役 常務執行役員 事業開発本部長,天野 豊,1967年10月28日生,2025年 ６月 ～ 2026年 ６月,8,千株
1878,大東建託株式会社,2026-06-25,取締役 常務執行役員 東日本建築事業本部長,田中 良昌,1968年５月８日生,2025年 ６月 ～ 2026年 ６月,7,千株
1878,大東建託株式会社,2026-06-25,取締役 上席執行役員 建築事業本部長技術担当,高橋 由崇,1972年２月27日生,2025年 ６月 ～ 2026年 ６月,5,千株
1878,大東建託株式会社,2026-06-25,取締役,入谷 淳,1966年１月２日生,2025年 ６月 ～ 2026年 ６月,,千株
1878,大東建託株式会社,2026-06-25,取締役,大和田 順子,1965年８月31日生,2025年 ６月 ～ 2026年 ６月,,千株
1878,大東建託株式会社,2026-06-25,取締役,阿部 晃一,1953年２月21日生,2025年 ６月 ～ 2026年 ６月,,千株
1878,大東建託株式会社,2026-06-25,取締役,浅川 京子,1962年12月１日生,2025年 ６月 ～ 2026年 ６月,,千株
1878,大東建託株式会社,2026-06-25,取締役 （監査等委員）,松下 正,1960年７月28日生,2025年 ６月 ～ 2027年 ６月,2,千株
1878,大東建託株式会社,2026-06-25,取締役 （監査等委員）,川合 秀司,1967年１月22日生,2025年 ６月 ～ 2027年 ６月,51,千株
1878,大東建託株式会社,2026-06-25,取締役 （監査等委員）,小林 憲司,1963年４月12日生,2025年 ６月 ～ 2027年 ６月,,千株
1878,大東建託株式会社,2026-06-25,取締役 （監査等委員）,大内 智重子,1962年10月９日生,2025年 ６月 ～ 2027年 ６月,,千株
1879,新日本建設株式会社,2026-06-25,取締役会長,金 綱 一 男,1940年３月28日生,(注)５,0,千株
1879,新日本建設株式会社,2026-06-25,代表取締役社長 社長執行役員,髙 見 克 司,1964年11月21日生,(注)５,200,千株
1879,新日本建設株式会社,2026-06-25,取締役 専務執行役員 管理本部長兼 経営企画室長,高 橋 苗 樹,1966年10月29日生,(注)５,2,千株
1879,新日本建設株式会社,2026-06-25,取締役 専務執行役員 開発事業本部長兼 不動産開発部長 兼横浜支店長,金 綱 康 人,1975年９月22日生,(注)５,0,千株
1879,新日本建設株式会社,2026-06-25,取締役 専務執行役員 建設営業統括本部 副本部長 兼第一建設営業 本部長 兼企画開発部長,木 津 進,1964年11月３日生,(注)５,22,千株
1879,新日本建設株式会社,2026-06-25,取締役,高 橋 真 司,1972年６月30日生,(注)５,,千株
1879,新日本建設株式会社,2026-06-25,取締役,鈴 木 達 也,1955年８月１日生,(注)５,,千株
1879,新日本建設株式会社,2026-06-25,取締役,大 嶋 幸 児,1974年５月12日生,(注)５,,千株
1879,新日本建設株式会社,2026-06-25,常勤監査役,亀 岡 秀 典,1961年４月３日生,(注)６,,千株
1879,新日本建設株式会社,2026-06-25,監査役,木 村 理,1957年６月３日生,(注)６,,千株
1879,新日本建設株式会社,2026-06-25,監査役,橋 本 都 子,1966年９月１日生,(注)７、９,,千株
1882,東亜道路工業株式会社,2026-06-25,代表取締役 社長 執行役員 社長,森 下 協 一,1956年９月22日生,(注)4,"1,389",百株
1882,東亜道路工業株式会社,2026-06-25,代表取締役 執行役員 副社長 建設事業本部長,堀 之 内 悟,1959年７月５日生,(注)4,"1,115",百株
1882,東亜道路工業株式会社,2026-06-25,取締役 常務執行役員 管理本部長,仲 村 直 規,1964年2月28日生,(注)4,232,百株
1882,東亜道路工業株式会社,2026-06-25,取締役,楠 美 雅 堂,1968年２月17日,(注)4,67,百株
1882,東亜道路工業株式会社,2026-06-25,取締役,田 原 裕 子,1967年５月21日生,(注)4,34,百株
1882,東亜道路工業株式会社,2026-06-25,取締役,市 川 祐一郎,1954年11月17日生,(注)4,10,百株
1882,東亜道路工業株式会社,2026-06-25,常勤監査役,竹 内 良 彦,1959年12月24日生,(注)6,386,百株
1882,東亜道路工業株式会社,2026-06-25,監査役,森 信 一,1955年３月26日生,(注)5,145,百株
1882,東亜道路工業株式会社,2026-06-25,監査役,藤 田 浩 司,1964年１月22日生,(注)5,40,百株
1882,東亜道路工業株式会社,2026-06-25,代表取締役 社長 執行役員 社長,森 下 協 一,1956年９月22日生,(注)4,"1,389",百株
1882,東亜道路工業株式会社,2026-06-25,代表取締役 執行役員 副社長 建設事業本部長,堀 之 内 悟,1959年７月５日生,(注)4,"1,115",百株
1882,東亜道路工業株式会社,2026-06-25,取締役 常務執行役員 管理本部長,仲 村 直 規,1964年2月28日生,(注)4,232,百株
1882,東亜道路工業株式会社,2026-06-25,取締役 常務執行役員 建設事業副本部長,梶 岡 聡,1965年6月6日生,(注)4,200,百株
1882,東亜道路工業株式会社,2026-06-25,取締役,楠 美 雅 堂,1968年２月17日,(注)4,67,百株
1882,東亜道路工業株式会社,2026-06-25,取締役,田 原 裕 子,1967年５月21日生,(注)4,34,百株
1882,東亜道路工業株式会社,2026-06-25,取締役,市 川 祐一郎,1954年11月17日生,(注)4,10,百株
1882,東亜道路工業株式会社,2026-06-25,常勤監査役,大 川 努,1967年11月７日生,(注)6,18,百株
1882,東亜道路工業株式会社,2026-06-25,監査役,森 信 一,1955年３月26日生,(注)5,145,百株
1882,東亜道路工業株式会社,2026-06-25,監査役,藤 田 浩 司,1964年１月22日生,(注)5,40,百株
1885,東亜建設工業株式会社,2026-06-19,代表取締役 兼 執行役員社長,早 川 毅,1965年６月12日生,(注)３,421,百株
1885,東亜建設工業株式会社,2026-06-19,代表取締役 兼 執行役員専務 経営管理本部長、 内部監査室・秘書室統括,中 尾 剛,1967年９月27日生,(注)３,159,百株
1885,東亜建設工業株式会社,2026-06-19,取締役 兼 執行役員専務 国際事業本部長,木 村 克 尚,1963年２月11日生,(注)３,254,百株
1885,東亜建設工業株式会社,2026-06-19,取締役,国 谷 史 朗,1957年２月22日生,(注)３,,百株
1885,東亜建設工業株式会社,2026-06-19,取締役,関 根 嘉 奈 子,1959年９月16日生,(注)３,,百株
1885,東亜建設工業株式会社,2026-06-19,取締役 （監査等委員）,岡 村 眞 彦,1951年７月21日生,(注)４,,百株
1885,東亜建設工業株式会社,2026-06-19,取締役 （監査等委員）,半 田 未 知 （佐々野 未知）,1970年10月19日生,(注)４,,百株
1885,東亜建設工業株式会社,2026-06-19,取締役 （監査等委員）,木 村 徹 也,1966年６月１日生,(注)４,96,百株
1885,東亜建設工業株式会社,2026-06-19,取締役 （監査等委員）,玉 井 哲 史,1960年６月12日生,(注)４,,百株
1885,東亜建設工業株式会社,2026-06-19,代表取締役 兼 執行役員社長,早 川 毅,1965年６月12日生,(注)３,421,百株
1885,東亜建設工業株式会社,2026-06-19,代表取締役 兼 執行役員専務 経営管理本部長、 内部監査室・秘書室統括,中 尾 剛,1967年９月27日生,(注)３,159,百株
1885,東亜建設工業株式会社,2026-06-19,取締役 兼 執行役員専務 国際事業本部長,木 村 克 尚,1963年２月11日生,(注)３,254,百株
1885,東亜建設工業株式会社,2026-06-19,取締役,国 谷 史 朗,1957年２月22日生,(注)３,,百株
1885,東亜建設工業株式会社,2026-06-19,取締役,関 根 嘉 奈 子,1959年９月16日生,(注)３,,百株
1885,東亜建設工業株式会社,2026-06-19,取締役 （監査等委員）,岡 村 眞 彦,1951年７月21日生,(注)４,,百株
1885,東亜建設工業株式会社,2026-06-19,取締役 （監査等委員）,半 田 未 知 （佐々野 未知）,1970年10月19日生,(注)４,,百株
1885,東亜建設工業株式会社,2026-06-19,取締役 （監査等委員）,木 村 徹 也,1966年６月１日生,(注)４,96,百株
1885,東亜建設工業株式会社,2026-06-19,取締役 （監査等委員）,玉 井 哲 史,1960年６月12日生,(注)４,,百株
1887,日本国土開発株式会社,2026-08-21,代表取締役社長 社長執行役員 ＣＥＯ兼ＣＯＯ,林 伊 佐 雄,1957年６月19日生,2025年８月 から １年,75,千株
1887,日本国土開発株式会社,2026-08-21,取締役 執行役員 新規事業・地域共創事業推進室長 兼 安全衛生管理室管掌,菊 池 泰,1965年11月15日生,2025年８月 から １年,33,千株
1887,日本国土開発株式会社,2026-08-21,取締役 兼コクドビルエース株式会社 代表取締役社長,守 屋 乾 司,1963年３月19日生,2025年８月 から １年,56,千株
1887,日本国土開発株式会社,2026-08-21,取締役,高 津 浩 明,1952年10月２日生,2025年８月 から １年,7,千株
1887,日本国土開発株式会社,2026-08-21,取締役,松 石 秀 隆,1957年２月22日生,2025年８月 から １年,1,千株
1887,日本国土開発株式会社,2026-08-21,取締役,唐 下 雪 絵,1966年12月22日生,2025年８月 から １年,3,千株
1887,日本国土開発株式会社,2026-08-21,取締役 (常勤監査等委員),曽 根 一 郎,1960年３月25日生,2025年８月 から ２年,65,千株
1887,日本国土開発株式会社,2026-08-21,取締役 (監査等委員),鴨 志 田 文 彦,1951年12月21日生,2025年８月 から ２年,,千株
1887,日本国土開発株式会社,2026-08-21,取締役 (監査等委員),渡 邊 賢 作,1971年２月17日生,2025年８月 から ２年,,千株
1887,日本国土開発株式会社,2026-08-21,代表取締役社長 社長執行役員 ＣＥＯ兼ＣＯＯ,長 谷 川 幸 生,1968年２月17日生,2026年８月 から １年,2,千株
1887,日本国土開発株式会社,2026-08-21,取締役 執行役員 新規事業・地域共創事業推進室長 兼 安全衛生管理室管掌,菊 池 泰,1965年11月15日生,2026年８月 から １年,33,千株
1887,日本国土開発株式会社,2026-08-21,取締役 常務執行役員 （建築事業担当） 兼コクドビルエース株式会社 代表取締役社長,守 屋 乾 司,1963年３月19日生,2026年８月 から １年,56,千株
1887,日本国土開発株式会社,2026-08-21,取締役,松 石 秀 隆,1957年２月22日生,2026年８月 から １年,1,千株
1887,日本国土開発株式会社,2026-08-21,取締役,唐 下 雪 絵,1966年12月22日生,2026年８月 から １年,3,千株
1887,日本国土開発株式会社,2026-08-21,取締役,森 尻 謙 一,1963年８月５日生,2026年８月 から １年,,千株
1887,日本国土開発株式会社,2026-08-21,取締役 (常勤監査等委員),曽 根 一 郎,1960年３月25日生,2025年８月 から ２年,65,千株
1887,日本国土開発株式会社,2026-08-21,取締役 (監査等委員),鴨 志 田 文 彦,1951年12月21日生,2025年８月 から ２年,,千株
1887,日本国土開発株式会社,2026-08-21,取締役 (監査等委員),渡 邊 賢 作,1971年２月17日生,2025年８月 から ２年,,千株
1888,若築建設株式会社,2026-06-24,取締役会長,烏田 克彦,1958年８月25日生,(注)４,"10,400",株
1888,若築建設株式会社,2026-06-24,代表取締役社長 兼 執行役員社長 安全環境本部長,長廻 幹彦,1964年11月29日生,(注)４,"4,000",株
1888,若築建設株式会社,2026-06-24,代表取締役 兼 専務執行役員 建設事業部門長 兼 安全環境本部副本部長,牧原 久利,1962年３月20日生,(注)４,"7,700",株
1888,若築建設株式会社,2026-06-24,取締役 兼 専務執行役員 建設事業部門管掌,石井 一己,1959年11月８日生,(注)４,"8,700",株
1888,若築建設株式会社,2026-06-24,取締役 兼 専務執行役員 建設事業部門担当役員 営業統括,花田 和孝,1961年８月９日生,(注)４,"4,200",株
1888,若築建設株式会社,2026-06-24,取締役 兼 常務執行役員 経営管理部門長,中村 誠,1960年11月10日生,(注)４,"7,600",株
1888,若築建設株式会社,2026-06-24,取締役,朝倉 康夫,1956年11月18日生,(注)４,"1,600",株
1888,若築建設株式会社,2026-06-24,取締役,原田 美穂,1961年６月28日生,(注)４,"3,200",株
1888,若築建設株式会社,2026-06-24,取締役,森田 隼人,1976年８月13日生,(注)４,"3,100",株
1888,若築建設株式会社,2026-06-24,常勤監査役,田中 宣彰,1963年4月9日生,(注)５,800,株
1888,若築建設株式会社,2026-06-24,常勤監査役,岩田 光宏,1964年10月３日生,(注)６,,株
1888,若築建設株式会社,2026-06-24,監査役,澤井 謙一,1961年７月25日生,(注)７,800,株
1888,若築建設株式会社,2026-06-24,取締役会長,烏田 克彦,1958年８月25日生,(注)４,"10,400",株
1888,若築建設株式会社,2026-06-24,代表取締役社長 兼 執行役員社長 安全環境本部長,長廻 幹彦,1964年11月29日生,(注)４,"4,000",株
1888,若築建設株式会社,2026-06-24,代表取締役 兼 専務執行役員 建設事業部門長 兼 安全環境本部副本部長,牧原 久利,1962年３月20日生,(注)４,"7,700",株
1888,若築建設株式会社,2026-06-24,取締役 兼 専務執行役員 建設事業部門担当役員 営業統括,花田 和孝,1961年８月９日生,(注)４,"4,200",株
1888,若築建設株式会社,2026-06-24,取締役 兼 常務執行役員 経営管理部門長,中村 誠,1960年11月10日生,(注)４,"7,600",株
1888,若築建設株式会社,2026-06-24,取締役,麻生 巌,1974年７月17日生,(注)４,,株
1888,若築建設株式会社,2026-06-24,取締役,朝倉 康夫,1956年11月18日生,(注)４,"1,600",株
1888,若築建設株式会社,2026-06-24,取締役,原田 美穂,1961年６月28日生,(注)４,"3,200",株
1888,若築建設株式会社,2026-06-24,取締役,森田 隼人,1976年８月13日生,(注)４,"3,100",株
1888,若築建設株式会社,2026-06-24,常勤監査役,田中 宣彰,1963年4月9日生,(注)５,800,株
1888,若築建設株式会社,2026-06-24,常勤監査役,岩田 光宏,1964年10月３日生,(注)６,,株
1888,若築建設株式会社,2026-06-24,監査役,俣木 洋一,1967年９月20日生,(注)７,,株
1892,徳倉建設株式会社,2026-06-26,代表取締役 取締役会長,徳倉 正晴,1952年11月１日生,(注)６,517,百株
1892,徳倉建設株式会社,2026-06-26,代表取締役 取締役社長 社長執行役員 営業本部長,徳倉 克己,1971年７月10日生,(注)６,82,百株
1892,徳倉建設株式会社,2026-06-26,取締役 専務執行役員 建築事業統括,岡田 夏樹,1966年７月12日生,(注)６,25,百株
1892,徳倉建設株式会社,2026-06-26,取締役 専務執行役員 経営管理本部長,郡司 哲夫,1959年３月27日生,(注)６,52,百株
1892,徳倉建設株式会社,2026-06-26,取締役 常務執行役員 土木事業本部長 技術本部長,米澤 友宏,1964年３月31日生,(注)６,17,百株
1892,徳倉建設株式会社,2026-06-26,取締役 常務執行役員 建築事業本部長,横地 博之,1965年４月８日生,(注)６,22,百株
1892,徳倉建設株式会社,2026-06-26,取締役 常務執行役員 本店長,渡辺 詩司,1963年３月21日生,(注)６,8,百株
1892,徳倉建設株式会社,2026-06-26,取締役 執行役員 東京支店長,柳 晃,1961年10月10日生,(注)６,4,百株
1892,徳倉建設株式会社,2026-06-26,取締役,藤本 博史,1960年12月12日生,(注)６,10,百株
1892,徳倉建設株式会社,2026-06-26,取締役,鷲野 裕子,1962年２月５日生,(注)６,6,百株
1892,徳倉建設株式会社,2026-06-26,取締役,大川 浩,1959年２月５日生,(注)６,,百株
1892,徳倉建設株式会社,2026-06-26,常 勤 監査役,立花 眞昭,1955年11月20日生,(注)３,19,百株
1892,徳倉建設株式会社,2026-06-26,監査役,八代 英明,1970年４月16日生,(注)３,5,百株
1892,徳倉建設株式会社,2026-06-26,監査役,河邊 伸二,1960年７月20日生,(注)４,3,百株
1892,徳倉建設株式会社,2026-06-26,監査役,末平 達美,1960年３月13日生,(注)５,2,百株
1893,五洋建設株式会社,2026-06-19,代表取締役社長 (執行役員社長),清 水 琢 三,1958年６月８日生,(注)３,91,千株
1893,五洋建設株式会社,2026-06-19,代表取締役 (執行役員副社長) 土木部門担当(営業),植 田 和 哉,1958年８月２日生,(注)３,48,千株
1893,五洋建設株式会社,2026-06-19,代表取締役 (執行役員副社長) 経営管理本部長,山 下 朋 之,1962年12月４日生,(注)３,42,千株
1893,五洋建設株式会社,2026-06-19,取締役 (執行役員副社長) 土木部門 土木本部長(兼) 安全品質環境担当,野 口 哲 史,1960年９月11日生,(注)３,46,千株
1893,五洋建設株式会社,2026-06-19,取締役 (専務執行役員) 建築部門 建築営業本部長,渡 部 浩,1960年３月16日生,(注)３,41,千株
1893,五洋建設株式会社,2026-06-19,取締役 (常務執行役員) 国際部門統括（兼） 国際部門 国際土木本部長,日 高 修,1964年９月21日生,(注)３,10,千株
1893,五洋建設株式会社,2026-06-19,取締役,中 野 北 斗,1959年12月22日生,(注)３,3,千株
1893,五洋建設株式会社,2026-06-19,取締役,関 口 美 奈,1963年８月15日生,(注)３,,千株
1893,五洋建設株式会社,2026-06-19,取締役,林 田 博,1952年７月29日生,(注)３,0,千株
1893,五洋建設株式会社,2026-06-19,取締役,菊 池 亜 紀 子,1969年１月21日生,(注)３,,千株
1893,五洋建設株式会社,2026-06-19,常勤監査役,北 橋 俊 次,1959年４月７日生,(注)５,23,千株
1893,五洋建設株式会社,2026-06-19,常勤監査役,米 澤 伸 明,1962年11月26日生,(注)４,0,千株
1893,五洋建設株式会社,2026-06-19,常勤監査役,古 賀 直 人,1965年１月２日生,(注)４,,千株
1893,五洋建設株式会社,2026-06-19,監査役,片 岡 麻 紀,1958年７月４日生,(注)５,0,千株
1893,五洋建設株式会社,2026-06-19,代表取締役社長 (執行役員社長),清 水 琢 三,1958年６月８日生,(注)３,91,千株
1893,五洋建設株式会社,2026-06-19,代表取締役 (執行役員副社長) 経営管理本部長,山 下 朋 之,1962年12月４日生,(注)３,42,千株
1893,五洋建設株式会社,2026-06-19,取締役,中 野 北 斗,1959年12月22日生,(注)３,3,千株
1893,五洋建設株式会社,2026-06-19,取締役,関 口 美 奈,1963年８月15日生,(注)３,,千株
1893,五洋建設株式会社,2026-06-19,取締役,林 田 博,1952年７月29日生,(注)３,0,千株
1893,五洋建設株式会社,2026-06-19,取締役,菊 池 亜 紀 子,1969年１月21日生,(注)３,,千株
1893,五洋建設株式会社,2026-06-19,取締役,岸 波 み さ わ,1972年11月４日生,(注)３,,千株
1893,五洋建設株式会社,2026-06-19,常勤監査役,北 橋 俊 次,1959年４月７日生,(注)５,23,千株
1893,五洋建設株式会社,2026-06-19,常勤監査役,米 澤 伸 明,1962年11月26日生,(注)４,0,千株
1893,五洋建設株式会社,2026-06-19,常勤監査役,古 賀 直 人,1965年１月２日生,(注)４,,千株
1893,五洋建設株式会社,2026-06-19,監査役,片 岡 麻 紀,1958年７月４日生,(注)５,0,千株
1897,金下建設株式会社,2026-03-25,取締役社長 (代表取締役),金下 昌司,1964年３月31日生,(注)３,"148,111",株
1897,金下建設株式会社,2026-03-25,取締役 常務執行役員 管理部門統括,芦原 寿彦,1965年８月29日生,(注)３,"1,600",株
1897,金下建設株式会社,2026-03-25,取締役 常務執行役員 営業部門統括 京都支店長,井上 芳一,1970年４月３日生,(注)３,600,株
1897,金下建設株式会社,2026-03-25,取締役 上席執行役員 経営企画部長,金下 和司,1993年11月25日生,(注)３,"20,000",株
1897,金下建設株式会社,2026-03-25,取締役 執行役員 土木部門統括 土木部長,浮穴 勝,1969年12月13日生,(注)３,"1,000",株
1897,金下建設株式会社,2026-03-25,取締役 執行役員 建築部門統括 建築部長,近藤 克信,1970年５月28日生,(注)３,,株
1897,金下建設株式会社,2026-03-25,取締役,田中 彰寿,1950年３月26日生,(注)３,,株
1897,金下建設株式会社,2026-03-25,取締役,岡野 勲,1942年４月４日生,(注)３,,株
1897,金下建設株式会社,2026-03-25,取締役,今井 賀南子,1975年11月12日生,(注)３,,株
1897,金下建設株式会社,2026-03-25,常勤監査役,三田 昭彦,1954年８月６日生,(注)４,"1,000",株
1897,金下建設株式会社,2026-03-25,監査役,上原 正夫,1947年３月23日生,(注)５,400,株
1897,金下建設株式会社,2026-03-25,監査役,西田 文明,1952年４月18日生,(注)４,,株
1898,世紀東急工業株式会社,2026-06-19,代表取締役社長 社長執行役員,平 喜 一,1961年11月23日生,注４,"75,310",株
1898,世紀東急工業株式会社,2026-06-19,代表取締役 専務執行役員 コーポレート 本部長,石 田 和 士,1961年８月10日生,注４,"39,934",株
1898,世紀東急工業株式会社,2026-06-19,取 締 役 専務執行役員 事業推進本部長,樗 木 裕 治,1964年５月１日生,注４,"31,390",株
1898,世紀東急工業株式会社,2026-06-19,取 締 役 常務執行役員 コーポレート本部 副本部長兼 財務部長兼 AIデジタル推進部長,川 野 隆 紀,1965年12月29日生,注４,"7,369",株
1898,世紀東急工業株式会社,2026-06-19,取 締 役,清 水 令 奈,1973年７月３日生,注４,"1,425",株
1898,世紀東急工業株式会社,2026-06-19,取 締 役,小町谷 育 子,1963年７月７日生,注４,,株
1898,世紀東急工業株式会社,2026-06-19,取 締 役,松 本 仁,1960年２月19日生,注４,,株
1898,世紀東急工業株式会社,2026-06-19,常勤監査役,江 藤 研 一,1967年１月26日生,注５,"9,294",株
1898,世紀東急工業株式会社,2026-06-19,常勤監査役,大 槻 恒 久,1956年４月２日生,注６,"1,635",株
1898,世紀東急工業株式会社,2026-06-19,監 査 役,齋 藤 洋 一,1973年12月12日生,注６,200,株
1898,世紀東急工業株式会社,2026-06-19,監 査 役,小 野 行 雄,1950年１月１日生,注７,,株
1898,世紀東急工業株式会社,2026-06-19,代表取締役社長 社長執行役員,平 喜 一,1961年11月23日生,注４,"75,310",株
1898,世紀東急工業株式会社,2026-06-19,代表取締役 専務執行役員 コーポレート 本部長,石 田 和 士,1961年８月10日生,注４,"39,934",株
1898,世紀東急工業株式会社,2026-06-19,取 締 役 専務執行役員 事業推進本部長,樗 木 裕 治,1964年５月１日生,注４,"31,390",株
1898,世紀東急工業株式会社,2026-06-19,取 締 役 常務執行役員 コーポレート本部 副本部長兼 財務部長兼 AIデジタル推進部長,川 野 隆 紀,1965年12月29日生,注４,"7,369",株
1898,世紀東急工業株式会社,2026-06-19,取 締 役,清 水 令 奈,1973年７月３日生,注４,"1,425",株
1898,世紀東急工業株式会社,2026-06-19,取 締 役,小町谷 育 子,1963年７月７日生,注４,,株
1898,世紀東急工業株式会社,2026-06-19,取 締 役,松 本 仁,1960年２月19日生,注４,,株
1898,世紀東急工業株式会社,2026-06-19,常勤監査役,江 藤 研 一,1967年１月26日生,注５,"9,294",株
1898,世紀東急工業株式会社,2026-06-19,常勤監査役,大 槻 恒 久,1956年４月２日生,注６,"1,635",株
1898,世紀東急工業株式会社,2026-06-19,監 査 役,小 野 行 雄,1950年１月１日生,注７,,株
1899,株式会社福田組,2026-03-25,代表取締役 会長 執行役員会長,福 田 勝 之,1955年８月25日生,(注)２,"2,328",百株
1899,株式会社福田組,2026-03-25,代表取締役 社長 執行役員社長,荒 明 正 紀,1959年１月24日生,(注)２,38,百株
1899,株式会社福田組,2026-03-25,取締役 専務執行役員 新潟本店長,齋 藤 秀 明,1960年４月14日生,(注)２,16,百株
1899,株式会社福田組,2026-03-25,取締役 常務執行役員 建築部長、 タイフクダ担当,山 賀 豊,1962年10月22日生,(注)２,17,百株
1899,株式会社福田組,2026-03-25,取締役 常務執行役員 営業本部・東京本店担当,大 塚 進 一,1962年６月25日生,(注)２,17,百株
1899,株式会社福田組,2026-03-25,取締役 執行役員 土木部長,砂 田 修 一,1964年５月１日生,(注)２,13,百株
1899,株式会社福田組,2026-03-25,取締役 執行役員 管理部長、 内部統制担当、 ＩＲ担当、開発事業担当,小 見 年 雄,1966年12月31日生,(注)２,8,百株
1899,株式会社福田組,2026-03-25,取締役,永 塚 重 松,1958年４月２日生,(注)２,2,百株
1899,株式会社福田組,2026-03-25,取締役,上 原 小 百 合,1964年６月21日生,(注)２,5,百株
1899,株式会社福田組,2026-03-25,取締役 (監査等委員),岩 﨑 勝 彦,1962年12月13日生,(注)３,20,百株
1899,株式会社福田組,2026-03-25,取締役 (監査等委員),中 田 義 直,1955年４月29日生,(注)３,9,百株
1899,株式会社福田組,2026-03-25,取締役 (監査等委員),若 槻 良 宏,1974年２月19日生,(注)３,,百株
1899,株式会社福田組,2026-03-25,代表取締役 会長 執行役員会長,福 田 勝 之,1955年８月25日生,(注)２,"2,328",百株
1899,株式会社福田組,2026-03-25,代表取締役 社長 執行役員社長,荒 明 正 紀,1959年１月24日生,(注)２,38,百株
1899,株式会社福田組,2026-03-25,取締役 専務執行役員 新潟本店長,齋 藤 秀 明,1960年４月14日生,(注)２,16,百株
1899,株式会社福田組,2026-03-25,取締役 常務執行役員 建築部長、 タイフクダ担当,山 賀 豊,1962年10月22日生,(注)２,17,百株
1899,株式会社福田組,2026-03-25,取締役 常務執行役員 営業本部・東京本店担当,大 塚 進 一,1962年６月25日生,(注)２,17,百株
1899,株式会社福田組,2026-03-25,取締役 執行役員 土木部長,砂 田 修 一,1964年５月１日生,(注)２,13,百株
1899,株式会社福田組,2026-03-25,取締役 執行役員 管理部長、 内部統制担当、 ＩＲ担当、開発事業担当,小 見 年 雄,1966年12月31日生,(注)２,8,百株
1899,株式会社福田組,2026-03-25,取締役 執行役員 経営企画部長,福 田 雄 介,1986年12月24日生,(注)２,36,百株
1899,株式会社福田組,2026-03-25,取締役,永 塚 重 松,1958年４月２日生,(注)２,2,百株
1899,株式会社福田組,2026-03-25,取締役,上 原 小 百 合,1964年６月21日生,(注)２,5,百株
1899,株式会社福田組,2026-03-25,取締役 (監査等委員),岩 﨑 勝 彦,1962年12月13日生,(注)３,20,百株
1899,株式会社福田組,2026-03-25,取締役 (監査等委員),中 田 義 直,1955年４月29日生,(注)３,9,百株
1899,株式会社福田組,2026-03-25,取締役 (監査等委員),若 槻 良 宏,1974年２月19日生,(注)３,,百株
1899,株式会社福田組,2026-03-25,取締役 (監査等委員),五 十 嵐 孝 子,1975年３月18日生,(注)４,,百株
189A,株式会社Ｄ＆Ｍカンパニー,2026-08-27,代表取締役 社長,松下 明義,1967年４月29日,(注)３,"105,700",株
189A,株式会社Ｄ＆Ｍカンパニー,2026-08-27,専務取締役,藤井 幹正,1948年８月５日,(注)３,"34,800",株
189A,株式会社Ｄ＆Ｍカンパニー,2026-08-27,取締役,南浦 佳孝,1976年４月14日,(注)３,"9,300",株
189A,株式会社Ｄ＆Ｍカンパニー,2026-08-27,取締役,衣川 雄明,1967年１月31日,(注)３,500,株
189A,株式会社Ｄ＆Ｍカンパニー,2026-08-27,取締役,松吉 三郎,1944年１月９日,(注)３,,株
189A,株式会社Ｄ＆Ｍカンパニー,2026-08-27,監査役 （常勤）,喜田 仁志,1958年11月24日,(注)４,700,株
189A,株式会社Ｄ＆Ｍカンパニー,2026-08-27,監査役,田川 裕一,1968年６月４日,(注)４,400,株
189A,株式会社Ｄ＆Ｍカンパニー,2026-08-27,監査役,寺田 明日香 （戸籍上の氏 西迫）,1974年１月14日,(注)４,400,株
189A,株式会社Ｄ＆Ｍカンパニー,2026-08-27,代表取締役 社長,松下 明義,1967年４月29日,(注)３,"105,700",株
189A,株式会社Ｄ＆Ｍカンパニー,2026-08-27,専務取締役,藤井 幹正,1948年８月５日,(注)３,"34,800",株
189A,株式会社Ｄ＆Ｍカンパニー,2026-08-27,取締役,南浦 佳孝,1976年４月14日,(注)３,"9,300",株
189A,株式会社Ｄ＆Ｍカンパニー,2026-08-27,取締役,衣川 雄明,1967年１月31日,(注)３,500,株
189A,株式会社Ｄ＆Ｍカンパニー,2026-08-27,取締役,松吉 三郎,1944年１月９日,(注)３,,株
189A,株式会社Ｄ＆Ｍカンパニー,2026-08-27,監査役 （常勤）,喜田 仁志,1958年11月24日,(注)４,700,株
189A,株式会社Ｄ＆Ｍカンパニー,2026-08-27,監査役,田川 裕一,1968年６月４日,(注)４,400,株
189A,株式会社Ｄ＆Ｍカンパニー,2026-08-27,監査役,寺田 明日香 （戸籍上の氏 西迫）,1974年１月14日,(注)４,400,株
1904,大成温調株式会社,2026-06-24,代表取締役 社長執行役員 海外部門管掌,水谷 憲一,1976年12月25日生,(注）３,19,千株
1904,大成温調株式会社,2026-06-24,取締役 専務執行役員 グループ会社 兼管理統括部管掌,玉置 雅幸,1956年４月１日生,(注）３,6,千株
1904,大成温調株式会社,2026-06-24,取締役 専務執行役員 企画部門 兼人財部門管掌,川上 徹,1957年８月16日生,(注）３,1,千株
1904,大成温調株式会社,2026-06-24,取締役 常務執行役員 営業部門 兼設計部門管掌,岡田 浩二,1961年５月８日生,(注）３,8,千株
1904,大成温調株式会社,2026-06-24,取締役 常務執行役員 技術・工事部門 兼業務改革部門管掌,冨岡 幸光,1961年４月７日生,(注）３,1,千株
1904,大成温調株式会社,2026-06-24,取締役,志田 憲彦,1955年９月23日生,(注）３,9,千株
1904,大成温調株式会社,2026-06-24,取締役,大江 太人,1988年８月４日生,(注）３,,千株
1904,大成温調株式会社,2026-06-24,取締役 （監査等委員）,今井 康之,1961年４月16日生,(注）４,4,千株
1904,大成温調株式会社,2026-06-24,取締役 （監査等委員）,松下 香織,1959年４月16日生,(注）４,,千株
1904,大成温調株式会社,2026-06-24,取締役 （監査等委員）,村木 高志,1974年１月11日生,(注）４,,千株
1904,大成温調株式会社,2026-06-24,取締役 （監査等委員）,榎本 幸子,1974年５月26日生,(注）５,,千株
1904,大成温調株式会社,2026-06-24,代表取締役 社長執行役員 海外部門管掌,水谷 憲一,1976年12月25日生,(注）３,19,千株
1904,大成温調株式会社,2026-06-24,取締役 専務執行役員 グループ会社 兼管理統括部管掌,玉置 雅幸,1956年４月１日生,(注）３,6,千株
1904,大成温調株式会社,2026-06-24,取締役 専務執行役員 企画部門 兼人財部門管掌,川上 徹,1957年８月16日生,(注）３,1,千株
1904,大成温調株式会社,2026-06-24,取締役 常務執行役員 営業部門 兼設計部門管掌,岡田 浩二,1961年５月８日生,(注）３,8,千株
1904,大成温調株式会社,2026-06-24,取締役 常務執行役員 技術・工事部門 兼業務改革部門管掌,冨岡 幸光,1961年４月７日生,(注）３,1,千株
1904,大成温調株式会社,2026-06-24,取締役,大江 太人,1988年８月４日生,(注）３,,千株
1904,大成温調株式会社,2026-06-24,取締役 （監査等委員）,今井 康之,1961年４月16日生,(注）４,4,千株
1904,大成温調株式会社,2026-06-24,取締役 （監査等委員）,松下 香織,1959年４月16日生,(注）４,,千株
1904,大成温調株式会社,2026-06-24,取締役 （監査等委員）,村木 高志,1974年１月11日生,(注）４,,千株
1904,大成温調株式会社,2026-06-24,取締役 （監査等委員）,榎本 幸子,1974年５月26日生,(注）４,,千株
1905,株式会社テノックス,2026-06-25,代表取締役社長,若尾 直,1959年4月11日生,（注）4,"16,996",株
1905,株式会社テノックス,2026-06-25,取締役 執行役員 海外部長,高橋 勝規,1959年9月22日生,（注）4,"25,681",株
1905,株式会社テノックス,2026-06-25,取締役 執行役員 開発担当,又吉 直哉,1967年1月15日生,（注）4,"12,208",株
1905,株式会社テノックス,2026-06-25,取締役 執行役員 管理本部長,谷山 敦之,1969年7月31日生,（注）4,"6,432",株
1905,株式会社テノックス,2026-06-25,取締役 執行役員 企画部長,佐野 雅哉,1964年8月10日生,（注）4,"3,595",株
1905,株式会社テノックス,2026-06-25,取締役 執行役員 パイル事業本部長兼土木営業部長,黒河 徹,1973年9月28日生,（注）4,"8,050",株
1905,株式会社テノックス,2026-06-25,取締役 （監査等委員）,水井 利行,1961年2月25日生,（注）5,100,株
1905,株式会社テノックス,2026-06-25,取締役 （監査等委員）,鈴木 みき,1972年5月31日生,（注）5,300,株
1905,株式会社テノックス,2026-06-25,取締役 （監査等委員）,久保 知一,1972年12月3日生,（注）5,700,株
1905,株式会社テノックス,2026-06-25,代表取締役社長,若尾 直,1959年4月11日生,（注）4,"16,996",株
1905,株式会社テノックス,2026-06-25,取締役 執行役員 開発担当,又吉 直哉,1967年1月15日生,（注）4,"12,208",株
1905,株式会社テノックス,2026-06-25,取締役 執行役員 管理本部長,谷山 敦之,1969年7月31日生,（注）4,"6,432",株
1905,株式会社テノックス,2026-06-25,取締役 執行役員 企画部長,佐野 雅哉,1964年8月10日生,（注）4,"3,595",株
1905,株式会社テノックス,2026-06-25,取締役 執行役員 パイル事業本部長兼土木営業部長,黒河 徹,1973年9月28日生,（注）4,"8,050",株
1905,株式会社テノックス,2026-06-25,取締役 執行役員 施工技術本部長兼 技術部長,平山 勇治,1973年6月29日生,（注）4,"6,796",株
1905,株式会社テノックス,2026-06-25,取締役 （監査等委員）,水井 利行,1961年2月25日生,（注）5,100,株
1905,株式会社テノックス,2026-06-25,取締役 （監査等委員）,鈴木 みき,1972年5月31日生,（注）5,300,株
1905,株式会社テノックス,2026-06-25,取締役 （監査等委員）,久保 知一,1972年12月3日生,（注）5,700,株
1909,日本ドライケミカル株式会社,2026-06-30,代表取締役社長,亀井 正文,1957年10月25日生,（注）３,"32,160",株
1909,日本ドライケミカル株式会社,2026-06-30,取締役,柄澤 秀樹,1966年12月３日生,（注）３,"16,080",株
1909,日本ドライケミカル株式会社,2026-06-30,取締役,粕谷 知久,1968年９月11日生,（注）３,"4,000",株
1909,日本ドライケミカル株式会社,2026-06-30,取締役,松尾 登志紀,1968年６月１日生,（注）３,,株
1909,日本ドライケミカル株式会社,2026-06-30,取締役,平林 学,1976年11月11日生,（注）３,,株
1909,日本ドライケミカル株式会社,2026-06-30,取締役,清 威人,1963年７月27日生,（注）３,,株
1909,日本ドライケミカル株式会社,2026-06-30,取締役,金 太浩,1963年２月22日生,（注）３,,株
1909,日本ドライケミカル株式会社,2026-06-30,監査役（常勤）,中川 信夫,1963年３月１日生,（注）４,"10,400",株
1909,日本ドライケミカル株式会社,2026-06-30,監査役,渡慶次 憲彦,1969年６月15日生,（注）４,,株
1909,日本ドライケミカル株式会社,2026-06-30,監査役,森 悦子,1956年６月16日生,（注）４,,株
190A,Ｃｈｏｒｄｉａ　Ｔｈｅｒａｐｅｕｔｉｃｓ株式会社,2025-11-21,代表取締役,三宅 洋,1970年６月25日生,（注）５,"900,000",株
190A,Ｃｈｏｒｄｉａ　Ｔｈｅｒａｐｅｕｔｉｃｓ株式会社,2025-11-21,取締役,嶋内 明彦,1947年７月16日生,（注）５,,株
190A,Ｃｈｏｒｄｉａ　Ｔｈｅｒａｐｅｕｔｉｃｓ株式会社,2025-11-21,取締役,中村 学,1968年８月26日生,（注）５,,株
190A,Ｃｈｏｒｄｉａ　Ｔｈｅｒａｐｅｕｔｉｃｓ株式会社,2025-11-21,取締役 （常勤監査等委員）,石井 幸佑,1982年８月31日生,（注）６,,株
190A,Ｃｈｏｒｄｉａ　Ｔｈｅｒａｐｅｕｔｉｃｓ株式会社,2025-11-21,取締役 （常勤監査等委員）,西方 ゆかり,1960年９月20日生,（注）６,,株
190A,Ｃｈｏｒｄｉａ　Ｔｈｅｒａｐｅｕｔｉｃｓ株式会社,2025-11-21,取締役 （監査等委員）,橋本 阿友子,1984年２月23日生,（注）６,,株
190A,Ｃｈｏｒｄｉａ　Ｔｈｅｒａｐｅｕｔｉｃｓ株式会社,2025-11-21,代表取締役,三宅 洋,1970年６月25日生,（注） ４,"900,000",株
190A,Ｃｈｏｒｄｉａ　Ｔｈｅｒａｐｅｕｔｉｃｓ株式会社,2025-11-21,取締役,中村 学,1968年８月26日生,（注）４,,株
190A,Ｃｈｏｒｄｉａ　Ｔｈｅｒａｐｅｕｔｉｃｓ株式会社,2025-11-21,取締役,土屋 裕,1952年６月29日生,（注）４,,株
190A,Ｃｈｏｒｄｉａ　Ｔｈｅｒａｐｅｕｔｉｃｓ株式会社,2025-11-21,取締役,平崎 誠司,1964年12月15日生,（注）４,,株
190A,Ｃｈｏｒｄｉａ　Ｔｈｅｒａｐｅｕｔｉｃｓ株式会社,2025-11-21,取締役 （常勤監査等委員）,石井 幸佑,1982年８月31日生,（注）５,,株
190A,Ｃｈｏｒｄｉａ　Ｔｈｅｒａｐｅｕｔｉｃｓ株式会社,2025-11-21,取締役 （常勤監査等委員）,西方 ゆかり,1960年９月20日生,（注）５,,株
190A,Ｃｈｏｒｄｉａ　Ｔｈｅｒａｐｅｕｔｉｃｓ株式会社,2025-11-21,取締役 （監査等委員）,橋本 阿友子,1984年２月23日生,（注）５,,株
1911,住友林業株式会社,2026-03-25,代表取締役 取締役会長,市川 晃,1954年11月12日生,(注)３,269,千株
1911,住友林業株式会社,2026-03-25,代表取締役 取締役社長 (執行役員社長),光吉 敏郎,1962年５月23日生,(注)３,103,千株
1911,住友林業株式会社,2026-03-25,代表取締役 (執行役員副社長) コーポレート本部長,川田 辰己,1962年10月４日生,(注)３,63,千株
1911,住友林業株式会社,2026-03-25,取締役 (専務執行役員) 不動産事業本部長,川村 篤,1965年２月24日生,(注)３,76,千株
1911,住友林業株式会社,2026-03-25,取締役 (常務執行役員) コーポレート本部副本部長,大谷 信之,1971年５月30日生,(注)３,15,千株
1911,住友林業株式会社,2026-03-25,取締役 (執行役員),髙橋 郁郎,1959年10月4日生,(注)３,58,千株
1911,住友林業株式会社,2026-03-25,取締役,栗原 美津枝,1964年４月７日生,(注)３,1,千株
1911,住友林業株式会社,2026-03-25,取締役,豊田 祐子,1970年８月21日生,(注)３,,千株
1911,住友林業株式会社,2026-03-25,取締役,岩本 敏男,1953年１月５日生,(注)３,1,千株
1911,住友林業株式会社,2026-03-25,取締役,助野 健児,1954年10月21日生,(注)３,4,千株
1911,住友林業株式会社,2026-03-25,監査役 （常勤）,角元 俊雄,1964年４月７日生,(注)４,8,千株
1911,住友林業株式会社,2026-03-25,監査役 （常勤）,羽田 一成,1959年12月４日生,(注)５,,千株
1911,住友林業株式会社,2026-03-25,監査役,鐵 義正,1948年12月23日生,(注)６,,千株
1911,住友林業株式会社,2026-03-25,監査役,松尾 眞,1949年５月28日生,(注)６,,千株
1911,住友林業株式会社,2026-03-25,監査役,河内 隆,1957年９月24日生,(注)５,0,千株
1911,住友林業株式会社,2026-03-25,代表取締役 取締役会長,市川 晃,1954年11月12日生,(注)３,269,千株
1911,住友林業株式会社,2026-03-25,代表取締役 取締役社長 (執行役員社長),光吉 敏郎,1962年５月23日生,(注)３,103,千株
1911,住友林業株式会社,2026-03-25,代表取締役 (執行役員副社長) コーポレート本部長,川田 辰己,1962年10月４日生,(注)３,63,千株
1911,住友林業株式会社,2026-03-25,取締役 (専務執行役員) 不動産事業本部長,川村 篤,1965年２月24日生,(注)３,76,千株
1911,住友林業株式会社,2026-03-25,取締役 (常務執行役員) コーポレート本部副本部長,大谷 信之,1971年５月30日生,(注)３,15,千株
1911,住友林業株式会社,2026-03-25,取締役 (常務執行役員) 住宅事業本部長,乾 憲司,1972年８月26日生,(注)３,14,千株
1911,住友林業株式会社,2026-03-25,取締役,栗原 美津枝,1964年４月７日生,(注)３,1,千株
1911,住友林業株式会社,2026-03-25,取締役,豊田 祐子,1970年８月21日生,(注)３,,千株
1911,住友林業株式会社,2026-03-25,取締役,岩本 敏男,1953年１月５日生,(注)３,1,千株
1911,住友林業株式会社,2026-03-25,取締役,助野 健児,1954年10月21日生,(注)３,4,千株
1911,住友林業株式会社,2026-03-25,監査役 （常勤）,角元 俊雄,1964年４月７日生,(注)４,8,千株
1911,住友林業株式会社,2026-03-25,監査役 （常勤）,西周 純子,1966年5月24日生,(注)６,31,千株
1911,住友林業株式会社,2026-03-25,監査役,鐵 義正,1948年12月23日生,(注)６,,千株
1911,住友林業株式会社,2026-03-25,監査役,河内 隆,1957年９月24日生,(注)５,0,千株
1911,住友林業株式会社,2026-03-25,監査役,宗像 直子,1962年２月12日生,(注)６,0,千株
1914,日本基礎技術株式会社,2026-06-22,代表取締役 社長 営業本部担当役員 技術本部担当役員 機械施工推進本部担当役員,中原 巖,昭和26年９月16日生,令和７年６月から２年,296,千株
1914,日本基礎技術株式会社,2026-06-22,専務取締役 執行役員 事務管理本部長,田中 邦彦,昭和35年11月18日生,令和７年６月から２年,79,千株
1914,日本基礎技術株式会社,2026-06-22,取締役 執行役員,持田 裕晋,昭和39年1月11日生,令和７年６月から２年,55,千株
1914,日本基礎技術株式会社,2026-06-22,取締役,厨川 道雄,昭和17年８月30日生,令和７年６月から２年,50,千株
1914,日本基礎技術株式会社,2026-06-22,取締役,岡村 裕,昭和27年４月13日生,令和７年６月から２年,41,千株
1914,日本基礎技術株式会社,2026-06-22,監査役 （常勤）,池田 昌義,昭和34年１月10日生,令和５年６月から４年,17,千株
1914,日本基礎技術株式会社,2026-06-22,監査役,相内 真一,昭和30年１月22日生,令和５年６月から４年,33,千株
1914,日本基礎技術株式会社,2026-06-22,監査役,松永 烈,昭和27年２月25日生,令和６年６月から４年,10,千株
1914,日本基礎技術株式会社,2026-06-22,監査役,氷坂 智晶,昭和38年１月４日生,令和５年６月から４年,4,千株
1921,株式会社　巴コーポレーション,2026-06-26,代表取締役 社長 社長執行役員 事業部門総覧,深 沢 隆,昭和30年２月26日生,令和８年６月から１年,109,千株
1921,株式会社　巴コーポレーション,2026-06-26,取締役 専務執行役員 本社部門長 不動産部門長 人材開発センター統括,三木 康裕,昭和39年７月13日生,令和８年６月から１年,7,千株
1921,株式会社　巴コーポレーション,2026-06-26,取締役 執行役員 経営企画総括 鉄構部門副部門長 事業開発部門副部門長 鉄構営業統括 西日本営業統括 鉄構営業部長,大家 貴徳,昭和47年11月27日生,令和８年６月から１年,4,千株
1921,株式会社　巴コーポレーション,2026-06-26,取締役 （監査等委員）,堀切 良浩,昭和34年３月１日生,令和８年６月から２年,4,千株
1921,株式会社　巴コーポレーション,2026-06-26,取締役 （監査等委員）,西山 誠弘,昭和39年４月22日生,令和８年６月から２年,,千株
1921,株式会社　巴コーポレーション,2026-06-26,取締役 （監査等委員）,五十嵐 規矩夫,昭和40年11月16日生,令和８年６月から２年,0,千株
1921,株式会社　巴コーポレーション,2026-06-26,取締役 （監査等委員）,髙 田 明,昭和33年１月３日生,令和８年６月から２年,,千株
1925,大和ハウス工業株式会社,2026-06-17,代表取締役会長 （ＣＥＯ） 海外本部長,芳井 敬一,1958年５月27日生,(注)３,106,千株
1925,大和ハウス工業株式会社,2026-06-17,代表取締役社長 （ＣＯＯ）,大友 浩嗣,1959年８月31日生,(注)３,52,千株
1925,大和ハウス工業株式会社,2026-06-17,代表取締役副社長 （ＣＦＯ） 経営管理本部長,香曽我部 武,1957年５月13日生,(注)３,82,千株
1925,大和ハウス工業株式会社,2026-06-17,代表取締役副社長 技術本部長,村田 誉之,1954年７月19日生,(注)３,44,千株
1925,大和ハウス工業株式会社,2026-06-17,代表取締役専務執行役員 ビジネス・ソリューション本部長,下西 佳典,1958年10月19日生,(注)３,37,千株
1925,大和ハウス工業株式会社,2026-06-17,取締役専務執行役員 ハウジング・ソリューション本部長,永瀬 俊哉,1962年12月26日生,(注)３,37,千株
1925,大和ハウス工業株式会社,2026-06-17,取締役常務執行役員 経営戦略本部長,柴田 英一,1961年2月10日生,(注)３,15,千株
1925,大和ハウス工業株式会社,2026-06-17,社外取締役,桑野 幸徳,1941年２月14日生,(注)３,11,千株
1925,大和ハウス工業株式会社,2026-06-17,社外取締役,関 美和,1965年２月25日生,(注)３,5,千株
1925,大和ハウス工業株式会社,2026-06-17,社外取締役,吉澤 和弘,1955年６月21日生,(注)３,4,千株
1925,大和ハウス工業株式会社,2026-06-17,社外取締役,伊藤 雄二郎,1955年８月３日生,(注)３,5,千株
1925,大和ハウス工業株式会社,2026-06-17,社外取締役,南部 智一,1959年１月21日生,(注)３,2,千株
1925,大和ハウス工業株式会社,2026-06-17,社外取締役,福本 ともみ,1959年２月18日生,(注)３,0,千株
1925,大和ハウス工業株式会社,2026-06-17,社外取締役,近藤 雄一郎,1962年11月24日生,(注)３,,千株
1925,大和ハウス工業株式会社,2026-06-17,常勤監査役,橋本 好哲,1960年11月27日生,(注)４,14,千株
1925,大和ハウス工業株式会社,2026-06-17,常勤監査役,小柳出 隆一,1958年５月23日生,(注)５,8,千株
1925,大和ハウス工業株式会社,2026-06-17,常勤監査役,髙重 吉博,1962年７月19日生,(注)５,5,千株
1925,大和ハウス工業株式会社,2026-06-17,社外監査役,渡邊 明久,1953年２月10日生,(注)６,3,千株
1925,大和ハウス工業株式会社,2026-06-17,社外監査役,岸本 達司,1960年６月16日生,(注)５,2,千株
1925,大和ハウス工業株式会社,2026-06-17,社外監査役,丸山 隆司,1948年6月23日生,(注)７,2,千株
1925,大和ハウス工業株式会社,2026-06-17,代表取締役会長 （ＣＥＯ） 海外本部長,芳井 敬一,1958年５月27日生,(注)３,106,千株
1925,大和ハウス工業株式会社,2026-06-17,代表取締役社長 （ＣＯＯ）,大友 浩嗣,1959年８月31日生,(注)３,52,千株
1925,大和ハウス工業株式会社,2026-06-17,代表取締役副社長 （ＣＦＯ） 経営管理本部長,香曽我部 武,1957年５月13日生,(注)３,82,千株
1925,大和ハウス工業株式会社,2026-06-17,代表取締役副社長 技術本部長,村田 誉之,1954年７月19日生,(注)３,44,千株
1925,大和ハウス工業株式会社,2026-06-17,代表取締役専務執行役員 ビジネス・ソリューション本部長,下西 佳典,1958年10月19日生,(注)３,37,千株
1925,大和ハウス工業株式会社,2026-06-17,取締役専務執行役員 ハウジング・ソリューション本部長,永瀬 俊哉,1962年12月26日生,(注)３,37,千株
1925,大和ハウス工業株式会社,2026-06-17,取締役常務執行役員 経営戦略本部長,柴田 英一,1961年2月10日生,(注)３,15,千株
1925,大和ハウス工業株式会社,2026-06-17,社外取締役,桑野 幸徳,1941年２月14日生,(注)３,11,千株
1925,大和ハウス工業株式会社,2026-06-17,社外取締役,関 美和,1965年２月25日生,(注)３,5,千株
1925,大和ハウス工業株式会社,2026-06-17,社外取締役,吉澤 和弘,1955年６月21日生,(注)３,4,千株
1925,大和ハウス工業株式会社,2026-06-17,社外取締役,伊藤 雄二郎,1955年８月３日生,(注)３,5,千株
1925,大和ハウス工業株式会社,2026-06-17,社外取締役,南部 智一,1959年１月21日生,(注)３,2,千株
1925,大和ハウス工業株式会社,2026-06-17,社外取締役,福本 ともみ,1959年２月18日生,(注)３,0,千株
1925,大和ハウス工業株式会社,2026-06-17,社外取締役,近藤 雄一郎,1962年11月24日生,(注)３,,千株
1925,大和ハウス工業株式会社,2026-06-17,常勤監査役,橋本 好哲,1960年11月27日生,(注)４,14,千株
1925,大和ハウス工業株式会社,2026-06-17,常勤監査役,小柳出 隆一,1958年５月23日生,(注)５,8,千株
1925,大和ハウス工業株式会社,2026-06-17,常勤監査役,髙重 吉博,1962年７月19日生,(注)５,5,千株
1925,大和ハウス工業株式会社,2026-06-17,社外監査役,渡邊 明久,1953年２月10日生,(注)６,3,千株
1925,大和ハウス工業株式会社,2026-06-17,社外監査役,岸本 達司,1960年６月16日生,(注)５,2,千株
1925,大和ハウス工業株式会社,2026-06-17,社外監査役,丸山 隆司,1948年6月23日生,(注)７,2,千株
1926,ライト工業株式会社,2026-06-24,代表取締役社長,阿久津 和浩,1960年12月18日生,2025年６月より１年,11.7,千株
1926,ライト工業株式会社,2026-06-24,専務取締役 安全衛生環境本部長,川村 公平,1960年４月28日生,2025年６月より１年,7.0,千株
1926,ライト工業株式会社,2026-06-24,専務取締役 経営企画本部長,西 誠,1960年10月４日生,2025年６月より１年,11.4,千株
1926,ライト工業株式会社,2026-06-24,専務取締役 建築事業本部長,山本 明伸,1960年９月23日生,2025年６月より１年,5.4,千株
1926,ライト工業株式会社,2026-06-24,常務取締役 関東支社長,村井 祐介,1963年８月３日生,2025年６月より１年,15.5,千株
1926,ライト工業株式会社,2026-06-24,常務取締役 技術営業本部長,川本 治,1965年４月５日生,2025年６月より１年,5.1,千株
1926,ライト工業株式会社,2026-06-24,常務取締役 施工技術本部長,金藤 達也,1961年６月16日生,2025年６月より１年,18.1,千株
1926,ライト工業株式会社,2026-06-24,取締役 海外事業本部長,山根 智之,1967年５月１日生,2025年６月より１年,3.9,千株
1926,ライト工業株式会社,2026-06-24,取締役 西日本支社長,和平 好伸,1965年６月15日生,2025年６月より１年,8.6,千株
1926,ライト工業株式会社,2026-06-24,取締役 経営管理本部長,高橋 恒歩,1966年11月29日生,2025年６月より１年,3.1,千株
1926,ライト工業株式会社,2026-06-24,取締役,白井 真,1976年９月22日生,2025年６月より１年,,千株
1926,ライト工業株式会社,2026-06-24,取締役,清水 裕子,1957年３月８日生,2025年６月より１年,,千株
1926,ライト工業株式会社,2026-06-24,取締役,永田 武,1958年12月16日生,2025年６月より１年,,千株
1926,ライト工業株式会社,2026-06-24,取締役,浅野 浩美,1961年１月20日生,2025年６月より１年,,千株
1926,ライト工業株式会社,2026-06-24,取締役,佐々木 基,1955年９月15日生,2025年６月より１年,,千株
1926,ライト工業株式会社,2026-06-24,常勤監査役,佐藤 力,1960年６月４日生,2023年６月より４年,4.4,千株
1926,ライト工業株式会社,2026-06-24,監査役,丸野 登紀子,1973年７月21日生,2023年６月より４年,,千株
1926,ライト工業株式会社,2026-06-24,監査役,飯田 信夫,1956年７月14日生,2025年６月より４年,,千株
1926,ライト工業株式会社,2026-06-24,監査役,佐々木 泰,1962年１月６日生,2022年６月より４年,,千株
1926,ライト工業株式会社,2026-06-24,代表取締役社長,阿久津 和浩,1960年12月18日生,2026年６月より１年,11.7,千株
1926,ライト工業株式会社,2026-06-24,専務取締役 安全衛生環境本部長,川村 公平,1960年４月28日生,2026年６月より１年,7.0,千株
1926,ライト工業株式会社,2026-06-24,専務取締役 建築事業本部長,山本 明伸,1960年９月23日生,2026年６月より１年,5.4,千株
1926,ライト工業株式会社,2026-06-24,常務取締役 関東支社長,村井 祐介,1963年８月３日生,2026年６月より１年,15.5,千株
1926,ライト工業株式会社,2026-06-24,常務取締役 技術営業本部長,川本 治,1965年４月５日生,2026年６月より１年,5.1,千株
1926,ライト工業株式会社,2026-06-24,常務取締役 施工技術本部長,金藤 達也,1961年６月16日生,2026年６月より１年,18.1,千株
1926,ライト工業株式会社,2026-06-24,常務取締役 経営企画本部長,山根 智之,1967年５月１日生,2026年６月より１年,3.9,千株
1926,ライト工業株式会社,2026-06-24,常務取締役 経営管理本部長,高橋 恒歩,1966年11月29日生,2026年６月より１年,3.1,千株
1926,ライト工業株式会社,2026-06-24,取締役 西日本支社長,和平 好伸,1965年６月15日生,2026年６月より１年,8.6,千株
1926,ライト工業株式会社,2026-06-24,取締役,白井 真,1976年９月22日生,2026年６月より１年,,千株
1926,ライト工業株式会社,2026-06-24,取締役,清水 裕子,1957年３月８日生,2026年６月より１年,,千株
1926,ライト工業株式会社,2026-06-24,取締役,永田 武,1958年12月16日生,2026年６月より１年,,千株
1926,ライト工業株式会社,2026-06-24,取締役,浅野 浩美,1961年１月20日生,2026年６月より１年,,千株
1926,ライト工業株式会社,2026-06-24,取締役,佐々木 基,1955年９月15日生,2026年６月より１年,,千株
1926,ライト工業株式会社,2026-06-24,常勤監査役,佐藤 力,1960年６月４日生,2023年６月より４年,4.4,千株
1926,ライト工業株式会社,2026-06-24,監査役,丸野 登紀子,1973年７月21日生,2023年６月より４年,,千株
1926,ライト工業株式会社,2026-06-24,監査役,飯田 信夫,1956年７月14日生,2025年６月より４年,,千株
1926,ライト工業株式会社,2026-06-24,監査役,髙岡 万由美,1979年９月17日生,2026年６月より４年,,千株
1928,積水ハウス株式会社,2026-04-16,代表取締役兼CEO 社長執行役員,仲井 嘉浩,1965年４月30日生,(注)３,164,千株
1928,積水ハウス株式会社,2026-04-16,代表取締役 副社長執行役員 財務部門・人事部門・監査管掌、管理部門担当,田中 聡,1958年２月27日生,(注)３,71,千株
1928,積水ハウス株式会社,2026-04-16,取締役 専務執行役員 開発型ビジネス部門担当、 国際事業本部長,石井 徹,1966年11月３日生,(注)３,52,千株
1928,積水ハウス株式会社,2026-04-16,取締役 専務執行役員,篠崎 浩士,1963年４月12日生,(注)３,27,千株
1928,積水ハウス株式会社,2026-04-16,取締役 専務執行役員 戸建事業管掌、 リフォーム事業担当,大村 泰志,1968年12月１日生,(注)３,20,千株
1928,積水ハウス株式会社,2026-04-16,社外取締役,吉丸由紀子,1960年２月１日生,(注)３,10,千株
1928,積水ハウス株式会社,2026-04-16,社外取締役,北沢 利文,1953年11月18日生,(注)３,4,千株
1928,積水ハウス株式会社,2026-04-16,社外取締役,中島 好美,1956年12月16日生,(注)３,3,千株
1928,積水ハウス株式会社,2026-04-16,社外取締役,阿部 伸一,1968年８月７日生,(注)３,2,千株
1928,積水ハウス株式会社,2026-04-16,社外取締役,黒田由貴子,1963年９月24日生,(注)３,0,千株
1928,積水ハウス株式会社,2026-04-16,常任監査役,荻野 隆,1959年11月25日生,(注)４,6,千株
1928,積水ハウス株式会社,2026-04-16,常任監査役,皆川 修,1962年９月19日生,(注)６,35,千株
1928,積水ハウス株式会社,2026-04-16,常任監査役 社外監査役,鶴田 龍一,1954年11月24日生,(注)４,,千株
1928,積水ハウス株式会社,2026-04-16,社外監査役,和田 頼知,1955年10月23日生,(注)５,,千株
1928,積水ハウス株式会社,2026-04-16,社外監査役,玉井 裕子,1965年11月28日生,(注)６,,千株
1928,積水ハウス株式会社,2026-04-16,代表取締役兼CEO 社長執行役員,仲井 嘉浩,1965年４月30日生,(注)３,164,千株
1928,積水ハウス株式会社,2026-04-16,代表取締役 副社長執行役員 財務部門・人事部門・監査管掌、管理部門担当,田中 聡,1958年２月27日生,(注)３,71,千株
1928,積水ハウス株式会社,2026-04-16,取締役 専務執行役員 開発型ビジネス部門担当、 国際事業本部長,石井 徹,1966年11月３日生,(注)３,52,千株
1928,積水ハウス株式会社,2026-04-16,取締役 専務執行役員 戸建事業管掌、 リフォーム事業担当,大村 泰志,1968年12月１日生,(注)３,20,千株
1928,積水ハウス株式会社,2026-04-16,取締役 専務執行役員 技術・生産部門管掌,野間 賢,1963年９月13日生,(注)３,15,千株
1928,積水ハウス株式会社,2026-04-16,社外取締役,吉丸由紀子,1960年２月１日生,(注)３,10,千株
1928,積水ハウス株式会社,2026-04-16,社外取締役,北沢 利文,1953年11月18日生,(注)３,4,千株
1928,積水ハウス株式会社,2026-04-16,社外取締役,中島 好美,1956年12月16日生,(注)３,3,千株
1928,積水ハウス株式会社,2026-04-16,社外取締役,阿部 伸一,1968年８月７日生,(注)３,2,千株
1928,積水ハウス株式会社,2026-04-16,社外取締役,黒田由貴子,1963年９月24日生,(注)３,0,千株
1928,積水ハウス株式会社,2026-04-16,常任監査役,荻野 隆,1959年11月25日生,(注)６,6,千株
1928,積水ハウス株式会社,2026-04-16,常任監査役,皆川 修,1962年９月19日生,(注)５,35,千株
1928,積水ハウス株式会社,2026-04-16,社外監査役,和田 頼知,1955年10月23日生,(注)４,,千株
1928,積水ハウス株式会社,2026-04-16,社外監査役,玉井 裕子,1965年11月28日生,(注)５,,千株
1928,積水ハウス株式会社,2026-04-16,社外監査役,花田 信夫,1960年４月８日生,(注)６,,千株
1929,日特建設株式会社,2026-06-23,取締役会長,和田 康夫,1959年１月27日生,(注）3,44,千株
1929,日特建設株式会社,2026-06-23,代表取締役社長 CEO,上 直人,1963年５月13日生,（注）3,57,千株
1929,日特建設株式会社,2026-06-23,代表取締役執行役員副社長 COO 事業本部長,梶田 文彦,1967年１月24日生,（注）3,10,千株
1929,日特建設株式会社,2026-06-23,代表取締役執行役員副社長CMO 経営戦略本部長,山崎 淳,1964年11月20日生,（注）3,11,千株
1929,日特建設株式会社,2026-06-23,取締役,川口 利一,1961年２月26日生,(注）3,18,千株
1929,日特建設株式会社,2026-06-23,取締役,麻生 巌,1974年７月17日生,(注）3,,千株
1929,日特建設株式会社,2026-06-23,取締役,渡邉 雅之,1970年５月２日生,(注）3,2,千株
1929,日特建設株式会社,2026-06-23,取締役,中村 克夫,1950年４月16日生,(注）3,8,千株
1929,日特建設株式会社,2026-06-23,取締役,岡田 直子,1978年６月７日生,(注）3,2,千株
1929,日特建設株式会社,2026-06-23,取締役,森 清華,1980年12月13日生,（注）3,0,千株
1929,日特建設株式会社,2026-06-23,常勤監査役,高橋 克彦,1962年3月17日生,（注）4,6,千株
1929,日特建設株式会社,2026-06-23,常勤監査役,阿波角 哲治,1965年7月14日生,（注）4,0,千株
1929,日特建設株式会社,2026-06-23,監査役,小野 淳史,1967年１月30日生,(注）4,,千株
192A,インテグループ株式会社,2026-08-31,取締役会長,藤井 一郎,1974年５月18日,（注）２,"720,200",株
192A,インテグループ株式会社,2026-08-31,代表取締役社長 管理本部長,籠谷 智輝,1976年12月12日,（注）２,"720,200",株
192A,インテグループ株式会社,2026-08-31,取締役 コンサルティング本部長,廣瀬 一憲,1982年５月３日,（注）２,"31,000",株
192A,インテグループ株式会社,2026-08-31,取締役 （常勤監査等委員）,牟田口 賢次郎,1957年１月25日,（注）３,"6,200",株
192A,インテグループ株式会社,2026-08-31,取締役 （監査等委員）,川﨑 勝之,1971年11月27日,（注）３,"1,500",株
192A,インテグループ株式会社,2026-08-31,取締役 （監査等委員）,増田 薫則,1979年２月26日,（注）３,"1,500",株
1930,北陸電気工事株式会社,2026-06-24,代表取締役会長,水谷 和久,1961年６月12日,2025年６月 から１年,41,百株
1930,北陸電気工事株式会社,2026-06-24,代表取締役社長 社長執行役員,山崎 勇志,1962年４月30日,2025年６月 から１年,99,百株
1930,北陸電気工事株式会社,2026-06-24,専務取締役 専務執行役員,北 克彦,1962年２月22日,2025年６月 から１年,52,百株
1930,北陸電気工事株式会社,2026-06-24,常務取締役 常務執行役員,早瀬 庄一郎,1963年１月２日,2025年６月 から１年,125,百株
1930,北陸電気工事株式会社,2026-06-24,取締役,村田 良昭,1963年12月９日,2025年６月 から１年,,百株
1930,北陸電気工事株式会社,2026-06-24,取締役,佐野 みゆき,1962年５月26日,2025年６月 から１年,,百株
1930,北陸電気工事株式会社,2026-06-24,取締役,多賀 満,1959年１月31日,2025年６月 から１年,,百株
1930,北陸電気工事株式会社,2026-06-24,取締役,南 果,1982年５月６日,2025年６月 から１年,,百株
1930,北陸電気工事株式会社,2026-06-24,常勤監査役,木村 博喜,1966年９月23日,2024年６月 から４年,,百株
1930,北陸電気工事株式会社,2026-06-24,監査役,新田 真之,1958年３月22日,2024年６月 から４年,,百株
1930,北陸電気工事株式会社,2026-06-24,監査役,沼田 雅博,1961年６月28日,2024年６月 から４年,4,百株
1930,北陸電気工事株式会社,2026-06-24,代表取締役会長,平田 亙,1962年６月22日,2026年６月 から１年,,百株
1930,北陸電気工事株式会社,2026-06-24,代表取締役社長 社長執行役員,山崎 勇志,1962年４月30日,2026年６月 から１年,99,百株
1930,北陸電気工事株式会社,2026-06-24,専務取締役 専務執行役員,早瀬 庄一郎,1963年１月２日,2026年６月 から１年,125,百株
1930,北陸電気工事株式会社,2026-06-24,常務取締役 常務執行役員,古川 忠,1967年２月16日,2026年６月 から１年,31,百株
1930,北陸電気工事株式会社,2026-06-24,取締役,常光 健一,1966年10月14日,2026年６月 から１年,,百株
1930,北陸電気工事株式会社,2026-06-24,取締役,佐野 みゆき,1962年５月26日,2026年６月 から１年,,百株
1930,北陸電気工事株式会社,2026-06-24,取締役,多賀 満,1959年１月31日,2026年６月 から１年,,百株
1930,北陸電気工事株式会社,2026-06-24,取締役,南 果,1982年５月６日,2026年６月 から１年,,百株
1930,北陸電気工事株式会社,2026-06-24,常勤監査役,木村 博喜,1966年９月23日,2024年６月 から４年,,百株
1930,北陸電気工事株式会社,2026-06-24,監査役,新田 真之,1958年３月22日,2024年６月 から４年,,百株
1930,北陸電気工事株式会社,2026-06-24,監査役,南 直樹,1961年10月10日,2026年６月 から２年,,百株
1930,北陸電気工事株式会社,2026-06-24,監査役,槻 亜希子,1965年９月27日,2026年６月 から４年,,百株
1934,株式会社ユアテック,2026-06-24,取締役会長 （代表取締役）,阿 部 俊 徳,1957年10月28日生,(注)２,"12,234",株
1934,株式会社ユアテック,2026-06-24,取締役社長 社長執行役員 （代表取締役）,小 林 郁 見,1959年１月24日生,(注)２,"23,758",株
1934,株式会社ユアテック,2026-06-24,取締役 専務執行役員 (代表取締役),三 浦 康 二,1961年９月９日生,(注)２,"17,007",株
1934,株式会社ユアテック,2026-06-24,取締役 (注)１,嘉 藤 明 美,1963年６月19日生,(注)２,300,株
1934,株式会社ユアテック,2026-06-24,取締役 (注)１,玉 井 忠 幸,1960年９月７日生,(注)２,,株
1934,株式会社ユアテック,2026-06-24,取締役 (注)１,柴 田 千 春,1972年５月21日生,(注)２,,株
1934,株式会社ユアテック,2026-06-24,取締役 常勤監査等委員,佐 藤 健,1966年１月31日生,(注)３,900,株
1934,株式会社ユアテック,2026-06-24,取締役 監査等委員 (注)１,小 野 浩 一,1962年６月７日生,(注)３,,株
1934,株式会社ユアテック,2026-06-24,取締役 監査等委員 (注)１,高 浦 康 有,1973年９月24日生,(注)３,,株
1934,株式会社ユアテック,2026-06-24,取締役 監査等委員 (注)１,八 島 徳 子,1967年３月22日生,(注)３,"1,600",株
1934,株式会社ユアテック,2026-06-24,取締役会長 （代表取締役）,阿 部 俊 徳,1957年10月28日生,(注)２,"12,234",株
1934,株式会社ユアテック,2026-06-24,取締役社長 社長執行役員 （代表取締役）,小 林 郁 見,1959年１月24日生,(注)２,"23,758",株
1934,株式会社ユアテック,2026-06-24,取締役 専務執行役員 (代表取締役),三 浦 康 二,1961年９月９日生,(注)２,"17,007",株
1934,株式会社ユアテック,2026-06-24,取締役 常務執行役員,中 西 仁,1967年２月19日生,(注)２,"19,892",株
1934,株式会社ユアテック,2026-06-24,取締役 (注)１,嘉 藤 明 美,1963年６月19日生,(注)２,300,株
1934,株式会社ユアテック,2026-06-24,取締役 (注)１,柴 田 千 春,1972年５月21日生,(注)２,,株
1934,株式会社ユアテック,2026-06-24,取締役 (注)１,正 籬 聡,1960年12月29日生,(注)２,,株
1934,株式会社ユアテック,2026-06-24,取締役 常勤監査等委員,佐 藤 健,1966年１月31日生,(注)３,900,株
1934,株式会社ユアテック,2026-06-24,取締役 監査等委員 (注)１,八 島 徳 子,1967年３月22日生,(注)３,"1,600",株
1934,株式会社ユアテック,2026-06-24,取締役 監査等委員 (注)１,花 島 伸 行 (注)４,1965年５月２日生,(注)３,,株
1934,株式会社ユアテック,2026-06-24,取締役 監査等委員 (注)１,渡 邉 浩 文,1965年７月15日生,(注)３,,株
1938,日本リーテック株式会社,2026-06-24,代表取締役社長執行役員 監査部担当 リスク統括担当 コンプライアンス担当,久 保 公 人,1964年５月22日生,(注)２,14,千株
1938,日本リーテック株式会社,2026-06-24,取締役会長執行役員,江 草 茂,1963年９月16日生,(注)２,11,千株
1938,日本リーテック株式会社,2026-06-24,取締役常務執行役員 企画部長,澤 村 正 彰,1963年９月21日生,(注)２,8,千株
1938,日本リーテック株式会社,2026-06-24,取締役,井 上 直 美,1950年11月６日生,(注)２,,千株
1938,日本リーテック株式会社,2026-06-24,取締役,穂 苅 裕 久,1956年７月４日生,(注)２,,千株
1938,日本リーテック株式会社,2026-06-24,取締役,齋 藤 祐 樹,1970年12月８日生,(注)２,,千株
1938,日本リーテック株式会社,2026-06-24,取締役,檜 垣 直 人,1968年12月11日生,(注)２,,千株
1938,日本リーテック株式会社,2026-06-24,取締役 (常勤監査等委員),明 星 久 雄,1957年10月30日生,(注)３,0,千株
1938,日本リーテック株式会社,2026-06-24,取締役 (監査等委員),神 早 苗,1964年３月16日生,(注)３,5,千株
1938,日本リーテック株式会社,2026-06-24,取締役 （監査等委員）,大 野 雅 人,1955年10月11日生,(注)３,,千株
1938,日本リーテック株式会社,2026-06-24,代表取締役社長執行役員 監査部担当 リスク統括担当 コンプライアンス担当,久 保 公 人,1964年５月22日生,(注)２,14,千株
1938,日本リーテック株式会社,2026-06-24,取締役会長執行役員,江 草 茂,1963年９月16日生,(注)２,11,千株
1938,日本リーテック株式会社,2026-06-24,取締役専務執行役員 企画部長,澤 村 正 彰,1963年９月21日生,(注)２,8,千株
1938,日本リーテック株式会社,2026-06-24,取締役 常務執行役員 電力システム本部長,小 柳 昌 光,1965年９月25日生,(注)２,7,千株
1938,日本リーテック株式会社,2026-06-24,取締役,井 上 直 美,1950年11月６日生,(注)２,,千株
1938,日本リーテック株式会社,2026-06-24,取締役,齋 藤 祐 樹,1970年12月８日生,(注)２,,千株
1938,日本リーテック株式会社,2026-06-24,取締役,檜 垣 直 人,1968年12月11日生,(注)２,,千株
1938,日本リーテック株式会社,2026-06-24,取締役,清 水 紀 男,1957年７月24日生,(注)２,,千株
1938,日本リーテック株式会社,2026-06-24,取締役,赤 城 文 子,1960年８月16日生,(注)２,,千株
1938,日本リーテック株式会社,2026-06-24,取締役 (監査等委員),神 早 苗,1964年３月16日生,(注)３,5,千株
1938,日本リーテック株式会社,2026-06-24,取締役 （常勤監査等委員）,中 山 尚 美,1965年９月８日生,(注)３,,千株
1938,日本リーテック株式会社,2026-06-24,取締役 （監査等委員）,金 井 睦 美,1969年９月30日生,(注)３,,千株
1939,株式会社四電工,2026-06-19,代表取締役 社長,関谷 幸男,1961年２月18日,(注) ４,"1,012",百株
1939,株式会社四電工,2026-06-19,代表取締役 専務執行役員 企画部・人事労務部・総務部・経理部統括,山﨑 直樹,1961年10月30日,(注) ４,568,百株
1939,株式会社四電工,2026-06-19,代表取締役 専務執行役員 技術本部長、原価管理室長,中川 隆,1959年１月５日,(注) ４,520,百株
1939,株式会社四電工,2026-06-19,取締役 常務執行役員 営業本部長,山本 愛朗,1960年12月１日,(注) ４,524,百株
1939,株式会社四電工,2026-06-19,取締役 常務執行役員 電力本部長、安全部・ＩＴシステム推進室統括,山口 隆浩,1962年６月21日,(注) ４,328,百株
1939,株式会社四電工,2026-06-19,取締役 （非常勤）,戸谷 美奈子,1979年12月14日,(注) ４,13,百株
1939,株式会社四電工,2026-06-19,取締役 （非常勤）,板谷 和彦,1959年６月19日,(注) ４,1,百株
1939,株式会社四電工,2026-06-19,取締役 監査等委員 （非常勤）,平野 美紀,1968年９月12日,(注) ５,12,百株
1939,株式会社四電工,2026-06-19,取締役 監査等委員 （非常勤）,勝丸 千晶 (石川 千晶),1960年８月４日,(注) ５,14,百株
1939,株式会社四電工,2026-06-19,取締役 監査等委員 （非常勤）,塩梅 和彦,1961年６月21日,(注) ５,3,百株
1939,株式会社四電工,2026-06-19,取締役 監査等委員 （非常勤）,藤井 清史,1962年８月２日,(注) ５,3,百株
1939,株式会社四電工,2026-06-19,常務執行役員,三好 憲吾,,,,
1939,株式会社四電工,2026-06-19,監査等特命役員,柳川 賀久,,,,
1939,株式会社四電工,2026-06-19,上席執行役員,仲口 義洋,,,,
1939,株式会社四電工,2026-06-19,上席執行役員,髙田 忠員,,,,
1939,株式会社四電工,2026-06-19,執行役員,清水 健司,,,,
1939,株式会社四電工,2026-06-19,執行役員,小原 秀敏,,,,
1939,株式会社四電工,2026-06-19,執行役員,寺島 功,,,,
1939,株式会社四電工,2026-06-19,執行役員,小西 達也,,,,
1939,株式会社四電工,2026-06-19,執行役員,片岡 考司,,,,
1939,株式会社四電工,2026-06-19,執行役員,大和 正幸,,,,
1939,株式会社四電工,2026-06-19,執行役員,小笠原敏之,,,,
1939,株式会社四電工,2026-06-19,執行役員,松本 耕輔,,,,
1939,株式会社四電工,2026-06-19,理事,仁志 吉宏,,,,
1939,株式会社四電工,2026-06-19,理事,岩田 直通,,,,
1939,株式会社四電工,2026-06-19,理事,山本 桂,,,,
1939,株式会社四電工,2026-06-19,理事,小笠原 渉,,,,
1939,株式会社四電工,2026-06-19,理事,春田 悦伯,,,,
1939,株式会社四電工,2026-06-19,代表取締役 社長,関谷 幸男,1961年２月18日,(注) ４,"1,012",百株
1939,株式会社四電工,2026-06-19,代表取締役 専務執行役員 企画部・人事労務部・総務部・経理部統括,山﨑 直樹,1961年10月30日,(注) ４,568,百株
1939,株式会社四電工,2026-06-19,取締役 専務執行役員 建築設備本部長,三好 憲吾,1968年11月26日,(注) ４,142,百株
1939,株式会社四電工,2026-06-19,取締役 （非常勤）,戸谷 美奈子,1979年12月14日,(注) ４,13,百株
1939,株式会社四電工,2026-06-19,取締役 （非常勤）,板谷 和彦,1959年６月19日,(注) ４,1,百株
1939,株式会社四電工,2026-06-19,取締役 監査等委員 （非常勤）,平野 美紀,1968年９月12日,(注) ５,12,百株
1939,株式会社四電工,2026-06-19,取締役 監査等委員 （非常勤）,勝丸 千晶 (石川 千晶),1960年８月４日,(注) ５,14,百株
1939,株式会社四電工,2026-06-19,取締役 監査等委員 （非常勤）,塩梅 和彦,1961年６月21日,(注) ５,3,百株
1939,株式会社四電工,2026-06-19,取締役 監査等委員 （非常勤）,藤井 清史,1962年８月２日,(注) ５,3,百株
1939,株式会社四電工,2026-06-19,常務執行役員,小原 秀敏,,,,
1939,株式会社四電工,2026-06-19,参与,新居田智彦,,,,
1939,株式会社四電工,2026-06-19,監査等特命役員,寺島 功,,,,
1939,株式会社四電工,2026-06-19,執行役員,小西 達也,,,,
1939,株式会社四電工,2026-06-19,執行役員,片岡 考司,,,,
1939,株式会社四電工,2026-06-19,執行役員,大和 正幸,,,,
1939,株式会社四電工,2026-06-19,執行役員,小笠原敏之,,,,
1939,株式会社四電工,2026-06-19,執行役員,松本 耕輔,,,,
1939,株式会社四電工,2026-06-19,執行役員,山本 桂,,,,
1939,株式会社四電工,2026-06-19,理事,仁志 吉宏,,,,
1939,株式会社四電工,2026-06-19,理事,岩田 直通,,,,
1939,株式会社四電工,2026-06-19,理事,小笠原 渉,,,,
1939,株式会社四電工,2026-06-19,理事,春田 悦伯,,,,
1939,株式会社四電工,2026-06-19,理事,碓井 学,,,,
1939,株式会社四電工,2026-06-19,理事,宮本 昌保,,,,
1939,株式会社四電工,2026-06-19,理事,中村 和敬,,,,
1941,株式会社中電工,2026-06-22,代表取締役会長,迫 谷 章,1951年10月10日,(注)2,"34,500",株
1941,株式会社中電工,2026-06-22,代表取締役社長,重 藤 隆 文,1957年３月23日,(注)2,"18,000",株
1941,株式会社中電工,2026-06-22,代表取締役副社長 執行役員,谷 口 実 男,1961年１月27日,(注)2,"16,472",株
1941,株式会社中電工,2026-06-22,取締役 (社外取締役),稲 本 信 秀,1953年11月10日,(注)2,"1,300",株
1941,株式会社中電工,2026-06-22,取締役 (社外取締役),餘利野 直 人,1958年１月24日,(注)2,700,株
1941,株式会社中電工,2026-06-22,取締役 (社外取締役),江 國 成 基,1960年10月９日,(注)2,"2,500",株
1941,株式会社中電工,2026-06-22,取締役 (社外取締役),村 田 治 子,1968年４月18日,(注)2,"2,100",株
1941,株式会社中電工,2026-06-22,取締役監査等委員,東 岡 孝 和,1960年12月29日,(注)3,"13,946",株
1941,株式会社中電工,2026-06-22,取締役監査等委員 （社外取締役),飯 岡 久 美,1958年８月14日,(注)3,"1,500",株
1941,株式会社中電工,2026-06-22,取締役監査等委員 (社外取締役),廣 田 亨,1958年１月８日,(注)3,700,株
1941,株式会社中電工,2026-06-22,取締役監査等委員 (社外取締役),吉 永 浩 之,1962年６月30日,(注)3,600,株
1941,株式会社中電工,2026-06-22,代表取締役会長,迫 谷 章,1951年10月10日,(注)3,"34,500",株
1941,株式会社中電工,2026-06-22,代表取締役社長,重 藤 隆 文,1957年３月23日,(注)3,"18,000",株
1941,株式会社中電工,2026-06-22,代表取締役副社長 執行役員,谷 口 実 男,1961年１月27日,(注)3,"16,472",株
1941,株式会社中電工,2026-06-22,取締役 (社外取締役),稲 本 信 秀,1953年11月10日,(注)3,"1,300",株
1941,株式会社中電工,2026-06-22,取締役 (社外取締役),餘利野 直 人,1958年１月24日,(注)3,700,株
1941,株式会社中電工,2026-06-22,取締役 (社外取締役),江 國 成 基,1960年10月９日,(注)3,"2,500",株
1941,株式会社中電工,2026-06-22,取締役 (社外取締役),村 田 治 子,1968年４月18日,(注)3,"2,100",株
1941,株式会社中電工,2026-06-22,取締役監査等委員,東 岡 孝 和,1960年12月29日,(注)4,"13,946",株
1941,株式会社中電工,2026-06-22,取締役監査等委員 （社外取締役),飯 岡 久 美,1958年８月14日,(注)4,"1,500",株
1941,株式会社中電工,2026-06-22,取締役監査等委員 (社外取締役),廣 田 亨,1958年１月８日,(注)4,700,株
1941,株式会社中電工,2026-06-22,取締役監査等委員 (社外取締役),吉 永 浩 之,1962年６月30日,(注)4,600,株
1942,株式会社関電工,2026-06-22,代表取締役会長,文挾 誠一,1960年７月25日生,注３,"12,154",株
1942,株式会社関電工,2026-06-22,代表取締役社長 社長執行役員,田母神 博文,1963年12月13日生,注３,"19,386",株
1942,株式会社関電工,2026-06-22,代表取締役副社長 副社長執行役員 営業統轄本部長,飯田 暢浩,1961年11月30日生,注３,"26,437",株
1942,株式会社関電工,2026-06-22,取締役 専務執行役員 社会インフラ統轄本部長,榎木 博幸,1963年１月９日生,注３,"14,738",株
1942,株式会社関電工,2026-06-22,取締役 専務執行役員 グリーンイノベーション本部長 兼 社会インフラ統轄本部 本部長代理,中人 浩一,1963年11月６日生,注３,"15,544",株
1942,株式会社関電工,2026-06-22,取締役 常務執行役員 北関東営業本部長 兼 埼玉支店長,竹内 賢,1967年４月24日生,注３,"2,968",株
1942,株式会社関電工,2026-06-22,取締役,上田 裕司,1960年１月26日生,注３,"29,110",株
1942,株式会社関電工,2026-06-22,取締役,藤井 満,1962年10月31日生,注３,"23,366",株
1942,株式会社関電工,2026-06-22,取締役,田中 幸二,1952年１月22日生,注３,,株
1942,株式会社関電工,2026-06-22,取締役,須藤 実和,1963年８月17日生,注３,,株
1942,株式会社関電工,2026-06-22,取締役,加藤 孝明,1957年６月12日生,注３,,株
1942,株式会社関電工,2026-06-22,取締役,奈良橋 美香,1972年６月３日生,注３,,株
1942,株式会社関電工,2026-06-22,常勤監査役 監査役会会長,柏原 彰一郎,1958年12月14日生,注４,"41,111",株
1942,株式会社関電工,2026-06-22,常勤監査役,大庭 栄一,1961年１月８日生,注４,"8,485",株
1942,株式会社関電工,2026-06-22,監査役,末綱 隆,1949年３月８日生,注４,,株
1942,株式会社関電工,2026-06-22,監査役,加納 望,1955年４月27日生,注４,,株
1942,株式会社関電工,2026-06-22,監査役,塩川 和幸,1959年６月15日生,注４,,株
1942,株式会社関電工,2026-06-22,代表取締役会長,文挾 誠一,1960年７月25日生,注３,"12,154",株
1942,株式会社関電工,2026-06-22,代表取締役社長 社長執行役員,田母神 博文,1963年12月13日生,注３,"19,386",株
1942,株式会社関電工,2026-06-22,代表取締役副社長 副社長執行役員 営業統轄本部長,飯田 暢浩,1961年11月30日生,注３,"26,437",株
1942,株式会社関電工,2026-06-22,取締役 専務執行役員 社会インフラ統轄本部長,榎木 博幸,1963年１月９日生,注３,"14,738",株
1942,株式会社関電工,2026-06-22,取締役 専務執行役員 グリーンイノベーション本部長 兼 社会インフラ統轄本部 本部長代理,中人 浩一,1963年11月６日生,注３,"15,544",株
1942,株式会社関電工,2026-06-22,取締役 常務執行役員 北関東営業本部長 兼 埼玉支店長,竹内 賢,1967年４月24日生,注３,"2,968",株
1942,株式会社関電工,2026-06-22,取締役,須藤 実和,1963年８月17日生,注３,,株
1942,株式会社関電工,2026-06-22,取締役,加藤 孝明,1957年６月12日生,注３,,株
1942,株式会社関電工,2026-06-22,取締役,奈良橋 美香,1972年６月３日生,注３,,株
1942,株式会社関電工,2026-06-22,取締役,今野 貴之,1961年10月１日生,注３,,株
1942,株式会社関電工,2026-06-22,常勤監査役 監査役会会長,柏原 彰一郎,1958年12月14日生,注４,"41,111",株
1942,株式会社関電工,2026-06-22,常勤監査役,中村 直樹,1964年３月21日生,注４,"2,200",株
1942,株式会社関電工,2026-06-22,監査役,末綱 隆,1949年３月８日生,注４,,株
1942,株式会社関電工,2026-06-22,監査役,加納 望,1955年４月27日生,注４,,株
1942,株式会社関電工,2026-06-22,監査役,塩川 和幸,1959年６月15日生,注４,,株
1944,株式会社きんでん,2026-06-22,代表取締役 会長,土 井 義 宏,1954年10月25日生,(注)３,"17,434",株
1944,株式会社きんでん,2026-06-22,代表取締役 社長,上 坂 隆 勇,1956年12月29日生,(注)３,"50,536",株
1944,株式会社きんでん,2026-06-22,代表取締役 経営執行役員副社長,林 弘 之,1959年３月８日生,(注)３,"37,421",株
1944,株式会社きんでん,2026-06-22,取締役 経営執行役員常務,伊 﨑 幸 治,1960年９月20日生,(注)３,"18,422",株
1944,株式会社きんでん,2026-06-22,取締役,鳥 山 半 六,1959年９月５日生,(注)３,"12,100",株
1944,株式会社きんでん,2026-06-22,取締役,髙 松 啓 二,1948年１月18日生,(注)３,"4,500",株
1944,株式会社きんでん,2026-06-22,取締役,相 良 和 伸,1951年６月17日生,(注)３,"1,700",株
1944,株式会社きんでん,2026-06-22,取締役,小久江 晴子,1959年１月17日生,(注)３,500,株
1944,株式会社きんでん,2026-06-22,取締役,武 藏 扶 実,1959年８月24日生,(注)３,600,株
1944,株式会社きんでん,2026-06-22,取締役,石 原 美 幸,1957年７月９日生,(注)３,,株
1944,株式会社きんでん,2026-06-22,常任監査役 常勤,錦 織 和 昭,1960年３月22日生,(注)４,"17,963",株
1944,株式会社きんでん,2026-06-22,監査役 常勤,田中 日出男,1958年10月23日生,(注)４,"47,436",株
1944,株式会社きんでん,2026-06-22,監査役,吉 岡 雅 美,1956年１月28日生,(注)４,"4,800",株
1944,株式会社きんでん,2026-06-22,監査役,鎌 倉 利 光,1959年９月23日生,(注)４,"2,200",株
1944,株式会社きんでん,2026-06-22,監査役,長 勇,1949年１月20日生,(注)４,600,株
1944,株式会社きんでん,2026-06-22,会長（※）,土 井 義 宏,,,,
1944,株式会社きんでん,2026-06-22,社長（※）,上 坂 隆 勇,,,,
1944,株式会社きんでん,2026-06-22,経営執行役員副社長（※）,林 弘 之,,,,
1944,株式会社きんでん,2026-06-22,経営執行役員副社長,佐 藤 守 良,,,,
1944,株式会社きんでん,2026-06-22,経営執行役員専務,福 田 隆,,,,
1944,株式会社きんでん,2026-06-22,経営執行役員専務,堀 切 正 則,,,,
1944,株式会社きんでん,2026-06-22,経営執行役員常務（※）,伊 﨑 幸 治,,,,
1944,株式会社きんでん,2026-06-22,経営執行役員常務,吉 増 憲 二,,,,
1944,株式会社きんでん,2026-06-22,経営執行役員常務,島 田 守,,,,
1944,株式会社きんでん,2026-06-22,経営執行役員常務,榎 本 謙 司,,,,
1944,株式会社きんでん,2026-06-22,経営執行役員常務,垣 内 康 男,,,,
1944,株式会社きんでん,2026-06-22,代表取締役 会長,松 村 幹 雄,1958年７月９日生,(注)３,,株
1944,株式会社きんでん,2026-06-22,代表取締役 副会長,上 坂 隆 勇,1956年12月29日生,(注)３,"50,536",株
1944,株式会社きんでん,2026-06-22,代表取締役 社長,吉 増 憲 二,1962年５月３日生,(注)３,"16,184",株
1944,株式会社きんでん,2026-06-22,取締役 経営執行役員専務,伊 﨑 幸 治,1960年９月20日生,(注)３,"18,422",株
1944,株式会社きんでん,2026-06-22,取締役,髙 松 啓 二,1948年１月18日生,(注)３,"4,500",株
1944,株式会社きんでん,2026-06-22,取締役,相 良 和 伸,1951年６月17日生,(注)３,"1,700",株
1944,株式会社きんでん,2026-06-22,取締役,小久江 晴子,1959年１月17日生,(注)３,500,株
1944,株式会社きんでん,2026-06-22,取締役,武 藏 扶 実,1959年８月24日生,(注)３,600,株
1944,株式会社きんでん,2026-06-22,取締役,石 原 美 幸,1957年７月９日生,(注)３,,株
1944,株式会社きんでん,2026-06-22,取締役,犬 塚 力,1959年４月15日生,(注)３,,株
1944,株式会社きんでん,2026-06-22,取締役,山 口 智 子,1968年６月24日生,(注)３,,株
1944,株式会社きんでん,2026-06-22,常任監査役 常勤,錦 織 和 昭,1960年３月22日生,(注)４,"17,963",株
1944,株式会社きんでん,2026-06-22,監査役 常勤,山 本 哲 也,1960年７月12日生,(注)４,"1,060",株
1944,株式会社きんでん,2026-06-22,監査役,吉 岡 雅 美,1956年１月28日生,(注)４,"4,800",株
1944,株式会社きんでん,2026-06-22,監査役,鎌 倉 利 光,1959年９月23日生,(注)４,"2,200",株
1944,株式会社きんでん,2026-06-22,監査役,長 勇,1949年１月20日生,(注)４,600,株
1944,株式会社きんでん,2026-06-22,会長（※）,松 村 幹 雄,,,,
1944,株式会社きんでん,2026-06-22,副会長（※）,上 坂 隆 勇,,,,
1944,株式会社きんでん,2026-06-22,社長（※）,吉 増 憲 二,,,,
1944,株式会社きんでん,2026-06-22,経営執行役員専務,堀 切 正 則,,,,
1944,株式会社きんでん,2026-06-22,経営執行役員専務（※）,伊 﨑 幸 治,,,,
1944,株式会社きんでん,2026-06-22,経営執行役員常務,島 田 守,,,,
1944,株式会社きんでん,2026-06-22,経営執行役員常務,榎 本 謙 司,,,,
1944,株式会社きんでん,2026-06-22,経営執行役員常務,垣 内 康 男,,,,
1944,株式会社きんでん,2026-06-22,経営執行役員常務,小 寺 正 憲,,,,
1944,株式会社きんでん,2026-06-22,経営執行役員常務,鷲 田 勇 二,,,,
1944,株式会社きんでん,2026-06-22,経営執行役員常務,小 林 広 明,,,,
1944,株式会社きんでん,2026-06-22,経営執行役員常務,米 倉 康 之,,,,
1945,株式会社東京エネシス,2026-06-24,代表取締役社長 社長執行役員,眞 島 俊 昭,1963年10月20日生,（注）３,"28,400",株
1945,株式会社東京エネシス,2026-06-24,取締役 副社長執行役員 エネルギー本部長,堀 川 総 一 郎,1963年12月16日生,（注）３,"23,300",株
1945,株式会社東京エネシス,2026-06-24,取締役,西 山 茂,1961年10月27日生,（注）３,"4,900",株
1945,株式会社東京エネシス,2026-06-24,取締役,長 谷 川 園 恵,1967年７月11日生,（注）３,,株
1945,株式会社東京エネシス,2026-06-24,取締役,伊 藤 直 哉,1961年10月15日生,（注）３,,株
1945,株式会社東京エネシス,2026-06-24,取締役,大 島 め ぐ み,1969年８月15日生,（注）３,,株
1945,株式会社東京エネシス,2026-06-24,取締役 （常勤監査等委員）,佐 藤 誠,1965年２月17日生,（注）４,"6,800",株
1945,株式会社東京エネシス,2026-06-24,取締役 （常勤監査等委員）,垣 内 桂 子,1973年６月21日生,（注）４,,株
1945,株式会社東京エネシス,2026-06-24,取締役 （監査等委員）,二 宮 照 興,1960年６月３日生,（注）４,,株
1945,株式会社東京エネシス,2026-06-24,取締役 （監査等委員）,森 秀 文,1953年１月18日生,（注）４,,株
1945,株式会社東京エネシス,2026-06-24,代表取締役 社長執行役員,眞 島 俊 昭,1963年10月20日生,（注）３,"28,400",株
1945,株式会社東京エネシス,2026-06-24,取締役 副社長執行役員 エネルギー本部長,堀 川 総 一 郎,1963年12月16日生,（注）３,"23,300",株
1945,株式会社東京エネシス,2026-06-24,取締役,西 山 茂,1961年10月27日生,（注）３,"4,900",株
1945,株式会社東京エネシス,2026-06-24,取締役,長 谷 川 園 恵,1967年７月11日生,（注）３,,株
1945,株式会社東京エネシス,2026-06-24,取締役,伊 藤 直 哉,1961年10月15日生,（注）３,,株
1945,株式会社東京エネシス,2026-06-24,取締役,大 島 め ぐ み,1969年８月15日生,（注）３,,株
1945,株式会社東京エネシス,2026-06-24,取締役,守 谷 誠 二,1963年4月21日生,（注）３,,株
1945,株式会社東京エネシス,2026-06-24,取締役 （常勤監査等委員）,佐 藤 誠,1965年２月17日生,（注）４,"6,800",株
1945,株式会社東京エネシス,2026-06-24,取締役 （常勤監査等委員）,垣 内 桂 子,1973年６月21日生,（注）４,,株
1945,株式会社東京エネシス,2026-06-24,取締役 （監査等委員）,二 宮 照 興,1960年６月３日生,（注）４,,株
1945,株式会社東京エネシス,2026-06-24,取締役 （監査等委員）,奥 田 芳 彦,1957年8月20日生,（注）３,,株
1946,株式会社トーエネック,2026-06-24,代表取締役会長,藤田 祐三,1959年 4月19日生,（注）4,"37,129",株
1946,株式会社トーエネック,2026-06-24,代表取締役社長 社長執行役員,滝本 嗣久,1962年12月11日生,（注）4,"20,641",株
1946,株式会社トーエネック,2026-06-24,代表取締役 副社長執行役員 経営全般に関し社長を補佐 国際事業統括部統括、 営業本部長,山崎 重光,1965年 3月25日生,（注）4,"20,152",株
1946,株式会社トーエネック,2026-06-24,取締役 専務執行役員、 情報通信統括部統括 東京本部長,池山 竜夫,1964年 4月13日生,（注）4,"15,826",株
1946,株式会社トーエネック,2026-06-24,取締役 〔非常勤〕,飯塚 厚,1959年 5月12日生,（注）4,"6,492",株
1946,株式会社トーエネック,2026-06-24,取締役 〔非常勤〕,鵜飼 裕之,1954年 3月 5日生,（注）4,"2,365",株
1946,株式会社トーエネック,2026-06-24,取締役 〔非常勤〕,吉本 明子,1963年 2月 4日生,（注）4,"1,531",株
1946,株式会社トーエネック,2026-06-24,取締役 〔非常勤〕,五十嵐 一弘,1957年 1月 2日生,（注）4,"1,640",株
1946,株式会社トーエネック,2026-06-24,取締役 〔非常勤〕,瀧上 晶義,1961年12月 1日生,（注）4,"1,900",株
1946,株式会社トーエネック,2026-06-24,取締役 （常任監査等委員） 〔常勤〕,細野 秀一,1962年 4月20日生,（注）5,"1,041",株
1946,株式会社トーエネック,2026-06-24,取締役 （監査等委員） 〔常勤〕,佐藤 英樹,1963年 8月 6日生,（注）5,"30,572",株
1946,株式会社トーエネック,2026-06-24,取締役 （監査等委員） 〔非常勤〕,柴田 光明,1953年 1月26日生,（注）5,"2,564",株
1946,株式会社トーエネック,2026-06-24,取締役 （監査等委員） 〔非常勤〕,伊藤 歌奈子,1983年 2月10日生,（注）5,104,株
1946,株式会社トーエネック,2026-06-24,代表取締役会長,藤田 祐三,1959年 4月19日生,（注）4,"37,129",株
1946,株式会社トーエネック,2026-06-24,代表取締役社長 社長執行役員,滝本 嗣久,1962年12月11日生,（注）4,"20,641",株
1946,株式会社トーエネック,2026-06-24,代表取締役 副社長執行役員 経営全般に関し社長を補佐 国際事業統括部統括、 営業本部長,山崎 重光,1965年 3月25日生,（注）4,"20,152",株
1946,株式会社トーエネック,2026-06-24,取締役 専務執行役員 情報通信統括部統括、 東京本部長,池山 竜夫,1964年 4月13日生,（注）4,"15,826",株
1946,株式会社トーエネック,2026-06-24,取締役 〔非常勤〕,飯塚 厚,1959年 5月12日生,（注）4,"6,492",株
1946,株式会社トーエネック,2026-06-24,取締役 〔非常勤〕,鵜飼 裕之,1954年 3月 5日生,（注）4,"2,365",株
1946,株式会社トーエネック,2026-06-24,取締役 〔非常勤〕,吉本 明子,1963年 2月 4日生,（注）4,"1,531",株
1946,株式会社トーエネック,2026-06-24,取締役 〔非常勤〕,五十嵐 一弘,1957年 1月 2日生,（注）4,"1,640",株
1946,株式会社トーエネック,2026-06-24,取締役 〔非常勤〕,瀧上 晶義,1961年12月 1日生,（注）4,"1,900",株
1946,株式会社トーエネック,2026-06-24,取締役 （常任監査等委員） 〔常勤〕,細野 秀一,1962年 4月20日生,（注）5,"1,041",株
1946,株式会社トーエネック,2026-06-24,取締役 （監査等委員） 〔常勤〕,佐藤 英樹,1963年 8月 6日生,（注）5,"30,572",株
1946,株式会社トーエネック,2026-06-24,取締役 （監査等委員） 〔非常勤〕,柴田 光明,1953年 1月26日生,（注）5,"2,564",株
1946,株式会社トーエネック,2026-06-24,取締役 （監査等委員） 〔非常勤〕,伊藤 歌奈子,1983年 2月10日生,（注）5,104,株
1948,株式会社弘電社,2026-06-22,代表取締役 社長執行役員,梶 川 裕 司,1961年10月23日生,(注)３,85,百株
1948,株式会社弘電社,2026-06-22,代表取締役 副社長執行役員,古 谷 友 明,1965年８月31日生,(注)３,7,百株
1948,株式会社弘電社,2026-06-22,代表取締役,金 沢 正 二,1962年６月７日生,(注)３,74,百株
1948,株式会社弘電社,2026-06-22,取締役,山 名 克 英,1960年12月19日生,(注)３,222,百株
1948,株式会社弘電社,2026-06-22,取締役 上席常務執行役員 経営企画本部長,竹 村 隆 一,1967年７月21日生,(注)３,42,百株
1948,株式会社弘電社,2026-06-22,取締役 上席常務執行役員 電力・産業・プラント 事業本部長,本 多 重 人,1963年４月８日生,(注)３,127,百株
1948,株式会社弘電社,2026-06-22,取締役,村 田 佳 生,1960年12月５日生,(注)３,,百株
1948,株式会社弘電社,2026-06-22,取締役,高 野 恭 子,1964年１月10日生,(注)３,,百株
1948,株式会社弘電社,2026-06-22,取締役,桂 雄 一 郎,1969年３月10日生,(注)３,,百株
1948,株式会社弘電社,2026-06-22,取締役 (常勤監査等委員),永 嶋 靖 史,1962年２月７日生,(注)５,82,百株
1948,株式会社弘電社,2026-06-22,取締役 (監査等委員),友 常 理 子(戸籍上の氏名：井 﨑 理 子),1972年２月17日生,(注)４,,百株
1948,株式会社弘電社,2026-06-22,取締役 (監査等委員),西 村 誉 弘,1972年４月10日生,(注)５,,百株
1948,株式会社弘電社,2026-06-22,代表取締役 社長執行役員,梶 川 裕 司,1961年10月23日生,(注)３,85,百株
1948,株式会社弘電社,2026-06-22,代表取締役 副社長執行役員,古 谷 友 明,1965年８月31日生,(注)３,7,百株
1948,株式会社弘電社,2026-06-22,代表取締役 専務執行役員 工事事業戦略本部長,江 川 勝 彦,1963年７月28日生,(注)３,41,百株
1948,株式会社弘電社,2026-06-22,取締役 上席常務執行役員 経営企画本部長,竹 村 隆 一,1967年７月21日生,(注)３,42,百株
1948,株式会社弘電社,2026-06-22,取締役 上席常務執行役員 電力・産業・プラント 事業本部長,本 多 重 人,1963年４月８日生,(注)３,127,百株
1948,株式会社弘電社,2026-06-22,取締役 上席常務執行役員 総務本部長,加賀谷 拓 治,1966年9月20日生,(注)３,30,百株
1948,株式会社弘電社,2026-06-22,取締役,村 田 佳 生,1960年12月５日生,(注)３,,百株
1948,株式会社弘電社,2026-06-22,取締役,高 野 恭 子,1964年１月10日生,(注)３,,百株
1948,株式会社弘電社,2026-06-22,取締役,喜多村 育 典,1969年７月23日生,(注)３,,百株
1948,株式会社弘電社,2026-06-22,取締役 (常勤監査等委員),永 嶋 靖 史,1962年２月７日生,(注)５,82,百株
1948,株式会社弘電社,2026-06-22,取締役 (監査等委員),友 常 理 子(戸籍上の氏名：井 﨑 理 子),1972年２月17日生,(注)４,,百株
1948,株式会社弘電社,2026-06-22,取締役 (監査等委員),西 村 誉 弘,1972年４月10日生,(注)５,,百株
194A,株式会社ＷＯＬＶＥＳ　ＨＡＮＤ,2025-09-26,代表取締役CEO兼COO,北井 正志,1973年５月23日,（注）３,"3,291,500",株
194A,株式会社ＷＯＬＶＥＳ　ＨＡＮＤ,2025-09-26,取締役 （社外取締役）,山口 克隆,1979年５月９日,（注）３,,株
194A,株式会社ＷＯＬＶＥＳ　ＨＡＮＤ,2025-09-26,取締役 （社外取締役・非常勤監査等委員）,岡田 崇司,1972年４月30日,（注）４,"15,000",株
194A,株式会社ＷＯＬＶＥＳ　ＨＡＮＤ,2025-09-26,取締役 （社外取締役・非常勤監査等委員）,今春 博,1974年６月２日,（注）４,,株
194A,株式会社ＷＯＬＶＥＳ　ＨＡＮＤ,2025-09-26,取締役 （社外取締役・非常勤監査等委員）,武田 信,1966年３月10日,（注）４,,株
1950,日本電設工業株式会社,2026-06-23,代表取締役社長,安 田 一 成,1966年１月４日生,(注)３,23,千株
1950,日本電設工業株式会社,2026-06-23,代表取締役専務取締役 社長補佐、経営企画・安全・鉄道・情報通信・システム担当,谷 山 雅 昭,1960年10月４日生,(注)３,15,千株
1950,日本電設工業株式会社,2026-06-23,常務取締役 営業・環境エネルギー・技術開発担当,外 川 友 司,1961年５月24日生,(注)３,13,千株
1950,日本電設工業株式会社,2026-06-23,常務取締役 関連事業・監査・財務・人事・総務担当,松 井 克 彦,1966年１月３日生,(注)３,11,千株
1950,日本電設工業株式会社,2026-06-23,取締役,加 藤 修,1966年10月13日生,(注)３,,千株
1950,日本電設工業株式会社,2026-06-23,取締役 常勤監査等委員,水 上 渉,1960年２月12日生,(注)４,12,千株
1950,日本電設工業株式会社,2026-06-23,取締役 監査等委員,川 俣 尚 高,1965年５月１日生,(注)４,,千株
1950,日本電設工業株式会社,2026-06-23,取締役 監査等委員,近 藤 邦 弘,1957年１月28日生,(注)４,,千株
1950,日本電設工業株式会社,2026-06-23,取締役 監査等委員,福 島 美由紀,1958年２月７日生,(注)４,,千株
1950,日本電設工業株式会社,2026-06-23,代表取締役社長,安 田 一 成,1966年１月４日生,(注)３,23,千株
1950,日本電設工業株式会社,2026-06-23,代表取締役専務取締役 社長補佐、経営企画・安全・鉄道・情報通信・システム担当,谷 山 雅 昭,1960年10月４日生,(注)３,15,千株
1950,日本電設工業株式会社,2026-06-23,常務取締役 営業・環境エネルギー・技術開発担当,外 川 友 司,1961年５月24日生,(注)３,13,千株
1950,日本電設工業株式会社,2026-06-23,常務取締役 関連事業・監査・財務・人事・総務担当,松 井 克 彦,1966年１月３日生,(注)３,11,千株
1950,日本電設工業株式会社,2026-06-23,取締役,加 藤 修,1966年10月13日生,(注)３,,千株
1950,日本電設工業株式会社,2026-06-23,取締役,玉 木 伸 明,1960年３月25日生,(注)３,,千株
1950,日本電設工業株式会社,2026-06-23,取締役 常勤監査等委員,水 上 渉,1960年２月12日生,(注)４,12,千株
1950,日本電設工業株式会社,2026-06-23,取締役 監査等委員,川 俣 尚 高,1965年５月１日生,(注)４,,千株
1950,日本電設工業株式会社,2026-06-23,取締役 監査等委員,近 藤 邦 弘,1957年１月28日生,(注)４,,千株
1950,日本電設工業株式会社,2026-06-23,取締役 監査等委員,細 萱 伸 子,1965年６月19日生,(注)４,,千株
1951,エクシオグループ株式会社,2026-06-24,代表取締役 会長,舩橋 哲也,1956年12月９日,(注)３,107,千株
1951,エクシオグループ株式会社,2026-06-24,代表取締役 社長,梶村 啓吾,1965年３月20日,(注)３,21,千株
1951,エクシオグループ株式会社,2026-06-24,取締役 専務執行役員 都市インフラ セグメント長 電気・環境・ スマートエネルギー 事業本部長,渡部 則由紀,1958年７月28日,(注)３,37,千株
1951,エクシオグループ株式会社,2026-06-24,取締役 常務執行役員 グローバルビジネス 本部長 EXEO GLOBAL Pte.Ltd. 代表取締役社長,今泉 文利,1963年12月31日,(注)３,39,千株
1951,エクシオグループ株式会社,2026-06-24,取締役 常務執行役員 財務部長 兼 経営企画部長 ＣＦＯ (Chief Financial Officer),林 茂樹,1967年６月22日,(注)３,14,千株
1951,エクシオグループ株式会社,2026-06-24,取締役 常務執行役員 西日本本社代表 兼 関西支店長,田中 幸治,1968年５月28日,(注)３,13,千株
1951,エクシオグループ株式会社,2026-06-24,取締役 常務執行役員 システムソリューション セグメント長 ソリューション 事業本部長 エクシオ・デジタル ソリューションズ 株式会社 代表取締役社長,前田 幸一,1965年10月22日,(注)３,13,千株
1951,エクシオグループ株式会社,2026-06-24,取締役 常務執行役員 土木事業本部長,小林 正樹,1966年１月14日,(注)３,3,千株
1951,エクシオグループ株式会社,2026-06-24,取締役,小原 靖史,1953年６月29日,(注)３,7,千株
1951,エクシオグループ株式会社,2026-06-24,取締役,岩﨑 尚子 （戸籍上の氏名 ：山際 尚子）,1975年５月30日,(注)３,3,千株
1951,エクシオグループ株式会社,2026-06-24,取締役,望月 達史,1956年４月19日,(注)３,4,千株
1951,エクシオグループ株式会社,2026-06-24,取締役,吉田 佳司,1953年11月23日,(注)３,8,千株
1951,エクシオグループ株式会社,2026-06-24,取締役,荒牧 知子,1968年11月７日,(注)３,,千株
1951,エクシオグループ株式会社,2026-06-24,常勤監査役,山田 成彦,1963年11月23日,(注)５,17,千株
1951,エクシオグループ株式会社,2026-06-24,常勤監査役,光山 由一,1959年10月６日,(注)４,69,千株
1951,エクシオグループ株式会社,2026-06-24,監査役,大澤 栄子,1963年２月27日,(注)５,,千株
1951,エクシオグループ株式会社,2026-06-24,監査役,原島 朗,1960年11月19日,(注)５,,千株
1951,エクシオグループ株式会社,2026-06-24,監査役,押味 由佳子 （戸籍上の氏名：齋藤 由佳子）,1976年８月11日,(注)６,,千株
1952,新日本空調株式会社,2026-06-18,取締役会長,夏 井 博 史,1950年11月４日,(注)３,94,千株
1952,新日本空調株式会社,2026-06-18,代表取締役社長 経営企画担当,廣 島 雅 則,1967年９月14日,(注)３,20,千株
1952,新日本空調株式会社,2026-06-18,取締役 専務執行役員 技術統括担当,伊 藤 雅 基,1959年10月30日,(注)３,44,千株
1952,新日本空調株式会社,2026-06-18,取締役 常務執行役員 管理本部長,井 上 聖,1964年10月28日,(注)３,26,千株
1959,株式会社クラフティア,2026-06-23,取締役会長,藤 井 一 郎,1956年７月21日,(注)３,7,千株
1959,株式会社クラフティア,2026-06-23,代表取締役 社長執行役員,石 橋 和 幸,1959年３月８日,(注)３,34,千株
1959,株式会社クラフティア,2026-06-23,代表取締役 副社長執行役員 業務全般,城 野 正 明,1955年１月１日,(注)３,36,千株
1959,株式会社クラフティア,2026-06-23,取締役 副社長執行役員 東京本社 代表,大 嶋 知 行,1958年９月18日,(注)３,29,千株
1959,株式会社クラフティア,2026-06-23,取締役,福 井 慶 藏,1957年12月１日,(注)３,27,千株
1959,株式会社クラフティア,2026-06-23,取締役 （非常勤）,柴 崎 博 子,1953年７月６日,(注)３,0,千株
1959,株式会社クラフティア,2026-06-23,取締役 （非常勤）,金 子 達 也,1953年６月10日,(注)３,4,千株
1959,株式会社クラフティア,2026-06-23,取締役 （非常勤）,土井良由美子,1979年２月15日,(注)３,0,千株
1959,株式会社クラフティア,2026-06-23,取締役 監査等委員,加 藤 慎 司,1959年８月６日,(注)４,7,千株
1959,株式会社クラフティア,2026-06-23,取締役 監査等委員 （非常勤）,添 田 英 俊,1955年３月20日,(注)４,0,千株
1959,株式会社クラフティア,2026-06-23,取締役 監査等委員 （非常勤）,加 藤 卓 二,1962年12月６日,(注)４,0,千株
1959,株式会社クラフティア,2026-06-23,取締役 監査等委員 （非常勤）,鳥 居 玲 子,1975年４月28日,(注)４,,千株
1959,株式会社クラフティア,2026-06-23,専務執行役員,陶 山 和 浩,,,,
1959,株式会社クラフティア,2026-06-23,専務執行役員,木 下 克 寿,,,,
1959,株式会社クラフティア,2026-06-23,常務執行役員,眞 鍋 良 二,,,,
1959,株式会社クラフティア,2026-06-23,常務執行役員,副 田 智 幸,,,,
1959,株式会社クラフティア,2026-06-23,常務執行役員,白 水 亮,,,,
1959,株式会社クラフティア,2026-06-23,常務執行役員,光 山 慎 二,,,,
1959,株式会社クラフティア,2026-06-23,上席執行役員,船 津 英 嗣,,,,
1959,株式会社クラフティア,2026-06-23,上席執行役員,安 川 仁,,,,
1959,株式会社クラフティア,2026-06-23,上席執行役員,友 池 昌 寛,,,,
1959,株式会社クラフティア,2026-06-23,上席執行役員,室 田 耕 一,,,,
1959,株式会社クラフティア,2026-06-23,上席執行役員,石 松 隆,,,,
1959,株式会社クラフティア,2026-06-23,上席執行役員,三 村 一 博,,,,
1959,株式会社クラフティア,2026-06-23,執行役員,岸 田 勇 次 郎,,,,
1959,株式会社クラフティア,2026-06-23,執行役員,木 下 大,,,,
1959,株式会社クラフティア,2026-06-23,執行役員,佐 竹 正 浩,,,,
1959,株式会社クラフティア,2026-06-23,執行役員,西 岡 和 弘,,,,
1959,株式会社クラフティア,2026-06-23,執行役員,藤 枝 浩,,,,
1959,株式会社クラフティア,2026-06-23,執行役員,栁 智 章,,,,
1959,株式会社クラフティア,2026-06-23,執行役員,河 部 祐 司,,,,
1959,株式会社クラフティア,2026-06-23,執行役員,宇 都 宮 誠,,,,
1959,株式会社クラフティア,2026-06-23,執行役員,恒 松 孝 二,,,,
1959,株式会社クラフティア,2026-06-23,執行役員,千 葉 誠,,,,
1959,株式会社クラフティア,2026-06-23,執行役員,西 谷 尚 浩,,,,
1959,株式会社クラフティア,2026-06-23,執行役員,新 井 考 明,,,,
1959,株式会社クラフティア,2026-06-23,執行役員,中 原 浩 一 郎,,,,
1959,株式会社クラフティア,2026-06-23,執行役員,山 﨑 明,,,,
1959,株式会社クラフティア,2026-06-23,取締役会長,藤 井 一 郎,1956年７月21日,(注)３,7,千株
1959,株式会社クラフティア,2026-06-23,代表取締役 社長執行役員,石 橋 和 幸,1959年３月８日,(注)３,34,千株
1959,株式会社クラフティア,2026-06-23,代表取締役 副社長執行役員 東京本社 代表,大 嶋 知 行,1958年９月18日,(注)３,29,千株
1959,株式会社クラフティア,2026-06-23,取締役 （非常勤）,金 子 達 也,1953年６月10日,(注)３,4,千株
1959,株式会社クラフティア,2026-06-23,取締役 （非常勤）,鳥 居 玲 子,1975年４月28日,(注)３,,千株
1959,株式会社クラフティア,2026-06-23,取締役 （非常勤）,武 田 雅 子,1968年３月31日,(注)３,,千株
1959,株式会社クラフティア,2026-06-23,取締役 監査等委員,安 川 仁,1962年７月20日,(注)４,8,千株
1959,株式会社クラフティア,2026-06-23,取締役 監査等委員 （非常勤）,添 田 英 俊,1955年３月20日,(注)４,0,千株
1959,株式会社クラフティア,2026-06-23,取締役 監査等委員 （非常勤）,加 藤 卓 二,1962年12月６日,(注)４,0,千株
1959,株式会社クラフティア,2026-06-23,取締役 監査等委員 （非常勤）,土井良由美子,1979年２月15日,(注)４,0,千株
1959,株式会社クラフティア,2026-06-23,副社長執行役員,城 野 正 明,,,,
1959,株式会社クラフティア,2026-06-23,専務執行役員,陶 山 和 浩,,,,
1959,株式会社クラフティア,2026-06-23,専務執行役員,木 下 克 寿,,,,
1959,株式会社クラフティア,2026-06-23,常務執行役員,眞 鍋 良 二,,,,
1959,株式会社クラフティア,2026-06-23,常務執行役員,副 田 智 幸,,,,
1959,株式会社クラフティア,2026-06-23,常務執行役員,白 水 亮,,,,
1959,株式会社クラフティア,2026-06-23,常務執行役員,光 山 慎 二,,,,
1959,株式会社クラフティア,2026-06-23,上席執行役員,船 津 英 嗣,,,,
1959,株式会社クラフティア,2026-06-23,上席執行役員,友 池 昌 寛,,,,
1959,株式会社クラフティア,2026-06-23,上席執行役員,室 田 耕 一,,,,
1959,株式会社クラフティア,2026-06-23,上席執行役員,石 松 隆,,,,
1959,株式会社クラフティア,2026-06-23,上席執行役員,三 村 一 博,,,,
1959,株式会社クラフティア,2026-06-23,執行役員,岸 田 勇 次 郎,,,,
1959,株式会社クラフティア,2026-06-23,執行役員,木 下 大,,,,
1959,株式会社クラフティア,2026-06-23,執行役員,佐 竹 正 浩,,,,
1959,株式会社クラフティア,2026-06-23,執行役員,西 岡 和 弘,,,,
1959,株式会社クラフティア,2026-06-23,執行役員,藤 枝 浩,,,,
1959,株式会社クラフティア,2026-06-23,執行役員,栁 智 章,,,,
1959,株式会社クラフティア,2026-06-23,執行役員,河 部 祐 司,,,,
1959,株式会社クラフティア,2026-06-23,執行役員,宇 都 宮 誠,,,,
1959,株式会社クラフティア,2026-06-23,執行役員,恒 松 孝 二,,,,
1959,株式会社クラフティア,2026-06-23,執行役員,千 葉 誠,,,,
1959,株式会社クラフティア,2026-06-23,執行役員,西 谷 尚 浩,,,,
1959,株式会社クラフティア,2026-06-23,執行役員,新 井 考 明,,,,
1959,株式会社クラフティア,2026-06-23,執行役員,中 原 浩 一 郎,,,,
1959,株式会社クラフティア,2026-06-23,執行役員,山 﨑 明,,,,
195A,株式会社ＭＵＳＣＡＴ　ＧＲＯＵＰ,2026-06-24,代表取締役,大 久 保 遼,1989年４月23日,(注)４,"1,057,330",株
195A,株式会社ＭＵＳＣＡＴ　ＧＲＯＵＰ,2026-06-24,取締役 経営企画 本部長,大 南 洋 右,1986年２月４日,(注)４,"26,710",株
195A,株式会社ＭＵＳＣＡＴ　ＧＲＯＵＰ,2026-06-24,取締役 経営管理 本部長,森 岡 祐 平,1989年５月20日,(注)４,"75,000",株
195A,株式会社ＭＵＳＣＡＴ　ＧＲＯＵＰ,2026-06-24,取締役 （非常勤）,村 山 利 栄 （戸籍名：志賀 利惠）,1960年５月１日,(注)４,"14,140(注)８",株
195A,株式会社ＭＵＳＣＡＴ　ＧＲＯＵＰ,2026-06-24,取締役 （非常勤）,髙 橋 祥 子 （戸籍名：神本 祥子）,1988年２月９日,(注)４,,株
195A,株式会社ＭＵＳＣＡＴ　ＧＲＯＵＰ,2026-06-24,常勤監査役,亀 澤 俊 司,1957年６月23日,(注)５,,株
195A,株式会社ＭＵＳＣＡＴ　ＧＲＯＵＰ,2026-06-24,監査役 （非常勤）,松 隈 剛,1970年３月19日,(注)５,"42,500",株
195A,株式会社ＭＵＳＣＡＴ　ＧＲＯＵＰ,2026-06-24,監査役 （非常勤）,山 田 啓 之,1964年10月20日,(注)５,,株
195A,株式会社ＭＵＳＣＡＴ　ＧＲＯＵＰ,2026-06-24,代表取締役,大 久 保 遼,1989年４月23日,(注)４,"1,057,330",株
195A,株式会社ＭＵＳＣＡＴ　ＧＲＯＵＰ,2026-06-24,取締役 経営企画 本部長,大 南 洋 右,1986年２月４日,(注)４,"26,710",株
195A,株式会社ＭＵＳＣＡＴ　ＧＲＯＵＰ,2026-06-24,取締役 （非常勤）,村 山 利 栄 （戸籍名：志賀 利惠）,1960年５月１日,(注)４,"14,140(注)８",株
195A,株式会社ＭＵＳＣＡＴ　ＧＲＯＵＰ,2026-06-24,取締役 （非常勤）,髙 橋 祥 子 （戸籍名：神本 祥子）,1988年２月９日,(注)４,,株
195A,株式会社ＭＵＳＣＡＴ　ＧＲＯＵＰ,2026-06-24,常勤監査役,亀 澤 俊 司,1957年６月23日,(注)５,,株
195A,株式会社ＭＵＳＣＡＴ　ＧＲＯＵＰ,2026-06-24,監査役 （非常勤）,松 隈 剛,1970年３月19日,(注)５,"42,500",株
195A,株式会社ＭＵＳＣＡＴ　ＧＲＯＵＰ,2026-06-24,監査役 （非常勤）,山 田 啓 之,1964年10月20日,(注)５,,株
1960,株式会社サンテック,2026-06-22,代表取締役社長 兼社長執行役員,八幡 信孝,1974年12月２日生,(注)４,805,千株
1960,株式会社サンテック,2026-06-22,代表取締役副社長 兼副社長執行役員電力本部長,宮本 賢一,1959年７月７日生,(注)４,8,千株
1960,株式会社サンテック,2026-06-22,代表取締役副社長 兼副社長執行役員,阿部 匡,1956年９月１日生,(注)４,3,千株
1960,株式会社サンテック,2026-06-22,取締役 兼常務執行役員営業本部長兼工事統括部長,門脇 祐幸,1960年３月12日生,(注)４,3,千株
1960,株式会社サンテック,2026-06-22,取締役,中尾 誠男,1943年２月16日生,(注)４,26,千株
1960,株式会社サンテック,2026-06-22,取締役,佐藤 正臣,1949年２月13日生,(注)４,9,千株
1960,株式会社サンテック,2026-06-22,取締役,柳澤 義一,1956年８月３日生,(注)５,,千株
1960,株式会社サンテック,2026-06-22,監査役 （常勤）,山内 譲治,1958年８月30日生,(注)７,4,千株
1960,株式会社サンテック,2026-06-22,監査役,岩田 一男,1958年８月１日生,(注)６,10,千株
1960,株式会社サンテック,2026-06-22,監査役,惠谷 英雄,1955年11月29日生,(注)７,2,千株
1960,株式会社サンテック,2026-06-22,代表取締役社長 兼社長執行役員,八幡 信孝,1974年12月２日生,(注)４,805,千株
1960,株式会社サンテック,2026-06-22,代表取締役副社長 兼副社長執行役員電力本部長,宮本 賢一,1959年７月７日生,(注)４,8,千株
1960,株式会社サンテック,2026-06-22,代表取締役副社長 兼副社長執行役員,阿部 匡,1956年９月１日生,(注)４,3,千株
1960,株式会社サンテック,2026-06-22,取締役 兼常務執行役員営業本部長兼工事統括部長,門脇 祐幸,1960年３月12日生,(注)４,3,千株
1960,株式会社サンテック,2026-06-22,取締役 兼執行役員電力本部副本部長兼統括工事部長兼電力事業部長兼新エネルギー事業部長兼中国・四国地区担当支配人,早川 真人,1973年３月21日生,(注)４,,千株
1960,株式会社サンテック,2026-06-22,取締役,中尾 誠男,1943年２月16日生,(注)４,26,千株
1960,株式会社サンテック,2026-06-22,取締役,佐藤 正臣,1949年２月13日生,(注)４,9,千株
1960,株式会社サンテック,2026-06-22,取締役,柳澤 義一,1956年８月３日生,(注)４,,千株
1960,株式会社サンテック,2026-06-22,監査役 （常勤）,山内 譲治,1958年８月30日生,(注)６,4,千株
1960,株式会社サンテック,2026-06-22,監査役,岩田 一男,1958年８月１日生,(注)５,10,千株
1960,株式会社サンテック,2026-06-22,監査役,惠谷 英雄,1955年11月29日生,(注)６,2,千株
1961,三機工業株式会社,2026-06-23,代表取締役会長,石 田 博 一,1959年１月22日生,(注)３,"202,000",株
1961,三機工業株式会社,2026-06-23,代表取締役社長,名古屋 和 宏,1968年４月21日生,(注)３,"11,700",株
1961,三機工業株式会社,2026-06-23,取締役専務執行役員,工 藤 正 之,1959年６月27日生,(注)３,"142,800",株
1961,三機工業株式会社,2026-06-23,取締役専務執行役員 プラント設備事業本部長,飯 嶋 和 明,1958年８月12日生,(注)３,"93,300",株
1961,三機工業株式会社,2026-06-23,取締役専務執行役員 建築設備事業本部長,新 保 順 一,1965年８月24日生,(注)３,"78,800",株
1961,三機工業株式会社,2026-06-23,取締役専務執行役員 経理本部長 最高財務責任者,川 辺 善 生,1960年10月31日生,(注)３,"80,800",株
1961,三機工業株式会社,2026-06-23,取締役,長谷川 勉,1953年３月４日生,(注)３,"202,600",株
1961,三機工業株式会社,2026-06-23,取締役 取締役会議長,山 本 幸 央,1953年６月３日生,(注)３,"68,800",株
1961,三機工業株式会社,2026-06-23,取締役,柏 倉 和 彦,1954年４月13日生,(注)３,"38,800",株
1961,三機工業株式会社,2026-06-23,取締役,河 野 圭 志,1957年９月18日生,(注)３,"18,600",株
1961,三機工業株式会社,2026-06-23,取締役,松 田 明 彦,1960年１月７日生,(注)３,"20,400",株
1961,三機工業株式会社,2026-06-23,取締役,梅 田 珠 実,1960年４月26日生,(注)３,"18,000",株
1961,三機工業株式会社,2026-06-23,常勤監査役,舘 邦 彦,1956年５月13日生,(注)４,"30,300",株
1961,三機工業株式会社,2026-06-23,常勤監査役,山 中 庸 詳,1959年11月24日生,(注)５,"90,000",株
1961,三機工業株式会社,2026-06-23,監査役,藤 田 昇 三,1948年８月１日生,(注)４,"31,300",株
1961,三機工業株式会社,2026-06-23,監査役,跡 見 裕,1944年12月５日生,(注)６,"33,700",株
1961,三機工業株式会社,2026-06-23,監査役,江 頭 敏 明,1948年11月30日生,(注)６,"18,600",株
1961,三機工業株式会社,2026-06-23,代表取締役会長,石 田 博 一,1959年１月22日生,(注)３,"202,000",株
1961,三機工業株式会社,2026-06-23,代表取締役社長,名古屋 和 宏,1968年４月21日生,(注)３,"11,700",株
1961,三機工業株式会社,2026-06-23,取締役専務執行役員,工 藤 正 之,1959年６月27日生,(注)３,"142,800",株
1961,三機工業株式会社,2026-06-23,取締役専務執行役員 プラント設備事業本部長,飯 嶋 和 明,1958年８月12日生,(注)３,"93,300",株
1961,三機工業株式会社,2026-06-23,取締役専務執行役員 建築設備事業本部長,新 保 順 一,1965年８月24日生,(注)３,"78,800",株
1961,三機工業株式会社,2026-06-23,取締役専務執行役員 経理本部長 最高財務責任者,川 辺 善 生,1960年10月31日生,(注)３,"80,800",株
1961,三機工業株式会社,2026-06-23,取締役 取締役会議長,長谷川 勉,1953年３月４日生,(注)３,"202,600",株
1961,三機工業株式会社,2026-06-23,取締役,柏 倉 和 彦,1954年４月13日生,(注)３,"38,800",株
1961,三機工業株式会社,2026-06-23,取締役,河 野 圭 志,1957年９月18日生,(注)３,"18,600",株
1961,三機工業株式会社,2026-06-23,取締役,松 田 明 彦,1960年１月７日生,(注)３,"20,400",株
1961,三機工業株式会社,2026-06-23,取締役,梅 田 珠 実,1960年４月26日生,(注)３,"18,000",株
1961,三機工業株式会社,2026-06-23,取締役,有 末 真 哉,1958年３月17日生,(注)３,,株
1961,三機工業株式会社,2026-06-23,常勤監査役,山 中 庸 詳,1959年11月24日生,(注)４,"90,000",株
1961,三機工業株式会社,2026-06-23,常勤監査役,古 谷 伸 之,1963年７月16日生,(注)５,"17,071",株
1961,三機工業株式会社,2026-06-23,監査役,藤 田 昇 三,1948年８月１日生,(注)５,"31,300",株
1961,三機工業株式会社,2026-06-23,監査役,跡 見 裕,1944年12月５日生,(注)６,"33,700",株
1961,三機工業株式会社,2026-06-23,監査役,江 頭 敏 明,1948年11月30日生,(注)６,"18,600",株
1963,日揮ホールディングス株式会社,2026-06-19,代表取締役会長兼社長 Chief Executive Officer,佐藤 雅之,1955年５月18日生,(注)３,59,千株
1963,日揮ホールディングス株式会社,2026-06-19,代表取締役副社長執行役員 Chief Financial Officer,寺嶋 清隆,1959年３月３日生,(注)３,38,千株
1963,日揮ホールディングス株式会社,2026-06-19,取締役,石川 正樹,1962年８月７日生,(注)３,10,千株
1963,日揮ホールディングス株式会社,2026-06-19,取締役,山田 昇司,1960年１月23日生,(注)３,33,千株
1963,日揮ホールディングス株式会社,2026-06-19,取締役,松島 正之,1945年６月15日生,(注)３,,千株
1963,日揮ホールディングス株式会社,2026-06-19,取締役,八尾 紀子,1967年８月27日生,(注)３,,千株
1963,日揮ホールディングス株式会社,2026-06-19,取締役,三島 愼次郎,1949年９月19日生,(注)３,,千株
1963,日揮ホールディングス株式会社,2026-06-19,取締役,平野 未来,1984年１月23日生,(注)３,,千株
1963,日揮ホールディングス株式会社,2026-06-19,監査役 （常勤）,武藤 一義,1953年12月24日生,(注)４,10,千株
1963,日揮ホールディングス株式会社,2026-06-19,監査役 （常勤）,二宮 朗,1957年９月６日生,(注)４,1,千株
1963,日揮ホールディングス株式会社,2026-06-19,監査役,高松 則雄,1952年６月３日生,(注)４,,千株
1963,日揮ホールディングス株式会社,2026-06-19,監査役,大木 一也,1961年４月３日生,(注)４,,千株
1963,日揮ホールディングス株式会社,2026-06-19,代表取締役会長兼社長 Chief Executive Officer,佐藤 雅之,1955年５月18日生,(注)３,59,千株
1963,日揮ホールディングス株式会社,2026-06-19,代表取締役副社長執行役員 Chief Financial Officer,寺嶋 清隆,1959年３月３日生,(注)３,38,千株
1963,日揮ホールディングス株式会社,2026-06-19,取締役,石川 正樹,1962年８月７日生,(注)３,10,千株
1963,日揮ホールディングス株式会社,2026-06-19,取締役,山田 昇司,1960年１月23日生,(注)３,33,千株
1963,日揮ホールディングス株式会社,2026-06-19,取締役,松島 正之,1945年６月15日生,(注)３,,千株
1963,日揮ホールディングス株式会社,2026-06-19,取締役,八尾 紀子,1967年８月27日生,(注)３,,千株
1963,日揮ホールディングス株式会社,2026-06-19,取締役,三島 愼次郎,1949年９月19日生,(注)３,,千株
1963,日揮ホールディングス株式会社,2026-06-19,取締役,平野 未来,1984年１月23日生,(注)３,,千株
1963,日揮ホールディングス株式会社,2026-06-19,取締役,佐野 敏弘,1952年９月10日生,(注)３,,千株
1963,日揮ホールディングス株式会社,2026-06-19,監査役 （常勤）,二宮 朗,1957年９月６日生,(注)４,1,千株
1963,日揮ホールディングス株式会社,2026-06-19,監査役 （常勤）,三好 博之,1959年３月21日生,(注)５,7,千株
1963,日揮ホールディングス株式会社,2026-06-19,監査役,高松 則雄,1952年６月３日生,(注)４,,千株
1963,日揮ホールディングス株式会社,2026-06-19,監査役,大木 一也,1961年４月３日生,(注)４,,千株
1963,日揮ホールディングス株式会社,2026-06-19,監査役,舩山 範雄,1957年４月28日生,(注)４,,千株
1964,中外炉工業株式会社,2026-06-15,代表取締役会長,尾 崎 彰,1957年５月31日生,(注)３,"17,200",株
1964,中外炉工業株式会社,2026-06-15,代表取締役 社長執行役員 開発本部長 兼GXプロジェクト室長,阪 田 守,1962年１月19日生,(注)３,"11,200",株
1964,中外炉工業株式会社,2026-06-15,取締役 執行役員 安全・品質管理室長,長 濱 満,1957年８月10日生,(注)３,"7,900",株
1964,中外炉工業株式会社,2026-06-15,取締役,野 村 正 朗,1952年３月29日生,(注)３,,株
1964,中外炉工業株式会社,2026-06-15,取締役,辻 本 要 子,1958年５月21日生,(注)３,,株
1964,中外炉工業株式会社,2026-06-15,取締役,石 丸 寛 二,1957年９月20日生,(注)３,,株
1964,中外炉工業株式会社,2026-06-15,常勤監査役,荒 木 俊 也,1960年７月21日生,(注)４,"2,900",株
1964,中外炉工業株式会社,2026-06-15,監査役,竹 内 毅,1959年５月15日生,(注)５,,株
1964,中外炉工業株式会社,2026-06-15,監査役,平 田 正 憲,1972年２月21日生,(注)５,,株
1964,中外炉工業株式会社,2026-06-15,代表取締役会長,尾 崎 彰,1957年５月31日生,(注)３,"17,200",株
1964,中外炉工業株式会社,2026-06-15,代表取締役 社長執行役員 開発本部長 兼GXプロジェクト室長,阪 田 守,1962年１月19日生,(注)３,"11,200",株
1964,中外炉工業株式会社,2026-06-15,取締役 常務執行役員 業務本部長,馬 場 一 郎,1965年10月26日生,(注)３,,株
1964,中外炉工業株式会社,2026-06-15,取締役,辻 本 要 子,1958年５月21日生,(注)３,,株
1964,中外炉工業株式会社,2026-06-15,取締役,石 丸 寛 二,1957年９月20日生,(注)３,,株
1964,中外炉工業株式会社,2026-06-15,取締役,橋 本 仁 宏,1956年12月19日生,(注)３,,株
1964,中外炉工業株式会社,2026-06-15,取締役,氷 坂 智 晶,1963年１月４日生,(注)３,,株
1964,中外炉工業株式会社,2026-06-15,常勤監査役,荒 木 俊 也,1960年７月21日生,(注)４,"2,900",株
1965,株式会社テクノ菱和,2026-06-19,取締役会長,黒 田 英 彦,1954年３月14日生,(注)２,"56,673",株
1965,株式会社テクノ菱和,2026-06-19,代表取締役 社長執行役員,加 藤 雅 也,1959年12月18日生,(注)２,"24,512",株
1965,株式会社テクノ菱和,2026-06-19,取締役 専務執行役員 技術部門統括兼 技術本部長,大 石 勉,1961年２月20日生,(注)２,"11,898",株
1965,株式会社テクノ菱和,2026-06-19,取締役 専務執行役員 営業本部長兼 営業企画部長,袴 田 一 博,1960年８月１日生,(注)２,"12,876",株
1965,株式会社テクノ菱和,2026-06-19,取締役 常務執行役員 管理本部長,鈴 木 俊 夫,1961年８月14日生,(注)２,"8,054",株
1965,株式会社テクノ菱和,2026-06-19,取締役,田 中 雅 敏,1966年12月21日生,(注)２,,株
1965,株式会社テクノ菱和,2026-06-19,取締役,佐 古 麻衣子,1980年11月21日生,(注)２,,株
1965,株式会社テクノ菱和,2026-06-19,取締役 (常勤監査等委員),常 木 茂,1962年２月１日生,(注)３,,株
1965,株式会社テクノ菱和,2026-06-19,取締役 (監査等委員),大 島 浩 司,1960年１月22日生,(注)３,,株
1965,株式会社テクノ菱和,2026-06-19,取締役 (監査等委員),伊豫田 至,1957年10月19日生,(注)３,100,株
1966,株式会社　高田工業所,2026-06-22,代表取締役 社長,髙田 寿一郎,昭和36年６月16日生,（注）4,68,千株
1966,株式会社　高田工業所,2026-06-22,代表取締役 経営企画部・安全衛生管理部・品質保証部担当,長谷川 啓司,昭和35年11月５日生,（注）4,16,千株
1966,株式会社　高田工業所,2026-06-22,取締役 コンプライアンス推進室・総務部・人事部・財務部・DX推進部担当,田所 弘,昭和35年９月15日生,（注）4,17,千株
1966,株式会社　高田工業所,2026-06-22,取締役 プラント事業本部長,丸山 裕,昭和36年８月28日生,（注）4,8,千株
1966,株式会社　高田工業所,2026-06-22,取締役 営業本部長 東京支店長,岩本 健太郎,昭和35年８月27日生,（注）4,10,千株
1966,株式会社　高田工業所,2026-06-22,取締役 技術統括部・ 設計技術センター・ 診断ソリューション部・ 電気計装部・原子力事業部・ 装置事業部担当,仲村 公孝,昭和35年６月27日生,（注）4,8,千株
1966,株式会社　高田工業所,2026-06-22,取締役 調達部担当 EPC本部長,荒井 岳彦,昭和38年１月19日生,（注）4,5,千株
1966,株式会社　高田工業所,2026-06-22,取締役,稲葉 和彦,昭和35年５月６日生,（注）4,4,千株
1966,株式会社　高田工業所,2026-06-22,取締役,鳥居 玲子,昭和50年４月28日生,（注）4,,千株
1966,株式会社　高田工業所,2026-06-22,取締役,坂本 剛,昭和41年11月14日生,（注）4,0,千株
1966,株式会社　高田工業所,2026-06-22,常勤監査役,牟田 郁二,昭和28年９月10日生,（注）5,7,千株
1966,株式会社　高田工業所,2026-06-22,常勤監査役,福田 剛,昭和34年１月26日生,（注）6,4,千株
1966,株式会社　高田工業所,2026-06-22,監査役,奥村 勝美,昭和27年５月18日生,（注）6,7,千株
1966,株式会社　高田工業所,2026-06-22,監査役,林 秀之,昭和38年１月25日生,（注）6,0,千株
1967,株式会社ヤマト,2026-06-15,代表取締役社長執行役員 最高経営責任者(CEO),町 田 豊,1952年６月11日生,（注4）,90,千株
1967,株式会社ヤマト,2026-06-15,取締役副社長執行役員 事業本部・グループ会社担当,吉 井 誠,1950年１月19日生,（注4）,34,千株
1967,株式会社ヤマト,2026-06-15,取締役専務執行役員 首都圏事業部長,片 沼 聡,1961年12月９日生,（注4）,24,千株
1967,株式会社ヤマト,2026-06-15,取締役専務執行役員 設計本部・技術本部・購買本部担当,木 村 哲 夫,1956年２月14日生,（注4）,11,千株
1967,株式会社ヤマト,2026-06-15,取締役専務執行役員 事業本部長、兼冷熱部長,佐 藤 邦 昭,1964年６月17日生,（注4）,20,千株
1967,株式会社ヤマト,2026-06-15,取締役常務執行役員 管理本部長,藤 井 政 宏,1964年３月12日生,（注4）,8,千株
1967,株式会社ヤマト,2026-06-15,取締役常務執行役員 エンジニアリング事業部長、兼企業連携プロジェクトリーダー,鳥 居 博 恭,1969年９月20日生,（注4）,12,千株
1967,株式会社ヤマト,2026-06-15,取締役,石 田 哲 博,1950年３月29日生,（注4）,17,千株
1967,株式会社ヤマト,2026-06-15,取締役,河 本 榮 一,1942年７月26日生,（注4）,4,千株
1967,株式会社ヤマト,2026-06-15,取締役,江 頭 幸 代,1970年４月３日生,（注4）,0,千株
1967,株式会社ヤマト,2026-06-15,常勤監査役,齋 藤 利 明,1955年８月24日生,（注5）,16,千株
1967,株式会社ヤマト,2026-06-15,監査役,金 井 祐 二,1956年12月５日生,（注5）,2,千株
1967,株式会社ヤマト,2026-06-15,監査役,望 月 淳,1958年１月13日生,（注6）,0,千株
1967,株式会社ヤマト,2026-06-15,代表取締役社長執行役員 最高経営責任者(CEO),町 田 豊,1952年６月11日生,（注4）,90,千株
1967,株式会社ヤマト,2026-06-15,取締役副社長執行役員 事業本部・グループ会社担当,吉 井 誠,1950年１月19日生,（注4）,34,千株
1967,株式会社ヤマト,2026-06-15,取締役専務執行役員 首都圏事業部長,片 沼 聡,1961年12月９日生,（注4）,24,千株
1967,株式会社ヤマト,2026-06-15,取締役専務執行役員 設計本部・技術本部・購買本部担当,木 村 哲 夫,1956年２月14日生,（注4）,11,千株
1967,株式会社ヤマト,2026-06-15,取締役専務執行役員 事業本部長、兼冷熱部長,佐 藤 邦 昭,1964年６月17日生,（注4）,20,千株
1967,株式会社ヤマト,2026-06-15,取締役常務執行役員 管理本部長,藤 井 政 宏,1964年３月12日生,（注4）,8,千株
1967,株式会社ヤマト,2026-06-15,取締役常務執行役員 エンジニアリング事業部長、兼企業連携プロジェクトリーダー,鳥 居 博 恭,1969年９月20日生,（注4）,12,千株
1967,株式会社ヤマト,2026-06-15,取締役,石 田 哲 博,1950年３月29日生,（注4）,17,千株
1967,株式会社ヤマト,2026-06-15,取締役,河 本 榮 一,1942年７月26日生,（注4）,4,千株
1967,株式会社ヤマト,2026-06-15,取締役,江 頭 幸 代,1970年４月３日生,（注4）,0,千株
1967,株式会社ヤマト,2026-06-15,常勤監査役,齋 藤 利 明,1955年８月24日生,（注5）,16,千株
1967,株式会社ヤマト,2026-06-15,監査役,金 井 祐 二,1956年12月５日生,（注5）,2,千株
1967,株式会社ヤマト,2026-06-15,監査役,望 月 淳,1958年１月13日生,（注6）,0,千株
1968,太平電業株式会社,2026-06-25,代表取締役 会長執行役員,野 尻 穣,1959年１月29日生,(注)３,71,千株
1968,太平電業株式会社,2026-06-25,代表取締役 社長執行役員,伊 藤 浩 明,1964年９月８日生,(注)３,31,千株
1968,太平電業株式会社,2026-06-25,取締役 専務執行役員,日 下 慎 也,1963年５月15日生,(注)３,44,千株
1968,太平電業株式会社,2026-06-25,取締役 常務執行役員,岡 本 真 吾,1963年８月27日生,(注)３,13,千株
1968,太平電業株式会社,2026-06-25,取締役 上席執行役員,事 口 悟,1968年12月13日生,(注)３,16,千株
1968,太平電業株式会社,2026-06-25,取締役 上席執行役員,田 口 良 一,1966年７月２日生,(注)３,8,千株
1968,太平電業株式会社,2026-06-25,取締役,小 島 冬 樹,1984年１月１日生,(注)３,,千株
1968,太平電業株式会社,2026-06-25,取締役,山 田 攝 子,1954年５月８日生,(注)３,,千株
1968,太平電業株式会社,2026-06-25,取締役,白 寄 ま ゆ み,1960年８月２日生,(注)３,,千株
1968,太平電業株式会社,2026-06-25,取締役,五 十 嵐 大 造,1956年２月20日生,(注)３,,千株
1968,太平電業株式会社,2026-06-25,常勤監査役,竹 下 康 司,1955年９月３日生,(注)４,80,千株
1968,太平電業株式会社,2026-06-25,常勤監査役,早 川 康 司,1963年９月24日生,(注)４,0,千株
1968,太平電業株式会社,2026-06-25,監査役,樋 口 義 行,1954年１月５日生,(注)５,,千株
1968,太平電業株式会社,2026-06-25,監査役,板 倉 江 利 子（現姓：鈴木） (注)７,1967年２月９日生,(注)６,,千株
1968,太平電業株式会社,2026-06-25,代表取締役 会長執行役員,野 尻 穣,1959年１月29日生,(注)３,71,千株
1968,太平電業株式会社,2026-06-25,代表取締役 社長執行役員,伊 藤 浩 明,1964年９月８日生,(注)３,31,千株
1968,太平電業株式会社,2026-06-25,取締役 専務執行役員,日 下 慎 也,1963年５月15日生,(注)３,44,千株
1968,太平電業株式会社,2026-06-25,取締役 常務執行役員,岡 本 真 吾,1963年８月27日生,(注)３,13,千株
1968,太平電業株式会社,2026-06-25,取締役 上席執行役員,事 口 悟,1968年12月13日生,(注)３,16,千株
1968,太平電業株式会社,2026-06-25,取締役 上席執行役員,田 口 良 一,1966年７月２日生,(注)３,8,千株
1968,太平電業株式会社,2026-06-25,取締役,山 田 攝 子,1954年５月８日生,(注)３,,千株
1968,太平電業株式会社,2026-06-25,取締役,白 寄 ま ゆ み,1960年８月２日生,(注)３,,千株
1968,太平電業株式会社,2026-06-25,取締役,五 十 嵐 大 造,1956年２月20日生,(注)３,,千株
1968,太平電業株式会社,2026-06-25,取締役,榎 本 英 紀,1969年５月22日生,(注)３,,千株
1968,太平電業株式会社,2026-06-25,常勤監査役,竹 下 康 司,1955年９月３日生,(注)４,80,千株
1968,太平電業株式会社,2026-06-25,常勤監査役,早 川 康 司,1963年９月24日生,(注)４,0,千株
1968,太平電業株式会社,2026-06-25,監査役,板 倉 江 利 子（現姓：鈴木） (注)７,1967年２月９日生,(注)５,,千株
1968,太平電業株式会社,2026-06-25,監査役,小 野 敏 幸,1956年１月25日生,(注)６,,千株
1969,高砂熱学工業株式会社,2026-06-18,代表取締役社長 社長執行役員,小島 和人,1961年９月６日生,(注)３,193,千株
1969,高砂熱学工業株式会社,2026-06-18,代表取締役社長 社長執行役員,小島 和人,1961年９月６日生,(注)３,(128),千株
1969,高砂熱学工業株式会社,2026-06-18,代表取締役 副社長執行役員 営業本部長 兼 研究開発本部管掌 兼 カーボンニュートラル事業本部管掌 兼 コーポレート統括部 管掌,久保田 浩司,1961年８月14日生,(注)３,67,千株
1969,高砂熱学工業株式会社,2026-06-18,代表取締役 副社長執行役員 営業本部長 兼 研究開発本部管掌 兼 カーボンニュートラル事業本部管掌 兼 コーポレート統括部 管掌,久保田 浩司,1961年８月14日生,(注)３,(47),千株
1969,高砂熱学工業株式会社,2026-06-18,取締役 専務執行役員 技術本部長 兼 関係会社担当,神谷 忠史,1963年10月19日生,(注)３,79,千株
1969,高砂熱学工業株式会社,2026-06-18,取締役 専務執行役員 技術本部長 兼 関係会社担当,神谷 忠史,1963年10月19日生,(注)３,(58),千株
1969,高砂熱学工業株式会社,2026-06-18,取締役,森野 正敏,1965年10月26日生,(注)３,28,千株
1969,高砂熱学工業株式会社,2026-06-18,取締役,森野 正敏,1965年10月26日生,(注)３,(13),千株
1969,高砂熱学工業株式会社,2026-06-18,取締役,内野 州馬,1954年６月29日生,(注)３,1,千株
1969,高砂熱学工業株式会社,2026-06-18,取締役,内野 州馬,1954年６月29日生,(注)３,(－),千株
1969,高砂熱学工業株式会社,2026-06-18,取締役,髙木 敦,1967年10月３日生,(注)３,0,千株
1969,高砂熱学工業株式会社,2026-06-18,取締役,髙木 敦,1967年10月３日生,(注)３,(－),千株
1969,高砂熱学工業株式会社,2026-06-18,取締役,関 葉子,1970年８月30日生,(注)３,0,千株
1969,高砂熱学工業株式会社,2026-06-18,取締役,関 葉子,1970年８月30日生,(注)３,(－),千株
1969,高砂熱学工業株式会社,2026-06-18,取締役,森本 英香,1957年１月４日生,(注)３,1,千株
1969,高砂熱学工業株式会社,2026-06-18,取締役,森本 英香,1957年１月４日生,(注)３,(－),千株
1969,高砂熱学工業株式会社,2026-06-18,取締役 監査等委員,山田 博隆,1962年10月16日生,(注)４,40,千株
1969,高砂熱学工業株式会社,2026-06-18,取締役 監査等委員,山田 博隆,1962年10月16日生,(注)４,(18),千株
1969,高砂熱学工業株式会社,2026-06-18,取締役 監査等委員,榊原 一夫,1958年８月６日生,(注)４,,千株
1969,高砂熱学工業株式会社,2026-06-18,取締役 監査等委員,榊原 一夫,1958年８月６日生,(注)４,(－),千株
1969,高砂熱学工業株式会社,2026-06-18,取締役 監査等委員,日岡 裕之,1958年８月12日生,(注)４,0,千株
1969,高砂熱学工業株式会社,2026-06-18,取締役 監査等委員,日岡 裕之,1958年８月12日生,(注)４,(－),千株
1969,高砂熱学工業株式会社,2026-06-18,取締役 監査等委員,若松 弘之,1971年９月20日生,(注)４,,千株
1969,高砂熱学工業株式会社,2026-06-18,取締役 監査等委員,若松 弘之,1971年９月20日生,(注)４,(－),千株
196A,株式会社ＭＦＳ,2025-09-26,代表取締役CEO,中山田 明,1967年１月３日,(注)３,"1,575,400",株
196A,株式会社ＭＦＳ,2025-09-26,取締役CMO,塩澤 崇,1981年９月29日,(注)３,"558,200",株
196A,株式会社ＭＦＳ,2025-09-26,取締役CFO,平山 亮,1982年11月８日,(注)３,"24,900",株
196A,株式会社ＭＦＳ,2025-09-26,取締役,伊藤 雅仁,1967年９月20日,(注)３,,株
196A,株式会社ＭＦＳ,2025-09-26,取締役,柴田 暁,1981年５月31日,(注)３,,株
196A,株式会社ＭＦＳ,2025-09-26,常勤監査役,高橋 敏哉,1958年２月12日,(注)４,,株
196A,株式会社ＭＦＳ,2025-09-26,監査役,穴田 卓司,1965年６月６日,(注)４,,株
196A,株式会社ＭＦＳ,2025-09-26,監査役,寺田 達史,1961年10月16日,(注)４,,株
1972,三晃金属工業株式会社,2026-06-22,代表取締役 社長,青 木 栄 一,1965年２月12日,(注)３,"13,438",株
1972,三晃金属工業株式会社,2026-06-22,取締役 常務執行役員 技術本部長,長 野 光 博,1966年７月７日,(注)３,"3,082",株
1972,三晃金属工業株式会社,2026-06-22,取締役 常務執行役員 総務部長,今 野 徹 哉,1964年４月17日,(注)３,"1,642",株
1972,三晃金属工業株式会社,2026-06-22,取締役 常務執行役員 営業本部長,福 田 貴 之,1963年９月19日,(注)３,"1,461",株
1972,三晃金属工業株式会社,2026-06-22,取締役 社長付,江 口 真 木,1961年３月４日,(注)３,"8,353",株
1972,三晃金属工業株式会社,2026-06-22,取締役,三 代 元 之,1955年９月８日,(注)３,,株
1972,三晃金属工業株式会社,2026-06-22,取締役,花 里 利 一,1956年２月７日,(注)３,,株
1972,三晃金属工業株式会社,2026-06-22,監査役 (常勤),湧 川 正 朗,1961年11月13日,(注)４,"3,668",株
1972,三晃金属工業株式会社,2026-06-22,監査役 (常勤),堀 江 秀 明,1965年８月26日,(注)５,,株
1972,三晃金属工業株式会社,2026-06-22,監査役 (非常勤),渡 辺 匡 也,1970年12月28日,(注)４,,株
1972,三晃金属工業株式会社,2026-06-22,代表取締役 社長,青 木 栄 一,1965年２月12日,(注)３,"13,438",株
1972,三晃金属工業株式会社,2026-06-22,取締役 常務執行役員 技術本部長,長 野 光 博,1966年７月７日,(注)３,"3,082",株
1972,三晃金属工業株式会社,2026-06-22,取締役 常務執行役員 総務部長,今 野 徹 哉,1964年４月17日,注)３,"1,642",株
1972,三晃金属工業株式会社,2026-06-22,取締役 常務執行役員 営業本部長,福 田 貴 之,1963年９月19日,(注)３,"1,461",株
1972,三晃金属工業株式会社,2026-06-22,取締役,三 代 元 之,1955年９月８日,(注)３,,株
1972,三晃金属工業株式会社,2026-06-22,取締役,花 里 利 一,1956年２月７日,(注)３,,株
1972,三晃金属工業株式会社,2026-06-22,監査役 (常勤),湧 川 正 朗,1961年11月13日,(注)４,"3,668",株
1972,三晃金属工業株式会社,2026-06-22,監査役 (常勤),角 保 達 也,1964年12月23日,(注)５,,株
1972,三晃金属工業株式会社,2026-06-22,監査役 (非常勤),渡 辺 匡 也,1970年12月28日,(注)４,,株
1975,株式会社朝日工業社,2026-06-24,代表取締役社長 社長執行役員,髙 須 康 有,1953年12月23日生,(注)３,"815,200",株
1975,株式会社朝日工業社,2026-06-24,取締役副社長 副社長執行役員 総務本部長,亀 田 道 也,1955年12月25日生,(注)３,"38,000",株
1975,株式会社朝日工業社,2026-06-24,取締役 常務執行役員 営業本部長,中 川 和 浩,1962年８月31日生,(注)３,"10,700",株
1975,株式会社朝日工業社,2026-06-24,取締役 常務執行役員 本店長,日 髙 陽 一,1965年５月30日生,(注)３,"7,240",株
1975,株式会社朝日工業社,2026-06-24,取締役 上席執行役員 技術本部長,木 村 隆 志,1966年４月９日生,(注)３,"3,600",株
1975,株式会社朝日工業社,2026-06-24,取締役 執行役員 経営統括グループ統括 兼社長室長 兼経営企画室長,伊 藤 義 徳,1967年10月13日生,(注)３,"1,386",株
1975,株式会社朝日工業社,2026-06-24,取締役,田 村 昭 二,1948年７月27日生,(注)３,,株
1975,株式会社朝日工業社,2026-06-24,取締役,奥 宮 京 子,1956年６月２日生,(注)３,,株
1975,株式会社朝日工業社,2026-06-24,取締役,藤 山 雄 治,1959年７月９日生,(注)３,,株
1975,株式会社朝日工業社,2026-06-24,常任監査役 （常勤）,筑 崇,1960年２月27日生,(注)４,"13,600",株
1975,株式会社朝日工業社,2026-06-24,常任監査役 （常勤）,佐 々 木 修,1970年１月14日生,(注)５,500,株
1975,株式会社朝日工業社,2026-06-24,監査役 （非常勤）,板 谷 宏 之,1960年１月５日生,(注)４,,株
1975,株式会社朝日工業社,2026-06-24,監査役 （非常勤）,中 野 道 夫,1958年10月17日生,(注)５,"1,200",株
1975,株式会社朝日工業社,2026-06-24,代表取締役社長 社長執行役員,髙 須 康 有,1953年12月23日生,(注)３,"815,200",株
1975,株式会社朝日工業社,2026-06-24,取締役副社長 副社長執行役員 総務本部長,亀 田 道 也,1955年12月25日生,(注)３,"38,000",株
1975,株式会社朝日工業社,2026-06-24,取締役 常務執行役員 営業本部長,中 川 和 浩,1962年８月31日生,(注)３,"10,700",株
1975,株式会社朝日工業社,2026-06-24,取締役 常務執行役員 本店長,日 髙 陽 一,1965年５月30日生,(注)３,"7,240",株
1975,株式会社朝日工業社,2026-06-24,取締役 常務執行役員 技術本部長,木 村 隆 志,1966年４月９日生,(注)３,"3,600",株
1975,株式会社朝日工業社,2026-06-24,取締役 上席執行役員 経営統括グループ統括 兼社長室長 兼経営企画室長,伊 藤 義 徳,1967年10月13日生,(注)３,"1,386",株
1975,株式会社朝日工業社,2026-06-24,取締役,田 村 昭 二,1948年７月27日生,(注)３,,株
1975,株式会社朝日工業社,2026-06-24,取締役,奥 宮 京 子,1956年６月２日生,(注)３,,株
1975,株式会社朝日工業社,2026-06-24,取締役,藤 山 雄 治,1959年７月９日生,(注)３,,株
1975,株式会社朝日工業社,2026-06-24,常任監査役 （常勤）,筑 崇,1960年２月27日生,(注)４,"13,600",株
1975,株式会社朝日工業社,2026-06-24,常任監査役 （常勤）,佐 々 木 修,1970年１月14日生,(注)５,500,株
1975,株式会社朝日工業社,2026-06-24,監査役 （非常勤）,板 谷 宏 之,1960年１月５日生,(注)４,,株
1975,株式会社朝日工業社,2026-06-24,監査役 （非常勤）,中 野 道 夫,1958年10月17日生,(注)５,"1,200",株
1976,明星工業株式会社,2026-06-22,代表取締役社長,栁瀬 徹次,1961年１月24日生,（注） ３,14,千株
1976,明星工業株式会社,2026-06-22,取締役 執行役員 支店統括部長 兼 技術統括部長 兼 品質・安全管理部担当 兼 調達部担当 兼 浜松工場担当,篠原 基嗣,1963年７月24日生,（注） ３,15,千株
1976,明星工業株式会社,2026-06-22,取締役 執行役員 営業統括部長 兼 工事統括部長 兼 タングープロジェクトダイレクター,藤野 景三,1960年３月11日生,（注） ３,14,千株
1976,明星工業株式会社,2026-06-22,取締役 執行役員 管理本部長 兼 総務部長 兼 経営企画室長 兼 関連会社担当,都木 裕,1960年10月11日生,（注） ３,12,千株
1976,明星工業株式会社,2026-06-22,取締役 (監査等委員),髙瀬 善久,1962年８月７日生,（注） ５,5,千株
1976,明星工業株式会社,2026-06-22,取締役 (監査等委員),上村 恭一,1940年３月29日生,（注） ５,,千株
1976,明星工業株式会社,2026-06-22,取締役 （監査等委員）,岸田 光正,1955年２月18日生,（注） ５,,千株
1976,明星工業株式会社,2026-06-22,取締役 （監査等委員）,西村 強,1973年８月16日生,（注） ４,,千株
1976,明星工業株式会社,2026-06-22,取締役 （監査等委員）,髙橋 理恵子 (現姓：田中),1985年12月３日生,（注） ４,,千株
1976,明星工業株式会社,2026-06-22,代表取締役社長,栁瀬 徹次,1961年１月24日生,（注） ３,14,千株
1976,明星工業株式会社,2026-06-22,取締役 執行役員 支店統括部長 兼 技術統括部長 兼 品質・安全管理部担当 兼 調達部担当 兼 浜松工場担当,篠原 基嗣,1963年７月24日生,（注） ３,15,千株
1976,明星工業株式会社,2026-06-22,取締役 執行役員 営業統括部長 兼 工事統括部長 兼 タングープロジェクトダイレクター,藤野 景三,1960年３月11日生,（注） ３,14,千株
1976,明星工業株式会社,2026-06-22,取締役 執行役員 管理本部長 兼 総務部長 兼 経営企画室長 兼 関連会社担当,都木 裕,1960年10月11日生,（注） ３,12,千株
1976,明星工業株式会社,2026-06-22,取締役 (監査等委員),髙瀬 善久,1962年８月７日生,（注） ５,5,千株
1976,明星工業株式会社,2026-06-22,取締役 (監査等委員),上村 恭一,1940年３月29日生,（注） ５,,千株
1976,明星工業株式会社,2026-06-22,取締役 （監査等委員）,岸田 光正,1955年２月18日生,（注） ５,,千株
1976,明星工業株式会社,2026-06-22,取締役 （監査等委員）,西村 強,1973年８月16日生,（注） ４,,千株
1976,明星工業株式会社,2026-06-22,取締役 （監査等委員）,髙橋 理恵子 (現姓：田中),1985年12月３日生,（注） ４,,千株
1979,株式会社大気社,2026-06-17,代表取締役 社長 執行役員,長田雅士,1959年４月20日生,(注) ４,13(70),千株
1979,株式会社大気社,2026-06-17,代表取締役 副社長執行役員 管理本部管掌兼 技術本部管掌,中島靖,1960年２月23日生,(注) ４,30(72),千株
1979,株式会社大気社,2026-06-17,取締役,中川正徳,1959年12月30日生,(注) ４,29(64),千株
1979,株式会社大気社,2026-06-17,取締役,浜中幸憲,1958年12月10日生,(注) ４,8(28),千株
1979,株式会社大気社,2026-06-17,取締役 専務執行役員 環境システム 事業部長兼 地域戦略部長,祖父江正,1964年12月16日生,(注) ４,10(28),千株
1979,株式会社大気社,2026-06-17,取締役,彦坂浩一,1960年12月２日生,(注) ４,5,千株
1979,株式会社大気社,2026-06-17,取締役,早田順幸,1964年３月７日生,(注) ４,2,千株
1979,株式会社大気社,2026-06-17,取締役,副島寿香,1958年11月17日生,(注) ４,0,千株
1979,株式会社大気社,2026-06-17,取締役,中田平将,1965年６月６日生,(注) ４,0,千株
1979,株式会社大気社,2026-06-17,常勤監査役,脇田誠,1960年７月９日生,(注) ５,7,千株
1979,株式会社大気社,2026-06-17,常勤監査役,櫻井淳一,1961年10月22日生,(注) ５,1,千株
1979,株式会社大気社,2026-06-17,常勤監査役,佐藤康浩,1961年９月２日生,(注) ５,1,千株
1979,株式会社大気社,2026-06-17,監査役,長尾浩一,1964年２月27日生,(注) ５,0,千株
1979,株式会社大気社,2026-06-17,監査役,山下祥子,1978年８月19日生,(注) ５,0,千株
1979,株式会社大気社,2026-06-17,※,福永卓司,,,,
1979,株式会社大気社,2026-06-17,※,松田吉弘,,,,
1979,株式会社大気社,2026-06-17,,田村健,,,,
1979,株式会社大気社,2026-06-17,,竹下誠司,,,,
1979,株式会社大気社,2026-06-17,,颯波淳三,,,,
1979,株式会社大気社,2026-06-17,,森卓也,,,,
1979,株式会社大気社,2026-06-17,,中田泰彰,,,,
1979,株式会社大気社,2026-06-17,,久保田康三,,,,
1979,株式会社大気社,2026-06-17,,石﨑浩一,,,,
1979,株式会社大気社,2026-06-17,,山下眞毅,,,,
1979,株式会社大気社,2026-06-17,,入交護,,,,
1979,株式会社大気社,2026-06-17,,小野沢裕,,,,
1979,株式会社大気社,2026-06-17,,八重樫俊至,,,,
1979,株式会社大気社,2026-06-17,,鎌田伸二,,,,
1979,株式会社大気社,2026-06-17,,金澤五海,,,,
1979,株式会社大気社,2026-06-17,,橘正章,,,,
1979,株式会社大気社,2026-06-17,,大野裕二,,,,
1979,株式会社大気社,2026-06-17,,茅野和博,,,,
1979,株式会社大気社,2026-06-17,,金戸正登,,,,
1979,株式会社大気社,2026-06-17,,竹村光司,,,,
1979,株式会社大気社,2026-06-17,,中村眞二,,,,
1979,株式会社大気社,2026-06-17,,長野太一,,,,
1979,株式会社大気社,2026-06-17,代表取締役 社長 執行役員,長田雅士,1959年４月20日生,(注) ４,13(98),千株
1979,株式会社大気社,2026-06-17,代表取締役 副社長執行役員 管理本部管掌兼 技術本部管掌,中島靖,1960年２月23日生,(注) ４,30(95),千株
1979,株式会社大気社,2026-06-17,取締役 専務執行役員 環境システム 事業部長兼 地域戦略部長,祖父江正,1964年12月16日生,(注) ４,10(47),千株
1979,株式会社大気社,2026-06-17,取締役 常務執行役員 塗装システム 事業部長,福永卓司,1961年10月８日生,(注) ４,4(4),千株
1979,株式会社大気社,2026-06-17,取締役 常務執行役員 経営企画本部長兼 サステナビリティ 推進担当,松田吉弘,1965年10月２日生,(注) ４,48(3),千株
1979,株式会社大気社,2026-06-17,取締役,彦坂浩一,1960年12月２日生,(注) ４,5,千株
1979,株式会社大気社,2026-06-17,取締役,早田順幸,1964年３月７日生,(注) ４,2,千株
1979,株式会社大気社,2026-06-17,取締役,副島寿香,1958年11月17日生,(注) ４,0,千株
1979,株式会社大気社,2026-06-17,取締役,中田平将,1965年６月６日生,(注) ４,0,千株
1979,株式会社大気社,2026-06-17,常勤監査役,脇田誠,1960年７月９日生,(注) ５,7,千株
1979,株式会社大気社,2026-06-17,常勤監査役,櫻井淳一,1961年10月22日生,(注) ５,1,千株
1979,株式会社大気社,2026-06-17,常勤監査役,佐藤康浩,1961年９月２日生,(注) ５,1,千株
1979,株式会社大気社,2026-06-17,監査役,長尾浩一,1964年２月27日生,(注) ５,0,千株
1979,株式会社大気社,2026-06-17,監査役,山下祥子,1978年８月19日生,(注) ５,0,千株
197A,株式会社タウンズ,2025-09-25,代表取締役社長,野中 雅貴,1975年６月11日,(注)３,"27,532,217",株
197A,株式会社タウンズ,2025-09-25,取締役管理本部長,内山 義雄,1959年９月９日,(注)３,"154,736",株
197A,株式会社タウンズ,2025-09-25,取締役 経営企画室長,永井 淳平,1987年７月14日,(注)３,,株
197A,株式会社タウンズ,2025-09-25,取締役,伊藤 政宏,1973年７月11日,(注)３,,株
197A,株式会社タウンズ,2025-09-25,取締役,三品 聡範,1983年３月24日,(注)３,"23,085",株
197A,株式会社タウンズ,2025-09-25,取締役,千葉 理,1963年10月24日,(注)３,"6,352",株
197A,株式会社タウンズ,2025-09-25,常勤監査役,遠藤 佳孝,1957年５月26日,(注)４,"22,000",株
197A,株式会社タウンズ,2025-09-25,監査役,中川 真紀子,1973年５月22日,(注)４,"9,241",株
197A,株式会社タウンズ,2025-09-25,監査役,Caroline F．Benton,1961年８月２日,(注)４,"9,022",株
197A,株式会社タウンズ,2025-09-25,専務執行役員 営業本部長,野中 祐行,,,,
197A,株式会社タウンズ,2025-09-25,常務執行役員 生産本部長,大井 貴之,,,,
197A,株式会社タウンズ,2025-09-25,常務執行役員 海外事業推進室長,中石 和成,,,,
197A,株式会社タウンズ,2025-09-25,常務執行役員 開発本部長,大嶽 徹朗,,,,
197A,株式会社タウンズ,2025-09-25,常務執行役員 品質本部長,竹嶋 俊介,,,,
197A,株式会社タウンズ,2025-09-25,執行役員 営業本部副本部長,穴田 晋之介,,,,
197A,株式会社タウンズ,2025-09-25,執行役員 管理本部副本部長兼経理シニアマネージャー,森田 智彦,,,,
197A,株式会社タウンズ,2025-09-25,執行役員 品質本部副本部長,村上 和史,,,,
1980,ダイダン株式会社,2026-06-23,取締役 会長,藤澤 一郎,1956年10月19日生,(注)３,201,千株
1980,ダイダン株式会社,2026-06-23,代表取締役 社長執行役員,山中 康宏,1962年８月25日生,(注)３,87,千株
1980,ダイダン株式会社,2026-06-23,代表取締役 専務執行役員 東日本事業部長 兼東京本社代表,笹木 寿男,1965年９月７日生,(注)３,53,千株
1980,ダイダン株式会社,2026-06-23,取締役 上席執行役員 CIO兼業務本部長,佐々木 洋二,1964年８月６日生,(注)３,59,千株
1980,ダイダン株式会社,2026-06-23,取締役,松原 文雄,1950年３月20日生,(注)３,,千株
1980,ダイダン株式会社,2026-06-23,取締役,佐藤 郁美,1963年12月25日生,(注)３,,千株
1980,ダイダン株式会社,2026-06-23,取締役,小酒井 健吉,1953年８月９日生,(注)３,,千株
1980,ダイダン株式会社,2026-06-23,取締役,久德 博文,1954年７月５日生,(注)３,,千株
1980,ダイダン株式会社,2026-06-23,常勤監査役,松井 浩,1961年２月８日生,(注)４,,千株
1980,ダイダン株式会社,2026-06-23,常勤監査役,池田 隆之,1961年７月25日生,(注)４,77,千株
1980,ダイダン株式会社,2026-06-23,常勤監査役,力石 和彦,1959年８月３日生,(注)４,45,千株
1980,ダイダン株式会社,2026-06-23,監査役,鈴木 康之,1957年１月16日生,(注)４,,千株
1980,ダイダン株式会社,2026-06-23,取締役 会長,藤澤 一郎,1956年10月19日生,(注)３,201,千株
1980,ダイダン株式会社,2026-06-23,代表取締役 社長執行役員,山中 康宏,1962年８月25日生,(注)３,87,千株
1980,ダイダン株式会社,2026-06-23,代表取締役 専務執行役員 東日本事業部長 兼東京本社代表,笹木 寿男,1965年９月７日生,(注)３,53,千株
1980,ダイダン株式会社,2026-06-23,取締役 上席執行役員 CIO兼業務本部長,佐々木 洋二,1964年８月６日生,(注)３,59,千株
1980,ダイダン株式会社,2026-06-23,取締役,松原 文雄,1950年３月20日生,(注)３,,千株
1980,ダイダン株式会社,2026-06-23,取締役,佐藤 郁美,1963年12月25日生,(注)３,,千株
1980,ダイダン株式会社,2026-06-23,取締役,小酒井 健吉,1953年８月９日生,(注)３,,千株
1980,ダイダン株式会社,2026-06-23,取締役,中沢 正和,1964年２月20日生,(注)３,,千株
1980,ダイダン株式会社,2026-06-23,常勤監査役,松井 浩,1961年２月８日生,(注)４,,千株
1980,ダイダン株式会社,2026-06-23,常勤監査役,池田 隆之,1961年７月25日生,(注)４,77,千株
1980,ダイダン株式会社,2026-06-23,常勤監査役,力石 和彦,1959年８月３日生,(注)４,45,千株
1980,ダイダン株式会社,2026-06-23,監査役,鈴木 康之,1957年１月16日生,(注)４,,千株
1981,株式会社協和日成,2026-06-25,代表取締役社長 社長執行役員,川 野 茂,1954年５月12日生,(注)３,32,千株
1981,株式会社協和日成,2026-06-25,取締役専務執行役員 監査部担当役員、 エンジニアリング 事業本部担当役員、 総合設備事業本部 担当役員兼務,福 島 博 喜,1970年８月２日生,(注)３,10,千株
1981,株式会社協和日成,2026-06-25,取締役常務執行役員 支店統括事業本部 担当役員,森 川 久 男,1961年３月11日生,(注)３,14,千株
1981,株式会社協和日成,2026-06-25,取締役常務執行役員 パイプライン事業本部 担当役員,佐々木 靖彦,1962年11月３日生,(注)３,3,千株
1981,株式会社協和日成,2026-06-25,取締役常務執行役員 デジタルイノベーション 推進部担当役員、 企画部担当役員、 経理部担当役員兼務,桝 田 博 俊,1968年４月24日生,(注)３,3,千株
1981,株式会社協和日成,2026-06-25,取締役常務執行役員 総務部担当役員、 安全品質環境部担当役員 兼務,加 藤 宏 行,1965年５月８日生,(注)３,6,千株
1981,株式会社協和日成,2026-06-25,取締役執行役員,河 野 文 彦,1962年７月11日生,(注)３,7,千株
1981,株式会社協和日成,2026-06-25,取締役,安 田 直 人,1954年１月23日生,(注)３,0,千株
1981,株式会社協和日成,2026-06-25,取締役,下 鳥 正 弘,1964年３月21日生,(注)３,0,千株
1981,株式会社協和日成,2026-06-25,取締役,奥 山 隆 之,1976年12月７日生,(注)３,,千株
1981,株式会社協和日成,2026-06-25,常勤監査役,古 平 光 一,1957年12月３日生,(注)４,7,千株
1981,株式会社協和日成,2026-06-25,常勤監査役,森 凡 浩,1960年５月７日生,(注)５,6,千株
1981,株式会社協和日成,2026-06-25,監査役,舘 茜,1980年９月６日生,(注)４,2,千株
1981,株式会社協和日成,2026-06-25,監査役,山内 暁,1959年５月14日生,(注)４,0,千株
1981,株式会社協和日成,2026-06-25,代表取締役社長 社長執行役員,川 野 茂,1954年５月12日生,(注)３,32,千株
1981,株式会社協和日成,2026-06-25,取締役副社長執行役員 監査部担当役員,斉 藤 彰 浩,1966年１月５日生,(注)５,,千株
1981,株式会社協和日成,2026-06-25,取締役専務執行役員 エンジニアリング 事業本部担当役員、 総合設備事業本部 担当役員兼務,福 島 博 喜,1970年８月２日生,(注)３,10,千株
1981,株式会社協和日成,2026-06-25,取締役常務執行役員 支店統括事業本部 担当役員,森 川 久 男,1961年３月11日生,(注)３,14,千株
1981,株式会社協和日成,2026-06-25,取締役常務執行役員 パイプライン事業本部 担当役員,佐々木 靖彦,1962年11月３日生,(注)３,3,千株
1981,株式会社協和日成,2026-06-25,取締役常務執行役員 デジタルイノベーション 推進部担当役員、 企画部担当役員、 経理部担当役員兼務,桝 田 博 俊,1968年４月24日生,(注)３,3,千株
1981,株式会社協和日成,2026-06-25,取締役常務執行役員 総務部担当役員、 安全品質環境部担当役員 兼務,加 藤 宏 行,1965年５月８日生,(注)３,6,千株
1981,株式会社協和日成,2026-06-25,取締役,安 田 直 人,1954年１月23日生,(注)３,0,千株
1981,株式会社協和日成,2026-06-25,取締役,下 鳥 正 弘,1964年３月21日生,(注)３,0,千株
1981,株式会社協和日成,2026-06-25,取締役,奥 山 隆 之,1976年12月７日生,(注)３,,千株
1981,株式会社協和日成,2026-06-25,常勤監査役,古 平 光 一,1957年12月３日生,(注)４,7,千株
1981,株式会社協和日成,2026-06-25,常勤監査役,森 凡 浩,1960年５月７日生,(注)６,6,千株
1981,株式会社協和日成,2026-06-25,監査役,舘 茜,1980年９月６日生,(注)４,2,千株
1981,株式会社協和日成,2026-06-25,監査役,山内 暁,1959年５月14日生,(注)４,0,千株
1982,日比谷総合設備株式会社,2026-06-24,代表取締役社長 社長執行役員,中 北 英 孝,1963年１月28日生,注３,32,千株
1982,日比谷総合設備株式会社,2026-06-24,代表取締役副社長 副社長執行役員,芦 川 隆 範,1964年６月10日生,注３,12,千株
1982,日比谷総合設備株式会社,2026-06-24,取締役 常務執行役員 ＬＣ営業統括本部長,享 保 裕 彦,1962年３月７日生,注３,57,千株
1982,日比谷総合設備株式会社,2026-06-24,取締役 上席執行役員 管理本部長 兼 管理本部企画部長 兼 ESG推進室長,堀 泰 彰,1967年10月17日生,注３,31,千株
1982,日比谷総合設備株式会社,2026-06-24,取締役 上席執行役員 エンジニアリング サービス統括本部長,荒 井 泰 徳,1964年９月26日生,注３,35,千株
1982,日比谷総合設備株式会社,2026-06-24,取締役 上席執行役員 東京本店長 兼 技術戦略本部長 兼 東京本店都市設備本部長,金 子 昌 史,1965年８月29日生,注３,27,千株
1982,日比谷総合設備株式会社,2026-06-24,取締役,橋 本 誠 一,1954年５月６日生,注３,,千株
1982,日比谷総合設備株式会社,2026-06-24,取締役,大 砂 雅 子,1956年３月１日生,注３,,千株
1982,日比谷総合設備株式会社,2026-06-24,取締役,大 串 淳 子,1960年８月23日生,注３,,千株
1982,日比谷総合設備株式会社,2026-06-24,監査役 （常勤）,川 島 高 博,1962年12月20日生,注４,,千株
1982,日比谷総合設備株式会社,2026-06-24,監査役 （常勤）,阿 部 宏,1961年10月16日生,注５,12,千株
1982,日比谷総合設備株式会社,2026-06-24,監査役,原 田 昌 平,1957年９月19日生,注４,,千株
1982,日比谷総合設備株式会社,2026-06-24,監査役,佐 藤 啓 孝,1958年11月18日生,注５,,千株
1982,日比谷総合設備株式会社,2026-06-24,代表取締役社長 社長執行役員,中 北 英 孝,1963年１月28日生,注３,32,千株
1982,日比谷総合設備株式会社,2026-06-24,代表取締役副社長 副社長執行役員,芦 川 隆 範,1964年６月10日生,注３,12,千株
1982,日比谷総合設備株式会社,2026-06-24,取締役 常務執行役員 ＬＣ営業統括本部長,享 保 裕 彦,1962年３月７日生,注３,57,千株
1982,日比谷総合設備株式会社,2026-06-24,取締役 上席執行役員 経営企画部長 兼 管理本部長 兼 ESG推進室長,堀 泰 彰,1967年10月17日生,注３,31,千株
1982,日比谷総合設備株式会社,2026-06-24,取締役 上席執行役員 エンジニアリング サービス統括本部長,荒 井 泰 徳,1964年９月26日生,注３,35,千株
1982,日比谷総合設備株式会社,2026-06-24,取締役 上席執行役員 東京本店長 兼 技術戦略本部長 兼 東京本店都市設備本部長,金 子 昌 史,1965年８月29日生,注３,27,千株
1982,日比谷総合設備株式会社,2026-06-24,取締役,橋 本 誠 一,1954年５月６日生,注３,,千株
1982,日比谷総合設備株式会社,2026-06-24,取締役,大 砂 雅 子,1956年３月１日生,注３,,千株
1982,日比谷総合設備株式会社,2026-06-24,取締役,大 串 淳 子,1960年８月23日生,注３,,千株
1982,日比谷総合設備株式会社,2026-06-24,監査役 （常勤）,川 島 高 博,1962年12月20日生,注４,,千株
1982,日比谷総合設備株式会社,2026-06-24,監査役 （常勤）,阿 部 宏,1961年10月16日生,注５,12,千株
1982,日比谷総合設備株式会社,2026-06-24,監査役,原 田 昌 平,1957年９月19日生,注４,,千株
1982,日比谷総合設備株式会社,2026-06-24,監査役,佐 藤 啓 孝,1958年11月18日生,注５,,千株
198A,ＰｏｓｔＰｒｉｍｅ株式会社,2026-08-27,代表取締役社長,松島 悟,1981年７月28日生,(注) ３,,株
198A,ＰｏｓｔＰｒｉｍｅ株式会社,2026-08-27,取締役会長,水口 翼,1982年９月８日生,(注) ３,,株
198A,ＰｏｓｔＰｒｉｍｅ株式会社,2026-08-27,取締役,西川 幸秀,1980年５月11日生,(注) ３,,株
198A,ＰｏｓｔＰｒｉｍｅ株式会社,2026-08-27,取締役 （監査等委員）,河村 大,1965年４月３日生,(注) ４,,株
198A,ＰｏｓｔＰｒｉｍｅ株式会社,2026-08-27,取締役 （監査等委員）,古川 賢隆,1973年３月９日生,(注) ４,,株
198A,ＰｏｓｔＰｒｉｍｅ株式会社,2026-08-27,取締役 （監査等委員）,鈴木 秀昌,1982年２月16日生,(注) ４,,株
1992,神田通信機株式会社,2026-06-26,代表取締役 社 長,神 部 雅 人,1960年12月20日生,(注)3,"102,467",株
1992,神田通信機株式会社,2026-06-26,常務取締役,小笠原 雅 浩,1965年９月８日生,(注)3,"1,663",株
1992,神田通信機株式会社,2026-06-26,常務取締役 事業本部長,森 川 幸 一,1971年３月13日生,(注)3,"12,320",株
1992,神田通信機株式会社,2026-06-26,取締役,神 藤 善 行,1980年５月９日生,(注)3,"1,892",株
1992,神田通信機株式会社,2026-06-26,取締役,杉 岡 久 紀,1959年７月24日生,(注)3,669,株
1992,神田通信機株式会社,2026-06-26,取締役,土 生 哲 也,1965年４月９日生,(注)3,"1,099",株
1992,神田通信機株式会社,2026-06-26,取締役,佐 々 木 邦 治,1957年５月22日生,(注)3,"1,096",株
1992,神田通信機株式会社,2026-06-26,常勤監査役,田 辺 正 行,1963年２月19日生,(注)4,"8,239",株
1992,神田通信機株式会社,2026-06-26,監査役,大 塚 有 希 子,1966年２月21日生,(注)4,─,株
1992,神田通信機株式会社,2026-06-26,監査役,東 志 穂,1975年４月22日生,(注)4,─,株
1992,神田通信機株式会社,2026-06-26,代表取締役 社 長,神 部 雅 人,1960年12月20日生,(注)3,"102,467",株
1992,神田通信機株式会社,2026-06-26,常務取締役,小笠原 雅 浩,1965年９月８日生,(注)3,"1,663",株
1992,神田通信機株式会社,2026-06-26,常務取締役 事業本部長,森 川 幸 一,1971年３月13日生,(注)3,"12,320",株
1992,神田通信機株式会社,2026-06-26,取締役,神 藤 善 行,1980年５月９日生,(注)3,"1,892",株
1992,神田通信機株式会社,2026-06-26,取締役,杉 岡 久 紀,1959年７月24日生,(注)3,669,株
1992,神田通信機株式会社,2026-06-26,取締役,土 生 哲 也,1965年４月９日生,(注)3,"1,099",株
1992,神田通信機株式会社,2026-06-26,取締役,佐 々 木 邦 治,1957年５月22日生,(注)3,"1,096",株
1992,神田通信機株式会社,2026-06-26,常勤監査役,田 辺 正 行,1963年２月19日生,(注)4,"8,239",株
1992,神田通信機株式会社,2026-06-26,監査役,大 塚 有 希 子,1966年２月21日生,(注)4,─,株
1992,神田通信機株式会社,2026-06-26,監査役,東 志 穂,1975年４月22日生,(注)4,─,株
1994,高橋カーテンウォール工業株式会社,2026-03-26,代表取締役 社長執行役員,高橋 武治,1972年12月９日生,２年(注1),"1,447",千株
1994,高橋カーテンウォール工業株式会社,2026-03-26,取締役上席常務執行役員 営業本部長兼 経営・IT企画室担当役員兼スパジオ事業部長,高橋 宗敏,1978年３月24日生,２年(注1),476,千株
1994,高橋カーテンウォール工業株式会社,2026-03-26,取締役,小出 斉,1969年６月15日生,２年(注1),20,千株
1994,高橋カーテンウォール工業株式会社,2026-03-26,常勤監査役,中西 博之,1961年11月2日生,４年(注2),1,千株
1994,高橋カーテンウォール工業株式会社,2026-03-26,監査役,中川 康生,1943年12月５日生,４年(注2),28,千株
1994,高橋カーテンウォール工業株式会社,2026-03-26,監査役,吉見 芳彦,1945年８月12日生,４年(注2),8,千株
1994,高橋カーテンウォール工業株式会社,2026-03-26,代表取締役 社長執行役員,高橋 武治,1972年12月９日生,２年(注1),"1,447",千株
1994,高橋カーテンウォール工業株式会社,2026-03-26,取締役上席常務執行役員 営業本部長兼 経営・IT企画室担当役員兼スパジオ事業部長,高橋 宗敏,1978年３月24日生,２年(注1),476,千株
1994,高橋カーテンウォール工業株式会社,2026-03-26,取締役,小出 斉,1969年６月15日生,２年(注1),20,千株
1994,高橋カーテンウォール工業株式会社,2026-03-26,常勤監査役,中西 博之,1961年11月2日生,４年(注2),1,千株
1994,高橋カーテンウォール工業株式会社,2026-03-26,監査役,中川 康生,1943年12月５日生,４年(注2),28,千株
1994,高橋カーテンウォール工業株式会社,2026-03-26,監査役,吉見 芳彦,1945年８月12日生,４年(注2),8,千株
1997,暁飯島工業株式会社,2025-11-19,代表取締役社長 社長執行役員,植 田 俊 二,1961年６月３日生,(注)２,"16,300",株
1997,暁飯島工業株式会社,2025-11-19,取締役 常務執行役員 茨城事業部長,白 石 学,1971年10月23日生,(注)２,"8,800",株
1997,暁飯島工業株式会社,2025-11-19,取締役 上席執行役員 東京事業部長,岩 井 淳,1966年１月16日生,(注)２,"6,700",株
1997,暁飯島工業株式会社,2025-11-19,取締役 上席執行役員 管理統括部長,片 桐 倫 明,1973年12月２日生,(注)２,"9,300",株
1997,暁飯島工業株式会社,2025-11-19,取締役 （常勤監査等委員）,根 本 幸 司,1964年10月15日生,(注)３,"1,600",株
1997,暁飯島工業株式会社,2025-11-19,取締役 （監査等委員）,植 崎 明 夫,1953年７月２日生,(注)３,,株
1997,暁飯島工業株式会社,2025-11-19,取締役 （監査等委員）,大 庭 幸 生,1966年８月２日生,(注)３,,株
1997,暁飯島工業株式会社,2025-11-19,代表取締役社長 社長執行役員,植 田 俊 二,1961年６月３日生,(注)２,"16,300",株
1997,暁飯島工業株式会社,2025-11-19,取締役 常務執行役員 茨城事業部長,白 石 学,1971年10月23日生,(注)２,"8,800",株
1997,暁飯島工業株式会社,2025-11-19,取締役 上席執行役員 東京事業部長,岩 井 淳,1966年１月16日生,(注)２,"6,700",株
1997,暁飯島工業株式会社,2025-11-19,取締役 上席執行役員 管理統括部長,片 桐 倫 明,1973年12月２日生,(注)２,"9,300",株
1997,暁飯島工業株式会社,2025-11-19,取締役 （常勤監査等委員）,根 本 幸 司,1964年10月15日生,(注)３,"1,600",株
1997,暁飯島工業株式会社,2025-11-19,取締役 （監査等委員）,植 崎 明 夫,1953年７月２日生,(注)３,,株
1997,暁飯島工業株式会社,2025-11-19,取締役 （監査等委員）,大 庭 幸 生,1966年８月２日生,(注)３,,株
1999,サイタホールディングス株式会社,2025-09-29,代表取締役 社長,才田 善之,1958年11月４日生,（注）３,9,千株
1999,サイタホールディングス株式会社,2025-09-29,取締役 管理本部長,平山 繁之,1963年10月30日生,（注）３,,千株
1999,サイタホールディングス株式会社,2025-09-29,取締役 建設事業担当,前田 敏宏,1960年７月１日生,（注）３,3,千株
1999,サイタホールディングス株式会社,2025-09-29,取締役 建材事業担当,行徳 両平,1966年４月２日生,（注）３,0,千株
1999,サイタホールディングス株式会社,2025-09-29,取締役 事業推進室長,才田 善郎,1988年５月25日生,（注）３,9,千株
1999,サイタホールディングス株式会社,2025-09-29,取締役,藤山 征二郎,1962年10月29日生,（注）３,,千株
1999,サイタホールディングス株式会社,2025-09-29,取締役 (常勤監査等委員),鹿子生 忠,1954年１月22日生,（注）３,2,千株
1999,サイタホールディングス株式会社,2025-09-29,取締役 (監査等委員),鈴川 照美,1946年10月29日生,（注）４,,千株
1999,サイタホールディングス株式会社,2025-09-29,取締役 (監査等委員),森田 公一,1948年１月９日生,（注）４,,千株
2001,株式会社ニップン,2026-06-23,代表取締役社長 社長執行役員,前鶴 俊哉,1961年１月７日生,注３,228,百株
2001,株式会社ニップン,2026-06-23,代表取締役 専務執行役員 社長補佐,木村 富雄,1961年３月13日生,注３,56,百株
2001,株式会社ニップン,2026-06-23,取締役 常務執行役員 流通業務部、 マーケティング本部、 家庭用食品事業本部、 業務用食品事業本部、 食品業務部管掌,川﨑 裕章,1961年10月４日生,注３,117,百株
2001,株式会社ニップン,2026-06-23,取締役 常務執行役員 総務部、人事・労務部、 広報部、監査管理部管掌,小浦 浩司,1963年11月27日生,注３,44,百株
2001,株式会社ニップン,2026-06-23,取締役 常務執行役員 CSR管掌、 経理・財務部、経営企画部、サステナビリティ推進部管掌,大田尾 亨,1963年11月26日生,注３,55,百株
2001,株式会社ニップン,2026-06-23,取締役 常務執行役員 品質保証部、原材料調達部、 EC事業室、中食事業本部、 ヘルスケア事業部管掌,阿部 直樹,1964年８月８日生,注３,108,百株
2001,株式会社ニップン,2026-06-23,取締役,川俣 尚高,1965年５月１日生,注３,76,百株
2001,株式会社ニップン,2026-06-23,取締役,熊谷 日登美,1959年10月15日生,注３,,百株
2001,株式会社ニップン,2026-06-23,取締役,髙岡 美佳,1968年６月19日生,注３,,百株
2001,株式会社ニップン,2026-06-23,取締役 （監査等委員）,青沼 孝明,1959年12月16日生,注４,141,百株
2001,株式会社ニップン,2026-06-23,取締役 （監査等委員）,吉田 和彦,1963年11月７日生,注４,55,百株
2001,株式会社ニップン,2026-06-23,取締役 （監査等委員）,葉山 良子,1959年10月７日生,注４,,百株
2001,株式会社ニップン,2026-06-23,代表取締役会長,前鶴 俊哉,1961年１月７日生,注３,228,百株
2001,株式会社ニップン,2026-06-23,代表取締役社長 社長執行役員,大田尾 亨,1963年11月26日生,注３,55,百株
2001,株式会社ニップン,2026-06-23,取締役 専務執行役員 流通業務部、食品業務部、 海外事業本部管掌,川﨑 裕章,1961年10月４日生,注３,117,百株
2001,株式会社ニップン,2026-06-23,取締役 常務執行役員 CSR管掌、総務部、 人事・労務部、 経理・財務部、 サステナビリティ推進部、 広報部、監査管理部管掌,小浦 浩司,1963年11月27日生,注３,44,百株
2001,株式会社ニップン,2026-06-23,取締役 常務執行役員 経営企画部、品質保証部、 原材料調達部、EC事業室、 中食事業本部、 ヘルスケア事業部管掌,阿部 直樹,1964年８月８日生,注３,108,百株
2001,株式会社ニップン,2026-06-23,取締役 常務執行役員 マーケティング本部、 家庭用食品事業本部管掌 製粉事業本部長,佐藤 高宏,1964年９月26日生,注３,62,百株
2001,株式会社ニップン,2026-06-23,取締役,熊谷 日登美,1959年10月15日生,注３,,百株
2001,株式会社ニップン,2026-06-23,取締役,髙岡 美佳,1968年６月19日生,注３,,百株
2001,株式会社ニップン,2026-06-23,取締役,安藤 嘉規,1964年１月３日生,注３,,百株
2001,株式会社ニップン,2026-06-23,取締役 （監査等委員）,青沼 孝明,1959年12月16日生,注４,141,百株
2001,株式会社ニップン,2026-06-23,取締役 （監査等委員）,吉田 和彦,1963年11月７日生,注４,55,百株
2001,株式会社ニップン,2026-06-23,取締役 （監査等委員）,葉山 良子,1959年10月７日生,注４,,百株
2002,株式会社日清製粉グループ本社,2026-06-22,代表取締役 取締役社長,瀧 原 賢 二,1966年２月３日生,(注)３,556,百株
2002,株式会社日清製粉グループ本社,2026-06-22,代表取締役 専務執行役員 人事・労務本部長,坂 本 賢 二,1963年11月28日生,(注)３,256,百株
2002,株式会社日清製粉グループ本社,2026-06-22,取締役 常務執行役員 経理・財務本部長,鈴 木 栄 一,1964年３月３日生,(注)３,124,百株
2002,株式会社日清製粉グループ本社,2026-06-22,取締役 常務執行役員 技術本部長,髙 橋 誠一郎,1966年12月27日生,(注)３,242,百株
2002,株式会社日清製粉グループ本社,2026-06-22,取締役 常務執行役員,岩 橋 恭 彦,1964年10月６日生,(注)３,416,百株
2002,株式会社日清製粉グループ本社,2026-06-22,取締役 常務執行役員,池 田 晋 一,1965年11月21日生,(注)３,217,百株
2002,株式会社日清製粉グループ本社,2026-06-22,取締役 執行役員,山 田 貴 夫,1960年９月27日生,(注)３,505,百株
2002,株式会社日清製粉グループ本社,2026-06-22,取締役,伏 屋 和 彦,1944年１月26日生,(注)３,90,百株
2002,株式会社日清製粉グループ本社,2026-06-22,取締役,永 井 素 夫,1954年３月４日生,(注)３,24,百株
2002,株式会社日清製粉グループ本社,2026-06-22,取締役,遠 藤 信 博,1953年11月８日生,(注)３,14,百株
2002,株式会社日清製粉グループ本社,2026-06-22,取締役 (常勤監査等委員),大 内 章,1961年２月13日生,(注)４,197,百株
2002,株式会社日清製粉グループ本社,2026-06-22,取締役 (監査等委員),富 田 美栄子,1954年８月15日生,(注)４,,百株
2002,株式会社日清製粉グループ本社,2026-06-22,取締役 (監査等委員),安 藤 隆 春,1949年８月31日生,(注)５,,百株
2002,株式会社日清製粉グループ本社,2026-06-22,取締役 (監査等委員),金 子 寛 人,1957年２月26日生,(注)４,,百株
2002,株式会社日清製粉グループ本社,2026-06-22,副社長執行役員,永 木 裕,,,,
2002,株式会社日清製粉グループ本社,2026-06-22,常務執行役員 R&D・品質保証本部長,吉 田 亜 彦,,,,
2002,株式会社日清製粉グループ本社,2026-06-22,常務執行役員 総務本部管掌 企画本部長 総務本部取締役会事務局室長,藤 田 重 光,,,,
2002,株式会社日清製粉グループ本社,2026-06-22,常務執行役員 日清製粉株式会社取締役社長,横 山 敏 明,,,,
2002,株式会社日清製粉グループ本社,2026-06-22,常務執行役員 オリエンタル酵母工業株式会社取締役社長,新 井 秀 夫,,,,
2002,株式会社日清製粉グループ本社,2026-06-22,執行役員 企画本部GS(海外事業開発) 企画本部GS(国際),渡 邉 一 充,,,,
2002,株式会社日清製粉グループ本社,2026-06-22,執行役員 経理・財務本部副本部長 経理・財務本部財務部長,今 井 一 宏,,,,
2002,株式会社日清製粉グループ本社,2026-06-22,執行役員 総務本部広報部長,安 達 令 子,,,,
2002,株式会社日清製粉グループ本社,2026-06-22,執行役員 企画本部副本部長,山 田 浩 之,,,,
2002,株式会社日清製粉グループ本社,2026-06-22,執行役員 企画本部情報化推進部長,内 山 哲,,,,
2002,株式会社日清製粉グループ本社,2026-06-22,執行役員 R&D・品質保証本部副本部長 R&D・品質保証本部品質保証部長,鈴 木 隆 一,,,,
2002,株式会社日清製粉グループ本社,2026-06-22,執行役員 人事・労務本部副本部長 人事・労務本部人事部長 人事・労務本部人事・労務企画室長,田 中 正 裕,,,,
2002,株式会社日清製粉グループ本社,2026-06-22,執行役員 総務本部長 総務本部法務部長,戸 塚 勝 博,,,,
2002,株式会社日清製粉グループ本社,2026-06-22,執行役員 日清製粉株式会社専務取締役,関 口 聡,,,,
2002,株式会社日清製粉グループ本社,2026-06-22,執行役員 日清ファルマ株式会社取締役社長,田 中 秀 邦,,,,
2002,株式会社日清製粉グループ本社,2026-06-22,執行役員 日清製粉株式会社常務取締役,伊 勢 英一郎,,,,
2002,株式会社日清製粉グループ本社,2026-06-22,執行役員 株式会社日清製粉ウェルナ常務取締役,伊 藤 俊 二,,,,
2002,株式会社日清製粉グループ本社,2026-06-22,執行役員 株式会社日清製粉ウェルナ常務取締役,上 條 天,,,,
2002,株式会社日清製粉グループ本社,2026-06-22,代表取締役 取締役社長,永 木 裕,1970年２月20日生,(注)３,149,百株
2002,株式会社日清製粉グループ本社,2026-06-22,代表取締役 専務執行役員 総務本部管掌 兼人事・労務本部管掌,坂 本 賢 二,1963年11月28日生,(注)３,256,百株
2002,株式会社日清製粉グループ本社,2026-06-22,取締役 常務執行役員,岩 橋 恭 彦,1964年10月６日生,(注)３,416,百株
2002,株式会社日清製粉グループ本社,2026-06-22,取締役 常務執行役員,横 山 敏 明,1968年４月23日生,(注)３,109,百株
2002,株式会社日清製粉グループ本社,2026-06-22,取締役,伏 屋 和 彦,1944年１月26日生,(注)３,90,百株
2002,株式会社日清製粉グループ本社,2026-06-22,取締役,永 井 素 夫,1954年３月４日生,(注)３,24,百株
2002,株式会社日清製粉グループ本社,2026-06-22,取締役,遠 藤 信 博,1953年11月８日生,(注)３,14,百株
2002,株式会社日清製粉グループ本社,2026-06-22,取締役 (常勤監査等委員),大 内 章,1961年２月13日生,(注)４,197,百株
2002,株式会社日清製粉グループ本社,2026-06-22,取締役 (監査等委員),富 田 美栄子,1954年８月15日生,(注)４,,百株
2002,株式会社日清製粉グループ本社,2026-06-22,取締役 (監査等委員),安 藤 隆 春,1949年８月31日生,(注)５,,百株
2002,株式会社日清製粉グループ本社,2026-06-22,取締役 (監査等委員),日下部 惠 美,1963年11月19日生,(注)５,,百株
2002,株式会社日清製粉グループ本社,2026-06-22,常務執行役員 技術本部長,髙 橋 誠一郎,,,,
2002,株式会社日清製粉グループ本社,2026-06-22,常務執行役員 R&D・品質保証本部長,吉 田 亜 彦,,,,
2002,株式会社日清製粉グループ本社,2026-06-22,常務執行役員 企画本部長,藤 田 重 光,,,,
2002,株式会社日清製粉グループ本社,2026-06-22,常務執行役員 経理・財務本部長,今 井 一 宏,,,,
2002,株式会社日清製粉グループ本社,2026-06-22,常務執行役員 オリエンタル酵母工業株式会社取締役社長,新 井 秀 夫,,,,
2002,株式会社日清製粉グループ本社,2026-06-22,常務執行役員 トオカツフーズ株式会社取締役社長,河 田 篤 治,,,,
2002,株式会社日清製粉グループ本社,2026-06-22,執行役員 総務本部広報部長,安 達 令 子,,,,
2002,株式会社日清製粉グループ本社,2026-06-22,執行役員 企画本部副本部長,山 田 浩 之,,,,
2002,株式会社日清製粉グループ本社,2026-06-22,執行役員 企画本部情報化推進部長,内 山 哲,,,,
2002,株式会社日清製粉グループ本社,2026-06-22,執行役員 R&D・品質保証本部副本部長 R&D・品質保証本部品質保証部長,鈴 木 隆 一,,,,
2002,株式会社日清製粉グループ本社,2026-06-22,執行役員 人事・労務本部長 人事・労務本部人事部長 人事・労務本部人事・労務企画室長,田 中 正 裕,,,,
2002,株式会社日清製粉グループ本社,2026-06-22,執行役員 総務本部長 総務本部法務部長,戸 塚 勝 博,,,,
2002,株式会社日清製粉グループ本社,2026-06-22,執行役員 取締役会事務局室長,阿 部 まゆみ,,,,
2002,株式会社日清製粉グループ本社,2026-06-22,執行役員 経理・財務本部経理部長,葛 井 隆 司,,,,
2002,株式会社日清製粉グループ本社,2026-06-22,執行役員 日清製粉株式会社専務取締役,関 口 聡,,,,
2002,株式会社日清製粉グループ本社,2026-06-22,執行役員 日清製粉株式会社常務取締役,伊 勢 英一郎,,,,
2002,株式会社日清製粉グループ本社,2026-06-22,執行役員 株式会社日清製粉ウェルナ常務取締役,伊 藤 俊 二,,,,
2002,株式会社日清製粉グループ本社,2026-06-22,執行役員 株式会社日清製粉ウェルナ常務取締役,上 條 天,,,,
2002,株式会社日清製粉グループ本社,2026-06-22,執行役員 日清製粉株式会社常務取締役,田 子 敏 也,,,,
2002,株式会社日清製粉グループ本社,2026-06-22,執行役員 日清製粉プレミックス株式会社取締役社長,菅 野 郁 夫,,,,
2003,日東富士製粉株式会社,2026-06-25,代表取締役 社 長,宮 原 朋 宏,1967年２月14日生,(注)2,19,百株
2003,日東富士製粉株式会社,2026-06-25,取締役 顧問,中 田 昭 久,1960年９月23日生,(注)2,27,百株
2003,日東富士製粉株式会社,2026-06-25,取締役 常務執行役員 管理本部長 兼業務監査室担当,太 田 大 志,1975年３月23日生,(注)2,,百株
2003,日東富士製粉株式会社,2026-06-25,取締役 常務執行役員 営業開発本部長,堤 隆 敏,1971年３月19日生,(注)2,,百株
2003,日東富士製粉株式会社,2026-06-25,取締役,長 﨑 剛,1976年１月27日生,(注)2,,百株
2003,日東富士製粉株式会社,2026-06-25,取締役 （監査等委員）,中 庭 聡,1969年５月20日生,(注)3,,百株
2003,日東富士製粉株式会社,2026-06-25,取締役 （監査等委員）,豊島 ひろ江,1967年９月28日生,(注)3,,百株
2003,日東富士製粉株式会社,2026-06-25,取締役 （監査等委員）,宮 下 律 江,1962年５月３日生,(注)3,,百株
2003,日東富士製粉株式会社,2026-06-25,取締役 （監査等委員）,小 倉 朋 子,1965年5月7日生,(注)4,,百株
2003,日東富士製粉株式会社,2026-06-25,代表取締役 社 長,宮 原 朋 宏,1967年２月14日生,(注)2,19,百株
2003,日東富士製粉株式会社,2026-06-25,取締役 専務執行役員 食品開発本部長,内 藤 徳 喜,1963年１月28日生,(注)2,,百株
2003,日東富士製粉株式会社,2026-06-25,取締役 常務執行役員 営業開発本部長,堤 隆 敏,1971年３月19日生,(注)2,,百株
2003,日東富士製粉株式会社,2026-06-25,取締役 常務執行役員 管理本部長 兼業務監査室担当,秋 山 卓,1969年７月７日生,(注)2,,百株
2003,日東富士製粉株式会社,2026-06-25,取締役,武 川 聡,1975年２月22日生,(注)2,,百株
2003,日東富士製粉株式会社,2026-06-25,取締役 （監査等委員）,瀬 尾 悟 郎,1971年９月30日生,(注)3,,百株
2003,日東富士製粉株式会社,2026-06-25,取締役 （監査等委員）,宮 下 律 江,1962年５月３日生,(注)3,,百株
2003,日東富士製粉株式会社,2026-06-25,取締役 （監査等委員）,小 倉 朋 子,1965年5月7日生,(注)4,,百株
2003,日東富士製粉株式会社,2026-06-25,取締役 （監査等委員）,中 谷 裕 子,1977年12月12日生,(注)3,,百株
2004,昭和産業株式会社,2026-06-23,取締役 会長,新妻 一彦,1957年10月１日生,(注)４,831,百株
2004,昭和産業株式会社,2026-06-23,代表取締役 社長執行役員,塚越 英行,1965年12月19日生,(注)４,319,百株
2004,昭和産業株式会社,2026-06-23,取締役 専務執行役員 事業・営業部門統轄,鈴木 孝明,1967年７月24日生,(注)４,108,百株
2004,昭和産業株式会社,2026-06-23,取締役,山口 龍也,1960年５月30日生,(注)４,383,百株
2004,昭和産業株式会社,2026-06-23,取締役,大野 正史,1964年11月２日生,(注)４,170,百株
2004,昭和産業株式会社,2026-06-23,取締役,細井 義泰,1962年１月20日生,(注)４,141,百株
2004,昭和産業株式会社,2026-06-23,取締役,三上 直子,1961年３月12日生,(注)４,19,百株
2004,昭和産業株式会社,2026-06-23,取締役,柄澤 彰,1960年１月19日生,(注)４,5,百株
2004,昭和産業株式会社,2026-06-23,取締役,平 真美,1962年２月20日生,(注)４,6,百株
2004,昭和産業株式会社,2026-06-23,取締役 (監査等委員),大柳 奨,1959年４月25日生,(注)５,226,百株
2004,昭和産業株式会社,2026-06-23,取締役 (監査等委員),手島 俊裕,1960年10月24日生,(注)５,15,百株
2004,昭和産業株式会社,2026-06-23,取締役 (監査等委員),菅生 譲二,1961年９月19日生,(注)５,5,百株
2004,昭和産業株式会社,2026-06-23,取締役 会長,新妻 一彦,1957年10月１日生,(注)４,831,百株
2004,昭和産業株式会社,2026-06-23,代表取締役 社長執行役員,塚越 英行,1965年12月19日生,(注)４,319,百株
2004,昭和産業株式会社,2026-06-23,取締役 専務執行役員 事業・営業部門統轄,鈴木 孝明,1967年７月24日生,(注)４,108,百株
2004,昭和産業株式会社,2026-06-23,取締役 常務執行役員 テクニカル部門統轄,仙波 美智代,1965年８月22日生,(注)４,135,百株
2004,昭和産業株式会社,2026-06-23,取締役 常務執行役員 コーポレート部門統轄,白井 潔,1969年11月30日生,(注)４,1,百株
2004,昭和産業株式会社,2026-06-23,取締役,三上 直子,1961年３月12日生,(注)４,19,百株
2004,昭和産業株式会社,2026-06-23,取締役,柄澤 彰,1960年１月19日生,(注)４,5,百株
2004,昭和産業株式会社,2026-06-23,取締役,平 真美,1962年２月20日生,(注)４,6,百株
2004,昭和産業株式会社,2026-06-23,取締役 (監査等委員),大柳 奨,1959年４月25日生,(注)５,226,百株
2004,昭和産業株式会社,2026-06-23,取締役 (監査等委員),手島 俊裕,1960年10月24日生,(注)５,15,百株
2004,昭和産業株式会社,2026-06-23,取締役 (監査等委員),菅生 譲二,1961年９月19日生,(注)５,5,百株
2009,鳥越製粉株式会社,2026-03-26,代表取締役 会長兼社長,鳥越 徹,1963年３月19日生,2025年３月から１年,447,千株
2009,鳥越製粉株式会社,2026-03-26,取締役副会長 製造本部管掌,高峰 和宏,1951年８月２日生,2025年３月から１年,37,千株
2009,鳥越製粉株式会社,2026-03-26,取締役常務 執行役員 管理本部長,中川 龍二三,1959年６月13日生,2025年３月から１年,40,千株
2009,鳥越製粉株式会社,2026-03-26,取締役常務 執行役員 研究開発本部長、 営業部管掌,阪東 一光,1960年10月２日生,2025年３月から１年,18,千株
2009,鳥越製粉株式会社,2026-03-26,取締役,倉富 純男,1953年８月13日生,2025年３月から１年,1,千株
2009,鳥越製粉株式会社,2026-03-26,取締役,酒見 俊夫,1953年２月27日生,2025年３月から１年,,千株
2009,鳥越製粉株式会社,2026-03-26,監査役 （常 勤）,渋田 隆伸,1953年５月４日生,2023年３月から４年,26,千株
2009,鳥越製粉株式会社,2026-03-26,監査役 （常 勤）,丸山 明,1954年10月５日生,2023年３月から４年,25,千株
2009,鳥越製粉株式会社,2026-03-26,監査役,岡崎 信介,1959年10月24日生,2023年３月から４年,,千株
2009,鳥越製粉株式会社,2026-03-26,監査役,中島 貴,1971年１月７日生,2023年３月から４年,,千株
2009,鳥越製粉株式会社,2026-03-26,代表取締役 会長兼社長,鳥越 徹,1963年３月19日生,2026年３月から１年,447,千株
2009,鳥越製粉株式会社,2026-03-26,取締役副会長 製造本部管掌,高峰 和宏,1951年８月２日生,2026年３月から１年,37,千株
2009,鳥越製粉株式会社,2026-03-26,取締役常務 執行役員 管理本部長,中川 龍二三,1959年６月13日生,2026年３月から１年,40,千株
2009,鳥越製粉株式会社,2026-03-26,取締役常務 執行役員 研究開発本部長、 営業部管掌,阪東 一光,1960年10月２日生,2026年３月から１年,18,千株
2009,鳥越製粉株式会社,2026-03-26,取締役,倉富 純男,1953年８月13日生,2026年３月から１年,1,千株
2009,鳥越製粉株式会社,2026-03-26,取締役,酒見 俊夫,1953年２月27日生,2026年３月から１年,,千株
2009,鳥越製粉株式会社,2026-03-26,監査役 （常 勤）,渋田 隆伸,1953年５月４日生,2023年３月から４年,26,千株
2009,鳥越製粉株式会社,2026-03-26,監査役 （常 勤）,丸山 明,1954年10月５日生,2023年３月から４年,25,千株
2009,鳥越製粉株式会社,2026-03-26,監査役,岡崎 信介,1959年10月24日生,2023年３月から４年,,千株
2009,鳥越製粉株式会社,2026-03-26,監査役,中島 貴,1971年１月７日生,2023年３月から４年,,千株
2053,中部飼料株式会社,2026-06-22,取締役社長 （代表取締役）,藤 田 京 一,1957年12月29日生,(注)４,72,千株
2053,中部飼料株式会社,2026-06-22,取締役副社長 事業本部長 管理本部長,伊 藤 敏 宏,1960年10月27日生,(注)４,14,千株
2053,中部飼料株式会社,2026-06-22,専務取締役 飼料本部長,全 屋 和 夫,1962年９月17日生,(注)４,14,千株
2053,中部飼料株式会社,2026-06-22,取締役相談役,平 野 晴 信,1972年１月25日生,(注)４,72,千株
2053,中部飼料株式会社,2026-06-22,取締役,亀 井 淳,1944年５月30日生,(注)４,,千株
2053,中部飼料株式会社,2026-06-22,取締役,柴 田 由 紀,1957年12月６日生,(注)４,,千株
2053,中部飼料株式会社,2026-06-22,取締役,束 村 博 子,1959年３月13日生,(注)４,,千株
2053,中部飼料株式会社,2026-06-22,常勤監査役,若 山 茂 樹,1965年４月３日生,(注)６,,千株
2053,中部飼料株式会社,2026-06-22,監査役,柴 垣 信 二,1953年12月24日生,(注)６,,千株
2053,中部飼料株式会社,2026-06-22,監査役,大 橋 英 之,1960年３月15日生,(注)５,,千株
2053,中部飼料株式会社,2026-06-22,監査役,茂 野 祥 子,1976年９月27日生,(注)６,,千株
2055,日和産業株式会社,2026-06-25,取締役社長 (代表取締役),中 橋 太一郎,1979年１月６日生,(注)２,24,千株
2055,日和産業株式会社,2026-06-25,取締役相談役,中 橋 正 敏,1945年12月６日生,(注)２,411,千株
2055,日和産業株式会社,2026-06-25,取締役 三原工場長,松 本 幸 久,1952年８月１日生,(注)２,3,千株
2055,日和産業株式会社,2026-06-25,取締役 管理本部長 総務部長,安 井 秀 夫,1956年３月14日生,(注)２,25,千株
2055,日和産業株式会社,2026-06-25,取締役 鹿児島工場長,東杢比野 敏,1961年11月17日生,(注)２,,千株
2055,日和産業株式会社,2026-06-25,取締役 監査等委員,脇 村 常 雄,1952年10月30日生,(注)３,211,千株
2055,日和産業株式会社,2026-06-25,取締役 監査等委員,河 崎 司 郎,1953年12月29日生,(注)３,,千株
2055,日和産業株式会社,2026-06-25,取締役 監査等委員,吉 田 憲 史,1972年11月13日生,(注)３,,千株
2058,株式会社ヒガシマル,2026-06-24,代表取締役 社長,東 勤,1951年12月12日生,(注)３,597,千株
2058,株式会社ヒガシマル,2026-06-24,取締役 副会長,東 紘一郎,1950年６月11日生,(注)３,160,千株
2058,株式会社ヒガシマル,2026-06-24,専務取締役,松久保 稔,1965年10月25日生,(注)３,18,千株
2058,株式会社ヒガシマル,2026-06-24,常務取締役,出来 正樹,1964年１月23日生,(注)３,10,千株
2058,株式会社ヒガシマル,2026-06-24,取締役,東 幸佑,1984年９月１日生,(注)３,6,千株
2058,株式会社ヒガシマル,2026-06-24,社外取締役,平原 彰子,1957年11月30日生,(注)３,,千株
2058,株式会社ヒガシマル,2026-06-24,取締役 （常勤監査等委員）,木通 昌生,1956年11月20日生,(注)４,1,千株
2058,株式会社ヒガシマル,2026-06-24,社外取締役 （監査等委員）,西 達也,1978年12月13日生,(注)４,,千株
2058,株式会社ヒガシマル,2026-06-24,社外取締役 （監査等委員）,樋口 勉,1957年８月18日生,(注)４,,千株
2058,株式会社ヒガシマル,2026-06-24,代表取締役 社長,東 勤,1951年12月12日生,(注)３,597,千株
2058,株式会社ヒガシマル,2026-06-24,専務取締役,松久保 稔,1965年10月25日生,(注)３,18,千株
2058,株式会社ヒガシマル,2026-06-24,常務取締役,出来 正樹,1964年１月23日生,(注)３,10,千株
2058,株式会社ヒガシマル,2026-06-24,取締役,東 幸佑,1984年９月１日生,(注)３,6,千株
2058,株式会社ヒガシマル,2026-06-24,社外取締役,平原 彰子,1957年11月30日生,(注)３,,千株
2058,株式会社ヒガシマル,2026-06-24,取締役 （常勤監査等委員）,木通 昌生,1956年11月20日生,(注)４,1,千株
2058,株式会社ヒガシマル,2026-06-24,社外取締役 （監査等委員）,西 達也,1978年12月13日生,(注)４,,千株
2058,株式会社ヒガシマル,2026-06-24,社外取締役 （監査等委員）,樋口 勉,1957年８月18日生,(注)４,,千株
205A,株式会社ロゴスホールディングス,2026-08-26,代表取締役社長,池田 雄一,1967年12月20日,（注）３,"503,574（注）６",株
205A,株式会社ロゴスホールディングス,2026-08-26,常務取締役 経理部部長,岩永 武也,1981年１月６日,（注）３,"40,006",株
205A,株式会社ロゴスホールディングス,2026-08-26,取締役 建築技術部部長,竹田 純,1977年３月28日,（注）３,"8,072",株
205A,株式会社ロゴスホールディングス,2026-08-26,取締役 営業部部長,平山 純太,1981年５月30日,（注）３,"3,632",株
205A,株式会社ロゴスホールディングス,2026-08-26,取締役,前田 耕一,1962年５月５日,（注）３,,株
205A,株式会社ロゴスホールディングス,2026-08-26,取締役,佐藤 眞紀世,1969年５月18日,（注）３,"1,800",株
205A,株式会社ロゴスホールディングス,2026-08-26,常勤監査役,野嶽 直樹,1960年１月17日,（注）４,"6,240",株
205A,株式会社ロゴスホールディングス,2026-08-26,監査役,竹川 博之,1955年11月21日,（注）４,"1,800",株
205A,株式会社ロゴスホールディングス,2026-08-26,監査役,清水 智,1971年12月２日,（注）４,"1,200",株
2060,フィード・ワン株式会社,2026-06-16,代表取締役 社長,庄司 英洋,1964年12月12日生,(注)３,"32,725",株
2060,フィード・ワン株式会社,2026-06-16,取締役 専務執行役員,窪田 和男,1965年１月９日生,(注)３,"21,817",株
2060,フィード・ワン株式会社,2026-06-16,取締役 専務執行役員,田代 義尚,1964年11月25日生,(注)３,"14,616",株
2060,フィード・ワン株式会社,2026-06-16,取締役 （注）１,久保田 紀久枝,1948年３月６日生,(注)３,"4,789",株
2060,フィード・ワン株式会社,2026-06-16,取締役 （注）１,辻 孝夫,1949年９月28日生,(注)３,"3,000",株
2060,フィード・ワン株式会社,2026-06-16,取締役 （注）１,半田 靖史,1956年10月29日生,(注)３,,株
2060,フィード・ワン株式会社,2026-06-16,取締役 （注）１,吉里 格,1967年４月28日生,(注)３,,株
2060,フィード・ワン株式会社,2026-06-16,取締役 監査等委員（常勤）,青山 徹,1961年９月16日生,(注)４,"7,258",株
2060,フィード・ワン株式会社,2026-06-16,取締役 監査等委員（非常勤） （注）２,後藤 敬三,1950年７月14日生,(注)４,"4,136",株
2060,フィード・ワン株式会社,2026-06-16,取締役 監査等委員（非常勤） （注）２,近田 直裕,1969年12月19日生,(注)４,"3,446",株
206A,株式会社ＰＲＩＳＭ　ＢｉｏＬａｂ,2025-12-24,代表取締役,竹原 大,1963年５月18日,(注)３,"1,170,400",株
206A,株式会社ＰＲＩＳＭ　ＢｉｏＬａｂ,2025-12-24,取締役 研究開発部長,朴 煕万,1969年４月10日,(注)３,,株
206A,株式会社ＰＲＩＳＭ　ＢｉｏＬａｂ,2025-12-24,取締役,古島 ひろみ,1970年９月17日,(注)３,,株
206A,株式会社ＰＲＩＳＭ　ＢｉｏＬａｂ,2025-12-24,常勤監査役,石黒 雄児,1957年11月14日,(注)４,,株
206A,株式会社ＰＲＩＳＭ　ＢｉｏＬａｂ,2025-12-24,監査役,田島 照久,1971年８月４日,(注)４,,株
206A,株式会社ＰＲＩＳＭ　ＢｉｏＬａｂ,2025-12-24,監査役,河田 喜一郎,1960年10月26日,(注)４,,株
206A,株式会社ＰＲＩＳＭ　ＢｉｏＬａｂ,2025-12-24,監査役,眞谷 俊誠,1960年４月６日,(注)４,,株
208A,株式会社構造計画研究所ホールディングス,2025-09-05,取締役,服部 正太,1956年５月16日生,（注）３,"810,300",株
208A,株式会社構造計画研究所ホールディングス,2025-09-05,取締役,渡邊 太門,1957年１月６日生,（注）３,"57,100",株
208A,株式会社構造計画研究所ホールディングス,2025-09-05,取締役,木村 香代子,1960年６月17日生,（注）３,"98,700",株
208A,株式会社構造計画研究所ホールディングス,2025-09-05,取締役,荒木 秀朗,1963年８月26日生,（注）３,"49,800",株
208A,株式会社構造計画研究所ホールディングス,2025-09-05,取締役,水野 哲博,1962年５月29日生,（注）３,"60,900",株
208A,株式会社構造計画研究所ホールディングス,2025-09-05,取締役 （社外取締役）,中込 秀樹,1941年６月25日生,（注）３,"7,200",株
208A,株式会社構造計画研究所ホールディングス,2025-09-05,取締役 （社外取締役）,本荘 修二,1964年３月17日生,（注）３,0,株
208A,株式会社構造計画研究所ホールディングス,2025-09-05,取締役 （社外取締役）,新宅 祐太郎,1955年９月19日生,（注）３,"11,300",株
208A,株式会社構造計画研究所ホールディングス,2025-09-05,取締役 （社外取締役）,加藤 嘉一,1956年１月16日生,（注）３,"7,900",株
208A,株式会社構造計画研究所ホールディングス,2025-09-05,取締役 （社外取締役）,根本 博史,1956年９月２日生,（注）３,"5,100",株
208A,株式会社構造計画研究所ホールディングス,2025-09-05,取締役 （社外取締役）,今泉 泰彦,1956年９月27日生,（注）３,100,株
208A,株式会社構造計画研究所ホールディングス,2025-09-05,代表執行役,服部 正太,1956年５月16日生,（注）,"810,300",株
208A,株式会社構造計画研究所ホールディングス,2025-09-05,執行役,木村 香代子,1960年６月17日生,（注）,"98,700",株
208A,株式会社構造計画研究所ホールディングス,2025-09-05,執行役,湯口 達夫,1965年７月17日生,（注）,"44,100",株
208A,株式会社構造計画研究所ホールディングス,2025-09-05,執行役,猿渡 青児,1965年８月25日生,（注）,"51,400",株
208A,株式会社構造計画研究所ホールディングス,2025-09-05,執行役,郭 献群,1962年５月27日生,（注）,"22,000",株
208A,株式会社構造計画研究所ホールディングス,2025-09-05,執行役,三井 英一,1966年４月22日生,(注),0,株
2108,日本甜菜製糖株式会社,2026-06-24,代表取締役 取締役社長 社長執行役員,石 栗 秀,1958年５月１日生,(注)３,"30,700",株
2108,日本甜菜製糖株式会社,2026-06-24,取締役 専務執行役員 札幌支社長 農務部門（農務部・農技開発部）管掌 農福連携担当,木 山 邦 樹,1957年８月７日生,(注)３,"20,800",株
2108,日本甜菜製糖株式会社,2026-06-24,取締役 常務執行役員 海外事業部・飼料事業部・紙筒事業部・農機開発センター管掌,寺 澤 秀 和,1959年６月25日生,(注)３,"15,700",株
2108,日本甜菜製糖株式会社,2026-06-24,取締役 上席執行役員 経営企画室長 財務企画室・法務室・ 管理部・IR担当,白 畑 康,1967年４月12日生,(注)４,"3,100",株
2108,日本甜菜製糖株式会社,2026-06-24,取締役,淺 羽 茂,1961年５月21日生,(注)３,"1,700",株
2108,日本甜菜製糖株式会社,2026-06-24,取締役,橋 本 秀 一,1956年５月１日生,(注)３,"2,000",株
2108,日本甜菜製糖株式会社,2026-06-24,取締役,中村 規代実,1968年10月31日生,(注)３,"1,000",株
2108,日本甜菜製糖株式会社,2026-06-24,常勤監査役,古 賀 啓,1963年10月６日生,(注)５,"4,500",株
2108,日本甜菜製糖株式会社,2026-06-24,常勤監査役,藤 崎 裕 之,1963年２月８日生,(注)５,"3,700",株
2108,日本甜菜製糖株式会社,2026-06-24,監査役,増 本 善 丈,1967年10月27日生,(注)５,"2,100",株
2108,日本甜菜製糖株式会社,2026-06-24,監査役,大 井 素 美,1977年２月27日生,(注)６,100,株
2108,日本甜菜製糖株式会社,2026-06-24,代表取締役 取締役社長,石 栗 秀,1958年５月１日生,(注)３,"30,700",株
2108,日本甜菜製糖株式会社,2026-06-24,取締役 専務執行役員 社長特命担当,木 山 邦 樹,1957年８月７日生,(注)３,"20,800",株
2108,日本甜菜製糖株式会社,2026-06-24,取締役 専務執行役員 海外事業部・飼料事業部・紙筒事業部・農機開発センター管掌,寺 澤 秀 和,1959年６月25日生,(注)３,"15,700",株
2108,日本甜菜製糖株式会社,2026-06-24,取締役 上席執行役員 経営企画室長 管理部長 財務企画室管掌 法務室・IR担当,白 畑 康,1967年４月12日生,(注)３,"3,100",株
2108,日本甜菜製糖株式会社,2026-06-24,取締役 上席執行役員 人事部長 内部統制・コンプライアンス・リスク管理推進室・経理部・品質保証部担当,伊 藤 政 貴,1970年４月28日生,(注)３,"1,900",株
2108,日本甜菜製糖株式会社,2026-06-24,取締役,橋 本 秀 一,1956年５月１日生,(注)３,"2,000",株
2108,日本甜菜製糖株式会社,2026-06-24,取締役,中村 規代実,1968年10月31日生,(注)３,"1,000",株
2108,日本甜菜製糖株式会社,2026-06-24,取締役,浅 見 裕 子,1972年１月５日生,(注)３,,株
2108,日本甜菜製糖株式会社,2026-06-24,常勤監査役,古 賀 啓,1963年10月６日生,(注)４,"4,500",株
2108,日本甜菜製糖株式会社,2026-06-24,常勤監査役,藤 崎 裕 之,1963年２月８日生,(注)４,"3,700",株
2108,日本甜菜製糖株式会社,2026-06-24,監査役,増 本 善 丈,1967年10月27日生,(注)４,"2,100",株
2108,日本甜菜製糖株式会社,2026-06-24,監査役,大 井 素 美,1977年２月27日生,(注)５,100,株
2109,ＤＭ三井製糖株式会社,2026-06-19,代表取締役社長CEO,森本 卓,1957年７月31日生,(注)３,"10,900",株
2109,ＤＭ三井製糖株式会社,2026-06-19,代表取締役 副社長執行役員CEO補佐、CBXO,中祖 一夫,1965年10月２日生,(注)３,400,株
2109,ＤＭ三井製糖株式会社,2026-06-19,代表取締役 専務執行役員CBO,津田 琢哉,1965年３月８日生,(注)３,"2,748",株
2109,ＤＭ三井製糖株式会社,2026-06-19,取締役 常務執行役員CFO,森 雅彦,1962年11月12日生,(注)３,"1,000",株
2109,ＤＭ三井製糖株式会社,2026-06-19,取締役,玉井 裕人,1958年２月２日生,(注)３,,株
2109,ＤＭ三井製糖株式会社,2026-06-19,取締役,下石川 哲,1971年９月29日生,(注)３,,株
2109,ＤＭ三井製糖株式会社,2026-06-19,取締役,長﨑 剛,1976年１月27日生,(注)３,,株
2109,ＤＭ三井製糖株式会社,2026-06-19,取締役 （監査等委員） ［常勤］,小塚 智広,1963年９月16日生,(注)４,"3,092",株
2109,ＤＭ三井製糖株式会社,2026-06-19,取締役 （監査等委員）,川村 雄介,1953年12月５日生,(注)４,,株
2109,ＤＭ三井製糖株式会社,2026-06-19,取締役 （監査等委員）,曽我辺 美保子,1969年12月10日生,(注)４,,株
2109,ＤＭ三井製糖株式会社,2026-06-19,取締役 （監査等委員）,千原 真衣子,1974年５月３日生,(注)４,,株
2109,ＤＭ三井製糖株式会社,2026-06-19,代表取締役社長CEO,森本 卓,1957年７月31日生,(注)３,"10,900",株
2109,ＤＭ三井製糖株式会社,2026-06-19,代表取締役 副社長執行役員CEO補佐、CBXO,中祖 一夫,1965年10月２日生,(注)３,400,株
2109,ＤＭ三井製糖株式会社,2026-06-19,代表取締役 専務執行役員CBO,津田 琢哉,1965年３月８日生,(注)３,"2,748",株
2109,ＤＭ三井製糖株式会社,2026-06-19,取締役 常務執行役員CFO,森 雅彦,1962年11月12日生,(注)３,"1,000",株
2109,ＤＭ三井製糖株式会社,2026-06-19,取締役,小竹 貴子,1972年９月６日生,(注)３,,株
2109,ＤＭ三井製糖株式会社,2026-06-19,取締役,下石川 哲,1971年９月29日生,(注)３,,株
2109,ＤＭ三井製糖株式会社,2026-06-19,取締役,武川 聡,1975年２月22日生,(注)３,,株
2109,ＤＭ三井製糖株式会社,2026-06-19,取締役 （監査等委員） ［常勤］,小塚 智広,1963年９月16日生,(注)４,"3,092",株
2109,ＤＭ三井製糖株式会社,2026-06-19,取締役 （監査等委員）,曽我辺 美保子,1969年12月10日生,(注)４,,株
2109,ＤＭ三井製糖株式会社,2026-06-19,取締役 （監査等委員）,千原 真衣子,1974年５月３日生,(注)４,,株
2109,ＤＭ三井製糖株式会社,2026-06-19,取締役 （監査等委員）,玉井 裕人,1958年２月２日生,(注)４,,株
2112,塩水港精糖株式会社,2026-06-25,代表取締役会長,久野 修慈,1936年１月22日生,(注)３,"69,331",株
2112,塩水港精糖株式会社,2026-06-25,代表取締役社長,木村 成克,1971年８月15日生,(注)４,"132,000",株
2112,塩水港精糖株式会社,2026-06-25,専務取締役,酒井 英喜,1964年１月17日生,(注)４,"40,100",株
2112,塩水港精糖株式会社,2026-06-25,常務取締役,波多野 雅,1966年12月５日生,(注)４,"46,000",株
2112,塩水港精糖株式会社,2026-06-25,常務取締役,伊藤 哲也,1968年１月９日生,(注)４,"52,441",株
2112,塩水港精糖株式会社,2026-06-25,常務取締役,小田 俊一,1970年１月10日生,(注)４,"50,803",株
2112,塩水港精糖株式会社,2026-06-25,常務取締役,田畑 貴史,1965年４月20日生,(注)３,"16,439",株
2112,塩水港精糖株式会社,2026-06-25,取締役,杉山 拓也,1970年２月25日生,(注)３,"35,800",株
2112,塩水港精糖株式会社,2026-06-25,取締役,和田守 真,1968年８月19日生,(注)４,"36,913",株
2112,塩水港精糖株式会社,2026-06-25,取締役,濱保 健一,1967年７月２日生,(注)３,"26,257",株
2112,塩水港精糖株式会社,2026-06-25,取締役,赤星 礼子,1973年12月２日生,(注)４,"9,742",株
2112,塩水港精糖株式会社,2026-06-25,取締役,三和 彦幸,1946年７月28日生,(注)４,,株
2112,塩水港精糖株式会社,2026-06-25,取締役,加藤 敦広,1966年２月９日生,(注)４,,株
2112,塩水港精糖株式会社,2026-06-25,取締役,阿部 奈美,1964年１月21日生,(注)４,,株
2112,塩水港精糖株式会社,2026-06-25,常勤監査役,山下 裕司,1951年３月22日生,(注)７,"34,475",株
2112,塩水港精糖株式会社,2026-06-25,監査役,渡部 以光,1956年３月１日生,(注)６,,株
2112,塩水港精糖株式会社,2026-06-25,監査役,金澤 賢一,1971年10月25日生,(注)５,,株
2112,塩水港精糖株式会社,2026-06-25,代表取締役会長,久野 修慈,1936年１月22日生,(注)３,"69,331",株
2112,塩水港精糖株式会社,2026-06-25,代表取締役社長,木村 成克,1971年８月15日生,(注)４,"132,000",株
2112,塩水港精糖株式会社,2026-06-25,専務取締役,酒井 英喜,1964年１月17日生,(注)４,"40,100",株
2112,塩水港精糖株式会社,2026-06-25,常務取締役,波多野 雅,1966年12月５日生,(注)４,"46,000",株
2112,塩水港精糖株式会社,2026-06-25,常務取締役,伊藤 哲也,1968年１月９日生,(注)４,"52,441",株
2112,塩水港精糖株式会社,2026-06-25,常務取締役,小田 俊一,1970年１月10日生,(注)４,"50,803",株
2112,塩水港精糖株式会社,2026-06-25,常務取締役,田畑 貴史,1965年４月20日生,(注)３,"16,439",株
2112,塩水港精糖株式会社,2026-06-25,取締役,杉山 拓也,1970年２月25日生,(注)３,"35,800",株
2112,塩水港精糖株式会社,2026-06-25,取締役,和田守 真,1968年８月19日生,(注)４,"36,913",株
2112,塩水港精糖株式会社,2026-06-25,取締役,濱保 健一,1967年７月２日生,(注)３,"26,257",株
2112,塩水港精糖株式会社,2026-06-25,取締役,赤星 礼子,1973年12月２日生,(注)４,"9,742",株
2112,塩水港精糖株式会社,2026-06-25,取締役,三和 彦幸,1946年７月28日生,(注)４,,株
2112,塩水港精糖株式会社,2026-06-25,取締役,伊藤 明,1963年１月21日生,(注)３,,株
2112,塩水港精糖株式会社,2026-06-25,取締役,阿部 奈美,1964年１月21日生,(注)４,,株
2112,塩水港精糖株式会社,2026-06-25,常勤監査役,山下 裕司,1951年３月22日生,(注)７,"34,475",株
2112,塩水港精糖株式会社,2026-06-25,監査役,渡部 以光,1956年３月１日生,(注)６,,株
2112,塩水港精糖株式会社,2026-06-25,監査役,金澤 賢一,1971年10月25日生,(注)５,,株
2114,フジ日本株式会社,2026-06-22,代表取締役 社長,曾 我 英 俊,1959年３月15日,1,10,千株
2114,フジ日本株式会社,2026-06-22,取締役,谷 津 裕 司,1969年１月13日,1,10,千株
2114,フジ日本株式会社,2026-06-22,取締役,髙 橋 明 彦,1955年１月26日,1,,千株
2114,フジ日本株式会社,2026-06-22,取締役,埴 原 正 和,1964年３月３日,1,,千株
2114,フジ日本株式会社,2026-06-22,取締役,大 越 いづみ,1964年４月29日,1,,千株
2114,フジ日本株式会社,2026-06-22,監査役 常勤,梶 田 伸 哉,1959年５月５日,4,8,千株
2114,フジ日本株式会社,2026-06-22,監査役,藤 田 世 潤,1954年３月25日,4,,千株
2114,フジ日本株式会社,2026-06-22,監査役,二 宮 照 興,1960年６月３日,4,,千株
2114,フジ日本株式会社,2026-06-22,代表取締役 社長,曾 我 英 俊,1959年３月15日,1,10,千株
2114,フジ日本株式会社,2026-06-22,取締役,谷 津 裕 司,1969年１月13日,1,10,千株
2114,フジ日本株式会社,2026-06-22,取締役,髙 橋 明 彦,1955年１月26日,1,,千株
2114,フジ日本株式会社,2026-06-22,取締役,大 越 いづみ,1964年４月29日,1,,千株
2114,フジ日本株式会社,2026-06-22,取締役,須 藤 拓 也,1973年９月８日,1,,千株
2114,フジ日本株式会社,2026-06-22,監査役 常勤,梶 田 伸 哉,1959年５月５日,4,8,千株
2114,フジ日本株式会社,2026-06-22,監査役,二 宮 照 興,1960年６月３日,4,,千株
2114,フジ日本株式会社,2026-06-22,監査役,服 部 一 利,1967年３月５日,4,,千株
2117,ウェルネオシュガー株式会社,2026-06-24,代表取締役会長,仲 野 真 司,1960年12月１日生,（注）３,27,百株
2117,ウェルネオシュガー株式会社,2026-06-24,代表取締役社長,山 本 貢 司,1966年９月８日生,（注）３,23,百株
2117,ウェルネオシュガー株式会社,2026-06-24,取締役 常務執行役員,小 西 正 人,1964年10月15日生,（注）３,,百株
2117,ウェルネオシュガー株式会社,2026-06-24,取締役 執行役員,伊 藤 成 人,1965年11月20日生,（注）３,5,百株
2117,ウェルネオシュガー株式会社,2026-06-24,取締役,飯 塚 佳都子,1964年12月24日生,（注）３,,百株
2117,ウェルネオシュガー株式会社,2026-06-24,取締役,藤 原 浩,1957年９月９日生,（注）３,,百株
2117,ウェルネオシュガー株式会社,2026-06-24,取締役,山 東 理 二,1957年10月21日生,（注）３,2,百株
2117,ウェルネオシュガー株式会社,2026-06-24,取締役,南 勝 之,1970年12月26日生,（注）３,,百株
2117,ウェルネオシュガー株式会社,2026-06-24,取締役,太 田 晋 二,1975年９月19日生,（注）３,,百株
2117,ウェルネオシュガー株式会社,2026-06-24,常勤監査役,今 井 秀 明,1966年９月24日生,（注）４,,百株
2117,ウェルネオシュガー株式会社,2026-06-24,常勤監査役,浅 岡 香保里,1964年３月22日生,（注）３,2,百株
2117,ウェルネオシュガー株式会社,2026-06-24,監査役,和 田 正 夫,1951年10月２日生,（注）４,,百株
2117,ウェルネオシュガー株式会社,2026-06-24,監査役,成 瀬 圭珠子,1962年11月４日生,（注）４,,百株
2117,ウェルネオシュガー株式会社,2026-06-24,代表取締役会長,仲 野 真 司,1960年12月１日生,（注）３,27,百株
2117,ウェルネオシュガー株式会社,2026-06-24,代表取締役社長,山 本 貢 司,1966年９月８日生,（注）３,23,百株
2117,ウェルネオシュガー株式会社,2026-06-24,取締役 常務執行役員,小 西 正 人,1964年10月15日生,（注）３,,百株
2117,ウェルネオシュガー株式会社,2026-06-24,取締役 執行役員,伊 藤 成 人,1965年11月20日生,（注）３,5,百株
2117,ウェルネオシュガー株式会社,2026-06-24,取締役,飯 塚 佳都子,1964年12月24日生,（注）３,,百株
2117,ウェルネオシュガー株式会社,2026-06-24,取締役,藤 原 浩,1957年９月９日生,（注）３,,百株
2117,ウェルネオシュガー株式会社,2026-06-24,取締役,山 東 理 二,1957年10月21日生,（注）３,2,百株
2117,ウェルネオシュガー株式会社,2026-06-24,取締役,南 勝 之,1970年12月26日生,（注）３,,百株
2117,ウェルネオシュガー株式会社,2026-06-24,取締役,渡 邉 篤,1974年２月７日生,（注）４,,百株
2117,ウェルネオシュガー株式会社,2026-06-24,常勤監査役,今 井 秀 明,1966年９月24日生,（注）５,,百株
2117,ウェルネオシュガー株式会社,2026-06-24,常勤監査役,浅 岡 香保里,1964年３月22日生,（注）３,2,百株
2117,ウェルネオシュガー株式会社,2026-06-24,監査役,和 田 正 夫,1951年10月２日生,（注）５,,百株
2117,ウェルネオシュガー株式会社,2026-06-24,監査役,成 瀬 圭珠子,1962年11月４日生,（注）５,,百株
211A,株式会社カドス・コーポレーション,2025-10-21,代表取締役会長,杉田 茂樹,1955年12月13日,(注)3,"429,800",株
211A,株式会社カドス・コーポレーション,2025-10-21,代表取締役社長,工藤 博丈,1970年 8月10日,(注)3,"15,000",株
211A,株式会社カドス・コーポレーション,2025-10-21,取締役経営企画室長,那須 聖,1971年 1月24日,(注)3,"1,500",株
211A,株式会社カドス・コーポレーション,2025-10-21,取締役,稲葉 和彦,1960年 5月 6日,(注)3,,株
211A,株式会社カドス・コーポレーション,2025-10-21,取締役,古賀 純子 (戸籍上の氏名：釘宮 純子),1982年 6月17日,(注)3,,株
211A,株式会社カドス・コーポレーション,2025-10-21,常勤監査役,安江 隆一,1956年 9月24日,(注)4,,株
211A,株式会社カドス・コーポレーション,2025-10-21,監査役,藤浦 敏明,1971年 5月 8日,(注)4,,株
211A,株式会社カドス・コーポレーション,2025-10-21,監査役,木下 結香子 (戸籍上の氏名:田村 結香子),1986年 9月27日,(注)4,,株
211A,株式会社カドス・コーポレーション,2025-10-21,代表取締役会長,杉田 茂樹,1955年12月13日,(注)2,"429,800",株
211A,株式会社カドス・コーポレーション,2025-10-21,代表取締役社長,工藤 博丈,1970年 8月10日,(注)2,"15,000",株
211A,株式会社カドス・コーポレーション,2025-10-21,取締役経営企画室長,那須 聖,1971年 1月24日,(注)2,"1,500",株
211A,株式会社カドス・コーポレーション,2025-10-21,取締役工事部長,円道 正仁,1960年 7月24日,(注)2,,株
211A,株式会社カドス・コーポレーション,2025-10-21,取締役不動産営業部長,德田 哲夫,1974年 8月 1日,(注)2,"4,500",株
211A,株式会社カドス・コーポレーション,2025-10-21,社外取締役 監査等委員,安江 隆一,1956年 9月24日,(注)3,,株
211A,株式会社カドス・コーポレーション,2025-10-21,社外取締役 監査等委員,藤浦 敏明,1971年 5月 8日,(注)3,,株
211A,株式会社カドス・コーポレーション,2025-10-21,社外取締役 監査等委員,木下 結香子 (戸籍上の氏名:田村 結香子),1986年 9月27日,(注)3,,株
211A,株式会社カドス・コーポレーション,2025-10-21,社外取締役 監査等委員,古賀 純子 (戸籍上の氏名：釘宮 純子),1982年 6月17日,(注)3,,株
2120,株式会社ＬＩＦＵＬＬ,2025-12-22,代表取締役会長,井 上 高 志,1968年11月23日生,2024年 12月 ～ 2026年 12月,"42,524,423",株
2120,株式会社ＬＩＦＵＬＬ,2025-12-22,代表取締役 社長執行役員,伊 東 祐 司,1982年11月19日生,2024年 12月 ～ 2026年 12月,"1,531,941",株
2120,株式会社ＬＩＦＵＬＬ,2025-12-22,取締役,宍 戸 潔,1956年12月24日生,2024年 12月 ～ 2026年 12月,"45,825",株
2120,株式会社ＬＩＦＵＬＬ,2025-12-22,取締役,清 水 哲 朗,1967年10月11日生,2024年 12月 ～ 2026年 12月,"54,361",株
2120,株式会社ＬＩＦＵＬＬ,2025-12-22,取締役,小 林 正 忠,1971年６月８日生,2024年 12月 ～ 2026年 12月,,株
2120,株式会社ＬＩＦＵＬＬ,2025-12-22,取締役,中 尾 隆 一 郎,1964年５月15日生,2024年 12月 ～ 2026年 12月,,株
2120,株式会社ＬＩＦＵＬＬ,2025-12-22,取締役,大 久 保 和 孝,1973年３月22日生,2024年 12月 ～ 2026年 12月,"18,200",株
2120,株式会社ＬＩＦＵＬＬ,2025-12-22,取締役,木 村 尚 敬,1968年７月８日生,2024年 12月 ～ 2026年 12月,,株
2120,株式会社ＬＩＦＵＬＬ,2025-12-22,取締役,中 村 公 美,1970年７月４日生,2024年 12月 ～ 2026年 12月,500,株
2120,株式会社ＬＩＦＵＬＬ,2025-12-22,常勤監査役,大 隅 祥 子,1972年８月８日生,2024年 12月 ～ 2028年 12月,"8,700",株
2120,株式会社ＬＩＦＵＬＬ,2025-12-22,監査役,松 嶋 希 会,1975年８月２日生,2024年 12月 ～ 2028年 12月,,株
2120,株式会社ＬＩＦＵＬＬ,2025-12-22,監査役,西垣 淳,1961年９月30日生,2024年 12月 ～ 2028年 12月,"7,300",株
2120,株式会社ＬＩＦＵＬＬ,2025-12-22,監査役,ロケット和佳子,1966年１月19日生,2024年 12月 ～ 2028年 12月,200,株
2121,株式会社ＭＩＸＩ,2026-06-19,代表取締役社長 上級執行役員,木村 弘毅,1975年12月９日生,(注)４,"1,421,381",株
2121,株式会社ＭＩＸＩ,2026-06-19,取締役 上級執行役員,島村 恒平,1981年６月13日生,(注)４,"108,308",株
2121,株式会社ＭＩＸＩ,2026-06-19,取締役 上級執行役員,村瀨 龍馬,1985年９月13日生,(注)４,"364,810",株
2121,株式会社ＭＩＸＩ,2026-06-19,取締役 ファウンダー 上級執行役員 Vantageスタジオ 本部長,笠原 健治,1975年12月６日生,(注)４,"32,521,900(注)７",株
2121,株式会社ＭＩＸＩ,2026-06-19,取締役,藤田 明久,1965年11月17日生,(注)４,817,株
2121,株式会社ＭＩＸＩ,2026-06-19,取締役,渡瀬 ひろみ,1964年11月14日生,(注)４,408,株
2121,株式会社ＭＩＸＩ,2026-06-19,取締役,河合 俊明,1959年11月１日生,(注)４,349,株
2121,株式会社ＭＩＸＩ,2026-06-19,監査役 （常勤）,西村 裕一郎,1957年８月29日生,(注)５,,株
2121,株式会社ＭＩＸＩ,2026-06-19,監査役,上田 望美,1974年２月19日生,(注)５,,株
2121,株式会社ＭＩＸＩ,2026-06-19,監査役,髙山 清子,1975年２月６日生,(注)６,,株
2121,株式会社ＭＩＸＩ,2026-06-19,代表取締役社長 上級執行役員,木村 弘毅,1975年12月９日生,(注)４,"1,421,381",株
2121,株式会社ＭＩＸＩ,2026-06-19,取締役 上級執行役員,島村 恒平,1981年６月13日生,(注)４,"108,308",株
2121,株式会社ＭＩＸＩ,2026-06-19,取締役 上級執行役員,村瀨 龍馬,1985年９月13日生,(注)４,"364,810",株
2121,株式会社ＭＩＸＩ,2026-06-19,取締役 ファウンダー 上級執行役員 Vantageスタジオ 本部長,笠原 健治,1975年12月６日生,(注)４,"32,521,900(注)８",株
2121,株式会社ＭＩＸＩ,2026-06-19,取締役,藤田 明久,1965年11月17日生,(注)４,817,株
2121,株式会社ＭＩＸＩ,2026-06-19,取締役,渡瀬 ひろみ,1964年11月14日生,(注)４,408,株
2121,株式会社ＭＩＸＩ,2026-06-19,取締役,河合 俊明,1959年11月１日生,(注)４,349,株
2121,株式会社ＭＩＸＩ,2026-06-19,監査役 （常勤）,西村 裕一郎,1957年８月29日生,(注)５,,株
2121,株式会社ＭＩＸＩ,2026-06-19,監査役,上田 望美,1974年２月19日生,(注)５,,株
2121,株式会社ＭＩＸＩ,2026-06-19,監査役,髙山 清子,1975年２月６日生,(注)６,,株
2121,株式会社ＭＩＸＩ,2026-06-19,監査役,平尾 智是,1965年11月８日生,(注)７,,株
2122,株式会社インタースペース,2025-12-22,代表取締役 執行役員社長 パフォーマンスマーケティング 事業担当,河端 伸一郎,1970年10月16日生,(注)1,"2,933,200",株
2122,株式会社インタースペース,2025-12-22,取締役 上席執行役員 メディア事業 担当兼グループアライアンス 担当,尾久 一也,1974年９月６日生,(注)1,"33,000",株
2122,株式会社インタースペース,2025-12-22,取締役 上席執行役員 グループＣＦＯ,岩渕 桂太,1981年３月26日生,(注)1,"4,000",株
2122,株式会社インタースペース,2025-12-22,取締役,半田 勝彦,1972年５月９日生,(注)1,0,株
2122,株式会社インタースペース,2025-12-22,取締役 監査等 委員 （常勤）,後藤 祥代,1985年10月１日生,(注)2,0,株
2122,株式会社インタースペース,2025-12-22,取締役 監査等 委員,石久保 善之,1957年１月17日生,(注)2,200,株
2122,株式会社インタースペース,2025-12-22,取締役 監査等 委員,吉富 純一,1963年６月15日生,(注)2,0,株
2124,株式会社ジェイエイシーリクルートメント,2026-03-26,取締役会長兼社長 (代表取締役),田 崎 ひろみ,1950年12月23日生,(注)２,"20,718",千株
2124,株式会社ジェイエイシーリクルートメント,2026-03-26,取締役 最高顧問,田 崎 忠 良,1943年７月16日生,(注)２,"32,711",千株
2124,株式会社ジェイエイシーリクルートメント,2026-03-26,常務取締役 事業本部長,山 田 広 記,1973年５月11日生,(注)２,196,千株
2124,株式会社ジェイエイシーリクルートメント,2026-03-26,取締役 海外事業本部長,スティーブン・ ブランデル (Stephen Blundell),1960年11月９日生,(注)２,20,千株
2124,株式会社ジェイエイシーリクルートメント,2026-03-26,取締役,加 瀬 豊,1947年２月19日生,(注)２,,千株
2124,株式会社ジェイエイシーリクルートメント,2026-03-26,取締役,ギュンター・ ツォーン (Günter Zorn),1953年３月23日生,(注)２,,千株
2124,株式会社ジェイエイシーリクルートメント,2026-03-26,取締役,中井戸 信英,1946年11月１日生,(注)２,,千株
2124,株式会社ジェイエイシーリクルートメント,2026-03-26,取締役,豊 田 明 子,1968年12月27日生,(注)２,,千株
2124,株式会社ジェイエイシーリクルートメント,2026-03-26,取締役 (常勤監査等委員),向 山 俊 明,1967年11月16日生,(注)３,,千株
2124,株式会社ジェイエイシーリクルートメント,2026-03-26,取締役 (監査等委員),中 村 閑,1980年８月16日生,(注)３,,千株
2124,株式会社ジェイエイシーリクルートメント,2026-03-26,取締役 (監査等委員),小 沢 直 靖,1964年４月2日生,(注)３,,千株
2127,株式会社日本Ｍ＆Ａセンターホールディングス,2026-06-22,代表取締役 社長,三宅 卓,1952年１月18日生,(注)３,"20,890,783",株
2127,株式会社日本Ｍ＆Ａセンターホールディングス,2026-06-22,取締役副社長,楢木 孝麿,1962年10月15日生,(注)３,"1,043,479",株
2127,株式会社日本Ｍ＆Ａセンターホールディングス,2026-06-22,専務取締役,大槻 昌彦,1970年７月23日生,(注)３,"66,744",株
2127,株式会社日本Ｍ＆Ａセンターホールディングス,2026-06-22,専務取締役,竹内 直樹,1978年２月11日生,(注)３,"254,529",株
2127,株式会社日本Ｍ＆Ａセンターホールディングス,2026-06-22,取締役,武田 安央,1966年４月７日生,(注)３,"96,963",株
2127,株式会社日本Ｍ＆Ａセンターホールディングス,2026-06-22,取締役,森 時彦,1952年７月17日生,(注)３,"11,400",株
2127,株式会社日本Ｍ＆Ａセンターホールディングス,2026-06-22,取締役,竹内 美奈子,1961年１月17日生,(注)３,"2,970",株
2127,株式会社日本Ｍ＆Ａセンターホールディングス,2026-06-22,取締役,錦戸 景一,1953年５月２日生,(注)３,"40,000",株
2127,株式会社日本Ｍ＆Ａセンターホールディングス,2026-06-22,取締役,清水 喬雄,1957年３月10日生,(注)３,,株
2127,株式会社日本Ｍ＆Ａセンターホールディングス,2026-06-22,取締役,小林 慎和,1975年８月８日生,(注)３,953,株
2127,株式会社日本Ｍ＆Ａセンターホールディングス,2026-06-22,取締役 (監査等委員),山田 善則,1946年５月22日生,(注)４,"2,970",株
2127,株式会社日本Ｍ＆Ａセンターホールディングス,2026-06-22,取締役 (監査等委員),松永 貴之,1981年４月６日生,(注)４,,株
2127,株式会社日本Ｍ＆Ａセンターホールディングス,2026-06-22,取締役 (監査等委員),阿部 美寿穂,1975年１月27日生,(注)４、５,,株
212A,フィットイージー株式会社,2026-01-29,代表取締役社長,國江 仙嗣,1964年11月20日生,（注）４,"8,927,200 （注）６",株
212A,フィットイージー株式会社,2026-01-29,取締役副社長,中森 勇樹,1974年４月12日生,（注）４,"219,330",株
212A,フィットイージー株式会社,2026-01-29,常務取締役 経営管理本部長,藤原 祐次,1968年７月27日生,（注）４,,株
212A,フィットイージー株式会社,2026-01-29,常務取締役 営業統括本部長,守田 拓記,1988年11月29日生,（注）４,"63,530",株
212A,フィットイージー株式会社,2026-01-29,取締役 経営企画本部長,國江 紀久,1974年４月12日生,（注）４,"200,000",株
212A,フィットイージー株式会社,2026-01-29,取締役,新谷 永,1953年３月25日生,（注）４,,株
212A,フィットイージー株式会社,2026-01-29,取締役,星野 秀人,1957年９月４日生,（注）４,,株
212A,フィットイージー株式会社,2026-01-29,取締役,松浦 陽司,1954年１月６日生,（注）４,,株
212A,フィットイージー株式会社,2026-01-29,取締役,森口 祐子,1955年４月13日生,（注）４,,株
212A,フィットイージー株式会社,2026-01-29,常勤監査役,小倉 規良,1955年４月20日生,（注）５,,株
212A,フィットイージー株式会社,2026-01-29,監査役,永江 亘,1981年11月17日生,（注）５,,株
212A,フィットイージー株式会社,2026-01-29,監査役,水越 洋貴,1977年９月８日生,（注）５,,株
212A,フィットイージー株式会社,2026-01-29,代表取締役社長,國江 仙嗣,1964年11月20日生,（注）４,"8,927,200 （注）６",株
212A,フィットイージー株式会社,2026-01-29,取締役副社長,中森 勇樹,1974年４月12日生,（注）４,"219,330",株
212A,フィットイージー株式会社,2026-01-29,常務取締役 経営管理本部長,藤原 祐次,1968年７月27日生,（注）４,,株
212A,フィットイージー株式会社,2026-01-29,常務取締役 営業統括本部長,守田 拓記,1988年11月29日生,（注）４,"63,530",株
212A,フィットイージー株式会社,2026-01-29,取締役 経営企画本部長,國江 紀久,1974年４月12日生,（注）４,"200,000",株
212A,フィットイージー株式会社,2026-01-29,取締役,新谷 永,1953年３月25日生,（注）４,,株
212A,フィットイージー株式会社,2026-01-29,取締役,星野 秀人,1957年９月４日生,（注）４,,株
212A,フィットイージー株式会社,2026-01-29,取締役,松浦 陽司,1954年１月６日生,（注）４,,株
212A,フィットイージー株式会社,2026-01-29,取締役,森口 祐子,1955年４月13日生,（注）４,,株
212A,フィットイージー株式会社,2026-01-29,取締役,後藤 達也,1959年８月26日生,（注）４,,株
212A,フィットイージー株式会社,2026-01-29,常勤監査役,小倉 規良,1955年４月20日生,（注）５,,株
212A,フィットイージー株式会社,2026-01-29,監査役,永江 亘,1981年11月17日生,（注）５,,株
212A,フィットイージー株式会社,2026-01-29,監査役,水越 洋貴,1977年９月８日生,（注）５,,株
2130,株式会社メンバーズ,2026-06-18,代表取締役 兼 社長執行役員,髙野 明彦,1975年５月31日生,(注)３,"277,662",株
2130,株式会社メンバーズ,2026-06-18,取締役,剣持 忠,1965年９月28日生,(注)３,"2,881,873",株
2130,株式会社メンバーズ,2026-06-18,取締役 (監査等委員・常勤) (注)１,奥村 武博,1979年７月17日生,(注)４,400,株
2130,株式会社メンバーズ,2026-06-18,取締役 (監査等委員) (注)１,安岡 美佳,1977年８月19日生,(注)４,"3,900",株
2130,株式会社メンバーズ,2026-06-18,取締役 (監査等委員) (注)１,三宅 香,1968年７月19日生,(注)４,700,株
2130,株式会社メンバーズ,2026-06-18,取締役 (監査等委員) (注)１,福士 博司,1958年４月25日生,(注)４,100,株
2130,株式会社メンバーズ,2026-06-18,取締役 (監査等委員) (注)１,池照 直樹,1968年８月８日生,(注)４,200,株
2134,北浜キャピタルパートナーズ株式会社,2026-06-30,代表取締役会長,前 田 健 晴,1964年６月21日生,(注３),"2,955,900",株
2134,北浜キャピタルパートナーズ株式会社,2026-06-30,代表取締役会長,取締役とした理由前田健晴氏は、創業時から代表取締役社長及び取締役会長としての任務を通じて、当社グループの事業活動に関し、豊富な経験と高度な知識を有しています。当社事業への理解及びその高い専門性を活かしていただけると判断し、引き続き、取締役といたしました。,取締役とした理由前田健晴氏は、創業時から代表取締役社長及び取締役会長としての任務を通じて、当社グループの事業活動に関し、豊富な経験と高度な知識を有しています。当社事業への理解及びその高い専門性を活かしていただけると判断し、引き続き、取締役といたしました。,取締役とした理由前田健晴氏は、創業時から代表取締役社長及び取締役会長としての任務を通じて、当社グループの事業活動に関し、豊富な経験と高度な知識を有しています。当社事業への理解及びその高い専門性を活かしていただけると判断し、引き続き、取締役といたしました。,取締役とした理由前田健晴氏は、創業時から代表取締役社長及び取締役会長としての任務を通じて、当社グループの事業活動に関し、豊富な経験と高度な知識を有しています。当社事業への理解及びその高い専門性を活かしていただけると判断し、引き続き、取締役といたしました。,株
2134,北浜キャピタルパートナーズ株式会社,2026-06-30,代表取締役社長,平 岡 佳 明,1968年１月25日生,(注３),"1,581,000",株
2134,北浜キャピタルパートナーズ株式会社,2026-06-30,代表取締役社長,取締役とした理由平岡佳明氏は、観光産業を中心とした経歴を持ち、インバウンド・地域創生に関する高い専門性を有していることから、当社事業への理解及びその高い専門性を活かしていただけると判断し、取締役といたしました。,取締役とした理由平岡佳明氏は、観光産業を中心とした経歴を持ち、インバウンド・地域創生に関する高い専門性を有していることから、当社事業への理解及びその高い専門性を活かしていただけると判断し、取締役といたしました。,取締役とした理由平岡佳明氏は、観光産業を中心とした経歴を持ち、インバウンド・地域創生に関する高い専門性を有していることから、当社事業への理解及びその高い専門性を活かしていただけると判断し、取締役といたしました。,取締役とした理由平岡佳明氏は、観光産業を中心とした経歴を持ち、インバウンド・地域創生に関する高い専門性を有していることから、当社事業への理解及びその高い専門性を活かしていただけると判断し、取締役といたしました。,株
2134,北浜キャピタルパートナーズ株式会社,2026-06-30,取締役副社長,佐 藤 哲 寛,1968年1月28日生,(注３),"1,210,000",株
2134,北浜キャピタルパートナーズ株式会社,2026-06-30,取締役副社長,取締役とした理由佐藤哲寛氏は、財務・経理等の管理部門を中心とした経歴を持ち、当社の創業期に財務担当取締役を務めるなど、財務、税務及び会計に関する高い専門性を有していることから、当社事業への理解及びその高い専門性を活かしていただけると判断し、引き続き、取締役といたしました。,取締役とした理由佐藤哲寛氏は、財務・経理等の管理部門を中心とした経歴を持ち、当社の創業期に財務担当取締役を務めるなど、財務、税務及び会計に関する高い専門性を有していることから、当社事業への理解及びその高い専門性を活かしていただけると判断し、引き続き、取締役といたしました。,取締役とした理由佐藤哲寛氏は、財務・経理等の管理部門を中心とした経歴を持ち、当社の創業期に財務担当取締役を務めるなど、財務、税務及び会計に関する高い専門性を有していることから、当社事業への理解及びその高い専門性を活かしていただけると判断し、引き続き、取締役といたしました。,取締役とした理由佐藤哲寛氏は、財務・経理等の管理部門を中心とした経歴を持ち、当社の創業期に財務担当取締役を務めるなど、財務、税務及び会計に関する高い専門性を有していることから、当社事業への理解及びその高い専門性を活かしていただけると判断し、引き続き、取締役といたしました。,株
2134,北浜キャピタルパートナーズ株式会社,2026-06-30,取締役副社長,児 玉 舟,1969年2月2日生,(注３),"1,210,000",株
2134,北浜キャピタルパートナーズ株式会社,2026-06-30,取締役副社長,取締役とした理由児玉舟氏は、不動産業を中心とした経歴を持ち、不動産開発やホテル運営に関する高い専門性を有していることから、当社事業への理解及びその高い専門性を活かしていただけると判断し、取締役といたしました。,取締役とした理由児玉舟氏は、不動産業を中心とした経歴を持ち、不動産開発やホテル運営に関する高い専門性を有していることから、当社事業への理解及びその高い専門性を活かしていただけると判断し、取締役といたしました。,取締役とした理由児玉舟氏は、不動産業を中心とした経歴を持ち、不動産開発やホテル運営に関する高い専門性を有していることから、当社事業への理解及びその高い専門性を活かしていただけると判断し、取締役といたしました。,取締役とした理由児玉舟氏は、不動産業を中心とした経歴を持ち、不動産開発やホテル運営に関する高い専門性を有していることから、当社事業への理解及びその高い専門性を活かしていただけると判断し、取締役といたしました。,株
2134,北浜キャピタルパートナーズ株式会社,2026-06-30,取締役 管理本部長,柏 木 剛,1970年７月16日生,(注３),,株
2134,北浜キャピタルパートナーズ株式会社,2026-06-30,取締役 管理本部長,取締役とした理由柏木剛氏は、会社経営者としての経験が豊富であること、また、金融機関や金融業界関連団体に長年勤務した経験があり、財務、会計及びコンプライアンスに関する十分な知見を有していることから、当社事業への理解及びその高い専門性を活かしていただけると判断し、取締役といたしました。,取締役とした理由柏木剛氏は、会社経営者としての経験が豊富であること、また、金融機関や金融業界関連団体に長年勤務した経験があり、財務、会計及びコンプライアンスに関する十分な知見を有していることから、当社事業への理解及びその高い専門性を活かしていただけると判断し、取締役といたしました。,取締役とした理由柏木剛氏は、会社経営者としての経験が豊富であること、また、金融機関や金融業界関連団体に長年勤務した経験があり、財務、会計及びコンプライアンスに関する十分な知見を有していることから、当社事業への理解及びその高い専門性を活かしていただけると判断し、取締役といたしました。,取締役とした理由柏木剛氏は、会社経営者としての経験が豊富であること、また、金融機関や金融業界関連団体に長年勤務した経験があり、財務、会計及びコンプライアンスに関する十分な知見を有していることから、当社事業への理解及びその高い専門性を活かしていただけると判断し、取締役といたしました。,株
2134,北浜キャピタルパートナーズ株式会社,2026-06-30,取締役,桂 幹 人,1953年９月20日生,(注３),,株
2134,北浜キャピタルパートナーズ株式会社,2026-06-30,取締役,社外取締役とした理由及び期待される役割の概要桂幹人氏は、長年の経営コンサルタントまた経営者としての豊富な経験・専門知識をお持ちであることから、社外取締役としての職務を適切に遂行していただけるものと判断し、引き続き、社外取締役といたしました。 なお、一般株主と利益相反の生じるおそれがないと判断し同氏を独立役員に指定する予定です。,社外取締役とした理由及び期待される役割の概要桂幹人氏は、長年の経営コンサルタントまた経営者としての豊富な経験・専門知識をお持ちであることから、社外取締役としての職務を適切に遂行していただけるものと判断し、引き続き、社外取締役といたしました。 なお、一般株主と利益相反の生じるおそれがないと判断し同氏を独立役員に指定する予定です。,社外取締役とした理由及び期待される役割の概要桂幹人氏は、長年の経営コンサルタントまた経営者としての豊富な経験・専門知識をお持ちであることから、社外取締役としての職務を適切に遂行していただけるものと判断し、引き続き、社外取締役といたしました。 なお、一般株主と利益相反の生じるおそれがないと判断し同氏を独立役員に指定する予定です。,社外取締役とした理由及び期待される役割の概要桂幹人氏は、長年の経営コンサルタントまた経営者としての豊富な経験・専門知識をお持ちであることから、社外取締役としての職務を適切に遂行していただけるものと判断し、引き続き、社外取締役といたしました。 なお、一般株主と利益相反の生じるおそれがないと判断し同氏を独立役員に指定する予定です。,株
2134,北浜キャピタルパートナーズ株式会社,2026-06-30,常勤 監査役,長 岡 稔,1955年11月20日生,(注４),,株
2134,北浜キャピタルパートナーズ株式会社,2026-06-30,監査役,後 藤 充 宏,1959年７月31日生,(注４),,株
2134,北浜キャピタルパートナーズ株式会社,2026-06-30,監査役,藤 田 剛,1973年４月４日生,(注５),,株
2136,株式会社ヒップ,2026-06-19,取締役社長 （代表取締役）,田中 伸明,昭和52年10月15日生,（注）３,"44,400",株
2136,株式会社ヒップ,2026-06-19,取締役 事業本部長,大原 達朗,昭和39年10月８日生,（注）３,"3,400",株
2136,株式会社ヒップ,2026-06-19,取締役 西日本事業部長,倉掛 達也,昭和43年６月20日生,（注）３,"8,000",株
2136,株式会社ヒップ,2026-06-19,取締役 神奈川事業部長,陶山 五彦,昭和55年５月５日生,（注）３,700,株
2136,株式会社ヒップ,2026-06-19,取締役,及川 善雅,昭和33年１月27日生,（注）３,"9,400",株
2136,株式会社ヒップ,2026-06-19,取締役,池田 由美子,昭和50年９月９日生,（注）３,"1,400",株
2136,株式会社ヒップ,2026-06-19,常勤監査役,石榑 享司,昭和32年４月10日生,（注）４,"31,500",株
2136,株式会社ヒップ,2026-06-19,監査役,佐藤 正八郎,昭和20年11月29日生,（注）４,"3,600",株
2136,株式会社ヒップ,2026-06-19,監査役,前田 泰志,昭和45年５月28日生,（注）４,"2,400",株
2137,株式会社光ハイツ・ヴェラス,2026-06-24,取締役社長 (代表取締役),もり ち え か 森 千恵香,1966年８月８日生,(注)３,"24,800",株
2137,株式会社光ハイツ・ヴェラス,2026-06-24,取締役,ふじい しんいち 藤 井 伸 一,1954年４月18日生,(注)３,"1,360,700",株
2137,株式会社光ハイツ・ヴェラス,2026-06-24,取締役,おおほり まさこ 大 堀 まさ子,1957年８月15日生,(注)３,,株
2137,株式会社光ハイツ・ヴェラス,2026-06-24,取締役,おさない ひろゆき 長 内 宏 之,1951年７月25日生,(注)１ (注)３,,株
2137,株式会社光ハイツ・ヴェラス,2026-06-24,取締役,さいとう ふくこ 齋藤 ふく子,1963年８月16日生,(注)１ (注)３,100,株
2137,株式会社光ハイツ・ヴェラス,2026-06-24,常勤監査役,ふじわら だいじ 藤 原 大 二,1965年2月19日生,(注)４,500,株
2137,株式会社光ハイツ・ヴェラス,2026-06-24,監査役,やまぐち たかし 山 口 貴 嗣,1961年９月29日生,(注)２ (注)５,,株
2137,株式会社光ハイツ・ヴェラス,2026-06-24,監査役,ささき たかのり 佐 々 木 貴 教,1974年７月８日生,(注)２ (注)６,,株
2137,株式会社光ハイツ・ヴェラス,2026-06-24,取締役社長 (代表取締役),もり ち え か 森 千恵香,1966年８月８日生,(注)３,"24,800",株
2137,株式会社光ハイツ・ヴェラス,2026-06-24,取締役,ふじい しんいち 藤 井 伸 一,1954年４月18日生,(注)３,"1,360,700",株
2137,株式会社光ハイツ・ヴェラス,2026-06-24,取締役,おおほり まさこ 大 堀 まさ子,1957年８月15日生,(注)３,,株
2137,株式会社光ハイツ・ヴェラス,2026-06-24,取締役,おさない ひろゆき 長 内 宏 之,1951年７月25日生,(注)１ (注)３,,株
2137,株式会社光ハイツ・ヴェラス,2026-06-24,取締役,さいとう ふくこ 齋藤 ふく子,1963年８月16日生,(注)１ (注)３,100,株
2137,株式会社光ハイツ・ヴェラス,2026-06-24,常勤監査役,ふじわら だいじ 藤 原 大 二,1965年2月19日生,(注)４,500,株
2137,株式会社光ハイツ・ヴェラス,2026-06-24,監査役,やまぐち たかし 山 口 貴 嗣,1961年９月29日生,(注)２ (注)５,,株
2137,株式会社光ハイツ・ヴェラス,2026-06-24,監査役,ささき たかのり 佐 々 木 貴 教,1974年７月８日生,(注)２ (注)６,,株
2138,クルーズ株式会社,2026-06-25,代表取締役社長,小渕 宏二,1974年11月４日生,（注）３,"3,195,000",株
2138,クルーズ株式会社,2026-06-25,取締役副社長,仲佐 義規,1980年４月26日生,（注）３,"6,100",株
2138,クルーズ株式会社,2026-06-25,取締役副社長,稲垣 佑介,1982年９月14日生,（注）３,,株
2138,クルーズ株式会社,2026-06-25,取締役 （監査等委員）,永井 文隆,1977年２月20日生,（注）４,,株
2138,クルーズ株式会社,2026-06-25,取締役 （監査等委員）,立松 進,1947年６月15日生,（注）４,,株
2138,クルーズ株式会社,2026-06-25,取締役 （監査等委員）,川井 崇司,1975年５月９日生,（注）４,,株
2138,クルーズ株式会社,2026-06-25,代表取締役社長,小渕 宏二,1974年11月４日生,（注）３,"3,195,000",株
2138,クルーズ株式会社,2026-06-25,取締役副社長,仲佐 義規,1980年４月26日生,（注）３,"6,100",株
2138,クルーズ株式会社,2026-06-25,取締役副社長,稲垣 佑介,1982年９月14日生,（注）３,,株
2138,クルーズ株式会社,2026-06-25,取締役 （監査等委員）,永井 文隆,1977年２月20日生,（注）４,,株
2138,クルーズ株式会社,2026-06-25,取締役 （監査等委員）,立松 進,1947年６月15日生,（注）４,,株
2138,クルーズ株式会社,2026-06-25,取締役 （監査等委員）,川井 崇司,1975年５月９日生,（注）４,,株
2139,株式会社中広,2026-06-25,代表取締役 会長,後藤 一俊,1948年12月10日生,(注)２,"768,000",株
2139,株式会社中広,2026-06-25,代表取締役 社長,大島 斉,1976年５月22日生,(注)２,"111,100",株
2139,株式会社中広,2026-06-25,取締役 管理本部長,倉橋 誠一郎,1965年３月17日生,(注)２,"1,800",株
2139,株式会社中広,2026-06-25,取締役 アライアンス事業部長,池戸 武志,1975年４月28日生,(注)２,"13,900",株
2139,株式会社中広,2026-06-25,取締役,渡邉 泰宏,1965年２月５日生,(注) １、２,,株
2139,株式会社中広,2026-06-25,常勤監査役,水谷 竜治,1963年７月18日生,(注)４,400,株
2139,株式会社中広,2026-06-25,監査役,三 井 栄,1968年３月22日生,(注) ３、５,,株
2139,株式会社中広,2026-06-25,監査役,安田 和広,1983年８月29日生,(注) ３、６,,株
2139,株式会社中広,2026-06-25,代表取締役 会長,後藤 一俊,1948年12月10日生,(注)２,"768,000",株
2139,株式会社中広,2026-06-25,代表取締役 社長,大島 斉,1976年５月22日生,(注)２,"111,100",株
2139,株式会社中広,2026-06-25,取締役 管理本部長,倉橋 誠一郎,1965年３月17日生,(注)２,"1,800",株
2139,株式会社中広,2026-06-25,取締役 アライアンス事業部長,池戸 武志,1975年４月28日生,(注)２,"13,900",株
2139,株式会社中広,2026-06-25,取締役,渡邉 泰宏,1965年２月５日生,(注) １、２,,株
2139,株式会社中広,2026-06-25,常勤監査役,水谷 竜治,1963年７月18日生,(注)４,400,株
2139,株式会社中広,2026-06-25,監査役,三 井 栄,1968年３月22日生,(注) ３、５,,株
2139,株式会社中広,2026-06-25,監査役,安田 和広,1983年８月29日生,(注) ３、６,,株
2146,ＵＴグループ株式会社,2026-06-29,取締役会長 (代表取締役),若山 陽一,1971年２月23日生,(注)１,"135,467,670",株
2146,ＵＴグループ株式会社,2026-06-29,取締役社長 (代表取締役),外村 学,1968年１月21日生,(注)１,"1,084,485",株
2146,ＵＴグループ株式会社,2026-06-29,取締役 (監査等委員) (非常勤),井垣 太介,1973年５月４日生,(注)２,,株
2146,ＵＴグループ株式会社,2026-06-29,取締役 (監査等委員) (非常勤),林 貴子,1962年９月19日生,(注)２,,株
2146,ＵＴグループ株式会社,2026-06-29,取締役 (監査等委員) (非常勤),石井 隆一,1965年５月31日生,(注)２,,株
2148,アイティメディア株式会社,2026-06-24,代表取締役会長,大槻 利樹,1961年６月27日,(注)３,"1,043",百株
2148,アイティメディア株式会社,2026-06-24,代表取締役社長 兼 CEO,小林 教至,1968年11月18日,(注)３,"1,489",百株
2148,アイティメディア株式会社,2026-06-24,取締役CFO 兼 管理本部長,加賀谷 昭大,1974年９月４日,(注)３,854,百株
2148,アイティメディア株式会社,2026-06-24,取締役,木崎 秀夫,1973年２月15日,(注)３,,百株
2148,アイティメディア株式会社,2026-06-24,社外取締役,渡邉 桂子,1980年６月６日,（注)３,,百株
2148,アイティメディア株式会社,2026-06-24,社外取締役,浜田 敬子,1966年10月29日,（注)３,,百株
2148,アイティメディア株式会社,2026-06-24,社外取締役 (常勤監査等委員),髙橋 利忠,1957年8月20日,(注)４,,百株
2148,アイティメディア株式会社,2026-06-24,社外取締役 (監査等委員),佐藤 広一,1968年11月30日,(注)５,,百株
2148,アイティメディア株式会社,2026-06-24,社外取締役 (監査等委員),佐藤 未央,1975年３月19日,(注)５,,百株
2152,幼児活動研究会株式会社,2026-06-17,代表取締役 社長,山 下 孝 一,1946年８月４日生,(注)１.,304,千株
2152,幼児活動研究会株式会社,2026-06-17,専務取締役,広 田 照 彰,1956年１月29日生,(注)１.,163,千株
2152,幼児活動研究会株式会社,2026-06-17,取締役 管理本部長,川 田 伸,1962年１月１日生,(注)１.,61,千株
2152,幼児活動研究会株式会社,2026-06-17,取締役 事業本部長,久 賀 満 雄,1962年３月28日生,(注)１.,60,千株
2152,幼児活動研究会株式会社,2026-06-17,取締役 管理本部 副本部長兼 事業管理部長,山 下 明 子,1946年10月５日生,(注)１.,"1,020",千株
2152,幼児活動研究会株式会社,2026-06-17,取締役 コスモ・コンサルティング 事業部部長,八 田 哲 夫,1966年８月９日生,(注)１.,60,千株
2152,幼児活動研究会株式会社,2026-06-17,取締役,大 野 俊 一,1967年５月23日生,(注)１.,,千株
2152,幼児活動研究会株式会社,2026-06-17,常勤監査役,川 口 弘 之,1956年10月24日生,(注)２.,78,千株
2152,幼児活動研究会株式会社,2026-06-17,監査役,山 嵜 正 俊,1946年９月７日生,(注)３.,,千株
2152,幼児活動研究会株式会社,2026-06-17,監査役,曲 渕 博 史,1960年９月11日生,(注)２.,29,千株
2152,幼児活動研究会株式会社,2026-06-17,代表取締役 社長,山 下 孝 一,1946年８月４日生,(注)１.,304,千株
2152,幼児活動研究会株式会社,2026-06-17,専務取締役,広 田 照 彰,1956年１月29日生,(注)１.,163,千株
2152,幼児活動研究会株式会社,2026-06-17,取締役 管理本部長,川 田 伸,1962年１月１日生,(注)１.,61,千株
2152,幼児活動研究会株式会社,2026-06-17,取締役 事業本部長,久 賀 満 雄,1962年３月28日生,(注)１.,60,千株
2152,幼児活動研究会株式会社,2026-06-17,取締役 管理本部 副本部長兼 事業管理部長,山 下 明 子,1946年10月５日生,(注)１.,"1,020",千株
2152,幼児活動研究会株式会社,2026-06-17,取締役 コスモ・コンサルティング 事業部部長,八 田 哲 夫,1966年８月９日生,(注)１.,60,千株
2152,幼児活動研究会株式会社,2026-06-17,取締役,大 野 俊 一,1967年５月23日生,(注)１.,,千株
2152,幼児活動研究会株式会社,2026-06-17,常勤監査役,川 口 弘 之,1956年10月24日生,(注)２.,78,千株
2152,幼児活動研究会株式会社,2026-06-17,監査役,山 嵜 正 俊,1946年９月７日生,(注)３.,,千株
2152,幼児活動研究会株式会社,2026-06-17,監査役,曲 渕 博 史,1960年９月11日生,(注)２.,29,千株
2153,Ｅ・Ｊホールディングス株式会社,2026-08-26,代表取締役 社長,小 谷 裕 司,1957年11月25日生,注３,"409,600",株
2153,Ｅ・Ｊホールディングス株式会社,2026-08-26,取締役 事業統括本部長,永 田 裕 司,1959年２月14日生,注３,"19,702",株
2153,Ｅ・Ｊホールディングス株式会社,2026-08-26,取締役 企画本部長,金 声 漢,1963年２月21日生,注３,"21,864",株
2153,Ｅ・Ｊホールディングス株式会社,2026-08-26,取締役 ＣＳＲ本部長,小 谷 満 俊,1967年11月15日生,注３,"241,000",株
2153,Ｅ・Ｊホールディングス株式会社,2026-08-26,取締役,二 宮 幸 一,1948年５月27日生,注３,,株
2153,Ｅ・Ｊホールディングス株式会社,2026-08-26,取締役,阿 部 宏 史,1955年１月21日生,注３,,株
2153,Ｅ・Ｊホールディングス株式会社,2026-08-26,取締役,新 田 東 平,1958年３月26日生,注３,600,株
2153,Ｅ・Ｊホールディングス株式会社,2026-08-26,取締役,磯 﨑 淳 子,1972年２月４日生,注３,300,株
2153,Ｅ・Ｊホールディングス株式会社,2026-08-26,常勤監査役,吉 川 悟 司,1955年10月16日生,注４,"27,168",株
2153,Ｅ・Ｊホールディングス株式会社,2026-08-26,監査役,松 原 治 郎,1960年１月５日生,注４,"4,600",株
2153,Ｅ・Ｊホールディングス株式会社,2026-08-26,監査役,宇佐美 英 司,1953年12月５日生,注４,,株
2154,株式会社オープンアップグループ,2025-09-22,代表取締役 会長兼社長ＣＥＯ,西田 穣,1963年３月17日生,(注)２,"458,500",株
2154,株式会社オープンアップグループ,2025-09-22,取締役ＣＦＯ,佐藤 博,1956年12月26日生,(注)２,"73,700",株
2154,株式会社オープンアップグループ,2025-09-22,取締役,佐藤 大央,1983年11月25日生,(注)２,"2,407,878",株
2154,株式会社オープンアップグループ,2025-09-22,取締役,大島 まり （戸籍上の氏名：山本 まり）,1962年３月25日生,(注)２,,株
2154,株式会社オープンアップグループ,2025-09-22,取締役,川上 智子,1965年５月３日生,(注)２,,株
2154,株式会社オープンアップグループ,2025-09-22,取締役,清水 新,1972年６月１日生,（注)２,,株
2154,株式会社オープンアップグループ,2025-09-22,取締役,和田 洋一,1959年５月28日生,(注)２,,株
2154,株式会社オープンアップグループ,2025-09-22,取締役 （監査等委員）,残間 里江子,1950年３月21日生,(注)３,,株
2154,株式会社オープンアップグループ,2025-09-22,取締役 （監査等委員）,高橋 信太郎,1965年１月８日生,(注)３,,株
2154,株式会社オープンアップグループ,2025-09-22,取締役 （監査等委員）,六川 浩明,1963年６月10日生,(注)３,326,株
2154,株式会社オープンアップグループ,2025-09-22,代表取締役 会長兼社長ＣＥＯ,西田 穣,1963年３月17日生,(注)２,"458,500",株
2154,株式会社オープンアップグループ,2025-09-22,取締役ＣＦＯ,佐藤 博,1956年12月26日生,(注)２,"73,700",株
2154,株式会社オープンアップグループ,2025-09-22,取締役,大島 まり （戸籍上の氏名： 山本 まり）,1962年３月25日生,(注)２,,株
2154,株式会社オープンアップグループ,2025-09-22,取締役,川上 智子,1965年５月３日生,(注)２,,株
2154,株式会社オープンアップグループ,2025-09-22,取締役,和田 洋一,1959年５月28日生,(注)２,,株
2154,株式会社オープンアップグループ,2025-09-22,取締役 （監査等委員）,残間 里江子,1950年３月21日生,(注)３,,株
2154,株式会社オープンアップグループ,2025-09-22,取締役 （監査等委員）,高橋 信太郎,1965年１月８日生,(注)３,,株
2154,株式会社オープンアップグループ,2025-09-22,取締役 （監査等委員）,酒井 紀子 （戸籍上の氏名： 松本 紀子）,1969年６月２日,(注)３,,株
2156,セーラー広告株式会社,2026-06-19,代表取締役 会長,村上 義憲,1951年９月12日生,(注)2,168,千株
2156,セーラー広告株式会社,2026-06-19,代表取締役 社長,香川 裕史,1972年9月27日生,(注)2,9,千株
2156,セーラー広告株式会社,2026-06-19,取締役 CIO,間 敬三,1963年６月30日生,(注)2,21,千株
2156,セーラー広告株式会社,2026-06-19,常務取締役 コーポレート デザイン局長,萱原 一則,1964年11月７日生,(注)2,34,千株
2156,セーラー広告株式会社,2026-06-19,常務取締役 第二ビジネス プロデュース局長,高藤 聖二,1963年12月28日生,(注)2,12,千株
2156,セーラー広告株式会社,2026-06-19,常務取締役 第一ビジネス プロデュース局長,森川 稔,1967年７月４日生,(注)2,35,千株
2156,セーラー広告株式会社,2026-06-19,取締役 監査等委員,原渕 定夫,1956年12月８日生,(注)3,30,千株
2156,セーラー広告株式会社,2026-06-19,取締役 監査等委員,武田 真由美,1979年４月５日生,(注)3,,千株
2156,セーラー広告株式会社,2026-06-19,取締役 監査等委員,福川 盛二,1954年10月20日生,(注)3,,千株
2157,株式会社コシダカホールディングス,2025-11-28,取締役社長 (代表取締役) ＣＥＯ,腰髙 博,1960年４月２日生,(注)４,"50,000",株
2157,株式会社コシダカホールディングス,2025-11-28,専務取締役 専務執行役員 グループHR管掌,腰髙 美和子,1960年11月23日生,(注)４,"664,000",株
2157,株式会社コシダカホールディングス,2025-11-28,専務取締役 専務執行役員 グループCF管掌,土井 義人,1961年３月20日生,(注)４,"707,200",株
2157,株式会社コシダカホールディングス,2025-11-28,取締役 執行役員 海外事業部長,座間 晶,1972年11月19日生,(注)４,"2,455",株
2157,株式会社コシダカホールディングス,2025-11-28,取締役 (監査等委員),森内 茂之,1957年２月26日生,(注)５,,株
2157,株式会社コシダカホールディングス,2025-11-28,取締役 （監査等委員）,髙井 研一,1952年７月10日生,(注)５,,株
2157,株式会社コシダカホールディングス,2025-11-28,取締役 (監査等委員),村上 嘉奈子,1978年３月13日生,(注)５,,株
2157,株式会社コシダカホールディングス,2025-11-28,取締役 （監査等委員）,太田 香,1981年12月４日生,(注)５,,株
2158,株式会社ＦＲＯＮＴＥＯ,2026-06-23,代表取締役 社長 ＣＥＯ,守 本 正 宏,1966年４月６日生,(注)３,"6,383,800",株
2158,株式会社ＦＲＯＮＴＥＯ,2026-06-23,取締役,豊 柴 博 義,1971年10月３日生,(注)３,"4,286",株
2158,株式会社ＦＲＯＮＴＥＯ,2026-06-23,取締役,舟 橋 信 (注)１,1945年12月28日生,(注)３,"7,549",株
2158,株式会社ＦＲＯＮＴＥＯ,2026-06-23,取締役,桐 澤 寛 興 (注)１,1966年７月31日生,(注)３,"121,574",株
2158,株式会社ＦＲＯＮＴＥＯ,2026-06-23,取締役,永 山 妙 子 (注)１,1945年１月17日生,(注)３,"20,004",株
2158,株式会社ＦＲＯＮＴＥＯ,2026-06-23,取締役,鳥 居 正 男 (注)１,1947年５月18日生,(注)３,"6,508",株
2158,株式会社ＦＲＯＮＴＥＯ,2026-06-23,常勤監査役,須 藤 邦 博 (注)２,1945年８月14日生,(注)４,"10,977",株
2158,株式会社ＦＲＯＮＴＥＯ,2026-06-23,監査役,安 本 隆 晴 (注)２,1954年３月10日生,(注)４,"4,000",株
2158,株式会社ＦＲＯＮＴＥＯ,2026-06-23,監査役,大 久 保 圭(注)２,1976年２月17日生,(注)５,0,株
215A,株式会社タイミー,2026-07-27,代表取締役,小川 嶺,1997年４月13日,(注)３,"24,645,000(注)５",株
215A,株式会社タイミー,2026-07-27,取締役,八木 智昭,1985年７月27日,(注)３,"99,000",株
215A,株式会社タイミー,2026-07-27,取締役,池田 俊,1989年10月８日,(注)３,"72,000",株
215A,株式会社タイミー,2026-07-27,取締役,渡邉 一正,1968年５月23日,(注)３,,株
215A,株式会社タイミー,2026-07-27,取締役,尾西 祥平,1983年９月14日,(注)３,,株
215A,株式会社タイミー,2026-07-27,取締役,原田 明典,1975年７月８日,(注)３,,株
215A,株式会社タイミー,2026-07-27,常勤監査役,川崎 聖子,1966年３月８日,(注)４,,株
215A,株式会社タイミー,2026-07-27,非常勤監査役,池松 邦彦,1956年１月22日,(注)４,,株
215A,株式会社タイミー,2026-07-27,非常勤監査役,深野 竜矢,1980年10月７日,(注)４,,株
2160,株式会社ジーエヌアイグループ,2026-03-27,取締役 代表執行役社長兼 ＣＥＯ （最高経営責任者）,イン・ルオ,1965年７月16日,注２,"16,077",百株
2160,株式会社ジーエヌアイグループ,2026-03-27,取締役 執行役副社長 ＣＯＯ兼ＣＦＯ,松井 亮介,1979年４月23日,注２,798,百株
2160,株式会社ジーエヌアイグループ,2026-03-27,取締役執行役,張 平,1973年11月１日,注２,100,百株
2160,株式会社ジーエヌアイグループ,2026-03-27,取締役,トーマス・イーストリング,1959年10月16日,注２,183,百株
2160,株式会社ジーエヌアイグループ,2026-03-27,取締役,菊池 加奈子,1962年８月1日,注２,,百株
2160,株式会社ジーエヌアイグループ,2026-03-27,取締役,松岡 真宏,1967年９月20日,注２,,百株
2160,株式会社ジーエヌアイグループ,2026-03-27,取締役,矢崎 弘直,1962年６月12日,注２,,百株
2160,株式会社ジーエヌアイグループ,2026-03-27,代表執行役社長 兼ＣＥＯ,イン・ルオ,1965年７月16日,注,"16,077",百株
2160,株式会社ジーエヌアイグループ,2026-03-27,執行役副社長ＣＯＯ兼ＣＦＯ,松井 亮介,1979年４月23日,注,798,百株
2160,株式会社ジーエヌアイグループ,2026-03-27,執行役,張 平,1973年11月１日,注,100,百株
2160,株式会社ジーエヌアイグループ,2026-03-27,執行役 社長室長兼 財務経理本部長,穆 琮蓉,1984年７月12日,注,85,百株
2160,株式会社ジーエヌアイグループ,2026-03-27,執行役ＣＳＯ 管理本部長兼 グループアライアンス推進室長,兼古 拓也,1974年10月12日,注,,百株
2162,ｎｍｓホールディングス株式会社,2026-06-26,代表取締役 社長CEO,樋口 晋平,1978年７月23日生,（注）１,,株
2162,ｎｍｓホールディングス株式会社,2026-06-26,取締役COO,松本 正登,1969年12月15日生,（注）２,"70,000",株
2162,ｎｍｓホールディングス株式会社,2026-06-26,取締役CHRO,渡辺 一博,1962年６月18日生,（注）２,"25,000",株
2162,ｎｍｓホールディングス株式会社,2026-06-26,取締役,太田 聡,1960年４月15日生,（注）２,"35,000",株
2162,ｎｍｓホールディングス株式会社,2026-06-26,取締役,大野 一郎,1956年11月27日生,（注）２,,株
2162,ｎｍｓホールディングス株式会社,2026-06-26,取締役,上條 勉,1961年11月20日生,（注）１,,株
2162,ｎｍｓホールディングス株式会社,2026-06-26,取締役 （監査等委員）,横山 友之,1975年６月５日生,（注）３,,株
2162,ｎｍｓホールディングス株式会社,2026-06-26,取締役 （監査等委員）,渡邉 雅之,1971年１月29日生,（注）３,,株
2162,ｎｍｓホールディングス株式会社,2026-06-26,取締役 （監査等委員）,森井 じゅん,1980年３月３日生,（注）３,,株
2163,株式会社アルトナー,2026-04-22,代表取締役社長 経営戦略本部管掌兼エンジニア事業本部管掌,関口 相三,1964年12月31日生,(注)３,"8,607",株
2163,株式会社アルトナー,2026-04-22,常務取締役 管理本部管掌兼エンジニアエージェンシー事業本部管掌,張替 朋則,1954年５月24日生,(注)３,"146,153",株
2163,株式会社アルトナー,2026-04-22,取締役 能力開発本部管掌,奥坂 一也,1955年９月３日生,(注)３,"147,385",株
2163,株式会社アルトナー,2026-04-22,取締役 （監査等委員）,野村龍一郎,1956年２月18日生,(注)４,745,株
2163,株式会社アルトナー,2026-04-22,取締役 （監査等委員）,寺村 泰彦,1955年11月22日生,(注)４,"2,364",株
2163,株式会社アルトナー,2026-04-22,取締役 （監査等委員）,森井眞一郎,1953年11月28日生,(注)４,"1,364",株
2163,株式会社アルトナー,2026-04-22,代表取締役社長 経営戦略本部管掌兼エンジニア事業本部管掌,関口 相三,1964年12月31日生,(注)３,"8,607",株
2163,株式会社アルトナー,2026-04-22,常務取締役 管理本部管掌兼エンジニアエージェンシー事業本部管掌,張替 朋則,1954年５月24日生,(注)３,"146,153",株
2163,株式会社アルトナー,2026-04-22,取締役 能力開発本部管掌,奥坂 一也,1955年９月３日生,(注)３,"147,385",株
2163,株式会社アルトナー,2026-04-22,取締役 （監査等委員）,野村龍一郎,1956年２月18日生,(注)４,745,株
2163,株式会社アルトナー,2026-04-22,取締役 （監査等委員）,寺村 泰彦,1955年11月22日生,(注)４,"2,364",株
2163,株式会社アルトナー,2026-04-22,取締役 （監査等委員）,森井眞一郎,1953年11月28日生,(注)４,"1,364",株
2164,株式会社地域新聞社,2025-11-26,代表取締役 社長,細谷 佳津年,1965年12月16日生,(注)３,"55,200",株
2164,株式会社地域新聞社,2025-11-26,取締役 印刷・物流・配布等 業務全般 管掌,金箱 義明,1959年２月19日生,(注)３,"36,000",株
2164,株式会社地域新聞社,2025-11-26,取締役 人的資本経営 管掌,松川 真士,1981年５月21日生,(注)３,"16,000",株
2164,株式会社地域新聞社,2025-11-26,取締役 コーポレートガバナンス・リスクマネジメント管掌,齋藤 律子,1964年11月2日生,(注)３,,株
2164,株式会社地域新聞社,2025-11-26,取締役 （注）１,田中 康郎,1946年２月９日生,(注)３,,株
2164,株式会社地域新聞社,2025-11-26,常勤監査役 （注）２,色部 文雄,1949年２月５日生,(注)４,"46,800",株
2164,株式会社地域新聞社,2025-11-26,監査役 （注）２,小泉 大輔,1970年９月５日生,(注)５,,株
2164,株式会社地域新聞社,2025-11-26,監査役 （注）２,丸野 登紀子,1973年７月21日生,(注)４,,株
2164,株式会社地域新聞社,2025-11-26,代表取締役 社長,細谷 佳津年,1965年12月16日生,(注)３,"55,200",株
2164,株式会社地域新聞社,2025-11-26,取締役 印刷・物流・配布等 業務全般 管掌,金箱 義明,1959年２月19日生,(注)３,"36,000",株
2164,株式会社地域新聞社,2025-11-26,取締役 人的資本経営 管掌,松川 真士,1981年５月21日生,(注)３,"16,000",株
2164,株式会社地域新聞社,2025-11-26,取締役 コーポレートガバナンス・リスクマネジメント管掌,齋藤 律子,1964年11月2日生,(注)３,,株
2164,株式会社地域新聞社,2025-11-26,取締役 （注）１,田中 康郎,1946年２月９日生,(注)３,,株
2164,株式会社地域新聞社,2025-11-26,常勤監査役 （注）２,色部 文雄,1949年２月５日生,(注)４,"46,800",株
2164,株式会社地域新聞社,2025-11-26,監査役 （注）２,丸野 登紀子,1973年７月21日生,(注)４,,株
2164,株式会社地域新聞社,2025-11-26,監査役 （注）２,工藤 清美,1969年12月８日生,(注)５,,株
2168,株式会社パソナグループ,2026-08-14,代表取締役会長CEO,若 本 博 隆,1960年11月２日,注３,"47,400(35,769)",株
2168,株式会社パソナグループ,2026-08-14,代表取締役社長COO,中 尾 慎 太 郎,1974年９月11日,注３,"13,600(26,827)",株
2168,株式会社パソナグループ,2026-08-14,取締役 副社長執行役員 Pasona Way総本部長兼 社会貢献室担当,深 澤 旬 子,1953年５月28日,注３,"199,000(35,769)",株
2168,株式会社パソナグループ,2026-08-14,取締役 副社長執行役員 NATUREVERSE総本部長,山 本 絹 子,1955年11月５日,注３,"151,500(35,769)",株
2168,株式会社パソナグループ,2026-08-14,取締役 副社長執行役員 グローバル戦略総本部長兼国際業務本部長,南 部 真 希 也,1984年７月31日,注３,"1,400(1,531)",株
2168,株式会社パソナグループ,2026-08-14,取締役 （常勤監査等委員）,野 村 和 史,1955年３月15日,注４,"48,400( - )",株
2168,株式会社パソナグループ,2026-08-14,取締役 （監査等委員）,舩 橋 晴 雄,1946年９月19日,注４,"21,100( - )",株
2168,株式会社パソナグループ,2026-08-14,取締役 （監査等委員）,古 川 一 夫,1946年11月３日,注４,"20,200( - )",株
2168,株式会社パソナグループ,2026-08-14,取締役 （監査等委員）,宮 田 亮 平,1945年６月８日,注４,"5,300( - )",株
2168,株式会社パソナグループ,2026-08-14,取締役 （監査等委員）,跡 見 裕,1944年12月５日,注４,"3,600( - )",株
2169,ＣＤＳ株式会社,2026-03-30,代表取締役会長,芝崎 晶紀,1945年１月20日生,(注)３,"90,200",株
2169,ＣＤＳ株式会社,2026-03-30,代表取締役社長 技術情報ソリューション事業本部長,芝崎 雄太,1971年１月27日生,(注)３,"192,726",株
2169,ＣＤＳ株式会社,2026-03-30,常務取締役 管理部門統括,中嶋 國雄,1967年５月26日生,(注)３,"89,867",株
2169,ＣＤＳ株式会社,2026-03-30,取締役 経営企画室担当,高橋 哲也,1972年７月５日生,(注)３,"17,394",株
2169,ＣＤＳ株式会社,2026-03-30,取締役 デジタルソリューション事業本部長,太田 晃,1959年12月３日生,(注)３,"4,760",株
2169,ＣＤＳ株式会社,2026-03-30,取締役 ＦＡロボットソリューション事業本部長,下間 篤,1966年３月11日生,(注)３,"42,799",株
2169,ＣＤＳ株式会社,2026-03-30,取締役,伊藤 善文,1945年５月４日生,(注)３,"8,000",株
2169,ＣＤＳ株式会社,2026-03-30,取締役,岩堀 剛士,1951年４月14日生,(注)３,"1,000",株
2169,ＣＤＳ株式会社,2026-03-30,取締役,生田 卓史,1954年８月９日生,(注)３,"3,382",株
2169,ＣＤＳ株式会社,2026-03-30,常勤監査役,市川 洋行,1967年５月13日生,(注)５,"8,524",株
2169,ＣＤＳ株式会社,2026-03-30,監査役,埴岡 登,1950年12月３日生,(注)４,"1,000",株
2169,ＣＤＳ株式会社,2026-03-30,監査役,福地 和彦,1954年１月６日生,(注)４,,株
2170,株式会社リンクアンドモチベーション,2026-03-24,代表 取締役 会長,小笹 芳央,1961年５月18日,(注)５,"38,700,000",株
2170,株式会社リンクアンドモチベーション,2026-03-24,代表 取締役 社長,坂下 英樹,1967年８月30日,(注)５,"2,930,000",株
2170,株式会社リンクアンドモチベーション,2026-03-24,取締役,大野 俊一,1967年５月23日,(注)５,"460,000",株
2170,株式会社リンクアンドモチベーション,2026-03-24,取締役,中村 有里,1973年８月18日,(注)５,,株
2170,株式会社リンクアンドモチベーション,2026-03-24,取締役,原 ゆかり,1986年９月16日,(注)５,,株
2170,株式会社リンクアンドモチベーション,2026-03-24,監査役 (常勤),栗山 博美,1961年12月10日,(注)６,,株
2170,株式会社リンクアンドモチベーション,2026-03-24,監査役 (非常勤),冨永 兼司,1955年２月11日,(注)６,"378,400",株
2170,株式会社リンクアンドモチベーション,2026-03-24,監査役 (非常勤),松岡 保昌,1963年９月10日,(注)６,"3,000",株
2172,株式会社インサイト,2025-09-26,代表取締役,浅井 一,1958年12月18日生,（注)３.,"603,000",株
2172,株式会社インサイト,2025-09-26,代表取締役,浅井 亮介 （注）６．,1987年11月20日生,（注)３.,"90,000",株
2172,株式会社インサイト,2025-09-26,取締役 執行役員,山田 哲夫,1963年１月18日生,（注)３.,,株
2172,株式会社インサイト,2025-09-26,取締役,水野 晶仁,1977年１月20日生,（注)３.,"6,000 （注)５.",株
2172,株式会社インサイト,2025-09-26,取締役,中辻 峻 （注）１．,1982年12月10日生,（注)３.,,株
2172,株式会社インサイト,2025-09-26,常勤監査役,藤井 孝司 （注）２．,1953年９月４日生,（注)４.,,株
2172,株式会社インサイト,2025-09-26,監査役,桶川 幸一 （注）２．,1965年９月20日生,（注)４.,,株
2172,株式会社インサイト,2025-09-26,監査役,宮下 直樹 （注）２．,1979年９月15日生,（注)４.,,株
2173,株式会社博展,2026-03-30,代表取締役 会長執行役員,田口 徳久,1956年６月８日生,(注)２,"311,600",株
2173,株式会社博展,2026-03-30,代表取締役 社長執行役員CEO,原田 淳,1977年６月１日生,(注)２,"150,300",株
2173,株式会社博展,2026-03-30,取締役 常務執行役員CFO,藤井 由康,1971年９月18日生,(注)２,"31,600",株
2173,株式会社博展,2026-03-30,社外取締役,山下 美砂,1964年12月24日生,(注)２,,株
2173,株式会社博展,2026-03-30,社外取締役,石原 洋子,1968年11月30日生,(注)２,,株
2173,株式会社博展,2026-03-30,取締役 （常勤監査等委員）,田中 雅樹,1964年４月７日生,(注)３,"72,300",株
2173,株式会社博展,2026-03-30,社外取締役 (監査等委員),石塚 陽子,1967年３月９日生,(注)３,"1,500",株
2173,株式会社博展,2026-03-30,社外取締役 （監査等委員）,渡邉 一治,1961年10月23日生,(注)３,,株
2175,株式会社エス・エム・エス,2026-06-19,代表取締役社長 経営管理本部長 指名・報酬諮問委員,髙畑 正樹,1984年４月14日生,（注２）,"11,100",株
2175,株式会社エス・エム・エス,2026-06-19,取締役（注４）,安田 誠,1974年８月29日生,（注２）,,株
2175,株式会社エス・エム・エス,2026-06-19,取締役（注４）,河﨑 武士,1979年４月16日生,（注２）,,株
2175,株式会社エス・エム・エス,2026-06-19,取締役（監査等委員）（注４） 筆頭独立社外取締役 監査等委員長 指名・報酬諮問委員長,髙木 暢子 （注５）,1977年10月22日生,（注３）,"2,148",株
2175,株式会社エス・エム・エス,2026-06-19,取締役（監査等委員）（注４） 指名・報酬諮問委員,原田 哲郎,1965年９月22日生,（注３）,,株
2175,株式会社エス・エム・エス,2026-06-19,取締役（監査等委員）（注４）,大田 愛子 （注６）,1988年12月28日生,（注３）,,株
2175,株式会社エス・エム・エス,2026-06-19,補欠取締役 （監査等委員）,水沼 太郎,1971年７月６日生,,,株
2179,株式会社成学社,2026-06-24,代表取締役 会長,太田 明弘,1954年２月４日生,(注)３,"1,471,200",株
2179,株式会社成学社,2026-06-24,代表取締役 社長,永井 博,1963年９月６日生,(注)３,"105,291",株
2179,株式会社成学社,2026-06-24,常務取締役,藤田 正人,1961年１月７日生,(注)３,"20,860",株
2179,株式会社成学社,2026-06-24,取締役,檜浦 達也,1966年11月19日生,(注)３,"16,670",株
2179,株式会社成学社,2026-06-24,取締役,礒野 智行,1977年11月29日生,(注)３,"6,532",株
2179,株式会社成学社,2026-06-24,取締役,山本 一之,1965年９月30日生,(注)３,795,株
2179,株式会社成学社,2026-06-24,取締役,平井 周,1962年10月６日生,(注)３,"4,000",株
2179,株式会社成学社,2026-06-24,常勤監査役,山田 明彦,1964年４月25日生,(注)４,,株
2179,株式会社成学社,2026-06-24,非常勤 監査役,竹山 直彦,1965年12月14日生,(注)４,"4,524",株
2179,株式会社成学社,2026-06-24,非常勤 監査役,上田 文雄,1953年２月９日生,(注)４,"20,929",株
2180,株式会社サニーサイドアップグループ,2025-09-25,取締役社長 （代表取締役）,次原 悦子,1966年11月16日生,(注)３,"1,172,400",株
2180,株式会社サニーサイドアップグループ,2025-09-25,取締役副社長 （代表取締役）,渡邊 徳人,1968年３月２日生,(注)３,"761,100",株
2180,株式会社サニーサイドアップグループ,2025-09-25,取締役,長井 亨,1962年４月５日生,(注)３,"62,200",株
2180,株式会社サニーサイドアップグループ,2025-09-25,取締役 （監査等委員）,白井 耀,1966年５月21日生,(注)４,"32,000",株
2180,株式会社サニーサイドアップグループ,2025-09-25,取締役 （監査等委員）,藤井 麻莉,1981年12月21日生,(注)４,,株
2180,株式会社サニーサイドアップグループ,2025-09-25,取締役 （監査等委員）,服部 景子,1976年1月29日生,(注)４,,株
2180,株式会社サニーサイドアップグループ,2025-09-25,取締役社長 （代表取締役）,次原 悦子,1966年11月16日生,(注)３,"1,172,400",株
2180,株式会社サニーサイドアップグループ,2025-09-25,取締役副社長 （代表取締役）,渡邊 徳人,1968年３月２日生,(注)３,"761,100",株
2180,株式会社サニーサイドアップグループ,2025-09-25,取締役,長井 亨,1962年４月５日生,(注)３,"62,200",株
2180,株式会社サニーサイドアップグループ,2025-09-25,取締役 （監査等委員）,白井 耀,1966年５月21日生,(注)４,"32,000",株
2180,株式会社サニーサイドアップグループ,2025-09-25,取締役 （監査等委員）,藤井 麻莉,1981年12月21日生,(注)４,,株
2180,株式会社サニーサイドアップグループ,2025-09-25,取締役 （監査等委員）,服部 景子,1976年1月29日生,(注)４,,株
2181,パーソルホールディングス株式会社,2026-06-22,取締役 会長,水 田 正 道,1959年６月13日生,（注）３,"4,826,158",株
2181,パーソルホールディングス株式会社,2026-06-22,代表取締役 社長 CEO,和 田 孝 雄,1962年11月25日生,（注）３,"1,901,615",株
2181,パーソルホールディングス株式会社,2026-06-22,取締役,山 内 雅 喜,1961年１月11日生,（注）３,"53,890",株
2181,パーソルホールディングス株式会社,2026-06-22,取締役,吉 澤 和 弘,1955年６月21日生,（注）３,"32,390",株
2181,パーソルホールディングス株式会社,2026-06-22,取締役,Debra A. Hazelton （デボラ・ ヘーゼルトン）,1953年３月13日生,（注）３,0,株
2181,パーソルホールディングス株式会社,2026-06-22,取締役,村 林 聡,1958年11月８日生,（注）３,"10,820",株
2181,パーソルホールディングス株式会社,2026-06-22,取締役 監査等委員,榎 本 知 佐,1961年８月12日生,（注）４,"54,290",株
2181,パーソルホールディングス株式会社,2026-06-22,取締役 監査等委員,友 田 和 彦,1956年４月30日生,（注）４,"53,890",株
2181,パーソルホールディングス株式会社,2026-06-22,取締役 監査等委員,菅 谷 とも子,1961年９月30日生,（注）５,0,株
2183,株式会社リニカル,2026-06-22,代表取締役社長 執行役員ＣＥＯ,秦野 和浩,1965年３月17日生,(注)２,742,千株
2183,株式会社リニカル,2026-06-22,取締役,安藤 良光,1958年11月５日生,(注)２,,千株
2183,株式会社リニカル,2026-06-22,取締役,西村 智子,1967年１月14日生,(注)２,,千株
2183,株式会社リニカル,2026-06-22,取締役 （常勤監査等委員）,村上 祐一,1957年８月23日生,(注)３,,千株
2183,株式会社リニカル,2026-06-22,取締役 （常勤監査等委員）,中島 与志明,1955年３月19日生,(注)３,,千株
2183,株式会社リニカル,2026-06-22,取締役 （監査等委員）,杦山 栄理,1975年７月10日生,(注)３,,千株
2183,株式会社リニカル,2026-06-22,代表取締役社長 執行役員ＣＥＯ,秦野 和浩,1965年３月17日生,(注)２,742,千株
2183,株式会社リニカル,2026-06-22,取締役,中路 茂,1966年7月31日生,(注)２,,千株
2183,株式会社リニカル,2026-06-22,取締役,河合 順,1968年10月26日生,(注)２,600,千株
2183,株式会社リニカル,2026-06-22,取締役,安藤 良光,1958年11月５日生,(注)２,,千株
2183,株式会社リニカル,2026-06-22,取締役,西村 智子,1967年１月14日生,(注)２,,千株
2183,株式会社リニカル,2026-06-22,取締役 （常勤監査等委員）,村上 祐一,1957年８月23日生,(注)３,,千株
2183,株式会社リニカル,2026-06-22,取締役 （監査等委員）,中島 与志明,1955年３月19日生,(注)３,,千株
2183,株式会社リニカル,2026-06-22,取締役 （監査等委員）,杦山 栄理,1975年７月10日生,(注)３,,千株
2185,株式会社シイエム・シイ,2025-12-12,代表取締役 社長,佐々 幸恭,1964年８月28日,注３,"383,540",株
2185,株式会社シイエム・シイ,2025-12-12,取締役 執行役員、 ＣＯＯ、ＣＩＯ,近藤 幸康,1962年10月１日,注３,"55,100",株
2185,株式会社シイエム・シイ,2025-12-12,取締役 執行役員、 ＣＦＯ、 管理本部長,杉原 修巳,1963年３月５日,注３,"25,400",株
2185,株式会社シイエム・シイ,2025-12-12,取締役 （非常勤）,大武 健一郎,1946年７月10日,注３,"20,200",株
2185,株式会社シイエム・シイ,2025-12-12,取締役 （非常勤）,保々 雅世,1960年７月22日,注３,600,株
2185,株式会社シイエム・シイ,2025-12-12,取締役 （非常勤）,田村 富美子,1960年４月９日,注３,200,株
2185,株式会社シイエム・シイ,2025-12-12,監査役 （常勤）,佐藤 正慶,1965年２月８日,注４,,株
2185,株式会社シイエム・シイ,2025-12-12,監査役 （非常勤）,児堀 もゆる,1971年5月９日,注５,500,株
2185,株式会社シイエム・シイ,2025-12-12,監査役 （非常勤）,野路 英幸,1960年5月４日,注５,400,株
2185,株式会社シイエム・シイ,2025-12-12,代表取締役 社長,佐々 幸恭,1964年８月28日生,注２,"383,540",株
2185,株式会社シイエム・シイ,2025-12-12,取締役 執行役員、 ＣＯＯ、ＣＩＯ,近藤 幸康,1962年10月１日生,注２,"55,100",株
2185,株式会社シイエム・シイ,2025-12-12,取締役 執行役員、 ＣＦＯ、 管理本部長,杉原 修巳,1963年３月５日生,注２,"25,400",株
2185,株式会社シイエム・シイ,2025-12-12,取締役 （非常勤）,大武 健一郎,1946年７月10日生,注２,"20,200",株
2185,株式会社シイエム・シイ,2025-12-12,取締役 （非常勤）,保々 雅世,1960年７月22日生,注２,600,株
2185,株式会社シイエム・シイ,2025-12-12,取締役 （非常勤）,田村 富美子,1960年４月９日生,注２,200,株
2185,株式会社シイエム・シイ,2025-12-12,取締役 （常勤監査等委員）,佐藤 正慶,1965年２月８日生,注３,,株
2185,株式会社シイエム・シイ,2025-12-12,取締役 （監査等委員） （非常勤）,児堀 もゆる,1971年5月９日生,注３,500,株
2185,株式会社シイエム・シイ,2025-12-12,取締役 （監査等委員） （非常勤）,野路 英幸,1960年5月４日生,注３,400,株
2186,ソーバル株式会社,2026-05-22,代表取締役社長,推津 敦,1978年８月31日生,(注４),"397,480",株
2186,ソーバル株式会社,2026-05-22,取締役,東谷 正雄,1978年12月21日生,(注４),"15,400",株
2186,ソーバル株式会社,2026-05-22,取締役,島谷 裕一,1973年４月15日生,(注４),"3,600",株
2186,ソーバル株式会社,2026-05-22,取締役,髙木 友博,1954年６月８日生,(注４),,株
2186,ソーバル株式会社,2026-05-22,監査役 (常勤),両瀬 賢一,1964年５月19日生,(注５),"3,200",株
2186,ソーバル株式会社,2026-05-22,監査役,鴛海 量明,1965年７月17日生,(注５),,株
2186,ソーバル株式会社,2026-05-22,監査役,河﨑 健一郎,1976年３月17日生,(注５),,株
2186,ソーバル株式会社,2026-05-22,代表取締役社長,推津 敦,1978年８月31日生,(注４),"397,480",株
2186,ソーバル株式会社,2026-05-22,取締役,東谷 正雄,1978年12月21日生,(注４),"15,400",株
2186,ソーバル株式会社,2026-05-22,取締役,山林 敬,1974年２月21日生,(注４),"1,600",株
2186,ソーバル株式会社,2026-05-22,取締役,島谷 裕一,1973年４月15日生,(注４),"3,600",株
2186,ソーバル株式会社,2026-05-22,取締役,髙木 友博,1954年６月８日生,(注４),,株
2186,ソーバル株式会社,2026-05-22,監査役 (常勤),両瀬 賢一,1964年５月19日生,(注５),"3,200",株
2186,ソーバル株式会社,2026-05-22,監査役,鴛海 量明,1965年７月17日生,(注５),,株
2186,ソーバル株式会社,2026-05-22,監査役,河﨑 健一郎,1976年３月17日生,(注５),,株
218A,株式会社Ｌｉｂｅｒａｗａｒｅ,2025-10-31,代表取締役,閔 弘圭,1985年６月26日,(注)３,"3,446,000",株
218A,株式会社Ｌｉｂｅｒａｗａｒｅ,2025-10-31,取締役,林 昂平,1985年９月１日,(注)３,"20,000",株
218A,株式会社Ｌｉｂｅｒａｗａｒｅ,2025-10-31,取締役CFO,市川 純也,1979年12月31日,(注)３,"90,000",株
218A,株式会社Ｌｉｂｅｒａｗａｒｅ,2025-10-31,取締役 技術開発部長 品質保証部長,和田 哲也,1987年９月15日,(注)３,"800,000",株
218A,株式会社Ｌｉｂｅｒａｗａｒｅ,2025-10-31,取締役,守屋 実,1969年５月１日,(注)３,,株
218A,株式会社Ｌｉｂｅｒａｗａｒｅ,2025-10-31,常勤監査役,人見 茂樹,1963年10月16日,(注)４,"21,000",株
218A,株式会社Ｌｉｂｅｒａｗａｒｅ,2025-10-31,監査役,青木 良三,1958年９月７日,(注)４,,株
218A,株式会社Ｌｉｂｅｒａｗａｒｅ,2025-10-31,監査役,井上 俊介,1982年８月27日,(注)４,,株
2193,クックパッド株式会社,2026-03-25,取締役,佐野 陽光,1973年５月１日生,(注)３,"46,585,300",株
2193,クックパッド株式会社,2026-03-25,取締役,犬飼 茂利男,1973年２月２日生,(注)３,"42,100",株
2193,クックパッド株式会社,2026-03-25,取締役,茂田井 純一,1974年３月19日生,(注)３,"10,300",株
2193,クックパッド株式会社,2026-03-25,取締役,Trang Diep Kieu Le,1980年８月11日生,(注)３,,株
2193,クックパッド株式会社,2026-03-25,取締役,今井 松兼,1979年８月４日生,(注)３,,株
2193,クックパッド株式会社,2026-03-25,代表執行役,佐 野 陽 光,1973年５月１日生,(注)１,"46,585,300",株
2193,クックパッド株式会社,2026-03-25,執行役,犬 飼 茂利男,1973年２月２日生,(注)１,"42,100",株
2193,クックパッド株式会社,2026-03-25,執行役,末 吉 謙 太,1989年12月７日生,(注)１,,株
2193,クックパッド株式会社,2026-03-25,執行役,Rebecca Rippin,1966年２月４日生,(注)１,,株
2193,クックパッド株式会社,2026-03-25,取締役,佐野 陽光,1973年５月１日生,(注)３,"46,585,300",株
2193,クックパッド株式会社,2026-03-25,取締役,犬飼 茂利男,1973年２月２日生,(注)３,"42,100",株
2193,クックパッド株式会社,2026-03-25,取締役,成松 淳,1968年11月14日生,(注)３,"1,700",株
2193,クックパッド株式会社,2026-03-25,取締役,Trang Diep Kieu Le,1980年８月11日生,(注)３,,株
2193,クックパッド株式会社,2026-03-25,取締役,今井 松兼,1979年８月４日生,(注)３,,株
2193,クックパッド株式会社,2026-03-25,代表執行役,佐 野 陽 光,1973年５月１日生,(注)１,"46,585,300",株
2193,クックパッド株式会社,2026-03-25,執行役,犬 飼 茂利男,1973年２月２日生,(注)１,"42,100",株
2193,クックパッド株式会社,2026-03-25,執行役,末 吉 謙 太,1989年12月７日生,(注)１,,株
2193,クックパッド株式会社,2026-03-25,執行役,Rebecca Rippin,1966年２月４日生,(注)１,,株
2195,アミタホールディングス株式会社,2026-03-24,代表取締役会長 兼CVO,熊野 英介,1956年３月17日,(注)１,"5,523,700",株
2195,アミタホールディングス株式会社,2026-03-24,代表取締役社長 兼CIOO,末次 貴英,1981年１月19日,(注)１,"6,300",株
2195,アミタホールディングス株式会社,2026-03-24,取締役 兼CGO,岡田 健一,1979年１月15日,(注)１,"9,000",株
2195,アミタホールディングス株式会社,2026-03-24,取締役,髙野 雅晴,1963年９月13日,(注)１,,株
2195,アミタホールディングス株式会社,2026-03-24,取締役,清水 菜保子,1973年５月17日,(注)１,,株
2195,アミタホールディングス株式会社,2026-03-24,常勤監査役,長谷川 孝文,1962年１月21日,(注)２,"159,000",株
2195,アミタホールディングス株式会社,2026-03-24,監査役,中東 正文,1965年９月19日,(注)３,,株
2195,アミタホールディングス株式会社,2026-03-24,監査役,矢本 浩教,1978年１月24日,(注)３,,株
2195,アミタホールディングス株式会社,2026-03-24,代表取締役会長 兼CVO,熊野 英介,1956年３月17日,(注)１,"5,523,700",株
2195,アミタホールディングス株式会社,2026-03-24,代表取締役社長 兼CIOO,末次 貴英,1981年１月19日,(注)１,"6,300",株
2195,アミタホールディングス株式会社,2026-03-24,取締役 兼CGO,岡田 健一,1979年１月15日,(注)１,"9,000",株
2195,アミタホールディングス株式会社,2026-03-24,取締役,宮原 伸朗,1983年５月12日,(注)１,900,株
2195,アミタホールディングス株式会社,2026-03-24,取締役,三好 三恵,1974年４月７日,(注)１,,株
2195,アミタホールディングス株式会社,2026-03-24,取締役,髙野 雅晴,1963年９月13日,(注)１,,株
2195,アミタホールディングス株式会社,2026-03-24,取締役,清水 菜保子,1973年５月17日,(注)１,,株
2195,アミタホールディングス株式会社,2026-03-24,常勤監査役,長谷川 孝文,1962年１月21日,(注)２,"159,000",株
2195,アミタホールディングス株式会社,2026-03-24,監査役,水野 祐,1981年１月20日,(注)３,,株
2195,アミタホールディングス株式会社,2026-03-24,監査役,小長谷 敦子,1960年８月24日,(注)３,,株
2198,アイ・ケイ・ケイホールディングス株式会社,2026-01-26,代表取締役 会長兼社長CEO,金 子 和斗志,1952年３月26日,（注）３,"3,108,200",株
2198,アイ・ケイ・ケイホールディングス株式会社,2026-01-26,取締役副社長 婚礼事業本部長 兼 フォト事業 担当兼部長 兼 海外人財事業 担当兼部長 兼 デジタルマーケ ティング推進担当,中 嶋 大 祐,1984年10月22日,（注）３,"21,883",株
2198,アイ・ケイ・ケイホールディングス株式会社,2026-01-26,取締役 介護事業 担当兼部長 兼 人事 担当兼部長,寺 澤 大 輔,1968年４月19日,（注）３,"112,279",株
2198,アイ・ケイ・ケイホールディングス株式会社,2026-01-26,取締役 婚礼事業 担当兼部長 兼 海外事業 開発担当兼部長,森 田 康 寛,1981年11月３日,（注）３,"67,861",株
2198,アイ・ケイ・ケイホールディングス株式会社,2026-01-26,取締役 システム担当 兼部長,小 田 豊,1969年２月４日,（注）３,"17,785",株
2198,アイ・ケイ・ケイホールディングス株式会社,2026-01-26,取締役,平 山 知 宏,1985年１月４日,（注）３,"1,000",株
2198,アイ・ケイ・ケイホールディングス株式会社,2026-01-26,取締役 （常勤監査等委員）,阿 部 慶 介,1963年５月12日,（注）４,"2,000",株
2198,アイ・ケイ・ケイホールディングス株式会社,2026-01-26,取締役 （監査等委員）,楠 典 子,1965年２月７日,（注）４,"4,000",株
2198,アイ・ケイ・ケイホールディングス株式会社,2026-01-26,取締役 （監査等委員）,伊 藤 晴 輝,1977年９月４日,（注）４,"3,800",株
2198,アイ・ケイ・ケイホールディングス株式会社,2026-01-26,取締役 （監査等委員）,中 村 亮 介,1978年12月22日,（注）４,"7,800",株
2198,アイ・ケイ・ケイホールディングス株式会社,2026-01-26,取締役 （監査等委員）,梅 山 香 里,1966年10月15日,（注）４,"1,000",株
2198,アイ・ケイ・ケイホールディングス株式会社,2026-01-26,代表取締役会長CEO,金 子 和斗志,1952年３月26日,（注）３,"3,108,200",株
2198,アイ・ケイ・ケイホールディングス株式会社,2026-01-26,代表取締役社長COO,中 嶋 大 祐,1984年10月22日,（注）３,"21,883",株
2198,アイ・ケイ・ケイホールディングス株式会社,2026-01-26,取締役 介護事業 担当兼部長 兼 人事 担当兼部長,寺 澤 大 輔,1968年４月19日,（注）３,"112,279",株
2198,アイ・ケイ・ケイホールディングス株式会社,2026-01-26,取締役 婚礼事業 担当兼部長 兼 海外事業 開発担当兼部長 兼 店舗開発室長,森 田 康 寛,1981年11月３日,（注）３,"67,861",株
2198,アイ・ケイ・ケイホールディングス株式会社,2026-01-26,取締役 システム担当 兼部長,小 田 豊,1969年２月４日,（注）３,"17,785",株
2198,アイ・ケイ・ケイホールディングス株式会社,2026-01-26,取締役,平 山 知 宏,1985年１月４日,（注）３,"1,000",株
2198,アイ・ケイ・ケイホールディングス株式会社,2026-01-26,取締役 （常勤監査等委員）,阿 部 慶 介,1963年５月12日,（注）４,"2,000",株
2198,アイ・ケイ・ケイホールディングス株式会社,2026-01-26,取締役 （監査等委員）,楠 典 子,1965年２月７日,（注）４,"4,000",株
2198,アイ・ケイ・ケイホールディングス株式会社,2026-01-26,取締役 （監査等委員）,伊 藤 晴 輝,1977年９月４日,（注）４,"3,800",株
2198,アイ・ケイ・ケイホールディングス株式会社,2026-01-26,取締役 （監査等委員）,中 村 亮 介,1978年12月22日,（注）４,"7,800",株
2198,アイ・ケイ・ケイホールディングス株式会社,2026-01-26,取締役 （監査等委員）,梅 山 香 里,1966年10月15日,（注）４,"1,000",株
219A,Ｈｅａｒｔｓｅｅｄ株式会社,2026-03-26,代表取締役社長,福田 惠一,1957年５月23日生,（注）３,"3,146,000",株
219A,Ｈｅａｒｔｓｅｅｄ株式会社,2026-03-26,取締役COO兼 経営企画室長,安井 季久央,1981年１月31日生,（注）３,"35,200",株
219A,Ｈｅａｒｔｓｅｅｄ株式会社,2026-03-26,取締役CMO兼 研究開発本部長,金子 健彦,1977年４月６日生,（注）３,,株
219A,Ｈｅａｒｔｓｅｅｄ株式会社,2026-03-26,取締役CFO兼戦 略ファイナンス・ＩＲ室長,高野 六月,1979年６月８日生,（注）３,"50,400",株
219A,Ｈｅａｒｔｓｅｅｄ株式会社,2026-03-26,取締役CAO,平野 達義,1959年４月６日生,（注）３,"2,400",株
219A,Ｈｅａｒｔｓｅｅｄ株式会社,2026-03-26,取締役,河西 佑太郎,1980年５月７日生,（注）３,,株
219A,Ｈｅａｒｔｓｅｅｄ株式会社,2026-03-26,取締役,古川 俊治,1963年１月14日生,（注）３,"920,000",株
219A,Ｈｅａｒｔｓｅｅｄ株式会社,2026-03-26,取締役,出口 恭子,1965年12月12日生,（注）３,"18,400",株
219A,Ｈｅａｒｔｓｅｅｄ株式会社,2026-03-26,監査役,菊川 知之,1954年１月６日生,（注）４,"21,600",株
219A,Ｈｅａｒｔｓｅｅｄ株式会社,2026-03-26,監査役,藤吉 彰,1954年３月19日生,（注）４,"18,400",株
219A,Ｈｅａｒｔｓｅｅｄ株式会社,2026-03-26,監査役,江戸川 泰路,1974年11月30日生,（注）４,"5,600",株
219A,Ｈｅａｒｔｓｅｅｄ株式会社,2026-03-26,代表取締役社長 兼 執行役員 CEO,福田 惠一,1957年５月23日生,（注）３,"3,146,000",株
219A,Ｈｅａｒｔｓｅｅｄ株式会社,2026-03-26,取締役兼 執行役員COO,安井 季久央,1981年１月31日生,（注）３,"35,200",株
219A,Ｈｅａｒｔｓｅｅｄ株式会社,2026-03-26,取締役兼 執行役員CFO,平野 達義,1959年４月６日生,（注）３,"2,400",株
219A,Ｈｅａｒｔｓｅｅｄ株式会社,2026-03-26,取締役,金子 健彦,1977年４月６日生,（注）３,,株
219A,Ｈｅａｒｔｓｅｅｄ株式会社,2026-03-26,取締役,河西 佑太郎,1980年５月７日生,（注）３,,株
219A,Ｈｅａｒｔｓｅｅｄ株式会社,2026-03-26,取締役,古川 俊治,1963年１月14日生,（注）３,"920,000",株
219A,Ｈｅａｒｔｓｅｅｄ株式会社,2026-03-26,取締役,出口 恭子,1965年12月12日生,（注）３,"18,400",株
219A,Ｈｅａｒｔｓｅｅｄ株式会社,2026-03-26,監査役,菊川 知之,1954年１月６日生,（注）４,"21,600",株
219A,Ｈｅａｒｔｓｅｅｄ株式会社,2026-03-26,監査役,藤吉 彰,1954年３月19日生,（注）４,"18,400",株
219A,Ｈｅａｒｔｓｅｅｄ株式会社,2026-03-26,監査役,江戸川 泰路,1974年11月30日生,（注）４,"5,600",株
2201,森永製菓株式会社,2026-06-25,取締役会長CEO (代表取締役),太 田 栄 二 郎,1959年６月30日生,(注)４,"24,700",株
2201,森永製菓株式会社,2026-06-25,取締役社長COO (代表取締役),森 信 也,1962年３月14日生,(注)４,"6,200",株
2201,森永製菓株式会社,2026-06-25,取締役 常務執行役員,藤 井 大 右,1964年10月18日生,(注)４,"3,100",株
2201,森永製菓株式会社,2026-06-25,取締役 常務執行役員,松 永 秀 樹,1967年２月16日生,(注)４,"12,100",株
2201,森永製菓株式会社,2026-06-25,取締役 上席執行役員,高 波 健 二,1972年３月６日生,(注)４,"1,500",株
2201,森永製菓株式会社,2026-06-25,取締役,榊 真 二,1957年１月23日生,(注)４,,株
2201,森永製菓株式会社,2026-06-25,取締役,澤 村 環,1962年10月３日生,(注)４,,株
2201,森永製菓株式会社,2026-06-25,取締役,下 村 陽 一 郎,1962年３月11日生,(注)４,,株
2201,森永製菓株式会社,2026-06-25,取締役,山 岸 裕 美,1963年３月４日生,(注)４,,株
2201,森永製菓株式会社,2026-06-25,常勤監査役,福 永 俊 朗,1960年２月４日生,(注)５,"6,500",株
2201,森永製菓株式会社,2026-06-25,常勤監査役,笹 森 建 彦,1962年８月７日生,(注)６,"2,200",株
2201,森永製菓株式会社,2026-06-25,監査役,上 野 佐 和 子,1964年８月12日生,(注)６,,株
2201,森永製菓株式会社,2026-06-25,監査役,岸 日 出 夫,1958年５月13日生,(注)７,,株
2201,森永製菓株式会社,2026-06-25,取締役会長CEO (代表取締役),太 田 栄 二 郎,1959年６月30日生,(注)３,"24,700",株
2201,森永製菓株式会社,2026-06-25,取締役社長COO (代表取締役),森 信 也,1962年３月14日生,(注)３,"6,200",株
2201,森永製菓株式会社,2026-06-25,取締役 常務執行役員,藤 井 大 右,1964年10月18日生,(注)３,"3,100",株
2201,森永製菓株式会社,2026-06-25,取締役 常務執行役員,松 永 秀 樹,1967年２月16日生,(注)３,"12,100",株
2201,森永製菓株式会社,2026-06-25,取締役 上席執行役員,高 波 健 二,1972年３月６日生,(注)３,"1,500",株
2201,森永製菓株式会社,2026-06-25,取締役 上席執行役員CFO,奥 村 徹 也,1967年３月４日生,(注)３,,株
2201,森永製菓株式会社,2026-06-25,取締役,澤 村 環,1962年10月３日生,(注)３,,株
2201,森永製菓株式会社,2026-06-25,取締役,下 村 陽 一 郎,1962年３月11日生,(注)３,,株
2201,森永製菓株式会社,2026-06-25,取締役,山 岸 裕 美,1963年３月４日生,(注)３,,株
2201,森永製菓株式会社,2026-06-25,取締役,岩 田 義 浩,1961年８月21日生,(注)３,,株
2201,森永製菓株式会社,2026-06-25,常勤監査役,笹 森 建 彦,1962年８月７日生,(注)４,"2,200",株
2201,森永製菓株式会社,2026-06-25,常勤監査役,佐 野 友 一,1963年10月３日生,(注)６,200,株
2201,森永製菓株式会社,2026-06-25,監査役,上 野 佐 和 子,1964年８月12日生,(注)４,,株
2201,森永製菓株式会社,2026-06-25,監査役,岸 日 出 夫,1958年５月13日生,(注)５,,株
2204,株式会社中村屋,2026-06-23,代表取締役社長,島田 裕之,1970年４月１日生,(注)３,"6,100",株
2204,株式会社中村屋,2026-06-23,取締役兼専務執行役員 経営全般担当 兼品質保証室管掌,鍵山 敏彦,1958年７月23日生,(注)３,"3,300",株
2204,株式会社中村屋,2026-06-23,取締役兼執行役員 経営推進部門統括部長兼海外事業開発室統括室長,弘中 雅裕,1966年３月22日生,(注)３,"2,200",株
2204,株式会社中村屋,2026-06-23,常勤監査役,齊藤 正樹,1965年３月13日生,(注)４,"1,100",株
2204,株式会社中村屋,2026-06-23,監査役,日向 研,1959年２月24日生,(注)５,,株
2204,株式会社中村屋,2026-06-23,監査役,小川 直樹,1984年12月4日生,(注)６,,株
2206,江崎グリコ株式会社,2026-03-19,取締役会長 (代表取締役),江崎 勝久,1941年８月27日生,(注)４,260,千株
2206,江崎グリコ株式会社,2026-03-19,取締役社長 （代表取締役）,江崎 悦朗,1972年10月31日生,(注)４,32,千株
2206,江崎グリコ株式会社,2026-03-19,取締役,栗木 隆,1957年11月13日生,(注)４,14,千株
2206,江崎グリコ株式会社,2026-03-19,取締役,本澤 豊,1960年３月５日生,(注)４,3,千株
2206,江崎グリコ株式会社,2026-03-19,取締役,大石 佳能子,1961年３月24日生,(注)４,,千株
2206,江崎グリコ株式会社,2026-03-19,取締役,原 丈人,1952年10月10日生,(注)４,2,千株
2206,江崎グリコ株式会社,2026-03-19,取締役,滝口 広子,1963年12月24日生,(注)４,,千株
2206,江崎グリコ株式会社,2026-03-19,取締役,武藤 華子,1965年４月16日生,(注)４,,千株
2206,江崎グリコ株式会社,2026-03-19,監査役 （常勤）,吉田 敏明,1949年２月14日生,(注)５,0,千株
2206,江崎グリコ株式会社,2026-03-19,監査役 （常勤）,大貫 明,1954年７月17日生,(注)６,1,千株
2206,江崎グリコ株式会社,2026-03-19,監査役,工藤 稔,1955年５月18日生,(注)６,,千株
2206,江崎グリコ株式会社,2026-03-19,監査役,寺本 悟,1959年９月30日生,(注)６,,千株
2206,江崎グリコ株式会社,2026-03-19,監査役,内藤 文雄,1956年11月11日生,(注)７,,千株
2206,江崎グリコ株式会社,2026-03-19,合 計,13名,13名,,315,千株
2206,江崎グリコ株式会社,2026-03-19,取締役会長 (代表取締役),江崎 勝久,1941年８月27日生,(注)４,260,千株
2206,江崎グリコ株式会社,2026-03-19,取締役社長 （代表取締役）,江崎 悦朗,1972年10月31日生,(注)４,32,千株
2206,江崎グリコ株式会社,2026-03-19,取締役,栗木 隆,1957年11月13日生,(注)４,14,千株
2206,江崎グリコ株式会社,2026-03-19,取締役,本澤 豊,1960年３月５日生,(注)４,3,千株
2206,江崎グリコ株式会社,2026-03-19,取締役,大石 佳能子,1961年３月24日生,(注)４,,千株
2206,江崎グリコ株式会社,2026-03-19,取締役,原 丈人,1952年10月10日生,(注)４,2,千株
2206,江崎グリコ株式会社,2026-03-19,取締役,滝口 広子,1963年12月24日生,(注)４,,千株
2206,江崎グリコ株式会社,2026-03-19,取締役,武藤 華子,1965年４月16日生,(注)４,,千株
2206,江崎グリコ株式会社,2026-03-19,監査役 （常勤）,吉田 敏明,1949年２月14日生,(注)５,0,千株
2206,江崎グリコ株式会社,2026-03-19,監査役 （常勤）,大貫 明,1954年７月17日生,(注)６,1,千株
2206,江崎グリコ株式会社,2026-03-19,監査役,工藤 稔,1955年５月18日生,(注)６,,千株
2206,江崎グリコ株式会社,2026-03-19,監査役,寺本 悟,1959年９月30日生,(注)６,,千株
2206,江崎グリコ株式会社,2026-03-19,監査役,内藤 文雄,1956年11月11日生,(注)７,,千株
2206,江崎グリコ株式会社,2026-03-19,合 計,13名,13名,,315,千株
2207,株式会社ｍｅｉｔｏ,2026-06-24,代表取締役社長 グループ代表,三 矢 益 夫,1959年９月３日生,(注)３,"18,146",株
2207,株式会社ｍｅｉｔｏ,2026-06-24,常務取締役 社長補佐 管理・関係会社担当,山 崎 潔,1957年９月３日生,(注)３,"12,730",株
2207,株式会社ｍｅｉｔｏ,2026-06-24,取締役 管理本部長 兼総務部長,内 木 裕 之,1964年５月５日生,(注)３,"8,409",株
2207,株式会社ｍｅｉｔｏ,2026-06-24,取締役 営業本部長 兼営業部長 食品事業担当,井 尾 哲 也,1965年11月29日生,(注)３,"4,487",株
2207,株式会社ｍｅｉｔｏ,2026-06-24,取締役 化成品事業部長 兼化成品営業部長 兼八王子工場長,原 田 和 徳,1968年9月10日生,(注)３,"3,537",株
2207,株式会社ｍｅｉｔｏ,2026-06-24,取締役 （監査等委員） （常勤）,和 波 宏 隆,1964年1月24日生,(注)４,"5,320",株
2207,株式会社ｍｅｉｔｏ,2026-06-24,取締役 （監査等委員）,宮 博 則,1976年３月７日生,(注)４,,株
2207,株式会社ｍｅｉｔｏ,2026-06-24,代表取締役社長 グループ代表,三 矢 益 夫,1959年９月３日生,(注)３,"18,146",株
2207,株式会社ｍｅｉｔｏ,2026-06-24,常務取締役 営業本部長 兼営業部長 食品事業担当,井 尾 哲 也,1965年11月29日生,(注)３,"4,487",株
2207,株式会社ｍｅｉｔｏ,2026-06-24,取締役 管理本部長 兼総務部長,内 木 裕 之,1964年５月５日生,(注)３,"8,409",株
2207,株式会社ｍｅｉｔｏ,2026-06-24,取締役 化成品事業部長 兼化成品営業部長 兼八王子工場長,原 田 和 徳,1968年9月10日生,(注)３,"3,537",株
2207,株式会社ｍｅｉｔｏ,2026-06-24,取締役 （監査等委員） （常勤）,和 波 宏 隆,1964年1月24日生,(注)４,"5,320",株
2208,株式会社ブルボン,2026-06-19,取締役会長 (代表取締役),吉田 康,1955年５月24日生,（注）３,"1,173",千株
2208,株式会社ブルボン,2026-06-19,取締役社長 （代表取締役） 経営企画研究本部長,吉田 匡慶,1981年12月22日生,（注）３,741,千株
2208,株式会社ブルボン,2026-06-19,専務取締役 （代表取締役） 製造保証本部長,吉川 実,1960年10月28日生,（注）３,2,千株
2208,株式会社ブルボン,2026-06-19,常務取締役 開発開拓本部長兼 国際経営計画 推進担当,井手 規秀,1973年12月12日生,（注）３,0,千株
2208,株式会社ブルボン,2026-06-19,常務取締役 国内経営計画 推進担当,浅野 和男,1951年９月５日生,（注）３,6,千株
2208,株式会社ブルボン,2026-06-19,常務取締役 人智財本部長,中野 隆,1967年１月１日生,（注）３,1,千株
2208,株式会社ブルボン,2026-06-19,取締役 製造保証本部 副本部長,諸橋 文弘,1962年11月３日生,（注）３,2,千株
2208,株式会社ブルボン,2026-06-19,取締役 開発開拓本部 製品開発統括部長,坂井 裕次,1971年11月21日生,（注）３,1,千株
2208,株式会社ブルボン,2026-06-19,取締役 人智財本部 人事企画部長,横田 昇,1961年３月24日生,（注）３,1,千株
2208,株式会社ブルボン,2026-06-19,取締役 人智財本部 財務管理部長,間島 孝弘,1974年12月16日生,（注）３,0,千株
2208,株式会社ブルボン,2026-06-19,取締役 製造保証本部 製造管理部長,小林 修,1965年２月19日生,（注）３,0,千株
2208,株式会社ブルボン,2026-06-19,取締役 開発開拓本部 チャネル営業部長,髙橋 久宣,1977年12月12日生,（注）３,1,千株
2208,株式会社ブルボン,2026-06-19,社外取締役 非常勤,河端 和雄,1947年９月21日生,（注）３,,千株
2208,株式会社ブルボン,2026-06-19,社外取締役 非常勤,佐々木 広介,1955年12月１日生,（注）３,,千株
2208,株式会社ブルボン,2026-06-19,社外取締役 非常勤,尾関 幸美,1970年９月13日生,（注）３,,千株
2208,株式会社ブルボン,2026-06-19,社外取締役 非常勤,櫻井 孝男,1955年11月２日生,（注）３,,千株
2208,株式会社ブルボン,2026-06-19,社外取締役 非常勤,上杉 奈保美,1964年８月５日生,（注）３,,千株
2208,株式会社ブルボン,2026-06-19,常勤監査役,佐藤 一也,1956年７月２日生,（注）４,3,千株
2208,株式会社ブルボン,2026-06-19,常勤監査役,日浦 安夫,1957年３月２日生,（注）５,0,千株
2208,株式会社ブルボン,2026-06-19,社外監査役 非常勤,川上 悦男,1946年11月９日生,（注）５,2,千株
2208,株式会社ブルボン,2026-06-19,社外監査役 非常勤,今井 賢一郎,1960年１月24日生,（注）４,,千株
2209,井村屋グループ株式会社,2026-06-16,代表取締役社長 最高経営責任者(CEO) 最高執行責任者(COO),大 西 安 樹,1959年１月４日生,(注)３,12,千株
2209,井村屋グループ株式会社,2026-06-16,代表取締役副社長 最高財務責任者 (CFO),冨 永 治 郎,1968年11月23日生,(注)３,6,千株
2209,井村屋グループ株式会社,2026-06-16,取締役 取締役会議長 (COB),中 島 伸 子,1952年11月８日生,(注)３,14,千株
2209,井村屋グループ株式会社,2026-06-16,取締役,中 野 憲 一,1967年９月１日生,(注)３,1,千株
2209,井村屋グループ株式会社,2026-06-16,取締役 (注)１,田 中 洋,1951年12月23日生,(注)３,,千株
2209,井村屋グループ株式会社,2026-06-16,監査役 (注)２,土 田 繁,1972年５月26日生,(注)７,,千株
2209,井村屋グループ株式会社,2026-06-16,代表取締役社長 最高経営責任者(CEO) 最高執行責任者(COO),大 西 安 樹,1959年１月４日生,(注)３,12,千株
2209,井村屋グループ株式会社,2026-06-16,代表取締役副社長 最高財務責任者 (CFO),冨 永 治 郎,1968年11月23日生,(注)３,6,千株
2209,井村屋グループ株式会社,2026-06-16,取締役 取締役会議長 (COB),中 島 伸 子,1952年11月８日生,(注)３,14,千株
2209,井村屋グループ株式会社,2026-06-16,常務取締役,甲 斐 下 方 俊,1963年２月８日生,(注)３,,千株
2209,井村屋グループ株式会社,2026-06-16,取締役,田 中 穣 治,1968年８月26日生,(注)３,2,千株
2209,井村屋グループ株式会社,2026-06-16,取締役,中 野 憲 一,1967年９月１日生,(注)３,1,千株
2209,井村屋グループ株式会社,2026-06-16,取締役,井 村 慎,1975年３月30日生,(注)３,9,千株
2209,井村屋グループ株式会社,2026-06-16,取締役 (注)１,田 中 里 沙,1966年11月14日生,(注)３,,千株
2209,井村屋グループ株式会社,2026-06-16,取締役 (注)１,福 谷 朋 子,1971年６月４日生,(注)３,,千株
2209,井村屋グループ株式会社,2026-06-16,取締役 (注)１,田 中 洋,1951年12月23日生,(注)３,,千株
2209,井村屋グループ株式会社,2026-06-16,取締役 (注)１,廣 田 恵 子,1958年３月30日生,(注)３,,千株
2209,井村屋グループ株式会社,2026-06-16,常勤監査役,脇 田 元 夫,1951年3月3日生,(注)４,39,千株
2209,井村屋グループ株式会社,2026-06-16,常勤監査役,岩 上 真 人,1963年８月13日生,(注)５,6,千株
2209,井村屋グループ株式会社,2026-06-16,監査役 (注)２,若 林 正 清,1957年10月21日生,(注)６,,千株
2209,井村屋グループ株式会社,2026-06-16,監査役 (注)２,土 田 繁,1972年５月26日生,(注)７,,千株
220A,株式会社Ｆａｂｅｒ　Ｃｏｍｐａｎｙ,2025-12-22,代表取締役,稲次 正樹,1975年１月２日生,(注)２,"84,000",株
220A,株式会社Ｆａｂｅｒ　Ｃｏｍｐａｎｙ,2025-12-22,代表取締役 執行役員 Founder,古澤 暢央,1974年３月13日生,(注)２,"1,447,500 (注)４",株
220A,株式会社Ｆａｂｅｒ　Ｃｏｍｐａｎｙ,2025-12-22,取締役,石坂 茂,1971年９月６日生,(注) １，２,,株
220A,株式会社Ｆａｂｅｒ　Ｃｏｍｐａｎｙ,2025-12-22,取締役,中川 隆,1963年９月６日生,(注) １，２,,株
220A,株式会社Ｆａｂｅｒ　Ｃｏｍｐａｎｙ,2025-12-22,取締役 （監査等委員）,本橋 信之,1957年２月24日生,(注) １，３,,株
220A,株式会社Ｆａｂｅｒ　Ｃｏｍｐａｎｙ,2025-12-22,取締役 （監査等委員）,根本 鮎子,1983年６月６日生,(注) １，３,,株
220A,株式会社Ｆａｂｅｒ　Ｃｏｍｐａｎｙ,2025-12-22,取締役 （監査等委員）,高橋 龍徳,1969年１月15日生,(注) １，５,,株
2211,株式会社不二家,2026-03-23,代表取締役 会長,飯 島 幹 雄,1966年７月10日生,(注)3,68,百株
2211,株式会社不二家,2026-03-23,代表取締役 社長,河 村 宣 行,1954年11月29日生,(注)3,84,百株
2211,株式会社不二家,2026-03-23,取締役副社長 洋菓子事業本部担当、 菓子事業本部担当、 購買担当、Ｅコマース担当、洋菓子事業本部長,瓜 生 徹,1963年４月20日生,(注)3,13,百株
2211,株式会社不二家,2026-03-23,専務取締役 キャラクターライセンス担当 、菓子事業本部長兼菓子事業本部マーケティング本部長,富 永 寿 哉,1963年６月13日生,(注)3,17,百株
2211,株式会社不二家,2026-03-23,常務取締役 海外事業担当、 菓子事業本部 生産本部長,古 田 健,1966年12月30日生,(注)3,6,百株
2211,株式会社不二家,2026-03-23,取締役 経理本部長 兼経理部長,荒 畑 克 也,1963年６月２日生,(注)3,5,百株
2211,株式会社不二家,2026-03-23,取締役,高 橋 俊 裕,1939年11月28日生,(注)3,40,百株
2211,株式会社不二家,2026-03-23,取締役,中 野 武 夫,1956年６月28日生,(注)3,35,百株
2211,株式会社不二家,2026-03-23,取締役,村 岡 香奈子,1965年４月26日生,(注)3,11,百株
2211,株式会社不二家,2026-03-23,取締役,酒 井 美 紀,1978年２月21日生,(注)3,11,百株
2211,株式会社不二家,2026-03-23,取締役,神 長 善 次,1943年４月25日生,(注)3,9,百株
2211,株式会社不二家,2026-03-23,常勤監査役,中 島 清 隆,1957年１月13日生,(注)4,14,百株
2211,株式会社不二家,2026-03-23,常勤監査役,安 井 泰 宏,1961年７月20日生,(注)5,10,百株
2211,株式会社不二家,2026-03-23,監査役,弘 中 徹,1940年１月10日生,(注)4,78,百株
2211,株式会社不二家,2026-03-23,監査役,佐 藤 元 宏,1947年２月21日生,(注)4,28,百株
2211,株式会社不二家,2026-03-23,代表取締役 会長,飯 島 幹 雄,1966年７月10日生,(注)4,68,百株
2211,株式会社不二家,2026-03-23,代表取締役 社長,河 村 宣 行,1954年11月29日生,(注)4,84,百株
2211,株式会社不二家,2026-03-23,取締役副社長 洋菓子事業本部担当、 菓子事業本部担当、 購買担当、Ｅコマース担当、洋菓子事業本部長,瓜 生 徹,1963年４月20日生,(注)4,13,百株
2211,株式会社不二家,2026-03-23,専務取締役 キャラクターライセンス担当 、菓子事業本部長兼菓子事業本部マーケティング本部長,富 永 寿 哉,1963年６月13日生,(注)4,17,百株
2211,株式会社不二家,2026-03-23,常務取締役 海外事業担当、 菓子事業本部 生産本部長,古 田 健,1966年12月30日生,(注)4,6,百株
2211,株式会社不二家,2026-03-23,取締役,吉 田 修 康,1973年１月18日生,(注)3,,百株
2211,株式会社不二家,2026-03-23,取締役 経理本部長 兼経理部長,安 井 泰 宏,1961年７月20日生,(注)3,10,百株
2211,株式会社不二家,2026-03-23,取締役,高 橋 俊 裕,1939年11月28日生,(注)4,40,百株
2211,株式会社不二家,2026-03-23,取締役,中 野 武 夫,1956年６月28日生,(注)4,35,百株
2211,株式会社不二家,2026-03-23,取締役,村 岡 香奈子,1965年４月26日生,(注)4,11,百株
2211,株式会社不二家,2026-03-23,取締役,酒 井 美 紀,1978年２月21日生,(注)4,11,百株
2211,株式会社不二家,2026-03-23,取締役,神 長 善 次,1943年４月25日生,(注)4,9,百株
2211,株式会社不二家,2026-03-23,常勤監査役,中 島 清 隆,1957年１月13日生,(注)5,14,百株
2211,株式会社不二家,2026-03-23,監査役,弘 中 徹,1940年１月10日生,(注)5,78,百株
2211,株式会社不二家,2026-03-23,監査役,佐 藤 元 宏,1947年２月21日生,(注)5,28,百株
2212,山崎製パン株式会社,2026-03-24,代表取締役社長,飯 島 延 浩,1941年７月28日生,※１,"3,665",千株
2212,山崎製パン株式会社,2026-03-24,代表取締役副社長 営業部門、総務、人事担当,飯 島 幹 雄,1966年７月10日生,※１,155,千株
2212,山崎製パン株式会社,2026-03-24,専務取締役 経理、財務担当,横 濱 通 雄,1944年１月23日生,※１,4,千株
2212,山崎製パン株式会社,2026-03-24,専務取締役 総務、総合クリエイション センター担当 総務本部長兼社史編纂室長,会 田 正 久,1944年２月14日生,※１,4,千株
2212,山崎製パン株式会社,2026-03-24,専務取締役 営業担当 営業統括本部長,犬 塚 勇,1962年12月15日生,※１,3,千株
2212,山崎製パン株式会社,2026-03-24,専務取締役 広域流通営業担当,関 根 治,1947年９月５日生,※１,3,千株
2212,山崎製パン株式会社,2026-03-24,専務取締役 生産、食品安全衛生管理、 中央研究所担当 生産統括本部長,吉田谷 良一,1954年3月31日生,※１,6,千株
2212,山崎製パン株式会社,2026-03-24,常務取締役 生産(和洋菓子)担当,酒 井 光 政,1954年４月６日生,※１,2,千株
2212,山崎製パン株式会社,2026-03-24,常務取締役 人事担当,吉 田 修 康,1973年１月18日生,※１,22,千株
2212,山崎製パン株式会社,2026-03-24,取締役,島 田 秀 男,1951年９月27日生,※１,1,千株
2212,山崎製パン株式会社,2026-03-24,取締役,畑 江 敬 子,1941年３月28日生,※１,3,千株
2212,山崎製パン株式会社,2026-03-24,取締役 常勤監査等委員,佐 藤 健 司,1954年２月18日生,※２,7,千株
2212,山崎製パン株式会社,2026-03-24,取締役 常勤監査等委員,松 田 道 弘,1944年５月４日生,※２,,千株
2212,山崎製パン株式会社,2026-03-24,取締役 監査等委員,齋 藤 昌 男,1937年９月23日生,※２,,千株
2212,山崎製パン株式会社,2026-03-24,取締役 監査等委員,馬場 久萬男,1937年12月14日生,※２,,千株
2212,山崎製パン株式会社,2026-03-24,代表取締役社長,飯 島 延 浩,1941年７月28日生,※１,"3,665",千株
2212,山崎製パン株式会社,2026-03-24,代表取締役副社長 営業部門、総務、人事担当,飯 島 幹 雄,1966年７月10日生,※１,155,千株
2212,山崎製パン株式会社,2026-03-24,専務取締役 経理、財務担当,横 濱 通 雄,1944年１月23日生,※１,4,千株
2212,山崎製パン株式会社,2026-03-24,専務取締役 総務、総合クリエイション センター担当 総務本部長兼社史編纂室長,会 田 正 久,1944年２月14日生,※１,4,千株
2212,山崎製パン株式会社,2026-03-24,専務取締役 営業担当 営業統括本部長,犬 塚 勇,1962年12月15日生,※１,3,千株
2212,山崎製パン株式会社,2026-03-24,専務取締役 広域流通営業担当,関 根 治,1947年９月５日生,※１,3,千株
2212,山崎製パン株式会社,2026-03-24,専務取締役 生産、食品安全衛生管理、 中央研究所担当 生産統括本部長,吉田谷 良一,1954年3月31日生,※１,6,千株
2212,山崎製パン株式会社,2026-03-24,常務取締役 生産(和洋菓子)担当,酒 井 光 政,1954年４月６日生,※１,2,千株
2212,山崎製パン株式会社,2026-03-24,常務取締役 人事担当,吉 田 修 康,1973年１月18日生,※１,22,千株
2212,山崎製パン株式会社,2026-03-24,取締役,島 田 秀 男,1951年９月27日生,※１,1,千株
2212,山崎製パン株式会社,2026-03-24,取締役,畑 江 敬 子,1941年３月28日生,※１,3,千株
2212,山崎製パン株式会社,2026-03-24,取締役 常勤監査等委員,佐 藤 健 司,1954年２月18日生,※２,7,千株
2212,山崎製パン株式会社,2026-03-24,取締役 常勤監査等委員,松 田 道 弘,1944年５月４日生,※２,,千株
2212,山崎製パン株式会社,2026-03-24,取締役 監査等委員,馬場 久萬男,1937年12月14日生,※２,,千株
2212,山崎製パン株式会社,2026-03-24,取締役 監査等委員,藤 瀨 裕 司,1962年5月21日生,※２,,千株
2215,第一屋製パン株式会社,2026-03-27,代表取締役社長,細貝 正統,1975年５月２日生,2027年 ３月まで (１年),37,千株
2215,第一屋製パン株式会社,2026-03-27,取締役副社長,黒土 尚紀,1968年11月23日生,2027年 ３月まで (１年),,千株
2215,第一屋製パン株式会社,2026-03-27,取締役,佐藤 康一,1972年11月２日生,2027年 ３月まで (１年),0,千株
2215,第一屋製パン株式会社,2026-03-27,取締役,南 浩二,1968年８月２日生,2027年 ３月まで (１年),,千株
2215,第一屋製パン株式会社,2026-03-27,取締役,長谷川千鶴,1983年11月17日生,2027年 ３月まで (１年),,千株
2215,第一屋製パン株式会社,2026-03-27,取締役,貝沼 利晃,1974年３月７日生,2027年 ３月まで (１年),,千株
2215,第一屋製パン株式会社,2026-03-27,常勤監査役,家城 裕,1963年７月11日生,2028年 ３月まで (２年),,千株
2215,第一屋製パン株式会社,2026-03-27,監査役,川村 竜也,1967年５月19日生,2028年 ３月まで (２年),─,千株
2215,第一屋製パン株式会社,2026-03-27,監査役,小室 英夫,1954年12月19日生,2027年 ３月まで (１年),2,千株
2215,第一屋製パン株式会社,2026-03-27,代表取締役社長,細貝 正統,1975年５月２日生,2027年 ３月まで (１年),37,千株
2215,第一屋製パン株式会社,2026-03-27,取締役副社長,黒土 尚紀,1968年11月23日生,2027年 ３月まで (１年),,千株
2215,第一屋製パン株式会社,2026-03-27,取締役,佐藤 康一,1972年11月２日生,2027年 ３月まで (１年),0,千株
2215,第一屋製パン株式会社,2026-03-27,取締役,長谷川千鶴,1983年11月17日生,2027年 ３月まで (１年),,千株
2215,第一屋製パン株式会社,2026-03-27,取締役,加藤 茂治,1970年１月９日生,2027年 ３月まで (１年),,千株
2215,第一屋製パン株式会社,2026-03-27,取締役,田中 大輔,1974年７月15日生,2027年 ３月まで (１年),,千株
2215,第一屋製パン株式会社,2026-03-27,常勤監査役,家城 裕,1963年７月11日生,2028年 ３月まで (２年),,千株
2215,第一屋製パン株式会社,2026-03-27,監査役,川村 竜也,1967年５月19日生,2028年 ３月まで (２年),─,千株
2215,第一屋製パン株式会社,2026-03-27,監査役,小室 英夫,1954年12月19日生,2027年 ３月まで (１年),2,千株
2216,カンロ株式会社,2026-03-26,代表取締役社長 ＣＥＯ兼 チーフ・コンプライアンス・ オフィサー兼 サステナビリティ委員長,村 田 哲 也,1969年10月11日生,(注)３,"12,300",株
2216,カンロ株式会社,2026-03-26,取締役 専務執行役員 コア事業本部長,石 川 和 弘,1965年8月26日生,(注)３,"55,800",株
2216,カンロ株式会社,2026-03-26,取締役 常務執行役員 ＣＦＯ財務・経理本部長兼 ＣＩＯデジタル ソリューション本部長,佐 藤 光 記,1969年12月29日生,(注)３,,株
2216,カンロ株式会社,2026-03-26,取締役,堀 江 裕 美,1956年６月19日生,(注)３,,株
2216,カンロ株式会社,2026-03-26,取締役,伊 藤 善 計,1960年３月19日生,(注)３,,株
2216,カンロ株式会社,2026-03-26,取締役,太 田 智 久,1967年１月20日生,(注)３,,株
2216,カンロ株式会社,2026-03-26,常勤監査役,山 本 寿 男,1967年９月30日生,(注)４,"14,200",株
2216,カンロ株式会社,2026-03-26,常勤監査役,木 村 敦 彦,1958年２月４日生,(注)５,,株
2216,カンロ株式会社,2026-03-26,監査役,花 野 信 子,1968年10月６日生,(注)５,,株
2216,カンロ株式会社,2026-03-26,監査役,膝 附 東 洋 史,1974年9月23日生,(注)６,,株
2216,カンロ株式会社,2026-03-26,代表取締役社長 ＣＥＯ兼 チーフ・コンプライアンス・ オフィサー兼 サステナビリティ委員長,村 田 哲 也,1969年10月11日生,(注)３,"12,300",株
2216,カンロ株式会社,2026-03-26,取締役 専務執行役員 コア事業本部長,石 川 和 弘,1965年8月26日生,(注)３,"55,800",株
2216,カンロ株式会社,2026-03-26,取締役 常務執行役員 ＣＦＯ財務・経理本部長兼 ＣＩＯデジタル ソリューション本部長,佐 藤 光 記,1969年12月29日生,(注)３,,株
2216,カンロ株式会社,2026-03-26,取締役,堀 江 裕 美,1956年６月19日生,(注)３,,株
2216,カンロ株式会社,2026-03-26,取締役,伊 藤 善 計,1960年３月19日生,(注)３,,株
2216,カンロ株式会社,2026-03-26,取締役,太 田 智 久,1967年１月20日生,(注)３,,株
2216,カンロ株式会社,2026-03-26,取締役,長 林 道 生,1964年10月14日生,(注)３,,株
2216,カンロ株式会社,2026-03-26,常勤監査役,山 本 寿 男,1967年９月30日生,(注)４,"14,200",株
2216,カンロ株式会社,2026-03-26,常勤監査役,木 村 敦 彦,1958年２月４日生,(注)５,,株
2216,カンロ株式会社,2026-03-26,監査役,花 野 信 子,1968年10月６日生,(注)５,,株
2216,カンロ株式会社,2026-03-26,監査役,膝 附 東 洋 史,1974年9月23日生,(注)６,,株
2217,モロゾフ株式会社,2026-04-23,代表取締役 社長,山口 信二,1959年３月１日生,注２,"40,468",株
2217,モロゾフ株式会社,2026-04-23,代表取締役 副社長 管理部門統括,山岡 祥記,1957年４月２日生,注２,"30,679",株
2217,モロゾフ株式会社,2026-04-23,常務取締役 マーケティング本部長,鈴木 正人,1971年10月28日生,注２,"5,704",株
2217,モロゾフ株式会社,2026-04-23,取締役 生産本部長,高田 耕治,1965年５月21日生,注２,"10,343",株
2217,モロゾフ株式会社,2026-04-23,取締役 経営統括本部長,磯野 健治,1965年７月２日生,注２,"10,137",株
2217,モロゾフ株式会社,2026-04-23,取締役 営業本部長,佐々木 誉之,1966年８月3日生,注２,"3,033",株
2217,モロゾフ株式会社,2026-04-23,取締役,笠原 かほる,1961年12月14日生,注２,,株
2217,モロゾフ株式会社,2026-04-23,取締役,森澤 武雄,1961年８月27日生,注２,,株
2217,モロゾフ株式会社,2026-04-23,取締役 （常勤監査等委員）,木村 雅一,1962年11月18日生,注３,"4,476",株
2217,モロゾフ株式会社,2026-04-23,取締役 （監査等委員）,渡邊 純子,1965年10月17日生,注３,,株
2217,モロゾフ株式会社,2026-04-23,取締役 （監査等委員）,松尾 茂樹,1958年２月18日生,注３,,株
2217,モロゾフ株式会社,2026-04-23,代表取締役 社長,山口 信二,1959年３月１日生,注２,"40,468",株
2217,モロゾフ株式会社,2026-04-23,代表取締役副社長 マーケティング本部長,鈴木 正人,1971年10月28日生,注２,"5,704",株
2217,モロゾフ株式会社,2026-04-23,代表取締役専務 経営統括本部長,磯野 健治,1965年７月2日生,注２,"10,137",株
2217,モロゾフ株式会社,2026-04-23,常務取締役 生産本部長,高田 耕治,1965年５月21日生,注２,"10,343",株
2217,モロゾフ株式会社,2026-04-23,取締役 営業本部長,佐々木 誉之,1966年８月3日生,注２,"3,033",株
2217,モロゾフ株式会社,2026-04-23,取締役,笠原 かほる,1961年12月14日生,注２,,株
2217,モロゾフ株式会社,2026-04-23,取締役,森澤 武雄,1961年８月27日生,注２,,株
2217,モロゾフ株式会社,2026-04-23,取締役 （常勤監査等委員）,木村 雅一,1962年11月18日生,注３,"4,476",株
2217,モロゾフ株式会社,2026-04-23,取締役 （監査等委員）,渡邊 純子,1965年10月17日生,注３,,株
2217,モロゾフ株式会社,2026-04-23,取締役 （監査等委員）,松尾 茂樹,1958年２月18日生,注３,,株
2218,日糧製パン株式会社,2026-06-23,取締役会長 (代表取締役),佐 々 木 進,1953年３月７日生,(注)３,600,株
2218,日糧製パン株式会社,2026-06-23,取締役社長 (代表取締役),吉 田 勝 彦,1951年12月２日生,(注)３,"9,500",株
2218,日糧製パン株式会社,2026-06-23,常務取締役 製造部門全体統括、 食品安全衛生管理 本部担当、購買担当,渡 邊 賢 司,1958年２月８日生,(注)３,"1,600",株
2218,日糧製パン株式会社,2026-06-23,常務取締役 営業部門全体統括,吉 井 誠 一,1963年９月25日生,(注)３,400,株
2218,日糧製パン株式会社,2026-06-23,常務取締役 製造部門担当、 製造本部長,塩 見 佳 久,1972年２月12日生,(注)３,"1,800",株
2218,日糧製パン株式会社,2026-06-23,取締役,酒 井 光 政,1954年４月６日生,(注)３,"1,200",株
2218,日糧製パン株式会社,2026-06-23,取締役 営業部門担当、 販売物流本部長,大 沼 晃 二,1963年９月15日生,(注)３,"1,900",株
2218,日糧製パン株式会社,2026-06-23,取締役 管理部門担当、 内部統制担当、 経理本部長,那 須 英 幸,1960年９月29日生,(注)３,"3,100",株
2218,日糧製パン株式会社,2026-06-23,取締役,小 林 純 也,1973年８月18日生,(注)３,,株
2218,日糧製パン株式会社,2026-06-23,常勤監査役,大 塚 功 喜,1962年10月30日生,(注)４,"2,000",株
2218,日糧製パン株式会社,2026-06-23,監査役,實 重 洋 祐,1975年12月７日生,(注)５,,株
2218,日糧製パン株式会社,2026-06-23,監査役,石 川 哲,1972年１月13日生,(注)４,,株
2220,亀田製菓株式会社,2026-06-19,代表取締役会長,ジュネジャ・ レカ・ラジュ,1952年３月３日生,(注)６,17,千株
2220,亀田製菓株式会社,2026-06-19,代表取締役社長,髙 木 政 紀,1972年２月11日生,(注)６,8,千株
2220,亀田製菓株式会社,2026-06-19,専務取締役,小 林 章,1965年10月17日生,(注)６,14,千株
2220,亀田製菓株式会社,2026-06-19,常務取締役,古 泉 直 子,1970年６月８日生,(注)６,922,千株
2220,亀田製菓株式会社,2026-06-19,取締役,三 宅 峰三郎,1952年７月22日生,(注)６,6,千株
2220,亀田製菓株式会社,2026-06-19,取締役,伊 藤 好 生,1953年３月18日生,(注)６,,千株
2220,亀田製菓株式会社,2026-06-19,取締役,金 井 孝 行,1959年４月16日生,(注)６,4,千株
2220,亀田製菓株式会社,2026-06-19,取締役,井 植 敏 雅,1962年12月３日生,(注)６,4,千株
2220,亀田製菓株式会社,2026-06-19,取締役,尚 山 勝 男,1955年２月21日生,(注)６,3,千株
2220,亀田製菓株式会社,2026-06-19,常勤監査役,佐々木 淳,1960年７月15日生,(注)５,7,千株
2220,亀田製菓株式会社,2026-06-19,常勤監査役,田 辺 真 理,1961年１月12日生,(注)７,12,千株
2220,亀田製菓株式会社,2026-06-19,監査役,青 木 和 義,1955年12月24日生,(注)４,,千株
2220,亀田製菓株式会社,2026-06-19,監査役,伊 藤 彰 浩,1960年12月19日生,(注)４,1,千株
2220,亀田製菓株式会社,2026-06-19,代表取締役会長,ジュネジャ・ レカ・ラジュ,1952年３月３日生,(注)６,17,千株
2220,亀田製菓株式会社,2026-06-19,代表取締役社長,髙 木 政 紀,1972年２月11日生,(注)６,8,千株
2220,亀田製菓株式会社,2026-06-19,専務取締役,小 林 章,1965年10月17日生,(注)６,14,千株
2220,亀田製菓株式会社,2026-06-19,常務取締役,古 泉 直 子,1970年６月８日生,(注)６,922,千株
2220,亀田製菓株式会社,2026-06-19,取締役,伊 藤 好 生,1953年３月18日生,(注)６,,千株
2220,亀田製菓株式会社,2026-06-19,取締役,金 井 孝 行,1959年４月16日生,(注)６,4,千株
2220,亀田製菓株式会社,2026-06-19,取締役,井 植 敏 雅,1962年12月３日生,(注)６,4,千株
2220,亀田製菓株式会社,2026-06-19,取締役,尚 山 勝 男,1955年２月21日生,(注)６,3,千株
2220,亀田製菓株式会社,2026-06-19,取締役,内 田 和 成,1951年10月31日生,(注)６,,千株
2220,亀田製菓株式会社,2026-06-19,常勤監査役,佐々木 淳,1960年７月15日生,(注)４,7,千株
2220,亀田製菓株式会社,2026-06-19,常勤監査役,田 辺 真 理,1961年１月12日生,(注)５,12,千株
2220,亀田製菓株式会社,2026-06-19,監査役,伊 藤 彰 浩,1960年12月19日生,(注)７,1,千株
2220,亀田製菓株式会社,2026-06-19,監査役,藤 井 佳 子,1965年7月11日生,(注)７,,千株
2221,岩塚製菓株式会社,2026-06-24,代表取締役会長 CEO,槇 春夫,1951年５月26日生,(注)２,182,千株
2221,岩塚製菓株式会社,2026-06-24,代表取締役社長 COO,槇 大介,1979年８月14日生,(注)２、４,20,千株
2221,岩塚製菓株式会社,2026-06-24,常務取締役 経営管理本部長,星野 忠彦,1960年12月29日生,(注)２,12,千株
2221,岩塚製菓株式会社,2026-06-24,常務取締役 購買・生産管理担当,小林 晴仁,1961年２月６日生,(注)２,1,千株
2221,岩塚製菓株式会社,2026-06-24,取締役 マーケティング本部長,青山 英之,1971年９月26日生,(注)２,6,千株
2221,岩塚製菓株式会社,2026-06-24,取締役 製造本部長,若月 一彦,1969年11月29日生,(注)２,2,千株
2221,岩塚製菓株式会社,2026-06-24,取締役 (監査等委員）,髙橋 隆二,1961年10月27日生,(注)１、３,0,千株
2221,岩塚製菓株式会社,2026-06-24,取締役 (監査等委員）,石川 豊,1954年２月10日生,(注)１、３,2,千株
2221,岩塚製菓株式会社,2026-06-24,取締役 (監査等委員）,深井 一男,1952年１月10日生,(注)１、３,,千株
2221,岩塚製菓株式会社,2026-06-24,代表取締役会長,槇 春夫,1951年５月26日生,(注)２,182,千株
2221,岩塚製菓株式会社,2026-06-24,代表取締役社長,槇 大介,1979年８月14日生,(注)２、４,20,千株
2221,岩塚製菓株式会社,2026-06-24,常務取締役 購買・生産管理担当,小林 晴仁,1961年２月６日生,(注)２,1,千株
2221,岩塚製菓株式会社,2026-06-24,取締役 マーケティング本部長,青山 英之,1971年９月26日生,(注)２,6,千株
2221,岩塚製菓株式会社,2026-06-24,取締役 製造本部長,若月 一彦,1969年11月29日生,(注)２,2,千株
2221,岩塚製菓株式会社,2026-06-24,取締役 経営管理本部長,竹部 雅伸,1970年６月11日生,(注)２,4,千株
2221,岩塚製菓株式会社,2026-06-24,取締役 (監査等委員）,髙橋 隆二,1961年10月27日生,(注)１、３,0,千株
2221,岩塚製菓株式会社,2026-06-24,取締役 (監査等委員）,石川 豊,1954年２月10日生,(注)１、３,2,千株
2221,岩塚製菓株式会社,2026-06-24,取締役 (監査等委員）,深井 一男,1952年１月10日生,(注)１、３,,千株
2222,寿スピリッツ株式会社,2026-06-23,取締役社長 (代表取締役),河越 誠剛,1960年11月21日生,(注) ３,13,千株
2222,寿スピリッツ株式会社,2026-06-23,常務取締役 グループ経営管理本部長,松本 真司,1967年３月25日生,(注) ３,90,千株
2222,寿スピリッツ株式会社,2026-06-23,取締役,城内 正行,1965年12月9日生,(注) ３,107,千株
2222,寿スピリッツ株式会社,2026-06-23,取締役,阪本 良一,1969年１月４日生,(注) ３,84,千株
2222,寿スピリッツ株式会社,2026-06-23,取締役,岩田 松雄,1958年６月２日生,(注) ３,,千株
2222,寿スピリッツ株式会社,2026-06-23,取締役,好本 惠,1954年１月５日生,(注) ３,,千株
2222,寿スピリッツ株式会社,2026-06-23,取締役 (監査等委員),山根 理道,1956年11月25日生,(注) ４,94,千株
2222,寿スピリッツ株式会社,2026-06-23,取締役 (監査等委員),田中 康裕,1963年８月８日生,(注) ４,,千株
2222,寿スピリッツ株式会社,2026-06-23,取締役 (監査等委員),上田 啓子,1976年１月21日生,(注) ４,,千株
2222,寿スピリッツ株式会社,2026-06-23,取締役社長 (代表取締役),河越 誠剛,1960年11月21日生,(注) ３,13,千株
2222,寿スピリッツ株式会社,2026-06-23,常務取締役 グループ経営管理本部長,松本 真司,1967年３月25日生,(注) ３,90,千株
2222,寿スピリッツ株式会社,2026-06-23,取締役,城内 正行,1965年12月9日生,(注) ３,107,千株
2222,寿スピリッツ株式会社,2026-06-23,取締役,阪本 良一,1969年１月４日生,(注) ３,84,千株
2222,寿スピリッツ株式会社,2026-06-23,取締役,岩田 松雄,1958年６月２日生,(注) ３,,千株
2222,寿スピリッツ株式会社,2026-06-23,取締役,好本 惠,1954年１月５日生,(注) ３,,千株
2222,寿スピリッツ株式会社,2026-06-23,取締役 (監査等委員),永東 淳,1967年３月12日生,(注) ４,145,千株
2222,寿スピリッツ株式会社,2026-06-23,取締役 (監査等委員),田中 康裕,1963年８月８日生,(注) ４,,千株
2222,寿スピリッツ株式会社,2026-06-23,取締役 (監査等委員),上田 啓子,1976年１月21日生,(注) ４,,千株
2224,株式会社コモ,2026-06-24,代表取締役社長,木下 克己,1947年８月11日生,（注）５,11,千株
2224,株式会社コモ,2026-06-24,常務取締役,鈴木 憲幸,1958年12月27日生,（注）５,2,千株
2224,株式会社コモ,2026-06-24,取締役 製造本部長,伊藤 政幸,1966年３月15日生,（注）５,4,千株
2224,株式会社コモ,2026-06-24,取締役 営業本部長,中島 文孝,1968年６月２日生,（注）５,1,千株
2224,株式会社コモ,2026-06-24,取締役,馬渕 貴好,1956年１月５日生,（注）５,1,千株
2224,株式会社コモ,2026-06-24,常勤監査役,加藤 英次,1960年６月11日生,（注）４,,千株
2224,株式会社コモ,2026-06-24,監査役,井口 浩治,1959年６月７日生,（注）３,,千株
2224,株式会社コモ,2026-06-24,監査役,土井 竜二,1971年８月23日生,（注）４,,千株
2224,株式会社コモ,2026-06-24,代表取締役社長,木下 克己,1947年８月11日生,（注）４,11,千株
2224,株式会社コモ,2026-06-24,常務取締役,鈴木 憲幸,1958年12月27日生,（注）４,2,千株
2224,株式会社コモ,2026-06-24,取締役 製造本部長,伊藤 政幸,1966年３月15日生,（注）４,4,千株
2224,株式会社コモ,2026-06-24,取締役 営業本部長,中島 文孝,1968年６月２日生,（注）４,1,千株
2224,株式会社コモ,2026-06-24,取締役,馬渕 貴好,1956年１月５日生,（注）４,1,千株
2224,株式会社コモ,2026-06-24,常勤監査役,加藤 英次,1960年６月11日生,（注）３,,千株
2224,株式会社コモ,2026-06-24,監査役,井口 浩治,1959年６月７日生,（注）５,,千株
2224,株式会社コモ,2026-06-24,監査役,土井 竜二,1971年８月23日生,（注）３,,千株
2226,株式会社湖池屋,2026-06-18,取締役会長 (代表取締役),小池 孝,1956年８月６日,(注)３,"745,470",株
2226,株式会社湖池屋,2026-06-18,取締役社長 (代表取締役),佐藤 章,1959年６月27日,(注)３,,株
2226,株式会社湖池屋,2026-06-18,常務取締役 営業本部長,濱田 豊志,1969年10月24日,(注)３,"3,200",株
2226,株式会社湖池屋,2026-06-18,取締役 経営管理本部長 <兼>経理部長,大島 広昭,1968年10月21日,(注)３,,株
2226,株式会社湖池屋,2026-06-18,取締役,山田 道明,1965年１月19日,(注)３,,株
2226,株式会社湖池屋,2026-06-18,取締役 （常勤監査等委員）,松尾 隆,1961年７月26日,(注)４,,株
2226,株式会社湖池屋,2026-06-18,取締役 （監査等委員）,上平 徹,1957年８月１日,(注)４,,株
2226,株式会社湖池屋,2026-06-18,取締役 （監査等委員）,神尾 和男,1951年11月28日,(注)５,,株
2226,株式会社湖池屋,2026-06-18,取締役会長 (代表取締役),小池 孝,1956年８月６日,(注)３,"745,470",株
2226,株式会社湖池屋,2026-06-18,取締役社長 (代表取締役),佐藤 章,1959年６月27日,(注)３,,株
2226,株式会社湖池屋,2026-06-18,常務取締役 営業本部長,濱田 豊志,1969年10月24日,(注)３,"3,200",株
2226,株式会社湖池屋,2026-06-18,取締役 経営管理本部長 <兼>経理部長,大島 広昭,1968年10月21日,(注)３,,株
2226,株式会社湖池屋,2026-06-18,取締役,山田 道明,1965年１月19日,(注)３,,株
2226,株式会社湖池屋,2026-06-18,取締役 （常勤監査等委員）,松尾 隆,1961年７月26日,(注)４,,株
2226,株式会社湖池屋,2026-06-18,取締役 （監査等委員）,上平 徹,1957年８月１日,(注)４,,株
2226,株式会社湖池屋,2026-06-18,取締役 （監査等委員）,大内 智重子,1962年10月９日,(注)５,,株
2229,カルビー株式会社,2026-06-19,代表取締役社長 兼 CEO,江原 信,1958年12月24日生,(注)４,"3,600",株
2229,カルビー株式会社,2026-06-19,取締役 副社長執行役員 兼 CPO,井本 朗,1964年８月７日生,(注)４,"1,183",株
2229,カルビー株式会社,2026-06-19,取締役 副社長執行役員 兼 CSO,笙 啓英,1966年12月８日生,(注)４,"1,300",株
2229,カルビー株式会社,2026-06-19,取締役,宮内 義彦,1935年９月13日生,(注)４,,株
2229,カルビー株式会社,2026-06-19,取締役,桐山 一憲,1962年11月30日生,(注)４,"3,000",株
2229,カルビー株式会社,2026-06-19,取締役,杉田 浩章,1961年２月14日生,(注)４,,株
2229,カルビー株式会社,2026-06-19,取締役,鈴木 貴子,1962年３月５日生,(注)４,,株
2229,カルビー株式会社,2026-06-19,取締役,ウェイウェイ ・ヤオ,1968年12月９日生,(注)４,,株
2229,カルビー株式会社,2026-06-19,常勤監査役,岡藤 由美子,1964年12月10日生,(注)５,500,株
2229,カルビー株式会社,2026-06-19,監査役,大江 修子,1973年５月24日生,(注)６,,株
2229,カルビー株式会社,2026-06-19,監査役,宇佐美 豊,1958年４月28日生,(注)７,,株
2229,カルビー株式会社,2026-06-19,代表取締役社長 兼 CEO,江原 信,1958年12月24日生,(注)４,"3,600",株
2229,カルビー株式会社,2026-06-19,取締役 執行役員 兼 CFO 兼 CDXO,田邉 和宏,1972年５月31日生,(注)４,,株
2229,カルビー株式会社,2026-06-19,取締役 （非業務執行）,ウェイウェイ ・ヤオ,1968年12月９日生,(注)４,,株
2229,カルビー株式会社,2026-06-19,取締役,宮内 義彦,1935年９月13日生,(注)４,,株
2229,カルビー株式会社,2026-06-19,取締役,桐山 一憲,1962年11月30日生,(注)４,"3,000",株
2229,カルビー株式会社,2026-06-19,取締役,杉田 浩章,1961年２月14日生,(注)４,,株
2229,カルビー株式会社,2026-06-19,取締役,鈴木 貴子,1962年３月５日生,(注)４,,株
2229,カルビー株式会社,2026-06-19,取締役,松本 佐千夫,1959年10月27日生,(注)４,,株
2229,カルビー株式会社,2026-06-19,常勤監査役,岡藤 由美子,1964年12月10日生,(注)５,500,株
2229,カルビー株式会社,2026-06-19,監査役,大江 修子,1973年５月24日生,(注)６,,株
2229,カルビー株式会社,2026-06-19,監査役,宇佐美 豊,1958年４月28日生,(注)７,,株
2264,森永乳業株式会社,2026-06-24,代表取締役 社長,大 貫 陽 一,1959年12月４日生,(注)４,450,百株
2264,森永乳業株式会社,2026-06-24,代表取締役 副社長,大 川 禎 一 郎,1956年６月21日生,(注)４,487,百株
2264,森永乳業株式会社,2026-06-24,取締役 専務執行役員 財務本部長,野 崎 昭 弘,1965年10月６日生,(注)４,150,百株
2264,森永乳業株式会社,2026-06-24,取締役 常務執行役員 生産本部長,柳 田 恭 彦,1961年６月29日生,(注)４,220,百株
2264,森永乳業株式会社,2026-06-24,取締役 常務執行役員 国内営業本部長,兵 働 仁 志,1965年６月22日生,(注)４,165,百株
2264,森永乳業株式会社,2026-06-24,取締役 常務執行役員 コーポレート戦略本部長,久 野 浩 子,1962年７月25日生,(注)４,55,百株
2264,森永乳業株式会社,2026-06-24,取締役,吉 永 泰 之,1954年３月５日生,(注)４,10,百株
2264,森永乳業株式会社,2026-06-24,取締役,富 永 由 加 里,1958年４月19日生,(注)４,23,百株
2264,森永乳業株式会社,2026-06-24,取締役,中 村 寛,1957年３月３日生,(注)４,6,百株
2264,森永乳業株式会社,2026-06-24,取締役,池 田 隆 之,1957年９月15日生,(注)４,11,百株
2264,森永乳業株式会社,2026-06-24,取締役,髙 取 幸 子,1965年８月19日生,(注)４,1,百株
2264,森永乳業株式会社,2026-06-24,常勤監査役,弘 田 圭 希,1953年10月31日生,(注)５,166,百株
2264,森永乳業株式会社,2026-06-24,常勤監査役,末 永 明,1961年12月14日生,(注)６,46,百株
2264,森永乳業株式会社,2026-06-24,監査役,山 本 眞 弓,1956年２月11日生,(注)７,9,百株
2264,森永乳業株式会社,2026-06-24,監査役,森 居 達 郎,1964年４月17日生,(注)６,9,百株
2264,森永乳業株式会社,2026-06-24,代表取締役 社長 CEO,大 貫 陽 一,1959年12月４日生,(注)４,450,百株
2264,森永乳業株式会社,2026-06-24,取締役 専務執行役員 財務本部長,野 崎 昭 弘,1965年10月６日生,(注)４,150,百株
2264,森永乳業株式会社,2026-06-24,取締役 常務執行役員 生産本部長,柳 田 恭 彦,1961年６月29日生,(注)４,221,百株
2264,森永乳業株式会社,2026-06-24,取締役 常務執行役員 国内営業本部長,兵 働 仁 志,1965年６月22日生,(注)４,165,百株
2264,森永乳業株式会社,2026-06-24,取締役 常務執行役員 コーポレート戦略本部長,久 野 浩 子,1962年７月25日生,(注)４,56,百株
2264,森永乳業株式会社,2026-06-24,取締役,吉 永 泰 之,1954年３月５日生,(注)４,10,百株
2264,森永乳業株式会社,2026-06-24,取締役,富 永 由 加 里,1958年４月19日生,(注)４,24,百株
2264,森永乳業株式会社,2026-06-24,取締役,中 村 寛,1957年３月３日生,(注)４,6,百株
2264,森永乳業株式会社,2026-06-24,取締役,池 田 隆 之,1957年９月15日生,(注)４,11,百株
2264,森永乳業株式会社,2026-06-24,取締役,髙 取 幸 子,1965年８月19日生,(注)４,1,百株
2264,森永乳業株式会社,2026-06-24,常勤監査役,末 永 明,1961年12月14日生,(注)５,46,百株
2264,森永乳業株式会社,2026-06-24,常勤監査役,山 田 浩 史,1963年２月１日生,(注)６,28,百株
2264,森永乳業株式会社,2026-06-24,監査役,山 本 眞 弓,1956年２月11日生,(注)７,9,百株
2264,森永乳業株式会社,2026-06-24,監査役,森 居 達 郎,1964年４月17日生,(注)５,10,百株
2266,六甲バター株式会社,2026-03-25,取締役会長,三宅 宏和,1952年11月６日生,(注)３,38,千株
2266,六甲バター株式会社,2026-03-25,取締役社長兼CEO (代表取締役),塚本 浩康,1975年８月５日生,(注)３,84,千株
2266,六甲バター株式会社,2026-03-25,取締役専務執行役員 生産本部長兼神戸工場長,中村 行男,1961年８月15日生,(注)３,15,千株
2266,六甲バター株式会社,2026-03-25,取締役常務執行役員 営業本部長 兼マーケティング本部管掌,斎藤 保典,1965年７月31日生,(注)３,12,千株
2266,六甲バター株式会社,2026-03-25,取締役,佐藤 容子,1952年７月27日生,(注)３,,千株
2266,六甲バター株式会社,2026-03-25,取締役,新山 陽子,1952年１月１日生,(注)３,,千株
2266,六甲バター株式会社,2026-03-25,取締役,田口 泰,1974年１月８日生,(注)３,,千株
2266,六甲バター株式会社,2026-03-25,取締役 (常勤監査等委員),岡 英一,1961年３月14日生,(注)４,2,千株
2266,六甲バター株式会社,2026-03-25,取締役 （監査等委員）,今津 龍三,1954年10月22日生,(注)４,368,千株
2266,六甲バター株式会社,2026-03-25,取締役 （監査等委員）,早川 芳夫,1952年６月10日生,(注)４,,千株
2266,六甲バター株式会社,2026-03-25,取締役会長,三宅 宏和,1952年11月６日生,(注)３,38,千株
2266,六甲バター株式会社,2026-03-25,取締役社長兼CEO (代表取締役),塚本 浩康,1975年８月５日生,(注)３,84,千株
2266,六甲バター株式会社,2026-03-25,取締役専務執行役員 生産本部長兼神戸工場長,中村 行男,1961年８月15日生,(注)３,15,千株
2266,六甲バター株式会社,2026-03-25,取締役専務執行役員 営業本部長 兼マーケティング本部管掌,斎藤 保典,1965年７月31日生,(注)３,12,千株
2266,六甲バター株式会社,2026-03-25,取締役,佐藤 容子,1952年７月27日生,(注)３,,千株
2266,六甲バター株式会社,2026-03-25,取締役,新山 陽子,1952年１月１日生,(注)３,,千株
2266,六甲バター株式会社,2026-03-25,取締役,田口 泰,1974年１月８日生,(注)３,,千株
2266,六甲バター株式会社,2026-03-25,取締役 (常勤監査等委員),岡 英一,1961年３月14日生,(注)４,2,千株
2266,六甲バター株式会社,2026-03-25,取締役 （監査等委員）,今津 龍三,1954年10月22日生,(注)４,368,千株
2266,六甲バター株式会社,2026-03-25,取締役 （監査等委員）,早川 芳夫,1952年６月10日生,(注)４,,千株
2267,株式会社ヤクルト本社,2026-06-19,代表取締役社長 社長執行役員,成 田 裕,1951年10月８日生,(注)３,"53,990",株
2267,株式会社ヤクルト本社,2026-06-19,取締役 専務執行役員 管理本部長,星 子 秀 章,1958年11月23日生,(注)３,"19,569",株
2267,株式会社ヤクルト本社,2026-06-19,取締役,鈴 木 康 之,1956年３月１日生,(注)３,"35,559",株
2267,株式会社ヤクルト本社,2026-06-19,取締役 専務執行役員 国際事業本部長,島 田 淳 一,1960年４月９日生,(注)３,"17,055",株
2267,株式会社ヤクルト本社,2026-06-19,取締役 常務執行役員,渡 辺 秀 一,1957年９月25日生,(注)３,"29,099",株
2267,株式会社ヤクルト本社,2026-06-19,取締役 専務執行役員 経営サポート本部長,川 畑 裕 之,1958年11月23日生,(注)３,"15,999",株
2267,株式会社ヤクルト本社,2026-06-19,取締役 常務執行役員 食品事業本部長,岸 本 明,1957年７月６日生,(注)３,"16,531",株
2267,株式会社ヤクルト本社,2026-06-19,取締役,戸 部 直 子,1957年12月15日生,(注)３,"1,300",株
2267,株式会社ヤクルト本社,2026-06-19,取締役,永 沢 裕美子,1959年11月６日生,(注)３,700,株
2267,株式会社ヤクルト本社,2026-06-19,取締役,阿久津 聡,1966年７月11日生,(注)３,"1,900",株
2267,株式会社ヤクルト本社,2026-06-19,取締役,マシュー・ディグビー,1951年11月10日生,(注)３,,株
2267,株式会社ヤクルト本社,2026-06-19,取締役,福 澤 俊 彦,1956年12月30日生,(注)３,"1,300",株
2267,株式会社ヤクルト本社,2026-06-19,取締役,大 隅 毅,1964年８月22日生,(注)３,300,株
2267,株式会社ヤクルト本社,2026-06-19,取締役,内 藤 学,1960年１月９日生,(注)３,"5,900",株
2267,株式会社ヤクルト本社,2026-06-19,常勤監査役,川 名 秀 幸,1960年11月12日生,(注)４,"4,400",株
2267,株式会社ヤクルト本社,2026-06-19,監査役,町 田 恵 美,1964年２月７日生,(注)４,"2,000",株
2267,株式会社ヤクルト本社,2026-06-19,監査役,大河内 公 一,1958年10月８日生,(注)４,700,株
2267,株式会社ヤクルト本社,2026-06-19,監査役,北 村 聡 子,1970年11月29日生,(注)４,500,株
2267,株式会社ヤクルト本社,2026-06-19,監査役,小野塚 善 昭,1971年７月11日生,(注)４,"142,300",株
2267,株式会社ヤクルト本社,2026-06-19,代表取締役社長 社長執行役員,成 田 裕,1951年10月８日生,(注)３,"53,990",株
2267,株式会社ヤクルト本社,2026-06-19,取締役 専務執行役員 管理本部長,星 子 秀 章,1958年11月23日生,(注)３,"19,569",株
2267,株式会社ヤクルト本社,2026-06-19,取締役 専務執行役員 国際事業本部長,島 田 淳 一,1960年４月９日生,(注)３,"17,055",株
2267,株式会社ヤクルト本社,2026-06-19,取締役 専務執行役員 経営サポート本部長,川 畑 裕 之,1958年11月23日生,(注)３,"15,999",株
2267,株式会社ヤクルト本社,2026-06-19,取締役 常務執行役員,渡 辺 秀 一,1957年９月25日生,(注)３,"29,099",株
2267,株式会社ヤクルト本社,2026-06-19,取締役 常務執行役員 食品事業本部長,岸 本 明,1957年７月６日生,(注)３,"16,531",株
2267,株式会社ヤクルト本社,2026-06-19,取締役,戸 部 直 子,1957年12月15日生,(注)３,"1,300",株
2267,株式会社ヤクルト本社,2026-06-19,取締役,永 沢 裕美子,1959年11月６日生,(注)３,700,株
2267,株式会社ヤクルト本社,2026-06-19,取締役,阿久津 聡,1966年７月11日生,(注)３,"1,900",株
2267,株式会社ヤクルト本社,2026-06-19,取締役,マシュー・ディグビー,1951年11月10日生,(注)３,,株
2267,株式会社ヤクルト本社,2026-06-19,取締役,福 澤 俊 彦,1956年12月30日生,(注)３,"1,300",株
2267,株式会社ヤクルト本社,2026-06-19,取締役,大 隅 毅,1964年８月22日生,(注)３,300,株
2267,株式会社ヤクルト本社,2026-06-19,取締役,内 藤 学,1960年１月９日生,(注)３,"5,900",株
2267,株式会社ヤクルト本社,2026-06-19,常勤監査役,川 名 秀 幸,1960年11月12日生,(注)４,"4,400",株
2267,株式会社ヤクルト本社,2026-06-19,監査役,町 田 恵 美,1964年２月７日生,(注)４,"2,000",株
2267,株式会社ヤクルト本社,2026-06-19,監査役,大河内 公 一,1958年10月８日生,(注)４,700,株
2267,株式会社ヤクルト本社,2026-06-19,監査役,北 村 聡 子,1970年11月29日生,(注)４,500,株
2267,株式会社ヤクルト本社,2026-06-19,監査役,小野塚 善 昭,1971年７月11日生,(注)４,"142,300",株
2268,Ｂ－Ｒ　サーティワン　アイスクリーム株式会社,2026-03-16,代表取締役 会長 兼 社長 ＣＥＯ,ジョン・キム,1970年10月８日生,(注)３,2,千株
2268,Ｂ－Ｒ　サーティワン　アイスクリーム株式会社,2026-03-16,取締役 シニアアドバイザー,安 齊 正 明,1960年11月22日生,(注)３,0,千株
2268,Ｂ－Ｒ　サーティワン　アイスクリーム株式会社,2026-03-16,取締役 ＣＦＯ,白 井 康 平,1978年１月１日生,(注)３,0,千株
2268,Ｂ－Ｒ　サーティワン　アイスクリーム株式会社,2026-03-16,取締役,パウロ A．P． ニコラス,1971年１月27日生,(注)３,,千株
2268,Ｂ－Ｒ　サーティワン　アイスクリーム株式会社,2026-03-16,取締役,ピーター・ジャンセン,1968年９月６日生,(注)３,,千株
2268,Ｂ－Ｒ　サーティワン　アイスクリーム株式会社,2026-03-16,取締役,河 村 宣 行,1954年11月29日生,(注)３,,千株
2268,Ｂ－Ｒ　サーティワン　アイスクリーム株式会社,2026-03-16,取締役,瓜 生 徹,1963年４月20日生,(注)３,,千株
2268,Ｂ－Ｒ　サーティワン　アイスクリーム株式会社,2026-03-16,取締役,セオドール ・ガイルド,1955年５月21日生,(注)３,,千株
2268,Ｂ－Ｒ　サーティワン　アイスクリーム株式会社,2026-03-16,取締役,阿 部 絵 美 麻,1979年12月31日生,(注)３,,千株
2268,Ｂ－Ｒ　サーティワン　アイスクリーム株式会社,2026-03-16,常勤監査役,肥 沼 邦 幸,1957年７月17日生,(注)４,,千株
2268,Ｂ－Ｒ　サーティワン　アイスクリーム株式会社,2026-03-16,監査役,川 井 克 之,1957年10月26日生,(注)４,,千株
2268,Ｂ－Ｒ　サーティワン　アイスクリーム株式会社,2026-03-16,監査役,萩 森 正 彦,1962年９月21日生,(注)５,,千株
2268,Ｂ－Ｒ　サーティワン　アイスクリーム株式会社,2026-03-16,代表取締役 会長 兼 社長 ＣＥＯ,ジョン・キム,1970年10月８日生,(注)３,2,千株
2268,Ｂ－Ｒ　サーティワン　アイスクリーム株式会社,2026-03-16,取締役 ＣＦＯ,白 井 康 平,1978年１月１日生,(注)３,0,千株
2268,Ｂ－Ｒ　サーティワン　アイスクリーム株式会社,2026-03-16,取締役 常務執行役員,若 林 翌,1973年２月23日生,(注)３,0,千株
2268,Ｂ－Ｒ　サーティワン　アイスクリーム株式会社,2026-03-16,取締役,パウロ A．P． ニコラス,1971年１月27日生,(注)３,,千株
2268,Ｂ－Ｒ　サーティワン　アイスクリーム株式会社,2026-03-16,取締役,ピーター・ジャンセン,1968年９月６日生,(注)３,,千株
2268,Ｂ－Ｒ　サーティワン　アイスクリーム株式会社,2026-03-16,取締役,河 村 宣 行,1954年11月29日生,(注)３,,千株
2268,Ｂ－Ｒ　サーティワン　アイスクリーム株式会社,2026-03-16,取締役,瓜 生 徹,1963年４月20日生,(注)３,,千株
2268,Ｂ－Ｒ　サーティワン　アイスクリーム株式会社,2026-03-16,取締役,セオドール ・ガイルド,1955年５月21日生,(注)３,,千株
2268,Ｂ－Ｒ　サーティワン　アイスクリーム株式会社,2026-03-16,取締役,阿 部 絵 美 麻,1979年12月31日生,(注)３,,千株
2268,Ｂ－Ｒ　サーティワン　アイスクリーム株式会社,2026-03-16,常勤監査役,肥 沼 邦 幸,1957年７月17日生,(注)４,,千株
2268,Ｂ－Ｒ　サーティワン　アイスクリーム株式会社,2026-03-16,監査役,川 井 克 之,1957年10月26日生,(注)４,,千株
2268,Ｂ－Ｒ　サーティワン　アイスクリーム株式会社,2026-03-16,監査役,萩 森 正 彦,1962年９月21日生,(注)５,,千株
2269,明治ホールディングス株式会社,2026-06-24,代表取締役 社長 ＣＥＯ,松田 克也,1957年８月25日生,(注)５,"64,005",株
2269,明治ホールディングス株式会社,2026-06-24,取締役 執行役員 ＣＯＯ （医薬品セグメント),永里 敏秋,1957年10月１日生,(注)５,"25,900",株
2269,明治ホールディングス株式会社,2026-06-24,取締役 執行役員 ＣＯＯ （食品セグメント）,八尾 文二郎,1961年５月28日生,(注)５,"54,477",株
2269,明治ホールディングス株式会社,2026-06-24,取締役 副社長,古田 純,1957年８月17日生,(注)５,"39,465",株
2269,明治ホールディングス株式会社,2026-06-24,取締役 専務執行役員 ＣＦＯ 経営管理部・ＩＲ部・ ＩＦＲＳ推進部・ コーポレートコミュニケーション部管掌,菱沼 純,1965年11月５日生,(注)５,"18,550",株
2269,明治ホールディングス株式会社,2026-06-24,取締役 (注)１,松村 眞理子,1959年９月24日生,(注)５,"2,691",株
2269,明治ホールディングス株式会社,2026-06-24,取締役 (注)１,河田 正也,1952年４月20日生,(注)５,"3,627",株
2269,明治ホールディングス株式会社,2026-06-24,取締役 (注)１,久保山 路子,1956年４月16日生,(注)５,"1,813",株
2269,明治ホールディングス株式会社,2026-06-24,取締役 (注)１,ピーター Ｄ. ピーダーセン,1967年11月29日生,(注)５,"1,146",株
2269,明治ホールディングス株式会社,2026-06-24,監査役 （常勤）,田巻 正順,1965年6月8日生,(注)６,"7,904",株
2269,明治ホールディングス株式会社,2026-06-24,監査役 （常勤）,渡辺 康,1966年11月22日生,(注)６,"5,822",株
2269,明治ホールディングス株式会社,2026-06-24,監査役 (注)２,安藤 まこと,1959年10月８日生,(注)６,"13,769",株
2269,明治ホールディングス株式会社,2026-06-24,監査役 (注)２,小松 正和,1977年４月６日生,(注)６,,株
2269,明治ホールディングス株式会社,2026-06-24,代表取締役 社長 ＣＥＯ,松田 克也,1957年８月25日生,(注)５,"64,005",株
2269,明治ホールディングス株式会社,2026-06-24,取締役 執行役員 ＣＯＯ （医薬品セグメント,永里 敏秋,1957年10月１日生,(注)５,"25,900",株
2269,明治ホールディングス株式会社,2026-06-24,取締役 執行役員 ＣＯＯ （食品セグメント）,八尾 文二郎,1961年５月28日生,(注)５,"54,477",株
2269,明治ホールディングス株式会社,2026-06-24,取締役 専務執行役員 ＣＦＯ 経営管理部・ＩＲ部・ ＩＦＲＳ推進部・ コーポレートコミュニケーション部管掌,菱沼 純,1965年11月５日生,(注)５,"18,550",株
2269,明治ホールディングス株式会社,2026-06-24,取締役 (注)１,河田 正也,1952年４月20日生,(注)５,"3,627",株
2269,明治ホールディングス株式会社,2026-06-24,取締役 (注)１,久保山 路子,1956年４月16日生,(注)５,"1,813",株
2269,明治ホールディングス株式会社,2026-06-24,取締役 (注)１,ピーター Ｄ. ピーダーセン,1967年11月29日生,(注)５,"1,146",株
2269,明治ホールディングス株式会社,2026-06-24,取締役 (注)１,大前 由子,1966年２月17日生,(注)５,,株
2269,明治ホールディングス株式会社,2026-06-24,監査役 （常勤）,田巻 正順,1965年6月8日生,(注)６,"7,904",株
2269,明治ホールディングス株式会社,2026-06-24,監査役 （常勤）,渡辺 康,1966年11月22日生,(注)６,"5,822",株
2269,明治ホールディングス株式会社,2026-06-24,監査役 (注)２,安藤 まこと,1959年10月８日生,(注)６,"13,769",株
2269,明治ホールディングス株式会社,2026-06-24,監査役 (注)２,小松 正和,1977年４月６日生,(注)６,,株
2270,雪印メグミルク株式会社,2026-06-16,代表取締役 社長,佐 藤 雅 俊,1963年１月18日生,(注)２,9.5,千株
2270,雪印メグミルク株式会社,2026-06-16,代表取締役 副社長,田 川 福 彦,1959年10月17日生,(注)２,1.0,千株
2270,雪印メグミルク株式会社,2026-06-16,代表取締役 副社長,戸 髙 聖 樹,1964年９月17日生,(注)２,2.0,千株
2270,雪印メグミルク株式会社,2026-06-16,取締役 常務執行役員,井 上 剛 彦,1965年12月15日生,(注)２,3.5,千株
2270,雪印メグミルク株式会社,2026-06-16,取締役 常務執行役員,稲 葉 聡,1963年12月20日生,(注)２,5.3,千株
2270,雪印メグミルク株式会社,2026-06-16,取締役 常務執行役員,岩 橋 貞 治,1964年３月１日生,(注)２,2.9,千株
2270,雪印メグミルク株式会社,2026-06-16,取締役 (注)１,板 東 久 美 子,1954年４月25日生,(注)２,0.5,千株
2270,雪印メグミルク株式会社,2026-06-16,取締役 (注)１,福 士 博 司,1958年４月25日生,(注)２,1.2,千株
2270,雪印メグミルク株式会社,2026-06-16,取締役 監査等委員,山 下 功 太 郎,1962年10月７日生,(注)３ ５,2.6,千株
2270,雪印メグミルク株式会社,2026-06-16,取締役 監査等委員 (注)１,服 部 明 人,1958年11月28日生,(注)３,1.9,千株
2270,雪印メグミルク株式会社,2026-06-16,取締役 監査等委員 (注)１,真 鍋 朝 彦,1963年10月３日生,(注)３,0.3,千株
2270,雪印メグミルク株式会社,2026-06-16,代表取締役 社長,佐 藤 雅 俊,1963年１月18日生,(注)２,9.5,千株
2270,雪印メグミルク株式会社,2026-06-16,代表取締役 副社長,戸 髙 聖 樹,1964年９月17日生,(注)２,2.0,千株
2270,雪印メグミルク株式会社,2026-06-16,取締役 専務執行役員,岩 橋 貞 治,1964年３月１日生,(注)２,2.9,千株
2270,雪印メグミルク株式会社,2026-06-16,取締役 常務執行役員,稲 葉 聡,1963年12月20日生,(注)２,5.3,千株
2270,雪印メグミルク株式会社,2026-06-16,取締役 常務執行役員,堀 成 輝,1964年８月11日生,(注)２,2.4,千株
2270,雪印メグミルク株式会社,2026-06-16,取締役 執行役員,細 谷 俊 之,1967年６月24日生,(注)２,0.7,千株
2270,雪印メグミルク株式会社,2026-06-16,取締役 (注)１,板 東 久 美 子,1954年４月25日生,(注)２,0.5,千株
2270,雪印メグミルク株式会社,2026-06-16,取締役 (注)１,品 田 正 弘,1965年10月25日生,(注)２,0.0,千株
2270,雪印メグミルク株式会社,2026-06-16,取締役 監査等委員,内 藤 孝,1967年10月９日生,(注)３,0.2,千株
2270,雪印メグミルク株式会社,2026-06-16,取締役 監査等委員 (注)１,真 鍋 朝 彦,1963年10月３日生,(注)３,0.3,千株
2270,雪印メグミルク株式会社,2026-06-16,取締役 監査等委員 (注)１,植 村 京 子,1961年７月22日生,(注)３,0.0,千株
2281,プリマハム株式会社,2026-06-24,代表取締役会長,千 葉 尚 登,1958年10月31日生,(注) ５,33(17),千株
2281,プリマハム株式会社,2026-06-24,取締役 専務執行役員,鯛 健 一,1966年9月12日生,(注) ５,1(1),千株
2281,プリマハム株式会社,2026-06-24,取締役,山 下 丈,1946年１月31日生,(注) ５,―(―),千株
2281,プリマハム株式会社,2026-06-24,取締役,井 出 雄 三,1954年９月24日生,(注) ５,2(―),千株
2281,プリマハム株式会社,2026-06-24,取締役,辻 田 淑 乃,1964年８月19日生,(注) ５,1(―),千株
2281,プリマハム株式会社,2026-06-24,常勤監査役,坂 井 尚 文,1963年12月18日生,(注) ６,1(―),千株
2281,プリマハム株式会社,2026-06-24,常勤監査役,下 澤 秀 樹,1962年10月17日生,(注) ６,3(―),千株
2281,プリマハム株式会社,2026-06-24,監査役,須 永 明 美,1961年８月14日生,(注) ６,1(―),千株
2281,プリマハム株式会社,2026-06-24,取締役会長,千 葉 尚 登,1958年10月31日生,(注) ５,33(17),千株
2281,プリマハム株式会社,2026-06-24,代表取締役社長 社長執行役員,阿 部 邦 明,1968年11月27日生,(注) ５,―(―),千株
2281,プリマハム株式会社,2026-06-24,取締役 専務執行役員,鯛 健 一,1966年9月12日生,(注) ５,1(1),千株
2281,プリマハム株式会社,2026-06-24,取締役,井 出 雄 三,1954年９月24日生,(注) ５,2(―),千株
2281,プリマハム株式会社,2026-06-24,取締役,辻 田 淑 乃,1964年８月19日生,(注) ５,1(―),千株
2281,プリマハム株式会社,2026-06-24,取締役,西 本 強,1973年11月21日生,(注) ５,―(―),千株
2281,プリマハム株式会社,2026-06-24,常勤監査役,坂 井 尚 文,1963年12月18日生,(注) ６,1(―),千株
2281,プリマハム株式会社,2026-06-24,常勤監査役,下 澤 秀 樹,1962年10月17日生,(注) ６,3(―),千株
2281,プリマハム株式会社,2026-06-24,監査役,上垣内 義博,1972年８月２日生,(注) ６,―(―),千株
2281,プリマハム株式会社,2026-06-24,監査役,須 永 明 美,1961年８月14日生,(注) ６,1(―),千株
2282,日本ハム株式会社,2026-06-23,取締役 会長 取締役会 議長,井 川 伸 久,1961年４月５日生,(注)４,99,百株
2282,日本ハム株式会社,2026-06-23,代表取締役 社長 社長 執行役員,前 田 文 男,1965年11月30日生,(注)４,104,百株
2282,日本ハム株式会社,2026-06-23,取締役 専務執行役員 総務部 広報・サステナビリティ部 秘書室 コーポレートコミュニケーションプロジェクト・あるべき経営体制プロジェクト担当,秋 山 光 平,1964年６月21日生,(注)４,86,百株
2282,日本ハム株式会社,2026-06-23,取締役,木 藤 哲 大,1960年２月９日生,(注)４,175,百株
2282,日本ハム株式会社,2026-06-23,取締役,河 野 康 子,1957年２月４日生,(注)４,,百株
2282,日本ハム株式会社,2026-06-23,取締役,山 崎 徳 司,1961年２月16日生,(注)４,,百株
2282,日本ハム株式会社,2026-06-23,取締役,宮 崎 裕 子,1969年12月17日生,(注)４,7,百株
2282,日本ハム株式会社,2026-06-23,取締役,小 山 正 彦,1956年４月９日生,(注)４,,百株
2282,日本ハム株式会社,2026-06-23,監査役 常勤,田 澤 信 之,1961年11月４日生,(注)６,47,百株
2282,日本ハム株式会社,2026-06-23,監査役 常勤,小 田 信 夫,1965年２月７日生,(注)７,77,百株
2282,日本ハム株式会社,2026-06-23,監査役 非常勤,北 口 正 幸,1967年４月28日生,(注)６,,百株
2282,日本ハム株式会社,2026-06-23,監査役 非常勤,西 山 茂,1961年10月27日生,(注)５,,百株
2282,日本ハム株式会社,2026-06-23,監査役 非常勤,中 村 克 己,1970年10月28日生,(注)６,,百株
2282,日本ハム株式会社,2026-06-23,取締役 会長 取締役会 議長,井 川 伸 久,1961年４月５日生,(注)４,99,百株
2282,日本ハム株式会社,2026-06-23,代表取締役 社長 社長 執行役員,前 田 文 男,1965年11月30日生,(注)４,104,百株
2282,日本ハム株式会社,2026-06-23,取締役 専務執行役員 総務部 広報・サステナビリティ部 秘書室 コーポレートコミュニケーションプロジェクト・あるべき経営体制プロジェクト担当,秋 山 光 平,1964年６月21日生,(注)４,86,百株
2282,日本ハム株式会社,2026-06-23,取締役 執行役員 経営戦略部 経理財務部 中計プロジェクト担当,朝 山 晃 行,1971年４月16日生,(注)４,2,百株
2282,日本ハム株式会社,2026-06-23,取締役,山 崎 徳 司,1961年２月16日生,(注)４,,百株
2282,日本ハム株式会社,2026-06-23,取締役,宮 崎 裕 子,1969年12月17日生,(注)４,7,百株
2282,日本ハム株式会社,2026-06-23,取締役,小 山 正 彦,1956年４月９日生,(注)４,,百株
2282,日本ハム株式会社,2026-06-23,取締役,大 谷 弘 子 （戸籍上の氏名： 前田 弘子）,1964年11月25日生,(注)４,,百株
2282,日本ハム株式会社,2026-06-23,監査役 常勤,小 田 信 夫,1965年２月７日生,(注)６,77,百株
2282,日本ハム株式会社,2026-06-23,監査役 常勤,長 谷 川 佳 孝,1963年２月26日生,(注)７,26,百株
2282,日本ハム株式会社,2026-06-23,監査役 非常勤,北 口 正 幸,1967年４月28日生,(注)５,,百株
2282,日本ハム株式会社,2026-06-23,監査役 非常勤,西 山 茂,1961年10月27日生,(注)７,,百株
2282,日本ハム株式会社,2026-06-23,監査役 非常勤,中 村 克 己,1970年10月28日生,(注)５,,百株
2286,林兼産業株式会社,2026-06-25,代表取締役社長,中 部 哲 二,1968年８月５日生,(注)２,286,千株
2286,林兼産業株式会社,2026-06-25,専務取締役 事業統括本部長 兼飼料事業部長,三 代 健 造,1965年10月２日生,(注)２,38,千株
2286,林兼産業株式会社,2026-06-25,取締役 事業統括本部 食品事業部長,戸 倉 信 一,1967年11月29日生,(注)２,9,千株
2286,林兼産業株式会社,2026-06-25,取締役 経営管理本部長,中 嶋 一 貴,1961年２月28日生,(注)２,5,千株
2286,林兼産業株式会社,2026-06-25,取締役 事業統括本部 食品事業部副事業部長,安 部 克 彦,1974年３月30日生,(注)２,0,千株
2286,林兼産業株式会社,2026-06-25,取締役 経営管理本部副本部長,鈴 田 修 士,1968年１月12日生,(注)２,1,千株
2286,林兼産業株式会社,2026-06-25,取締役,田 中 姿 子,1975年７月28日生,(注)２,0,千株
2286,林兼産業株式会社,2026-06-25,取締役 監査等委員,岩 村 修 二,1949年９月16日生,(注)３,,千株
2286,林兼産業株式会社,2026-06-25,取締役 監査等委員,山 尾 哲 之,1954年６月９日生,(注)３,3,千株
2286,林兼産業株式会社,2026-06-25,取締役 監査等委員,三 田 村 知 尋,1953年３月11日生,(注)３,,千株
2286,林兼産業株式会社,2026-06-25,取締役 監査等委員 （常勤）,伊 勢 﨑 俊 博,1963年９月２日生,(注)３,1,千株
2288,丸大食品株式会社,2026-06-19,代表取締役社長,佐 藤 勇 二,1964年12月25日,(注)３,"10,200",株
2288,丸大食品株式会社,2026-06-19,専務取締役 食肉事業部長 品質保証部担当,福 島 成 樹,1963年10月９日,(注)３,"4,500",株
2288,丸大食品株式会社,2026-06-19,取締役 経理部長,森 本 芳 史,1968年12月24日,(注)３,400,株
2288,丸大食品株式会社,2026-06-19,取締役 ハムソー事業部長,池 田 知 功,1971年７月３日,(注)３,"2,400",株
2288,丸大食品株式会社,2026-06-19,取締役,淵 﨑 正 弘,1956年４月８日,(注)３,,株
2288,丸大食品株式会社,2026-06-19,取締役,中 野 由 里,1963年１月20日,(注)３,,株
2288,丸大食品株式会社,2026-06-19,常勤監査役,中 根 正 人,1964年12月１日,(注)４,700,株
2288,丸大食品株式会社,2026-06-19,常勤監査役,東 俊 明,1964年５月22日,(注)５,,株
2288,丸大食品株式会社,2026-06-19,監査役,西 村 元 昭,1943年７月９日,(注)６,,株
228A,株式会社オプロ,2026-02-25,代表取締役社長,里見 一典,1962年３月22日,（注）３,"1,034,900",株
228A,株式会社オプロ,2026-02-25,取締役管理部長,安川 貴英,1970年２月22日,（注）３,"120,000",株
228A,株式会社オプロ,2026-02-25,取締役マーケティング本部長,吉田 順一,1975年８月11日,（注）３,"29,150",株
228A,株式会社オプロ,2026-02-25,取締役,宮澤 敏,1964年２月７日,（注）３,"10,000",株
228A,株式会社オプロ,2026-02-25,取締役,内田 健治,1963年12月10日,（注）３,,株
228A,株式会社オプロ,2026-02-25,取締役,長井 利仁,1976年２月19日,（注）３,,株
228A,株式会社オプロ,2026-02-25,常勤監査役,澤野 敏郎,1956年１月12日,（注）４,"2,500",株
228A,株式会社オプロ,2026-02-25,監査役,大塚 一郎,1953年４月20日,（注）４,,株
228A,株式会社オプロ,2026-02-25,監査役,澤田 静華,1971年２月11日,（注）４,,株
228A,株式会社オプロ,2026-02-25,代表取締役社長,里見 一典,1962年３月22日生,（注）３,"1,034,900",株
228A,株式会社オプロ,2026-02-25,取締役管理部長,安川 貴英,1970年２月22日生,（注）３,"120,000",株
228A,株式会社オプロ,2026-02-25,取締役マーケティング本部長,吉田 順一,1975年８月11日生,（注）３,"29,150",株
228A,株式会社オプロ,2026-02-25,取締役,内田 健治,1963年12月10日生,（注）３,,株
228A,株式会社オプロ,2026-02-25,取締役,長井 利仁,1976年２月19日生,（注）３,,株
228A,株式会社オプロ,2026-02-25,常勤監査役,澤野 敏郎,1956年１月12日生,（注）４,"2,500",株
228A,株式会社オプロ,2026-02-25,監査役,大塚 一郎,1953年４月20日生,（注）４,,株
228A,株式会社オプロ,2026-02-25,監査役,澤田 静華,1971年２月11日生,（注）４,,株
2291,福留ハム株式会社,2026-06-23,代表取締役社長,福 原 治 彦,1970年１月７日生,(注)２,"106,804",株
2291,福留ハム株式会社,2026-06-23,取締役,酒 井 保,1957年５月30日生,(注)２,700,株
2291,福留ハム株式会社,2026-06-23,取締役,古 田 幸 信,1965年８月３日生,(注)２,"1,700",株
2291,福留ハム株式会社,2026-06-23,取締役,中 道 淳 之,1966年10月20日生,(注)２,"1,700",株
2291,福留ハム株式会社,2026-06-23,取締役 常勤監査等委員,髙 曲 新 太 郎,1964年12月16日生,(注)３,"2,000",株
2291,福留ハム株式会社,2026-06-23,社外取締役 監査等委員,池 村 和 朗,1953年２月26日生,(注)３,,株
2291,福留ハム株式会社,2026-06-23,社外取締役 監査等委員,近 藤 敏 博,1954年１月27日生,(注)３,,株
2292,エスフーズ株式会社,2026-05-21,代表取締役社長 全社統轄 関係会社統轄,村 上 真之助,1957年３月２日生,(注)4,"8,001",千株
2292,エスフーズ株式会社,2026-05-21,専務取締役 姫路支店長,平 井 博 勝,1961年10月25日生,(注)4,13,千株
2292,エスフーズ株式会社,2026-05-21,常務取締役 営業本部長,岩 渕 弘 康,1977年３月11日生,(注)4,4,千株
2292,エスフーズ株式会社,2026-05-21,常務取締役 株式会社ＰＦＣ 代表取締役社長,関 口 孝 行,1973年８月28日生,(注)4,20,千株
2292,エスフーズ株式会社,2026-05-21,取締役 国内ポーク事業部長,出 田 純 治,1971年８月２日生,(注)4,4,千株
2292,エスフーズ株式会社,2026-05-21,取締役 管理本部長,鵜 木 健 治,1964年２月23日生,(注)4,2,千株
2292,エスフーズ株式会社,2026-05-21,取締役 輸入食肉事業部長,巻 本 隆 大,1971年３月16日生,(注)4,3,千株
2292,エスフーズ株式会社,2026-05-21,取締役,松 野 英,1973年５月１日生,(注)4,,千株
2292,エスフーズ株式会社,2026-05-21,取締役,鴨 田 視寿子,1980年１月４日生,(注)4,1,千株
2292,エスフーズ株式会社,2026-05-21,取締役,佐 藤 栄 起,1990年６月12日生,(注)4,,千株
2292,エスフーズ株式会社,2026-05-21,取締役,白 水 雅 子,1977年７月24日生,(注)4,5,千株
2292,エスフーズ株式会社,2026-05-21,常勤監査役,安 岡 信 幸,1954年４月28日生,(注)5,6,千株
2292,エスフーズ株式会社,2026-05-21,監査役,浦 川 龍 治,1952年５月23日生,(注)5,1,千株
2292,エスフーズ株式会社,2026-05-21,監査役,大 塚 千 代,1971年８月29日生,(注)5,2,千株
2292,エスフーズ株式会社,2026-05-21,代表取締役社長 全社統轄 関係会社統轄,村 上 真之助,1957年３月２日生,(注)4,"8,001",千株
2292,エスフーズ株式会社,2026-05-21,常務取締役 営業本部長,岩 渕 弘 康,1977年３月11日生,(注)4,4,千株
2292,エスフーズ株式会社,2026-05-21,常務取締役 株式会社ＰＦＣ 代表取締役社長,関 口 孝 行,1973年８月28日生,(注)4,20,千株
2292,エスフーズ株式会社,2026-05-21,取締役 国内ポーク事業部長,出 田 純 治,1971年８月２日生,(注)4,4,千株
2292,エスフーズ株式会社,2026-05-21,取締役 輸入食肉事業部長,巻 本 隆 大,1971年３月16日生,(注)4,3,千株
2292,エスフーズ株式会社,2026-05-21,取締役 九州・中四国担当,上 林 尚 起,1970年12月12日生,(注)4,3,千株
2292,エスフーズ株式会社,2026-05-21,取締役 海外事業担当,岡 部 浩 行,1974年５月23日生,(注)4,,千株
2292,エスフーズ株式会社,2026-05-21,取締役,松 野 英,1973年５月１日生,(注)4,,千株
2292,エスフーズ株式会社,2026-05-21,取締役,鴨 田 視寿子,1980年１月４日生,(注)4,1,千株
2292,エスフーズ株式会社,2026-05-21,取締役,佐 藤 栄 起,1990年６月12日生,(注)4,,千株
2292,エスフーズ株式会社,2026-05-21,取締役,白 水 雅 子,1977年７月24日生,(注)4,5,千株
2292,エスフーズ株式会社,2026-05-21,常勤監査役,安 岡 信 幸,1954年４月28日生,(注)5,6,千株
2292,エスフーズ株式会社,2026-05-21,監査役,浦 川 龍 治,1952年５月23日生,(注)5,1,千株
2292,エスフーズ株式会社,2026-05-21,監査役,大 塚 千 代,1971年８月29日生,(注)5,2,千株
2293,滝沢ハム株式会社,2026-06-23,取締役社長 (代表取締役),瀧 澤 太 郎,1971年７月１日生,(注)2,"60,000",株
2293,滝沢ハム株式会社,2026-06-23,常務取締役 管理本部長,山 口 輝,1954年10月３日生,(注)2,"2,000",株
2293,滝沢ハム株式会社,2026-06-23,取締役,浜 村 恭 弘,1962年12月４日生,(注)2,,株
2293,滝沢ハム株式会社,2026-06-23,取締役 （常勤監査等委員）,大 橋 晴 夫,1956年10月７日生,(注)3,600,株
2293,滝沢ハム株式会社,2026-06-23,取締役 （監査等委員）,鎌 形 俊 之,1962年９月19日生,(注)3,500,株
2293,滝沢ハム株式会社,2026-06-23,取締役 （監査等委員）,新 田 裕 子,1980年８月19日生,(注)3,,株
2293,滝沢ハム株式会社,2026-06-23,取締役社長 (代表取締役),瀧 澤 太 郎,1971年７月１日生,(注)2,"60,000",株
2293,滝沢ハム株式会社,2026-06-23,常務取締役 管理本部長,山 口 輝,1954年10月３日生,(注)2,"2,000",株
2293,滝沢ハム株式会社,2026-06-23,取締役,浜 村 恭 弘,1962年12月４日生,(注)2,,株
2293,滝沢ハム株式会社,2026-06-23,取締役 （常勤監査等委員）,大 橋 晴 夫,1956年10月７日生,(注)3,600,株
2293,滝沢ハム株式会社,2026-06-23,取締役 （監査等委員）,鎌 形 俊 之,1962年９月19日生,(注)3,500,株
2293,滝沢ハム株式会社,2026-06-23,取締役 （監査等委員）,新 田 裕 子,1980年８月19日生,(注)3,,株
2294,株式会社柿安本店,2026-07-23,代表取締役社長,赤塚 保正,1963年10月10日生,※１,337,千株
2294,株式会社柿安本店,2026-07-23,取締役 （事業本部長）,岡本 卓也,1980年７月17日生,※１,7,千株
2294,株式会社柿安本店,2026-07-23,取締役,上垣 清澄,1943年６月16日生,※１,2,千株
2294,株式会社柿安本店,2026-07-23,取締役,木立 真直,1956年２月８日生,※１,2,千株
2294,株式会社柿安本店,2026-07-23,取締役,大上 有衣子,1975年８月23日生,※１,1,千株
2294,株式会社柿安本店,2026-07-23,常勤監査役,赤塚 義弘,1958年８月11日生,※２,37,千株
2294,株式会社柿安本店,2026-07-23,監査役,梶川 融,1951年９月24日生,※２,93,千株
2294,株式会社柿安本店,2026-07-23,監査役,根岸 康二,1946年７月24日生,※２,17,千株
2294,株式会社柿安本店,2026-07-23,代表取締役社長,赤塚 保正,1963年10月10日生,※１,337,千株
2294,株式会社柿安本店,2026-07-23,常務取締役 （事業本部長）,岡本 卓也,1980年７月17日生,※１,7,千株
2294,株式会社柿安本店,2026-07-23,取締役,上垣 清澄,1943年６月16日生,※１,2,千株
2294,株式会社柿安本店,2026-07-23,取締役,木立 真直,1956年２月８日生,※１,2,千株
2294,株式会社柿安本店,2026-07-23,取締役,大上 有衣子,1975年８月23日生,※１,1,千株
2294,株式会社柿安本店,2026-07-23,取締役,白鳥 和生,1967年３月７日生,※１,,千株
2294,株式会社柿安本店,2026-07-23,常勤監査役,赤塚 義弘,1958年８月11日生,※２,37,千株
2294,株式会社柿安本店,2026-07-23,監査役,梶川 融,1951年９月24日生,※２,93,千株
2294,株式会社柿安本店,2026-07-23,監査役,根岸 康二,1946年７月24日生,※２,17,千株
2296,伊藤ハム米久ホールディングス株式会社,2026-06-17,取締役 会長,宮下 功,1968年２月15日生,(注)２,"33,971",株
2296,伊藤ハム米久ホールディングス株式会社,2026-06-17,代表取締役 社長,浦田 寛之,1974年９月５日生,(注)２,"2,776",株
2296,伊藤ハム米久ホールディングス株式会社,2026-06-17,取締役 常務執行役員,伊藤 功一,1975年３月16日生,(注) ２,"552,617",株
2296,伊藤ハム米久ホールディングス株式会社,2026-06-17,取締役 常務執行役員,野澤 克己,1965年３月29日生,(注) ２,"19,199",株
2296,伊藤ハム米久ホールディングス株式会社,2026-06-17,取締役 常務執行役員,原田 健,1975年11月18日生,(注) ２,,株
2296,伊藤ハム米久ホールディングス株式会社,2026-06-17,取締役 常勤監査等委員,髙橋 伸,1960年７月25日生,(注) ３,"2,440",株
2296,伊藤ハム米久ホールディングス株式会社,2026-06-17,取締役 常勤監査等委員,堀内 朗久,1960年６月６日生,(注) ３,"12,938",株
2296,伊藤ハム米久ホールディングス株式会社,2026-06-17,取締役 監査等委員,森本 美紀子,1973年７月26日生,(注) ３,,株
2296,伊藤ハム米久ホールディングス株式会社,2026-06-17,取締役 監査等委員,松村 浩司,1959年８月４日生,(注) ３,,株
2296,伊藤ハム米久ホールディングス株式会社,2026-06-17,取締役 監査等委員,西村 やす子,1968年６月４日生,(注) ３,,株
2296,伊藤ハム米久ホールディングス株式会社,2026-06-17,取締役 監査等委員,有松 晶,1980年９月27日生,(注) ３,,株
2296,伊藤ハム米久ホールディングス株式会社,2026-06-17,取締役 会長,宮下 功,1968年２月15日生,(注)２,"33,971",株
2296,伊藤ハム米久ホールディングス株式会社,2026-06-17,代表取締役 社長,浦田 寛之,1974年９月５日生,(注)２,"2,776",株
2296,伊藤ハム米久ホールディングス株式会社,2026-06-17,取締役 常務執行役員,伊藤 功一,1975年３月16日生,(注) ２,"552,617",株
2296,伊藤ハム米久ホールディングス株式会社,2026-06-17,取締役 常務執行役員,野澤 克己,1965年３月29日生,(注) ２,"19,199",株
2296,伊藤ハム米久ホールディングス株式会社,2026-06-17,取締役 常務執行役員,原田 健,1975年11月18日生,(注) ２,,株
2296,伊藤ハム米久ホールディングス株式会社,2026-06-17,取締役 常勤監査等委員,堀内 朗久,1960年６月６日生,(注) ３,"12,938",株
2296,伊藤ハム米久ホールディングス株式会社,2026-06-17,取締役 常勤監査等委員,前田 聡,1964年５月６日生,(注) ４,"3,509",株
2296,伊藤ハム米久ホールディングス株式会社,2026-06-17,取締役 監査等委員,森本 美紀子,1973年７月26日生,(注) ３,,株
2296,伊藤ハム米久ホールディングス株式会社,2026-06-17,取締役 監査等委員,松村 浩司,1959年８月４日生,(注) ３,,株
2296,伊藤ハム米久ホールディングス株式会社,2026-06-17,取締役 監査等委員,西村 やす子,1968年６月４日生,(注) ３,,株
2296,伊藤ハム米久ホールディングス株式会社,2026-06-17,取締役 監査等委員,有松 晶,1980年９月27日生,(注) ３,,株
2300,株式会社きょくとう,2026-05-26,代表取締役会長,牧 平 年 廣,1933年９月10日生,(注)３,"1,591,700",株
2300,株式会社きょくとう,2026-05-26,代表取締役社長,井 上 和 美,1964年３月28日生,(注)３,"17,600",株
2300,株式会社きょくとう,2026-05-26,取締役 管理本部長,丸 林 凡 和,1956年11月２日生,(注)３,"2,000",株
2300,株式会社きょくとう,2026-05-26,取締役 営業開発部担当,齊 藤 博,1961年８月１日生,(注)３,"12,700",株
2300,株式会社きょくとう,2026-05-26,取締役 営業開発部長,村 上 忍,1959年２月14日生,(注)３,"24,500",株
2300,株式会社きょくとう,2026-05-26,取締役 経営企画室長,山 口 強 志,1951年12月13日生,(注)３,"2,000",株
2300,株式会社きょくとう,2026-05-26,取締役,重 松 史 郎,1947年12月１日生,(注)３,"10,000",株
2300,株式会社きょくとう,2026-05-26,取締役,池 田 早 織,1983年６月８日生,(注)３,,株
2300,株式会社きょくとう,2026-05-26,常勤監査役,明 智 正 彦,1960年１月13日生,(注)４,,株
2300,株式会社きょくとう,2026-05-26,監査役,中 嶋 久 夫,1947年１月30日生,(注)５,,株
2300,株式会社きょくとう,2026-05-26,監査役,神 尾 康 生,1967年12月17日生,(注)５,"2,000",株
2300,株式会社きょくとう,2026-05-26,代表取締役会長,牧 平 年 廣,1933年９月10日生,(注)３,"1,591,700",株
2300,株式会社きょくとう,2026-05-26,代表取締役社長,井 上 和 美,1964年３月28日生,(注)３,"17,600",株
2300,株式会社きょくとう,2026-05-26,取締役 営業開発部長,村 上 忍,1959年２月14日生,(注)３,"24,500",株
2300,株式会社きょくとう,2026-05-26,取締役 経営企画室長,山 口 強 志,1951年12月13日生,(注)３,"2,000",株
2300,株式会社きょくとう,2026-05-26,取締役,重 松 史 郎,1947年12月１日生,(注)３,"10,000",株
2300,株式会社きょくとう,2026-05-26,取締役,池 田 早 織,1983年６月８日生,(注)３,,株
2300,株式会社きょくとう,2026-05-26,取締役,永 田 真 一,1973年６月21日生,(注)３,"6,000",株
2300,株式会社きょくとう,2026-05-26,常勤監査役,明 智 正 彦,1960年１月13日生,(注)４,,株
2300,株式会社きょくとう,2026-05-26,監査役,中 嶋 久 夫,1947年１月30日生,(注)５,,株
2300,株式会社きょくとう,2026-05-26,監査役,神 尾 康 生,1967年12月17日生,(注)５,"2,000",株
2301,株式会社学情,2026-01-22,取締役会長 (代表取締役) 全般,中井 清和,1948年９月13日生,(注)２,30,千株
2301,株式会社学情,2026-01-22,取締役社長 （代表取締役） 全般,中井 大志,1978年８月15日生,(注)２,446,千株
2301,株式会社学情,2026-01-22,取締役 コーポレート本部・メデ ィアビジネス本部担当,乾 真一朗,1973年８月11日生,(注)２,53,千株
2301,株式会社学情,2026-01-22,取締役,辻内 章,1954年５月24日生,(注)２,1,千株
2301,株式会社学情,2026-01-22,取締役,笹川 祐子,1962年７月22日生,(注)２,2,千株
2301,株式会社学情,2026-01-22,取締役,宮田 喜好,1969年10月15日生,(注)２,,千株
2301,株式会社学情,2026-01-22,取締役,和田 裕美,1967年２月16日生,(注)２,,千株
2301,株式会社学情,2026-01-22,常勤監査役,村越 誓一,1961年７月20日生,(注)３,38,千株
2301,株式会社学情,2026-01-22,監査役,前 義信,1949年３月29日生,(注)４,1,千株
2301,株式会社学情,2026-01-22,監査役,小林 聖子,1983年２月15日生,(注)４,,千株
2301,株式会社学情,2026-01-22,取締役会長 (代表取締役) 全般,中井 清和,1948年９月13日生,(注)２,30,千株
2301,株式会社学情,2026-01-22,取締役社長 （代表取締役） 全般,中井 大志,1978年８月15日生,(注)２,446,千株
2301,株式会社学情,2026-01-22,取締役 コーポレート本部・メデ ィアビジネス本部担当,乾 真一朗,1973年８月11日生,(注)２,53,千株
2301,株式会社学情,2026-01-22,取締役,辻内 章,1954年５月24日生,(注)２,1,千株
2301,株式会社学情,2026-01-22,取締役,笹川 祐子,1962年７月22日生,(注)２,2,千株
2301,株式会社学情,2026-01-22,取締役,和田 裕美,1967年２月16日生,(注)２,,千株
2301,株式会社学情,2026-01-22,常勤監査役,村越 誓一,1961年７月20日生,(注)３,38,千株
2301,株式会社学情,2026-01-22,監査役,前 義信,1949年３月29日生,(注)４,1,千株
2301,株式会社学情,2026-01-22,監査役,小林 聖子,1983年２月15日生,(注)４,,千株
2303,株式会社ドーン,2026-08-21,代表取締役 社長,宮 崎 正 伸,1969年７月14日生,注２,"460,600",株
2303,株式会社ドーン,2026-08-21,取締役 兼管理部長,岩 田 潤,1969年12月23日生,注２,"33,600",株
2303,株式会社ドーン,2026-08-21,取締役 兼営業統括部長,品 川 真 尚,1972年12月15日生,注２,"63,200",株
2303,株式会社ドーン,2026-08-21,取締役 （監査等委員）,三 木 相 煥,1957年12月27日生,注３,800,株
2303,株式会社ドーン,2026-08-21,取締役 （監査等委員）,吉 田 郁 子,1982年10月４日生,注３,"1,200",株
2303,株式会社ドーン,2026-08-21,取締役 （監査等委員）,辰 巳 八栄子,1971年１月31日生,注４,600,株
2304,株式会社ＣＳＳホールディングス,2025-12-22,代表取締役社長,水野 克裕,1962年４月12日生,(注)２,"18,000",株
2304,株式会社ＣＳＳホールディングス,2025-12-22,代表取締役,野口 緑,1957年３月８日生,(注)２,"613,000",株
2304,株式会社ＣＳＳホールディングス,2025-12-22,取締役,峠 幸久,1961年7月30日生,(注)２,"4,000",株
2304,株式会社ＣＳＳホールディングス,2025-12-22,社外取締役 (監査等委員),越智 敦生,1953年９月８日生,(注)３,"41,200",株
2304,株式会社ＣＳＳホールディングス,2025-12-22,社外取締役 (監査等委員),永辻 航,1977年11月４日生,(注)３,,株
2304,株式会社ＣＳＳホールディングス,2025-12-22,社外取締役 (監査等委員),山河 和博,1966年11月１日生,(注)３,,株
2305,株式会社スタジオアリス,2026-05-27,代表取締役社長,牧野 俊介,1962年９月28日生,注３ 注５,"56,797",株
2305,株式会社スタジオアリス,2026-05-27,取締役副社長,宗岡 直彦,1955年10月27日生,注３ 注５,"8,314",株
2305,株式会社スタジオアリス,2026-05-27,取締役,百瀬 裕規,1961年９月15日生,注３ 注５,"2,029",株
2305,株式会社スタジオアリス,2026-05-27,取締役,山元 正人,1963年１月17日生,注３,,株
2305,株式会社スタジオアリス,2026-05-27,取締役,淵 郁子,1968年３月28日生,注３,,株
2305,株式会社スタジオアリス,2026-05-27,取締役 （監査等委員）,増田 明彦,1959年１月１日生,注４ 注５,956,株
2305,株式会社スタジオアリス,2026-05-27,取締役 （監査等委員）,雨宮 沙耶花,1978年８月12日生,注４ 注５,"1,329",株
2305,株式会社スタジオアリス,2026-05-27,取締役 （監査等委員）,原田 雅俊,1955年２月９日生,注４ 注５,278,株
2305,株式会社スタジオアリス,2026-05-27,代表取締役社長,牧野 俊介,1962年９月28日生,注３ 注５,"56,797",株
2305,株式会社スタジオアリス,2026-05-27,取締役 商品部ゼネラルマネージャー,古橋 早苗,1974年７月５日生,注３ 注５,"2,414",株
2305,株式会社スタジオアリス,2026-05-27,取締役 店舗開発部ゼネラルマネージャー,福井 義人,1976年３月26日生,注３ 注５,354,株
2305,株式会社スタジオアリス,2026-05-27,取締役 営業部ゼネラルマネージャー,竹﨑 周太郎,1974年２月17日生,注３ 注５,"3,815",株
2305,株式会社スタジオアリス,2026-05-27,取締役 経営企画部ゼネラルマネージャー,中井 俊宏,1969年９月21日生,注３ 注５,900,株
2305,株式会社スタジオアリス,2026-05-27,取締役,百瀬 裕規,1961年９月15日生,注３ 注５,"2,029",株
2305,株式会社スタジオアリス,2026-05-27,取締役,山元 正人,1963年１月17日生,注３,,株
2305,株式会社スタジオアリス,2026-05-27,取締役,淵 郁子,1968年３月28日生,注３,,株
2305,株式会社スタジオアリス,2026-05-27,取締役 （監査等委員）,増田 明彦,1959年１月１日生,注４ 注５,956,株
2305,株式会社スタジオアリス,2026-05-27,取締役 （監査等委員）,雨宮 沙耶花,1978年８月12日生,注４ 注５,"1,329",株
2305,株式会社スタジオアリス,2026-05-27,取締役 （監査等委員）,佐野 由美,1961年８月20日生,注４,,株
2307,株式会社クロスキャット,2026-06-25,代表取締役 会長,井上 貴功,1958年12月21日生,(注)２,158,千株
2307,株式会社クロスキャット,2026-06-25,代表取締役 社長,山根 光則,1969年２月23日生,(注)２,25,千株
2307,株式会社クロスキャット,2026-06-25,取締役 常務執行役員 コーポレート統括部担当,山下 智己,1965年４月９日生,(注)２,16,千株
2307,株式会社クロスキャット,2026-06-25,取締役 常務執行役員 金融ビジネス事業部担当 兼公共ビジネス事業部担当 兼DXインテグレーション事業部担当兼DXソリューション事業部担当,道上 正人,1976年２月27日生,(注)２,14,千株
2307,株式会社クロスキャット,2026-06-25,取締役 執行役員 管理統括部担当,小倉 功,1961年７月30日生,(注)２,11,千株
2307,株式会社クロスキャット,2026-06-25,取締役 常勤監査等委員,小野田 友彦,1972年５月４日生,(注)３,17,千株
2307,株式会社クロスキャット,2026-06-25,取締役 監査等委員,瀬戸川 礼子,1966年12月21日生,(注)３,,千株
2307,株式会社クロスキャット,2026-06-25,取締役 監査等委員,鈴木 実,1955年４月10日生,(注)３,,千株
2307,株式会社クロスキャット,2026-06-25,取締役 監査等委員,幸重 孝典,1955年６月３日生,(注)３,2,千株
2311,株式会社エプコ,2026-03-24,代表取締役 グループCEO,岩 崎 辰 之,1964年11月10日生,(注)２,"2,483,700",株
2311,株式会社エプコ,2026-03-24,取締役,吉 原 信一郎,1975年２月22日生,(注)２,"54,651",株
2311,株式会社エプコ,2026-03-24,取締役 (監査等委員),渡 邊 将 志,1971年１月21日生,(注)３,"1,900",株
2311,株式会社エプコ,2026-03-24,取締役 (監査等委員),秋 野 卓 生,1973年８月14日生,(注)３,,株
2311,株式会社エプコ,2026-03-24,取締役 (監査等委員),田 村 正,1974年４月21日生,(注)３,800,株
2311,株式会社エプコ,2026-03-24,取締役 (監査等委員),一 木 裕 佳,1966年11月14日生,(注)４,,株
2311,株式会社エプコ,2026-03-24,代表取締役 グループCEO,岩 崎 辰 之,1964年11月10日生,(注)２,"2,483,700",株
2311,株式会社エプコ,2026-03-24,取締役 (監査等委員),秋 野 卓 生,1973年８月14日生,(注)３,,株
2311,株式会社エプコ,2026-03-24,取締役 (監査等委員),田 村 正,1974年４月21日生,(注)３,800,株
2311,株式会社エプコ,2026-03-24,取締役 (監査等委員),一 木 裕 佳,1966年11月14日生,(注)４,,株
2315,株式会社ＣＡＩＣＡ　ＤＩＧＩＴＡＬ,2026-01-29,代表取締役 社長,鈴 木 伸,1968年３月５日生,(注)3,"20,890",株
2315,株式会社ＣＡＩＣＡ　ＤＩＧＩＴＡＬ,2026-01-29,代表取締役 副社長,山 口 健 治,1970年11月19日生,(注)3,"59,280",株
2315,株式会社ＣＡＩＣＡ　ＤＩＧＩＴＡＬ,2026-01-29,取締役,深 見 修,1972年３月17日生,(注)3,,株
2315,株式会社ＣＡＩＣＡ　ＤＩＧＩＴＡＬ,2026-01-29,取締役,川 﨑 光 雄,1972年５月28日生,(注)3,"30,190",株
2315,株式会社ＣＡＩＣＡ　ＤＩＧＩＴＡＬ,2026-01-29,取締役,池 田 祐 作,1982年３月15日生,(注)3,"2,200",株
2315,株式会社ＣＡＩＣＡ　ＤＩＧＩＴＡＬ,2026-01-29,監査役 (常勤),古 賀 勝,1965年10月15日生,(注)4,"3,190",株
2315,株式会社ＣＡＩＣＡ　ＤＩＧＩＴＡＬ,2026-01-29,監査役 (非常勤),杉 本 眞 一,1967年１月13日生,(注)4,,株
2315,株式会社ＣＡＩＣＡ　ＤＩＧＩＴＡＬ,2026-01-29,監査役 (非常勤),細 木 正 彦,1955年８月14日生,(注)5,"6,490",株
2317,株式会社システナ,2026-06-23,代表取締役会長,逸見 愛親,1956年３月24日生,（注)６,,株
2317,株式会社システナ,2026-06-23,取締役副会長,三浦 賢治,1968年２月５日生,（注)６,"2,919,800",株
2317,株式会社システナ,2026-06-23,取締役社長,逸見 真吾,1980年５月26日生,（注)６,"16,300",株
2317,株式会社システナ,2026-06-23,常務取締役,小谷 寛,1968年12月27日生,（注)６,"67,800",株
2317,株式会社システナ,2026-06-23,取締役,田口 誠,1972年１月14日生,（注)６,"37,000",株
2317,株式会社システナ,2026-06-23,取締役,藤井 宏幸,1969年４月25日生,（注)６,"21,800",株
2317,株式会社システナ,2026-06-23,取締役,西川 誠一郎,1973年９月３日生,（注)６,"3,636",株
2317,株式会社システナ,2026-06-23,取締役,伊藤 麻里,1976年11月23日生,（注)６,,株
2317,株式会社システナ,2026-06-23,取締役,逸見 圭朗,1963年３月４日生,（注)６,,株
2317,株式会社システナ,2026-06-23,取締役,黒﨑 力蔵,1966年２月２日生,（注)６,,株
2317,株式会社システナ,2026-06-23,取締役,齊藤 一典,1967年２月12日生,（注)６,,株
2317,株式会社システナ,2026-06-23,監査役 （常勤）,有田 敏二,1961年３月17日生,（注)４,,株
2317,株式会社システナ,2026-06-23,監査役,中村 嘉宏,1971年11月９日生,（注)５,,株
2317,株式会社システナ,2026-06-23,監査役,阿田川 博,1954年７月12日生,（注)４,,株
2317,株式会社システナ,2026-06-23,監査役,德尾野 信成,1954年３月９日生,（注)４,,株
2317,株式会社システナ,2026-06-23,常務執行役員 次世代モビリティ事業本部長,成川 陽一,,,,
2317,株式会社システナ,2026-06-23,上席執行役員 Systena America Inc.代表取締役社長,田中 光昭,,,,
2317,株式会社システナ,2026-06-23,執行役員 東京都ビジネスサービス株式会社代表取締役社長,根津 史明,,,,
2317,株式会社システナ,2026-06-23,執行役員 DXデザイン本部長,水田 潤,,,,
2317,株式会社システナ,2026-06-23,執行役員 大阪支社長,菊池 卓也,,,,
2317,株式会社システナ,2026-06-23,執行役員 財務経理本部長,坂本 俊,,,,
2317,株式会社システナ,2026-06-23,代表取締役会長,逸見 愛親,1956年３月24日生,（注)６,,株
2317,株式会社システナ,2026-06-23,取締役副会長,三浦 賢治,1968年２月５日生,（注)６,"2,919,800",株
2317,株式会社システナ,2026-06-23,取締役社長,逸見 真吾,1980年５月26日生,（注)６,"16,300",株
2317,株式会社システナ,2026-06-23,常務取締役,小谷 寛,1968年12月27日生,（注)６,"67,800",株
2317,株式会社システナ,2026-06-23,取締役,田口 誠,1972年１月14日生,（注)６,"37,000",株
2317,株式会社システナ,2026-06-23,取締役,藤井 宏幸,1969年４月25日生,（注)６,"21,800",株
2317,株式会社システナ,2026-06-23,取締役,西川 誠一郎,1973年９月３日生,（注)６,"3,636",株
2317,株式会社システナ,2026-06-23,取締役,成川 陽一,1973年３月28日生,（注)６,,株
2317,株式会社システナ,2026-06-23,取締役,伊藤 麻里,1976年11月23日生,（注)６,,株
2317,株式会社システナ,2026-06-23,取締役,逸見 圭朗,1963年３月４日生,（注)６,,株
2317,株式会社システナ,2026-06-23,取締役,黒﨑 力蔵,1966年２月２日生,（注)６,,株
2317,株式会社システナ,2026-06-23,取締役,齊藤 一典,1967年２月12日生,（注)６,,株
2317,株式会社システナ,2026-06-23,取締役,勝部 涼子,1985年３月28日生,（注)６,,株
2317,株式会社システナ,2026-06-23,監査役 （常勤）,有田 敏二,1961年３月17日生,（注)４,,株
2317,株式会社システナ,2026-06-23,監査役,中村 嘉宏,1971年11月９日生,（注)５,,株
2317,株式会社システナ,2026-06-23,監査役,阿田川 博,1954年７月12日生,（注)４,,株
2317,株式会社システナ,2026-06-23,監査役,德尾野 信成,1954年３月９日生,（注)４,,株
2317,株式会社システナ,2026-06-23,上席執行役員 Systena America Inc.代表取締役社長,田中 光昭,,,,
2317,株式会社システナ,2026-06-23,執行役員 東京都ビジネスサービス株式会社代表取締役社長,根津 史明,,,,
2317,株式会社システナ,2026-06-23,執行役員 DXデザイン本部長,水田 潤,,,,
2317,株式会社システナ,2026-06-23,執行役員 大阪支社長,菊池 卓也,,,,
2317,株式会社システナ,2026-06-23,執行役員 財務経理本部長,坂本 俊,,,,
2317,株式会社システナ,2026-06-23,執行役員 デジタルインテグレーション本部 副本部長 兼 バリュークリエイション事業部長,杉岡 真二,,,,
2317,株式会社システナ,2026-06-23,執行役員 ITマネジメント事業本部 営業統括部長,戸澤 英昭,,,,
2317,株式会社システナ,2026-06-23,執行役員 ビジネスソリューション事業本部 営業支援部長,藤崎 祥樹,,,,
231A,Ｃｒｏｓｓ　Ｅホールディングス株式会社,2025-12-23,代表取締役,松尾 貴,1967年８月８日生,（注）２．,"6,000",株
231A,Ｃｒｏｓｓ　Ｅホールディングス株式会社,2025-12-23,常務取締役,鶴田 修一,1958年９月14日生,（注）２．,"3,000",株
231A,Ｃｒｏｓｓ　Ｅホールディングス株式会社,2025-12-23,取締役,天羽 邦久,1950年11月25日生,（注）２．,"3,000",株
231A,Ｃｒｏｓｓ　Ｅホールディングス株式会社,2025-12-23,取締役,村岡 実,1967年７月３日生,（注）２．,"2,000",株
231A,Ｃｒｏｓｓ　Ｅホールディングス株式会社,2025-12-23,取締役 （常勤監査 等委員）,濵田 祝高,1958年６月13日生,（注）３．,,株
231A,Ｃｒｏｓｓ　Ｅホールディングス株式会社,2025-12-23,取締役 （監査等 委員）,渋谷 厚,1954年12月18日生,（注）３．,,株
231A,Ｃｒｏｓｓ　Ｅホールディングス株式会社,2025-12-23,取締役 （監査等 委員）,野田 芳,1979年４月22日生,（注）３．,,株
231A,Ｃｒｏｓｓ　Ｅホールディングス株式会社,2025-12-23,代表取締役,松尾 貴,1967年８月８日生,（注）２．,"6,000",株
231A,Ｃｒｏｓｓ　Ｅホールディングス株式会社,2025-12-23,常務取締役,鶴田 修一,1958年９月14日生,（注）２．,"3,000",株
231A,Ｃｒｏｓｓ　Ｅホールディングス株式会社,2025-12-23,取締役,天羽 邦久,1950年11月25日生,（注）２．,"3,000",株
231A,Ｃｒｏｓｓ　Ｅホールディングス株式会社,2025-12-23,取締役,村岡 実,1967年７月３日生,（注）２．,"2,000",株
231A,Ｃｒｏｓｓ　Ｅホールディングス株式会社,2025-12-23,取締役 （常勤監査 等委員）,濵田 祝高,1958年６月13日生,（注）３．,,株
231A,Ｃｒｏｓｓ　Ｅホールディングス株式会社,2025-12-23,取締役 （監査等 委員）,渋谷 厚,1954年12月18日生,（注）３．,,株
231A,Ｃｒｏｓｓ　Ｅホールディングス株式会社,2025-12-23,取締役 （監査等 委員）,野田 芳,1979年４月22日生,（注）３．,,株
2321,株式会社ソフトフロントホールディングス,2026-06-30,代表取締役社長,時 慧,1979年3月19日生,（注）２,,株
2321,株式会社ソフトフロントホールディングス,2026-06-30,取締役,翁 義平,1971年8月10日生,（注）２,,株
2321,株式会社ソフトフロントホールディングス,2026-06-30,取締役,程崎 絵李加,1980年11月20日生,（注）２,,株
2321,株式会社ソフトフロントホールディングス,2026-06-30,取締役,安達 晋,1963年2月3日生,（注）１，２,,株
2321,株式会社ソフトフロントホールディングス,2026-06-30,取締役 （監査等委員）,小泉 博之,1967年12月28日生,（注）１，4,,株
2321,株式会社ソフトフロントホールディングス,2026-06-30,取締役 （監査等委員）,横山 隆一,1944年8月25日生,（注）１，３,,株
2321,株式会社ソフトフロントホールディングス,2026-06-30,取締役 （監査等委員）,與 利博,1959年10月12日生,（注）１，4,,株
2323,株式会社ｆｏｎｆｕｎ,2026-06-25,代表取締役社長,水口 翼,1982年９月８日,(注)３,,株
2323,株式会社ｆｏｎｆｕｎ,2026-06-25,取締役 DXソリューション 本部長,松井 都,1966年12月27日,(注)３,,株
2323,株式会社ｆｏｎｆｕｎ,2026-06-25,取締役 コーポレート ソリューション 本部長,八田 修三,1967年４月６日,(注)３,"3,000",株
2323,株式会社ｆｏｎｆｕｎ,2026-06-25,取締役 (注)１,緒方 健介,1971年７月４日,(注)３,"18,000",株
2323,株式会社ｆｏｎｆｕｎ,2026-06-25,取締役 (注)１,小栁 肇,1965年９月13日,(注)３,,株
2323,株式会社ｆｏｎｆｕｎ,2026-06-25,取締役 (注)１,古久保 武紀,1962年11月２日,(注)３,,株
2323,株式会社ｆｏｎｆｕｎ,2026-06-25,常勤監査役,鎌形 尚,1991年12月５日,(注)４,,株
2323,株式会社ｆｏｎｆｕｎ,2026-06-25,監査役 (注)２,高森 厚太郎,1971年２月17日,(注)４,,株
2323,株式会社ｆｏｎｆｕｎ,2026-06-25,監査役 (注)２,蓮尾 倫弘,1977年７月21日,(注)４,,株
2325,株式会社ＮＪＳ,2026-03-30,取締役社長 (代表取締役),村 上 雅 亮,1952年11月24日生,(注)３,"15,620",株
2325,株式会社ＮＪＳ,2026-03-30,常務取締役 管理本部長 経営管理・情報管理統括,蒲 谷 靖 彦,1965年７月７日生,(注)３,"1,000",株
2325,株式会社ＮＪＳ,2026-03-30,常務取締役 技術開発統括,土 屋 剛,1969年８月９日生,(注)３,"1,300",株
2325,株式会社ＮＪＳ,2026-03-30,取締役,櫻 井 博 章,1963年１月12日生,(注)３,,株
2325,株式会社ＮＪＳ,2026-03-30,取締役 地球環境本部長,ウダイ・ガナパティ・ケルカ―,1962年12月30日生,(注)３,,株
2325,株式会社ＮＪＳ,2026-03-30,取締役,山 田 雅 雄,1949年２月18日生,(注)３,,株
2325,株式会社ＮＪＳ,2026-03-30,取締役,小 幡 康 雄,1953年３月９日生,(注)３,,株
2325,株式会社ＮＪＳ,2026-03-30,取締役,小 西 みさを,1968年４月19日生,(注)３,,株
2325,株式会社ＮＪＳ,2026-03-30,取締役,村 田 すなお,1963年２月17日生,(注)３,,株
2325,株式会社ＮＪＳ,2026-03-30,常勤監査役,寺 山 寛,1960年８月23日生,(注)４,"11,900",株
2325,株式会社ＮＪＳ,2026-03-30,監査役,田 中 敏 嗣,1963年９月21日生,(注)５,,株
2325,株式会社ＮＪＳ,2026-03-30,監査役,加 藤 直,1966年８月７日生,(注)６,,株
2326,デジタルアーツ株式会社,2026-06-25,代表取締役社長 経営企画本部長,道具 登志夫,1968年２月17日生,(注)２,"2,257,999",株
2326,デジタルアーツ株式会社,2026-06-25,取締役 開発本部長,松本 卓也,1976年11月４日生,(注)２,"3,521",株
2326,デジタルアーツ株式会社,2026-06-25,取締役 (監査等委員),窪川 秀一,1953年２月20日生,(注)３,"3,976",株
2326,デジタルアーツ株式会社,2026-06-25,取締役 (監査等委員),上杉 昌隆,1965年７月31日生,(注)３,"3,976",株
2326,デジタルアーツ株式会社,2026-06-25,取締役 (監査等委員),桒山 千勢,1971年５月２日生,(注)４,501,株
2326,デジタルアーツ株式会社,2026-06-25,代表取締役社長 経営企画本部長,道具 登志夫,1968年２月17日生,(注)２,"2,257,999",株
2326,デジタルアーツ株式会社,2026-06-25,取締役 開発本部長,松本 卓也,1976年11月４日生,(注)２,"3,521",株
2326,デジタルアーツ株式会社,2026-06-25,取締役 (監査等委員),上杉 昌隆,1965年７月31日生,(注)３,"3,976",株
2326,デジタルアーツ株式会社,2026-06-25,取締役 (監査等委員),桒山 千勢,1971年５月２日生,(注)４,501,株
2326,デジタルアーツ株式会社,2026-06-25,取締役 (監査等委員),矢野 亜里紗,1988年６月15日生,(注)３,,株
2327,日鉄ソリューションズ株式会社,2026-06-15,代表取締役社長,玉 置 和 彦,1961年12月２日,(注)１,"20,578",株
2327,日鉄ソリューションズ株式会社,2026-06-15,取締役,東 條 晃 己,1965年６月21日,(注)１,"10,181",株
2327,日鉄ソリューションズ株式会社,2026-06-15,取締役,鎌 田 三 保,1966年７月２日,(注)１,"11,319",株
2327,日鉄ソリューションズ株式会社,2026-06-15,取締役,石 井 一 郎,1955年６月15日,(注)１,0,株
2327,日鉄ソリューションズ株式会社,2026-06-15,取締役,堀 井 利 江,1960年４月７日,(注)１,0,株
2327,日鉄ソリューションズ株式会社,2026-06-15,取締役,藤 原 雅 俊,1978年２月20日,(注)１,0,株
2327,日鉄ソリューションズ株式会社,2026-06-15,取締役,山 畑 聡,1960年12月３日,(注)１,0,株
2327,日鉄ソリューションズ株式会社,2026-06-15,取締役,内 藤 寛 人,1967年７月５日,(注)１,0,株
2327,日鉄ソリューションズ株式会社,2026-06-15,取締役 常勤監査等委員,松 村 篤 樹,1961年５月18日,(注)２,"6,581",株
2327,日鉄ソリューションズ株式会社,2026-06-15,取締役 監査等委員,星 周 一 郎,1969年９月７日,(注)２,0,株
2327,日鉄ソリューションズ株式会社,2026-06-15,取締役 監査等委員,藤 田 和 弘,1965年５月５日,(注)２,0,株
2327,日鉄ソリューションズ株式会社,2026-06-15,代表取締役社長,玉 置 和 彦,1961年12月２日,(注)１,"20,578",株
2327,日鉄ソリューションズ株式会社,2026-06-15,取締役 技術統括担当,熊 本 吉 弘,1962年12月19日,(注)１,"7,941",株
2327,日鉄ソリューションズ株式会社,2026-06-15,取締役 コーポレート統括担当,佐 藤 文 敏,1967年８月９日,(注)１,"15,587",株
2327,日鉄ソリューションズ株式会社,2026-06-15,取締役,石 井 一 郎,1955年６月15日,(注)１,0,株
2327,日鉄ソリューションズ株式会社,2026-06-15,取締役,堀 井 利 江,1960年４月７日,(注)１,0,株
2327,日鉄ソリューションズ株式会社,2026-06-15,取締役,山 畑 聡,1960年12月３日,(注)１,0,株
2327,日鉄ソリューションズ株式会社,2026-06-15,取締役,川 上 智 子,1965年５月３日,(注)１,0,株
2327,日鉄ソリューションズ株式会社,2026-06-15,取締役,加 藤 伸 一,1971年９月８日,(注)１,0,株
2327,日鉄ソリューションズ株式会社,2026-06-15,取締役 常勤監査等委員,松 村 篤 樹,1961年５月18日,(注)２,"6,581",株
2327,日鉄ソリューションズ株式会社,2026-06-15,取締役 監査等委員,星 周 一 郎,1969年９月７日,(注)２,0,株
2327,日鉄ソリューションズ株式会社,2026-06-15,取締役 監査等委員,藤 田 和 弘,1965年５月５日,(注)２,0,株
2329,株式会社東北新社,2026-06-25,代表取締役社長,小坂 恵一,1955年1月28日生,(注)３,75,千株
2329,株式会社東北新社,2026-06-25,取締役,家氏 太造,1961年10月27日生,(注)３,21,千株
2329,株式会社東北新社,2026-06-25,取締役,江草 康二,1961年3月14日生,(注)３,29,千株
2329,株式会社東北新社,2026-06-25,取締役,中野 智司,1960年3月10日生,(注)３,21,千株
2329,株式会社東北新社,2026-06-25,取締役,二宮 清隆,1959年4月29日生,(注)３,174,千株
2329,株式会社東北新社,2026-06-25,取締役,ロケット 和佳子,1966年1月19日生,(注)３,9,千株
2329,株式会社東北新社,2026-06-25,取締役,沖山 貴良,1969年4月26日生,(注)３,92,千株
2329,株式会社東北新社,2026-06-25,取締役,山口 哲史,1961年4月18日生,(注)３,20,千株
2329,株式会社東北新社,2026-06-25,取締役,小松 哲郎,1972年8月1日生,(注)３,18,千株
2329,株式会社東北新社,2026-06-25,取締役,鈴木 咲江子,1968年7月15日生,(注)３,3,千株
2329,株式会社東北新社,2026-06-25,取締役,岩倉 正和,1962年12月2日生,(注)３,6,千株
2329,株式会社東北新社,2026-06-25,取締役,上村 はじめ,1973年2月19日生,(注)３,6,千株
2329,株式会社東北新社,2026-06-25,取締役,William Ireton,1955年12月6日生,(注)３,2,千株
2329,株式会社東北新社,2026-06-25,取締役,中川 有紀子,1964年6月3日生,(注)３,1,千株
2329,株式会社東北新社,2026-06-25,取締役・監査等委員,箕輪 俊之,1966年2月19日生,(注)４,3,千株
2329,株式会社東北新社,2026-06-25,取締役・監査等委員,小野 直路,1947年8月4日生,(注)４,,千株
2329,株式会社東北新社,2026-06-25,取締役・監査等委員,長坂 武見,1956年1月24日生,(注)４,,千株
2329,株式会社東北新社,2026-06-25,取締役・監査等委員,加計本 誠,1959年11月30日生,(注)５,,千株
2330,株式会社フォーサイド,2026-03-26,代表取締役社長,大島 正人,1957年９月12日生,注2,,株
2330,株式会社フォーサイド,2026-03-26,常務取締役,大島 崇,1981年３月21日生,注2,,株
2330,株式会社フォーサイド,2026-03-26,取締役,根津 孝規,1979年５月18日生,注2,"5,300",株
2330,株式会社フォーサイド,2026-03-26,取締役,長尾 康裕,1971年１月29日生,注2,"900,000",株
2330,株式会社フォーサイド,2026-03-26,取締役,大塚 美樹,1978年４月26日生,注2,"1,430",株
2330,株式会社フォーサイド,2026-03-26,取締役 （常勤監査等委員）,田﨑 司郎,1951年５月５日生,注3,,株
2330,株式会社フォーサイド,2026-03-26,取締役 （監査等委員）,田辺 一男,1957年８月３日生,注3,"1,190",株
2330,株式会社フォーサイド,2026-03-26,取締役 （監査等委員）,瀬山 剛,1970年４月30日生,注3,,株
2331,ＡＬＳＯＫ株式会社,2026-06-19,代表取締役 グループCEO （注）７,村井 豪,1969年８月15日生,(注)３,"3,359,000",株
2331,ＡＬＳＯＫ株式会社,2026-06-19,代表取締役 グループCOO （社長執行役員） 品質管理担当 （注）７,栢木 伊久二,1960年１月３日生,(注)３,"52,700",株
2331,ＡＬＳＯＫ株式会社,2026-06-19,取締役 （専務執行役員） 総務・コーポレートコミュニケーション担当 コンプライアンス担当 リスク管理担当 情報資産管理担当 グループ担当 海外事業担当,鈴木 基久,1959年10月17日生,(注)３,"26,300",株
2331,ＡＬＳＯＫ株式会社,2026-06-19,取締役 （専務執行役員） 人事総括担当 企業倫理担当 介護事業担当,百武 尚樹,1964年５月15日生,(注)３,"18,800",株
2331,ＡＬＳＯＫ株式会社,2026-06-19,取締役 （常務執行役員） CFO 内部統制担当 調達担当 （注）７,重見 一秀,1959年12月25日生,(注)３,"8,900",株
2331,ＡＬＳＯＫ株式会社,2026-06-19,取締役 （常務執行役員） 経営企画担当 金融担当 警備輸送事業担当,林 新一郎,1964年12月９日生,(注)３,700,株
2331,ＡＬＳＯＫ株式会社,2026-06-19,取締役,池永 肇恵,1961年１月23日生,(注)３,"1,000",株
2331,ＡＬＳＯＫ株式会社,2026-06-19,取締役,三島 正彦,1956年７月14日生,(注)３,"2,500",株
2331,ＡＬＳＯＫ株式会社,2026-06-19,取締役,岩崎 賢二,1955年１月３日生,(注)３,"2,300",株
2331,ＡＬＳＯＫ株式会社,2026-06-19,取締役,森田 宏之,1958年７月16日生,(注)３,500,株
2331,ＡＬＳＯＫ株式会社,2026-06-19,取締役,田中 里沙,1966年11月14日生,(注)３,800,株
2331,ＡＬＳＯＫ株式会社,2026-06-19,常勤監査役,田中 順,1962年５月23日生,(注)４,"13,700",株
2331,ＡＬＳＯＫ株式会社,2026-06-19,常勤監査役,中野 慎一郎,1959年12月15日生,(注)５,"8,300",株
2331,ＡＬＳＯＫ株式会社,2026-06-19,監査役,大塚 祥史,1964年２月18日生,(注)６,"1,600",株
2331,ＡＬＳＯＫ株式会社,2026-06-19,監査役,田中 俊恵,1965年10月19日生,(注)４,200,株
2331,ＡＬＳＯＫ株式会社,2026-06-19,代表取締役 グループCEO （社長執行役員） 品質管理担当,村井 豪,,(注)１、６,,
2331,ＡＬＳＯＫ株式会社,2026-06-19,代表取締役 （専務執行役員） 人事総括担当 企業倫理担当 介護事業担当,百武 尚樹,,(注)１,,
2331,ＡＬＳＯＫ株式会社,2026-06-19,取締役 （常務執行役員） 金融担当 警備輸送事業担当,林 新一郎,,(注)１,,
2331,ＡＬＳＯＫ株式会社,2026-06-19,取締役 （常務執行役員） 関西担当,小野 誠司,,(注)１,,
2331,ＡＬＳＯＫ株式会社,2026-06-19,取締役 （常務執行役員） 事業戦略担当 営業企画・管理担当,米田 聖,,(注)１,,
2331,ＡＬＳＯＫ株式会社,2026-06-19,取締役,池永 肇恵,,(注)１,,
2331,ＡＬＳＯＫ株式会社,2026-06-19,取締役,森田 宏之,,(注)１,,
2331,ＡＬＳＯＫ株式会社,2026-06-19,取締役,田中 里沙,,(注)１,,
2331,ＡＬＳＯＫ株式会社,2026-06-19,取締役,半田 禎,,(注)１,,
2331,ＡＬＳＯＫ株式会社,2026-06-19,常勤監査役,田中 順,,(注)２,,
2331,ＡＬＳＯＫ株式会社,2026-06-19,常勤監査役,中野 慎一郎,,(注)３,,
2331,ＡＬＳＯＫ株式会社,2026-06-19,常勤監査役,池山 成俊,,(注)４,,
2331,ＡＬＳＯＫ株式会社,2026-06-19,監査役,大塚 祥史,,(注)５,,
2331,ＡＬＳＯＫ株式会社,2026-06-19,監査役,田中 俊恵,,(注)２,,
2331,ＡＬＳＯＫ株式会社,2026-06-19,取締役 （常務執行役員） 関西担当,小野 誠司,1967年10月24日,,"19,400",株
2331,ＡＬＳＯＫ株式会社,2026-06-19,取締役 （常務執行役員） 事業戦略担当 営業企画・管理担当,米田 聖,1967年２月22日,,"4,600",株
2331,ＡＬＳＯＫ株式会社,2026-06-19,取締役,半田 禎,1960年８月３日,,0,株
2331,ＡＬＳＯＫ株式会社,2026-06-19,常勤監査役,池山 成俊,1967年６月23日,,0,
2332,株式会社クエスト,2026-06-19,代表取締役会長,清澤 一郎,1955年12月25日生,(注)３,"27,907",株
2332,株式会社クエスト,2026-06-19,取締役 (代表取締役) 社長執行役員 ビジネスイノベーション推進部担当 内部監査室担当,鎌田 智,1965年８月24日生,(注)３,"1,341",株
2332,株式会社クエスト,2026-06-19,取締役 副社長執行役員,鈴木 裕二,1964年９月４日生,(注)３,"1,141",株
2332,株式会社クエスト,2026-06-19,取締役 上席執行役員 公共・エネルギー事業部担当 DX推進部担当 中部支社担当,兒島 賢,1962年６月10日生,(注)３,"34,610",株
2332,株式会社クエスト,2026-06-19,取締役 上席執行役員 人事総務部担当 法務コンプライアンス室担当 ダイバーシティ＆インクルージョン推進室担当 株式会社エヌ・ケイ取締役,金井 淳,1959年７月21日生,(注)３,"7,657",株
2332,株式会社クエスト,2026-06-19,取締役 上席執行役員 経営企画管理部担当 経理部担当 サステナビリティ担当 株式会社セプト取締役,小泉 裕,1964年１月23日生,(注)３,"7,392",株
2332,株式会社クエスト,2026-06-19,取締役 上席執行役員 株式会社エヌ・ケイ代表取締役社長,加藤 直子,1959年８月３日生,(注)３,"1,635",株
2332,株式会社クエスト,2026-06-19,取締役,佐藤 裕之,1959年６月18日生,(注)３,400,株
2332,株式会社クエスト,2026-06-19,取締役 (監査等委員),内野 一博,1961年12月7日生,(注)４,"2,500",株
2332,株式会社クエスト,2026-06-19,取締役 (監査等委員),宗司 ゆかり,1971年８月９日生,(注)４,400,株
2332,株式会社クエスト,2026-06-19,取締役 (監査等委員),難波 満 (注)５,1973年12月25日生,(注)４,900,株
2332,株式会社クエスト,2026-06-19,取締役 取締役会議長,佐藤 裕之,1959年６月18日生,(注)３,400,株
2332,株式会社クエスト,2026-06-19,取締役 (代表取締役) 社長執行役員 ビジネスイノベーション推進部担当 内部監査室担当,鎌田 智,1965年８月24日生,(注)３,"1,341",株
2332,株式会社クエスト,2026-06-19,取締役 副社長執行役員,鈴木 裕二,1964年９月４日生,(注)３,"1,141",株
2332,株式会社クエスト,2026-06-19,取締役 上席執行役員 公共・エネルギー事業部担当 DX推進部担当 中部支社担当,兒島 賢,1962年６月10日生,(注)３,"34,610",株
2332,株式会社クエスト,2026-06-19,取締役 上席執行役員 経営企画管理部担当 経理部担当 サステナビリティ担当 株式会社セプト取締役,小泉 裕,1964年１月23日生,(注)３,"7,392",株
2332,株式会社クエスト,2026-06-19,取締役 上席執行役員 人事総務部担当 法務コンプライアンス室担当 ダイバーシティ＆インクルージョン推進室担当 株式会社エヌ・ケイ取締役,三橋 一仁,1969年４月21日生,(注)３,0,株
2332,株式会社クエスト,2026-06-19,取締役 (監査等委員),井上 幸夫,1962年１月３日生,(注)４,0,株
2332,株式会社クエスト,2026-06-19,取締役 (監査等委員),宗司 ゆかり,1971年８月９日生,(注)４,400,株
2332,株式会社クエスト,2026-06-19,取締役 (監査等委員),難波 満 (注)５,1973年12月25日生,(注)４,900,株
2334,株式会社イオレ,2026-06-30,代表取締役社長,瀧野 諭吾,1983年11月13日,（注）３,,株
2334,株式会社イオレ,2026-06-30,専務取締役,天羽 健介,1983年1月29日,（注）３,,株
2334,株式会社イオレ,2026-06-30,取締役,渡邊 孝行,1973年２月26日,（注）３,,株
2334,株式会社イオレ,2026-06-30,取締役会長,吉田 直人,1963年９月６日,（注）３,"5,633,000",株
2334,株式会社イオレ,2026-06-30,取締役,天野 晃,1983年11月22日,（注）３,,株
2334,株式会社イオレ,2026-06-30,取締役,高桑 昌也,1977年10月27日,（注）３,,株
2334,株式会社イオレ,2026-06-30,監査役 （常勤）,田村 謙治,1968年３月19日,（注）４,,株
2334,株式会社イオレ,2026-06-30,監査役 （非常勤）,大山 亨,1967年８月24日,（注）４,"11,000",株
2334,株式会社イオレ,2026-06-30,監査役 （非常勤）,塩川 泰子,1981年２月28日,（注）４,,株
2335,株式会社キューブシステム,2026-06-18,代表取締役 社長執行役員,中西 雅洋,1958年11月６日生,(注)３,"33,800",株
2335,株式会社キューブシステム,2026-06-18,取締役,栃澤 正樹,1953年１月14日生,(注)３,"21,700",株
2335,株式会社キューブシステム,2026-06-18,取締役 常務執行役員,小髙 実,1967年３月20日生,(注)３,"26,600",株
2335,株式会社キューブシステム,2026-06-18,取締役,椎野 孝雄,1954年９月17日生,(注)３,,株
2335,株式会社キューブシステム,2026-06-18,取締役,永田 英恵,1986年12月５日生,(注)３,,株
2335,株式会社キューブシステム,2026-06-18,取締役,斎藤 毅文,1971年12月３日生,(注)３,,株
2335,株式会社キューブシステム,2026-06-18,常勤監査役,内田 敏雄,1953年11月24日生,(注)４,"198,980",株
2335,株式会社キューブシステム,2026-06-18,常勤監査役,野中 達雄,1958年10月25日生,(注)５,,株
2335,株式会社キューブシステム,2026-06-18,監査役,三井田 由香子,1977年12月21日生,(注)４,,株
2335,株式会社キューブシステム,2026-06-18,監査役,福嶋 美里,1983年12月21日生,(注)６,,株
2335,株式会社キューブシステム,2026-06-18,代表取締役 社長執行役員,中西 雅洋,1958年11月６日生,(注)３,"33,800",株
2335,株式会社キューブシステム,2026-06-18,取締役,栃澤 正樹,1953年１月14日生,(注)３,"21,700",株
2335,株式会社キューブシステム,2026-06-18,取締役 常務執行役員,小髙 実,1967年３月20日生,(注)３,"26,600",株
2335,株式会社キューブシステム,2026-06-18,取締役,椎野 孝雄,1954年９月17日生,(注)３,,株
2335,株式会社キューブシステム,2026-06-18,取締役,永田 英恵,1986年12月５日生,(注)３,,株
2335,株式会社キューブシステム,2026-06-18,取締役,斎藤 毅文,1971年12月３日生,(注)３,,株
2335,株式会社キューブシステム,2026-06-18,取締役,小林 俊範,1959年４月18日生,(注)３,,株
2335,株式会社キューブシステム,2026-06-18,常勤監査役,内田 敏雄,1953年11月24日生,(注)４,"198,980",株
2335,株式会社キューブシステム,2026-06-18,常勤監査役,野中 達雄,1958年10月25日生,(注)５,,株
2335,株式会社キューブシステム,2026-06-18,監査役,三井田 由香子,1977年12月21日生,(注)４,,株
2335,株式会社キューブシステム,2026-06-18,監査役,福嶋 美里,1983年12月21日生,(注)６,,株
2337,いちご株式会社,2026-05-20,取締役 取締役会議長 指名委員 報酬委員 コンプライアンス委員,スコット キャロン (注)２ [Scott Callon],1964年12月６日生,(注)５,,株
2337,いちご株式会社,2026-05-20,取締役 指名委員長 報酬委員長 コンプライアンス委員長,長谷川 拓磨,1971年１月29日生,(注)５,"497,338",株
2337,いちご株式会社,2026-05-20,取締役,石原 実,1967年10月５日生,(注)５,"53,208",株
2337,いちご株式会社,2026-05-20,取締役,村井 恵理,1970年５月16日生,(注)５,"83,300",株
2337,いちご株式会社,2026-05-20,取締役 指名委員 監査委員長 報酬委員 コンプライアンス委員,藤田 哲也,1954年３月26日生,(注)５,"90,000",株
2337,いちご株式会社,2026-05-20,取締役 指名委員 監査委員 報酬委員,川手 典子,1976年２月22日生,(注)５,"83,000",株
2337,いちご株式会社,2026-05-20,取締役 指名委員 報酬委員,中井戸 信英,1946年11月１日生,(注)５,"10,000",株
2337,いちご株式会社,2026-05-20,取締役 コンプライアンス副委員長,宇田 左近,1955年５月22日生,(注)５,"4,200",株
2337,いちご株式会社,2026-05-20,取締役 監査委員,田中 精一,1960年９月14日生,(注)５,,株
2337,いちご株式会社,2026-05-20,代表執行役会長 経営統括,スコット キャロン,1964年12月６日生,(注),,株
2337,いちご株式会社,2026-05-20,代表執行役社長 経営統括,長谷川 拓磨,1971年１月29日生,(注),"497,338",株
2337,いちご株式会社,2026-05-20,執行役副会長 特別補佐,山内 章,1962年６月９日生,（注）,"3,600",株
2337,いちご株式会社,2026-05-20,執行役副社長兼ＣＯＯ 会長社長補佐、サステナブルインフラ事業本部管掌,石原 実,1967年10月５日生,(注),"53,208",株
2337,いちご株式会社,2026-05-20,専務執行役 コーポレート本部管掌,村井 恵理,1970年５月16日生,(注),"83,300",株
2337,いちご株式会社,2026-05-20,常務執行役 ブランドコミュニケーション部担当,吉松 健行,1970年７月６日生,(注),"52,294",株
2337,いちご株式会社,2026-05-20,常務執行役 財務本部管掌,坂松 孝紀,1976年６月３日生,（注）,"20,900",株
2337,いちご株式会社,2026-05-20,上席執行役 サステナブル エンジニアリング本部管掌,栗田 和典,1961年９月22日生,（注）,"12,200",株
2337,いちご株式会社,2026-05-20,上席執行役 経営管理部担当,山本 竜太郎,1976年２月６日生,（注）,"40,500",株
2337,いちご株式会社,2026-05-20,上席執行役 人財開発部担当,大井川 孝志,1975年10月７日生,（注）,"10,700",株
2337,いちご株式会社,2026-05-20,執行役 監査部管掌,千田 恭豊,1956年４月８日生,（注）,"89,700",株
2337,いちご株式会社,2026-05-20,執行役 サステナブルインフラ事業本部担当、DX推進部管掌,田中 建路,1981年５月30日生,（注）,"2,700",株
2337,いちご株式会社,2026-05-20,執行役 総務部・ リスク管理部・コンプライアンス部担当,藤井 宏明,1972年１月23日生,（注）,"2,800",株
2337,いちご株式会社,2026-05-20,執行役 企画経理部担当,古川 直子,1977年８月５日生,（注）,"22,800",株
2337,いちご株式会社,2026-05-20,執行役 事業企画部担当,加茂 勇次,1978年２月21日生,（注）,"5,800",株
2337,いちご株式会社,2026-05-20,取締役 取締役会議長,スコット キャロン (注)２ [Scott Callon],1964年12月６日生,(注)５,,株
2337,いちご株式会社,2026-05-20,取締役,長谷川 拓磨,1971年１月29日生,(注)５,"497,338",株
2337,いちご株式会社,2026-05-20,取締役,石原 実,1967年10月５日生,(注)５,"53,208",株
2337,いちご株式会社,2026-05-20,取締役,村井 恵理,1970年５月16日生,(注)５,"83,300",株
2337,いちご株式会社,2026-05-20,取締役,藤田 哲也,1954年３月26日生,(注)５,"90,000",株
2337,いちご株式会社,2026-05-20,取締役,中井戸 信英,1946年11月１日生,(注)５,"10,000",株
2337,いちご株式会社,2026-05-20,取締役,宇田 左近,1955年５月22日生,(注)５,"4,200",株
2337,いちご株式会社,2026-05-20,取締役,田中 精一,1960年９月14日生,(注)５,,株
2337,いちご株式会社,2026-05-20,取締役,柳井 直美,1976年８月16日生,(注)５,,株
2337,いちご株式会社,2026-05-20,代表執行役会長 経営統括,スコット キャロン,1964年12月６日生,(注),,株
2337,いちご株式会社,2026-05-20,代表執行役社長 経営統括,長谷川 拓磨,1971年１月29日生,(注),"497,338",株
2337,いちご株式会社,2026-05-20,執行役副会長 特別補佐,山内 章,1962年６月９日生,（注）,"3,600",株
2337,いちご株式会社,2026-05-20,執行役副社長兼ＣＯＯ 会長社長補佐、サステナブルインフラ事業本部管掌,石原 実,1967年10月５日生,(注),"53,208",株
2337,いちご株式会社,2026-05-20,専務執行役 コーポレート本部管掌,村井 恵理,1970年５月16日生,(注),"83,300",株
2337,いちご株式会社,2026-05-20,常務執行役 ブランドコミュニケーション部担当,吉松 健行,1970年７月６日生,(注),"52,294",株
2337,いちご株式会社,2026-05-20,常務執行役 財務本部管掌,坂松 孝紀,1976年６月３日生,（注）,"20,900",株
2337,いちご株式会社,2026-05-20,上席執行役 サステナブル エンジニアリング本部管掌,栗田 和典,1961年９月22日生,（注）,"12,200",株
2337,いちご株式会社,2026-05-20,上席執行役 経営管理部担当,山本 竜太郎,1976年２月６日生,（注）,"40,500",株
2337,いちご株式会社,2026-05-20,上席執行役 人財開発部担当,大井川 孝志,1975年10月７日生,（注）,"10,700",株
2337,いちご株式会社,2026-05-20,執行役 監査部管掌,千田 恭豊,1956年４月８日生,（注）,"89,700",株
2337,いちご株式会社,2026-05-20,執行役 サステナブルインフラ事業本部担当、DX推進部管掌,田中 建路,1981年５月30日生,（注）,"2,700",株
2337,いちご株式会社,2026-05-20,執行役 総務部・ リスク管理部・コンプライアンス部担当,藤井 宏明,1972年１月23日生,（注）,"2,800",株
2337,いちご株式会社,2026-05-20,執行役 企画経理部担当,古川 直子,1977年８月５日生,（注）,"22,800",株
2337,いちご株式会社,2026-05-20,執行役 事業企画部担当,加茂 勇次,1978年２月21日生,（注）,"5,800",株
2338,クオンタムソリューションズ株式会社,2026-05-28,代表取締役社長,大澤 梅嘉,1963年１月１日,(注)２,,株
2338,クオンタムソリューションズ株式会社,2026-05-28,取締役,PENG LINYUAN,1978年12月27日,(注)２,,株
2338,クオンタムソリューションズ株式会社,2026-05-28,取締役,Francis Bing Rong Zhou,1985年２月11日,(注)２,,株
2338,クオンタムソリューションズ株式会社,2026-05-28,取締役,TUNG CHUN FAI,1981年８月10日,(注)２,,株
2338,クオンタムソリューションズ株式会社,2026-05-28,取締役,福田 祐士,1957年１月21日,(注)２,,株
2338,クオンタムソリューションズ株式会社,2026-05-28,取締役 （監査等委員）,YE DANDAN,1986年２月19日,(注)３,,株
2338,クオンタムソリューションズ株式会社,2026-05-28,取締役 （監査等委員）,荒井 裕樹,1976年８月23日,(注)３,,株
2338,クオンタムソリューションズ株式会社,2026-05-28,取締役 （監査等委員）,福島 昇,1963年12月７日,(注)３,,株
2340,株式会社　極楽湯ホールディングス,2026-06-29,代表取締役会長 兼社長 グループCEO,新川 隆丈,1959年４月９日生,(注)４,"4,541(注)８",百株
2340,株式会社　極楽湯ホールディングス,2026-06-29,取締役 常務執行役員,後藤 研二,1968年12月21日生,(注)４,,百株
2340,株式会社　極楽湯ホールディングス,2026-06-29,取締役 執行役員,山本 真司,1978年３月10日生,(注)４,155(注)８,百株
2340,株式会社　極楽湯ホールディングス,2026-06-29,取締役 執行役員,佐藤 剛史,1980年６月10日生,(注)４,150(注)８,百株
2340,株式会社　極楽湯ホールディングス,2026-06-29,取締役 執行役員,新川 隆啓,1986年12月２日生,(注)４,,百株
2340,株式会社　極楽湯ホールディングス,2026-06-29,取締役,市山 勉,1958年９月９日生,(注)４,,百株
2340,株式会社　極楽湯ホールディングス,2026-06-29,取締役,上野 建太郎,1978年５月11日生,(注)４,,百株
2340,株式会社　極楽湯ホールディングス,2026-06-29,取締役,小林 豪,1975年10月25日生,(注)４,,百株
2340,株式会社　極楽湯ホールディングス,2026-06-29,監査役 (常勤),上妻 進一郎,1960年８月27日生,(注)５,240,百株
2340,株式会社　極楽湯ホールディングス,2026-06-29,監査役,鈴木 陽子,1971年２月５日生,(注)６,,百株
2340,株式会社　極楽湯ホールディングス,2026-06-29,監査役,劔持 俊幸,1971年２月５日生,(注)７,10,百株
2341,株式会社アルバイトタイムス,2026-05-25,代表取締役 社長,堀 田 欣 弘,1965年１月28日生,（注）３,399,千株
2341,株式会社アルバイトタイムス,2026-05-25,取締役,竹 内 一 浩,1964年７月14日生,（注）３,155,千株
2341,株式会社アルバイトタイムス,2026-05-25,取締役,金 子 章 裕,1973年１月16日生,（注）３,39,千株
2341,株式会社アルバイトタイムス,2026-05-25,取締役,石 川 貴 也,1972年３月５日生,（注）３,47,千株
2341,株式会社アルバイトタイムス,2026-05-25,取締役,大 塚 真 澄,1965年８月10日生,（注）３,49,千株
2341,株式会社アルバイトタイムス,2026-05-25,取締役,和 田 彰,1970年６月16日生,（注）３,,千株
2341,株式会社アルバイトタイムス,2026-05-25,取締役,青 木 想,1984年９月21日生,（注）３,,千株
2341,株式会社アルバイトタイムス,2026-05-25,監査役 （常勤）,杉 山 正 人,1964年２月18日生,（注）４,89,千株
2341,株式会社アルバイトタイムス,2026-05-25,監査役,清 水 久 員,1963年３月11日生,（注）５,,千株
2341,株式会社アルバイトタイムス,2026-05-25,監査役,柴 田 亮,1973年９月21日生,（注）６,,千株
2342,株式会社トランスジェニックグループ,2026-06-17,代表取締役社長,福永 健司,1969年８月13日生,(注)３,"192,247",株
2342,株式会社トランスジェニックグループ,2026-06-17,取締役 ＣＲＯ事業本部長 兼施設運営室長,北島 俊一,1960年１月31日生,(注)３,"69,245",株
2342,株式会社トランスジェニックグループ,2026-06-17,取締役 ＩＲ＆コーポレート管理室長兼情報管理室長 兼総務人事部長,船橋 泰,1973年12月14日生,(注)３,"38,814",株
2342,株式会社トランスジェニックグループ,2026-06-17,取締役 経理財務部長,渡部 一夫,1967年12月10日生,(注)３,"32,076",株
2342,株式会社トランスジェニックグループ,2026-06-17,取締役,高島 浩二,1958年12月15日生,(注)３,"6,500",株
2342,株式会社トランスジェニックグループ,2026-06-17,取締役 グループ事業推進部長,冨田 昭仁,1973年11月14日生,(注)３,"16,500",株
2342,株式会社トランスジェニックグループ,2026-06-17,取締役,清藤 勉,1944年９月29日生,(注)３,,株
2342,株式会社トランスジェニックグループ,2026-06-17,取締役,斎藤 穂高,1958年１月８日生,(注)３,,株
2342,株式会社トランスジェニックグループ,2026-06-17,常勤監査役,友永 良二,1958年３月12日生,(注)４,,株
2342,株式会社トランスジェニックグループ,2026-06-17,監査役,佐藤 貴夫,1963年８月５日生,(注)４,"3,565",株
2342,株式会社トランスジェニックグループ,2026-06-17,監査役,本坊 正文,1955年５月27日生,(注)４,"15,000",株
2345,株式会社クシム,2026-01-30,代表取締役,田 原 弘 貴,1996年８月13日生,注４,"315,400",株
2345,株式会社クシム,2026-01-30,取締役,田中 遼,1989年3月12日生,注４,,株
2345,株式会社クシム,2026-01-30,取締役,大島 卓也,1986年8月7日生,注４,,株
2345,株式会社クシム,2026-01-30,取締役,伊藤 光佑,1997年5月11日生,注４,"113,616",株
2345,株式会社クシム,2026-01-30,取締役,竹中 大介,1980年10月16日生,注４,,株
2345,株式会社クシム,2026-01-30,取締役,石濱 嵩博,1990年8月31日生,注４,,株
2345,株式会社クシム,2026-01-30,取締役 (監査等委員) （注）１．２,荒 木 久 雄,1973年10月1日生,注５,"1,000",株
2345,株式会社クシム,2026-01-30,取締役 (監査等委員) （注）１．２,渡辺 治,1987年3月29日生,注５,,株
2345,株式会社クシム,2026-01-30,取締役 （監査等委員） （注）１．２,佐 藤 憲 介,1980年6月8日生,注５,,株
2349,株式会社エヌアイデイ,2026-06-25,取締役会長,小森 孝一,1934年3月1日生,(注)４,"1,179,146",株
2349,株式会社エヌアイデイ,2026-06-25,代表取締役社長,小森 俊太郎,1964年9月3日生,(注)４,"2,139,500",株
2349,株式会社エヌアイデイ,2026-06-25,専務取締役 ＤＸ事業本部長,盛満 敏昭,1959年5月15日生,(注)４,"27,600",株
2349,株式会社エヌアイデイ,2026-06-25,常務取締役 ＤＸ事業本部副本部長兼 インシュアランスデジタルデザイン事業部長,酒井 真一,1962年7月26日生,(注)４,"9,200",株
2349,株式会社エヌアイデイ,2026-06-25,取締役 ＣＸ事業本部長,石井 廣,1958年11月28日生,(注)４,"25,200",株
2349,株式会社エヌアイデイ,2026-06-25,取締役 コーポレートデザイン本部長,小菅 宏,1956年8月23日生,(注)４,"12,400",株
2349,株式会社エヌアイデイ,2026-06-25,取締役 ソーシャルデザイン事業部長,鷲尾 幸一,1965年３月５日生,(注)４,"8,800",株
2349,株式会社エヌアイデイ,2026-06-25,取締役 ＩＴコミュニケーションデザイン 事業部長,門倉 利幸,1965年４月27日生,(注)４,"2,000",株
2349,株式会社エヌアイデイ,2026-06-25,取締役 ＩＣＴデザイン事業部長,奥屋 善久,1968年６月７日生,(注)４,"4,800",株
2349,株式会社エヌアイデイ,2026-06-25,取締役,石井 慎一,1966年11月20日生,(注)４,,株
2349,株式会社エヌアイデイ,2026-06-25,常勤監査役,鈴衛 哲雄,1949年1月25日生,(注)５,"15,000",株
2349,株式会社エヌアイデイ,2026-06-25,監査役,千年 雅行,1958年2月27日生,(注)６,,株
2349,株式会社エヌアイデイ,2026-06-25,監査役,松山 元,1966年9月18日生,(注)６,,株
2351,株式会社ＡＳＪ,2026-06-23,代表取締役会長 Co-CEO,丸山 治昭,1953年１月16日,(注4),"1,971,900",株
2351,株式会社ＡＳＪ,2026-06-23,代表取締役社長 Co-CEO＆COO,青木 邦哲,1967年５月14日,(注4),"117,900",株
2351,株式会社ＡＳＪ,2026-06-23,専務取締役 最高技術責任者 技術本部長,沼口 芳朗,1963年５月10日,（注4),"14,200",株
2351,株式会社ＡＳＪ,2026-06-23,取締役 事業推進本部長,田代 博之,1973年７月25日,(注4),"83,900",株
2351,株式会社ＡＳＪ,2026-06-23,取締役 開発部長,星 俊秀,1975年１月19日,(注4),"23,100",株
2351,株式会社ＡＳＪ,2026-06-23,取締役 社長室長 ＩＲ室長 ＤＸ・セキュリティ推進室長,仁井 健友,1975年６月26日,(注4),"5,000",株
2351,株式会社ＡＳＪ,2026-06-23,取締役 管理本部長,津崎 博久,1968年２月27日,(注4),500,株
2351,株式会社ＡＳＪ,2026-06-23,取締役 （常勤監査等委員）,田村 公一,1959年３月15日,(注5),"119,600",株
2351,株式会社ＡＳＪ,2026-06-23,取締役 （監査等委員）,安永 嵩,1945年２月５日,(注5),"18,400",株
2351,株式会社ＡＳＪ,2026-06-23,取締役 （監査等委員）,石井 裕二,1949年９月２日,(注5),"4,600",株
2351,株式会社ＡＳＪ,2026-06-23,取締役 （監査等委員）,奥脇 貞美,1956年６月28日,(注6),"1,000",株
2353,日本駐車場開発株式会社,2025-10-22,代表取締役 社長,巽 一久,1968年１月４日生,(注)３,"3,342,562",株
2353,日本駐車場開発株式会社,2025-10-22,取締役 副社長,川村 憲司,1964年９月15日生,(注)３,"4,963,488",株
2353,日本駐車場開発株式会社,2025-10-22,取締役 財務経理部長,窪田 礼子,1984年８月29日生,(注)３,"92,244",株
2353,日本駐車場開発株式会社,2025-10-22,取締役 西日本本部長,吉松 裕樹,1982年１月14日生,(注)３,"95,130",株
2353,日本駐車場開発株式会社,2025-10-22,取締役,小野 真路,1952年６月６日生,(注)３,,株
2353,日本駐車場開発株式会社,2025-10-22,取締役,烏野 仁,1960年10月３日生,(注)３,"51,074",株
2353,日本駐車場開発株式会社,2025-10-22,取締役,河野 誠,1959年６月13日生,(注)３,"15,454",株
2353,日本駐車場開発株式会社,2025-10-22,取締役,長谷川 雅子,1984年12月９日生,(注)３,,株
2353,日本駐車場開発株式会社,2025-10-22,常勤監査役,平野 満,1962年11月23日生,(注)４,"15,630",株
2353,日本駐車場開発株式会社,2025-10-22,監査役,中山 隆一郎,1970年８月29日生,(注)５,"14,942",株
2353,日本駐車場開発株式会社,2025-10-22,監査役,岸田 梨江,1980年５月21日生,(注)５,,株
2353,日本駐車場開発株式会社,2025-10-22,代表取締役 社長,巽 一久,1968年１月４日生,(注)３,"3,342,562",株
2353,日本駐車場開発株式会社,2025-10-22,取締役 副社長,川村 憲司,1964年９月15日生,(注)３,"4,963,488",株
2353,日本駐車場開発株式会社,2025-10-22,常務取締役 管理本部長,渥美 謙介,1984年12月13日生,(注)３,"277,316",株
2353,日本駐車場開発株式会社,2025-10-22,取締役,藤井 英介,1965年４月25日生,(注)３,,株
2353,日本駐車場開発株式会社,2025-10-22,取締役,烏野 仁,1960年10月３日生,(注)３,"51,074",株
2353,日本駐車場開発株式会社,2025-10-22,常勤監査役,平野 満,1962年11月23日生,(注)４,"15,630",株
2353,日本駐車場開発株式会社,2025-10-22,監査役,中山 隆一郎,1970年８月29日生,(注)５,"14,942",株
2354,株式会社ＹＥ　ＤＩＧＩＴＡＬ,2026-05-21,代表取締役 社長,玉 井 裕 治,1964年１月24日,(注)４,10,千株
2354,株式会社ＹＥ　ＤＩＧＩＴＡＬ,2026-05-21,取締役 執行役員 管理本部長,本 松 隆 之,1966年３月25日,(注)４,3,千株
2354,株式会社ＹＥ　ＤＩＧＩＴＡＬ,2026-05-21,取締役 常勤監査等委員,江 藤 知 樹,1964年３月24日,(注)５,3,千株
2354,株式会社ＹＥ　ＤＩＧＩＴＡＬ,2026-05-21,取締役 監査等委員,下 池 正 一 郎,1968年５月21日,(注)５,,千株
2354,株式会社ＹＥ　ＤＩＧＩＴＡＬ,2026-05-21,取締役 監査等委員,三 浦 正 道,1975年３月22日,(注)５,,千株
2354,株式会社ＹＥ　ＤＩＧＩＴＡＬ,2026-05-21,取締役 監査等委員,金 澤 美 冬,1981年９月29日,(注)５,,千株
2354,株式会社ＹＥ　ＤＩＧＩＴＡＬ,2026-05-21,取締役 監査等委員,相 良 陽 一,1967年10月1日,(注)５,,千株
2354,株式会社ＹＥ　ＤＩＧＩＴＡＬ,2026-05-21,取締役 監査等委員,野 毛 由 文,1960年３月26日,(注)５,,千株
2354,株式会社ＹＥ　ＤＩＧＩＴＡＬ,2026-05-21,代表取締役 社長,玉 井 裕 治,1964年１月24日,(注)３,10,千株
2354,株式会社ＹＥ　ＤＩＧＩＴＡＬ,2026-05-21,取締役 執行役員 管理本部長,本 松 隆 之,1966年３月25日,(注)３,3,千株
2354,株式会社ＹＥ　ＤＩＧＩＴＡＬ,2026-05-21,取締役 常勤監査等委員,江 藤 知 樹,1964年３月24日,(注)４,3,千株
2354,株式会社ＹＥ　ＤＩＧＩＴＡＬ,2026-05-21,取締役 監査等委員,三 浦 正 道,1975年３月22日,(注)４,,千株
2354,株式会社ＹＥ　ＤＩＧＩＴＡＬ,2026-05-21,取締役 監査等委員,金 澤 美 冬,1981年９月29日,(注)４,,千株
2354,株式会社ＹＥ　ＤＩＧＩＴＡＬ,2026-05-21,取締役 監査等委員,相 良 陽 一,1967年10月1日,(注)４,,千株
2354,株式会社ＹＥ　ＤＩＧＩＴＡＬ,2026-05-21,取締役 監査等委員,野 毛 由 文,1960年３月26日,(注)４,,千株
2359,株式会社コア,2026-06-18,代表取締役会長 最高経営責任者,種村 良平,1940年１月４日生,(注)６,420,千株
2359,株式会社コア,2026-06-18,代表取締役社長執行役員 最高執行責任者,横山 浩二,1972年８月１日生,(注)６,16,千株
2359,株式会社コア,2026-06-18,取締役副社長執行役員 最高戦略責任者 Ｍ＆Ａ推進担当 グローバル推進担当 社会ソリューションカンパニー社長,牛嶋 友美,1978年11月10日生,(注)６,367,千株
2359,株式会社コア,2026-06-18,取締役専務執行役員 ＥＳＧ推進担当,神山 裕司,1965年６月20日生,(注)６,37,千株
2359,株式会社コア,2026-06-18,取締役専務執行役員 最高情報責任者 中四国カンパニー社長,亀谷 良,1970年12月23日生,(注)６,9,千株
2359,株式会社コア,2026-06-18,取締役 （常勤監査等委員）,市川 卓,1961年１月６日生,(注)７,21,千株
2359,株式会社コア,2026-06-18,取締役 （監査等委員）,小林 利典,1961年11月25日生,(注)７,,千株
2359,株式会社コア,2026-06-18,取締役 （監査等委員）,竹野 俊成,1959年８月15日生,(注)７,,千株
2359,株式会社コア,2026-06-18,取締役 （監査等委員）,圷 由美子,1974年６月21日生,(注)７,,千株
2370,株式会社メディネット,2025-12-17,代表取締役 社長,久布白 兼直,1960年７月17日生,(注)３,"172,378",株
2370,株式会社メディネット,2025-12-17,取締役 会長,木村 佳司,1952年３月15日生,(注)３,"7,884,922",株
2370,株式会社メディネット,2025-12-17,取締役 経営管理部長,落合 雅三,1974年９月22日生,(注)３,"241,458",株
2370,株式会社メディネット,2025-12-17,取締役 細胞加工事業部長,近藤 隆重,1975年４月22日生,(注)３,"236,258",株
2370,株式会社メディネット,2025-12-17,取締役,篠田 丈,1961年８月１日生,(注)３,"245,753",株
2370,株式会社メディネット,2025-12-17,取締役,吉野 公一郎,1949年３月25日生,(注)３,"119,153",株
2370,株式会社メディネット,2025-12-17,取締役,市川 邦英,1944年７月29日生,(注)３,"53,653",株
2370,株式会社メディネット,2025-12-17,常勤監査役,古内 耕太郎,1963年10月13日生,(注６),,株
2370,株式会社メディネット,2025-12-17,監査役,片山 卓朗,1950年10月８日生,(注)４,,株
2370,株式会社メディネット,2025-12-17,監査役,長谷川 明彦,1951年７月27日生,(注)５,,株
2371,株式会社カカクコム,2026-06-17,取締役会長,林 郁,1959年12月26日生,(注)１,"165,800",株
2371,株式会社カカクコム,2026-06-17,代表取締役社長 社長執行役員,村上 敦浩,1975年１月９日生,(注)１,"59,611",株
2371,株式会社カカクコム,2026-06-17,取締役 上級執行役員CSO,宮崎 加奈子,1979年11月９日生,(注)１,"28,283",株
2371,株式会社カカクコム,2026-06-17,取締役 上級執行役員CFO,粕谷 進一,1971年１月14日生,(注)１,"26,884",株
2371,株式会社カカクコム,2026-06-17,取締役,加藤 智治,1974年９月８日生,(注)１,,株
2371,株式会社カカクコム,2026-06-17,取締役,木下 雅之,1954年４月11日生,(注)１,"2,300",株
2371,株式会社カカクコム,2026-06-17,取締役,門脇 誠,1973年11月29日生,(注)１,,株
2371,株式会社カカクコム,2026-06-17,取締役,岩瀬 大輔,1976年３月17日生,(注)１,,株
2371,株式会社カカクコム,2026-06-17,取締役 常勤監査等委員,平井 裕文,1964年９月25日生,(注)２,"2,800",株
2371,株式会社カカクコム,2026-06-17,取締役 監査等委員,梶木 壽,1948年９月13日生,(注)２,"2,000",株
2371,株式会社カカクコム,2026-06-17,取締役 監査等委員,井上 美樹,1976年11月22日生,(注)２,,株
2371,株式会社カカクコム,2026-06-17,取締役会長,林 郁,1959年12月26日生,(注)１,"165,800",株
2371,株式会社カカクコム,2026-06-17,代表取締役社長 社長執行役員,村上 敦浩,1975年１月９日生,(注)１,"59,611",株
2371,株式会社カカクコム,2026-06-17,取締役 上級執行役員CSO,宮崎 加奈子,1979年11月９日生,(注)１,"28,283",株
2371,株式会社カカクコム,2026-06-17,取締役 上級執行役員CFO,粕谷 進一,1971年１月14日生,(注)１,"26,884",株
2371,株式会社カカクコム,2026-06-17,取締役,加藤 智治,1974年９月８日生,(注)１,,株
2371,株式会社カカクコム,2026-06-17,取締役,木下 雅之,1954年４月11日生,(注)１,"2,300",株
2371,株式会社カカクコム,2026-06-17,取締役,岩瀬 大輔,1976年３月17日生,(注)１,,株
2371,株式会社カカクコム,2026-06-17,取締役 常勤監査等委員,平井 裕文,1964年９月25日生,(注)２,"2,800",株
2371,株式会社カカクコム,2026-06-17,取締役 監査等委員,梶木 壽,1948年９月13日生,(注)２,"2,000",株
2371,株式会社カカクコム,2026-06-17,取締役 監査等委員,井上 美樹,1976年11月22日生,(注)２,,株
2373,株式会社ケア２１,2026-01-28,代表取締役 会長,依田 平,1952年11月22日生,(注)３,"478,000",株
2373,株式会社ケア２１,2026-01-28,代表取締役 社長,依田 雅,1978年２月４日生,(注)４,"1,285,900",株
2373,株式会社ケア２１,2026-01-28,取締役 福祉事業本部長,端山勝博,1971年４月２日生,(注)４,"7,800",株
2373,株式会社ケア２１,2026-01-28,取締役 業務統括本部長,山田耕嗣,1979年５月18日生,(注)３,900,株
2373,株式会社ケア２１,2026-01-28,取締役,深貝 亨,1953年８月１日生,(注)３,,株
2373,株式会社ケア２１,2026-01-28,取締役,手代木啓,1989年２月15日生,(注)３,,株
2373,株式会社ケア２１,2026-01-28,常勤監査役,奧田隆司,1959年６月７日生,(注)５,,株
2373,株式会社ケア２１,2026-01-28,監査役,遠藤昭夫,1952年１月12日生,(注)６,750,株
2373,株式会社ケア２１,2026-01-28,監査役,山本眞吾,1959年１月17日生,(注)６,,株
2373,株式会社ケア２１,2026-01-28,代表取締役 会長,依田 平,1952年11月22日生,(注)３,"478,000",株
2373,株式会社ケア２１,2026-01-28,代表取締役 社長,依田 雅,1978年２月４日生,(注)４,"1,285,900",株
2373,株式会社ケア２１,2026-01-28,取締役 福祉事業本部長,端山勝博,1971年４月２日生,(注)４,"7,800",株
2373,株式会社ケア２１,2026-01-28,取締役 業務統括本部長,山田耕嗣,1979年５月18日生,(注)３,900,株
2373,株式会社ケア２１,2026-01-28,取締役,深貝 亨,1953年８月１日生,(注)３,,株
2373,株式会社ケア２１,2026-01-28,取締役,手代木啓,1989年２月15日生,(注)３,,株
2373,株式会社ケア２１,2026-01-28,常勤監査役,奧田隆司,1959年６月７日生,(注)５,,株
2373,株式会社ケア２１,2026-01-28,監査役,遠藤昭夫,1952年１月12日生,(注)６,750,株
2373,株式会社ケア２１,2026-01-28,監査役,山本眞吾,1959年１月17日生,(注)６,,株
2375,ギグワークス株式会社,2026-01-28,代表取締役社長 執行役員,村 田 峰 人,1970年10月７日,(注)3,"135,000",株
2375,ギグワークス株式会社,2026-01-28,取締役 常務執行役員 事業開発部長,浅 井 俊 光,1979年１月６日,(注)3,"31,000",株
2375,ギグワークス株式会社,2026-01-28,取締役 常務執行役員 管理本部長,小 島 正 也,1965年12月15日,(注)3,"14,500",株
2375,ギグワークス株式会社,2026-01-28,取締役 常務執行役員 ＣＦＯ,松 沢 隆 平,1978年７月25日,(注)3,"34,300",株
2375,ギグワークス株式会社,2026-01-28,取締役,平 野 伸 一,1956年１月16日,(注)3,,株
2375,ギグワークス株式会社,2026-01-28,取締役,栗 原 博,1953年９月12日,(注)3,,株
2375,ギグワークス株式会社,2026-01-28,取締役,久 保 欣,1967年４月７日,(注)3,,株
2375,ギグワークス株式会社,2026-01-28,取締役,松 本 隆,1952年６月26日,(注)3,,株
2375,ギグワークス株式会社,2026-01-28,取締役 （監査等委員）,瀬 川 大 介,1954年７月21日,(注)4,,株
2375,ギグワークス株式会社,2026-01-28,取締役 （監査等委員）,加地 誠輔,1944年１月９日,(注)4,,株
2375,ギグワークス株式会社,2026-01-28,取締役 （監査等委員）,江 木 晋,1967年12月26日,(注)4,,株
2375,ギグワークス株式会社,2026-01-28,代表取締役社長 執行役員,村 田 峰 人,1970年10月７日,(注)3,"135,000",株
2375,ギグワークス株式会社,2026-01-28,取締役 常務執行役員 事業開発部長,浅 井 俊 光,1979年１月６日,(注)3,"31,000",株
2375,ギグワークス株式会社,2026-01-28,取締役 常務執行役員 管理本部長,小 島 正 也,1965年12月15日,(注)3,"14,500",株
2375,ギグワークス株式会社,2026-01-28,取締役 常務執行役員 ＣＦＯ,松 沢 隆 平,1978年７月25日,(注)3,"34,300",株
2375,ギグワークス株式会社,2026-01-28,取締役,平 野 伸 一,1956年１月16日,(注)3,,株
2375,ギグワークス株式会社,2026-01-28,取締役,栗 原 博,1953年９月12日,(注)3,,株
2375,ギグワークス株式会社,2026-01-28,取締役,久 保 欣,1967年４月７日,(注)3,,株
2375,ギグワークス株式会社,2026-01-28,取締役,加 地 誠 輔,1944年１月９日,(注)3,,株
2375,ギグワークス株式会社,2026-01-28,取締役 （監査等委員）,瀬 川 大 介,1954年７月21日,(注)4,,株
2375,ギグワークス株式会社,2026-01-28,取締役 （監査等委員）,江 木 晋,1967年12月26日,(注)4,,株
2375,ギグワークス株式会社,2026-01-28,取締役 （監査等委員）,重 冨 公 博,1978年10月４日,(注)4,,株
2376,株式会社　サイネックス,2026-06-25,代表取締役 社長,村田 吉優,昭和25年８月11日生,(注)2,"486,260",株
2376,株式会社　サイネックス,2026-06-25,取締役 常務執行役員 営業統括本部長 兼東日本営業本部長,稲澤 和宜,昭和40年６月15日生,(注)2,"7,000",株
2376,株式会社　サイネックス,2026-06-25,取締役 常務執行役員 営業統括本部 ＩＣＴ事業推進本部長,久保 博信,昭和41年４月5日生,(注)2,"7,500",株
2376,株式会社　サイネックス,2026-06-25,取締役 執行役員 営業統括本部長代理,雲林院 英幸,昭和33年10月25日生,(注)2,"15,900",株
2376,株式会社　サイネックス,2026-06-25,取締役 執行役員 企画開発本部 新領域開発室長 兼新領域開発室担当,吹ノ戸 忠,昭和35年５月11日生,(注)2,"5,100",株
2376,株式会社　サイネックス,2026-06-25,取締役,廣田 俊夫,昭和32年４月21日生,(注)2,,株
2376,株式会社　サイネックス,2026-06-25,取締役 （監査等委員・常勤）,片岡 和行,昭和27年５月19日生,(注)3,,株
2376,株式会社　サイネックス,2026-06-25,取締役 （監査等委員）,中川 美佐,昭和47年10月21日生,(注)3,,株
2376,株式会社　サイネックス,2026-06-25,取締役 （監査等委員）,稲継 裕昭,昭和33年７月19日生,(注)3,,株
2376,株式会社　サイネックス,2026-06-25,取締役 （監査等委員）,梅村 時博,昭和25年２月18日生,(注)3,,株
2376,株式会社　サイネックス,2026-06-25,常務執行役員企画開発本部長,角一 成常,,,,
2376,株式会社　サイネックス,2026-06-25,執行役員経営管理本部長兼総務部長,上村 高城,,,,
2376,株式会社　サイネックス,2026-06-25,執行役員制作本部長兼工場総務部長兼ＤＸ業務部担当,辻 日出夫,,,,
2376,株式会社　サイネックス,2026-06-25,執行役員営業統括本部西日本営業本部長兼関西営業部長,藤崎 正敏,,,,
2376,株式会社　サイネックス,2026-06-25,執行役員企画開発本部長代理兼株式会社リーディ代表取締役社長,村田 将規,,,,
2376,株式会社　サイネックス,2026-06-25,執行役員制作本部副本部長兼ふるさと納税担当,谷 敏治,,,,
2376,株式会社　サイネックス,2026-06-25,執行役員営業統括本部ＩＣＴ事業推進本部長補佐兼ＤＸ推進営業部長,塩山 浩,,,,
2376,株式会社　サイネックス,2026-06-25,執行役員経営戦略室担当,西村 博,,,,
2378,株式会社ルネサンス,2026-06-25,代表取締役 社長執行役員 最高健康責任者 (CHO),望月 美佐緒,1962年３月15日生,(注)3,242,百株
2378,株式会社ルネサンス,2026-06-25,取締役会長,岡 本 利 治,1957年７月16日生,(注)3,96,百株
2378,株式会社ルネサンス,2026-06-25,取締役 専務執行役員 最高財務責任者 管理本部長,安 澤 嘉 丞,1964年２月５日生,(注)3,140,百株
2378,株式会社ルネサンス,2026-06-25,取締役 専務執行役員 スポーツクラブ事業 統括本部長,吉 田 智 宣,1968年１月７日生,(注)3,167,百株
2378,株式会社ルネサンス,2026-06-25,取締役,阿 部 奈 美,1964年１月21日生,(注)3,19,百株
2378,株式会社ルネサンス,2026-06-25,取締役,松 井 拓 己,1981年10月３日生,(注)3,,百株
2378,株式会社ルネサンス,2026-06-25,取締役,谷口 健太郎,1961年４月４日生,(注)3,,百株
2378,株式会社ルネサンス,2026-06-25,取締役,山 平 恵 子,1960年11月30日生,(注)3,,百株
2378,株式会社ルネサンス,2026-06-25,常勤監査役,石 田 貴 子,1967年５月23日生,(注)4,228,百株
2378,株式会社ルネサンス,2026-06-25,常勤監査役,片 桐 隆 太,1967年７月12日生,(注)5,195,百株
2378,株式会社ルネサンス,2026-06-25,監査役,小 山 鉄 也,1957年８月８日生,(注)4,,百株
2378,株式会社ルネサンス,2026-06-25,監査役,古 川 絵 里,1961年11月15日生,(注)5,,百株
2379,ディップ株式会社,2026-05-20,代表取締役社長 兼 CEO (最高経営責任者),冨田 英揮,1966年９月５日生,(注)１,"59,100",株
2379,ディップ株式会社,2026-05-20,取締役,志立 正嗣,1968年１月２日生,(注)１,"122,200",株
2379,ディップ株式会社,2026-05-20,取締役,馬渕 邦美,1965年10月14日生,(注)１,,株
2379,ディップ株式会社,2026-05-20,取締役,竹内 香苗,1978年９月14日生,(注)１,,株
2379,ディップ株式会社,2026-05-20,取締役 (常勤監査等委員),岩田 和久,1963年10月１日生,(注)２,"258,300",株
2379,ディップ株式会社,2026-05-20,取締役 (監査等委員),田邉 えり子,1965年12月２日生,(注)３,"2,300",株
2379,ディップ株式会社,2026-05-20,取締役 (監査等委員),丸山 みさえ,1970年７月13日生,(注)３,,株
2379,ディップ株式会社,2026-05-20,取締役 (監査等委員),高木 智宏,1980年９月16日生,(注)３,,株
2379,ディップ株式会社,2026-05-20,代表取締役社長 兼 CEO (最高経営責任者),冨田 英揮,1966年９月５日生,(注)１,"59,100",株
2379,ディップ株式会社,2026-05-20,取締役 (常勤監査等委員),岩田 和久,1963年10月１日生,(注)２,"258,300",株
2379,ディップ株式会社,2026-05-20,取締役 (監査等委員),田邉 えり子,1965年12月２日生,(注)３,"2,300",株
2379,ディップ株式会社,2026-05-20,取締役 (監査等委員),丸山 みさえ,1970年７月13日生,(注)３,,株
2379,ディップ株式会社,2026-05-20,取締役 (監査等委員),高木 智宏,1980年９月16日生,(注)３,,株
2384,ＳＢＳホールディングス株式会社,2026-03-24,代表取締役社長 代表執行役員,鎌田 正彦,1959年６月22日生,(注)１,,株
2384,ＳＢＳホールディングス株式会社,2026-03-24,取締役 専務執行役員 （サステナビリティ推進部担当）,星 秀一,1955年９月６日生,(注)１,"3,500",株
2384,ＳＢＳホールディングス株式会社,2026-03-24,取締役 常務執行役員 （監査部・人事部・総務部・物流品質管理部担当）,泰地 正人,1961年10月24日生,(注)１,"13,100",株
2384,ＳＢＳホールディングス株式会社,2026-03-24,取締役 常務執行役員 （経営企画部・事業開発部・法務室担当）,田中 康仁,1964年７月31日生,(注)１,"4,400",株
2384,ＳＢＳホールディングス株式会社,2026-03-24,取締役 執行役員 （最高財務責任者（ＣＦＯ）・ＩＲ広報部・財務部・経理部担当）,五味 夏樹,1961年５月３日生,(注)１,"6,300",株
2384,ＳＢＳホールディングス株式会社,2026-03-24,取締役 執行役員 （グループ事業戦略部担当）,若松 勝久,1959年10月15日生,(注)１,"6,700",株
2384,ＳＢＳホールディングス株式会社,2026-03-24,社外取締役,岩﨑 二郎,1945年12月６日生,(注)１,200,株
2384,ＳＢＳホールディングス株式会社,2026-03-24,社外取締役,小杉 善信,1954年２月８日生,(注)１,,株
2384,ＳＢＳホールディングス株式会社,2026-03-24,社外取締役,関根 千津,1963年８月11日生,(注)１,,株
2384,ＳＢＳホールディングス株式会社,2026-03-24,取締役 （常勤監査等委員）,川井 裕也,1962年１月23日生,(注)２,,株
2384,ＳＢＳホールディングス株式会社,2026-03-24,社外取締役 （監査等委員）,辻 さちえ,1972年４月23日生,(注)２,,株
2384,ＳＢＳホールディングス株式会社,2026-03-24,社外取締役 （監査等委員）,鷲尾 英一郎,1977年１月３日生,(注)２,,株
2384,ＳＢＳホールディングス株式会社,2026-03-24,代表取締役社長 代表執行役員,鎌田 正彦,1959年６月22日生,(注)１,,株
2384,ＳＢＳホールディングス株式会社,2026-03-24,取締役 常務執行役員 （サステナビリティ推進部・監査部・人事部・総務部・物流品質管理部担当）,泰地 正人,1961年10月24日生,(注)１,"13,100",株
2384,ＳＢＳホールディングス株式会社,2026-03-24,取締役 常務執行役員 （経営企画部・事業開発部・法務室担当）,田中 康仁,1964年７月31日生,(注)１,"4,400",株
2384,ＳＢＳホールディングス株式会社,2026-03-24,取締役 執行役員 （最高財務責任者（ＣＦＯ）・ＩＲ広報部・財務部・経理部担当）,五味 夏樹,1961年５月３日生,(注)１,"6,300",株
2384,ＳＢＳホールディングス株式会社,2026-03-24,取締役 執行役員 （グループ事業戦略部担当）,若松 勝久,1959年10月15日生,(注)１,"6,700",株
2385,株式会社総医研ホールディングス,2025-09-24,取締役 会長,石神賢太郎,1973年１月５日生,(注)３,"21,700",株
2385,株式会社総医研ホールディングス,2025-09-24,代表取締役 社長,角田真佐夫,1977年７月14日生,(注)３,,株
2385,株式会社総医研ホールディングス,2025-09-24,取締役 (非常勤),梶本 修身,1962年３月24日生,(注)３,"4,426,800",株
2385,株式会社総医研ホールディングス,2025-09-24,取締役 財務部長,奥野 貴人,1977年６月８日生,(注)３,"3,100",株
2385,株式会社総医研ホールディングス,2025-09-24,取締役,中島 正和,1974年１月２日生,(注)３,"4,200",株
2385,株式会社総医研ホールディングス,2025-09-24,取締役,山本 博幸,1953年１月11日生,(注)３,"4,200",株
2385,株式会社総医研ホールディングス,2025-09-24,監査役 （常勤）,林 一弘,1952年12月29日生,(注)４,"180,000",株
2385,株式会社総医研ホールディングス,2025-09-24,監査役,市田 直志,1985年12月26日生,(注)４,,株
2385,株式会社総医研ホールディングス,2025-09-24,監査役,古谷 礼理,1969年８月８日生,(注)４,,株
2388,株式会社ウェッジホールディングス,2025-12-26,代表取締役 社長兼CEO,此 下 竜 矢,1972年３月22日生,(注)３,"26,000",株
2388,株式会社ウェッジホールディングス,2025-12-26,取締役,田 代 宗 雄,1972年９月16日生,(注)３,"50,000",株
2388,株式会社ウェッジホールディングス,2025-12-26,代表取締役,庄 司 友 彦,1970年４月28日生,(注)３,"20,000",株
2388,株式会社ウェッジホールディングス,2025-12-26,常務取締役,菅 原 達 之,1976年１月20日生,(注)３,,株
2388,株式会社ウェッジホールディングス,2025-12-26,取締役 （監査等委員）,近 藤 健 太,1969年12月21日生,(注)４,,株
2388,株式会社ウェッジホールディングス,2025-12-26,取締役 （監査等委員）,佐 藤 一 石,1950年２月13日生,(注)４,,株
2388,株式会社ウェッジホールディングス,2025-12-26,取締役 （監査等委員）,大 德 哲 雄,1954年10月26日生,(注)４,,株
2391,株式会社プラネット,2025-10-22,代表取締役 社長 執行役員社長,坂 田 政 一,1959年８月２日生,(注)３,"5,000",株
2391,株式会社プラネット,2025-10-22,代表取締役 副社長 執行役員副社長 事業推進管轄役員,松 本 俊 男,1959年２月19日生,(注)３,"11,700",株
2391,株式会社プラネット,2025-10-22,取締役 執行役員 経営管理管轄役員,川 村 渉,1963年４月23日生,(注)３,"2,900",株
2391,株式会社プラネット,2025-10-22,取締役,竹 森 征 之,1970年２月24日生,(注)３,,株
2391,株式会社プラネット,2025-10-22,取締役,北 岡 隆 之,1960年12月14日生,(注)３,,株
2391,株式会社プラネット,2025-10-22,取締役,吉 松 徹 郎,1972年８月13日生,(注)３,,株
2391,株式会社プラネット,2025-10-22,取締役,高 野 綾 子,1979年４月５日生,(注)３,,株
2391,株式会社プラネット,2025-10-22,取締役 常勤監査等委員,山 本 浩,1961年５月20日生,(注)４,"11,700",株
2391,株式会社プラネット,2025-10-22,取締役 監査等委員,岩 成 真 一,1957年７月７日生,(注)４,,株
2391,株式会社プラネット,2025-10-22,取締役 監査等委員,鎌 田 竜 彦,1966年4月26日生,(注)４,,株
2391,株式会社プラネット,2025-10-22,代表取締役 社長 執行役員社長,坂 田 政 一,1959年８月２日生,(注)３,"5,000",株
2391,株式会社プラネット,2025-10-22,代表取締役 副社長 執行役員副社長 事業推進管轄役員,松 本 俊 男,1959年２月19日生,(注)３,"11,700",株
2391,株式会社プラネット,2025-10-22,取締役 執行役員 経営管理管轄役員,川 村 渉,1963年４月23日生,(注)３,"2,900",株
2391,株式会社プラネット,2025-10-22,取締役,竹 森 征 之,1970年２月24日生,(注)３,,株
2391,株式会社プラネット,2025-10-22,取締役,疋 田 秀 三,1964年10月24日生,(注)３,,株
2391,株式会社プラネット,2025-10-22,取締役,吉 松 徹 郎,1972年８月13日生,(注)３,,株
2391,株式会社プラネット,2025-10-22,取締役,高 野 綾 子,1979年４月５日生,(注)３,,株
2391,株式会社プラネット,2025-10-22,取締役 常勤監査等委員,山 本 浩,1961年５月20日生,(注)４,"11,700",株
2391,株式会社プラネット,2025-10-22,取締役 監査等委員,岩 成 真 一,1957年７月７日生,(注)４,,株
2391,株式会社プラネット,2025-10-22,取締役 監査等委員,鎌 田 竜 彦,1966年4月26日生,(注)４,,株
2393,株式会社日本ケアサプライ,2026-06-25,代表取締役社長,平松 雅之,1968年８月19日生,（注）１,"2,500",株
2393,株式会社日本ケアサプライ,2026-06-25,取締役,宮入 卓也,1967年８月１日生,（注）１,,株
2393,株式会社日本ケアサプライ,2026-06-25,取締役,篤田 崇広,1970年２月19日生,（注）１,,株
2393,株式会社日本ケアサプライ,2026-06-25,取締役,吉池 由美子,1969年７月６日生,（注）１,,株
2393,株式会社日本ケアサプライ,2026-06-25,取締役,小林 信昭,1964年12月１日生,（注）１,100,株
2393,株式会社日本ケアサプライ,2026-06-25,取締役,秦 純子,1974年６月10日生,（注）１,,株
2393,株式会社日本ケアサプライ,2026-06-25,常勤監査役,藤井 剛,1960年３月７日生,（注）２,100,株
2393,株式会社日本ケアサプライ,2026-06-25,監査役,上石 奈緒,1970年10月４日生,（注）２,,株
2393,株式会社日本ケアサプライ,2026-06-25,監査役,渡邉 愼一,1961年12月28日生,（注）３,,株
2395,株式会社新日本科学,2026-06-25,代表取締役 会長兼社長 CEO兼CHO,永田 良一,1958年８月11日生,(注)5,"6,700",株
2395,株式会社新日本科学,2026-06-25,代表取締役 副社長 COO,永田 一郎,1985年８月３日生,(注)5,400,株
2395,株式会社新日本科学,2026-06-25,取締役副会長,高梨 健,1964年５月23日生,(注)5,"39,000",株
2395,株式会社新日本科学,2026-06-25,専務取締役,角﨑 英志,1967年1月27日生,(注)5,"18,100",株
2395,株式会社新日本科学,2026-06-25,専務取締役 CFO,入山 隆,1968年４月25日生,(注)5,900,株
2395,株式会社新日本科学,2026-06-25,専務取締役,長利 京美,1966年１月21日生,(注)5,"6,600",株
2395,株式会社新日本科学,2026-06-25,取締役,福元 紳一,1958年７月20日生,(注)5,"2,000",株
2395,株式会社新日本科学,2026-06-25,取締役,山下 隆,1956年２月18日生,(注)5,"2,000",株
2395,株式会社新日本科学,2026-06-25,取締役,花田 強志,1958年５月２日生,(注)5,"7,400",株
2395,株式会社新日本科学,2026-06-25,取締役,戸谷 圭子,1964年2月26日生,(注)5,"3,300",株
2395,株式会社新日本科学,2026-06-25,取締役,松枝 千鶴 （現姓 堀下）,1973年11月3日生,(注)5,"1,400",株
2395,株式会社新日本科学,2026-06-25,取締役,廣瀬 由美,1960年11月７日生,(注)5,400,株
2395,株式会社新日本科学,2026-06-25,常 勤 監査役,須田 雅一,1961年８月15日生,(注)6,"6,300",株
2395,株式会社新日本科学,2026-06-25,監査役,鑪野 孝清,1965年２月27日生,(注)6,"4,800",株
2395,株式会社新日本科学,2026-06-25,監査役,重久 善一,1952年11月２日生,(注)6,"1,400",株
2395,株式会社新日本科学,2026-06-25,代表取締役 会長 CEO兼CHO,永田 良一,1958年８月11日生,(注)5,"6,700",株
2395,株式会社新日本科学,2026-06-25,代表取締役 社長,平間 英之,1977年４月15日生,(注)5,"3,100",株
2395,株式会社新日本科学,2026-06-25,代表取締役 副社長,永田 一郎,1985年８月３日生,(注)5,400,株
2395,株式会社新日本科学,2026-06-25,取締役副会長,高梨 健,1964年５月23日生,(注)5,"39,000",株
2395,株式会社新日本科学,2026-06-25,専務取締役,角﨑 英志,1967年1月27日生,(注)5,"18,100",株
2395,株式会社新日本科学,2026-06-25,専務取締役,入山 隆,1968年４月25日生,(注)5,900,株
2395,株式会社新日本科学,2026-06-25,専務取締役,長利 京美,1966年１月21日生,(注)5,"6,600",株
2395,株式会社新日本科学,2026-06-25,取締役,梅原 友樹,1990年11月26日生,(注)5,"41,000",株
2395,株式会社新日本科学,2026-06-25,取締役,福元 紳一,1958年７月20日生,(注)5,"2,000",株
2395,株式会社新日本科学,2026-06-25,取締役,山下 隆,1956年２月18日生,(注)5,"2,000",株
2395,株式会社新日本科学,2026-06-25,取締役,花田 強志,1958年５月２日生,(注)5,"7,400",株
2395,株式会社新日本科学,2026-06-25,取締役,戸谷 圭子,1964年2月26日生,(注)5,"3,300",株
2395,株式会社新日本科学,2026-06-25,取締役,松枝 千鶴 （現姓 堀下）,1973年11月3日生,(注)5,"1,400",株
2395,株式会社新日本科学,2026-06-25,取締役,廣瀬 由美,1960年11月７日生,(注)5,400,株
2395,株式会社新日本科学,2026-06-25,常 勤 監査役,須田 雅一,1961年８月15日生,(注)6,"6,300",株
2395,株式会社新日本科学,2026-06-25,監査役,鑪野 孝清,1965年２月27日生,(注)6,"4,800",株
2395,株式会社新日本科学,2026-06-25,監査役,重久 善一,1952年11月２日生,(注)6,"1,400",株
2404,株式会社鉄人化ホールディングス,2025-11-28,代表取締役 社長,根来 拓也,1973年５月13日生,(注)２,,株
2404,株式会社鉄人化ホールディングス,2025-11-28,常務取締役 管理本部長,浦野 敏男,1960年２月９日生,(注)２,"23,400",株
2404,株式会社鉄人化ホールディングス,2025-11-28,取締役 (監査等委員),野老 覚,1970年２月28日生,(注)３,,株
2404,株式会社鉄人化ホールディングス,2025-11-28,取締役 (監査等委員),山崎 良太,1975年12月19日生,(注)３,,株
2404,株式会社鉄人化ホールディングス,2025-11-28,取締役 (監査等委員),渡邊 劍三郎,1955年１月11日生,(注)３,,株
2408,株式会社ＫＧ情報,2026-03-09,代表取締役 社長,益 田 武 美,1958年２月12日,(注)3,221,千株
2408,株式会社ＫＧ情報,2026-03-09,取締役 事業推進 本部長,板 野 信 夫,1964年４月11日,(注)3,39,千株
2408,株式会社ＫＧ情報,2026-03-09,取締役 ＨＲソリューション 事業部長,橋 本 功,1974年1月12日,(注)3,17,千株
2408,株式会社ＫＧ情報,2026-03-09,取締役 管理本部長,三 上 芳 久,1954年２月19日,(注)3,20,千株
2408,株式会社ＫＧ情報,2026-03-09,取締役 （常勤監査等委員）,藤 井 光 明,1940年１月４日,(注)4,3,千株
2408,株式会社ＫＧ情報,2026-03-09,取締役 （監査等委員）,中 村 久 雄,1942年２月８日,(注)4,5,千株
2408,株式会社ＫＧ情報,2026-03-09,取締役 （監査等委員）,有 澤 和 久,1962年３月16日,(注)5,,千株
2408,株式会社ＫＧ情報,2026-03-09,取締役 （監査等委員）,中 畑 真 哉,1982年８月23日,(注)5,,千株
2408,株式会社ＫＧ情報,2026-03-09,代表取締役 社長,益 田 武 美,1958年２月12日,(注)3,221,千株
2408,株式会社ＫＧ情報,2026-03-09,取締役 事業推進 本部長,板 野 信 夫,1964年４月11日,(注)3,39,千株
2408,株式会社ＫＧ情報,2026-03-09,取締役 ＨＲソリューション 事業部長,橋 本 功,1974年1月12日,(注)3,17,千株
2408,株式会社ＫＧ情報,2026-03-09,取締役 管理本部長,三 上 芳 久,1954年２月19日,(注)3,20,千株
2408,株式会社ＫＧ情報,2026-03-09,取締役 （常勤監査等委員）,早 原 敬 二,1959年10月18日,(注)5,,千株
2408,株式会社ＫＧ情報,2026-03-09,取締役 （監査等委員）,中 村 久 雄,1942年２月８日,(注)4,5,千株
2408,株式会社ＫＧ情報,2026-03-09,取締役 （監査等委員）,有 澤 和 久,1962年３月16日,(注)5,,千株
2408,株式会社ＫＧ情報,2026-03-09,取締役 （監査等委員）,中 畑 真 哉,1982年８月23日,(注)5,,千株
2410,株式会社キャリアデザインセンター,2025-12-18,代表取締役 社長兼会長,多田弘實,1947年７月２日生,(注)４,"1,261,549",株
2410,株式会社キャリアデザインセンター,2025-12-18,代表取締役副社長 メディア情報事業部担当,加山祐介,1978年４月28日生,(注)４,"12,000",株
2410,株式会社キャリアデザインセンター,2025-12-18,専務取締役 上席専務執行役員 経営企画担当,西山裕,1982年12月24日生,(注)４,"27,143",株
2410,株式会社キャリアデザインセンター,2025-12-18,取締役,和田芳幸,1951年３月２日生,(注)４,"21,863",株
2410,株式会社キャリアデザインセンター,2025-12-18,取締役,齋藤哲男,1954年３月25日生,(注)４,"4,129",株
2410,株式会社キャリアデザインセンター,2025-12-18,取締役,宮地夕紀子,1972年７月７日生,(注)４,0,株
2410,株式会社キャリアデザインセンター,2025-12-18,取締役（常勤監査等委員）,菊池亮平,1975年11月14日生,(注)３,"9,262",株
2410,株式会社キャリアデザインセンター,2025-12-18,取締役（監査等委員）,菅原隆志,1953年12月16日生,(注)３,936,株
2410,株式会社キャリアデザインセンター,2025-12-18,取締役（監査等委員）,皆見晴彦,1952年４月24日生,(注)３,"11,562",株
2410,株式会社キャリアデザインセンター,2025-12-18,代表取締役 社長兼会長,多田弘實,1947年７月２日生,(注)４,"1,261,549",株
2410,株式会社キャリアデザインセンター,2025-12-18,代表取締役副社長 メディア情報事業部担当,加山祐介,1978年４月28日生,(注)４,"12,000",株
2410,株式会社キャリアデザインセンター,2025-12-18,専務取締役 上席専務執行役員 経営企画担当,西山裕,1982年12月24日生,(注)４,"27,143",株
2410,株式会社キャリアデザインセンター,2025-12-18,取締役（常勤監査等委員）,菊池亮平,1975年11月14日生,(注)３,"9,262",株
2410,株式会社キャリアデザインセンター,2025-12-18,取締役（監査等委員）,和田芳幸,1951年３月２日生,(注)３,"21,863",株
2410,株式会社キャリアデザインセンター,2025-12-18,取締役（監査等委員）,齋藤哲男,1954年３月25日生,(注)３,"4,129",株
2410,株式会社キャリアデザインセンター,2025-12-18,取締役（監査等委員）,宮地夕紀子,1972年７月７日生,(注)３,0,株
2411,ゲンダイエージェンシー株式会社,2026-06-19,代表取締役 社長最高経営責任者 （ＣＥＯ）,大島 克俊,1978年６月23日生,注４,"18,200",株
2411,ゲンダイエージェンシー株式会社,2026-06-19,取締役 最高財務責任者 （ＣＦＯ）,両角 正人,1977年10月21日生,注４,"12,200",株
2411,ゲンダイエージェンシー株式会社,2026-06-19,取締役 最高人事責任者 （ＣＨＯ） 最高コンプライアンス責任者 （ＣＣＯ）,黒子 好章,1974年９月10日生,注４,"33,700",株
2411,ゲンダイエージェンシー株式会社,2026-06-19,取締役,山本 正卓,1964年４月20日生,注４,"3,600,700 注８",株
2411,ゲンダイエージェンシー株式会社,2026-06-19,取締役,田坂 正樹,1971年６月13日生,注４,"21,700",株
2411,ゲンダイエージェンシー株式会社,2026-06-19,取締役,谷口 辰成,1976年10月14日生,注４,"1,700",株
2411,ゲンダイエージェンシー株式会社,2026-06-19,常勤監査役,安達 吉明,1971年12月25日生,注６,"26,400",株
2411,ゲンダイエージェンシー株式会社,2026-06-19,監査役,髙野 健二,1970年10月２日生,注７,,株
2411,ゲンダイエージェンシー株式会社,2026-06-19,監査役,高岡 徹,1985年２月11日生,注７,,株
2411,ゲンダイエージェンシー株式会社,2026-06-19,監査役,一色 真司,1960年10月７日生,注５,"1,700",株
2411,ゲンダイエージェンシー株式会社,2026-06-19,代表取締役 社長最高経営責任者 （ＣＥＯ）,大島 克俊,1978年６月23日生,注４,"18,200",株
2411,ゲンダイエージェンシー株式会社,2026-06-19,取締役 最高財務責任者 （ＣＦＯ）,両角 正人,1977年10月21日生,注４,"12,200",株
2411,ゲンダイエージェンシー株式会社,2026-06-19,取締役 最高人事責任者 （ＣＨＯ） 最高コンプライアンス責任者 （ＣＣＯ）,黒子 好章,1974年９月10日生,注４,"33,700",株
2411,ゲンダイエージェンシー株式会社,2026-06-19,取締役,山本 正卓,1964年４月20日生,注４,"3,600,700 注８",株
2411,ゲンダイエージェンシー株式会社,2026-06-19,取締役,谷口 辰成,1976年10月14日生,注４,"1,700",株
2411,ゲンダイエージェンシー株式会社,2026-06-19,取締役,松丸 史郎,1970年12月12日生,注４,,株
2411,ゲンダイエージェンシー株式会社,2026-06-19,常勤監査役,安達 吉明,1971年12月25日生,注６,"26,400",株
2411,ゲンダイエージェンシー株式会社,2026-06-19,監査役,髙野 健二,1970年10月２日生,注７,,株
2411,ゲンダイエージェンシー株式会社,2026-06-19,監査役,高岡 徹,1985年２月11日生,注７,,株
2411,ゲンダイエージェンシー株式会社,2026-06-19,監査役,一色 真司,1960年10月７日生,注５,"1,700",株
2413,エムスリー株式会社,2026-06-25,代表 取締役 社長,谷 村 格,1965年２月10日生,(注３),"19,505",千株
2413,エムスリー株式会社,2026-06-25,取締役,都 丸 暁 彦,1972年10月29日生,(注３),401,千株
2413,エムスリー株式会社,2026-06-25,取締役,槌 屋 英 二,1964年12月13日生,(注３),62,千株
2413,エムスリー株式会社,2026-06-25,取締役,中 村 利 江,1964年12月16日生,(注３),21,千株
2413,エムスリー株式会社,2026-06-25,取締役,田 中 良 直,1962年10月18日生,(注３),,千株
2413,エムスリー株式会社,2026-06-25,取締役,山 崎 聡,1978年８月９日生,(注３),,千株
2413,エムスリー株式会社,2026-06-25,取締役,津 川 友 介,1980年４月15日生,(注３),,千株
2413,エムスリー株式会社,2026-06-25,取締役 （監査等委員）,山 崎 繭 加,1978年１月23日生,(注４),,千株
2413,エムスリー株式会社,2026-06-25,取締役 （監査等委員）,江 端 貴 子,1959年12月22日生,(注４),,千株
2413,エムスリー株式会社,2026-06-25,取締役 （監査等委員）,鈴 木 智 子,1977年11月17日生,(注４),,千株
2413,エムスリー株式会社,2026-06-25,代表 取締役 社長,谷 村 格,1965年２月10日生,(注２),"19,505",千株
2413,エムスリー株式会社,2026-06-25,取締役,都 丸 暁 彦,1972年10月29日生,(注２),401,千株
2413,エムスリー株式会社,2026-06-25,取締役,槌 屋 英 二,1964年12月13日生,(注２),62,千株
2413,エムスリー株式会社,2026-06-25,取締役,中 村 利 江,1964年12月16日生,(注２),21,千株
2413,エムスリー株式会社,2026-06-25,取締役,田 中 良 直,1962年10月18日生,(注２),,千株
2413,エムスリー株式会社,2026-06-25,取締役,山 崎 聡,1978年８月９日生,(注２),,千株
2413,エムスリー株式会社,2026-06-25,取締役,津 川 友 介,1980年４月15日生,(注２),,千株
2413,エムスリー株式会社,2026-06-25,取締役 （監査等委員）,山 崎 繭 加,1978年１月23日生,(注３),,千株
2413,エムスリー株式会社,2026-06-25,取締役 （監査等委員）,江 端 貴 子,1959年12月22日生,(注３),,千株
2413,エムスリー株式会社,2026-06-25,取締役 （監査等委員）,篠 田 真 貴 子,1968年３月１日生,(注３),,千株
2415,ヒューマンホールディングス株式会社,2026-06-24,取締役ファウンダー,佐藤 耕一,1936年12月15日生,（注）３,"521,100",株
2415,ヒューマンホールディングス株式会社,2026-06-24,代表取締役社長,佐藤 朋也,1963年５月27日生,（注）３,"862,000",株
2415,ヒューマンホールディングス株式会社,2026-06-24,取締役 管理本部 担当,黒﨑 耕輔,1965年３月30日生,（注）３,"164,500",株
2415,ヒューマンホールディングス株式会社,2026-06-24,取締役 経営企画 担当,佐藤 安博,1981年12月12日生,（注）３,"81,300",株
2415,ヒューマンホールディングス株式会社,2026-06-24,取締役 人材関連 事業担当,高橋 哲雄,1975年１月19日生,（注）３,"4,500",株
2415,ヒューマンホールディングス株式会社,2026-06-24,取締役 介護 事業担当,瀬戸口 信也,1970年８月24日生,（注）３,,株
2415,ヒューマンホールディングス株式会社,2026-06-24,取締役,南 靖郎,1981年４月27日生,（注）３,,株
2415,ヒューマンホールディングス株式会社,2026-06-24,常勤監査役,松田 伊規,1960年１月13日生,（注）４,"1,400",株
2415,ヒューマンホールディングス株式会社,2026-06-24,監査役,石橋 康男,1955年12月28日生,（注）４,,株
2415,ヒューマンホールディングス株式会社,2026-06-24,監査役,林 耕作,1966年４月28日生,（注）４,,株
2415,ヒューマンホールディングス株式会社,2026-06-24,取締役ファウンダー,佐藤 耕一,1936年12月15日生,（注）３,"521,100",株
2415,ヒューマンホールディングス株式会社,2026-06-24,代表取締役社長,佐藤 朋也,1963年５月27日生,（注）３,"862,000",株
2415,ヒューマンホールディングス株式会社,2026-06-24,取締役 管理本部 担当,黒﨑 耕輔,1965年３月30日生,（注）３,"164,500",株
2415,ヒューマンホールディングス株式会社,2026-06-24,取締役 経営企画 担当,佐藤 安博,1981年12月12日生,（注）３,"81,300",株
2415,ヒューマンホールディングス株式会社,2026-06-24,取締役 人材関連 事業担当,高橋 哲雄,1975年１月19日生,（注）３,"4,500",株
2415,ヒューマンホールディングス株式会社,2026-06-24,取締役 教育 事業担当,田中 知信,1972年７月17日生,（注）４,,株
2415,ヒューマンホールディングス株式会社,2026-06-24,取締役 介護 事業担当,瀬戸口 信也,1970年８月24日生,（注）３,,株
2415,ヒューマンホールディングス株式会社,2026-06-24,取締役,南 靖郎,1981年４月27日生,（注）３,,株
2415,ヒューマンホールディングス株式会社,2026-06-24,常勤監査役,松田 伊規,1960年１月13日生,（注）５,"1,400",株
2415,ヒューマンホールディングス株式会社,2026-06-24,監査役,石橋 康男,1955年12月28日生,（注）５,,株
2415,ヒューマンホールディングス株式会社,2026-06-24,監査役,林 耕作,1966年４月28日生,（注）５,,株
2418,株式会社ツカダ・グローバルホールディング,2026-03-25,代表取締役 社長,塚田 正之,1946年６月21日生,(注)１,"7,067,700",株
2418,株式会社ツカダ・グローバルホールディング,2026-03-25,専務取締役,塚田 啓子,1951年12月７日生,(注)１,"1,224,400",株
2418,株式会社ツカダ・グローバルホールディング,2026-03-25,取締役 人事総務部管掌,塚田 健斗,1989年２月13日生,(注)１,"777,200",株
2418,株式会社ツカダ・グローバルホールディング,2026-03-25,取締役,西堀 敬,1960年４月１日生,(注)１,"2,000",株
2418,株式会社ツカダ・グローバルホールディング,2026-03-25,取締役,寺地 孝之,1959年６月20日生,(注)１,,株
2418,株式会社ツカダ・グローバルホールディング,2026-03-25,取締役,西谷 秀人,1960年３月２日生,(注)１,"23,000",株
2418,株式会社ツカダ・グローバルホールディング,2026-03-25,代表取締役 社長,塚田 正之,1946年６月21日生,(注)１,"7,067,700",株
2418,株式会社ツカダ・グローバルホールディング,2026-03-25,専務取締役,塚田 啓子,1951年12月７日生,(注)１,"1,224,400",株
2418,株式会社ツカダ・グローバルホールディング,2026-03-25,取締役 人事総務部管掌,塚田 健斗,1989年２月13日生,(注)１,"777,200",株
2418,株式会社ツカダ・グローバルホールディング,2026-03-25,取締役,西堀 敬,1960年４月１日生,(注)１,"2,000",株
2418,株式会社ツカダ・グローバルホールディング,2026-03-25,取締役,寺地 孝之,1959年６月20日生,(注)１,,株
2418,株式会社ツカダ・グローバルホールディング,2026-03-25,取締役,西谷 秀人,1960年３月２日生,(注)１,"23,000",株
241A,株式会社ＲＯＸＸ,2025-12-25,代表取締役,中嶋 汰朗,1992年５月17日生,（注）３.,"1,209,827",株
241A,株式会社ＲＯＸＸ,2025-12-25,社外取締役,杉山 全功,1965年４月16日生,（注）３.,,株
241A,株式会社ＲＯＸＸ,2025-12-25,社外取締役,福留 大士,1976年３月25日生,（注）３.,,株
241A,株式会社ＲＯＸＸ,2025-12-25,常勤監査役,蒲谷 剛史,1960年４月17日生,（注）４.,,株
241A,株式会社ＲＯＸＸ,2025-12-25,非常勤監査役,大村 茂,1961年１月14日生,（注）４.,,株
241A,株式会社ＲＯＸＸ,2025-12-25,非常勤監査役,雨宮 美季,1975年10月６日生,（注）４.,,株
241A,株式会社ＲＯＸＸ,2025-12-25,SVP of Business,植木 大介,,,,
241A,株式会社ＲＯＸＸ,2025-12-25,SVP of Corporate,西村 宏登,,,,
241A,株式会社ＲＯＸＸ,2025-12-25,代表取締役,中嶋 汰朗,1992年５月17日生,（注）３.,"1,209,827",株
241A,株式会社ＲＯＸＸ,2025-12-25,社外取締役,杉山 全功,1965年４月16日生,（注）３.,,株
241A,株式会社ＲＯＸＸ,2025-12-25,社外取締役,福留 大士,1976年３月25日生,（注）３.,,株
241A,株式会社ＲＯＸＸ,2025-12-25,常勤監査役,蒲谷 剛史,1960年４月17日生,（注）４.,,株
241A,株式会社ＲＯＸＸ,2025-12-25,非常勤監査役,大村 茂,1961年１月14日生,（注）４.,,株
241A,株式会社ＲＯＸＸ,2025-12-25,非常勤監査役,雨宮 美季,1975年10月６日生,（注）４.,,株
241A,株式会社ＲＯＸＸ,2025-12-25,SVP of Business,植木 大介,,,,
241A,株式会社ＲＯＸＸ,2025-12-25,SVP of Corporate,西村 宏登,,,,
2424,株式会社ブラス,2025-10-28,代表取締役 社長,河合 達明,1966年１月21日生,（注）４,"2,672,200",株
2424,株式会社ブラス,2025-10-28,専務取締役,河合 智行,1970年６月１日生,（注）４,"310,700",株
2424,株式会社ブラス,2025-10-28,取締役,鷲野 真,1972年９月１日生,（注）４,"4,900",株
2424,株式会社ブラス,2025-10-28,取締役 （非常勤）,酒井 康成,1982年11月13日生,（注）４,"1,700",株
2424,株式会社ブラス,2025-10-28,取締役 （非常勤）,山田 美典,1961年９月９日生,（注）４,"3,600",株
2424,株式会社ブラス,2025-10-28,監査役 （常勤）,東 健作,1953年12月16日生,（注）５,"5,200",株
2424,株式会社ブラス,2025-10-28,監査役 （非常勤）,岩村 豊正,1968年９月２日生,（注）５,"8,300",株
2424,株式会社ブラス,2025-10-28,監査役 （非常勤）,大井 直樹,1980年３月18日生,（注）５,,株
2424,株式会社ブラス,2025-10-28,代表取締役 社長,河合 達明,1966年１月21日生,（注）４,"2,672,200",株
2424,株式会社ブラス,2025-10-28,専務取締役,河合 智行,1970年６月１日生,（注）４,"310,700",株
2424,株式会社ブラス,2025-10-28,取締役,鷲野 真,1972年９月１日生,（注）４,"4,900",株
2424,株式会社ブラス,2025-10-28,取締役 （非常勤）,山田 美典,1961年９月９日生,（注）４,"3,600",株
2424,株式会社ブラス,2025-10-28,取締役 （非常勤）,植松 あゆ美,1987年１月１日生,（注）４,,株
2424,株式会社ブラス,2025-10-28,監査役 （常勤）,東 健作,1953年12月16日生,（注）５,"5,200",株
2424,株式会社ブラス,2025-10-28,監査役 （非常勤）,岩村 豊正,1968年９月２日生,（注）５,"8,300",株
2424,株式会社ブラス,2025-10-28,監査役 （非常勤）,大井 直樹,1980年３月18日生,（注）５,,株
2425,株式会社ケアサービス,2026-06-24,代表取締役社長,福原 俊晴,1979年３月１日生,(注)３,"547,982",株
2425,株式会社ケアサービス,2026-06-24,取締役 執行役員,福原 花枝,1982年８月20日生,(注)３,,株
2425,株式会社ケアサービス,2026-06-24,取締役,藤好 優臣,1944年３月13日生,(注)３,"7,568",株
2425,株式会社ケアサービス,2026-06-24,取締役,園部 洋士,1965年２月12日生,(注)３,"8,936",株
2425,株式会社ケアサービス,2026-06-24,常勤監査役,日詰 祐子,1960年７月28日生,(注)５,,株
2425,株式会社ケアサービス,2026-06-24,監査役,福森 久美,1952年12月13日生,(注)４,"1,499",株
2425,株式会社ケアサービス,2026-06-24,監査役,長沼 敏之,1965年5月7日生,(注)４,,株
2428,ウェルネット株式会社,2025-09-25,代表取締役執行役員社長,宮澤 一洋,1960年２月24日生,（注）１,"542,710",株
2428,ウェルネット株式会社,2025-09-25,取締役執行役員 本社営業部長,加藤 達也,1965年２月１日生,（注）１,"14,025",株
2428,ウェルネット株式会社,2025-09-25,取締役執行役員 西日本支店長 兼本社社長室長,吉元 啓介,1963年５月12日生,（注）１,"8,884",株
2428,ウェルネット株式会社,2025-09-25,取締役執行役員 管理部長,東原 幸生,1959年３月12日生,（注）１,"5,764",株
2428,ウェルネット株式会社,2025-09-25,取締役執行役員 サービス開発部長,中條 洋次,1964年５月29日生,（注）１,"3,950",株
2428,ウェルネット株式会社,2025-09-25,取締役 (監査等委員),花澤 隆,1951年５月９日生,（注）２,"11,729",株
2428,ウェルネット株式会社,2025-09-25,取締役 (監査等委員),浦田 祥範,1961年１月13日生,（注）２,"6,734",株
2428,ウェルネット株式会社,2025-09-25,取締役 (監査等委員),山本・ティレル・由美,1970年３月２日生,（注）２,"1,420",株
2428,ウェルネット株式会社,2025-09-25,代表取締役執行役員社長,宮澤 一洋,1960年２月24日生,（注）１,"542,710",株
2428,ウェルネット株式会社,2025-09-25,取締役執行役員 本社営業部長,加藤 達也,1965年２月１日生,（注）１,"14,025",株
2428,ウェルネット株式会社,2025-09-25,取締役執行役員 西日本支店長 兼本社社長室長,吉元 啓介,1963年５月12日生,（注）１,"8,884",株
2428,ウェルネット株式会社,2025-09-25,取締役執行役員 管理部長,東原 幸生,1959年３月12日生,（注）１,"5,764",株
2428,ウェルネット株式会社,2025-09-25,取締役執行役員 サービス開発部長,中條 洋次,1964年５月29日生,（注）１,"3,950",株
2428,ウェルネット株式会社,2025-09-25,取締役 (監査等委員),花澤 隆,1951年５月９日生,（注）２,"11,729",株
2428,ウェルネット株式会社,2025-09-25,取締役 (監査等委員),浦田 祥範,1961年１月13日生,（注）２,"6,734",株
2428,ウェルネット株式会社,2025-09-25,取締役 (監査等委員),山本・ティレル・由美,1970年３月２日生,（注）２,"1,420",株
2429,株式会社ワールドホールディングス,2026-03-18,代表取締役会長兼社長 最高経営責任者,伊井田 栄吉,1956年５月５日生,（注）３,"796,500",株
2429,株式会社ワールドホールディングス,2026-03-18,取締役 経営企画管理統括本部長 兼 経営管理本部長,中野 繁,1957年11月９日生,（注）３,"7,000",株
2429,株式会社ワールドホールディングス,2026-03-18,取締役 人材教育事業(サービスＨＲ)担当,本多 信二,1965年７月10日生,（注）３,"43,000",株
2429,株式会社ワールドホールディングス,2026-03-18,取締役 人材教育事業(プロダクツＨＲ)担当,栗山 勝宏,1967年11月３日生,（注）３,"2,100",株
2429,株式会社ワールドホールディングス,2026-03-18,取締役 経営企画管理統括本部副本部長兼経営開発本部長,塩見 政明,1965年10月27日生,（注）３,,株
2429,株式会社ワールドホールディングス,2026-03-18,取締役 不動産事業担当,桑原 伸一郎,1959年４月25日生,（注）３,700,株
2429,株式会社ワールドホールディングス,2026-03-18,取締役 財務経理企画本部長,濱地 知治,1962年１月３日生,（注）３,,株
2429,株式会社ワールドホールディングス,2026-03-18,社外取締役,白川 祐治,1957年１月12日生,（注）３,,株
2429,株式会社ワールドホールディングス,2026-03-18,社外取締役,川本 惣一,1957年９月19日生,（注）３,,株
2429,株式会社ワールドホールディングス,2026-03-18,社外取締役,磯俣 克平,1959年３月９日生,（注）３,,株
2429,株式会社ワールドホールディングス,2026-03-18,独立社外取締役,木村 一義,1943年11月12日生,（注）３,"10,000",株
2429,株式会社ワールドホールディングス,2026-03-18,独立社外取締役,荻野 浩三,1958年５月９日生,（注）３,,株
2429,株式会社ワールドホールディングス,2026-03-18,独立社外取締役,小野 和美,1963年８月11日生,（注）３,,株
2429,株式会社ワールドホールディングス,2026-03-18,独立社外取締役,星野 裕志,1958年７月11日生,（注）３,,株
2429,株式会社ワールドホールディングス,2026-03-18,独立社外取締役,久保 欣,1967年４月７日生,（注）３,,株
2429,株式会社ワールドホールディングス,2026-03-18,常勤監査役,田中 晴雄,1958年５月７日生,（注）４,"1,200",株
2429,株式会社ワールドホールディングス,2026-03-18,独立社外監査役,古賀 光雄,1946年12月１日生,（注）５,,株
2429,株式会社ワールドホールディングス,2026-03-18,独立社外監査役,加藤 哲夫,1962年10月１日生,（注）６,,株
2429,株式会社ワールドホールディングス,2026-03-18,代表取締役会長兼社長 最高経営責任者,伊井田 栄吉,1956年５月５日生,（注）３,"796,500",株
2429,株式会社ワールドホールディングス,2026-03-18,取締役 人材教育事業(プロダクツＨＲ)担当,栗山 勝宏,1967年11月３日生,（注）３,"2,100",株
2429,株式会社ワールドホールディングス,2026-03-18,取締役 経営企画管理統括本部長 兼 経営管理本部長,中野 繁,1957年11月９日生,（注）３,"7,000",株
2429,株式会社ワールドホールディングス,2026-03-18,取締役 人材教育事業(サービスＨＲ)担当,本多 信二,1965年７月10日生,（注）３,"43,000",株
2429,株式会社ワールドホールディングス,2026-03-18,取締役 経営企画管理統括本部副本部長兼経営開発本部長,塩見 政明,1965年10月27日生,（注）３,,株
2429,株式会社ワールドホールディングス,2026-03-18,取締役 不動産事業担当,桑原 伸一郎,1959年４月25日生,（注）３,700,株
2429,株式会社ワールドホールディングス,2026-03-18,取締役 財務経理企画本部長,濱地 知治,1962年１月３日生,（注）３,,株
2429,株式会社ワールドホールディングス,2026-03-18,取締役 経営企画本部長兼経営管理本部 副本部長,岡本 一郎,1964年９月26日生,（注）３,,株
2429,株式会社ワールドホールディングス,2026-03-18,社外取締役,川本 惣一,1957年９月19日生,（注）３,,株
2429,株式会社ワールドホールディングス,2026-03-18,社外取締役,磯俣 克平,1959年３月９日生,（注）３,,株
2429,株式会社ワールドホールディングス,2026-03-18,独立社外取締役,木村 一義,1943年11月12日生,（注）３,"10,000",株
2429,株式会社ワールドホールディングス,2026-03-18,独立社外取締役,荻野 浩三,1958年５月９日生,（注）３,,株
2429,株式会社ワールドホールディングス,2026-03-18,独立社外取締役,小野 和美,1963年８月11日生,（注）３,,株
2429,株式会社ワールドホールディングス,2026-03-18,独立社外取締役,星野 裕志,1958年７月11日生,（注）３,,株
2429,株式会社ワールドホールディングス,2026-03-18,独立社外取締役,久保 欣,1967年４月７日生,（注）３,,株
2429,株式会社ワールドホールディングス,2026-03-18,常勤監査役,田中 晴雄,1958年５月７日生,（注）４,"1,200",株
2429,株式会社ワールドホールディングス,2026-03-18,独立社外監査役,古賀 光雄,1946年12月１日生,（注）５,,株
2429,株式会社ワールドホールディングス,2026-03-18,独立社外監査役,加藤 哲夫,1962年10月１日生,（注）６,,株
242A,株式会社リプライオリティ,2025-12-26,代表取締役 社長,中山 伸之,1973年11月９日,(注)３,"833,000（注）５",株
242A,株式会社リプライオリティ,2025-12-26,専務取締役 営業本部長,遠藤 翼,1980年８月１日,(注)３,,株
242A,株式会社リプライオリティ,2025-12-26,取締役 管理部長,井手 雅雄,1962年４月12日,(注)３,,株
242A,株式会社リプライオリティ,2025-12-26,取締役 （注）１,小口 光義,1949年３月６日,(注)３,,株
242A,株式会社リプライオリティ,2025-12-26,常勤監査役,横川 勝美,1958年11月16日,(注)４,,株
242A,株式会社リプライオリティ,2025-12-26,監査役 （注）２,坂本 一男,1948年５月１日,(注)４,,株
242A,株式会社リプライオリティ,2025-12-26,監査役 （注）２,井出 夏子,1973年６月20日,(注)４,,株
242A,株式会社リプライオリティ,2025-12-26,執行役員,中原 健一,,,,
2432,株式会社ディー・エヌ・エー,2026-06-26,代表取締役会長,南場 智子,1962年４月21日生,(注)３,"19,829,078",株
2432,株式会社ディー・エヌ・エー,2026-06-26,代表取締役社長 執行役員 最高経営責任者(CEO),岡村 信悟,1970年１月４日生,(注)３,"2,221",株
2432,株式会社ディー・エヌ・エー,2026-06-26,取締役 執行役員 経営企画本部 本部長,渡辺 圭吾,1978年11月３日生,(注)３,"33,878",株
2432,株式会社ディー・エヌ・エー,2026-06-26,取締役,宮城 治男,1972年６月19日生,(注)３,,株
2432,株式会社ディー・エヌ・エー,2026-06-26,取締役,久保田雅也,1973年10月28日生,(注)３,,株
2432,株式会社ディー・エヌ・エー,2026-06-26,取締役,木谷 哲夫,1960年４月７日生,(注)３,,株
2432,株式会社ディー・エヌ・エー,2026-06-26,監査役 （常勤）,阿佐美弘恭,1956年９月８日生,(注)４,,株
2432,株式会社ディー・エヌ・エー,2026-06-26,監査役,稲葉 喜子,1966年９月28日生,(注)４,,株
2432,株式会社ディー・エヌ・エー,2026-06-26,監査役,佐藤 敦子,1966年６月７日生,(注)４,,株
2432,株式会社ディー・エヌ・エー,2026-06-26,監査役,井村 公彦,1958年２月14日生,(注)４,,株
2432,株式会社ディー・エヌ・エー,2026-06-26,代表取締役会長,岡村 信悟,1970年１月４日生,(注)３,"2,221",株
2432,株式会社ディー・エヌ・エー,2026-06-26,代表取締役社長 執行役員 最高経営責任者(CEO),南場 智子,1962年４月21日生,(注)３,"19,829,078",株
2432,株式会社ディー・エヌ・エー,2026-06-26,取締役 執行役員 経営企画本部 本部長,渡辺 圭吾,1978年11月３日生,(注)３,"33,878",株
2432,株式会社ディー・エヌ・エー,2026-06-26,取締役,久保田雅也,1973年10月28日生,(注)３,,株
2432,株式会社ディー・エヌ・エー,2026-06-26,取締役,木谷 哲夫,1960年４月７日生,(注)３,,株
2432,株式会社ディー・エヌ・エー,2026-06-26,取締役,川﨑 達生,1965年６月９日生,(注)３,,株
2432,株式会社ディー・エヌ・エー,2026-06-26,監査役 （常勤）,阿佐美弘恭,1956年９月８日生,(注)４,,株
2432,株式会社ディー・エヌ・エー,2026-06-26,監査役,稲葉 喜子,1966年９月28日生,(注)４,,株
2432,株式会社ディー・エヌ・エー,2026-06-26,監査役,佐藤 敦子,1966年６月７日生,(注)４,,株
2432,株式会社ディー・エヌ・エー,2026-06-26,監査役,井村 公彦,1958年２月14日生,(注)４,,株
2433,株式会社博報堂ＤＹホールディングス,2026-06-25,取締役会長,水 島 正 幸,1960年３月８日,2025年６月 より１年,"159,551",株
2433,株式会社博報堂ＤＹホールディングス,2026-06-25,取締役社長 （代表取締役）,西 山 泰 央,1966年１月20日,2025年６月 より１年,"42,729",株
2433,株式会社博報堂ＤＹホールディングス,2026-06-25,取締役 副社長,矢 嶋 弘 毅,1961年３月９日,2025年６月 より１年,"103,008",株
2433,株式会社博報堂ＤＹホールディングス,2026-06-25,取締役 副社長,江 花 昭 彦,1960年１月26日,2025年６月 より１年,"92,822",株
2433,株式会社博報堂ＤＹホールディングス,2026-06-25,取締役 専務執行役員,多 田 英 孝,1961年11月３日,2025年６月 より１年,"54,925",株
2433,株式会社博報堂ＤＹホールディングス,2026-06-25,取締役 常務執行役員,禿 河 毅,1963年７月23日,2025年６月 より１年,"38,437",株
2433,株式会社博報堂ＤＹホールディングス,2026-06-25,取締役 執行役員,名 倉 健 司,1967年12月18日,2025年６月 より１年,"49,623",株
2433,株式会社博報堂ＤＹホールディングス,2026-06-25,取締役,服 部 暢 達,1957年12月25日,2025年６月 より１年,,株
2433,株式会社博報堂ＤＹホールディングス,2026-06-25,取締役,山 下 徹,1947年10月９日,2025年６月 より１年,,株
2433,株式会社博報堂ＤＹホールディングス,2026-06-25,取締役,有 松 育 子,1958年７月16日,2025年６月 より１年,,株
2433,株式会社博報堂ＤＹホールディングス,2026-06-25,取締役,上 田 廣 一,1943年12月17日,2025年６月 より１年,,株
2433,株式会社博報堂ＤＹホールディングス,2026-06-25,監査役 （常勤）,西 村 治,1960年６月28日,2023年６月 より４年,"33,297",株
2433,株式会社博報堂ＤＹホールディングス,2026-06-25,監査役 （常勤）,畑 尻 明 彦,1961年９月10日,2025年６月 より４年,"39,600",株
2433,株式会社博報堂ＤＹホールディングス,2026-06-25,監査役,友 田 和 彦,1956年４月30日,2024年６月 より４年,,株
2433,株式会社博報堂ＤＹホールディングス,2026-06-25,監査役,菊 地 伸,1960年１月17日,2022年６月 より４年,,株
2433,株式会社博報堂ＤＹホールディングス,2026-06-25,監査役,矢 吹 公 敏,1956年８月22日,2023年６月 より４年,,株
2435,株式会社シダー,2026-06-25,代表取締役 社長,座小田 孝安,1963年１月25日生,（注)３,"574,100",株
2435,株式会社シダー,2026-06-25,取締役 管理本部長,下屋敷 寛,1962年12月16日生,（注)３,"23,800",株
2435,株式会社シダー,2026-06-25,取締役 営業本部長,上原 賢吾,1973年５月27日生,(注)３,"4,900",株
2435,株式会社シダー,2026-06-25,取締役 企画管理部長,中山 愛美,1972年６月15日生,(注)３,"4,900",株
2435,株式会社シダー,2026-06-25,取締役,中村 儀成,1964年10月６日生,（注)３,,株
2435,株式会社シダー,2026-06-25,取締役,安成 信次,1956年２月12日生,（注)３,,株
2435,株式会社シダー,2026-06-25,常勤監査役,二之宮 さおり,1973年８月20日生,（注)４,"12,100",株
2435,株式会社シダー,2026-06-25,監査役,大野 繁樹,1958年５月11日生,（注)４,"125,000",株
2435,株式会社シダー,2026-06-25,監査役,時枝 和正,1966年９月21日生,（注)４,,株
2436,共同ピーアール株式会社,2026-03-26,取締役名誉会長,古賀尚文,1947年10月４日生,（注）３,"127,279",株
2436,共同ピーアール株式会社,2026-03-26,取締役会長,谷鉄也,1970年９月３日生,（注）３,"331,279",株
2436,共同ピーアール株式会社,2026-03-26,取締役社長執行役員 （代表取締役） PRアカウント事業統括本部本部長,石栗正崇,1976年4月20日生,（注）３,"174,733",株
2436,共同ピーアール株式会社,2026-03-26,取締役常務執行役員 コーポレート本部本部長,信澤勝之,1975年３月26日生,（注）３,"43,368",株
2436,共同ピーアール株式会社,2026-03-26,取締役常務執行役員 PRアカウント事業統括本部副本部長,松川和正,1966年５月２日生,（注）３,"15,448",株
2436,共同ピーアール株式会社,2026-03-26,取締役上席執行役員 名古屋支店長,沼田英之,1959年１月24日生,（注）３,"61,876",株
2436,共同ピーアール株式会社,2026-03-26,取締役上席執行役員 CCO,木村忠久,1964年４月25日生,（注）３,"59,700",株
2436,共同ピーアール株式会社,2026-03-26,取締役上席執行役員 DX推進室室長,立花圭亮,1973年12月24日生,（注）３,"14,680",株
2436,共同ピーアール株式会社,2026-03-26,取締役,尼崎勝司,1950年５月３日生,（注）３,0,株
2436,共同ピーアール株式会社,2026-03-26,取締役 監査等委員,髙橋千秋,1956年８月２日生,（注）４,"2,400",株
2436,共同ピーアール株式会社,2026-03-26,取締役 監査等委員,安藤教嗣,1972年３月13日生,（注）４,,株
2436,共同ピーアール株式会社,2026-03-26,取締役 監査等委員,早川明宏,1975年11月15日生,（注）４,,株
2436,共同ピーアール株式会社,2026-03-26,取締役 監査等委員,金泉俊輔,1972年９月20日生,（注）４,,株
2436,共同ピーアール株式会社,2026-03-26,取締役名誉会長,古賀尚文,1947年10月４日生,（注）３,"127,279",株
2436,共同ピーアール株式会社,2026-03-26,取締役会長,谷鉄也,1970年９月３日生,（注）３,"331,279",株
2436,共同ピーアール株式会社,2026-03-26,取締役社長執行役員 （代表取締役） PRアカウント事業統括本部本部長,石栗正崇,1976年4月20日生,（注）３,"174,733",株
2436,共同ピーアール株式会社,2026-03-26,取締役常務執行役員 コーポレート本部本部長,信澤勝之,1975年３月26日生,（注）３,"43,368",株
2436,共同ピーアール株式会社,2026-03-26,取締役常務執行役員 PRアカウント事業統括本部副本部長,松川和正,1966年５月２日生,（注）３,"15,448",株
2436,共同ピーアール株式会社,2026-03-26,取締役上席執行役員 名古屋支店長,沼田英之,1959年１月24日生,（注）３,"61,876",株
2436,共同ピーアール株式会社,2026-03-26,取締役上席執行役員 CCO,木村忠久,1964年４月25日生,（注）３,"59,700",株
2436,共同ピーアール株式会社,2026-03-26,取締役上席執行役員 DX推進室室長,立花圭亮,1973年12月24日生,（注）３,"14,680",株
2436,共同ピーアール株式会社,2026-03-26,取締役,尼崎勝司,1950年５月３日生,（注）３,0,株
2436,共同ピーアール株式会社,2026-03-26,取締役 監査等委員,髙橋千秋,1956年８月２日生,（注）４,"2,400",株
2436,共同ピーアール株式会社,2026-03-26,取締役 監査等委員,安藤教嗣,1972年３月13日生,（注）４,,株
2436,共同ピーアール株式会社,2026-03-26,取締役 監査等委員,早川明宏,1975年11月15日生,（注）４,,株
2436,共同ピーアール株式会社,2026-03-26,取締役 監査等委員,金泉俊輔,1972年９月20日生,（注）４,,株
2437,Ｓｈｉｎｗａ　Ｗｉｓｅ　Ｈｏｌｄｉｎｇｓ株式会社,2026-08-28,代表取締役社長,米田 岳,1986年１月23日生,(注)３,,株
2437,Ｓｈｉｎｗａ　Ｗｉｓｅ　Ｈｏｌｄｉｎｇｓ株式会社,2026-08-28,取締役,山本 泰史,1976年６月19日生,(注)３,,株
2437,Ｓｈｉｎｗａ　Ｗｉｓｅ　Ｈｏｌｄｉｎｇｓ株式会社,2026-08-28,取締役,岩堀 恭一,1950年10月１日生,(注)３,,株
2437,Ｓｈｉｎｗａ　Ｗｉｓｅ　Ｈｏｌｄｉｎｇｓ株式会社,2026-08-28,取締役,謝 冰,1963年８月27日生,(注)３,,株
2437,Ｓｈｉｎｗａ　Ｗｉｓｅ　Ｈｏｌｄｉｎｇｓ株式会社,2026-08-28,取締役,加藤 博太郎,1986年１月３日生,(注)３,,株
2437,Ｓｈｉｎｗａ　Ｗｉｓｅ　Ｈｏｌｄｉｎｇｓ株式会社,2026-08-28,取締役,岡田 則之,1960年３月９日生,(注)３,,株
2437,Ｓｈｉｎｗａ　Ｗｉｓｅ　Ｈｏｌｄｉｎｇｓ株式会社,2026-08-28,取締役,玉木 直季,1971年12月15日生,(注)３,"4,000",株
2437,Ｓｈｉｎｗａ　Ｗｉｓｅ　Ｈｏｌｄｉｎｇｓ株式会社,2026-08-28,取締役,藤本 光,1992年12月３日生,(注)３,"30,000",株
2437,Ｓｈｉｎｗａ　Ｗｉｓｅ　Ｈｏｌｄｉｎｇｓ株式会社,2026-08-28,取締役,竹花 貴騎,1992年６月４日生,(注)３,,株
2437,Ｓｈｉｎｗａ　Ｗｉｓｅ　Ｈｏｌｄｉｎｇｓ株式会社,2026-08-28,常勤監査役,一居 徹郎,1961年５月14日生,(注)４,,株
2437,Ｓｈｉｎｗａ　Ｗｉｓｅ　Ｈｏｌｄｉｎｇｓ株式会社,2026-08-28,監査役,筧 悦生,1965年９月１日生,(注)５,,株
2437,Ｓｈｉｎｗａ　Ｗｉｓｅ　Ｈｏｌｄｉｎｇｓ株式会社,2026-08-28,監査役,成清 紘介,1982年６月24日生,(注)６,,株
2438,株式会社アスカネット,2026-07-24,代表取締役社長,村上 大吉朗,1977年２月18日,（注）３,"61,800",株
2438,株式会社アスカネット,2026-07-24,常務取締役 ＣＦＯ,功野 顕也,1971年１月12日,（注）３,"326,200",株
2438,株式会社アスカネット,2026-07-24,取締役 フューネラル事業部長,吉宗 裕文,1973年１月14日,（注）３,"19,900",株
2438,株式会社アスカネット,2026-07-24,取締役,川瀨 真紀,1967年２月１日,（注）３,,株
2438,株式会社アスカネット,2026-07-24,監査役 （常勤）,井上 卓也,1963年５月９日,（注）４,"2,000",株
2438,株式会社アスカネット,2026-07-24,監査役,戸田 良一,1961年10月13日,（注）４,"168,000",株
2438,株式会社アスカネット,2026-07-24,監査役,小田 富美男,1957年８月12日,（注）５,,株
2438,株式会社アスカネット,2026-07-24,代表取締役社長,村上 大吉朗,1977年２月18日,（注）３,"61,800",株
2438,株式会社アスカネット,2026-07-24,常務取締役 ＣＦＯ,功野 顕也,1971年１月12日,（注）３,"326,200",株
2438,株式会社アスカネット,2026-07-24,取締役 フューネラル事業部長,吉宗 裕文,1973年１月14日,（注）３,"19,900",株
2438,株式会社アスカネット,2026-07-24,取締役,遠藤 和,1967年８月10日,（注）３,,株
2438,株式会社アスカネット,2026-07-24,監査役 （常勤）,井上 卓也,1963年５月９日,（注）４,"2,000",株
2438,株式会社アスカネット,2026-07-24,監査役,戸田 良一,1961年10月13日,（注）４,"168,000",株
2438,株式会社アスカネット,2026-07-24,監査役,坂田 英俊,1979年３月６日,（注）５,,株
2440,株式会社ぐるなび,2026-06-25,取締役 会長,滝 久雄,1940年２月３日生,(注)２,"70,978",百株
2440,株式会社ぐるなび,2026-06-25,代表取締役 社長,杉原 章郎,1969年８月26日生,(注)２,"13,227",百株
2440,株式会社ぐるなび,2026-06-25,取締役（社外）,藤原 裕久 (注)１,1960年11月６日生,(注)２,,百株
2440,株式会社ぐるなび,2026-06-25,取締役（社外）,笠原 和彦 (注)１,1954年10月15日生,(注)２,47,百株
2440,株式会社ぐるなび,2026-06-25,取締役（社外）,安藤 公二 (注)１,1973年１月17日生,(注)２,,百株
2440,株式会社ぐるなび,2026-06-25,取締役（社外）,松村 亮 (注)１,1977年９月30日生,(注)２,,百株
2440,株式会社ぐるなび,2026-06-25,取締役 監査等委員 （常勤）,鈴木 清司,1959年３月７日生,(注)３,777,百株
2440,株式会社ぐるなび,2026-06-25,取締役（社外） 監査等委員,佐藤 英彦 (注)１,1945年４月25日生,(注)３,101,百株
2445,株式会社タカミヤ,2026-06-23,代表取締役 会長兼社長,髙 宮 一 雅,1966年８月18日,(注)４,465,千株
2445,株式会社タカミヤ,2026-06-23,代表取締役 副社長,髙 宮 章 好,1969年２月７日,(注)４,321,千株
2445,株式会社タカミヤ,2026-06-23,専務取締役,安 部 努,1966年９月27日,(注)４,163,千株
2445,株式会社タカミヤ,2026-06-23,取締役 常務執行役員 経営戦略本部長 Takamiya Lab.本部長,安 田 秀 樹,1967年８月２日,(注)４,104,千株
2445,株式会社タカミヤ,2026-06-23,取締役 執行役員 製造本部長 Takamiya Lab.副本部長,向 山 雄 樹,1970年２月２日,(注)４,59,千株
2445,株式会社タカミヤ,2026-06-23,取締役 執行役員 経営管理本部長 Takamiya Lab.副本部長,辰 見 知 哉,1971年11月３日,(注)４,50,千株
2445,株式会社タカミヤ,2026-06-23,取締役 執行役員 営業本部長 Takamiya Lab.副本部長,川 上 和 伯,1967年６月６日,(注)４,74,千株
2445,株式会社タカミヤ,2026-06-23,取締役,下 川 浩 司,1962年３月29日,(注)４,139,千株
2445,株式会社タカミヤ,2026-06-23,取締役,古 市 德,1949年２月16日,(注)４,15,千株
2445,株式会社タカミヤ,2026-06-23,取締役 （常勤監査等委員）,桝 野 隆 史,1961年６月５日,(注)５,7,千株
2445,株式会社タカミヤ,2026-06-23,取締役 （監査等委員）,酒 谷 佳 弘,1957年３月11日,(注)５,9,千株
2445,株式会社タカミヤ,2026-06-23,取締役 （監査等委員）,上 甲 悌 二,1965年８月19日,(注)５,,千株
2445,株式会社タカミヤ,2026-06-23,取締役 （監査等委員）,加 藤 幸 江,1946年11月11日,(注)５,5,千株
2445,株式会社タカミヤ,2026-06-23,※常務執行役員 経営戦略本部長 兼 Takamiya Lab.本部長,安 田 秀 樹,,（注）２,,
2445,株式会社タカミヤ,2026-06-23,※執行役員 製造本部長 兼 Takamiya Lab.副本部長 機材管理本部・開発本部・グローバル品質保証本部 管掌,向 山 雄 樹,,（注）２,,
2445,株式会社タカミヤ,2026-06-23,※執行役員 経営管理本部長 兼 Takamiya Lab.副本部長,辰 見 知 哉,,（注）２,,
2445,株式会社タカミヤ,2026-06-23,※執行役員 営業本部長 兼 Takamiya Lab.副本部長,川 上 和 伯,,（注）２,,
2445,株式会社タカミヤ,2026-06-23,上席執行役員 営業本部 東日本統括部長 兼 東京支店長 事業開発部 管掌,青 木 哲 也,,（注）２,,
2445,株式会社タカミヤ,2026-06-23,上席執行役員 経営管理本部 人事部長,相 原 栄 三,,（注）２,,
2445,株式会社タカミヤ,2026-06-23,上席執行役員 営業本部 グローバル商事部長,山 下 英 彦,,（注）２,,
2445,株式会社タカミヤ,2026-06-23,執行役員 開発本部長 兼 Takamiya Lab.副本部長・技術研究室長,南 雲 隆 司,,（注）２,,
2445,株式会社タカミヤ,2026-06-23,執行役員 機材管理本部長 兼 Takamiya Lab.副本部長 機材購買部長,大 和 光 徳,,（注）２,,
2445,株式会社タカミヤ,2026-06-23,執行役員 製造本部長付部長 兼 ホリーベトナム㈲代表取締役社長 兼 ベトナム工場長,江 田 宏,,（注）２,,
2445,株式会社タカミヤ,2026-06-23,執行役員 グローバル品質保証本部長 兼 Takamiya Lab.副本部長,植 田 真 吏,,（注）２,,
2445,株式会社タカミヤ,2026-06-23,執行役員 経営戦略本部 経営企画室長,川 畑 貴 史,,（注）２,,
2445,株式会社タカミヤ,2026-06-23,執行役員 経営管理本部 安全管理部長,石 川 秀 樹,,（注）２,,
2445,株式会社タカミヤ,2026-06-23,執行役員 営業本部 営業企画室長,大 髙 孟,,（注）２,,
2445,株式会社タカミヤ,2026-06-23,執行役員 製造本部・機材管理本部 Chief Innovation Officer 兼 グローバル生産部長・ テクニカルソリューション部長・生産管理室長,高 橋 賢,,（注）２,,
2445,株式会社タカミヤ,2026-06-23,執行役員 経営戦略本部 情報システム部長,中 川 幸 彦,,（注）２,,
2445,株式会社タカミヤ,2026-06-23,執行役員 営業本部 グローバル商事部 副部長 兼 Takamiya Lab.副本部長,髙 宮 嵩 元,,（注）２,,
2449,株式会社プラップジャパン,2025-11-26,代表取締役社長,鈴 木 勇 夫,1964年11月27日生,(注)３,141,千株
2449,株式会社プラップジャパン,2025-11-26,取締役 コミュニケーション・サービス統括本部本部長,吉 宮 拓,1970年８月20日生,(注)３,21,千株
2449,株式会社プラップジャパン,2025-11-26,取締役 コミュニケーション・サービス統括本部統括副本部長,三 輪 一 生,1977年10月９日生,(注)３,6,千株
2449,株式会社プラップジャパン,2025-11-26,取締役 (非常勤),矢 島 さやか,1971年１月25日生,(注)３,367,千株
2449,株式会社プラップジャパン,2025-11-26,取締役 (非常勤),椎 名 礼 雄,1974年３月22日生,(注)３,,千株
2449,株式会社プラップジャパン,2025-11-26,取締役 (非常勤),青山 直人 スタンリー,1960年９月15日生,(注)３,,千株
2449,株式会社プラップジャパン,2025-11-26,取締役 (非常勤),山 﨑 俊 彦,1976年11月20日生,(注)３,,千株
2449,株式会社プラップジャパン,2025-11-26,監査役 （常勤）,飛 澤 正 人,1959年11月12日生,(注)４,14,千株
2449,株式会社プラップジャパン,2025-11-26,監査役 (非常勤),柴 田 千 尋,1983年12月６日生,(注)５,,千株
2449,株式会社プラップジャパン,2025-11-26,監査役 (非常勤),笠 野 さち子,1977年４月14日生,(注)４,,千株
2449,株式会社プラップジャパン,2025-11-26,代表取締役社長,鈴 木 勇 夫,1964年11月27日生,(注)３,141,千株
2449,株式会社プラップジャパン,2025-11-26,取締役 コミュニケーション・サービス統括本部本部長,吉 宮 拓,1970年８月20日生,(注)３,21,千株
2449,株式会社プラップジャパン,2025-11-26,取締役 コミュニケーション・サービス統括本部統括副本部長,三 輪 一 生,1977年10月９日生,(注)３,6,千株
2449,株式会社プラップジャパン,2025-11-26,取締役 (非常勤),矢 島 さやか,1971年１月25日生,(注)３,367,千株
2449,株式会社プラップジャパン,2025-11-26,取締役 (非常勤),椎 名 礼 雄,1974年３月22日生,(注)３,,千株
2449,株式会社プラップジャパン,2025-11-26,取締役 (非常勤),青山 直人 スタンリー,1960年９月15日生,(注)３,,千株
2449,株式会社プラップジャパン,2025-11-26,取締役 (非常勤),山 﨑 俊 彦,1976年11月20日生,(注)３,,千株
2449,株式会社プラップジャパン,2025-11-26,監査役 （常勤）,飛 澤 正 人,1959年11月12日生,(注)４,14,千株
2449,株式会社プラップジャパン,2025-11-26,監査役 (非常勤),笠 野 さち子,1977年４月14日生,(注)４,,千株
2449,株式会社プラップジャパン,2025-11-26,監査役 (非常勤),野 口 由美子,1978年６月９日生,(注)５,,千株
244A,グロースエクスパートナーズ株式会社,2025-11-26,代表取締役 社長,渡邉 伸一,1969年４月２日,(注)５,"1,863,400（注）１",株
244A,グロースエクスパートナーズ株式会社,2025-11-26,取締役 コーポレート 統括本部長,河西 健太郎,1963年６月18日,(注)５,"48,600",株
244A,グロースエクスパートナーズ株式会社,2025-11-26,取締役 コンサルティング事業統括,鈴木 雄介,1975年11月12日,(注)５,"4,000",株
244A,グロースエクスパートナーズ株式会社,2025-11-26,取締役 営業企画統括,鎌田 悟,1968年12月23日,(注)５,"17,200",株
244A,グロースエクスパートナーズ株式会社,2025-11-26,取締役,浦田 努,1957年４月２日,(注)５,"4,000",株
244A,グロースエクスパートナーズ株式会社,2025-11-26,取締役,黒崎 守峰,1956年10月９日,(注)５,"4,000",株
244A,グロースエクスパートナーズ株式会社,2025-11-26,取締役,井熊 実,1967年７月24日,(注)５,"4,000",株
244A,グロースエクスパートナーズ株式会社,2025-11-26,取締役,永松 昌一,1958年７月６日,(注)５,,株
244A,グロースエクスパートナーズ株式会社,2025-11-26,取締役,曽我野 麻理,1963年４月29日,(注)５,,株
244A,グロースエクスパートナーズ株式会社,2025-11-26,常勤監査役,香川 朋啓,1973年６月６日,(注)６,"4,000",株
244A,グロースエクスパートナーズ株式会社,2025-11-26,監査役,内田 裕二,1962年8月3日,(注)６,,株
244A,グロースエクスパートナーズ株式会社,2025-11-26,監査役,久保田 良則,1980年3月12日,(注)６,,株
244A,グロースエクスパートナーズ株式会社,2025-11-26,テクノロジーフェロー 兼 株式会社ミエルカ取締役,北條 育男,,,,
244A,グロースエクスパートナーズ株式会社,2025-11-26,コーポレート統括本部副本部長 兼 経営企画部長 兼 グループ戦略企画室副室長,三村 泰平,,,,
244A,グロースエクスパートナーズ株式会社,2025-11-26,コーポレート統括本部 経理部長,佐藤 直人,,,,
244A,グロースエクスパートナーズ株式会社,2025-11-26,コーポレート統括本部 人事部長,新井 よし子,,,,
244A,グロースエクスパートナーズ株式会社,2025-11-26,株式会社GxP 代表取締役社長,和田 一洋,,,,
244A,グロースエクスパートナーズ株式会社,2025-11-26,代表取締役 社長,渡邉 伸一,1969年４月２日,(注)５,"1,863,400（注）１",株
244A,グロースエクスパートナーズ株式会社,2025-11-26,取締役 コーポレート 統括本部長,河西 健太郎,1963年６月18日,(注)５,"48,600",株
244A,グロースエクスパートナーズ株式会社,2025-11-26,取締役 営業企画統括,鎌田 悟,1968年12月23日,(注)５,"17,200",株
244A,グロースエクスパートナーズ株式会社,2025-11-26,取締役,井熊 実,1967年７月24日,(注)５,"4,000",株
244A,グロースエクスパートナーズ株式会社,2025-11-26,取締役,永松 昌一,1958年７月６日,(注)５,,株
244A,グロースエクスパートナーズ株式会社,2025-11-26,取締役,曽我野 麻理,1963年４月29日,(注)５,,株
244A,グロースエクスパートナーズ株式会社,2025-11-26,取締役,河村 肇,1958年11月11日,(注)５,,株
244A,グロースエクスパートナーズ株式会社,2025-11-26,常勤監査役,香川 朋啓,1973年６月６日,(注)６,"4,000",株
244A,グロースエクスパートナーズ株式会社,2025-11-26,監査役,内田 裕二,1962年８月３日,(注)６,,株
244A,グロースエクスパートナーズ株式会社,2025-11-26,監査役,久保田 良則,1980年３月12日,(注)６,,株
2454,株式会社オールアバウト,2026-06-23,代表取締役 社長 グループＣＥＯ,江幡 哲也,1965年１月１日生,(注)２,"372,308",株
2454,株式会社オールアバウト,2026-06-23,取締役 ＣＡＯ,森田 恭弘,1968年12月８日生,(注)２,"86,871",株
2454,株式会社オールアバウト,2026-06-23,取締役,宮﨑 秀幸,1978年12月22日生,(注)２,"32,212",株
2454,株式会社オールアバウト,2026-06-23,取締役,土門 裕之,1973年６月８日生,(注)２,"83,923",株
2454,株式会社オールアバウト,2026-06-23,取締役,澤 桂一,1963年4月6日生,(注)２,,株
2454,株式会社オールアバウト,2026-06-23,取締役,伊藤 邦宏,1972年７月20日生,(注)２,,株
2454,株式会社オールアバウト,2026-06-23,取締役（監査等委員）,渡邊 龍男,1964年６月11日生,(注)３,,株
2454,株式会社オールアバウト,2026-06-23,取締役（監査等委員）,武田 健二,1947年３月18日生,(注)３,,株
2454,株式会社オールアバウト,2026-06-23,取締役（監査等委員）,山縣 敦彦,1979年３月22日生,(注)３,,株
2454,株式会社オールアバウト,2026-06-23,代表取締役 社長 グループＣＥＯ,江幡 哲也,1965年１月１日生,(注)２,"372,308",株
2454,株式会社オールアバウト,2026-06-23,取締役 ＣＡＯ,森田 恭弘,1968年12月８日生,(注)２,"86,871",株
2454,株式会社オールアバウト,2026-06-23,取締役,中村 聡,1979年10月31日生,(注)２,"8,782",株
2454,株式会社オールアバウト,2026-06-23,取締役,土門 裕之,1973年６月８日生,(注)２,"83,923",株
2454,株式会社オールアバウト,2026-06-23,取締役,澤 桂一,1963年４月６日生,(注)２,,株
2459,アウンコンサルティング株式会社,2026-08-24,代表取締役CEO,信太 明,1968年11月11日,(注）1,"2,356,900",株
2459,アウンコンサルティング株式会社,2026-08-24,取締役,高橋 重行,1980年６月24日,(注）1,"114,500",株
2459,アウンコンサルティング株式会社,2026-08-24,取締役,藤原 徹一,1973年１月９日,(注）1,"78,400",株
2459,アウンコンサルティング株式会社,2026-08-24,取締役 （監査等委員）,加藤 征一,1970年11月13日,(注）2,,株
2459,アウンコンサルティング株式会社,2026-08-24,取締役 （監査等委員）,松村 卓朗,1969年９月15日,(注）2,,株
2459,アウンコンサルティング株式会社,2026-08-24,取締役 （監査等委員）,田中 克洋,1975年11月16日,(注）2,,株
2459,アウンコンサルティング株式会社,2026-08-24,代表取締役CEO,信太 明,1968年11月11日,(注）1,"2,356,900",株
2459,アウンコンサルティング株式会社,2026-08-24,取締役,高橋 重行,1980年６月24日,(注）1,"114,500",株
2459,アウンコンサルティング株式会社,2026-08-24,取締役,藤原 徹一,1973年１月９日,(注）1,"78,400",株
2459,アウンコンサルティング株式会社,2026-08-24,取締役 （監査等委員）,加藤 征一,1970年11月13日,(注）2,,株
2459,アウンコンサルティング株式会社,2026-08-24,取締役 （監査等委員）,松村 卓朗,1969年９月15日,(注）2,,株
2459,アウンコンサルティング株式会社,2026-08-24,取締役 （監査等委員）,田中 克洋,1975年11月16日,(注）2,,株
245A,株式会社ＩＮＧＳ,2025-11-27,代表取締役 社長,青柳 誠希,1984年４月13日,(注)３,"1,462,000（注)５",株
245A,株式会社ＩＮＧＳ,2025-11-27,取締役 レストラン事業部長,持木 惣,1984年７月28日,(注)３,,株
245A,株式会社ＩＮＧＳ,2025-11-27,取締役 ラーメン事業部長,塚本 一宏,1984年６月８日,(注)３,,株
245A,株式会社ＩＮＧＳ,2025-11-27,取締役 総務部長,石井 丈章,1984年４月13日,(注)３,"2,200",株
245A,株式会社ＩＮＧＳ,2025-11-27,取締役 人事部長,磯野 勇,1988年３月14日,(注)３,,株
245A,株式会社ＩＮＧＳ,2025-11-27,取締役 経営管理部長,鈴木 建,1986年２月11日,(注)３,"2,200",株
245A,株式会社ＩＮＧＳ,2025-11-27,取締役 （社外）,大森 彩香,1978年９月28日,(注)３,,株
245A,株式会社ＩＮＧＳ,2025-11-27,監査役 （常勤）,齋川 貞夫,1952年９月27日,(注)４,,株
245A,株式会社ＩＮＧＳ,2025-11-27,監査役 （非常勤）,髙橋 篤史,1976年10月13日,(注)４,,株
245A,株式会社ＩＮＧＳ,2025-11-27,監査役 （非常勤）,藤原 英理,1961年８月７日,(注)４,,株
245A,株式会社ＩＮＧＳ,2025-11-27,代表取締役 社長,青柳 誠希,1984年４月13日,(注)３,"1,462,000（注)５",株
245A,株式会社ＩＮＧＳ,2025-11-27,取締役 レストラン事業部長,持木 惣,1984年７月28日,(注)３,,株
245A,株式会社ＩＮＧＳ,2025-11-27,取締役 ラーメン事業部長,塚本 一宏,1984年６月８日,(注)３,,株
245A,株式会社ＩＮＧＳ,2025-11-27,取締役 総務部長,石井 丈章,1984年４月13日,(注)３,"2,200",株
245A,株式会社ＩＮＧＳ,2025-11-27,取締役 人事部長,磯野 勇,1988年３月14日,(注)３,,株
245A,株式会社ＩＮＧＳ,2025-11-27,取締役 経営管理部長,鈴木 建,1986年２月11日,(注)３,"2,200",株
245A,株式会社ＩＮＧＳ,2025-11-27,取締役 （社外）,大森 彩香,1978年９月28日,(注)３,,株
245A,株式会社ＩＮＧＳ,2025-11-27,監査役 （常勤）,齋川 貞夫,1952年９月27日,(注)４,,株
245A,株式会社ＩＮＧＳ,2025-11-27,監査役 （非常勤）,髙橋 篤史,1976年10月13日,(注)４,,株
245A,株式会社ＩＮＧＳ,2025-11-27,監査役 （非常勤）,藤原 英理,1961年８月７日,(注)４,,株
2461,株式会社ファンコミュニケーションズ,2026-03-25,取締役社長 （代表取締役） 執行役員 内部監査室管掌 第２営業本部管掌 プロダクトマネジメント部管掌 メディア開発部管掌,二宮 幸司,1979年３月11日生,2026年３月の定時株主総会から１年,"67,200",株
2461,株式会社ファンコミュニケーションズ,2026-03-25,取締役副社長 執行役員 DX推進部管掌 ファンマーケティング推進部管掌 事業支援部長管掌 コーポレート本部長 人事部長,吉永 敬,1981年２月18日生,2026年３月の定時株主総会から１年,"23,500",株
2461,株式会社ファンコミュニケーションズ,2026-03-25,取締役 執行役員 第１営業本部長 第１営業本部プラットフォーム推進部長,加藤 正人,1983年11月７日生,2026年３月の定時株主総会から１年,"20,000",株
2461,株式会社ファンコミュニケーションズ,2026-03-25,取締役,小尾 一介,1953年12月４日生,2026年３月の定時株主総会から１年,100,株
2461,株式会社ファンコミュニケーションズ,2026-03-25,取締役,穂谷野 智,1962年１月11日生,2026年３月の定時株主総会から１年,"100,000",株
2461,株式会社ファンコミュニケーションズ,2026-03-25,取締役 常勤監査等委員,佐藤 吉勝,1967年７月21日生,2025年３月の定時株主総会から２年,"304,100",株
2461,株式会社ファンコミュニケーションズ,2026-03-25,取締役 監査等委員,丸野登紀子,1973年７月21日生,2025年３月の定時株主総会から２年,,株
2461,株式会社ファンコミュニケーションズ,2026-03-25,取締役 監査等委員,小泉 正明,1964年10月４日生,2025年３月の定時株主総会から２年,,株
2462,ライク株式会社,2026-08-28,代表取締役会長兼社長 グループCEO,岡本 泰彦,1961年４月６日生,（注）４,"602,900",株
2462,ライク株式会社,2026-08-28,取締役 コンプライアンス担当 兼ライクキッズ・ライクスタッフィング担当,村西 志野,1982年６月22日生,（注）４,"11,300",株
2462,ライク株式会社,2026-08-28,取締役 管理副本部長兼財務経理部長 兼事業開発担当,岡本 拓岳,1986年７月11日生,（注）４,,株
2462,ライク株式会社,2026-08-28,取締役 管理本部長,石井 大介,1981年１月17日生,（注）４,"3,100",株
2462,ライク株式会社,2026-08-28,取締役,麻田 祐司,1972年６月15日生,（注）４,,株
2462,ライク株式会社,2026-08-28,取締役 （監査等委員）,蓬萊 仁美,1968年３月６日生,（注）５,"27,300",株
2462,ライク株式会社,2026-08-28,取締役 （監査等委員）,赤築 健吾,1987年８月24日生,（注）５,,株
2462,ライク株式会社,2026-08-28,取締役 （監査等委員）,横 大貴,1984年５月23日生,（注）５,,株
2464,株式会社ＡｏｂａーＢＢＴ,2026-06-19,代表取締役 社長 ビジネス・ブレークスルー大学 事務総長,柴田 巌,1965年９月11日生,（注）２,49,千株
2464,株式会社ＡｏｂａーＢＢＴ,2026-06-19,取締役副社長,政元 竜彦,1967年３月28日生,（注）２,109,千株
2464,株式会社ＡｏｂａーＢＢＴ,2026-06-19,取締役,鎌田 由美子,1966年２月23日生,（注） ２,,千株
2464,株式会社ＡｏｂａーＢＢＴ,2026-06-19,取締役,大前 創希,1974年５月23日生,（注） ２,,千株
2464,株式会社ＡｏｂａーＢＢＴ,2026-06-19,取締役 （常勤監査等委員）,徳永 裕司,1969年８月25日生,（注）３,108,千株
2464,株式会社ＡｏｂａーＢＢＴ,2026-06-19,取締役 （監査等委員）,志村 晶,1948年９月５日生,（注）３,20,千株
2464,株式会社ＡｏｂａーＢＢＴ,2026-06-19,取締役 （監査等委員）,大竹 弘,1963年３月27日生,（注）３,,千株
2464,株式会社ＡｏｂａーＢＢＴ,2026-06-19,代表取締役 社長 ビジネス・ブレークスルー大学 事務総長,柴田 巌,1965年９月11日生,（注）２,49,千株
2464,株式会社ＡｏｂａーＢＢＴ,2026-06-19,取締役副社長,政元 竜彦,1967年３月28日生,（注）２,109,千株
2464,株式会社ＡｏｂａーＢＢＴ,2026-06-19,取締役,鎌田 由美子,1966年２月23日生,（注） ２,,千株
2464,株式会社ＡｏｂａーＢＢＴ,2026-06-19,取締役,大前 創希,1974年５月23日生,（注） ２,,千株
2464,株式会社ＡｏｂａーＢＢＴ,2026-06-19,取締役,板倉 平一,1973年２月６日生,（注） ３,,千株
2464,株式会社ＡｏｂａーＢＢＴ,2026-06-19,取締役 （常勤監査等委員）,徳永 裕司,1969年８月25日生,（注）３,108,千株
2464,株式会社ＡｏｂａーＢＢＴ,2026-06-19,取締役 （監査等委員）,志村 晶,1948年９月５日生,（注）３,20,千株
2464,株式会社ＡｏｂａーＢＢＴ,2026-06-19,取締役 （監査等委員）,大竹 弘,1963年３月27日生,（注）３,,千株
2467,株式会社ＶＬＣセキュリティ,2026-06-26,代表取締役社長 兼ＣＥＯ,石原 紀彦,1977年５月４日,(注)3,"1,498,700",株
2467,株式会社ＶＬＣセキュリティ,2026-06-26,取締役 ＣＦＯ,高橋 恭一郎,1975年１月１日,(注)3,"136,600",株
2467,株式会社ＶＬＣセキュリティ,2026-06-26,取締役,田村 次朗,1959年２月９日,(注)1 (注)3,"11,100",株
2467,株式会社ＶＬＣセキュリティ,2026-06-26,常勤監査役,奥山 琢磨,1971年12月23日,(注)5,,株
2467,株式会社ＶＬＣセキュリティ,2026-06-26,監査役,平山 剛,1980年８月１日,(注)4,"71,800",株
2467,株式会社ＶＬＣセキュリティ,2026-06-26,監査役,小松 祐介,1974年７月２日,(注)4,"11,100",株
2467,株式会社ＶＬＣセキュリティ,2026-06-26,代表取締役社長 兼ＣＥＯ,石原 紀彦,1977年５月４日生,(注)3,"1,498,700",株
2467,株式会社ＶＬＣセキュリティ,2026-06-26,取締役 ＣＦＯ,高橋 恭一郎,1975年１月１日生,(注)3,"136,600",株
2467,株式会社ＶＬＣセキュリティ,2026-06-26,取締役,棚瀬 誠,1977年４月16日生,(注)3,,株
2467,株式会社ＶＬＣセキュリティ,2026-06-26,取締役,田村 次朗,1959年２月９日生,(注)1 (注)3,"11,100",株
2467,株式会社ＶＬＣセキュリティ,2026-06-26,常勤監査役,奥山 琢磨,1971年12月23日生,(注)5,,株
2467,株式会社ＶＬＣセキュリティ,2026-06-26,監査役,平山 剛,1980年８月１日生,(注)4,"71,800",株
2467,株式会社ＶＬＣセキュリティ,2026-06-26,監査役,小松 祐介,1974年７月２日生,(注)4,"11,100",株
2469,ヒビノ株式会社,2026-06-22,代表 取締役会長 （CEO）,日比野晃久,1962年７月23日生,(注) ４,"704,489",株
2469,ヒビノ株式会社,2026-06-22,代表 取締役社長 （COO）,吉松 聡,1961年１月18日生,(注) ４,"27,812",株
2469,ヒビノ株式会社,2026-06-22,取締役 常務執行役員 コンサート・イベントサービス事業 ヒビノ ビジュアル グループ担当,芋川 淳一,1969年２月３日生,(注) ４,"11,766",株
2469,ヒビノ株式会社,2026-06-22,取締役 常務執行役員 販売施工事業 建築音響施工事業 担当,久野 慎幸,1964年８月26日生,(注) ４,"29,566",株
2469,ヒビノ株式会社,2026-06-22,取締役 常務執行役員 コンサート・イベントサービス事業 ヒビノ サウンド グループ担当,井澤 孝,1964年３月15日生,(注) ４,"7,581",株
2469,ヒビノ株式会社,2026-06-22,取締役 常務執行役員 ヒビノGMC担当,高野 芳裕,1966年４月11日生,(注) ４,"3,478",株
2469,ヒビノ株式会社,2026-06-22,取締役,金子 基宏,1958年９月５日生,(注) ４,"2,400",株
2469,ヒビノ株式会社,2026-06-22,取締役,山口 孝太,1974年７月14日生,(注)４,,株
2469,ヒビノ株式会社,2026-06-22,常勤 監査役,森 勝之,1962年４月15日生,(注) ５,665,株
2469,ヒビノ株式会社,2026-06-22,監査役,唯木 誠,1953年９月13日生,(注) ６,"7,100",株
2469,ヒビノ株式会社,2026-06-22,監査役,新田 信行,1956年７月９日生,(注)７,800,株
2469,ヒビノ株式会社,2026-06-22,代表 取締役会長 （CEO）,日比野晃久,1962年７月23日生,(注) ４,"704,489",株
2469,ヒビノ株式会社,2026-06-22,代表 取締役社長 （COO）,吉松 聡,1961年１月18日生,(注) ４,"27,812",株
2469,ヒビノ株式会社,2026-06-22,取締役 常務執行役員 コンサート・イベントサービス事業 ヒビノ ビジュアル グループ担当,芋川 淳一,1969年２月３日生,(注) ４,"11,766",株
2469,ヒビノ株式会社,2026-06-22,取締役 常務執行役員 販売施工事業 建築音響施工事業 担当,久野 慎幸,1964年８月26日生,(注) ４,"29,566",株
2469,ヒビノ株式会社,2026-06-22,取締役 常務執行役員 コンサート・イベントサービス事業 ヒビノ サウンド グループ担当,井澤 孝,1964年３月15日生,(注) ４,"7,581",株
2469,ヒビノ株式会社,2026-06-22,取締役 常務執行役員 ヒビノGMC担当,高野 芳裕,1966年４月11日生,(注) ４,"3,478",株
2469,ヒビノ株式会社,2026-06-22,取締役,金子 基宏,1958年９月５日生,(注) ４,"2,400",株
2469,ヒビノ株式会社,2026-06-22,取締役,山口 孝太,1974年７月14日生,(注)４,,株
2469,ヒビノ株式会社,2026-06-22,常勤 監査役,森 勝之,1962年４月15日生,(注) ５,665,株
2469,ヒビノ株式会社,2026-06-22,監査役,唯木 誠,1953年９月13日生,(注) ６,"7,100",株
2469,ヒビノ株式会社,2026-06-22,監査役,新田 信行,1956年７月９日生,(注)７,800,株
246A,株式会社アスア,2025-09-26,代表取締役社長,間地 寛,1967年４月３日生,（注）３,"1,480,000 （注）５",株
246A,株式会社アスア,2025-09-26,常務取締役 事業本部長,浅井 慎司,1972年11月13日生,（注）３,500,株
246A,株式会社アスア,2025-09-26,取締役 管理本部長兼経営企画室責任者,植村 恒明,1971年５月24日生,（注）３,500,株
246A,株式会社アスア,2025-09-26,社外取締役,上田 雅彦,1961年11月23日生,（注）３,"3,000",株
246A,株式会社アスア,2025-09-26,社外取締役 （常勤監査等委員）,鈴村 文雄,1956年10月29日生,（注） ４,500,株
246A,株式会社アスア,2025-09-26,社外取締役 （監査等委員）,山田 明紀,1952年4月24日生,（注）４,"3,500",株
246A,株式会社アスア,2025-09-26,社外取締役 （監査等委員）,関口 智弘,1970年12月12日生,（注）４,500,株
2471,株式会社エスプール,2026-02-25,代表取締役 会長,浦上 壮平,1966年８月25日,（注）３,"8,040,800",株
2471,株式会社エスプール,2026-02-25,取締役 管理本部 担当,佐藤 英朗,1970年11月４日,（注）３,"1,984,800",株
2471,株式会社エスプール,2026-02-25,取締役 経営企画本部 担当,荒井 直,1975年７月13日,（注）３,"526,300",株
2471,株式会社エスプール,2026-02-25,取締役 （非常勤）,赤浦 徹,1968年８月７日,（注）３,"2,362,400",株
2471,株式会社エスプール,2026-02-25,取締役 （非常勤）,宮沢 奈央,1982年５月25日,（注）３,,株
2471,株式会社エスプール,2026-02-25,取締役 （非常勤）,仲井 一彦,1951年８月31日,（注）３,,株
2471,株式会社エスプール,2026-02-25,常勤監査役,徐 進,1968年７月25日,（注）４,"145,800",株
2471,株式会社エスプール,2026-02-25,監査役,畑中 裕,1960年１月17日,（注）４,,株
2471,株式会社エスプール,2026-02-25,監査役,山下 登,1960年７月５日,（注）５,,株
2471,株式会社エスプール,2026-02-25,代表取締役 会長,浦上 壮平,1966年８月25日,（注）３,"8,040,800",株
2471,株式会社エスプール,2026-02-25,代表取締役 社長,白川 儀一,1970年８月19日,（注）６,,株
2471,株式会社エスプール,2026-02-25,取締役 管理本部 担当,佐藤 英朗,1970年11月４日,（注）３,"1,984,800",株
2471,株式会社エスプール,2026-02-25,取締役 経営企画本部 担当,荒井 直,1975年７月13日,（注）３,"526,300",株
2471,株式会社エスプール,2026-02-25,取締役 （非常勤）,赤浦 徹,1968年８月７日,（注）３,"2,362,400",株
2471,株式会社エスプール,2026-02-25,取締役 （非常勤）,宮沢 奈央,1982年５月25日,（注）３,,株
2471,株式会社エスプール,2026-02-25,取締役 （非常勤）,仲井 一彦,1951年８月31日,（注）３,,株
2471,株式会社エスプール,2026-02-25,常勤監査役,徐 進,1968年７月25日,（注）４,"145,800",株
2471,株式会社エスプール,2026-02-25,監査役,畑中 裕,1960年１月17日,（注）４,,株
2471,株式会社エスプール,2026-02-25,監査役,山下 登,1960年７月５日,（注）５,,株
2475,ＷＤＢホールディングス株式会社,2026-06-18,代表取締役社長,中野 敏光,1956年７月11日,(注)２,"600,000",株
2475,ＷＤＢホールディングス株式会社,2026-06-18,専務取締役,大塚 美樹,1964年１月16日,(注)２,"480,000",株
2475,ＷＤＢホールディングス株式会社,2026-06-18,常務取締役,加藤 正久,1955年８月27日,(注)２,"1,525",株
2475,ＷＤＢホールディングス株式会社,2026-06-18,取締役,黒田 清行,1970年１月12日,(注)２,"2,461",株
2475,ＷＤＢホールディングス株式会社,2026-06-18,取締役,木村 裕史,1963年９月５日,(注)２,"3,281",株
2475,ＷＤＢホールディングス株式会社,2026-06-18,取締役 （常勤監査等委員）,鵜飼 茂一,1949年11月20日,(注)３,"11,667",株
2475,ＷＤＢホールディングス株式会社,2026-06-18,取締役 （監査等委員）,濱田 聡,1952年10月３日,(注)３,"11,239",株
2475,ＷＤＢホールディングス株式会社,2026-06-18,取締役 （監査等委員）,有田 知德,1948年２月１日,(注)３,"2,370",株
2475,ＷＤＢホールディングス株式会社,2026-06-18,取締役 （監査等委員）,目細 実,1964年７月２日,(注)４,536,株
2477,手間いらず株式会社,2025-09-25,代表取締役社長,渡邉 哲男,1971年10月16日生,(注)２,"3,869,500",株
2477,手間いらず株式会社,2025-09-25,取締役,中野 寿男,1987年３月６日生,(注)２,"1,272",株
2477,手間いらず株式会社,2025-09-25,取締役,鈴木 一夫,1972年８月４日生,(注)２,,株
2477,手間いらず株式会社,2025-09-25,取締役 （常勤監査等委員）,長又 義郎,1946年６月25日生,(注)３,,株
2477,手間いらず株式会社,2025-09-25,取締役 （監査等委員）,山本 祐紀,1971年10月12日生,(注)３,,株
2477,手間いらず株式会社,2025-09-25,取締役 （監査等委員）,洲崎 智広,1970年８月３日生,(注)３,,株
2479,株式会社ジェイテック,2026-06-29,代表取締役社長,藤本 彰,1954年10月３日生,(注)４,"1,608,000",株
2479,株式会社ジェイテック,2026-06-29,取締役,小川 典男,1965年６月５日生,(注)４,"17,800",株
2479,株式会社ジェイテック,2026-06-29,取締役 ファイナンスＨＱ本部長,村田 竜三,1974年２月９日生,(注)４,"21,800",株
2479,株式会社ジェイテック,2026-06-29,取締役 技術商社ＨＱ本部長,岩崎 秀樹,1971年７月23日生,(注)４,"38,600",株
2479,株式会社ジェイテック,2026-06-29,取締役 マネジメントＨＱ本部長,西田 和弘,1959年９月27日生,(注)４,"13,700",株
2479,株式会社ジェイテック,2026-06-29,取締役,崔 在亨,1973年２月28日生,(注)４,,株
2479,株式会社ジェイテック,2026-06-29,取締役 （常勤監査等委員）,山田 峻介,1942年１月10日生,(注)５,,株
2479,株式会社ジェイテック,2026-06-29,取締役 （監査等委員）,尾野 恭史,1971年３月８日生,(注)５,,株
2479,株式会社ジェイテック,2026-06-29,取締役 （監査等委員）,関口 輝比古,1974年５月７日生,(注)５,,株
2479,株式会社ジェイテック,2026-06-29,取締役 （監査等委員）,福田 覚,1952年８月８日生,(注)６,"10,000",株
2479,株式会社ジェイテック,2026-06-29,取締役 （監査等委員）,藤浪 昭男,1974年11月13日生,(注)６,,株
2479,株式会社ジェイテック,2026-06-29,取締役 （監査等委員）,播磨 紀彦,1955年８月19日生,(注)６,600,株
2479,株式会社ジェイテック,2026-06-29,取締役 （監査等委員）,髙田 和幸,1966年12月29日生,(注)６,,株
247A,Ａｉロボティクス株式会社,2026-06-22,代表取締役社長,龍川 誠,1985年９月12日生,（注）３,"11,929,300",株
247A,Ａｉロボティクス株式会社,2026-06-22,専務取締役,山本 幸央,1984年７月６日生,（注）３,"1,720,000",株
247A,Ａｉロボティクス株式会社,2026-06-22,取締役 管理本部長,坂元 優太,1985年１月25日生,（注）３,"155,000",株
247A,Ａｉロボティクス株式会社,2026-06-22,取締役,川名 麻耶,1981年４月10日生,（注）３,,株
247A,Ａｉロボティクス株式会社,2026-06-22,取締役 監査等委員,岡田 雅史,1965年３月25日生,（注）４,"300,000",株
247A,Ａｉロボティクス株式会社,2026-06-22,取締役 監査等委員,杉本 佳英,1980年10月31日生,（注）４,"200,000",株
247A,Ａｉロボティクス株式会社,2026-06-22,取締役 監査等委員,須田 将啓,1974年４月30日生,（注）４,,株
2480,システム・ロケーション株式会社,2026-06-23,代表取締役社長,千村 岳彦,1960年６月２日,（注３）,"776,900",株
2480,システム・ロケーション株式会社,2026-06-23,常務取締役 営業管掌 開発部門管掌 兼 開発部門長,内村 裕一,1965年４月３日,（注３）,"13,400",株
2480,システム・ロケーション株式会社,2026-06-23,取締役 管理部門管掌,後藤 清文,1957年11月18日,（注３）,,株
2480,システム・ロケーション株式会社,2026-06-23,取締役,森 吉平,1960年10月30日,（注３）,,株
2480,システム・ロケーション株式会社,2026-06-23,取締役,吉村 桂,1971年５月22日,（注３）,,株
2480,システム・ロケーション株式会社,2026-06-23,常勤監査役,内田 善昭,1969年12月23日,（注３）,,株
2480,システム・ロケーション株式会社,2026-06-23,監査役,井坂 俊達,1969年11月12日,（注３）,"16,200",株
2480,システム・ロケーション株式会社,2026-06-23,監査役,山中 雅雄,1962年７月24日,（注３）,,株
2480,システム・ロケーション株式会社,2026-06-23,代表取締役社長,千村 岳彦,1960年６月２日,（注２）,"776,900",株
2480,システム・ロケーション株式会社,2026-06-23,常務取締役 営業管掌 開発部門管掌 兼 開発部門長,内村 裕一,1965年４月３日,（注２）,"13,400",株
2480,システム・ロケーション株式会社,2026-06-23,取締役 管理部門管掌 兼 管理部門長,後藤 清文,1957年11月18日,（注２）,,株
2480,システム・ロケーション株式会社,2026-06-23,取締役 経理・財務部門管掌,井坂 俊達,1969年11月12日,（注２）,"16,200",株
2480,システム・ロケーション株式会社,2026-06-23,取締役,林 雅大,1975年９月20日,（注２）,"1,000",株
2480,システム・ロケーション株式会社,2026-06-23,取締役,吉村 桂,1971年５月22日,（注２）,,株
2480,システム・ロケーション株式会社,2026-06-23,取締役 （常勤監査等委員）,内田 善昭,1969年12月23日,（注３）,,株
2480,システム・ロケーション株式会社,2026-06-23,取締役 （監査等委員）,山中 雅雄,1962年７月24日,（注３）,,株
2480,システム・ロケーション株式会社,2026-06-23,取締役 （監査等委員）,森 吉平,1960年10月30日,（注３）,,株
2481,株式会社タウンニュース社,2025-09-22,代表取締役会長兼社長,宇山 知成,1972年１月27日生,(注)３,"400,000",株
2481,株式会社タウンニュース社,2025-09-22,取締役執行役員 統括監理役員兼未来戦略ＨＲ室室長,小野 淳,1960年６月３日生,(注)３,"20,200",株
2481,株式会社タウンニュース社,2025-09-22,取締役執行役員 プロモーション事業部門監理役員,露木 敏博,1966年２月４日生,(注)３,"6,200",株
2481,株式会社タウンニュース社,2025-09-22,取締役執行役員 タウンニュース事業部門監理役員横浜中央支社支社長,北原 健祐,1972年７月３日生,(注)３,"16,900",株
2481,株式会社タウンニュース社,2025-09-22,取締役,秋山 純夫,1956年２月９日生,(注)３,,株
2481,株式会社タウンニュース社,2025-09-22,取締役,岸井 幸生,1979年１月23日生,(注)３,,株
2481,株式会社タウンニュース社,2025-09-22,常勤監査役,宮下 耕,1963年３月17日生,(注)４,,株
2481,株式会社タウンニュース社,2025-09-22,監査役,栗原 和子,1959年12月９日生,(注)４,100,株
2481,株式会社タウンニュース社,2025-09-22,監査役,薮田 直秀,1977年10月16日生,(注)４,"11,000",株
2481,株式会社タウンニュース社,2025-09-22,代表取締役会長兼社長,宇山 知成,1972年１月27日生,(注)３,"400,000",株
2481,株式会社タウンニュース社,2025-09-22,取締役執行役員 プロモーション事業部門監理役員,露木 敏博,1966年２月４日生,(注)３,"6,200",株
2481,株式会社タウンニュース社,2025-09-22,取締役執行役員 タウンニュース事業部門監理役員横浜中央支社支社長,北原 健祐,1972年７月３日生,(注)３,"16,900",株
2481,株式会社タウンニュース社,2025-09-22,取締役,秋山 純夫,1956年２月９日生,(注)３,,株
2481,株式会社タウンニュース社,2025-09-22,取締役,岸井 幸生,1979年１月23日生,(注)３,,株
2481,株式会社タウンニュース社,2025-09-22,常勤監査役,宮下 耕,1963年３月17日生,(注)４,,株
2481,株式会社タウンニュース社,2025-09-22,監査役,栗原 和子,1959年12月９日生,(注)４,100,株
2481,株式会社タウンニュース社,2025-09-22,監査役,薮田 直秀,1977年10月16日生,(注)４,"11,000",株
2483,株式会社翻訳センター,2026-06-24,代表取締役社長,二宮 俊一郎,1969年７月21日生,(注３),"67,900",株
2483,株式会社翻訳センター,2026-06-24,取締役 営業統括 （兼） 医薬本部長 医薬本部制作部長 マーケティング部長,武山 佳憲,1971年６月19日生,(注３),"11,000",株
2483,株式会社翻訳センター,2026-06-24,取締役 管理統括 （兼） 経理部長,魚谷 昌司,1973年９月25日生,(注３),"11,200",株
2483,株式会社翻訳センター,2026-06-24,取締役 業務統括,西野 奈々,1973年９月８日生,(注３),"3,000",株
2483,株式会社翻訳センター,2026-06-24,取締役 （監査等委員）,大西 耕太郎,1968年８月27日生,(注４),"2,400",株
2483,株式会社翻訳センター,2026-06-24,取締役 （監査等委員）,山本 淳,1970年12月26日生,(注４),,株
2483,株式会社翻訳センター,2026-06-24,取締役 （監査等委員）,村田 淳一,1958年12月23日生,(注４),,株
2483,株式会社翻訳センター,2026-06-24,代表取締役社長,二宮 俊一郎,1969年７月21日生,(注３),"67,900",株
2483,株式会社翻訳センター,2026-06-24,取締役 営業統括 （兼） 医薬本部長 医薬本部制作部長 マーケティング部長,武山 佳憲,1971年６月19日生,(注３),"11,000",株
2483,株式会社翻訳センター,2026-06-24,取締役 管理統括 （兼） 経理部長,魚谷 昌司,1973年９月25日生,(注３),"11,200",株
2483,株式会社翻訳センター,2026-06-24,取締役 業務統括,西野 奈々,1973年９月８日生,(注３),"3,000",株
2483,株式会社翻訳センター,2026-06-24,取締役 （監査等委員）,大西 耕太郎,1968年８月27日生,(注４),"2,400",株
2483,株式会社翻訳センター,2026-06-24,取締役 （監査等委員）,山本 淳,1970年12月26日生,(注４),,株
2483,株式会社翻訳センター,2026-06-24,取締役 （監査等委員）,村田 淳一,1958年12月23日生,(注４),,株
2484,株式会社出前館,2025-11-26,代表取締役 社長（CEO）,矢野 哲,1978年４月26日生,(注)３,"138,695",株
2484,株式会社出前館,2025-11-26,取締役,富山 浩樹,1976年９月５日生,(注)３,,株
2484,株式会社出前館,2025-11-26,取締役,森 一生,1978年４月26日生,(注)３,,株
2484,株式会社出前館,2025-11-26,取締役,舛田 淳,1977年４月22日生,(注)３,,株
2484,株式会社出前館,2025-11-26,取締役,坂上 亮介,1975年７月30日生,(注)３,,株
2484,株式会社出前館,2025-11-26,取締役,小笹 文,1977年１月28日生,(注)３,,株
2484,株式会社出前館,2025-11-26,常勤監査役,山崎 操,1982年３月４日生,(注)４,,株
2484,株式会社出前館,2025-11-26,監査役,落合 紀貴,1974年６月18日生,(注)４,,株
2484,株式会社出前館,2025-11-26,監査役,伊藤 嘉恵,1981年６月29日生,(注)４,,株
2484,株式会社出前館,2025-11-26,代表取締役 社長（CEO）,矢野 哲,1978年４月26日生,(注)３,"138,695",株
2484,株式会社出前館,2025-11-26,取締役,志賀 綾子,1978年８月19日生,(注)３,"7,500",株
2484,株式会社出前館,2025-11-26,取締役,安岡 祥二,1980年５月６日生,(注)３,,株
2484,株式会社出前館,2025-11-26,取締役,富山 浩樹,1976年９月５日生,(注)３,,株
2484,株式会社出前館,2025-11-26,取締役,舛田 淳,1977年４月22日生,(注)３,,株
2484,株式会社出前館,2025-11-26,取締役,坂上 亮介,1975年７月30日生,(注)３,,株
2484,株式会社出前館,2025-11-26,常勤監査役,山崎 操,1982年３月４日生,(注)４,,株
2484,株式会社出前館,2025-11-26,監査役,落合 紀貴,1974年６月18日生,(注)４,,株
2484,株式会社出前館,2025-11-26,監査役,伊藤 嘉恵,1981年６月29日生,(注)４,,株
2485,株式会社ティア,2025-12-19,代表取締役 社長,冨安 徳久,1960年７月５日生,（注）６,"1,016,600",株
2485,株式会社ティア,2025-12-19,取締役 副社長 葬祭事業本部長 兼未来開発事業本部管掌,岡留 昌吉,1961年３月20日生,（注）６,"85,100",株
2485,株式会社ティア,2025-12-19,専務取締役 経営企画本部長 兼管理本部管掌,辻 耕平,1972年３月31日生,（注）６,"28,700",株
2485,株式会社ティア,2025-12-19,専務取締役 関東葬祭事業本部長 兼人財開発本部長 兼フランチャイズ事業本部管掌,眞邉 健吾,1974年７月12日生,（注）６,"33,100",株
2485,株式会社ティア,2025-12-19,常務取締役 財務本部長,山本 克己,1964年４月22日生,（注）６,"23,100",株
2485,株式会社ティア,2025-12-19,取締役 マーチャンダイジング 推進本部長,藤井 智規,1977年６月７日生,（注）６,"13,700",株
2485,株式会社ティア,2025-12-19,取締役,小木曽 正人,1975年５月11日生,（注）６,"5,600",株
2485,株式会社ティア,2025-12-19,取締役,稲生 浩子,1962年６月13日生,（注）６,"19,400",株
2485,株式会社ティア,2025-12-19,常勤監査役,後藤 光雄,1949年４月４日生,（注）４,"12,500",株
2485,株式会社ティア,2025-12-19,監査役,佐藤 邦夫,1955年１月20日生,（注）４,"2,000",株
2485,株式会社ティア,2025-12-19,監査役,矢野 直,1975年12月８日生,（注）５,,株
2488,ＪＴＰ株式会社,2026-06-17,代表取締役社長,為田 光昭,1974年１月21日,(注)２,"38,200",株
2488,ＪＴＰ株式会社,2026-06-17,代表取締役会長,森 豊,1973年12月13日,(注)２,"494,153",株
2488,ＪＴＰ株式会社,2026-06-17,常務取締役 コーポレート本部長,伊達 仁,1974年７月17日,(注)２,"49,200",株
2488,ＪＴＰ株式会社,2026-06-17,取締役事業本部長,長谷川 慎也,1971年７月26日,(注)２,"9,900",株
2488,ＪＴＰ株式会社,2026-06-17,取締役,寺田 由美,1958年８月28日,(注)２,,株
2488,ＪＴＰ株式会社,2026-06-17,取締役監査等委員,木村 裕之,1954年10月15日,(注)３,,株
2488,ＪＴＰ株式会社,2026-06-17,取締役監査等委員,井出 隆,1951年６月19日,(注)３,,株
2488,ＪＴＰ株式会社,2026-06-17,取締役監査等委員,竹内 洋平,1981年９月21日,(注)３,,株
2489,株式会社アドウェイズ,2026-03-24,取締役社長 (代表取締役),山田 翔,1985年3月15日生,2024年3月の定時株主総会から2年,"2,045,800",株
2489,株式会社アドウェイズ,2026-03-24,取締役会長,岡村 陽久,1980年4月8日生,2025年3月の定時株主総会から2年,"8,149,300",株
2489,株式会社アドウェイズ,2026-03-24,取締役 グローバル事業担当,野田 順義,1978年5月10日生,2024年3月の定時株主総会から2年,"2,500",株
2489,株式会社アドウェイズ,2026-03-24,取締役 エージェンシー 事業担当,鹿野 晋吾,1984年12月13日生,2025年3月の定時株主総会から2年,"1,800",株
2489,株式会社アドウェイズ,2026-03-24,取締役,伊藤 浩孝,1968年12月10日生,2024年3月の定時株主総会から2年,,株
2489,株式会社アドウェイズ,2026-03-24,取締役,平田 和子,1952年3月6日生,2024年3月の定時株主総会から2年,,株
2489,株式会社アドウェイズ,2026-03-24,取締役,梅本 翔太,1983年9月7日生,2024年3月の定時株主総会から2年,,株
2489,株式会社アドウェイズ,2026-03-24,取締役,岡田 恵利子,1982年3月15日生,2025年3月の定時株主総会から2年,,株
2489,株式会社アドウェイズ,2026-03-24,常勤監査役,永久保 智宏,1965年12月14日生,2022年3月の定時株主総会から4年,,株
2489,株式会社アドウェイズ,2026-03-24,監査役,鵜川 正樹,1954年6月27日生,2022年3月の定時株主総会から4年,"2,000",株
2489,株式会社アドウェイズ,2026-03-24,監査役,角田 智美,1975年6月7日生,2022年3月の定時株主総会から4年,,株
2489,株式会社アドウェイズ,2026-03-24,取締役社長 (代表取締役),山田 翔,1985年3月15日生,2026年3月の定時株主総会から2年,"2,045,800",株
2489,株式会社アドウェイズ,2026-03-24,取締役会長,岡村 陽久,1980年4月8日生,2025年3月の定時株主総会から2年,"8,149,300",株
2489,株式会社アドウェイズ,2026-03-24,取締役 グローバル事業担当,野田 順義,1978年5月10日生,2026年3月の定時株主総会から2年,"2,500",株
2489,株式会社アドウェイズ,2026-03-24,取締役 エージェンシー 事業担当,鹿野 晋吾,1984年12月13日生,2025年3月の定時株主総会から2年,"1,800",株
2489,株式会社アドウェイズ,2026-03-24,取締役,岡田 恵利子,1982年3月15日生,2025年3月の定時株主総会から2年,,株
2489,株式会社アドウェイズ,2026-03-24,取締役,向後 健,1984年9月12日生,2026年3月の定時株主総会から2年,,株
2489,株式会社アドウェイズ,2026-03-24,取締役,熊澤 博之,1977年5月2日生,2026年3月の定時株主総会から2年,,株
2489,株式会社アドウェイズ,2026-03-24,常勤監査役,永久保 智宏,1965年12月14日生,2026年3月の定時株主総会から4年,,株
2489,株式会社アドウェイズ,2026-03-24,監査役,角田 智美,1975年6月7日生,2026年3月の定時株主総会から4年,,株
2489,株式会社アドウェイズ,2026-03-24,監査役,原口 隆志,1967年8月23日生,2026年3月の定時株主総会から4年,,株
248A,株式会社キッズスター,2026-03-25,代表取締役,平田 全広,1973年6月10日,(注)2,"111,500",株
248A,株式会社キッズスター,2026-03-25,取締役,松本 健太郎,1979年5月1日,(注)2,"67,500",株
248A,株式会社キッズスター,2026-03-25,取締役,金城 永典,1977年5月12日,(注)2,"67,500",株
248A,株式会社キッズスター,2026-03-25,取締役 （監査等委員）,村田 吉隆,1965年9月17日,(注)3,,株
248A,株式会社キッズスター,2026-03-25,取締役 （監査等委員）,谷内 進,1964年3月8日,(注)3,,株
248A,株式会社キッズスター,2026-03-25,取締役 （監査等委員）,細川 紀子,1982年5月1日,(注)3,,株
2491,バリューコマース株式会社,2026-03-26,代表取締役 社長 最高経営責任者,香川 仁,1968年９月24日生,(注)３,"34,610",株
2491,バリューコマース株式会社,2026-03-26,取締役 最高財務責任者 コーポレート本部長,遠藤 雅知,1970年４月24日生,(注)３,"17,700",株
2491,バリューコマース株式会社,2026-03-26,取締役 マーケティング ソリューションズ 事業管掌,長谷川 拓,1968年11月24日生,(注)３,"3,960",株
2491,バリューコマース株式会社,2026-03-26,取締役 グローバルマーケティングソリューションズ管掌,田邉 浩一郎,1973年９月21日生,(注)３,"3,060",株
2491,バリューコマース株式会社,2026-03-26,取締役 事業開発管掌 事業開発室長,粕谷 吉正,1971年12月13日生,(注)３,"3,060",株
2491,バリューコマース株式会社,2026-03-26,取締役 トラベルテック 事業管掌,安房 正浩,1967年３月30日生,(注)３,"3,060",株
2491,バリューコマース株式会社,2026-03-26,取締役 （監査等委員）,髙橋 敏夫,1958年６月29日生,(注)４,,株
2491,バリューコマース株式会社,2026-03-26,取締役 （監査等委員）,池田 明霞,1959年１月１日生,(注)５,,株
2491,バリューコマース株式会社,2026-03-26,取締役 （監査等委員）,渡辺 絢,1987年４月17日生,(注)４,,株
2491,バリューコマース株式会社,2026-03-26,取締役 （監査等委員）,塩川 直子,1977年11月30日生,(注)４,,株
2492,株式会社インフォマート,2026-03-23,代表取締役社長,木村 慎,1976年７月15日生,（注）３,"47,586",株
2492,株式会社インフォマート,2026-03-23,取締役副社長,村上 肇,1969年３月14日生,（注）３,"175,725",株
2492,株式会社インフォマート,2026-03-23,取締役,長尾 收,1960年１月27日生,（注）３,"63,124",株
2492,株式会社インフォマート,2026-03-23,取締役,中島 健,1966年３月31日生,（注）３,"185,668",株
2492,株式会社インフォマート,2026-03-23,取締役,藤田 尚武,1968年６月８日生,（注）３,"6,836,218",株
2492,株式会社インフォマート,2026-03-23,取締役,加藤 一隆,1942年10月９日生,（注）３,,株
2492,株式会社インフォマート,2026-03-23,取締役,岡橋 輝和,1949年11月25日生,（注）３,,株
2492,株式会社インフォマート,2026-03-23,取締役,兼川 真紀,1964年５月14日生,（注）３,,株
2492,株式会社インフォマート,2026-03-23,取締役,李 成一,1975年11月17日生,（注）３,,株
2492,株式会社インフォマート,2026-03-23,常勤監査役,宮澤 等,1968年９月11日生,（注）４,"48,000",株
2492,株式会社インフォマート,2026-03-23,監査役,瀧野 良夫,1956年５月11日生,（注）５,,株
2492,株式会社インフォマート,2026-03-23,監査役,矢部 芳一,1955年１月17日生,（注）４,,株
2492,株式会社インフォマート,2026-03-23,代表取締役社長,木村 慎,1976年７月15日生,（注）３,"47,586",株
2492,株式会社インフォマート,2026-03-23,取締役副社長,村上 肇,1969年３月14日生,（注）３,"175,725",株
2492,株式会社インフォマート,2026-03-23,取締役,長尾 收,1960年１月27日生,（注）３,"63,124",株
2492,株式会社インフォマート,2026-03-23,取締役,荒木 克往,1971年９月14日生,（注）３,"119,800",株
2492,株式会社インフォマート,2026-03-23,取締役,杉山 大介,1974年８月27日生,（注）３,"6,800",株
2492,株式会社インフォマート,2026-03-23,取締役,兼川 真紀,1964年５月14日生,（注）３,,株
2492,株式会社インフォマート,2026-03-23,取締役,李 成一,1975年11月17日生,（注）３,,株
2492,株式会社インフォマート,2026-03-23,取締役,冨田 尚子,1964年８月３日生,（注）３,,株
2492,株式会社インフォマート,2026-03-23,取締役,松下 修,1961年11月27日生,（注）３,,株
2492,株式会社インフォマート,2026-03-23,常勤監査役,宮澤 等,1968年９月11日生,（注）４,"48,000",株
2492,株式会社インフォマート,2026-03-23,監査役,瀧野 良夫,1956年５月11日生,（注）５,,株
2492,株式会社インフォマート,2026-03-23,監査役,矢部 芳一,1955年１月17日生,（注）４,,株
2493,イーサポートリンク株式会社,2026-02-26,代表取締役会長 兼 CEO,堀内 信介,1955年１月11日,(注)３,"25,000",株
2493,イーサポートリンク株式会社,2026-02-26,代表取締役 社長執行役員 兼 COO,相原 徹,1960年１月14日,(注)３,,株
2493,イーサポートリンク株式会社,2026-02-26,取締役 副社長執行役員 経営戦略本部長,深津 弘行,1966年６月７日,(注)３,"3,100",株
2493,イーサポートリンク株式会社,2026-02-26,取締役,細川 昌彦,1955年１月20日,(注)３,,株
2493,イーサポートリンク株式会社,2026-02-26,取締役,豊島 正明,1952年１月１日,(注)３,,株
2493,イーサポートリンク株式会社,2026-02-26,取締役,白石 真澄,1958年11月６日,(注)３,,株
2493,イーサポートリンク株式会社,2026-02-26,監査役 （常勤）,鈴庄 一喜,1953年３月29日,(注)４,,株
2493,イーサポートリンク株式会社,2026-02-26,監査役,大西 洋,1955年６月13日,(注)４,,株
2493,イーサポートリンク株式会社,2026-02-26,監査役,平形 雄策,1964年４月13日,(注)４,,株
2497,ユナイテッド株式会社,2026-06-17,代表取締役社長,早 川 与 規,1969年９月２日生,(注)４,"1,174,108",株
2497,ユナイテッド株式会社,2026-06-17,代表取締役,金 子 陽 三 (戸籍名:藤澤陽三),1976年７月31日生,(注)４,"216,800",株
2497,ユナイテッド株式会社,2026-06-17,取締役,山 下 優 司 (戸籍名:安喜優司),1980年３月31日生,(注)４,"35,500",株
2497,ユナイテッド株式会社,2026-06-17,取締役,樋 口 隆 広,1990年１月６日生,(注)４,"25,900",株
2497,ユナイテッド株式会社,2026-06-17,取締役,田 中 雄 三,1973年11月８日生,(注)４,,株
2497,ユナイテッド株式会社,2026-06-17,取締役,上 原 直 人,1971年８月11日生,(注)４,,株
2497,ユナイテッド株式会社,2026-06-17,取締役,石 本 忠 次,1973年10月９日生,(注)４,"2,000",株
2497,ユナイテッド株式会社,2026-06-17,常勤監査役,山 﨑 滋,1961年10月12日生,(注)５,,株
2497,ユナイテッド株式会社,2026-06-17,監査役,大 村 健,1974年４月27日生,(注)５,,株
2497,ユナイテッド株式会社,2026-06-17,監査役,小 駒 望 (戸籍名:今岡 望),1980年７月31日生,(注)５,,株
2497,ユナイテッド株式会社,2026-06-17,代表取締役社長,早 川 与 規,1969年９月２日生,(注)４,"1,174,108",株
2497,ユナイテッド株式会社,2026-06-17,代表取締役,金 子 陽 三 (戸籍名:藤澤陽三),1976年７月31日生,(注)４,"216,800",株
2497,ユナイテッド株式会社,2026-06-17,取締役,山 下 優 司 (戸籍名:安喜優司),1980年３月31日生,(注)４,"35,500",株
2497,ユナイテッド株式会社,2026-06-17,取締役,樋 口 隆 広,1990年１月６日生,(注)４,"25,900",株
2497,ユナイテッド株式会社,2026-06-17,取締役,田 中 雄 三,1973年11月８日生,(注)４,,株
2497,ユナイテッド株式会社,2026-06-17,取締役,上 原 直 人,1971年８月11日生,(注)４,,株
2497,ユナイテッド株式会社,2026-06-17,取締役,石 本 忠 次,1973年10月９日生,(注)４,"2,000",株
2497,ユナイテッド株式会社,2026-06-17,常勤監査役,山 﨑 滋,1961年10月12日生,(注)５,,株
2497,ユナイテッド株式会社,2026-06-17,監査役,大 村 健,1974年４月27日生,(注)５,,株
2497,ユナイテッド株式会社,2026-06-17,監査役,小 駒 望 (戸籍名:今岡 望),1980年７月31日生,(注)５,,株
2498,株式会社オリエンタルコンサルタンツホールディングス,2025-12-23,代表取締役 （社長）,野崎 秀則,1958年９月23日生,(注)４,122,千株
2498,株式会社オリエンタルコンサルタンツホールディングス,2025-12-23,取締役 国内事業推進本部長,青木 滋,1959年１月１日生,(注)４,75,千株
2498,株式会社オリエンタルコンサルタンツホールディングス,2025-12-23,取締役 海外事業推進本部長,米澤 栄二,1963年１月22日生,(注)４,65,千株
2498,株式会社オリエンタルコンサルタンツホールディングス,2025-12-23,取締役 統括本部長,橘 義規,1959年６月14日生,(注)４,41,千株
2498,株式会社オリエンタルコンサルタンツホールディングス,2025-12-23,取締役 内部監査本部長,龍野 彰男,1956年９月５日生,(注)４,52,千株
2498,株式会社オリエンタルコンサルタンツホールディングス,2025-12-23,取締役,高橋 明人,1975年３月30日生,(注)４,,千株
2498,株式会社オリエンタルコンサルタンツホールディングス,2025-12-23,取締役,田代 真巳,1952年５月11日生,(注)４,,千株
2498,株式会社オリエンタルコンサルタンツホールディングス,2025-12-23,常勤監査役,小道 正俊,1958年５月11日生,(注)５,4,千株
2498,株式会社オリエンタルコンサルタンツホールディングス,2025-12-23,監査役,圓山 卓,1974年７月16日生,(注)５,,千株
2498,株式会社オリエンタルコンサルタンツホールディングス,2025-12-23,監査役,町田 英之,1972年３月19日生,(注)５,,千株
2498,株式会社オリエンタルコンサルタンツホールディングス,2025-12-23,代表取締役 （社長）,野崎 秀則,1958年９月23日生,(注)４,122,千株
2498,株式会社オリエンタルコンサルタンツホールディングス,2025-12-23,取締役 海外事業推進本部長,米澤 栄二,1963年１月22日生,(注)４,65,千株
2498,株式会社オリエンタルコンサルタンツホールディングス,2025-12-23,取締役 統括本部長,橘 義規,1959年６月14日生,(注)４,41,千株
2498,株式会社オリエンタルコンサルタンツホールディングス,2025-12-23,取締役 内部監査本部長,龍野 彰男,1956年９月５日生,(注)４,52,千株
2498,株式会社オリエンタルコンサルタンツホールディングス,2025-12-23,取締役,高橋 明人,1975年３月30日生,(注)４,,千株
2498,株式会社オリエンタルコンサルタンツホールディングス,2025-12-23,取締役,小泉 明朗,1961年２月３日生,(注)４,,千株
2498,株式会社オリエンタルコンサルタンツホールディングス,2025-12-23,常勤監査役,宮越 一郎,1956年８月14日生,(注)５,20,千株
2498,株式会社オリエンタルコンサルタンツホールディングス,2025-12-23,監査役,圓山 卓,1974年７月16日生,(注)５,,千株
2498,株式会社オリエンタルコンサルタンツホールディングス,2025-12-23,監査役,町田 英之,1972年３月19日生,(注)５,,千株
2499,日本和装ホールディングス株式会社,2026-03-26,代表取締役社長,鶴野 尚史,1971年１月19日生,（注）３,,株
2499,日本和装ホールディングス株式会社,2026-03-26,取締役,井上 誠司,1978年６月20日生,（注）３,,株
2499,日本和装ホールディングス株式会社,2026-03-26,取締役,近藤 美知子,1948年５月18日生,（注）３,100,株
2499,日本和装ホールディングス株式会社,2026-03-26,取締役,渡辺 弘,1952年７月11日生,（注）３,,株
2499,日本和装ホールディングス株式会社,2026-03-26,取締役,松葉 重樹,1974年8月24日生,（注）３,,株
2499,日本和装ホールディングス株式会社,2026-03-26,取締役,菅原 洋二,1957年５月16日生,（注）３,,株
2499,日本和装ホールディングス株式会社,2026-03-26,常勤監査役,藤巻 隆志,1961年1月19日生,（注）５,,株
2499,日本和装ホールディングス株式会社,2026-03-26,監査役,二反田 友次,1960年５月22日生,（注）６,"2,500",株
2499,日本和装ホールディングス株式会社,2026-03-26,監査役,白石 哲也,1983年５月９日生,（注）４,,株
2499,日本和装ホールディングス株式会社,2026-03-26,代表取締役社長,吉田 重久,1962年11月8日生,（注）３,"4,885,300",株
2499,日本和装ホールディングス株式会社,2026-03-26,取締役,佐藤 正樹,1959年6月1日生,（注）３,,株
2499,日本和装ホールディングス株式会社,2026-03-26,取締役,岩本 福子,1955年9月9日生,（注）３,"2,000",株
2499,日本和装ホールディングス株式会社,2026-03-26,取締役,石井 恵美,1974年4月6日生,（注）３,300,株
2499,日本和装ホールディングス株式会社,2026-03-26,取締役,松浦 恵美子,1962年3月8日生,（注）３,"1,805",株
2499,日本和装ホールディングス株式会社,2026-03-26,取締役,前田 政文,1973年11月1日生,（注）３,,株
2499,日本和装ホールディングス株式会社,2026-03-26,取締役,坂口 珠美,1968年6月10日生,（注）３,,株
2499,日本和装ホールディングス株式会社,2026-03-26,取締役,清成 留美,1973年10月11日生,（注）３,,株
2499,日本和装ホールディングス株式会社,2026-03-26,監査役,大國 正直,1949年4月17日生,（注）４,,株
2499,日本和装ホールディングス株式会社,2026-03-26,監査役,牧野 憲晃,1974年6月15日生,（注）４,,株
2499,日本和装ホールディングス株式会社,2026-03-26,監査役,植木 康彦,1962年2月8日生,（注）４,,株
2501,サッポロホールディングス株式会社,2026-03-25,代表取締役 社長,時 松 浩,1962年２月23日生,(注３),46,千株
2501,サッポロホールディングス株式会社,2026-03-25,専務取締役,松 出 義 忠,1966年１月２日生,(注３),8,千株
2501,サッポロホールディングス株式会社,2026-03-25,専務取締役,松 風 里栄子 （藤 野 里栄子）,1967年７月13日生,(注３),6,千株
2501,サッポロホールディングス株式会社,2026-03-25,取締役,庄 司 哲 也,1954年２月28日生,(注３),8,千株
2501,サッポロホールディングス株式会社,2026-03-25,取締役,内 山 俊 弘,1958年11月28日生,(注３),4,千株
2501,サッポロホールディングス株式会社,2026-03-25,取締役,種 橋 牧 夫,1957年３月13日生,(注３),5,千株
2501,サッポロホールディングス株式会社,2026-03-25,取締役,岡 村 宏太郎,1955年11月11日生,(注３),1,千株
2501,サッポロホールディングス株式会社,2026-03-25,取締役,藤 井 良太郎,1975年１月30日生,(注３),7,千株
2501,サッポロホールディングス株式会社,2026-03-25,取締役 （監査等委員長・ 常勤監査等委員）,宮 石 徹,1963年10月14日生,(注４),49,千株
2501,サッポロホールディングス株式会社,2026-03-25,取締役 （監査等委員）,山 本 光太郎,1955年10月19日生,(注４),12,千株
2501,サッポロホールディングス株式会社,2026-03-25,取締役 （監査等委員）,田 内 直 子,1965年５月19日生,(注４),1,千株
2501,サッポロホールディングス株式会社,2026-03-25,代表取締役 社長,時 松 浩,1962年２月23日生,(注３),46,千株
2501,サッポロホールディングス株式会社,2026-03-25,取締役副社長,松 出 義 忠,1966年１月２日生,(注３),8,千株
2501,サッポロホールディングス株式会社,2026-03-25,取締役副社長,松 風 里栄子 （藤 野 里栄子）,1967年７月13日生,(注３),6,千株
2501,サッポロホールディングス株式会社,2026-03-25,取締役,種 橋 牧 夫,1957年３月13日生,(注３),5,千株
2501,サッポロホールディングス株式会社,2026-03-25,取締役,藤 井 良太郎,1975年１月30日生,(注３),7,千株
2501,サッポロホールディングス株式会社,2026-03-25,取締役,田 内 直 子,1965年５月19日生,(注３),1,千株
2501,サッポロホールディングス株式会社,2026-03-25,取締役,渡 辺 章 博,1959年２月18日生,(注３),,千株
2501,サッポロホールディングス株式会社,2026-03-25,取締役,水 留 浩 一,1968年１月26日生,(注３),33,千株
2501,サッポロホールディングス株式会社,2026-03-25,取締役 （監査等委員長・ 監査等委員）,北 山 久 恵,1957年８月30日生,(注４),,千株
2501,サッポロホールディングス株式会社,2026-03-25,取締役 （監査等委員）,野 田 聖 子,1964年２月17日生,(注４),,千株
2501,サッポロホールディングス株式会社,2026-03-25,取締役 （常勤監査等委員）,北 村 洋 一,1970年６月23日生,(注４),5,千株
2502,アサヒグループホールディングス株式会社,2026-07-27,取締役 取締役会議長,大八木 成男,1947年５月17日生,（注）２,,株
2502,アサヒグループホールディングス株式会社,2026-07-27,取締役 兼 代表執行役社長 Group CEO,勝木 敦志,1960年３月17日生,（注）２,"8,394",株
2502,アサヒグループホールディングス株式会社,2026-07-27,取締役 兼 執行役 Group CPO,谷村 圭造,1965年８月11日生,（注）２,"15,369",株
2502,アサヒグループホールディングス株式会社,2026-07-27,取締役 兼 執行役 Group CFO,﨑田 薫,1966年３月３日生,（注）２,"1,017",株
2502,アサヒグループホールディングス株式会社,2026-07-27,取締役,福田 行孝,1963年５月20日生,（注）２,"3,441",株
2502,アサヒグループホールディングス株式会社,2026-07-27,取締役,大島 明子,1968年10月17日生,（注）２,"2,196",株
2502,アサヒグループホールディングス株式会社,2026-07-27,取締役,佐々江 賢一郎,1951年９月25日生,（注）２,,株
2502,アサヒグループホールディングス株式会社,2026-07-27,取締役,大橋 徹二,1954年３月23日生,（注）２,,株
2502,アサヒグループホールディングス株式会社,2026-07-27,取締役,松永 真理,1954年11月13日生,（注）２,,株
2502,アサヒグループホールディングス株式会社,2026-07-27,取締役,田中 早苗,1962年７月15日生,（注）２,"3,300",株
2502,アサヒグループホールディングス株式会社,2026-07-27,取締役,佐藤 千佳,1962年１月23日生,（注）２,,株
2502,アサヒグループホールディングス株式会社,2026-07-27,取締役,メラニー ・ブロック,1964年４月10日生,（注）２,,株
2502,アサヒグループホールディングス株式会社,2026-07-27,取締役,宮川 明子,1955年10月18日生,（注）２,,株
2502,アサヒグループホールディングス株式会社,2026-07-27,計,－,－,－,"33,717",株
2502,アサヒグループホールディングス株式会社,2026-07-27,取締役 兼 代表執行役社長 Group CEO,勝木 敦志,1960年３月17日生,（注）１,"8,394",株
2502,アサヒグループホールディングス株式会社,2026-07-27,取締役 兼 執行役 Group CPO,谷村 圭造,1965年８月11日生,（注）１,"15,369",株
2502,アサヒグループホールディングス株式会社,2026-07-27,取締役 兼 執行役 Group CFO,﨑田 薫,1966年３月３日生,（注）１,"1,017",株
2502,アサヒグループホールディングス株式会社,2026-07-27,執行役 Corporate Secretary,西中 直子,1965年８月11日生,（注）１,"3,903",株
2502,アサヒグループホールディングス株式会社,2026-07-27,執行役 Group CGO,朴 泰民,1964年１月25日生,（注）１,183,株
2502,アサヒグループホールディングス株式会社,2026-07-27,執行役 Group CR&DO,佐見 学,1964年12月２日生,（注）１,"3,672",株
2502,アサヒグループホールディングス株式会社,2026-07-27,執行役 Group CCAO,ドラホミラ・マンディコヴァ,1972年４月30日生,（注）１,,株
2502,アサヒグループホールディングス株式会社,2026-07-27,執行役 Group CSCO,前田 直彦,1971年11月28日生,（注）１,,株
2502,アサヒグループホールディングス株式会社,2026-07-27,計,－,－,－,"32,538",株
250A,シマダヤ株式会社,2026-06-17,代表取締役 社長執行役員,岡田 賢二,1970年3月28日,（注）２,"27,634",株
250A,シマダヤ株式会社,2026-06-17,取締役 専務執行役員,相馬 紳一郎,1958年6月12日,（注）２,"1,955",株
250A,シマダヤ株式会社,2026-06-17,取締役 常務執行役員 成長マーケット 開発事業本部長,小原 伸之,1962年9月25日,（注）２,"4,979",株
250A,シマダヤ株式会社,2026-06-17,取締役 常務執行役員 業務用事業本部長,佐々木 敏夫,1961年4月12日,（注）２,"1,904",株
250A,シマダヤ株式会社,2026-06-17,取締役 常務執行役員 家庭用事業本部長,曽根田 直基,1972年1月11日,（注）２,"11,560",株
250A,シマダヤ株式会社,2026-06-17,取締役 執行役員経理部長,太田 智之,1971年7月9日,（注）２,500,株
250A,シマダヤ株式会社,2026-06-17,取締役 監査等委員,加藤 優,1962年3月21日,（注）３,500,株
250A,シマダヤ株式会社,2026-06-17,取締役 監査等委員,長瀬 吉昌,1957年11月3日,（注）３,"3,626",株
250A,シマダヤ株式会社,2026-06-17,取締役 監査等委員,深山 隆,1958年10月22日,（注）３,"1,560",株
250A,シマダヤ株式会社,2026-06-17,取締役 監査等委員,髙木 康行,1964年4月9日,（注）３,"1,029",株
250A,シマダヤ株式会社,2026-06-17,取締役 監査等委員,坂井 愛,1975年1月28日,（注）４,"1,560",株
2531,宝ホールディングス株式会社,2026-06-25,代表取締役社長,木村 睦,1963年２月３日生,※１,"109,300",株
2531,宝ホールディングス株式会社,2026-06-25,取締役,鈴木 正直,1964年８月27日生,※１,"14,000",株
2531,宝ホールディングス株式会社,2026-06-25,取締役,佐藤 敬,1971年９月23日生,※１,"10,600",株
2531,宝ホールディングス株式会社,2026-06-25,取締役,友常 理子 (戸籍上の氏名：井﨑 理子),1972年２月17日生,※１,,株
2531,宝ホールディングス株式会社,2026-06-25,取締役,川上 智子,1965年５月３日生,※１,,株
2531,宝ホールディングス株式会社,2026-06-25,取締役,本宮 孝夫,1956年12月10日生,※１,,株
2531,宝ホールディングス株式会社,2026-06-25,取締役,白幡 清一郎,1961年３月３日生,※１,,株
2531,宝ホールディングス株式会社,2026-06-25,常勤監査役,三井 照明,1961年11月11日生,※３,"20,100",株
2531,宝ホールディングス株式会社,2026-06-25,常勤監査役,森 圭助,1962年７月８日生,※４,"34,000",株
2531,宝ホールディングス株式会社,2026-06-25,監査役,吉本 明子,1963年２月４日生,※２,,株
2531,宝ホールディングス株式会社,2026-06-25,監査役,矢倉 昌子,1960年３月22日生,※４,,株
2531,宝ホールディングス株式会社,2026-06-25,監査役,宮口 亜希,1967年１月19日生,※４,,株
2533,オエノンホールディングス株式会社,2026-03-19,代表取締役社長 グループ経営全般、 中期経営戦略策定委員会委員長、CSR・コンプライアンス委員会委員長,西 永 裕 司,昭和40年２月７日生,(注)３,"209,600",株
2533,オエノンホールディングス株式会社,2026-03-19,取締役,岡 田 英 明,昭和48年１月11日生,(注)３,"3,800",株
2533,オエノンホールディングス株式会社,2026-03-19,取締役,田 中 直 子,昭和46年８月３日生,(注)３,"15,600",株
2533,オエノンホールディングス株式会社,2026-03-19,取締役 指名・報酬委員会委員長,尾 崎 行 正,昭和34年９月２日生,(注)３,"27,500",株
2533,オエノンホールディングス株式会社,2026-03-19,取締役,齋 藤 忠 夫,昭和27年８月12日生,(注)４,"27,500",株
2533,オエノンホールディングス株式会社,2026-03-19,取締役,大 鹿 麗 子,昭和33年７月12日生,(注)３,"2,500",株
2533,オエノンホールディングス株式会社,2026-03-19,常勤監査役,中 瀬 縁,昭和44年12月14日生,(注)５,"10,800",株
2533,オエノンホールディングス株式会社,2026-03-19,監査役,小 野 隆 良,昭和31年３月23日生,(注)５,"10,400",株
2533,オエノンホールディングス株式会社,2026-03-19,監査役,西 廣 陽 子,昭和46年11月20日生,(注)６,300,株
2533,オエノンホールディングス株式会社,2026-03-19,代表取締役社長 グループ経営全般、 中期経営戦略策定委員会委員長、CSR・コンプライアンス委員会委員長,西 永 裕 司,昭和40年２月７日生,(注)３,"209,600",株
2533,オエノンホールディングス株式会社,2026-03-19,取締役,岡 田 英 明,昭和48年１月11日生,(注)３,"3,800",株
2533,オエノンホールディングス株式会社,2026-03-19,取締役,田 中 直 子,昭和46年８月３日生,(注)３,"15,600",株
2533,オエノンホールディングス株式会社,2026-03-19,取締役 指名・報酬委員会委員長,尾 崎 行 正,昭和34年９月２日生,(注)３,"27,500",株
2533,オエノンホールディングス株式会社,2026-03-19,取締役,大 鹿 麗 子,昭和33年7月12日生,(注)３,"2,500",株
2533,オエノンホールディングス株式会社,2026-03-19,取締役,鈴 木 チ セ,昭和37年４月10日生,(注)３,─,株
2533,オエノンホールディングス株式会社,2026-03-19,常勤監査役,中 瀬 縁,昭和44年12月14日生,(注)４,"10,800",株
2533,オエノンホールディングス株式会社,2026-03-19,監査役,小 野 隆 良,昭和31年３月23日生,(注)４,"10,400",株
2533,オエノンホールディングス株式会社,2026-03-19,監査役,西 廣 陽 子,昭和46年11月20日生,(注)５,300,株
253A,株式会社ＥＴＳグループ,2025-12-26,代表取締役 社長,上江洲 剛,1980年６月20日,（注）３,,株
253A,株式会社ＥＴＳグループ,2025-12-26,常務取締役,榊原 範昭,1955年８月17日,（注）３,"5,100",株
253A,株式会社ＥＴＳグループ,2025-12-26,取締役,日下 直,1977年10月８日,（注）３,600,株
253A,株式会社ＥＴＳグループ,2025-12-26,取締役,加藤 慎章,1974年６月14日,（注）３,"5,100",株
253A,株式会社ＥＴＳグループ,2025-12-26,取締役,黒川 弘務,1957年２月８日,（注）３,,株
253A,株式会社ＥＴＳグループ,2025-12-26,取締役,若狭 正幸,1955年８月17日,（注）３,,株
253A,株式会社ＥＴＳグループ,2025-12-26,取締役,後藤 健志,1965年６月30日,（注）３,,株
253A,株式会社ＥＴＳグループ,2025-12-26,常勤監査役,吉野 寛記,1982年１月29日,（注）４,,株
253A,株式会社ＥＴＳグループ,2025-12-26,監査役,小嶋 義政,1952年５月５日,（注）４,,株
253A,株式会社ＥＴＳグループ,2025-12-26,監査役,花崎 尚文,1970年２月20日,（注）４,,株
2540,養命酒製造株式会社,2026-06-25,代表取締役 社長,田 中 英 雄,1952年２月22日生,注３,,千株
2540,養命酒製造株式会社,2026-06-25,取締役常務執行役員 生産、薬事・品質保証、駒ヶ根施設担当,神 林 敬,1961年８月10日生,注３,,千株
2540,養命酒製造株式会社,2026-06-25,取締役常務執行役員 事業担当,斉 藤 隆,1954年９月21日生,注３,,千株
2540,養命酒製造株式会社,2026-06-25,取締役上席執行役員 事業戦略部長,宮 下 克 彦,1956年４月22日生,注３,,千株
2540,養命酒製造株式会社,2026-06-25,取締役上席執行役員 人事総務部長、情報システム担当,清 水 政 明,1960年11月２日生,注３,,千株
2540,養命酒製造株式会社,2026-06-25,取締役上席執行役員 経営企画部長,井 川 明,1959年10月16日生,注３,,千株
2540,養命酒製造株式会社,2026-06-25,取締役 常勤監査等委員,田 中 昌 之,1965年１月22日生,注４,,千株
2540,養命酒製造株式会社,2026-06-25,取締役 監査等委員,須 永 明 美,1961年８月14日生,注４,,千株
2540,養命酒製造株式会社,2026-06-25,取締役 監査等委員,佐 藤 敦 子,1966年６月７日生,注４,,千株
254A,ＡＩフュージョンキャピタルグループ株式会社,2026-06-29,代表取締役社長,澤田 大輔,1976年４月６日生,(注)２,"1,300",株
254A,ＡＩフュージョンキャピタルグループ株式会社,2026-06-29,取締役副社長,松本 高一,1980年３月26日生,(注)２,"2,100",株
254A,ＡＩフュージョンキャピタルグループ株式会社,2026-06-29,常務取締役,八角 大輔,1980年６月23日生,(注)２,,株
254A,ＡＩフュージョンキャピタルグループ株式会社,2026-06-29,取締役 (監査等委員),久保 隆,1954年11月７日生,(注)３,,株
254A,ＡＩフュージョンキャピタルグループ株式会社,2026-06-29,取締役 （監査等委員）,砂田 有史,1977年４月８日,(注)３,100,株
254A,ＡＩフュージョンキャピタルグループ株式会社,2026-06-29,取締役 (監査等委員）,加來 武宜,1981年３月10日生,(注)３,,株
254A,ＡＩフュージョンキャピタルグループ株式会社,2026-06-29,代表取締役社長,澤田 大輔,1976年４月６日生,(注)２,"1,300",株
254A,ＡＩフュージョンキャピタルグループ株式会社,2026-06-29,取締役副社長,松本 高一,1980年３月26日生,(注)２,"2,100",株
254A,ＡＩフュージョンキャピタルグループ株式会社,2026-06-29,取締役 (監査等委員),久保 隆,1954年11月７日生,(注)３,,株
254A,ＡＩフュージョンキャピタルグループ株式会社,2026-06-29,取締役 （監査等委員）,成生 憲治,1961年６月14日,(注)３,,株
254A,ＡＩフュージョンキャピタルグループ株式会社,2026-06-29,取締役 (監査等委員）,今井 智一,1977年12月８日生,(注)３,,株
254A,ＡＩフュージョンキャピタルグループ株式会社,2026-06-29,補欠監査等委員,西村 一彦,1965年９月22日,(注)４,,株
2551,マルサンアイ株式会社,2025-12-10,取締役社長 （代表取締役）,堺 信 好,1958年9月16日生,（注）３,6,千株
2551,マルサンアイ株式会社,2025-12-10,常務取締役,加 藤 一 郎,1964年６月20日生,（注）３,4,千株
2551,マルサンアイ株式会社,2025-12-10,常務取締役,稲 垣 宏 之,1964年11月６日生,（注）３,3,千株
2551,マルサンアイ株式会社,2025-12-10,取締役 開発担当,岡 田 信 之,1964年１月２日生,（注）３,2,千株
2551,マルサンアイ株式会社,2025-12-10,取締役 管理担当,磯 村 智,1964年４月16日生,（注）３,2,千株
2551,マルサンアイ株式会社,2025-12-10,取締役 生産統括部長,戸 塚 公 雄,1964年11月25日生,（注）３,3,千株
2551,マルサンアイ株式会社,2025-12-10,取締役 情報システム物流管理部長（兼）企業戦略室長,山 口 欣 也,1965年５月11日生,（注）３,2,千株
2551,マルサンアイ株式会社,2025-12-10,取締役,林 寛 尚,1972年11月13日生,（注）３,,千株
2551,マルサンアイ株式会社,2025-12-10,常勤監査役,酒 井 俊 武,1966年２月４日生,（注）４,4,千株
2551,マルサンアイ株式会社,2025-12-10,監 査 役,畝 部 泰 則,1956年８月４日生,（注）４,,千株
2551,マルサンアイ株式会社,2025-12-10,監 査 役,新 井 一 弘,1965年12月15日生,（注）４,,千株
2551,マルサンアイ株式会社,2025-12-10,取締役会長CEO （代表取締役）,堺 信 好,1958年9月16日生,（注）３,6,千株
2551,マルサンアイ株式会社,2025-12-10,取締役社長COO （代表取締役）,稲 垣 宏 之,1964年11月６日生,（注）３,3,千株
2551,マルサンアイ株式会社,2025-12-10,常務取締役,岡 田 信 之,1964年１月２日生,（注）３,2,千株
2551,マルサンアイ株式会社,2025-12-10,常務取締役,加 藤 一 郎,1964年６月20日生,（注）３,4,千株
2551,マルサンアイ株式会社,2025-12-10,取締役 管理部長,都 築 公 子,1966年12月17日生,（注）３,0,千株
2551,マルサンアイ株式会社,2025-12-10,取締役,林 寛 尚,1972年11月13日生,（注）３,,千株
2551,マルサンアイ株式会社,2025-12-10,常勤監査役,酒 井 俊 武,1966年２月４日生,（注）４,4,千株
2551,マルサンアイ株式会社,2025-12-10,監 査 役,畝 部 泰 則,1956年８月４日生,（注）４,,千株
2551,マルサンアイ株式会社,2025-12-10,監 査 役,新 井 一 弘,1965年12月15日生,（注）４,,千株
255A,ジーエルテクノホールディングス株式会社,2026-06-22,代表取締役 社長,長 見 善 博,1959年８月12日生,(注)２,45,千株
255A,ジーエルテクノホールディングス株式会社,2026-06-22,代表取締役 副社長,園 田 育 伸,1959年７月21日生,(注)２,23,千株
255A,ジーエルテクノホールディングス株式会社,2026-06-22,取締役,梅 原 幸 治,1970年４月17日生,(注)２,1,千株
255A,ジーエルテクノホールディングス株式会社,2026-06-22,取締役 （常勤監査等委員）,齋 藤 隆 広,1963年12月25日生,(注)３,,千株
255A,ジーエルテクノホールディングス株式会社,2026-06-22,取締役 （監査等委員）,永 沢 裕美子,1959年11月6日生,(注)３,,千株
255A,ジーエルテクノホールディングス株式会社,2026-06-22,取締役 （監査等委員）,森 田 岳 人,1976年３月23日生,(注)３,,千株
256A,飛島ホールディングス株式会社,2026-06-24,代表取締役社長 上席執行役員社長,髙 橋 光 彦,1961年６月１日生,(注)２,14,千株
256A,飛島ホールディングス株式会社,2026-06-24,取締役 上席執行役員副社長,奥 山 誠 一,1965年２月12日生,(注)２,11,千株
256A,飛島ホールディングス株式会社,2026-06-24,取締役,政 井 貴 子,1965年３月８日生,(注)２,0,千株
256A,飛島ホールディングス株式会社,2026-06-24,取締役,大 塚 久美子,1968年２月26日生,(注)２,0,千株
256A,飛島ホールディングス株式会社,2026-06-24,取締役 （常勤監査等委員）,荒 尾 拓 司,1959年８月８日生,(注)３,19,千株
256A,飛島ホールディングス株式会社,2026-06-24,取締役 （監査等委員）,相 原 敬,1955年７月24日生,(注)３,3,千株
256A,飛島ホールディングス株式会社,2026-06-24,取締役 （監査等委員）,名 取 俊 也,1963年12月17日生,(注)３,2,千株
256A,飛島ホールディングス株式会社,2026-06-24,取締役 （監査等委員）,中 西 晶,1960年10月28日生,(注)３,2,千株
256A,飛島ホールディングス株式会社,2026-06-24,代表取締役社長 上席執行役員社長,髙 橋 光 彦,1961年６月１日生,(注)２,14,千株
256A,飛島ホールディングス株式会社,2026-06-24,取締役 上席執行役員副社長,奥 山 誠 一,1965年２月12日生,(注)２,11,千株
256A,飛島ホールディングス株式会社,2026-06-24,取締役,政 井 貴 子,1965年３月８日生,(注)２,0,千株
256A,飛島ホールディングス株式会社,2026-06-24,取締役,大 塚 久美子,1968年２月26日生,(注)２,0,千株
256A,飛島ホールディングス株式会社,2026-06-24,取締役,林 文 子,1946年５月５日生,(注)２,,千株
256A,飛島ホールディングス株式会社,2026-06-24,取締役 （常勤監査等委員）,荒 尾 拓 司,1959年８月８日生,(注)３,19,千株
256A,飛島ホールディングス株式会社,2026-06-24,取締役 （監査等委員）,名 取 俊 也,1963年12月17日生,(注)３,2,千株
256A,飛島ホールディングス株式会社,2026-06-24,取締役 （監査等委員）,中 西 晶,1960年10月28日生,(注)３,2,千株
256A,飛島ホールディングス株式会社,2026-06-24,取締役 （監査等委員）,春 山 直 輝,1964年４月16日生,(注)３,,千株
2573,北海道コカ・コーラボトリング株式会社,2026-03-26,代表取締役社長,酒寄 正太,1963年３月19日,(注)４,"1,600",株
2573,北海道コカ・コーラボトリング株式会社,2026-03-26,専務取締役 カスタマーマーケティング本部長、 営業企画本部、事業推進本部担当,山田 雄亮,1965年７月27日,(注)４,"4,700",株
2573,北海道コカ・コーラボトリング株式会社,2026-03-26,取締役 広報・サステナビリティ推進部、技術部、生産管理部担当,小松 剛一,1968年４月３日,(注)４,"3,500",株
2573,北海道コカ・コーラボトリング株式会社,2026-03-26,取締役 グループ経営企画部長、グループ経営管理部担当,田中 直幸,1972年４月28日,(注)４,800,株
2573,北海道コカ・コーラボトリング株式会社,2026-03-26,取締役 営業企画本部長、営業企画部長,菅原 一機,1973年１月10日,(注)４,200,株
2573,北海道コカ・コーラボトリング株式会社,2026-03-26,取締役,菅沼 耕二,1970年３月29日,(注)４,,株
2573,北海道コカ・コーラボトリング株式会社,2026-03-26,取締役,冨岡 俊介,1976年９月30日,(注)４,,株
2573,北海道コカ・コーラボトリング株式会社,2026-03-26,取締役,上田 恵一,1956年６月30日,(注)４,,株
2573,北海道コカ・コーラボトリング株式会社,2026-03-26,取締役,日浅 尚子,1955年７月28日,(注)４,,株
2573,北海道コカ・コーラボトリング株式会社,2026-03-26,常勤監査役,安立 啓二,1965年１月30日,(注)６,,株
2573,北海道コカ・コーラボトリング株式会社,2026-03-26,常勤監査役,新井 清司,1963年10月８日,(注)５,,株
2573,北海道コカ・コーラボトリング株式会社,2026-03-26,監査役,伊藤 直哉,1958年９月21日,(注)５,,株
2573,北海道コカ・コーラボトリング株式会社,2026-03-26,監査役,後藤 雄則,1976年３月５日,(注)６,,株
2573,北海道コカ・コーラボトリング株式会社,2026-03-26,代表取締役社長,酒寄 正太,1963年３月19日,(注)４,"1,600",株
2573,北海道コカ・コーラボトリング株式会社,2026-03-26,専務取締役 カスタマーマーケティング本部長、 営業企画本部、事業推進本部担当,山田 雄亮,1965年７月27日,(注)４,"4,700",株
2573,北海道コカ・コーラボトリング株式会社,2026-03-26,取締役 広報・サステナビリティ推進部、技術部、生産管理部担当,小松 剛一,1968年４月３日,(注)４,"3,500",株
2573,北海道コカ・コーラボトリング株式会社,2026-03-26,取締役 グループ経営企画部長、グループ経営管理部担当,田中 直幸,1972年４月28日,(注)４,800,株
2573,北海道コカ・コーラボトリング株式会社,2026-03-26,取締役 営業企画本部長、営業企画部長,菅原 一機,1973年１月10日,(注)４,200,株
2573,北海道コカ・コーラボトリング株式会社,2026-03-26,取締役,広畑 賢二,1984年２月13日,(注)４,,株
2573,北海道コカ・コーラボトリング株式会社,2026-03-26,取締役,冨岡 俊介,1976年９月30日,(注)４,,株
2573,北海道コカ・コーラボトリング株式会社,2026-03-26,取締役,上田 恵一,1956年６月30日,(注)４,,株
2573,北海道コカ・コーラボトリング株式会社,2026-03-26,取締役,日浅 尚子,1955年７月28日,(注)４,,株
2573,北海道コカ・コーラボトリング株式会社,2026-03-26,常勤監査役,新井 清司,1963年10月８日,(注)５,,株
2573,北海道コカ・コーラボトリング株式会社,2026-03-26,常勤監査役,佐々木 康陽,1965年６月22日,(注)６,800,株
2573,北海道コカ・コーラボトリング株式会社,2026-03-26,監査役,伊藤 直哉,1958年９月21日,(注)５,,株
2573,北海道コカ・コーラボトリング株式会社,2026-03-26,監査役,後藤 雄則,1976年３月５日,(注)６,,株
2579,コカ・コーラボトラーズジャパンホールディングス株式会社,2026-03-19,代表取締役 社長,カリン・ ドラガン,1966年10月24日生,2025年３月の定時株主総会から１年,1,千株
2579,コカ・コーラボトラーズジャパンホールディングス株式会社,2026-03-19,代表取締役副社長 兼 最高財務責任者,ビヨン・イヴァル・ウルゲネス,1968年４月５日生,2025年３月の定時株主総会から１年,5,千株
2579,コカ・コーラボトラーズジャパンホールディングス株式会社,2026-03-19,取締役,和田 浩子,1952年５月４日生,2025年３月の定時株主総会から１年,,千株
2579,コカ・コーラボトラーズジャパンホールディングス株式会社,2026-03-19,取締役,谷村 広和,1977年９月28日生,2025年３月の定時株主総会から１年,,千株
2579,コカ・コーラボトラーズジャパンホールディングス株式会社,2026-03-19,取締役,行徳 セルソ,1959年１月３日,2025年３月の定時株主総会から１年,,千株
2579,コカ・コーラボトラーズジャパンホールディングス株式会社,2026-03-19,取締役 （監査等委員）,ステイシー・アプター,1966年７月14日生,2025年３月の定時株主総会から２年,,千株
2579,コカ・コーラボトラーズジャパンホールディングス株式会社,2026-03-19,取締役 （監査等委員）,濱田 奈巳,1964年８月３日生,2025年３月の定時株主総会から２年,,千株
2579,コカ・コーラボトラーズジャパンホールディングス株式会社,2026-03-19,取締役 （監査等委員）,サンケット・レイ,1973年４月25日生,2025年３月の定時株主総会から２年,,千株
2579,コカ・コーラボトラーズジャパンホールディングス株式会社,2026-03-19,取締役 （監査等委員）,佐伯 里歌,1968年１月11日生,2025年３月の定時株主総会から２年,,千株
2579,コカ・コーラボトラーズジャパンホールディングス株式会社,2026-03-19,代表取締役 社長,カリン・ ドラガン,1966年10月24日生,2026年３月の定時株主総会から１年,1,千株
2579,コカ・コーラボトラーズジャパンホールディングス株式会社,2026-03-19,代表取締役 副社長 兼 最高財務責任者,ビヨン・イヴァル・ウルゲネス,1968年４月５日生,2026年３月の定時株主総会から１年,5,千株
2579,コカ・コーラボトラーズジャパンホールディングス株式会社,2026-03-19,代表取締役 副社長,荷堂 真紀,1969年２月16日生,2026年３月の定時株主総会から１年,,千株
2579,コカ・コーラボトラーズジャパンホールディングス株式会社,2026-03-19,取締役,和田 浩子,1952年５月４日生,2026年３月の定時株主総会から１年,,千株
2579,コカ・コーラボトラーズジャパンホールディングス株式会社,2026-03-19,取締役,谷村 広和,1977年９月28日生,2026年３月の定時株主総会から１年,,千株
2579,コカ・コーラボトラーズジャパンホールディングス株式会社,2026-03-19,取締役,行徳 セルソ,1959年１月３日生,2026年３月の定時株主総会から１年,,千株
2579,コカ・コーラボトラーズジャパンホールディングス株式会社,2026-03-19,取締役,磯貝 友紀,1975年８月13日生,2026年３月の定時株主総会から１年,,千株
2579,コカ・コーラボトラーズジャパンホールディングス株式会社,2026-03-19,取締役 （監査等委員）,ステイシー・アプター,1966年７月14日生,2025年３月の定時株主総会から２年,,千株
2579,コカ・コーラボトラーズジャパンホールディングス株式会社,2026-03-19,取締役 （監査等委員）,濱田 奈巳,1964年８月３日生,2025年３月の定時株主総会から２年,,千株
2579,コカ・コーラボトラーズジャパンホールディングス株式会社,2026-03-19,取締役 （監査等委員）,サンケット・レイ,1973年４月25日生,2025年３月の定時株主総会から２年,,千株
2579,コカ・コーラボトラーズジャパンホールディングス株式会社,2026-03-19,取締役 （監査等委員）,佐伯 里歌,1968年１月11日生,2025年３月の定時株主総会から２年,,千株
2585,株式会社ライフドリンク　カンパニー,2026-06-24,代表取締役社長,岡野 邦昭,1975年３月31日生,(注)２,682,千株
2585,株式会社ライフドリンク　カンパニー,2026-06-24,取締役,皆川 亮一郎,1974年８月24日生,(注)２,,千株
2585,株式会社ライフドリンク　カンパニー,2026-06-24,社外取締役 （監査等委員）,近江 博英,1970年４月６日生,(注)３,9,千株
2585,株式会社ライフドリンク　カンパニー,2026-06-24,社外取締役 （監査等委員）,山本 淳,1970年５月18日生,(注)４,4,千株
2585,株式会社ライフドリンク　カンパニー,2026-06-24,社外取締役 （監査等委員）,羽田 由可,1968年11月11日生,(注)４,4,千株
2585,株式会社ライフドリンク　カンパニー,2026-06-24,代表取締役社長,岡野 邦昭,1975年３月31日生,(注)２,682,千株
2585,株式会社ライフドリンク　カンパニー,2026-06-24,取締役,小松 靖丈,1974年１月18日生,(注)２,100,千株
2585,株式会社ライフドリンク　カンパニー,2026-06-24,取締役,神野 博之,1975年５月３日生,(注)２,116,千株
2585,株式会社ライフドリンク　カンパニー,2026-06-24,社外取締役,山本 淳,1970年５月18日生,(注)２,4,千株
2585,株式会社ライフドリンク　カンパニー,2026-06-24,社外取締役,鈴木 順子,1971年５月４日生,(注)２,,千株
2585,株式会社ライフドリンク　カンパニー,2026-06-24,社外取締役 （監査等委員）,近江 博英,1970年４月６日生,(注)３,9,千株
2585,株式会社ライフドリンク　カンパニー,2026-06-24,社外取締役 （監査等委員）,羽田 由可,1968年11月11日生,(注)４,4,千株
2585,株式会社ライフドリンク　カンパニー,2026-06-24,社外取締役 （監査等委員）,井上 智英子,1982年２月14日生,(注)４,,千株
2586,株式会社フルッタフルッタ,2026-06-25,代表取締役 社長執行役員ＣＥＯ,長澤 誠,1961年７月６日生,（注）４,"普通株式 11,364,680 （注）１",株
2586,株式会社フルッタフルッタ,2026-06-25,取締役,森 栄市,1963年２月10日生,（注）４,,株
2586,株式会社フルッタフルッタ,2026-06-25,取締役,ジェイソン サウスト,1974年３月５日生,（注）４,,株
2586,株式会社フルッタフルッタ,2026-06-25,取締役,鈴木 朗広,1976年11月18日生,（注）４,,株
2586,株式会社フルッタフルッタ,2026-06-25,常勤監査役,加藤 直二,1957年３月28日生,（注）５,,株
2586,株式会社フルッタフルッタ,2026-06-25,監査役,村上 雅哉,1977年８月13日生,（注）５,,株
2586,株式会社フルッタフルッタ,2026-06-25,監査役,石田 龍,1988年１月26日生,(注)５,,株
2587,サントリー食品インターナショナル株式会社,2026-03-23,代表取締役社長 取締役会議長 経営全般,小野 真紀子,1960年３月16日生,（注）１,"3,300",株
2587,サントリー食品インターナショナル株式会社,2026-03-23,取締役専務執行役員 SBFジャパン社長,内貴 八郎,1960年４月18日生,（注）１,600,株
2587,サントリー食品インターナショナル株式会社,2026-03-23,取締役,Peter Harding,1964年４月24日生,（注）１,,株
2587,サントリー食品インターナショナル株式会社,2026-03-23,取締役,宮永 暢,1966年６月８日生,（注）１,"1,000",株
2587,サントリー食品インターナショナル株式会社,2026-03-23,取締役,中村 真紀,1964年７月21日生,（注）１,,株
2587,サントリー食品インターナショナル株式会社,2026-03-23,取締役 （常勤監査等委員）,神田 秀樹,1963年５月13日生,（注）２,"1,000",株
2587,サントリー食品インターナショナル株式会社,2026-03-23,取締役 （監査等委員）,増山 美佳,1963年１月６日生,（注）３,,株
2587,サントリー食品インターナショナル株式会社,2026-03-23,取締役 （監査等委員）,三村 まり子,1957年３月22日生,（注）３,,株
2587,サントリー食品インターナショナル株式会社,2026-03-23,代表取締役社長 取締役会議長 経営全般,木村 穣介,1961年１月23日生,（注）１,"1,000",株
2587,サントリー食品インターナショナル株式会社,2026-03-23,取締役専務執行役員 経営企画本部長 事業推進本部長 コマーシャルエクセレンス推進部長,沖中 直人,1967年８月13日生,（注）１,,株
2587,サントリー食品インターナショナル株式会社,2026-03-23,取締役,仙波 匠,1961年８月10日生,（注）１,,株
2587,サントリー食品インターナショナル株式会社,2026-03-23,取締役,中村 真紀,1964年７月21日生,（注）１,,株
2587,サントリー食品インターナショナル株式会社,2026-03-23,取締役 （常勤監査等委員）,神田 秀樹,1963年５月13日生,（注）２,"1,000",株
2587,サントリー食品インターナショナル株式会社,2026-03-23,取締役 （監査等委員）,増山 美佳,1963年１月６日生,（注）３,,株
2587,サントリー食品インターナショナル株式会社,2026-03-23,取締役 （監査等委員）,三村 まり子,1957年３月22日生,（注）３,,株
2588,株式会社プレミアムウォーターホールディングス,2026-06-23,代表取締役 会長,萩尾 陽平,1978年５月17日生,(注)２,"1,194,000",株
2588,株式会社プレミアムウォーターホールディングス,2026-06-23,代表取締役 社長,金本 彰彦,1973年２月12日生,(注)２,"496,450",株
2588,株式会社プレミアムウォーターホールディングス,2026-06-23,専務取締役,今泉 貴広,1972年９月27日生,(注)２,"353,560",株
2588,株式会社プレミアムウォーターホールディングス,2026-06-23,取締役CFO,長野 成晃,1978年２月15日生,(注)２,"87,900",株
2588,株式会社プレミアムウォーターホールディングス,2026-06-23,取締役,武井 道雄,1963年４月13日生,(注)２,"47,200",株
2588,株式会社プレミアムウォーターホールディングス,2026-06-23,取締役,清水 利昭,1971年12月３日生,(注)２,"31,500",株
2588,株式会社プレミアムウォーターホールディングス,2026-06-23,取締役,谷口 政一郎,1976年７月24日生,(注)２,"74,900",株
2588,株式会社プレミアムウォーターホールディングス,2026-06-23,取締役,和田 英明,1973年12月13日生,(注)２,,株
2588,株式会社プレミアムウォーターホールディングス,2026-06-23,取締役,村口 和孝,1958年11月20日生,(注)２,"17,700",株
2588,株式会社プレミアムウォーターホールディングス,2026-06-23,取締役（注）１,川原 夏子,1973年４月24日生,(注)２,,株
2588,株式会社プレミアムウォーターホールディングス,2026-06-23,取締役 常勤監査等委員,加藤 次夫,1950年２月17日生,(注)３,700,株
2588,株式会社プレミアムウォーターホールディングス,2026-06-23,取締役 監査等委員,柴田 亮,1988年４月26日生,(注)３,"1,300",株
2588,株式会社プレミアムウォーターホールディングス,2026-06-23,取締役 監査等委員（注）１,髙橋 邦美,1948年６月１日生,(注)３,"6,000",株
2588,株式会社プレミアムウォーターホールディングス,2026-06-23,取締役 監査等委員（注）１,内田 正之,1957年３月21日生,(注)３,,株
2588,株式会社プレミアムウォーターホールディングス,2026-06-23,取締役 監査等委員（注）１,有田 道生,1962年６月14日生,(注)３,,株
2590,ダイドーグループホールディングス株式会社,2026-04-14,代表取締役 社長,髙松 富也,1976年6月26日生,＊1,"994,000",株
2590,ダイドーグループホールディングス株式会社,2026-04-14,取締役 執行役員 財務部長,殿勝 直樹,1963年11月4日生,＊1,"8,600",株
2590,ダイドーグループホールディングス株式会社,2026-04-14,取締役 経営戦略・ 内部統制担当役員,西山 直行,1965年7月30日生,＊1,"2,800",株
2590,ダイドーグループホールディングス株式会社,2026-04-14,取締役,井上 正隆,1954年10月12日生,＊1,200,株
2590,ダイドーグループホールディングス株式会社,2026-04-14,取締役,栗原 道明,1953年10月1日生,＊1,200,株
2590,ダイドーグループホールディングス株式会社,2026-04-14,取締役,河野 純子 （現姓：山内）,1963年9月30日生,＊1,,株
2590,ダイドーグループホールディングス株式会社,2026-04-14,取締役,伊藤 三奈,1967年3月2日生,＊1,,株
2590,ダイドーグループホールディングス株式会社,2026-04-14,常勤監査役,長谷川 直和,1963年12月22日生,＊2,"5,400",株
2590,ダイドーグループホールディングス株式会社,2026-04-14,監査役,森内 茂之,1957年2月26日生,＊2,,株
2590,ダイドーグループホールディングス株式会社,2026-04-14,監査役,渡辺 喜代司,1967年11月14日生,＊2,,株
2590,ダイドーグループホールディングス株式会社,2026-04-14,監査役,石原 真弓,1963年5月3日生,＊3,200,株
2590,ダイドーグループホールディングス株式会社,2026-04-14,代表取締役 社長,髙松 富也,1976年6月26日生,＊1,"994,000",株
2590,ダイドーグループホールディングス株式会社,2026-04-14,取締役 執行役員 財務部長,殿勝 直樹,1963年11月4日生,＊1,"8,600",株
2590,ダイドーグループホールディングス株式会社,2026-04-14,取締役 経営戦略・ 内部統制担当役員,西山 直行,1965年7月30日生,＊1,"2,800",株
2590,ダイドーグループホールディングス株式会社,2026-04-14,取締役,井上 正隆,1954年10月12日生,＊1,200,株
2590,ダイドーグループホールディングス株式会社,2026-04-14,取締役,栗原 道明,1953年10月1日生,＊1,200,株
2590,ダイドーグループホールディングス株式会社,2026-04-14,取締役,河野 純子 （現姓：山内）,1963年9月30日生,＊1,,株
2590,ダイドーグループホールディングス株式会社,2026-04-14,取締役,伊藤 三奈,1967年3月2日生,＊1,,株
2590,ダイドーグループホールディングス株式会社,2026-04-14,常勤監査役,長谷川 直和,1963年12月22日生,＊2,"5,400",株
2590,ダイドーグループホールディングス株式会社,2026-04-14,監査役,森内 茂之,1957年2月26日生,＊2,,株
2590,ダイドーグループホールディングス株式会社,2026-04-14,監査役,渡辺 喜代司,1967年11月14日生,＊2,,株
2590,ダイドーグループホールディングス株式会社,2026-04-14,監査役,石原 真弓,1963年5月3日生,＊3,200,株
2593,株式会社伊藤園,2026-07-21,取締役名誉会長,本 庄 八 郎,1940年８月31日生,(注)３,"普通株式 2,446,230",株
2593,株式会社伊藤園,2026-07-21,取締役名誉会長,本 庄 八 郎,1940年８月31日生,(注)３,"第１種 優先株式 660,700",株
2593,株式会社伊藤園,2026-07-21,代表取締役社長 執行役員,本 庄 大 介,1963年10月７日生,(注)３,"普通株式 1,185,560",株
2593,株式会社伊藤園,2026-07-21,代表取締役社長 執行役員,本 庄 大 介,1963年10月７日生,(注)３,"第１種 優先株式 216,870",株
2593,株式会社伊藤園,2026-07-21,代表取締役副社長 執行役員 ＣＤＯ マーケティング本部担当 グループシステムＤＸ本部担当 営業統括本部長,本 庄 周 介,1967年９月27日生,(注)３,"普通株式 449,890",株
2593,株式会社伊藤園,2026-07-21,代表取締役副社長 執行役員 ＣＤＯ マーケティング本部担当 グループシステムＤＸ本部担当 営業統括本部長,本 庄 周 介,1967年９月27日生,(注)３,"第１種 優先株式 41,480",株
2593,株式会社伊藤園,2026-07-21,取締役 専務執行役員 ＣＳＯ Ｒ＆Ｄ本部担当 製造本部長 ＳＣＭ本部長,中 野 悦 久,1966年６月27日生,(注)３,"普通株式 17,400",株
2593,株式会社伊藤園,2026-07-21,取締役 専務執行役員 ＣＳＯ Ｒ＆Ｄ本部担当 製造本部長 ＳＣＭ本部長,中 野 悦 久,1966年６月27日生,(注)３,"第１種 優先株式 2,000",株
2593,株式会社伊藤園,2026-07-21,取締役 専務執行役員 ＣＬＯ 総合企画部、グループ経営推進部、サプライチェーン戦略部、グループ購買部担当兼・特命担当,神 谷 茂,1959年９月15日生,(注)３,"普通株式 13,900",株
2593,株式会社伊藤園,2026-07-21,取締役 専務執行役員 ＣＬＯ 総合企画部、グループ経営推進部、サプライチェーン戦略部、グループ購買部担当兼・特命担当,神 谷 茂,1959年９月15日生,(注)３,第１種 優先株式 640,株
2593,株式会社伊藤園,2026-07-21,取締役 執行役員 米国事業担当,Yosuke Jay Oceanbright Honjo,1966年11月29日生,(注)３,"普通株式 480,350",株
2593,株式会社伊藤園,2026-07-21,取締役 執行役員 米国事業担当,Yosuke Jay Oceanbright Honjo,1966年11月29日生,(注)３,第１種 優先株式 0,株
2593,株式会社伊藤園,2026-07-21,取締役 専務執行役員 ＣＨＲＯ ＣＦＯ 内部統制担当 管理本部長,平 田 篤,1963年７月25日生,(注)３,"普通株式 4,765",株
2593,株式会社伊藤園,2026-07-21,取締役 専務執行役員 ＣＨＲＯ ＣＦＯ 内部統制担当 管理本部長,平 田 篤,1963年７月25日生,(注)３,第１種 優先株式 120,株
2593,株式会社伊藤園,2026-07-21,取締役,髙 野 秀 夫,1951年７月25日生,(注)３,"普通株式 1,000",株
2593,株式会社伊藤園,2026-07-21,取締役,髙 野 秀 夫,1951年７月25日生,(注)３,第１種 優先株式 0,株
2593,株式会社伊藤園,2026-07-21,取締役,阿 部 啓 子,1947年３月８日生,(注)３,"普通株式 1,100",株
2593,株式会社伊藤園,2026-07-21,取締役,阿 部 啓 子,1947年３月８日生,(注)３,第１種 優先株式 0,株
2593,株式会社伊藤園,2026-07-21,取締役 （常勤監査等委員）,近 藤 清,1962年２月10日生,(注)４,"普通株式 3,100",株
2593,株式会社伊藤園,2026-07-21,取締役 （常勤監査等委員）,近 藤 清,1962年２月10日生,(注)４,第１種 優先株式 960,株
2593,株式会社伊藤園,2026-07-21,取締役 （監査等委員）,臼 井 祐 一,1951年９月23日生,(注)４,"普通株式 1,400",株
2593,株式会社伊藤園,2026-07-21,取締役 （監査等委員）,臼 井 祐 一,1951年９月23日生,(注)４,第１種 優先株式 0,株
2593,株式会社伊藤園,2026-07-21,取締役 （監査等委員）,横 倉 仁,1969年５月30日生,(注)４,"普通株式 1,300",株
2593,株式会社伊藤園,2026-07-21,取締役 （監査等委員）,横 倉 仁,1969年５月30日生,(注)４,第１種 優先株式 0,株
2593,株式会社伊藤園,2026-07-21,取締役 （監査等委員）,奥 田 芳 彦,1957年８月20日生,(注)４,普通株式 500,株
2593,株式会社伊藤園,2026-07-21,取締役 （監査等委員）,奥 田 芳 彦,1957年８月20日生,(注)４,第１種 優先株式 0,株
2594,キーコーヒー株式会社,2026-06-25,取締役 会長,川 股 一 雄,1957年11月12日生,(注)２,"14,800 (9,297)",株
2594,キーコーヒー株式会社,2026-06-25,代表取締役 社長,柴 田 裕,1964年１月12日生,(注)２,"502,220 (12,375)",株
2594,キーコーヒー株式会社,2026-06-25,取締役 副社長執行役員,小 澤 信 宏,1960年１月６日生,(注)２,"10,700 (8,172)",株
2594,キーコーヒー株式会社,2026-06-25,取締役 専務執行役員,安 藤 昌 也,1959年10月31日生,(注)２,"400 (6,979)",株
2594,キーコーヒー株式会社,2026-06-25,取締役 常務執行役員,中 野 正 崇,1973年２月８日生,(注)２,"600 (4,942)",株
2594,キーコーヒー株式会社,2026-06-25,取締役 (監査等委員),渡 部 聡,1963年10月25日生,(注)３,― (833),株
2594,キーコーヒー株式会社,2026-06-25,取締役 (監査等委員) （注）１,中 川 幸 三,1951年３月５日生,(注)３,"1,900 (2,800)",株
2594,キーコーヒー株式会社,2026-06-25,取締役 (監査等委員) （注）１,柴 本 淑 子,1952年５月17日生,(注)３,"― (2,362)",株
2594,キーコーヒー株式会社,2026-06-25,取締役 (監査等委員) （注）１,東 志 穂,1975年４月22日生,(注)３,"― (1,662)",株
2597,株式会社ユニカフェ,2026-03-24,代表取締役社長,塩澤 博紀,1965年11月22日生,(注)3,,株
2597,株式会社ユニカフェ,2026-03-24,取締役兼副社長執行役員,相澤 基,1967年4月14日生,(注)3,,株
2597,株式会社ユニカフェ,2026-03-24,取締役,上島 昌佐郎,1970年10月17日生,(注)3,"6,000",株
2597,株式会社ユニカフェ,2026-03-24,取締役兼常務執行役員 管理本部長,新述 孝祐,1976年5月6日生,(注)3,"7,000",株
2597,株式会社ユニカフェ,2026-03-24,取締役,吉武 一郎,1957年2月5日生,(注)3,,株
2597,株式会社ユニカフェ,2026-03-24,取締役,近藤 正樹,1955年1月5日生,(注)3,,株
2597,株式会社ユニカフェ,2026-03-24,常勤監査役,清水 功,1964年4月21日生,(注)4,,株
2597,株式会社ユニカフェ,2026-03-24,監査役,桑原 聡子 (戸籍上の氏名：太田 聡子）,1964年11月1日生,(注)4,,株
2597,株式会社ユニカフェ,2026-03-24,監査役,佐野 誠,1959年5月30日生,(注)4,,株
2597,株式会社ユニカフェ,2026-03-24,代表取締役社長,塩澤 博紀,1965年11月22日生,(注)3,,株
2597,株式会社ユニカフェ,2026-03-24,取締役兼副社長執行役員,相澤 基,1967年4月14日生,(注)3,,株
2597,株式会社ユニカフェ,2026-03-24,取締役,上島 昌佐郎,1970年10月17日生,(注)3,"6,000",株
2597,株式会社ユニカフェ,2026-03-24,取締役兼常務執行役員 管理本部長,新述 孝祐,1976年5月6日生,(注)3,"7,000",株
2597,株式会社ユニカフェ,2026-03-24,取締役,吉武 一郎,1957年2月5日生,(注)3,,株
2597,株式会社ユニカフェ,2026-03-24,取締役,近藤 正樹,1955年1月5日生,(注)3,,株
2597,株式会社ユニカフェ,2026-03-24,常勤監査役,清水 功,1964年4月21日生,(注)4,,株
2597,株式会社ユニカフェ,2026-03-24,監査役,桑原 聡子 (戸籍上の氏名：太田 聡子）,1964年11月1日生,(注)4,,株
2597,株式会社ユニカフェ,2026-03-24,監査役,佐野 誠,1959年5月30日生,(注)4,,株
259A,株式会社ケイ・ウノ,2025-12-26,代表取締役 CEO,青木 興一,1971年１月６日生,(注)２,"44,000",株
259A,株式会社ケイ・ウノ,2025-12-26,取締役COO 兼執行役員,伊藤 崇史,1983年４月22日生,(注)２,"44,000",株
259A,株式会社ケイ・ウノ,2025-12-26,取締役CAO 兼執行役員,渡沼 和則,1973年12月19日生,(注)２,"44,000",株
259A,株式会社ケイ・ウノ,2025-12-26,取締役 （監査等委員）,長谷川 学,1958年12月30日生,(注)３,,株
259A,株式会社ケイ・ウノ,2025-12-26,取締役 （監査等委員）,星野 一郎,1971年４月19日生,(注)３,,株
259A,株式会社ケイ・ウノ,2025-12-26,取締役 （監査等委員）,山岡 誓子,1977年１月17日生,(注)３,,株
2602,日清オイリオグループ株式会社,2026-06-16,代表取締役 社長,久 野 貴 久,1961年10月29日生,(注３),,
2602,日清オイリオグループ株式会社,2026-06-16,取締役,三 枝 理 人,1960年９月22日生,(注３),,
2602,日清オイリオグループ株式会社,2026-06-16,取締役,佐 藤 将 祐,1965年10月28日生,(注３),,
2602,日清オイリオグループ株式会社,2026-06-16,取締役,寺 口 太 二,1965年10月24日生,(注３),,
2602,日清オイリオグループ株式会社,2026-06-16,取締役,小 池 賢 二,1968年６月14日生,(注３),,
2602,日清オイリオグループ株式会社,2026-06-16,取締役,竹 島 智 春,1969年６月５日生,(注３),,
2602,日清オイリオグループ株式会社,2026-06-16,取締役,山 本 功,1957年５月２日生,(注３),,
2602,日清オイリオグループ株式会社,2026-06-16,取締役,江 藤 尚 美,1956年５月２日生,(注３),,
2602,日清オイリオグループ株式会社,2026-06-16,取締役,志 濟 聡 子,1963年11月11日生,(注３),,
2602,日清オイリオグループ株式会社,2026-06-16,監査役 常勤,大 場 克 仁,1962年３月12日生,(注４),,
2602,日清オイリオグループ株式会社,2026-06-16,監査役 常勤,渡 辺 信 行,1963年５月26日生,(注５),,
2602,日清オイリオグループ株式会社,2026-06-16,監査役,草 道 倫 武,1972年10月18日生,(注４),,
2602,日清オイリオグループ株式会社,2026-06-16,監査役,水 口 啓 子,1958年７月21日生,(注６),,
2602,日清オイリオグループ株式会社,2026-06-16,代表取締役社長,久野 貴久,,,,
2602,日清オイリオグループ株式会社,2026-06-16,取締役,佐藤 将祐,,,,
2602,日清オイリオグループ株式会社,2026-06-16,取締役,寺口 太二,,,,
2602,日清オイリオグループ株式会社,2026-06-16,取締役,小池 賢二,,,,
2602,日清オイリオグループ株式会社,2026-06-16,取締役,竹島 智春,,,,
2602,日清オイリオグループ株式会社,2026-06-16,取締役,野中 公陽,,,,
2602,日清オイリオグループ株式会社,2026-06-16,取締役,山本 功,,,,
2602,日清オイリオグループ株式会社,2026-06-16,取締役,江藤 尚美,,,,
2602,日清オイリオグループ株式会社,2026-06-16,取締役,志濟 聡子,,,,
2602,日清オイリオグループ株式会社,2026-06-16,監査役（常勤）,大場 克仁,,,,
2602,日清オイリオグループ株式会社,2026-06-16,監査役（常勤）,渡辺 信行,,,,
2602,日清オイリオグループ株式会社,2026-06-16,監査役,草道 倫武,,,,
2602,日清オイリオグループ株式会社,2026-06-16,監査役,水口 啓子,,,,
2602,日清オイリオグループ株式会社,2026-06-16,取締役,野 中 公 陽,1970年10月17日生,2026年 ６月から １年,"6,284(4,884)",株
2602,日清オイリオグループ株式会社,2026-06-16,独立社外取締役,山本 功,,,,
2602,日清オイリオグループ株式会社,2026-06-16,独立社外取締役,江藤 尚美,,,,
2602,日清オイリオグループ株式会社,2026-06-16,独立社外取締役,志濟 聡子,,,,
2602,日清オイリオグループ株式会社,2026-06-16,独立社外監査役,草道 倫武,,,,
2602,日清オイリオグループ株式会社,2026-06-16,独立社外監査役,水口 啓子,,,,
2607,不二製油株式会社,2026-06-22,代表取締役社長 最高経営責任者 （CEO）,大森 達司,1960年４月28日生,(注)２,17,千株
2607,不二製油株式会社,2026-06-22,取締役 上席執行役員 最高執行責任者 （COO）,田中 寛之,1968年１月３日生,(注)２,11,千株
2607,不二製油株式会社,2026-06-22,取締役 上席執行役員 最高財務責任者 （CFO）,前田 淳,1967年11月２日生,(注)２,4,千株
2607,不二製油株式会社,2026-06-22,取締役 （注）１,梅原 俊志,1957年９月３日生,(注)２,1,千株
2607,不二製油株式会社,2026-06-22,取締役 （注）１,辻 智子,1956年８月16日生,(注)２,1,千株
2607,不二製油株式会社,2026-06-22,取締役 （注）１,中川 理惠,1968年８月10日生,(注)２,1,千株
2607,不二製油株式会社,2026-06-22,取締役 （注）１,立川 義大,1971年１月７日生,(注)２,,千株
2607,不二製油株式会社,2026-06-22,取締役 （注）１,十河 哲也,1959年12月３日生,(注)２,0,千株
2607,不二製油株式会社,2026-06-22,取締役 常勤監査等委員,戸川 雄介,1963年11月26日生,(注)３,3,千株
2607,不二製油株式会社,2026-06-22,取締役 監査等委員 （注）１,池田 裕彦,1960年６月21日生,(注)３,,千株
2607,不二製油株式会社,2026-06-22,取締役 監査等委員 （注）１,谷 保廣,1956年10月11日生,(注)３,,千株
2612,かどや製油株式会社,2026-06-19,代表取締役 会長,久米 敦司,1955年10月５日生,※１,10,千株
2612,かどや製油株式会社,2026-06-19,代表取締役 社長,北川 淳一,1972年２月26日生,※１,1,千株
2612,かどや製油株式会社,2026-06-19,取締役 副社長執行役員 海外販売本部長,長澤 昇,1963年７月23日生,※１,0,千株
2612,かどや製油株式会社,2026-06-19,取締役 専務執行役員 生産本部長,井尻 尚宏,1960年10月30日生,※１,9,千株
2612,かどや製油株式会社,2026-06-19,取締役,齋藤 聖美,1950年12月１日生,※１,,千株
2612,かどや製油株式会社,2026-06-19,取締役,大西 賢,1955年５月19日生,※１,0,千株
2612,かどや製油株式会社,2026-06-19,取締役,竹田 真,1976年10月22日生,※１,,千株
2612,かどや製油株式会社,2026-06-19,常勤監査役,山内 文明,1966年10月28日生,※２,0,千株
2612,かどや製油株式会社,2026-06-19,常勤監査役,富山 文雄,1963年10月16日生,※４,0,千株
2612,かどや製油株式会社,2026-06-19,監査役,秋元 建夫,1962年１月６日生,※２,,千株
2612,かどや製油株式会社,2026-06-19,監査役,武川 聡,1975年２月22日生,※３,,千株
2612,かどや製油株式会社,2026-06-19,監査役,横尾 俊弘,1964年４月30日生,※４,,千株
2613,株式会社Ｊ－オイルミルズ,2026-06-22,取締役会長,佐藤 達也,1959年８月26日,(注)３,"61,700(41,500)",
2613,株式会社Ｊ－オイルミルズ,2026-06-22,代表取締役 社長執行役員 CEO,春山 裕一郎,1969年12月19日,(注)３,"20,082(16,500)",
2613,株式会社Ｊ－オイルミルズ,2026-06-22,取締役 副社長執行役員 CTO,近藤 一也,1968年３月５日,(注)３,"8,700(7,800)",
2613,株式会社Ｊ－オイルミルズ,2026-06-22,取締役,佐々木 達哉,1963年６月25日,(注)３,,
2613,株式会社Ｊ－オイルミルズ,2026-06-22,取締役,吉里 格,1967年４月28日,(注)３,,
2613,株式会社Ｊ－オイルミルズ,2026-06-22,取締役,石田 友豪,1957年１月１日,(注)３,"2,000",
2613,株式会社Ｊ－オイルミルズ,2026-06-22,取締役,池田 安希子,1960年７月26日,(注)３,200,
2613,株式会社Ｊ－オイルミルズ,2026-06-22,取締役,槙 美冬,1964年12月22日,(注)３,400,
2613,株式会社Ｊ－オイルミルズ,2026-06-22,常勤監査役,柏倉 正巳,1963年８月23日,(注)４,100,
2613,株式会社Ｊ－オイルミルズ,2026-06-22,監査役,上野 正樹,1961年５月20日,(注)４,400,
2613,株式会社Ｊ－オイルミルズ,2026-06-22,監査役,菅原 万里子,1966年４月13日,(注)５,,
2613,株式会社Ｊ－オイルミルズ,2026-06-22,監査役,田名部 雅文,1959年５月12日,(注)５,300,
261A,株式会社日水コン,2026-03-25,代表取締役会長,野村 喜一,1948年９月30日,(注)２,"現に所有する 株式数 2,000 潜在的に所有する株式数 25,241",株
261A,株式会社日水コン,2026-03-25,代表取締役社長,中西 新二,1960年６月25日,(注)２,"現に所有する 株式数 2,000 潜在的に所有する株式数 22,441",株
261A,株式会社日水コン,2026-03-25,取締役 専務執行役員,小石川 信昭,1951年12月４日,(注)２,"現に所有する 株式数 － 潜在的に所有する株式数 21,625",株
261A,株式会社日水コン,2026-03-25,取締役 常務執行役員,種市 尚仁,1961年５月８日,(注)２,"現に所有する 株式数 － 潜在的に所有する株式数 18,620",株
261A,株式会社日水コン,2026-03-25,社外取締役,小川 健一,1953年４月12日,(注)２,現に所有する 株式数 － 潜在的に所有する株式数 －,株
261A,株式会社日水コン,2026-03-25,取締役 （監査等委員）,春 公一郎,1959年12月29日,(注)３,"現に所有する 株式数 4,000 潜在的に所有する株式数 －",株
261A,株式会社日水コン,2026-03-25,社外取締役 （監査等委員）,髙田 裕久,1962年10月25日,(注)３,現に所有する 株式数 － 潜在的に所有する株式数 －,株
261A,株式会社日水コン,2026-03-25,社外取締役 （監査等委員）,柗田 由貴,1977年４月17日,(注)３,現に所有する 株式数 － 潜在的に所有する株式数 －,株
261A,株式会社日水コン,2026-03-25,代表取締役会長,野村 喜一,1948年９月30日,(注)２,"現に所有する株式数 2,000 潜在的に所有する株式数 25,241",株
261A,株式会社日水コン,2026-03-25,代表取締役社長,中西 新二,1960年６月25日,(注)２,"現に所有する株式数 2,000 潜在的に所有する株式数 22,441",株
261A,株式会社日水コン,2026-03-25,取締役 常務執行役員,種市 尚仁,1961年５月８日,(注)２,"現に所有する株式数 － 潜在的に所有する株式数 18,620",株
261A,株式会社日水コン,2026-03-25,社外取締役,小川 健一,1953年４月12日,(注)２,現に所有する株式数 － 潜在的に所有する株式数 －,株
261A,株式会社日水コン,2026-03-25,取締役 （監査等委員）,春 公一郎,1959年12月29日,(注)３,"現に所有する株式数 4,000 潜在的に所有する株式数 －",株
261A,株式会社日水コン,2026-03-25,社外取締役 （監査等委員）,髙田 裕久,1962年10月25日,(注)３,現に所有する株式数 － 潜在的に所有する株式数 －,株
261A,株式会社日水コン,2026-03-25,社外取締役 （監査等委員）,柗田 由貴,1977年４月17日,(注)３,現に所有する株式数 － 潜在的に所有する株式数 －,株
262A,株式会社インターメスティック,2026-03-24,代表取締役社長,上野 博史,1973年12月30日,(注)３,"3,279,900",株
262A,株式会社インターメスティック,2026-03-24,取締役会長,上野 照博,1940年12月25日,(注)３,"500,000",株
262A,株式会社インターメスティック,2026-03-24,取締役,香川 雅哉,1968年２月11日,(注)３,,株
262A,株式会社インターメスティック,2026-03-24,取締役,遠藤 和宏,1970年５月７日,(注)３,,株
262A,株式会社インターメスティック,2026-03-24,取締役,長谷川 仁,1960年７月１日,(注)３,,株
262A,株式会社インターメスティック,2026-03-24,常勤監査役,甲斐 秀道,1958年２月14日,(注)４,,株
262A,株式会社インターメスティック,2026-03-24,常勤監査役,阿部 絵美麻,1979年12月31日,(注)５,,株
262A,株式会社インターメスティック,2026-03-24,監査役,栗原 章,1972年２月21日,(注)４,,株
262A,株式会社インターメスティック,2026-03-24,監査役,小林 康恵,1964年４月５日,(注)４,,株
262A,株式会社インターメスティック,2026-03-24,代表取締役社長,上野 博史,1973年12月30日,(注)２,"3,279,900",株
262A,株式会社インターメスティック,2026-03-24,取締役会長,上野 照博,1940年12月25日,(注)２,"500,000",株
262A,株式会社インターメスティック,2026-03-24,取締役,長谷川 仁,1960年７月１日,(注)２,,株
262A,株式会社インターメスティック,2026-03-24,取締役 （監査等委員） （非常勤）,遠藤 和宏,1970年５月７日,(注)３,,株
262A,株式会社インターメスティック,2026-03-24,取締役 （監査等委員） （非常勤）,阿部 絵美麻,1979年12月31日,(注)３,,株
262A,株式会社インターメスティック,2026-03-24,取締役 （監査等委員） （非常勤）,栗原 章,1972年２月21日,(注)３,,株
263A,株式会社デジタルキューブ,2026-06-29,代表取締役 社長,小賀 浩通,1975年 10月1日,(注)3,"352,300",株
263A,株式会社デジタルキューブ,2026-06-29,代表取締役 社長,小賀 浩通,1975年 10月1日,(注)3,"352,300",株
263A,株式会社デジタルキューブ,2026-06-29,代表取締役 社長,小賀 浩通,1975年 10月1日,(注)3,"352,300",株
263A,株式会社デジタルキューブ,2026-06-29,代表取締役 社長,小賀 浩通,1975年 10月1日,(注)3,"352,300",株
263A,株式会社デジタルキューブ,2026-06-29,代表取締役 社長,小賀 浩通,1975年 10月1日,(注)3,"352,300",株
263A,株式会社デジタルキューブ,2026-06-29,代表取締役 社長,小賀 浩通,1975年 10月1日,(注)3,"352,300",株
263A,株式会社デジタルキューブ,2026-06-29,代表取締役 社長,小賀 浩通,1975年 10月1日,(注)3,"352,300",株
263A,株式会社デジタルキューブ,2026-06-29,代表取締役 社長,小賀 浩通,1975年 10月1日,(注)3,"352,300",株
263A,株式会社デジタルキューブ,2026-06-29,代表取締役 社長,小賀 浩通,1975年 10月1日,(注)3,"352,300",株
263A,株式会社デジタルキューブ,2026-06-29,取締役,立花 拓也,1984年 9月14日,(注)3,"102,000",株
263A,株式会社デジタルキューブ,2026-06-29,取締役,立花 拓也,1984年 9月14日,(注)3,"102,000",株
263A,株式会社デジタルキューブ,2026-06-29,取締役,立花 拓也,1984年 9月14日,(注)3,"102,000",株
263A,株式会社デジタルキューブ,2026-06-29,取締役,立花 拓也,1984年 9月14日,(注)3,"102,000",株
263A,株式会社デジタルキューブ,2026-06-29,取締役,立花 拓也,1984年 9月14日,(注)3,"102,000",株
263A,株式会社デジタルキューブ,2026-06-29,取締役 管理部長,和田 拓馬,1990年 3月26日,(注)3,"12,500",株
263A,株式会社デジタルキューブ,2026-06-29,取締役 管理部長,和田 拓馬,1990年 3月26日,(注)3,"12,500",株
263A,株式会社デジタルキューブ,2026-06-29,取締役 管理部長,和田 拓馬,1990年 3月26日,(注)3,"12,500",株
263A,株式会社デジタルキューブ,2026-06-29,取締役 管理部長,和田 拓馬,1990年 3月26日,(注)3,"12,500",株
263A,株式会社デジタルキューブ,2026-06-29,取締役 管理部長,和田 拓馬,1990年 3月26日,(注)3,"12,500",株
263A,株式会社デジタルキューブ,2026-06-29,取締役 管理部長,和田 拓馬,1990年 3月26日,(注)3,"12,500",株
263A,株式会社デジタルキューブ,2026-06-29,取締役 管理部長,和田 拓馬,1990年 3月26日,(注)3,"12,500",株
263A,株式会社デジタルキューブ,2026-06-29,取締役 管理部長,和田 拓馬,1990年 3月26日,(注)3,"12,500",株
263A,株式会社デジタルキューブ,2026-06-29,取締役 (注)1,金春 利幸,1974年 10月4日,(注)3,"8,750",株
263A,株式会社デジタルキューブ,2026-06-29,取締役 (注)1,金春 利幸,1974年 10月4日,(注)3,"8,750",株
263A,株式会社デジタルキューブ,2026-06-29,取締役 (注)1,金春 利幸,1974年 10月4日,(注)3,"8,750",株
263A,株式会社デジタルキューブ,2026-06-29,取締役 (注)1,金春 利幸,1974年 10月4日,(注)3,"8,750",株
263A,株式会社デジタルキューブ,2026-06-29,取締役 (注)1,金春 利幸,1974年 10月4日,(注)3,"8,750",株
263A,株式会社デジタルキューブ,2026-06-29,常勤監査役 (注)2,萩原 早紀 (戸籍名： 植田 早紀),1981年 11月16日,(注)5,,株
263A,株式会社デジタルキューブ,2026-06-29,常勤監査役 (注)2,萩原 早紀 (戸籍名： 植田 早紀),1981年 11月16日,(注)5,,株
263A,株式会社デジタルキューブ,2026-06-29,常勤監査役 (注)2,萩原 早紀 (戸籍名： 植田 早紀),1981年 11月16日,(注)5,,株
263A,株式会社デジタルキューブ,2026-06-29,監査役 (注)2,笹山 貴弘,1986年 3月10日,(注)4,"5,000",株
263A,株式会社デジタルキューブ,2026-06-29,監査役 (注)2,笹山 貴弘,1986年 3月10日,(注)4,"5,000",株
263A,株式会社デジタルキューブ,2026-06-29,監査役 (注)2,笹山 貴弘,1986年 3月10日,(注)4,"5,000",株
263A,株式会社デジタルキューブ,2026-06-29,監査役 (注)2,笹山 貴弘,1986年 3月10日,(注)4,"5,000",株
263A,株式会社デジタルキューブ,2026-06-29,監査役 (注)2,笹山 貴弘,1986年 3月10日,(注)4,"5,000",株
263A,株式会社デジタルキューブ,2026-06-29,監査役 (注)2,笹山 貴弘,1986年 3月10日,(注)4,"5,000",株
263A,株式会社デジタルキューブ,2026-06-29,監査役 (注)2,千葉 直愛,1986年 5月1日,(注)5,,株
263A,株式会社デジタルキューブ,2026-06-29,監査役 (注)2,千葉 直愛,1986年 5月1日,(注)5,,株
263A,株式会社デジタルキューブ,2026-06-29,監査役 (注)2,千葉 直愛,1986年 5月1日,(注)5,,株
263A,株式会社デジタルキューブ,2026-06-29,監査役 (注)2,千葉 直愛,1986年 5月1日,(注)5,,株
263A,株式会社デジタルキューブ,2026-06-29,監査役 (注)2,千葉 直愛,1986年 5月1日,(注)5,,株
263A,株式会社デジタルキューブ,2026-06-29,監査役 (注)2,千葉 直愛,1986年 5月1日,(注)5,,株
263A,株式会社デジタルキューブ,2026-06-29,監査役 (注)2,千葉 直愛,1986年 5月1日,(注)5,,株
263A,株式会社デジタルキューブ,2026-06-29,監査役 (注)2,千葉 直愛,1986年 5月1日,(注)5,,株
263A,株式会社デジタルキューブ,2026-06-29,監査役 (注)2,千葉 直愛,1986年 5月1日,(注)5,,株
263A,株式会社デジタルキューブ,2026-06-29,監査役 (注)2,千葉 直愛,1986年 5月1日,(注)5,,株
263A,株式会社デジタルキューブ,2026-06-29,監査役 (注)2,千葉 直愛,1986年 5月1日,(注)5,,株
264A,株式会社Ｓｃｈｏｏ,2025-12-24,代表取締役社長,森健志郎,1986年10月14日生,（注）３,"2,380,840",株
264A,株式会社Ｓｃｈｏｏ,2025-12-24,取締役 事業本部本部長,古瀬康介,1975年12月６日生,（注）３,"78,750",株
264A,株式会社Ｓｃｈｏｏ,2025-12-24,取締役 管理本部本部長,中西勇介,1980年３月３日生,（注）３,"45,000",株
264A,株式会社Ｓｃｈｏｏ,2025-12-24,取締役,和田圭祐,1981年12月28日生,（注）３,,株
264A,株式会社Ｓｃｈｏｏ,2025-12-24,取締役,保科剛,1957年10月４日生,（注）３,,株
264A,株式会社Ｓｃｈｏｏ,2025-12-24,常勤監査役,服部有希,1986年５月27日生,（注）４,,株
264A,株式会社Ｓｃｈｏｏ,2025-12-24,監査役,芹川太郎,1982年５月15日生,（注）４,,株
264A,株式会社Ｓｃｈｏｏ,2025-12-24,監査役,藤本健一,1970年９月30日生,（注）４,,株
264A,株式会社Ｓｃｈｏｏ,2025-12-24,代表取締役社長,森健志郎,1986年10月14日生,（注）３,"2,380,840",株
264A,株式会社Ｓｃｈｏｏ,2025-12-24,取締役 事業本部本部長,古瀬康介,1975年12月６日生,（注）３,"78,750",株
264A,株式会社Ｓｃｈｏｏ,2025-12-24,取締役 管理本部本部長,中西勇介,1980年３月３日生,（注）３,"45,000",株
264A,株式会社Ｓｃｈｏｏ,2025-12-24,取締役,和田圭祐,1981年12月28日生,（注）３,,株
264A,株式会社Ｓｃｈｏｏ,2025-12-24,取締役,﨑田恭平,1979年５月22日生,（注）３,,株
264A,株式会社Ｓｃｈｏｏ,2025-12-24,常勤監査役,服部有希,1986年５月27日生,（注）４,,株
264A,株式会社Ｓｃｈｏｏ,2025-12-24,監査役,芹川太郎,1982年５月15日生,（注）４,,株
264A,株式会社Ｓｃｈｏｏ,2025-12-24,監査役,藤本健一,1970年９月30日生,（注）４,,株
2652,株式会社まんだらけ,2025-12-25,代表取締役会長,古 川 益 蔵,1950年10月21日生,(注)４,"11,004",千株
2652,株式会社まんだらけ,2025-12-25,代表取締役社長,田 中 幹 教,1979年２月10日生,(注)４,,千株
2652,株式会社まんだらけ,2025-12-25,取締役 経理本部長,川 代 浩 志,1961年６月25日生,(注)４,18,千株
2652,株式会社まんだらけ,2025-12-25,専務取締役 管理部門統括,西 田 貴 美,1965年３月30日生,(注)４,550,千株
2652,株式会社まんだらけ,2025-12-25,常務取締役 コンプレックス店長,竹 下 典 宏,1977年７月15日生,(注)４,,千株
2652,株式会社まんだらけ,2025-12-25,取締役 渋谷店長,香 西 陽,1979年６月17日生,(注)４,,千株
2652,株式会社まんだらけ,2025-12-25,取締役 副社長 中野店長,小 山 雄 介,1978年８月24日生,(注)４,,千株
2652,株式会社まんだらけ,2025-12-25,常務取締役 うめだ店長,野 久 尾 亮,1982年２月８日生,(注)４,,千株
2652,株式会社まんだらけ,2025-12-25,常務取締役,大 井 健一朗,1972年４月28日生,(注)４,,千株
2652,株式会社まんだらけ,2025-12-25,取締役 京都店長 PUCK２店長,安 永 誠,1981年12月11日生,(注)４,,千株
2652,株式会社まんだらけ,2025-12-25,取締役,青 木 義 治,1942年３月14日生,(注)４,,千株
2652,株式会社まんだらけ,2025-12-25,取締役,伊 奈 さやか,1980年５月24日生,(注)４,,千株
2652,株式会社まんだらけ,2025-12-25,取締役,芳 原 勝 伸,1977年５月31日生,(注)４,,千株
2652,株式会社まんだらけ,2025-12-25,常勤監査役,雨 宮 正 文,1949年１月１日生,(注)５,,千株
2652,株式会社まんだらけ,2025-12-25,監査役,齋 藤 禎 範,1977年10月18日生,(注)３,,千株
2652,株式会社まんだらけ,2025-12-25,監査役,大工原 幸 人,1957年３月23日生,(注)５,,千株
2653,イオン九州株式会社,2026-05-19,代表取締役社長,中川 伊正,1966年11月７日生,(注３),0,千株
2653,イオン九州株式会社,2026-05-19,取締役専務執行役員 ディベロッパー事業担当 （兼）ディベロッパー事業本部長,奥田 晴彦,1961年10月24日生,(注３),0,千株
2653,イオン九州株式会社,2026-05-19,取締役常務執行役員 管理担当 （兼）経営管理本部長 （兼）企業倫理担当,赤木 正彦,1966年８月22日生,(注３),7,千株
2653,イオン九州株式会社,2026-05-19,取締役常務執行役員 営業担当,椎名 孝夫,1967年２月23日生,(注３),0,千株
2653,イオン九州株式会社,2026-05-19,取締役,古澤 康之,1972年10月21日生,(注３),,千株
2653,イオン九州株式会社,2026-05-19,取締役,黒須 綾希子,1984年８月27日生,(注３),,千株
2653,イオン九州株式会社,2026-05-19,取締役,柚木 和代,1960年７月11日生,(注３),0,千株
2653,イオン九州株式会社,2026-05-19,取締役,青柳 俊彦,1953年８月19日生,(注３),0,千株
2653,イオン九州株式会社,2026-05-19,常勤監査役,神戸 一明,1963年８月８日生,(注３),,千株
2653,イオン九州株式会社,2026-05-19,監査役,新井 直弘,1963年５月８日生,(注４),,千株
2653,イオン九州株式会社,2026-05-19,監査役,古賀 和孝,1955年９月17日生,(注４),,千株
2653,イオン九州株式会社,2026-05-19,監査役,松本 一哉,1974年７月23日生,(注４),,千株
2653,イオン九州株式会社,2026-05-19,代表取締役社長,中川 伊正,1966年11月７日生,(注３),0,千株
2653,イオン九州株式会社,2026-05-19,取締役専務執行役員 ディベロッパー事業担当 （兼）ディベロッパー事業本部長,奥田 晴彦,1961年10月24日生,(注３),0,千株
2653,イオン九州株式会社,2026-05-19,取締役常務執行役員 管理担当 （兼）経営管理本部長 （兼）企業倫理担当,赤木 正彦,1966年８月22日生,(注３),7,千株
2653,イオン九州株式会社,2026-05-19,取締役常務執行役員 営業担当,椎名 孝夫,1967年２月23日生,(注３),0,千株
2653,イオン九州株式会社,2026-05-19,取締役常務執行役員 商品担当 （兼）食品商品本部長,西嶋 洋一郎,1969年９月５日生,(注３),0,千株
2653,イオン九州株式会社,2026-05-19,取締役,古澤 康之,1972年10月21日生,(注３),,千株
2653,イオン九州株式会社,2026-05-19,取締役,黒須 綾希子,1984年８月27日生,(注３),,千株
2653,イオン九州株式会社,2026-05-19,取締役,柚木 和代,1960年７月11日生,(注３),0,千株
2653,イオン九州株式会社,2026-05-19,取締役,青柳 俊彦,1953年８月19日生,(注３),0,千株
2653,イオン九州株式会社,2026-05-19,常勤監査役,神戸 一明,1963年８月８日生,(注３),,千株
2653,イオン九州株式会社,2026-05-19,監査役,新井 直弘,1963年５月８日生,(注４),,千株
2653,イオン九州株式会社,2026-05-19,監査役,古賀 和孝,1955年９月17日生,(注４),,千株
2653,イオン九州株式会社,2026-05-19,監査役,松本 一哉,1974年７月23日生,(注４),,千株
2654,株式会社アスモ,2026-06-25,代表取締役 社長,長井 尊,1979年４月26日生,(注)３,"49,600",株
2654,株式会社アスモ,2026-06-25,取締役,赤澤 優,1972年９月10日生,(注)３,"5,300",株
2654,株式会社アスモ,2026-06-25,取締役,上 伸之,1979年10月26日生,(注)３,500,株
2654,株式会社アスモ,2026-06-25,取締役,阪口 詠自,1978年１月23日生,(注)３,500,株
2654,株式会社アスモ,2026-06-25,取締役,長井 力,1971年８月16日生,(注)３,700,株
2654,株式会社アスモ,2026-06-25,取締役,北嶋 准,1948年１月２日生,(注)３,"4,000",株
2654,株式会社アスモ,2026-06-25,常勤監査役,宮寺 孝夫,1968年９月26日生,(注)４,"2,000",株
2654,株式会社アスモ,2026-06-25,監査役,福田 徹,1960年12月９日生,(注)４,"2,000",株
2654,株式会社アスモ,2026-06-25,監査役,肥後 達男,1946年２月22日生,(注)４,"6,100",株
2656,株式会社ベクターホールディングス,2026-06-29,代表取締役社長,岩井 美和子,1982年７月４日生,(注)３,,株
2656,株式会社ベクターホールディングス,2026-06-29,取締役,菅原 聡子,1970年11月９日生,(注)３,,株
2656,株式会社ベクターホールディングス,2026-06-29,取締役,前田 晶子,1968年12月20日生,(注)３,,株
2656,株式会社ベクターホールディングス,2026-06-29,取締役,竹村 滋幸,1950年５月30日生,(注)１・３,,株
2656,株式会社ベクターホールディングス,2026-06-29,取締役,菅原 貴与志,1957年３月18日生,(注)１・３,,株
2656,株式会社ベクターホールディングス,2026-06-29,常勤監査役,杉浦 亮次,1963年６月27日生,(注)２・４,,株
2656,株式会社ベクターホールディングス,2026-06-29,監査役,鈴木 敏,1948年６月６日生,(注)２・５,,株
2656,株式会社ベクターホールディングス,2026-06-29,監査役,中村 信雄,1960年10月３日生,(注)２・６,,株
2656,株式会社ベクターホールディングス,2026-06-29,監査役,柿本 耕市郎,1982年３月２日生,(注)２・６,,株
2659,株式会社サンエー,2026-05-25,代表取締役社長,豊田 沢,1969年５月11日生,(注)２,31,千株
2659,株式会社サンエー,2026-05-25,常務取締役 営業担当,呉屋 保,1966年４月２日生,(注)２,27,千株
2659,株式会社サンエー,2026-05-25,常務取締役 営業担当,武田 尚,1972年７月18日生,(注)２,29,千株
2659,株式会社サンエー,2026-05-25,取締役 社長補佐・営業・ 開発担当,新城 健太郎,1968年11月15日生,(注)２,42,千株
2659,株式会社サンエー,2026-05-25,取締役 管理担当,高江洲 利樹,1979年７月27日生,(注)２,2,千株
2659,株式会社サンエー,2026-05-25,取締役 (監査等委員) (常勤),上間 久美子,1963年５月27日生,(注)３,17,千株
2659,株式会社サンエー,2026-05-25,取締役 (監査等委員),野崎 聖子,1974年２月25日生,(注)３,,千株
2659,株式会社サンエー,2026-05-25,取締役 (監査等委員),榊 真二,1957年１月23日生,(注)４,,千株
2659,株式会社サンエー,2026-05-25,取締役 (監査等委員),宮國 英理子,1971年11月10日生,(注)３,,千株
265A,Ｈｍｃｏｍｍ株式会社,2026-03-25,代表取締役社長CEO,三本 幸司,1965年10月19日,注３,"1,219,500",株
265A,Ｈｍｃｏｍｍ株式会社,2026-03-25,取締役専務執行役員COO,伊藤 かおる,1968年９月22日,注３,"579,500",株
265A,Ｈｍｃｏｍｍ株式会社,2026-03-25,取締役執行役員CFO,土屋 学,1982年２月３日,注３,,株
265A,Ｈｍｃｏｍｍ株式会社,2026-03-25,取締役,浅田 浩,1967年５月２日,注３,,株
265A,Ｈｍｃｏｍｍ株式会社,2026-03-25,取締役,恩田 俊明,1983年２月５日,注３,,株
265A,Ｈｍｃｏｍｍ株式会社,2026-03-25,常勤監査役,大和 寿子,1968年７月６日,注４,,株
265A,Ｈｍｃｏｍｍ株式会社,2026-03-25,監査役,大野 寿和,1984年11月５日,注４,,株
265A,Ｈｍｃｏｍｍ株式会社,2026-03-25,監査役,飯田 花織,1989年２月23日,注４,,株
2664,株式会社カワチ薬品,2026-06-10,代表取締役 社長,河内 伸二,1957年３月31日生,（注）4,"2,438",千株
2664,株式会社カワチ薬品,2026-06-10,取締役 （開発担当）,大久保 勝之,1964年９月４日生,（注）4,5,千株
2664,株式会社カワチ薬品,2026-06-10,取締役,渡辺 林治,1966年11月18日生,（注）4,,千株
2664,株式会社カワチ薬品,2026-06-10,取締役,江藤 美帆,1972年７月24日生,（注）4,,千株
2664,株式会社カワチ薬品,2026-06-10,常勤監査役,田村 好夫,1956年10月18日生,（注）5,3,千株
2664,株式会社カワチ薬品,2026-06-10,監査役,澤田 雄二,1968年２月３日生,（注）5,1,千株
2664,株式会社カワチ薬品,2026-06-10,監査役,岡安 俊幸,1976年12月１日生,（注）5,,千株
2664,株式会社カワチ薬品,2026-06-10,監査役,大谷 剛,1955年７月30日生,（注）5,,千株
2666,株式会社　オートウェーブ,2026-06-26,取締役社長 (代表取締役),廣岡 大介,1969年7月26日生,（注）３,"2,318",千株
2666,株式会社　オートウェーブ,2026-06-26,取締役 事業運営部部長,宮内 和也,1975年2月28日生,（注）３,40,千株
2666,株式会社　オートウェーブ,2026-06-26,取締役 内部監査室室長,今井 孝一,1953年12月8日生,（注）３,27,千株
2666,株式会社　オートウェーブ,2026-06-26,取締役,河野 研,1971年10月9日生,（注）３,,千株
2666,株式会社　オートウェーブ,2026-06-26,常勤監査役,塚本 薫,1972年3月12日生,（注）４,4,千株
2666,株式会社　オートウェーブ,2026-06-26,監査役,佐藤 邦夫,1955年1月20日生,（注）４,,千株
2666,株式会社　オートウェーブ,2026-06-26,監査役,森 直美,1975年7月30日生,（注）５,,千株
2667,株式会社イメージワン,2025-12-23,代表取締役社長,川 倉 歩,1969年３月１日生,(注）２,"9,606",株
2667,株式会社イメージワン,2025-12-23,取締役,横 山 惠 一,1964年12月２日生,(注）２,,株
2667,株式会社イメージワン,2025-12-23,取締役,津 田 由 行,1969年８月６日生,(注）２,,株
2667,株式会社イメージワン,2025-12-23,取締役,鈴 木 政 司,1975年２月24日生,(注）２,,株
2667,株式会社イメージワン,2025-12-23,取締役,宮 﨑 和 彦,1971年１月28日生,(注）２,,株
2667,株式会社イメージワン,2025-12-23,取締役,保 津 章 一,1971年４月25日生,(注）２,,株
2667,株式会社イメージワン,2025-12-23,取締役 (監査等委員),大 谷 龍 生,1983年７月15日生,(注）３,,株
2667,株式会社イメージワン,2025-12-23,取締役 (監査等委員),佐々木 健 郎,1982年８月14日生,(注）３,,株
2668,タビオ株式会社,2026-05-20,代表取締役 社長,越 智 勝 寛,1969年３月20日生,(注)３,18,千株
2668,タビオ株式会社,2026-05-20,取締役,越 智 康 彦,1972年１月25日生,(注)３,78,千株
2668,タビオ株式会社,2026-05-20,取締役,真 砂 輝 男,1974年10月24日生,(注)３,11,千株
2668,タビオ株式会社,2026-05-20,取締役,関 淑 束,1978年４月７日生,(注)３,5,千株
2668,タビオ株式会社,2026-05-20,取締役,今 川 弘 明,1964年９月30日生,(注)３,4,千株
2668,タビオ株式会社,2026-05-20,取締役,金 井 路 子,1975年１月10日生,(注)３,4,千株
2668,タビオ株式会社,2026-05-20,取締役,和 田 真 治,1963年11月23日生,(注)３,,千株
2668,タビオ株式会社,2026-05-20,取締役,髙 原 聡,1969年５月29日生,(注)３,,千株
2668,タビオ株式会社,2026-05-20,監査役 （常勤）,渡 邉 浩 樹,1960年６月12日生,(注)５,17,千株
2668,タビオ株式会社,2026-05-20,監査役,林 裕 之,1974年４月23日生,(注)４,,千株
2668,タビオ株式会社,2026-05-20,監査役,高 山 和 則,1970年10月30日生,(注)５,,千株
2668,タビオ株式会社,2026-05-20,代表取締役 社長,越 智 勝 寛,1969年３月20日生,(注)３,18,千株
2668,タビオ株式会社,2026-05-20,専務取締役,関 淑 束,1978年４月７日生,(注)３,5,千株
2668,タビオ株式会社,2026-05-20,取締役,越 智 康 彦,1972年１月25日生,(注)３,78,千株
2668,タビオ株式会社,2026-05-20,取締役,真 砂 輝 男,1974年10月24日生,(注)３,11,千株
2668,タビオ株式会社,2026-05-20,取締役,今 川 弘 明,1964年９月30日生,(注)３,4,千株
2668,タビオ株式会社,2026-05-20,取締役,金 井 路 子,1975年１月10日生,(注)３,4,千株
2668,タビオ株式会社,2026-05-20,取締役,和 田 真 治,1963年11月23日生,(注)３,,千株
2668,タビオ株式会社,2026-05-20,取締役,髙 原 聡,1969年５月29日生,(注)３,,千株
2668,タビオ株式会社,2026-05-20,監査役 （常勤）,渡 邉 浩 樹,1960年６月12日生,(注)５,17,千株
2668,タビオ株式会社,2026-05-20,監査役,林 裕 之,1974年４月23日生,(注)４,,千株
2668,タビオ株式会社,2026-05-20,監査役,高 山 和 則,1970年10月30日生,(注)５,,千株
2669,カネ美食品株式会社,2026-05-25,代表取締役社長,今井 善広,1969年2月21日生,（注）２,,千株
2669,カネ美食品株式会社,2026-05-25,代表取締役 専務執行役員業務統括,江森 優,1974年９月18日生,（注）２,,千株
2669,カネ美食品株式会社,2026-05-25,取締役執行役員 テナント事業統括（兼）営業戦略室長,伊藤 佳司,1975年４月25日生,（注）２,0,千株
2669,カネ美食品株式会社,2026-05-25,取締役執行役員 外販事業統括,中島 大介,1970年８月20日生,（注）２,0,千株
2669,カネ美食品株式会社,2026-05-25,取締役執行役員 外販事業統括補佐,腰 和則,1970年５月20日生,（注）２,,千株
2669,カネ美食品株式会社,2026-05-25,取締役執行役員 商品政策本部長,小西 貴文,1974年9月4日生,（注）２,,千株
2669,カネ美食品株式会社,2026-05-25,取締役,濱村 健太,1977年８月12日生,（注）２,,千株
2669,カネ美食品株式会社,2026-05-25,取締役,高野 哲朗,1963年４月13日生,（注）２,,千株
2669,カネ美食品株式会社,2026-05-25,取締役,片桐 三希成,1976年7月24日生,（注）２,,千株
2669,カネ美食品株式会社,2026-05-25,取締役 常勤監査等委員,白井 恭幸,1965年５月23日生,（注）３,0,千株
2669,カネ美食品株式会社,2026-05-25,取締役 監査等委員,池田 桂子,1956年８月20日生,（注）３,,千株
2669,カネ美食品株式会社,2026-05-25,取締役 監査等委員,佐藤 雅弘,1959年１月10日生,（注）３,,千株
2669,カネ美食品株式会社,2026-05-25,補欠取締役 監査等委員,加藤 克彦,1962年９月21日生,,,千株
2669,カネ美食品株式会社,2026-05-25,代表取締役社長,今井 善広,1969年2月21日生,（注）２,,千株
2669,カネ美食品株式会社,2026-05-25,代表取締役 専務執行役員業務統括,江森 優,1974年９月18日生,（注）２,,千株
2669,カネ美食品株式会社,2026-05-25,取締役執行役員 テナント事業統括（兼）営業戦略室長,伊藤 佳司,1975年４月25日生,（注）２,0,千株
2669,カネ美食品株式会社,2026-05-25,取締役執行役員 外販事業統括,中島 大介,1970年８月20日生,（注）２,0,千株
2669,カネ美食品株式会社,2026-05-25,取締役執行役員 社長付特務担当,腰 和則,1970年５月20日生,（注）２,,千株
2669,カネ美食品株式会社,2026-05-25,取締役執行役員 商品政策本部長,小西 貴文,1974年9月4日生,（注）２,,千株
2669,カネ美食品株式会社,2026-05-25,取締役,濱村 健太,1977年８月12日生,（注）２,,千株
2669,カネ美食品株式会社,2026-05-25,取締役,高野 哲朗,1963年４月13日生,（注）２,,千株
2669,カネ美食品株式会社,2026-05-25,取締役,片桐 三希成,1976年7月24日生,（注）２,,千株
2669,カネ美食品株式会社,2026-05-25,取締役 常勤監査等委員,白井 恭幸,1965年５月23日生,（注）３,0,千株
2669,カネ美食品株式会社,2026-05-25,取締役 監査等委員,池田 桂子,1956年８月20日生,（注）３,,千株
2669,カネ美食品株式会社,2026-05-25,取締役 監査等委員,佐藤 雅弘,1959年１月10日生,（注）３,,千株
2669,カネ美食品株式会社,2026-05-25,補欠取締役 監査等委員,加藤 克彦,1962年９月21日生,,,千株
2670,株式会社エービーシー・マート,2026-05-25,代表取締役会長,野口 実,1965年12月６日生,(注)３,"186,000",株
2670,株式会社エービーシー・マート,2026-05-25,代表取締役社長,服部 喜一郎,1974年８月13日生,(注)３,600,株
2670,株式会社エービーシー・マート,2026-05-25,取締役 総務人事担当 店舗開発担当 財務経理担当 物流担当,勝沼 清,1963年７月６日生,(注)３,"90,000",株
2670,株式会社エービーシー・マート,2026-05-25,取締役 販売促進担当 生産管理担当,菊池 孝,1968年９月４日生,(注)３,"9,000",株
2670,株式会社エービーシー・マート,2026-05-25,取締役 経営企画室長,石井 寧大,1971年11月３日生,(注)３,"12,600",株
2670,株式会社エービーシー・マート,2026-05-25,取締役,鈴木 浩子,1975年11月23日生,(注)３,,株
2670,株式会社エービーシー・マート,2026-05-25,取締役,佐々木 加奈子,1980年９月29日生,(注)３,,株
2670,株式会社エービーシー・マート,2026-05-25,取締役 (常勤監査等委員),松岡 正,1949年５月15日生,(注)４,,株
2670,株式会社エービーシー・マート,2026-05-25,取締役 (監査等委員),菅原 泰男,1964年２月28日生,(注)４,,株
2670,株式会社エービーシー・マート,2026-05-25,取締役 (監査等委員),小早川 英樹,1957年２月７日生,(注)４,,株
2673,夢みつけ隊株式会社,2026-06-24,代表取締役,佐々木 ベジ,昭和30年９月26日生,(注)２,"5,334",千株
2673,夢みつけ隊株式会社,2026-06-24,取締役,前田 信幸,昭和51年１月25日生,(注)２,0,千株
2673,夢みつけ隊株式会社,2026-06-24,取締役 (監査等委員),田代 秀之,昭和52年７月10日生,(注)３,,千株
2673,夢みつけ隊株式会社,2026-06-24,取締役 (監査等委員),大髙 英夫,昭和40年11月28日生,(注)３,,千株
2673,夢みつけ隊株式会社,2026-06-24,取締役 (監査等委員),小畑 元,昭和23年７月25日生,(注)３,,千株
2673,夢みつけ隊株式会社,2026-06-24,代表取締役,佐々木 ベジ,昭和30年９月26日生,(注)２,"5,334",千株
2673,夢みつけ隊株式会社,2026-06-24,取締役 (監査等委員),田代 秀之,昭和52年７月10日生,(注)３,,千株
2673,夢みつけ隊株式会社,2026-06-24,取締役 (監査等委員),大髙 英夫,昭和40年11月28日生,(注)３,,千株
2673,夢みつけ隊株式会社,2026-06-24,取締役 (監査等委員),小畑 元,昭和23年７月25日生,(注)３,,千株
2674,株式会社ハードオフコーポレーション,2026-06-23,代表取締役 会長,山本 善政,1948年４月１日生,注４,300.0,千株
2674,株式会社ハードオフコーポレーション,2026-06-23,代表取締役 社長,山本 太郎,1980年11月16日生,注４,124.0,千株
2674,株式会社ハードオフコーポレーション,2026-06-23,専務取締役 社長室長兼 経営管理本部長,長橋 健,1967年10月６日生,注４,10.0,千株
2674,株式会社ハードオフコーポレーション,2026-06-23,取締役,渡邊 美栄子,1962年９月６日生,注４,,千株
2674,株式会社ハードオフコーポレーション,2026-06-23,取締役,泉 延喜,1965年７月５日生,注４,,千株
2674,株式会社ハードオフコーポレーション,2026-06-23,常勤監査役,鍋谷 佳人,1968年７月13日生,注５,1.0,千株
2674,株式会社ハードオフコーポレーション,2026-06-23,監査役,渡辺 一男,1956年12月11日生,注５,2.0,千株
2674,株式会社ハードオフコーポレーション,2026-06-23,監査役,吉田 駿,1990年10月30日生,注５,,千株
2676,高千穂交易株式会社,2026-06-22,代表取締役 社長 （社長執行役員）,井出 尊信,1969年３月８日生,(注)２,97,千株
2676,高千穂交易株式会社,2026-06-22,取締役 (常務執行役員),植松 昌澄,1960年６月30日生,(注)２,39,千株
2676,高千穂交易株式会社,2026-06-22,取締役,串間 和彦,1957年２月22日生,(注)２,1,千株
2676,高千穂交易株式会社,2026-06-22,取締役,絹川 幸恵,1964年11月26日生,(注)２,0,千株
2676,高千穂交易株式会社,2026-06-22,取締役 (常勤監査等委員),辰己 一道,1970年４月11日生,(注)３,52,千株
2676,高千穂交易株式会社,2026-06-22,取締役 （監査等委員）,千葉 彰,1953年９月11日生,(注)３,3,千株
2676,高千穂交易株式会社,2026-06-22,取締役 （監査等委員）,木﨑 孝,1964年５月29日生,(注)３,3,千株
2676,高千穂交易株式会社,2026-06-22,代表取締役 社長 （社長執行役員）,井出 尊信,1969年３月８日生,(注)２,97,千株
2676,高千穂交易株式会社,2026-06-22,取締役 (常務執行役員),植松 昌澄,1960年６月30日生,(注)２,39,千株
2676,高千穂交易株式会社,2026-06-22,取締役,串間 和彦,1957年２月22日生,(注)２,1,千株
2676,高千穂交易株式会社,2026-06-22,取締役,絹川 幸恵,1964年11月26日生,(注)２,0,千株
2676,高千穂交易株式会社,2026-06-22,取締役 (常勤監査等委員),辰己 一道,1970年４月11日生,(注)３,52,千株
2676,高千穂交易株式会社,2026-06-22,取締役 （監査等委員）,千葉 彰,1953年９月11日生,(注)３,3,千株
2676,高千穂交易株式会社,2026-06-22,取締役 （監査等委員）,木﨑 孝,1964年５月29日生,(注)３,3,千株
2678,アスクル株式会社,2026-07-30,代表取締役 社長 ＣＥＯ,吉岡 晃,1968年１月12日生,（注）13,29,千株
2678,アスクル株式会社,2026-07-30,取締役 ＣＦＯ,玉井 継尋,1967年６月26日生,（注）13,10,千株
2678,アスクル株式会社,2026-07-30,取締役 ＣＯＯ,川村 勝宏,1959年８月３日生,（注）13,10,千株
2678,アスクル株式会社,2026-07-30,取締役 ＣＴＯ,保苅 真一,1978年３月24日生,（注）13,2,千株
2678,アスクル株式会社,2026-07-30,取締役,市毛 由美子,1961年３月13日生,（注）13,7,千株
2678,アスクル株式会社,2026-07-30,取締役,青山 直美,1966年５月27日生,（注）13,0,千株
2678,アスクル株式会社,2026-07-30,取締役,秋元 里奈,1991年１月21日生,（注）13,1,千株
2678,アスクル株式会社,2026-07-30,取締役,石坂 信也,1966年12月10日生,（注）13,1,千株
2678,アスクル株式会社,2026-07-30,取締役,秀 誠,1979年１月23日生,（注）13,,千株
2678,アスクル株式会社,2026-07-30,取締役 常勤監査等委員,今村 俊郎,1953年３月28日生,（注）14,195,千株
2678,アスクル株式会社,2026-07-30,取締役 監査等委員,塚原 一男,1950年４月17日生,（注）14,3,千株
2678,アスクル株式会社,2026-07-30,取締役 監査等委員,浅枝 芳隆,1956年１月17日生,（注）14,,千株
2678,アスクル株式会社,2026-07-30,取締役 監査等委員,中川 深雪,1964年11月22日生,（注）14,,千株
2678,アスクル株式会社,2026-07-30,代表取締役社長 ＣＥＯ,成松 岳志,1979年２月14日生,（注）８,3,千株
2678,アスクル株式会社,2026-07-30,取締役 ＣＦＯ,玉井 継尋,1967年６月26日生,（注）８,10,千株
2678,アスクル株式会社,2026-07-30,取締役 ＣＴＯ,保苅 真一,1978年３月24日生,（注）８,2,千株
2678,アスクル株式会社,2026-07-30,取締役,秋元 里奈,1991年１月21日生,（注）８,1,千株
2678,アスクル株式会社,2026-07-30,取締役,石坂 信也,1966年12月10日生,（注）８,1,千株
2678,アスクル株式会社,2026-07-30,取締役,秀 誠,1979年１月23日生,（注）８,,千株
2678,アスクル株式会社,2026-07-30,取締役 監査等委員,塚原 一男,1950年４月17日生,（注）９,3,千株
2678,アスクル株式会社,2026-07-30,取締役 監査等委員,浅枝 芳隆,1956年１月17日生,（注）９,,千株
2678,アスクル株式会社,2026-07-30,取締役 監査等委員,中川 深雪,1964年11月22日生,（注）９,,千株
2678,アスクル株式会社,2026-07-30,取締役 監査等委員,栃尾 雅也,1959年８月８日生,（注）10,,千株
2681,株式会社ゲオホールディングス,2026-06-25,代表取締役 社長執行役員,遠藤 結蔵,1978年１月21日生,(注２),"546,000",株
2681,株式会社ゲオホールディングス,2026-06-25,取締役 専務執行役員,久保 幸司,1971年11月20日生,(注２),,株
2681,株式会社ゲオホールディングス,2026-06-25,取締役 専務執行役員,村上 幸正,1968年11月３日生,(注２),"7,500",株
2681,株式会社ゲオホールディングス,2026-06-25,取締役 常務執行役員,今井 則幸,1968年11月17日生,(注２),300,株
2681,株式会社ゲオホールディングス,2026-06-25,取締役 常務執行役員,森田 広史,1968年５月18日生,(注２),"4,100",株
2681,株式会社ゲオホールディングス,2026-06-25,取締役 （注１）,荻野 恒久,1963年４月17日生,(注２),500,株
2681,株式会社ゲオホールディングス,2026-06-25,取締役 （注１）,安田 加奈,1969年４月10日生,(注２),"1,000",株
2681,株式会社ゲオホールディングス,2026-06-25,取締役 （注１）,堀江 容子,1986年12月22日生,(注２),500,株
2681,株式会社ゲオホールディングス,2026-06-25,取締役 常勤監査等委員,笹野 和雄,1948年３月21日生,(注３),"40,000",株
2681,株式会社ゲオホールディングス,2026-06-25,取締役 常勤監査等委員,吉川 恭史,1965年９月28日生,(注３),"56,600",株
2681,株式会社ゲオホールディングス,2026-06-25,取締役 監査等委員 （注１）,小宮山 太,1959年７月11日生,(注３),,株
2681,株式会社ゲオホールディングス,2026-06-25,取締役 監査等委員 （注１）,太田 裕之,1956年９月４日生,(注３),,株
2681,株式会社ゲオホールディングス,2026-06-25,取締役 監査等委員 （注１）,服部 真也,1980年12月19日生,(注３),,株
2683,株式会社魚喜,2026-05-22,代表取締役社長 執行役員 東日本営業本部長,有吉 美和,1974年３月８日生,(注)４,121,千株
2683,株式会社魚喜,2026-05-22,取締役 執行役員 西日本営業本部長,島谷 勝司,1962年12月30日生,(注)４,2,千株
2683,株式会社魚喜,2026-05-22,取締役 相談役,中里 瑛,1946年２月16日生,(注)４,1,千株
2683,株式会社魚喜,2026-05-22,取締役 (監査等委員),三冨 秀雄,1964年３月26日生,(注)５,1,千株
2683,株式会社魚喜,2026-05-22,取締役 (監査等委員),粕谷 まり子,1978年12月15日生,(注)５,0,千株
2683,株式会社魚喜,2026-05-22,取締役 (監査等委員),鈴木 みき,1972年５月31日生,(注)５,0,千株
2685,株式会社アンドエスティＨＤ,2026-05-26,代表取締役社長,福田 泰生,1978年４月11日,(注)３,247(31),千株
2685,株式会社アンドエスティＨＤ,2026-05-26,取締役会長,福田 三千男,1946年７月10日,(注)３,970(47),千株
2685,株式会社アンドエスティＨＤ,2026-05-26,取締役,木村 治,1969年９月２日,(注)３,93(56),千株
2685,株式会社アンドエスティＨＤ,2026-05-26,取締役,水留 浩一,1968年１月26日,(注)３,,千株
2685,株式会社アンドエスティＨＤ,2026-05-26,取締役,松岡 竜大,1972年８月６日,(注)３,,千株
2685,株式会社アンドエスティＨＤ,2026-05-26,取締役,シェイクスピア 悦子,1967年６月20日,(注)３,,千株
2685,株式会社アンドエスティＨＤ,2026-05-26,取締役,リュウ シーチャウ,1984年２月２日,(注)３,,千株
2685,株式会社アンドエスティＨＤ,2026-05-26,取締役 常勤監査等委員,遠藤 洋一,1961年３月28日,(注)４,37,千株
2685,株式会社アンドエスティＨＤ,2026-05-26,取締役 監査等委員,海老原 和彦,1958年３月５日,(注)４,,千株
2685,株式会社アンドエスティＨＤ,2026-05-26,取締役 監査等委員,茂木 香子,1984年２月１日,(注)４,,千株
2685,株式会社アンドエスティＨＤ,2026-05-26,代表取締役社長,福田 泰生,1978年４月11日,(注)３,247(31),千株
2685,株式会社アンドエスティＨＤ,2026-05-26,専務取締役,北村 嘉輝,1976年１月25日,(注)３,49(31),千株
2685,株式会社アンドエスティＨＤ,2026-05-26,取締役,林 正武,1967年５月10日,(注)３,11(1),千株
2685,株式会社アンドエスティＨＤ,2026-05-26,取締役,松岡 竜大,1972年８月６日,(注)３,,千株
2685,株式会社アンドエスティＨＤ,2026-05-26,取締役,シェイクスピア 悦子,1967年６月20日,(注)３,,千株
2685,株式会社アンドエスティＨＤ,2026-05-26,取締役 常勤監査等委員,遠藤 洋一,1961年３月28日,(注)４,37,千株
2685,株式会社アンドエスティＨＤ,2026-05-26,取締役 監査等委員,海老原 和彦,1958年３月５日,(注)４,,千株
2685,株式会社アンドエスティＨＤ,2026-05-26,取締役 監査等委員,茂木 香子,1984年２月１日,(注)４,,千株
2686,株式会社ジーフット,2026-05-25,代表取締役 社長執行役員,木下 尚久,1961年10月９日生,（注）１,8,千株
2686,株式会社ジーフット,2026-05-25,取締役 常務執行役員 商品・マーケティング・ ＥＣ事業担当,上山 功樹,1977年８月27日生,（注）１,,千株
2686,株式会社ジーフット,2026-05-25,取締役 執行役員 管理担当 リスクマネジメント担当 経営管理本部長,熊谷 直義,1965年11月25日生,（注）１,1,千株
2686,株式会社ジーフット,2026-05-25,取締役,濵田 和成,1964年12月30日生,（注）１,,千株
2686,株式会社ジーフット,2026-05-25,社外取締役,川内 由加,1959年12月11日生,（注）１,,千株
2686,株式会社ジーフット,2026-05-25,社外取締役,石津 卓,1970年９月15日生,（注）１,,千株
2686,株式会社ジーフット,2026-05-25,常勤社外監査役,岡本 直登,1964年８月28日生,（注）３,,千株
2686,株式会社ジーフット,2026-05-25,社外監査役,松浦 由子,1974年８月23日生,（注）２,,千株
2686,株式会社ジーフット,2026-05-25,監査役,米満 昭弘,1972年11月20日生,（注）３,,千株
2687,株式会社シー・ヴイ・エス・ベイエリア,2026-05-26,代表取締役 会長,泉 澤 豊,1945年11月28日生,（注）４,"7,258",百株
2687,株式会社シー・ヴイ・エス・ベイエリア,2026-05-26,代表取締役 社長,泉 澤 摩利雄,1972年８月21日生,（注）４,"2,170",百株
2687,株式会社シー・ヴイ・エス・ベイエリア,2026-05-26,取締役 サービス事業本部長,坂 内 太 一,1977年５月12日生,（注）４,1,百株
2687,株式会社シー・ヴイ・エス・ベイエリア,2026-05-26,取締役 事業推進本部長 兼リトリートステイ事業本部長,土 井 章 博,1968年９月30日生,（注）４,10,百株
2687,株式会社シー・ヴイ・エス・ベイエリア,2026-05-26,取締役 (監査等委員),山 下 徳 実,1960年４月４日生,（注）５,,百株
2687,株式会社シー・ヴイ・エス・ベイエリア,2026-05-26,取締役 （監査等委員）,廣 島 武,1963年５月17日生,（注）５,,百株
2687,株式会社シー・ヴイ・エス・ベイエリア,2026-05-26,取締役 （監査等委員),仲 内 光 広,1979年８月４日生,（注）５,,百株
2687,株式会社シー・ヴイ・エス・ベイエリア,2026-05-26,代表取締役 社長,泉 澤 摩利雄,1972年８月21日生,（注）４,"2,170",百株
2687,株式会社シー・ヴイ・エス・ベイエリア,2026-05-26,取締役 会長,泉 澤 豊,1945年11月28日生,（注）４,"7,258",百株
2687,株式会社シー・ヴイ・エス・ベイエリア,2026-05-26,取締役 事業推進本部長 兼リトリートステイ事業本部長,土 井 章 博,1968年９月30日生,（注）４,10,百株
2687,株式会社シー・ヴイ・エス・ベイエリア,2026-05-26,取締役 管理本部長,寺 原 房 江,1979年３月30日生,（注）４,1,百株
2687,株式会社シー・ヴイ・エス・ベイエリア,2026-05-26,取締役 (監査等委員),山 下 徳 実,1960年４月４日生,（注）５,,百株
2687,株式会社シー・ヴイ・エス・ベイエリア,2026-05-26,取締役 （監査等委員）,廣 島 武,1963年５月17日生,（注）５,,百株
2687,株式会社シー・ヴイ・エス・ベイエリア,2026-05-26,取締役 （監査等委員）,栗 元 秀 樹,1971年２月24日生,（注）５,,百株
2689,オルバヘルスケアホールディングス株式会社,2025-09-24,代表取締役 社長,前 島 洋 平,1967年２月５日生,注３,107,千株
2689,オルバヘルスケアホールディングス株式会社,2025-09-24,専務 取締役 経営企画本部長,磯 田 恭 介,1974年９月６日生,注３,6,千株
2689,オルバヘルスケアホールディングス株式会社,2025-09-24,常務 取締役 管理本部長,村 田 宣 治,1975年５月29日生,注３,12,千株
2689,オルバヘルスケアホールディングス株式会社,2025-09-24,常務 取締役 営業本部長,桑 村 勝 之,1974年10月９日生,注３,6,千株
2689,オルバヘルスケアホールディングス株式会社,2025-09-24,取締役,川 元 由喜子,1962年１月10日生,注３,1,千株
2689,オルバヘルスケアホールディングス株式会社,2025-09-24,取締役,北 川 敬 博,1960年１月10日生,注３,0,千株
2689,オルバヘルスケアホールディングス株式会社,2025-09-24,取締役,田久保 善 彦,1970年４月24日生,注３,0,千株
2689,オルバヘルスケアホールディングス株式会社,2025-09-24,常勤 監査役,守 谷 純 一,1963年４月14日生,注４,1,千株
2689,オルバヘルスケアホールディングス株式会社,2025-09-24,監査役,周 東 秀 成,1976年７月12日生,注５,,千株
2689,オルバヘルスケアホールディングス株式会社,2025-09-24,監査役,新 田 東 平,1958年３月26日生,注４,0,千株
2689,オルバヘルスケアホールディングス株式会社,2025-09-24,代表取締役 社長,前 島 洋 平,1967年２月５日生,注３,107,千株
2689,オルバヘルスケアホールディングス株式会社,2025-09-24,専務 取締役 経営企画本部長,磯 田 恭 介,1974年９月６日生,注３,6,千株
2689,オルバヘルスケアホールディングス株式会社,2025-09-24,常務 取締役 管理本部長,村 田 宣 治,1975年５月29日生,注３,12,千株
2689,オルバヘルスケアホールディングス株式会社,2025-09-24,常務 取締役 営業本部長,桑 村 勝 之,1974年10月９日生,注３,6,千株
2689,オルバヘルスケアホールディングス株式会社,2025-09-24,取締役,川 元 由喜子,1962年１月10日生,注３,1,千株
2689,オルバヘルスケアホールディングス株式会社,2025-09-24,取締役,北 川 敬 博,1960年１月10日生,注３,0,千株
2689,オルバヘルスケアホールディングス株式会社,2025-09-24,取締役,田久保 善 彦,1970年４月24日生,注３,0,千株
2689,オルバヘルスケアホールディングス株式会社,2025-09-24,常勤 監査役,守 谷 純 一,1963年４月14日生,注４,1,千株
2689,オルバヘルスケアホールディングス株式会社,2025-09-24,監査役,周 東 秀 成,1976年７月12日生,注５,,千株
2689,オルバヘルスケアホールディングス株式会社,2025-09-24,監査役,新 田 東 平,1958年３月26日生,注４,0,千株
268A,リガク・ホールディングス株式会社,2026-03-24,代表取締役社長,川上 潤,1963年６月12日,(注)３,"72,400",株
268A,リガク・ホールディングス株式会社,2026-03-24,取締役副社長,尾形 潔,1956年12月10日,(注)３,"409,200",株
268A,リガク・ホールディングス株式会社,2026-03-24,社外取締役,富岡 隆臣,1961年10月23日,(注)３,,株
268A,リガク・ホールディングス株式会社,2026-03-24,社外取締役,廣瀬 光雄,1937年３月31日,(注)３,,株
268A,リガク・ホールディングス株式会社,2026-03-24,社外取締役,Andrea Knoblich,1973年８月３日,(注)３,,株
268A,リガク・ホールディングス株式会社,2026-03-24,社外取締役,田口 倫彰,1958年９月26日,(注)３,,株
268A,リガク・ホールディングス株式会社,2026-03-24,社外取締役,江端 貴子,1959年12月22日,(注)３,,株
268A,リガク・ホールディングス株式会社,2026-03-24,監査役,磯貝 龍太,1964年３月29日,(注)４,,株
268A,リガク・ホールディングス株式会社,2026-03-24,監査役 （非常勤）,松尾 知良,1960年８月19日,(注)４,,株
268A,リガク・ホールディングス株式会社,2026-03-24,監査役 （非常勤）,神澤 裕,1956年７月16日,(注)４,,株
268A,リガク・ホールディングス株式会社,2026-03-24,補欠監査役,宇野 総一郎,1963年１月14日,,,株
268A,リガク・ホールディングス株式会社,2026-03-24,補欠監査役,宇野 総一郎,1963年１月14日,,,株
268A,リガク・ホールディングス株式会社,2026-03-24,補欠監査役,宇野 総一郎,1963年１月14日,,,株
268A,リガク・ホールディングス株式会社,2026-03-24,補欠監査役,宇野 総一郎,1963年１月14日,,,株
268A,リガク・ホールディングス株式会社,2026-03-24,補欠監査役,宇野 総一郎,1963年１月14日,,,株
268A,リガク・ホールディングス株式会社,2026-03-24,補欠監査役,宇野 総一郎,1963年１月14日,,,株
268A,リガク・ホールディングス株式会社,2026-03-24,補欠監査役,宇野 総一郎,1963年１月14日,,,株
268A,リガク・ホールディングス株式会社,2026-03-24,代表取締役社長,川上 潤,1963年６月12日,(注)３,"72,400",株
268A,リガク・ホールディングス株式会社,2026-03-24,取締役副社長,尾形 潔,1956年12月10日,(注)３,"409,200",株
268A,リガク・ホールディングス株式会社,2026-03-24,社外取締役,富岡 隆臣,1961年10月23日,(注)３,,株
268A,リガク・ホールディングス株式会社,2026-03-24,社外取締役,Andrea Knoblich,1973年８月３日,(注)３,,株
268A,リガク・ホールディングス株式会社,2026-03-24,社外取締役,田口 倫彰,1958年９月26日,(注)３,,株
268A,リガク・ホールディングス株式会社,2026-03-24,社外取締役,江端 貴子,1959年12月22日,(注)３,,株
268A,リガク・ホールディングス株式会社,2026-03-24,社外取締役,佐々木 一郎,1957年４月30日,(注)３,,株
268A,リガク・ホールディングス株式会社,2026-03-24,監査役,清田 英孝,1962年12月14日,(注)４,,株
268A,リガク・ホールディングス株式会社,2026-03-24,監査役 （非常勤）,松尾 知良,1960年８月19日,(注)４,,株
268A,リガク・ホールディングス株式会社,2026-03-24,監査役 （非常勤）,神澤 裕,1956年７月16日,(注)４,,株
268A,リガク・ホールディングス株式会社,2026-03-24,社外取締役,富岡 隆臣,,,,
268A,リガク・ホールディングス株式会社,2026-03-24,社外取締役,廣瀬 光雄,,,,
268A,リガク・ホールディングス株式会社,2026-03-24,社外取締役,ANDREA KNOBLICH,,,,
268A,リガク・ホールディングス株式会社,2026-03-24,社外取締役,田口 倫彰,,,,
268A,リガク・ホールディングス株式会社,2026-03-24,社外取締役,江端 貴子,,,,
268A,リガク・ホールディングス株式会社,2026-03-24,社外監査役（常勤）,磯貝 龍太,,,,
268A,リガク・ホールディングス株式会社,2026-03-24,社外監査役,松尾 知良,,,,
268A,リガク・ホールディングス株式会社,2026-03-24,社外監査役,神澤 裕,,,,
268A,リガク・ホールディングス株式会社,2026-03-24,社外取締役,富岡 隆臣,,,,
268A,リガク・ホールディングス株式会社,2026-03-24,社外取締役,ANDREA KNOBLICH,,,,
268A,リガク・ホールディングス株式会社,2026-03-24,社外取締役,田口 倫彰,,,,
268A,リガク・ホールディングス株式会社,2026-03-24,社外取締役,江端 貴子,,,,
268A,リガク・ホールディングス株式会社,2026-03-24,社外取締役,佐々木 一郎,,,,
268A,リガク・ホールディングス株式会社,2026-03-24,社外監査役（常勤）,岡山 知弘,,,,
268A,リガク・ホールディングス株式会社,2026-03-24,社外監査役（常勤）,清田 英孝,,,,
268A,リガク・ホールディングス株式会社,2026-03-24,社外監査役,松尾 知良,,,,
268A,リガク・ホールディングス株式会社,2026-03-24,社外監査役,神澤 裕,,,,
2693,ＹＫＴ株式会社,2026-03-25,代表取締役社長,柳 崇博,1959年10月29日生,（注）３,86,千株
2693,ＹＫＴ株式会社,2026-03-25,取締役 電子営業本部長,古閑丸 文明,1965年２月11日生,（注）３,32,千株
2693,ＹＫＴ株式会社,2026-03-25,取締役 経営本部長,山本 庸一,1963年５月21日生,（注）３,"1,938",千株
2693,ＹＫＴ株式会社,2026-03-25,取締役,尾野 恭史,1971年３月８日生,（注）３,,千株
2693,ＹＫＴ株式会社,2026-03-25,常勤監査役,渡邊 勉,1957年６月７日生,（注）４,38,千株
2693,ＹＫＴ株式会社,2026-03-25,監査役,田島 和男,1963年６月20日生,（注）４,,千株
2693,ＹＫＴ株式会社,2026-03-25,監査役,佐藤 悟,1965年１月８日生,（注）４,,千株
2694,株式会社焼肉坂井ホールディングス,2026-06-22,代表取締役 会長,杉本 英雄,1962年４月19日生,(注)３,450,千株
2694,株式会社焼肉坂井ホールディングス,2026-06-22,代表取締役 社長,髙橋 仁志,1968年２月22日生,(注)３,179,千株
2694,株式会社焼肉坂井ホールディングス,2026-06-22,取締役 第二営業 本部長,稲吉 史泰,1972年４月27日生,(注)３,233,千株
2694,株式会社焼肉坂井ホールディングス,2026-06-22,取締役 管理本部長兼 戦略支援本部長,山下 淳,1977年11月８日生,(注)３,182,千株
2694,株式会社焼肉坂井ホールディングス,2026-06-22,取締役,畑中 裕,1960年１月17日生,(注)３,,千株
2694,株式会社焼肉坂井ホールディングス,2026-06-22,取締役,星谷 哲男,1959年８月16日生,(注)３,,千株
2694,株式会社焼肉坂井ホールディングス,2026-06-22,常勤監査役,間宮 友久,1964年４月22日生,(注)４,19,千株
2694,株式会社焼肉坂井ホールディングス,2026-06-22,監査役,佐藤 加代子,1951年４月10日生,(注)４,18,千株
2694,株式会社焼肉坂井ホールディングス,2026-06-22,監査役,小林 明夫,1956年１月３日生,(注)４,,千株
2694,株式会社焼肉坂井ホールディングス,2026-06-22,代表取締役 会長,杉本 英雄,1962年４月19日生,(注)３,450,千株
2694,株式会社焼肉坂井ホールディングス,2026-06-22,代表取締役 社長,髙橋 仁志,1968年２月22日生,(注)３,179,千株
2694,株式会社焼肉坂井ホールディングス,2026-06-22,取締役 第二営業 本部長,稲吉 史泰,1972年４月27日生,(注)３,233,千株
2694,株式会社焼肉坂井ホールディングス,2026-06-22,取締役 管理本部長兼 戦略支援本部長,山下 淳,1977年11月８日生,(注)３,182,千株
2694,株式会社焼肉坂井ホールディングス,2026-06-22,取締役,畑中 裕,1960年１月17日生,(注)３,,千株
2694,株式会社焼肉坂井ホールディングス,2026-06-22,取締役,星谷 哲男,1959年８月16日生,(注)３,,千株
2694,株式会社焼肉坂井ホールディングス,2026-06-22,常勤監査役,間宮 友久,1964年４月22日生,(注)４,19,千株
2694,株式会社焼肉坂井ホールディングス,2026-06-22,監査役,佐藤 加代子,1951年４月10日生,(注)４,18,千株
2694,株式会社焼肉坂井ホールディングス,2026-06-22,監査役,小林 明夫,1956年１月３日生,(注)４,,千株
2695,くら寿司株式会社,2026-01-27,代表取締役社長,田中 邦彦,1951年１月27日生,(注)５,"640,000",株
2695,くら寿司株式会社,2026-01-27,取締役副社長,田中 信,1975年３月26日生,(注)５,"1,500,000",株
2695,くら寿司株式会社,2026-01-27,取締役 環境事業本部長,田中 節子,1949年３月31日生,(注)５,"480,000",株
2695,くら寿司株式会社,2026-01-27,取締役 店舗開発本部長,尾越 健二,1976年８月20日生,(注)５,"5,396",株
2695,くら寿司株式会社,2026-01-27,取締役 広報・ＩＲ本部長,岡本 浩之,1962年２月22日生,(注)５,"2,000",株
2695,くら寿司株式会社,2026-01-27,取締役 人事本部長,勝見 哲平,1982年１月３日生,(注)５,"2,090",株
2695,くら寿司株式会社,2026-01-27,取締役,榎本 弘一,1956年７月２日生,(注)５,,株
2695,くら寿司株式会社,2026-01-27,取締役 （常勤監査等委員）,山本 保,1949年10月２日生,(注)６,,株
2695,くら寿司株式会社,2026-01-27,取締役 （監査等委員）,大田口 宏,1974年８月26日生,(注)６,,株
2695,くら寿司株式会社,2026-01-27,取締役 （監査等委員）,北川 洋士,1976年７月21日生,(注)６,,株
2695,くら寿司株式会社,2026-01-27,代表取締役社長,田中 邦彦,1951年１月27日生,(注)５,"640,000",株
2695,くら寿司株式会社,2026-01-27,取締役副社長,田中 信,1975年３月26日生,(注)５,"1,500,000",株
2695,くら寿司株式会社,2026-01-27,取締役 環境事業本部長,田中 節子,1949年３月31日生,(注)５,"480,000",株
2695,くら寿司株式会社,2026-01-27,取締役 店舗開発本部長,尾越 健二,1976年８月20日生,(注)５,"5,396",株
2695,くら寿司株式会社,2026-01-27,取締役 広報・ＩＲ本部長,岡本 浩之,1962年２月22日生,(注)５,"2,000",株
2695,くら寿司株式会社,2026-01-27,取締役 人事本部長,勝見 哲平,1982年１月３日生,(注)５,"2,090",株
2695,くら寿司株式会社,2026-01-27,取締役,榎本 弘一,1956年７月２日生,(注)５,,株
2695,くら寿司株式会社,2026-01-27,取締役 （常勤監査等委員）,山本 保,1949年10月２日生,(注)６,,株
2695,くら寿司株式会社,2026-01-27,取締役 （監査等委員）,大田口 宏,1974年８月26日生,(注)６,,株
2695,くら寿司株式会社,2026-01-27,取締役 （監査等委員）,北川 洋士,1976年７月21日生,(注)６,,株
2698,株式会社キャンドゥ,2026-05-25,代表取締役 社長,城戸 一弥,1985年７月９日生,（注）３,"1,749,600",株
2698,株式会社キャンドゥ,2026-05-25,取締役 ＤＸ・業務改革推進担当,望月 園枝,1966年３月７日生,（注）３,"12,000",株
2698,株式会社キャンドゥ,2026-05-25,取締役 （非常勤）,吉田 昭夫,1960年５月26日生,（注）３,,株
2698,株式会社キャンドゥ,2026-05-25,取締役,草島 智咲,1965年４月８日生,（注）３,,株
2698,株式会社キャンドゥ,2026-05-25,取締役 （常勤監査等委員）,岡田 浩史,1963年２月１日生,（注）４,500,株
2698,株式会社キャンドゥ,2026-05-25,取締役 （監査等委員）,飯田 直樹,1965年２月14日生,（注）４,,株
2698,株式会社キャンドゥ,2026-05-25,取締役 （監査等委員）,中川 ゆき子,1969年２月16日生,（注）４,,株
2698,株式会社キャンドゥ,2026-05-25,代表取締役 社長,城戸 一弥,1985年７月９日生,（注）３,"1,749,600",株
2698,株式会社キャンドゥ,2026-05-25,取締役 ＤＸ 業務改革推進・店舗開発担当,望月 園枝,1966年３月７日生,（注）３,"12,000",株
2698,株式会社キャンドゥ,2026-05-25,取締役 非常勤,古澤 康之,1972年10月21日生,（注）３,,株
2698,株式会社キャンドゥ,2026-05-25,取締役,草島 智咲,1965年４月８日生,（注）３,,株
2698,株式会社キャンドゥ,2026-05-25,取締役 （常勤監査等委員）,岡田 浩史,1963年２月１日生,（注）４,500,株
2698,株式会社キャンドゥ,2026-05-25,取締役 （監査等委員）,飯田 直樹,1965年２月14日生,（注）４,,株
2698,株式会社キャンドゥ,2026-05-25,取締役 （監査等委員）,中川 ゆき子,1969年２月16日生,（注）４,,株
269A,株式会社Ｓａｐｅｅｔ,2025-12-19,代表取締役社長,築山 英治,1991年５月28日生,（注）２,"311,000",株
269A,株式会社Ｓａｐｅｅｔ,2025-12-19,取締役 AI・DX事業本部長,尾形 友里恵 （戸籍名： 広部 友里恵）,1992年３月11日生,（注）２,"4,800",株
269A,株式会社Ｓａｐｅｅｔ,2025-12-19,取締役 経営管理本部長,佐藤 琢治,1979年９月11日生,（注）２,,株
269A,株式会社Ｓａｐｅｅｔ,2025-12-19,取締役 常勤監査等委員,前山 義一,1965年８月８日生,（注）３,,株
269A,株式会社Ｓａｐｅｅｔ,2025-12-19,取締役 監査等委員,竹村 純也,1971年２月７日生,（注）３,,株
269A,株式会社Ｓａｐｅｅｔ,2025-12-19,取締役 監査等委員,三浦 千絵,1981年２月13日生,（注）３,,株
269A,株式会社Ｓａｐｅｅｔ,2025-12-19,代表取締役社長,築山 英治,1991年５月28日生,（注）２,"311,000",株
269A,株式会社Ｓａｐｅｅｔ,2025-12-19,取締役 AI・DX事業本部長,尾形 友里恵 （戸籍名： 広部 友里恵）,1992年３月11日生,（注）２,"4,800",株
269A,株式会社Ｓａｐｅｅｔ,2025-12-19,取締役 経営管理本部長,佐藤 琢治,1979年９月11日生,（注）２,,株
269A,株式会社Ｓａｐｅｅｔ,2025-12-19,取締役 常勤監査等委員,前山 義一,1965年８月８日生,（注）３,,株
269A,株式会社Ｓａｐｅｅｔ,2025-12-19,取締役 監査等委員,竹村 純也,1971年２月７日生,（注）３,,株
269A,株式会社Ｓａｐｅｅｔ,2025-12-19,取締役 監査等委員,三浦 千絵,1981年２月13日生,（注）３,,株
2700,木徳神糧株式会社,2026-03-25,代表取締役社長 営業本部長,鎌田 慶彦,1959年10月16日生,(注）３,199,百株
2700,木徳神糧株式会社,2026-03-25,取締役会長 営業本部米穀事業本部長,竹内 伸夫,1957年７月30日生,(注）３,197,百株
2700,木徳神糧株式会社,2026-03-25,取締役常務執行役員 管理部門統括,稲垣 英樹,1962年10月24日生,(注）３,610,百株
2700,木徳神糧株式会社,2026-03-25,取締役常務執行役員 社長室長,管 益成,1973年11月14日生,(注）３,76,百株
2700,木徳神糧株式会社,2026-03-25,取締役執行役員 営業本部海外事業統括,山田 智基,1973年８月13日生,(注）３,237,百株
2700,木徳神糧株式会社,2026-03-25,取締役執行役員 営業本部米穀事業本部副本部長 東日本地区統括,今野 稔,1969年１月19日生,(注）３,60,百株
2700,木徳神糧株式会社,2026-03-25,取締役執行役員 営業本部飼料事業統括 開発事業統括,鈴木 平,1976年10月21日生,(注）３,76,百株
2700,木徳神糧株式会社,2026-03-25,取締役,柏原 幸代,1973年８月20日生,(注）３,,百株
2700,木徳神糧株式会社,2026-03-25,常勤監査役,谷本 和則,1961年１月19日生,(注）４,31,百株
2700,木徳神糧株式会社,2026-03-25,監査役,鈴木 昌治,1954年12月６日生,(注）５,7,百株
2700,木徳神糧株式会社,2026-03-25,監査役,尾﨑 達夫,1960年８月２日生,(注）６,2,百株
2700,木徳神糧株式会社,2026-03-25,代表取締役社長 営業本部長,鎌田 慶彦,1959年10月16日生,(注）３,199,百株
2700,木徳神糧株式会社,2026-03-25,取締役会長 営業本部米穀事業本部長,竹内 伸夫,1957年７月30日生,(注）３,197,百株
2700,木徳神糧株式会社,2026-03-25,取締役常務執行役員 管理部門統括,稲垣 英樹,1962年10月24日生,(注）３,610,百株
2700,木徳神糧株式会社,2026-03-25,取締役常務執行役員 社長室長,管 益成,1973年11月14日生,(注）３,76,百株
2700,木徳神糧株式会社,2026-03-25,取締役執行役員 営業本部海外事業統括,山田 智基,1973年８月13日生,(注）３,237,百株
2700,木徳神糧株式会社,2026-03-25,取締役執行役員 営業本部米穀事業本部副本部長 東日本地区統括,今野 稔,1969年１月19日生,(注）３,60,百株
2700,木徳神糧株式会社,2026-03-25,取締役執行役員 営業本部飼料事業統括 開発事業統括,鈴木 平,1976年10月21日生,(注）３,76,百株
2700,木徳神糧株式会社,2026-03-25,取締役,柏原 幸代,1973年８月20日生,(注）３,,百株
2700,木徳神糧株式会社,2026-03-25,常勤監査役,谷本 和則,1961年１月19日生,(注）４,31,百株
2700,木徳神糧株式会社,2026-03-25,監査役,鈴木 昌治,1954年12月６日生,(注）５,7,百株
2700,木徳神糧株式会社,2026-03-25,監査役,尾﨑 達夫,1960年８月２日生,(注）６,2,百株
2702,日本マクドナルドホールディングス株式会社,2026-03-19,代表取締役 社長兼 最高経営 責任者 （CEO）,トーマス・コウ,1975年７月16日生,(注)３,,百株
2702,日本マクドナルドホールディングス株式会社,2026-03-19,取締役,ズナイデン房子,1964年９月９日生,(注)４,2,百株
2702,日本マクドナルドホールディングス株式会社,2026-03-19,取締役,斎藤 由希子,1971年10月30日生,(注)４,1,百株
2702,日本マクドナルドホールディングス株式会社,2026-03-19,取締役,ヨー・ センペルズ,1967年12月21日生,(注)３,,百株
2702,日本マクドナルドホールディングス株式会社,2026-03-19,取締役,ニコラス・ピザ,1974年２月１日生,(注)４,,百株
2702,日本マクドナルドホールディングス株式会社,2026-03-19,取締役,上田 昌孝,1955年４月５日生,(注)３,2,百株
2702,日本マクドナルドホールディングス株式会社,2026-03-19,取締役,高橋 鉄,1956年10月24日生,(注)３,,百株
2702,日本マクドナルドホールディングス株式会社,2026-03-19,取締役,田代 祐子,1954年３月14日生,(注)４,,百株
2702,日本マクドナルドホールディングス株式会社,2026-03-19,常勤監査役,梶山 園子,1968年５月３日生,(注)６,,百株
2702,日本マクドナルドホールディングス株式会社,2026-03-19,監査役,本多 慶行,1956年１月８日生,(注)６,,百株
2702,日本マクドナルドホールディングス株式会社,2026-03-19,監査役,浜辺 真紀子,1964年８月28日生,(注)５,,百株
2702,日本マクドナルドホールディングス株式会社,2026-03-19,代表取締役社長兼 最高経営責任者（CEO）,トーマス・コウ,1975年７月16日生,(注)３,,百株
2702,日本マクドナルドホールディングス株式会社,2026-03-19,取締役,ズナイデン房子,1964年９月９日生,(注)５,2,百株
2702,日本マクドナルドホールディングス株式会社,2026-03-19,取締役,斎藤 由希子,1971年10月30日生,(注)５,1,百株
2702,日本マクドナルドホールディングス株式会社,2026-03-19,取締役,ニコラス・ピザ,1974年２月１日生,(注)５,,百株
2702,日本マクドナルドホールディングス株式会社,2026-03-19,取締役,ダリオ・ バローニ,1973年８月27日生,(注)３,,百株
2702,日本マクドナルドホールディングス株式会社,2026-03-19,取締役,ジョセフ・ チチェフスキー,1989年１月16日生,(注)３,,百株
2702,日本マクドナルドホールディングス株式会社,2026-03-19,取締役,高橋 鉄,1956年10月24日生,(注)３,,百株
2702,日本マクドナルドホールディングス株式会社,2026-03-19,取締役,田代 祐子,1954年３月14日生,(注)５,,百株
2702,日本マクドナルドホールディングス株式会社,2026-03-19,取締役,仲條 亮子,1967年12月26日生,(注)３,,百株
2702,日本マクドナルドホールディングス株式会社,2026-03-19,常任監査役,梶山 園子,1968年５月３日生,(注)５,,百株
2702,日本マクドナルドホールディングス株式会社,2026-03-19,監査役,エイミー・ ローク,1988年４月18日生,(注)４,,百株
2702,日本マクドナルドホールディングス株式会社,2026-03-19,監査役,本多 慶行,1956年１月８日生,(注)５,,百株
2702,日本マクドナルドホールディングス株式会社,2026-03-19,監査役,浜辺 真紀子,1964年８月28日生,(注)５,,百株
2705,株式会社大戸屋ホールディングス,2026-06-19,代表取締役 社長,蔵人 賢樹,1979年１月25日生,(注)１,普通株式 15,千株
2705,株式会社大戸屋ホールディングス,2026-06-19,取締役 経営管理本部長,橋澤 順,1979年１月18日生,(注)１,普通株式 4,千株
2705,株式会社大戸屋ホールディングス,2026-06-19,取締役,日下 好広,1975年４月10日生,(注)１,普通株式 1,千株
2705,株式会社大戸屋ホールディングス,2026-06-19,取締役,三森 智仁,1989年３月９日生,(注) １、３,,千株
2705,株式会社大戸屋ホールディングス,2026-06-19,取締役,小濵 直人,1965年８月19日生,(注) １、２,,千株
2705,株式会社大戸屋ホールディングス,2026-06-19,取締役,山田 奈央子,1978年10月31日生,(注) １、２ ６,,千株
2705,株式会社大戸屋ホールディングス,2026-06-19,取締役 （監査等委員）,下村 治,1959年３月４日生,(注)５,,千株
2705,株式会社大戸屋ホールディングス,2026-06-19,取締役 （監査等委員）,田村 吉央,1982年７月５日生,(注) ２、５,,千株
2705,株式会社大戸屋ホールディングス,2026-06-19,取締役 （監査等委員）,大場 睦子,1986年５月19日生,(注) ２、５,,千株
2705,株式会社大戸屋ホールディングス,2026-06-19,代表取締役社長,三森 智仁,1989年３月９日生,(注)１,,千株
2705,株式会社大戸屋ホールディングス,2026-06-19,取締役,新井 健治,1980年１月21日生,(注)１,普通株式 1,千株
2705,株式会社大戸屋ホールディングス,2026-06-19,取締役,小濵 直人,1965年８月19日生,(注) １、２,,千株
2705,株式会社大戸屋ホールディングス,2026-06-19,取締役,山田 奈央子,1978年10月31日生,(注) １、２ ５,,千株
2705,株式会社大戸屋ホールディングス,2026-06-19,取締役 （監査等委員）,下村 治,1959年３月４日生,(注)４,,千株
2705,株式会社大戸屋ホールディングス,2026-06-19,取締役 （監査等委員）,田村 吉央,1982年７月５日生,(注) ２、４,,千株
2705,株式会社大戸屋ホールディングス,2026-06-19,取締役 （監査等委員）,大場 睦子,1986年５月19日生,(注) ２、４,,千株
2708,株式会社久世,2026-06-23,取締役会長,久 世 健 吉,1945年８月30日生,(注1）,"475,625",株
2708,株式会社久世,2026-06-23,代表取締役社長,久 世 真 也,1972年９月27日生,(注1),"291,750",株
2708,株式会社久世,2026-06-23,専務取締役,吉 田 弘 之,1967年10月18日生,（注1),900,株
2708,株式会社久世,2026-06-23,常務取締役,加 藤 広 忠,1955年11月22日生,(注1),"10,000",株
2708,株式会社久世,2026-06-23,取締役,井 出 譲 二,1973年11月27日生,(注1),200,株
2708,株式会社久世,2026-06-23,取締役,鈴 木 嘉 一,1962年４月２日生,(注1),,株
2708,株式会社久世,2026-06-23,取締役,伊能 美和子,1964年10月11日生,(注1),,株
2708,株式会社久世,2026-06-23,常勤監査役,後 藤 明 彦,1954年８月27日生,(注2),"3,300",株
2708,株式会社久世,2026-06-23,常勤監査役,市 川 明 夫,1962年10月19日生,(注3),900,株
2708,株式会社久世,2026-06-23,監査役,和井田 堯彦,1942年５月22日生,(注4）,,株
2708,株式会社久世,2026-06-23,監査役,吉 武 靖 浩,1967年11月22日生,(注5),─,株
2721,株式会社ジェイホールディングス,2026-03-30,代表取締役社長,眞野 定也,1976年５月25日生,（注）1,,株
2721,株式会社ジェイホールディングス,2026-03-30,取締役 管理本部長,中山 宏一,1978年５月12日生,（注）1,,株
2721,株式会社ジェイホールディングス,2026-03-30,取締役 財務担当,山室 敬史,1986年１月27日生,（注）1,,株
2721,株式会社ジェイホールディングス,2026-03-30,取締役,浅田 大,1978年10月25日生,"（注）1,５",,株
2721,株式会社ジェイホールディングス,2026-03-30,常勤監査役,刈谷 龍太,1983年11月22日生,"（注） ２,６",,株
2721,株式会社ジェイホールディングス,2026-03-30,監査役,四方 直樹,1974年１月６日生,"（注） ３,６",,株
2721,株式会社ジェイホールディングス,2026-03-30,監査役,関口 常裕,1984年11月16日生,"（注） ４,６",,株
2722,株式会社ＩＫホールディングス,2026-08-26,取締役会長,飯 田 裕,1955年３月23日生,（注）2,"178,100",株
2722,株式会社ＩＫホールディングス,2026-08-26,代表取締役社長,長 野 庄 吾,1969年12月25日生,（注）2,"76,600",株
2722,株式会社ＩＫホールディングス,2026-08-26,常務取締役 管理統括,高 橋 伸 宜,1959年４月27日生,（注）2,"53,700",株
2722,株式会社ＩＫホールディングス,2026-08-26,取締役 監査等委員 （常勤）,山 本 あつ美,1976年９月21日生,（注）3,,株
2722,株式会社ＩＫホールディングス,2026-08-26,取締役 監査等委員,和 田 圭 介,1979年２月26日生,（注）3,,株
2722,株式会社ＩＫホールディングス,2026-08-26,取締役 監査等委員,大 庭 崇 彦,1981年４月30日生,（注）3,,株
2726,株式会社パルグループホールディングス,2026-05-26,代表取締役 会長兼社長,児 島 宏 文,1960年11月30日生,(注)1,"235,644",株
2726,株式会社パルグループホールディングス,2026-05-26,取締役 副会長,渡 辺 隆 代,1962年２月９日生,(注)1,"1,405,146",株
2726,株式会社パルグループホールディングス,2026-05-26,専務取締役,井 上 隆 太,1965年６月８日生,(注)1,"9,847,344",株
2726,株式会社パルグループホールディングス,2026-05-26,取締役 専務執行役員,為 田 招 志,1957年６月１日生,(注)1,"2,000",株
2726,株式会社パルグループホールディングス,2026-05-26,取締役 専務執行役員,嶋 尾 博 光,1961年３月５日生,(注)1,"7,400",株
2726,株式会社パルグループホールディングス,2026-05-26,取締役,寺 西 賢 作,1951年11月28日生,(注)1,,株
2726,株式会社パルグループホールディングス,2026-05-26,取締役,新 井 良 亮,1946年９月１日生,(注)1,,株
2726,株式会社パルグループホールディングス,2026-05-26,取締役,三 浦 清,1957年７月３日生,(注)1,,株
2726,株式会社パルグループホールディングス,2026-05-26,常勤監査役,藤 井 利 雄,1957年12月15日生,2023年5月～ 2027年5月,,株
2726,株式会社パルグループホールディングス,2026-05-26,監査役,平 野 惠 稔,1963年５月９日生,2024年5月～ 2028年5月,,株
2726,株式会社パルグループホールディングス,2026-05-26,監査役,中 澤 未 生 子,1974年４月９日生,2022年5月～ 2026年5月,,株
2726,株式会社パルグループホールディングス,2026-05-26,代表取締役 会長兼社長,児 島 宏 文,1960年11月30日生,(注)1,"235,644",株
2726,株式会社パルグループホールディングス,2026-05-26,取締役 副会長,渡 辺 隆 代,1962年２月９日生,(注)1,"1,405,146",株
2726,株式会社パルグループホールディングス,2026-05-26,専務取締役,井 上 隆 太,1965年６月８日生,(注)1,"9,847,344",株
2726,株式会社パルグループホールディングス,2026-05-26,取締役 専務執行役員,為 田 招 志,1957年６月１日生,(注)1,"2,000",株
2726,株式会社パルグループホールディングス,2026-05-26,取締役 専務執行役員,嶋 尾 博 光,1961年３月５日生,(注)1,"7,400",株
2726,株式会社パルグループホールディングス,2026-05-26,取締役 執行役員 経営企画室長,井 上 真 央,1995年12月23日生,(注)1,"310,790",株
2726,株式会社パルグループホールディングス,2026-05-26,取締役,新 井 良 亮,1946年９月１日生,(注)1,,株
2726,株式会社パルグループホールディングス,2026-05-26,取締役,三 浦 清,1957年７月３日生,(注)1,,株
2726,株式会社パルグループホールディングス,2026-05-26,取締役,金 谷 卓 実,1964年４月21日生,(注)1,,株
2726,株式会社パルグループホールディングス,2026-05-26,取締役,中 澤 未 生 子,1974年４月９日生,(注)1,,株
2726,株式会社パルグループホールディングス,2026-05-26,常勤監査役,藤 井 利 雄,1957年12月15日生,2023年5月～ 2027年5月,,株
2726,株式会社パルグループホールディングス,2026-05-26,監査役,平 野 惠 稔,1963年５月９日生,2024年5月～ 2028年5月,,株
2726,株式会社パルグループホールディングス,2026-05-26,監査役,小 田 切 智 美,1972年４月28日生,2026年5月～ 2030年5月,,株
272A,株式会社グリーンクロスホールディングス,2026-07-27,代表取締役社長,久保 孝二,昭和46年２月１日生,(注)４,122,千株
272A,株式会社グリーンクロスホールディングス,2026-07-27,取締役,中本 堅太郎,昭和47年２月11日生,(注)４,33,千株
272A,株式会社グリーンクロスホールディングス,2026-07-27,取締役,松本 光一郎,昭和49年７月５日生,(注)４,21,千株
272A,株式会社グリーンクロスホールディングス,2026-07-27,取締役 (監査等委員),首藤 英樹,昭和47年８月３日生,(注)５,,千株
272A,株式会社グリーンクロスホールディングス,2026-07-27,取締役 (監査等委員),山﨑 健治,昭和25年９月１日生,(注)５,,千株
272A,株式会社グリーンクロスホールディングス,2026-07-27,取締役 (監査等委員),住吉 良久,昭和21年８月９日生,(注)５,,千株
272A,株式会社グリーンクロスホールディングス,2026-07-27,代表取締役社長,久保 孝二,昭和46年２月１日生,(注)４,122,千株
272A,株式会社グリーンクロスホールディングス,2026-07-27,取締役,中本 堅太郎,昭和47年２月11日生,(注)４,33,千株
272A,株式会社グリーンクロスホールディングス,2026-07-27,取締役,松本 光一郎,昭和49年７月５日生,(注)４,21,千株
272A,株式会社グリーンクロスホールディングス,2026-07-27,取締役 (監査等委員),首藤 英樹,昭和47年８月３日生,(注)５,,千株
272A,株式会社グリーンクロスホールディングス,2026-07-27,取締役 (監査等委員),山﨑 健治,昭和25年９月１日生,(注)５,,千株
272A,株式会社グリーンクロスホールディングス,2026-07-27,取締役 (監査等委員),住吉 良久,昭和21年８月９日生,(注)５,,千株
272A,株式会社グリーンクロスホールディングス,2026-07-27,取締役 （監査等委員）,佐藤 栄作,昭和45年１月17日生,(注)５,,千株
2730,株式会社エディオン,2026-06-23,代表取締役 会長執行役員CEO,久保 允誉,1950年２月18日生,（注）２,"2,279",千株
2730,株式会社エディオン,2026-06-23,代表取締役 副会長執行役員,山﨑 徳雄,1957年１月15日生,（注）２,82,千株
2730,株式会社エディオン,2026-06-23,代表取締役 社長執行役員COO,髙橋 浩三,1961年９月12日生,（注）２,54,千株
2730,株式会社エディオン,2026-06-23,取締役 常務執行役員 経営企画本部長 兼 ＩＲ管掌,石田 亜紀,1972年８月21日生,（注）２,19,千株
2730,株式会社エディオン,2026-06-23,取締役 上席執行役員 営業本部長,井上 利郎,1970年12月24日生,（注）２,11,千株
2730,株式会社エディオン,2026-06-23,取締役 上席執行役員 物流サービス本部長,池畑 裕次,1964年7月５日生,（注）２,48,千株
2730,株式会社エディオン,2026-06-23,取締役 上席執行役員 開発戦略本部長,藤原 弘和,1967年10月29日生,（注）２,24,千株
2730,株式会社エディオン,2026-06-23,取締役,石橋 省三,1949年７月５日生,（注）２,,千株
2730,株式会社エディオン,2026-06-23,取締役,髙木 施文,1962年12月23日生,（注）２,,千株
2730,株式会社エディオン,2026-06-23,取締役,眞弓 奈穗子,1955年10月29日生,（注）２,,千株
2730,株式会社エディオン,2026-06-23,取締役,福島 淑彦,1963年10月30日生,（注）２,,千株
2730,株式会社エディオン,2026-06-23,取締役,森 忠嗣,1963年９月22日生,（注）２,1,千株
2730,株式会社エディオン,2026-06-23,取締役 （常勤監査等委員）,山根 よしえ,1966年８月５日生,（注）３,6,千株
2730,株式会社エディオン,2026-06-23,取締役 （監査等委員）,福田 有希,1963年７月30日生,（注）３,,千株
2730,株式会社エディオン,2026-06-23,取締役 （監査等委員）,坂井 義清,1956年10月10日生,（注）３,,千株
2730,株式会社エディオン,2026-06-23,取締役 （監査等委員）,清水 英昭,1958年７月15日生,（注）３,,千株
2730,株式会社エディオン,2026-06-23,代表取締役 会長執行役員CEO,久保 允誉,1950年２月18日生,（注）２,"2,279",千株
2730,株式会社エディオン,2026-06-23,代表取締役 副会長執行役員,山﨑 徳雄,1957年１月15日生,（注）２,82,千株
2730,株式会社エディオン,2026-06-23,代表取締役 社長執行役員COO,髙橋 浩三,1961年９月12日生,（注）２,54,千株
2730,株式会社エディオン,2026-06-23,取締役 常務執行役員 経営企画本部長 兼 ＩＲ管掌,石田 亜紀,1972年８月21日生,（注）２,19,千株
2730,株式会社エディオン,2026-06-23,取締役 上席執行役員 営業本部長,井上 利郎,1970年12月24日生,（注）２,11,千株
2730,株式会社エディオン,2026-06-23,取締役 上席執行役員 物流サービス本部長,池畑 裕次,1964年7月５日生,（注）２,48,千株
2730,株式会社エディオン,2026-06-23,取締役,石橋 省三,1949年７月５日生,（注）２,,千株
2730,株式会社エディオン,2026-06-23,取締役,髙木 施文,1962年12月23日生,（注）２,,千株
2730,株式会社エディオン,2026-06-23,取締役,眞弓 奈穗子,1955年10月29日生,（注）２,,千株
2730,株式会社エディオン,2026-06-23,取締役,福島 淑彦,1963年10月30日生,（注）２,,千株
2730,株式会社エディオン,2026-06-23,取締役,森 忠嗣,1963年９月22日生,（注）２,1,千株
2730,株式会社エディオン,2026-06-23,取締役,後藤 研二,1968年12月21日生,（注）２,,千株
2730,株式会社エディオン,2026-06-23,取締役 （常勤監査等委員）,山根 よしえ,1966年８月５日生,（注）３,6,千株
2730,株式会社エディオン,2026-06-23,取締役 （監査等委員）,福田 有希,1963年７月30日生,（注）３,,千株
2730,株式会社エディオン,2026-06-23,取締役 （監査等委員）,坂井 義清,1956年10月10日生,（注）３,,千株
2730,株式会社エディオン,2026-06-23,取締役 （監査等委員）,清水 英昭,1958年７月15日生,（注）３,,千株
2733,株式会社あらた,2026-06-19,取締役会長,須崎 裕明,1955年10月25日生,注３,12,千株
2733,株式会社あらた,2026-06-19,代表取締役 社長執行役員 経営戦略本部長,東風谷 誠一,1966年２月23日生,注３,3,千株
2733,株式会社あらた,2026-06-19,取締役 副社長執行役員 管理統括本部長 兼IT改革DX推進本部長,瓜生 善郎,1970年１月16日生,注３,113,千株
2733,株式会社あらた,2026-06-19,取締役 専務執行役員 商品本部長,畑中 秀太,1975年６月18日生,注３,98,千株
2733,株式会社あらた,2026-06-19,取締役,水野 昭人,1963年12月20日生,注３,7,千株
2733,株式会社あらた,2026-06-19,社外取締役,那須 雄次,1955年６月14日生,注１．３,,千株
2733,株式会社あらた,2026-06-19,社外取締役,八尾 紀子,1967年８月27日生,注１．３,,千株
2733,株式会社あらた,2026-06-19,社外取締役,小西 規雄,1958年２月13日生,注１．３,,千株
2733,株式会社あらた,2026-06-19,社外取締役 （監査等委員）,武藤 雅俊,1956年１月９日生,注２．４,,千株
2733,株式会社あらた,2026-06-19,社外取締役 （監査等委員）,坂本 倫子,1974年５月11日生,注２．４,,千株
2733,株式会社あらた,2026-06-19,社外取締役 （監査等委員）,牟禮 恵美子,1969年１月11日生,注２．４,,千株
2733,株式会社あらた,2026-06-19,取締役会長,須崎 裕明,1955年10月25日生,注３,12,千株
2733,株式会社あらた,2026-06-19,代表取締役 社長執行役員 経営戦略本部長,東風谷 誠一,1966年２月23日生,注３,3,千株
2733,株式会社あらた,2026-06-19,取締役 副社長執行役員 管理統括本部長 兼IT改革DX推進本部長,瓜生 善郎,1970年１月16日生,注３,113,千株
2733,株式会社あらた,2026-06-19,取締役 専務執行役員 商品本部長,畑中 秀太,1975年６月18日生,注３,98,千株
2733,株式会社あらた,2026-06-19,取締役,水野 昭人,1963年12月20日生,注３,7,千株
2733,株式会社あらた,2026-06-19,社外取締役,那須 雄次,1955年６月14日生,注１．３,,千株
2733,株式会社あらた,2026-06-19,社外取締役,小西 規雄,1958年２月13日生,注１．３,,千株
2733,株式会社あらた,2026-06-19,社外取締役,及川 剛,1961年７月22日生,注１．３,,千株
2733,株式会社あらた,2026-06-19,取締役 （監査等委員）,高橋 輝,1963年８月１日生,注４,7,千株
2733,株式会社あらた,2026-06-19,社外取締役 （監査等委員）,武藤 雅俊,1956年１月９日生,注２．５,,千株
2733,株式会社あらた,2026-06-19,社外取締役 （監査等委員）,坂本 倫子,1974年５月11日生,注２．５,,千株
2733,株式会社あらた,2026-06-19,社外取締役 （監査等委員）,牟禮 恵美子,1969年１月11日生,注２．５,,千株
2734,株式会社サーラコーポレーション,2026-02-16,代表取締役社長 兼 グループ代表・CEO,神野 吾郎,1960年８月29日生,（注）２,"1,384",千株
2734,株式会社サーラコーポレーション,2026-02-16,常務取締役,渡会 隆行,1972年12月12日生,（注）２,13,千株
2734,株式会社サーラコーポレーション,2026-02-16,取締役,榑林 孝尚,1957年３月16日生,（注）２,29,千株
2734,株式会社サーラコーポレーション,2026-02-16,取締役,鈴木 敬太郎,1964年10月12日生,（注）２,47,千株
2734,株式会社サーラコーポレーション,2026-02-16,取締役,大辻 祥子,1972年１月３日生,（注）２,15,千株
2734,株式会社サーラコーポレーション,2026-02-16,取締役,一柳 良雄,1946年１月３日生,（注）２,66,千株
2734,株式会社サーラコーポレーション,2026-02-16,取締役,大久保 和孝,1973年３月22日生,（注）２,4,千株
2734,株式会社サーラコーポレーション,2026-02-16,取締役 （常勤監査等委員）,武川 裕樹,1966年５月20日生,（注）３,15,千株
2734,株式会社サーラコーポレーション,2026-02-16,取締役 （監査等委員）,村松 奈緒美,1972年７月20日生,（注）３,,千株
2734,株式会社サーラコーポレーション,2026-02-16,取締役 （監査等委員）,安形 哲夫,1953年４月26日生,（注）３,,千株
2734,株式会社サーラコーポレーション,2026-02-16,代表取締役社長 兼 グループ代表・CEO,神野 吾郎,1960年８月29日生,（注）２,"1,384",千株
2734,株式会社サーラコーポレーション,2026-02-16,代表取締役常務,渡会 隆行,1972年12月12日生,（注）２,13,千株
2734,株式会社サーラコーポレーション,2026-02-16,取締役,鈴木 敬太郎,1964年10月12日生,（注）２,47,千株
2734,株式会社サーラコーポレーション,2026-02-16,取締役,大辻 祥子,1972年１月３日生,（注）２,15,千株
2734,株式会社サーラコーポレーション,2026-02-16,取締役,赤間 真吾,1965年３月１日生,（注）２,,千株
2734,株式会社サーラコーポレーション,2026-02-16,取締役,一柳 良雄,1946年１月３日生,（注）２,66,千株
2734,株式会社サーラコーポレーション,2026-02-16,取締役,大久保 和孝,1973年３月22日生,（注）２,4,千株
2734,株式会社サーラコーポレーション,2026-02-16,取締役 （常勤監査等委員）,武川 裕樹,1966年５月20日生,（注）３,15,千株
2734,株式会社サーラコーポレーション,2026-02-16,取締役 （監査等委員）,安形 哲夫,1953年４月26日生,（注）３,,千株
2734,株式会社サーラコーポレーション,2026-02-16,取締役 （監査等委員）,谷 美由紀,1967年11月４日生,（注）３,,千株
2735,株式会社ワッツ,2025-11-25,代表取締役 社長執行役員,平岡 史生,1960年７月４日生,(注)２,"479,471",株
2735,株式会社ワッツ,2025-11-25,取締役 常務執行役員 経営企画室長,森 秀人,1960年４月12日生,(注)２,"44,971",株
2735,株式会社ワッツ,2025-11-25,取締役 執行役員 事業本部長,山野 博幸,1967年12月９日生,(注)２,"68,305",株
2735,株式会社ワッツ,2025-11-25,取締役 執行役員 管理本部長,角本 昌也,1973年４月30日生,(注)２,"21,123",株
2735,株式会社ワッツ,2025-11-25,取締役 執行役員 海外事業部長,平田 正浩,1964年５月26日生,(注)２,"25,511",株
2735,株式会社ワッツ,2025-11-25,取締役 （監査等委員）,福光 宏,1959年９月25日生,(注)４,"296,031",株
2735,株式会社ワッツ,2025-11-25,取締役 （監査等委員）,酒谷 佳弘,1957年３月11日生,(注) １、３,"5,800",株
2735,株式会社ワッツ,2025-11-25,取締役 （監査等委員）,林堂 佳子,1971年７月31日生,（注） １、３,900,株
2735,株式会社ワッツ,2025-11-25,代表取締役 社長執行役員,平岡 史生,1960年７月４日生,(注)２,"479,471",株
2735,株式会社ワッツ,2025-11-25,取締役 常務執行役員 事業本部長 兼 海外事業部長,山野 博幸,1967年12月９日生,(注)２,"68,305",株
2735,株式会社ワッツ,2025-11-25,取締役 常務執行役員 経営企画本部長 兼 ＤＸ推進部長,角本 昌也,1973年４月30日生,(注)２,"21,123",株
2735,株式会社ワッツ,2025-11-25,取締役 （常勤監査等委員）,森 秀人,1960年４月12日生,(注)３,"44,971",株
2735,株式会社ワッツ,2025-11-25,取締役 （監査等委員）,酒谷 佳弘,1957年３月11日生,(注) １、３,"5,800",株
2735,株式会社ワッツ,2025-11-25,取締役 （監査等委員）,田辺 彰子,1970年６月15日生,（注） １、３,0,株
2736,フェスタリアホールディングス株式会社,2025-11-26,代表取締役社長,貞 松 隆 弥,1961年12月22日生,(注)４,"728,490",株
2736,フェスタリアホールディングス株式会社,2025-11-26,常務取締役,姉 川 清 司,1961年11月７日生,(注)４,"12,000",株
2736,フェスタリアホールディングス株式会社,2025-11-26,取締役,貞 松 豊 三,1972年５月２日生,(注)４,"421,335",株
2736,フェスタリアホールディングス株式会社,2025-11-26,取締役,秋 元 誠,1968年10月７日生,(注)４,,株
2736,フェスタリアホールディングス株式会社,2025-11-26,取締役,松 井 忠 三,1949年５月13日生,(注)４,"6,000",株
2736,フェスタリアホールディングス株式会社,2025-11-26,取締役,酒 井 美 穂,1966年５月31日生,(注)４,,株
2736,フェスタリアホールディングス株式会社,2025-11-26,取締役,深 田 し お り,1963年12月25日生,(注)４,,株
2736,フェスタリアホールディングス株式会社,2025-11-26,常勤監査役,松 村 彰 久,1953年１月２日生,(注)５,"8,400",株
2736,フェスタリアホールディングス株式会社,2025-11-26,監査役,中 川 義 宏,1970年12月22日生,(注)５,,株
2736,フェスタリアホールディングス株式会社,2025-11-26,監査役,木 下 陽 介,1977年８月３日生,(注)５,,株
2736,フェスタリアホールディングス株式会社,2025-11-26,代表取締役社長,貞 松 隆 弥,1961年12月22日生,(注)４,"728,490",株
2736,フェスタリアホールディングス株式会社,2025-11-26,常務取締役,姉 川 清 司,1961年11月７日生,(注)４,"12,000",株
2736,フェスタリアホールディングス株式会社,2025-11-26,取締役,貞 松 豊 三,1972年５月２日生,(注)４,"421,335",株
2736,フェスタリアホールディングス株式会社,2025-11-26,取締役,秋 元 誠,1968年10月７日生,(注)４,,株
2736,フェスタリアホールディングス株式会社,2025-11-26,取締役,松 井 忠 三,1949年５月13日生,(注)４,"6,000",株
2736,フェスタリアホールディングス株式会社,2025-11-26,取締役,酒 井 美 穂,1966年５月31日生,(注)４,,株
2736,フェスタリアホールディングス株式会社,2025-11-26,取締役,深 田 し お り,1963年12月25日生,(注)４,,株
2736,フェスタリアホールディングス株式会社,2025-11-26,常勤監査役,松 村 彰 久,1953年１月２日生,(注)５,"8,400",株
2736,フェスタリアホールディングス株式会社,2025-11-26,監査役,中 川 義 宏,1970年12月22日生,(注)５,,株
2736,フェスタリアホールディングス株式会社,2025-11-26,監査役,木 下 陽 介,1977年８月３日生,(注)５,,株
2737,株式会社トーメンデバイス,2026-06-25,代表取締役社長 営業本部長,中尾 清隆,1967年４月19日生,注１,0,千株
2737,株式会社トーメンデバイス,2026-06-25,常務取締役 管理本部長,益山 順光,1967年６月１日生,注１,,千株
2737,株式会社トーメンデバイス,2026-06-25,取締役 営業本部長代理 兼 車載統括部長,西本 博,1975年８月24日生,注１,0,千株
2737,株式会社トーメンデバイス,2026-06-25,取締役,山田 強,1972年７月13日生,注１,,千株
2737,株式会社トーメンデバイス,2026-06-25,取締役,世古 昌平,1976年４月７日生,注１,,千株
2737,株式会社トーメンデバイス,2026-06-25,社外取締役,本田 敦子,1969年12月10日生,注１,,千株
2737,株式会社トーメンデバイス,2026-06-25,社外取締役,前田 辰巳,1953年１月１日生,注１,,千株
2737,株式会社トーメンデバイス,2026-06-25,社外取締役,浅井 敏保,1955年７月13日生,注１,,千株
2737,株式会社トーメンデバイス,2026-06-25,社外取締役,黄 泰成,1971年12月４日生,注１,,千株
2737,株式会社トーメンデバイス,2026-06-25,常勤監査役,岡本 正,1966年２月15日生,注２,,千株
2737,株式会社トーメンデバイス,2026-06-25,社外監査役,山田 順,1952年６月12日生,注３,,千株
2737,株式会社トーメンデバイス,2026-06-25,社外監査役,行天 慶太,1958年６月25日生,注４,,千株
2737,株式会社トーメンデバイス,2026-06-25,代表取締役社長 営業本部長,中尾 清隆,1967年４月19日生,注１,0,千株
2737,株式会社トーメンデバイス,2026-06-25,常務取締役 管理本部長,益山 順光,1967年６月１日生,注１,,千株
2737,株式会社トーメンデバイス,2026-06-25,取締役 営業本部長代理 兼 車載統括部長,西本 博,1975年８月24日生,注１,0,千株
2737,株式会社トーメンデバイス,2026-06-25,取締役,水川 和巳,1973年５月28日生,注１,,千株
2737,株式会社トーメンデバイス,2026-06-25,取締役,世古 昌平,1976年４月７日生,注１,,千株
2737,株式会社トーメンデバイス,2026-06-25,社外取締役,浅井 敏保,1955年７月13日生,注１,,千株
2737,株式会社トーメンデバイス,2026-06-25,社外取締役,黄 泰成,1971年12月４日生,注１,,千株
2737,株式会社トーメンデバイス,2026-06-25,社外取締役,竹田 弘康,1960年４月10日生,注１,,千株
2737,株式会社トーメンデバイス,2026-06-25,社外取締役,金山 藍子,1978年12月17日生,注１,,千株
2737,株式会社トーメンデバイス,2026-06-25,常勤監査役,岡本 正,1966年２月15日生,注２,,千株
2737,株式会社トーメンデバイス,2026-06-25,社外監査役,行天 慶太,1958年６月25日生,注３,,千株
2737,株式会社トーメンデバイス,2026-06-25,社外監査役,新家 德子,1971年10月７日生,注３,,千株
2742,株式会社ハローズ,2026-05-25,代表取締役社長,佐 藤 利 行,1949年１月27日,(注)３,"2,488,810",株
2742,株式会社ハローズ,2026-05-25,取締役副社長 営業担当 兼開発部管掌,佐 藤 太 志,1952年９月２日,(注)３,"400,800",株
2742,株式会社ハローズ,2026-05-25,専務取締役 管理本部長 兼総務部長 兼BCP担当,花 岡 秀 典,1956年７月２日,(注)３,"10,700",株
2742,株式会社ハローズ,2026-05-25,専務取締役 商品ライン本部長 兼商品統括部長 兼販売企画部管掌,髙 橋 正 名,1959年３月14日,(注)３,"45,700",株
2742,株式会社ハローズ,2026-05-25,常務取締役 店舗運営ライン本部長 兼店舗業務支援室長,末 光 憲 司,1961年８月28日,(注)３,"10,000",株
2742,株式会社ハローズ,2026-05-25,常務取締役 商品ライン本部副本部長兼商品企画部長,佐 藤 新 三,1979年３月23日,(注)３,"211,700",株
2742,株式会社ハローズ,2026-05-25,取締役 管理本部副本部長 兼人事教育部長,砂 田 健 二,1972年１月１日,(注)３,"20,100",株
2742,株式会社ハローズ,2026-05-25,取締役 総合企画室長,大 原 崇 典,1974年３月８日,(注)３,"12,200",株
2742,株式会社ハローズ,2026-05-25,取締役（非常勤） コーポレート ブランディング担当,上 原 瑞 江,1974年12月22日,(注)３,,株
2742,株式会社ハローズ,2026-05-25,取締役,藤 井 義 則,1970年10月２日,(注)３,,株
2742,株式会社ハローズ,2026-05-25,取締役,池 田 千 明,1978年７月26日,(注)３,,株
2742,株式会社ハローズ,2026-05-25,取締役 監査等委員 （常勤）,尾 崎 和 正,1958年１月５日,(注)４,,株
2742,株式会社ハローズ,2026-05-25,取締役 監査等委員,岡 本 均,1956年２月13日,(注)４,"2,000",株
2742,株式会社ハローズ,2026-05-25,取締役 監査等委員,杉 山 愼 策,1949年１月18日,(注)４,,株
2742,株式会社ハローズ,2026-05-25,取締役 監査等委員,富 山 栄 子,1963年10月31日,(注)４,,株
2742,株式会社ハローズ,2026-05-25,代表取締役社長,佐 藤 利 行,1949年１月27日,(注)３,"2,488,810",株
2742,株式会社ハローズ,2026-05-25,取締役副社長 営業担当 兼開発部管掌,佐 藤 太 志,1952年９月２日,(注)３,"400,800",株
2742,株式会社ハローズ,2026-05-25,専務取締役 管理本部長 兼総務部長 兼BCP担当,花 岡 秀 典,1956年７月２日,(注)３,"10,700",株
2742,株式会社ハローズ,2026-05-25,取締役 監査等委員 （常勤）,尾 崎 和 正,1958年１月５日,(注)４,,株
2742,株式会社ハローズ,2026-05-25,取締役 監査等委員,岡 本 均,1956年２月13日,(注)４,"2,000",株
2747,北雄ラッキー株式会社,2026-05-26,代表取締役 社長,桐生 宇優,1965年12月20日生,(注３),100,株
2747,北雄ラッキー株式会社,2026-05-26,取締役 専務執行役員 営業本部長,田中 寛密,1970年５月13日生,(注３),"60,200",株
2747,北雄ラッキー株式会社,2026-05-26,取締役 常務執行役員 管理本部長,髙橋 徹,1961年７月４日生,(注３),"1,100",株
2747,北雄ラッキー株式会社,2026-05-26,取締役 執行役員 経営企画室長,吉田 武生,1971年６月22日生,(注３),600,株
2747,北雄ラッキー株式会社,2026-05-26,取締役,吉田 周史,1973年８月３日生,(注３),,株
2747,北雄ラッキー株式会社,2026-05-26,常勤監査役,黒崎 昭仁,1961年６月３日生,(注４),"1,000",株
2747,北雄ラッキー株式会社,2026-05-26,監査役,伊藤 光男,1950年９月24日生,(注４),,株
2747,北雄ラッキー株式会社,2026-05-26,監査役,柴田 雅樹,1957年10月８日生,(注４),,株
2747,北雄ラッキー株式会社,2026-05-26,代表取締役 社長,桐生 宇優,1965年12月20日生,(注３),100,株
2747,北雄ラッキー株式会社,2026-05-26,取締役 専務執行役員 営業本部長,田中 寛密,1970年５月13日生,(注３),"60,200",株
2747,北雄ラッキー株式会社,2026-05-26,取締役 常務執行役員 管理本部長,髙橋 徹,1961年７月４日生,(注３),"1,100",株
2747,北雄ラッキー株式会社,2026-05-26,取締役 執行役員 経営企画室長,吉田 武生,1971年６月22日生,(注３),600,株
2747,北雄ラッキー株式会社,2026-05-26,取締役,吉田 周史,1973年８月３日生,(注３),,株
2747,北雄ラッキー株式会社,2026-05-26,常勤監査役,黒崎 昭仁,1961年６月３日生,(注４),"1,000",株
2747,北雄ラッキー株式会社,2026-05-26,監査役,伊藤 光男,1950年９月24日生,(注４),,株
2747,北雄ラッキー株式会社,2026-05-26,監査役,柴田 雅樹,1957年10月８日生,(注４),,株
2747,北雄ラッキー株式会社,2026-05-26,監査役,高橋 正幸,1957年２月28日生,(注５),,株
2749,株式会社ＪＰホールディングス,2026-06-22,代表取締役社長,坂井 徹,1973年９月26日,(注)２,"90,599",株
2749,株式会社ＪＰホールディングス,2026-06-22,社外取締役,柏女 霊峰,1952年６月16日,(注)２,,株
2749,株式会社ＪＰホールディングス,2026-06-22,社外取締役,佐竹 康峰,1953年12月１日,(注)２,,株
2749,株式会社ＪＰホールディングス,2026-06-22,社外取締役,後藤田 由紀,1970年３月28日,(注)２,,株
2749,株式会社ＪＰホールディングス,2026-06-22,社外取締役,勝又 英博,1956年９月８日,(注)２,,株
2749,株式会社ＪＰホールディングス,2026-06-22,社外取締役,ロバート アンソニー クリソル サラザール,1953年７月22日,(注)２,,株
2749,株式会社ＪＰホールディングス,2026-06-22,社外取締役,藁谷 友紀,1954年８月３日,(注)２,,株
2749,株式会社ＪＰホールディングス,2026-06-22,取締役 (常勤監査等委員),関 博文,1952年１月21日,(注)３,,株
2749,株式会社ＪＰホールディングス,2026-06-22,社外取締役 (監査等委員),伊丹 俊彦,1953年９月２日,(注)３,,株
2749,株式会社ＪＰホールディングス,2026-06-22,社外取締役 (監査等委員),鶴谷 明憲,1957年６月８日,(注)３,,株
2749,株式会社ＪＰホールディングス,2026-06-22,社外取締役 (監査等委員),矢板 賢,1948年２月20日,(注)３,,株
2749,株式会社ＪＰホールディングス,2026-06-22,社外取締役 (監査等委員),山村 輝治,1957年１月28日,(注)３,,株
274A,株式会社ガーデン,2026-05-27,代表取締役社長,川島 賢,1971年２月５日生,（注）３,"4,552,170 （注）５",株
274A,株式会社ガーデン,2026-05-27,専務取締役 コーポレート本部長,小澤 修三,1978年６月10日生,（注）３,"185,000",株
274A,株式会社ガーデン,2026-05-27,取締役 第二営業本部長,薫田 勇,1984年３月24日生,（注）３,"62,500",株
274A,株式会社ガーデン,2026-05-27,取締役 第一営業本部長,井上 陵太,1986年５月10日生,（注）３,"56,200",株
274A,株式会社ガーデン,2026-05-27,取締役,永野 正剛,1981年９月９日生,（注）３,"11,860",株
274A,株式会社ガーデン,2026-05-27,取締役 （常勤監査等委員）,小川 哲史,1951年11月12日生,（注）４,"11,075",株
274A,株式会社ガーデン,2026-05-27,取締役 （監査等委員）,角野 崇雄,1973年12月28日生,（注）４,,株
274A,株式会社ガーデン,2026-05-27,取締役 （監査等委員）,田中 達也,1975年７月30日生,（注）４,"6,835",株
2750,石光商事株式会社,2026-06-22,代表取締役社長,荒 川 正 臣,1975年11月27日,(注)3,18,千株
2750,石光商事株式会社,2026-06-22,取締役,石 脇 智 広,1969年12月23日,(注)3,42,千株
2750,石光商事株式会社,2026-06-22,取締役 管理部管掌兼 品質統括部管掌,奥 野 裕 二,1963年１月18日,(注)3,9,千株
2750,石光商事株式会社,2026-06-22,取締役 BX推進部管掌兼 サステナビリティ 推進室管掌,早 坂 め ぐ み,1967年10月17日,(注)3,3,千株
2750,石光商事株式会社,2026-06-22,取締役 財務経理部管掌兼 経営戦略室管掌,寺 岡 康 夫,1960年７月６日,(注)3,12,千株
2750,石光商事株式会社,2026-06-22,取締役,百 瀬 則 子,1956年12月15日,(注)3,,千株
2750,石光商事株式会社,2026-06-22,取締役,小 澤 真,1959年７月21日,(注)3,,千株
2750,石光商事株式会社,2026-06-22,監査役 (常勤),吉 川 宗 利,1957年10月５日,(注)4,8,千株
2750,石光商事株式会社,2026-06-22,監査役,板 垣 克 己,1953年３月24日,(注)4,,千株
2750,石光商事株式会社,2026-06-22,監査役,小 島 美 奈 子,1965年５月22日,(注)5,,千株
2750,石光商事株式会社,2026-06-22,代表取締役社長,荒 川 正 臣,1975年11月27日,(注)3,18,千株
2750,石光商事株式会社,2026-06-22,取締役 管理部管掌兼 品質統括部管掌,奥 野 裕 二,1963年１月18日,(注)3,9,千株
2750,石光商事株式会社,2026-06-22,取締役 BX推進部管掌兼 サステナビリティ 推進室管掌,早 坂 め ぐ み,1967年10月17日,(注)3,3,千株
2750,石光商事株式会社,2026-06-22,取締役 財務経理部管掌兼 経営戦略室管掌,寺 岡 康 夫,1960年７月６日,(注)3,12,千株
2750,石光商事株式会社,2026-06-22,取締役 営業統括管掌,北 川 克 史,1976年10月５日,(注)3,,千株
2750,石光商事株式会社,2026-06-22,取締役,百 瀬 則 子,1956年12月15日,(注)3,,千株
2750,石光商事株式会社,2026-06-22,取締役,小 澤 真,1959年７月21日,(注)3,,千株
2750,石光商事株式会社,2026-06-22,監査役 (常勤),吉 川 宗 利,1957年10月５日,(注)4,8,千株
2750,石光商事株式会社,2026-06-22,監査役,板 垣 克 己,1953年３月24日,(注)4,,千株
2750,石光商事株式会社,2026-06-22,監査役,小 島 美 奈 子,1965年５月22日,(注)5,,千株
2751,株式会社テンポスホールディングス,2026-07-28,代表取締役社長,森下 篤史,1947年２月13日,(注)2,"1,850,500",株
2751,株式会社テンポスホールディングス,2026-07-28,取締役 人事総務部長兼人材事業部長,伊藤 航太,1981年７月23日,(注)2,"3,261",株
2751,株式会社テンポスホールディングス,2026-07-28,取締役 グループ 管理部長 (注)4,森下 和光,1949年３月３日,(注)2,"370,800",株
2751,株式会社テンポスホールディングス,2026-07-28,取締役,石﨑 冬貴,1984年12月10日,(注)2,,株
2751,株式会社テンポスホールディングス,2026-07-28,取締役,西川 心二,1980年９月17日,(注)2,400,株
2751,株式会社テンポスホールディングス,2026-07-28,常勤 監査役 (注)1,樋口 宣行,1946年７月25日,(注)3,,株
2751,株式会社テンポスホールディングス,2026-07-28,監査役 (注)1,増田 洋一,1954年５月24日,(注)3,,株
2751,株式会社テンポスホールディングス,2026-07-28,監査役,近藤 勝重,1946年４月19日,(注)3,"1,000",株
2751,株式会社テンポスホールディングス,2026-07-28,代表取締役社長,森下 篤史,1947年２月13日,(注)2,"1,850,500",株
2751,株式会社テンポスホールディングス,2026-07-28,取締役 人事総務部長兼人材事業部長,伊藤 航太,1981年７月23日,(注)2,"3,261",株
2751,株式会社テンポスホールディングス,2026-07-28,取締役 グループ 管理部長 (注)4,森下 和光,1949年３月３日,(注)2,"370,800",株
2751,株式会社テンポスホールディングス,2026-07-28,取締役,品川 絵美,1979年８月24日,(注)2,161,株
2751,株式会社テンポスホールディングス,2026-07-28,取締役,石﨑 冬貴,1984年12月10日,(注)2,,株
2751,株式会社テンポスホールディングス,2026-07-28,取締役,西川 心二,1980年９月17日,(注)2,400,株
2751,株式会社テンポスホールディングス,2026-07-28,常勤 監査役 (注)1,樋口 宣行,1946年７月25日,(注)3,,株
2751,株式会社テンポスホールディングス,2026-07-28,監査役 (注)1,増田 洋一,1954年５月24日,(注)3,,株
2751,株式会社テンポスホールディングス,2026-07-28,監査役,近藤 勝重,1946年４月19日,(注)3,"1,000",株
2752,株式会社フジオフードグループ本社,2026-03-27,代表取締役社長,藤尾 政弘,1955年３月３日生,(注)５,"3,100,128",株
2752,株式会社フジオフードグループ本社,2026-03-27,取締役副社長,藤尾 英雄,1980年６月12日生,(注)５,"197,925",株
2752,株式会社フジオフードグループ本社,2026-03-27,取締役 財務経理統括,仁田 英策,1959年10月26日生,(注)５,"7,587",株
2752,株式会社フジオフードグループ本社,2026-03-27,取締役 グループ 開発管掌,新井 誠,1981年２月22日生,(注)５,"3,058",株
2752,株式会社フジオフードグループ本社,2026-03-27,取締役 経営企画部長,田中 公博,1970年７月10日生,(注)５,,株
2752,株式会社フジオフードグループ本社,2026-03-27,取締役 グループ 営業管掌,岸上 裕一,1971年1月28日生,(注)５,"1,116",株
2752,株式会社フジオフードグループ本社,2026-03-27,取締役,九鬼 祐一郎,1964年２月20日生,(注)５,"10,264",株
2752,株式会社フジオフードグループ本社,2026-03-27,取締役,伊東 康孝,1949年９月26日生,(注)５,,株
2752,株式会社フジオフードグループ本社,2026-03-27,取締役,百瀬 裕規,1961年９月15日生,(注)５,"1,000",株
2752,株式会社フジオフードグループ本社,2026-03-27,取締役,越知 覚子,1977年３月11日生,(注)５,,株
2752,株式会社フジオフードグループ本社,2026-03-27,取締役,小郷 三朗,1954年８月27日生,(注)５,,株
2752,株式会社フジオフードグループ本社,2026-03-27,監査役,厨子 裕介,1962年５月５日生,(注)７,"8,764",株
2752,株式会社フジオフードグループ本社,2026-03-27,監査役,原 光博,1948年５月30日生,(注)７,,株
2752,株式会社フジオフードグループ本社,2026-03-27,監査役,加藤 善孝,1959年８月17日生,(注)６,,株
2753,株式会社　あみやき亭,2026-06-12,取締役会長兼社長 (代表取締役),佐藤 啓介,1950年９月８日生,（注） ３,"615,000",株
2753,株式会社　あみやき亭,2026-06-12,常務取締役 管理本部長,千々和 康,1957年９月15日生,（注） ３,"8,500",株
2753,株式会社　あみやき亭,2026-06-12,取締役 関東本部長,佐藤 裕士,1972年11月17日生,（注） ３,"1,800",株
2753,株式会社　あみやき亭,2026-06-12,取締役 内部監査室室長,竹内 隆盛,1958年６月12日生,（注） ３,"35,400",株
2753,株式会社　あみやき亭,2026-06-12,取締役,藤井 有里,1978年５月４日生,（注） ３（注） 7,"57,600",株
2753,株式会社　あみやき亭,2026-06-12,取締役,石森 英生,1955年２月14日生,（注） ３,900,株
2753,株式会社　あみやき亭,2026-06-12,取締役,乾 美恵子,1983年２月16日生,（注） ３,,株
2753,株式会社　あみやき亭,2026-06-12,監査役,水野 昭彦,1955年９月７日生,（注） ４,,株
2753,株式会社　あみやき亭,2026-06-12,監査役,大西 秀典,1947年２月８日生,（注） ４,"2,000",株
2753,株式会社　あみやき亭,2026-06-12,監査役,尾田 政勝,1952年２月20日生,（注） ５,,株
2753,株式会社　あみやき亭,2026-06-12,監査役,中條尚治郎,1975年1月13日生,（注） ６,,株
2753,株式会社　あみやき亭,2026-06-12,取締役会長兼社長 (代表取締役),佐藤 啓介,1950年９月８日生,（注） ３,"615,000",株
2753,株式会社　あみやき亭,2026-06-12,常務取締役 管理本部長,千々和 康,1957年９月15日生,（注） ３,"8,500",株
2753,株式会社　あみやき亭,2026-06-12,取締役 関東本部長,佐藤 裕士,1972年11月17日生,（注） ３,"1,800",株
2753,株式会社　あみやき亭,2026-06-12,取締役,藤井 有里,1978年５月４日生,（注） ３（注） 7,"57,600",株
2753,株式会社　あみやき亭,2026-06-12,取締役,石森 英生,1955年２月14日生,（注） ３,900,株
2753,株式会社　あみやき亭,2026-06-12,取締役,乾 美恵子,1983年２月16日生,（注） ３,,株
2753,株式会社　あみやき亭,2026-06-12,監査役,水野 昭彦,1955年９月７日生,（注） ４,,株
2753,株式会社　あみやき亭,2026-06-12,監査役,大西 秀典,1947年２月８日生,（注） ４,"2,000",株
2753,株式会社　あみやき亭,2026-06-12,監査役,尾田 政勝,1952年２月20日生,（注） ５,,株
2753,株式会社　あみやき亭,2026-06-12,監査役,中條尚治郎,1975年1月13日生,（注） ６,,株
275A,ハンワホームズ株式会社,2026-05-20,代表取締役社長,鶴 厚志,1984年６月26日生,(注)２,"1,339,000",株
275A,ハンワホームズ株式会社,2026-05-20,専務取締役,鶴 結介,1986年５月27日生,(注)２,"660,000",株
275A,ハンワホームズ株式会社,2026-05-20,常務取締役 空間創造事業 部長,湯浅 啓正,1982年１月６日生,(注)２,,株
275A,ハンワホームズ株式会社,2026-05-20,取締役 DEPOS事業 部長,東家 啓介,1993年９月13日生,(注)２,,株
275A,ハンワホームズ株式会社,2026-05-20,取締役,稲川 勝幸,1969年５月17日生,(注)２,,株
275A,ハンワホームズ株式会社,2026-05-20,取締役 （監査等委員）,飯野 房子,1970年５月26日生,(注)３,,株
275A,ハンワホームズ株式会社,2026-05-20,取締役 （監査等委員）,塚本 晃浩,1980年９月12日生,(注)３,,株
275A,ハンワホームズ株式会社,2026-05-20,取締役 （監査等委員）,辻 泰崇,1987年９月11日生,(注)３,,株
2760,東京エレクトロンデバイス株式会社,2026-06-16,代表取締役 会長 CEO（最高経営責任者） コーポレートオフィサー 執行役員,徳 重 敦 之,1963年11月7日生,(注)4,"50,100",株
2760,東京エレクトロンデバイス株式会社,2026-06-16,代表取締役 社長 コーポレートオフィサー 執行役員 内部統制担当,宮 本 隆 義,1970年4月7日生,(注)4,"9,400",株
2760,東京エレクトロンデバイス株式会社,2026-06-16,取締役 コーポレートオフィサー 執行役員副社長 コーポレート営業統括 EC BU/BUGM,長谷川 雅 巳,1965年9月30日生,(注)4,"38,600",株
2760,東京エレクトロンデバイス株式会社,2026-06-16,取締役,常 石 哲 男,1952年11月24日生,(注)4,,株
2760,東京エレクトロンデバイス株式会社,2026-06-16,取締役,鬼 塚 ひろみ,1952年4月19日生,(注)4,,株
2760,東京エレクトロンデバイス株式会社,2026-06-16,取締役,西 田 啓,1954年7月8日生,(注)4,,株
2760,東京エレクトロンデバイス株式会社,2026-06-16,取締役,逢 坂 清 治,1958年10月28日生,(注)4,,株
2760,東京エレクトロンデバイス株式会社,2026-06-16,常勤監査役,河 合 信 郎,1963年3月22日生,(注)5,"26,300",株
2760,東京エレクトロンデバイス株式会社,2026-06-16,常勤監査役,石 黒 一 也,1961年11月25日生,(注)6,100,株
2760,東京エレクトロンデバイス株式会社,2026-06-16,監査役,湯 浅 紀 佳,1974年8月18日生,(注)6,,株
2760,東京エレクトロンデバイス株式会社,2026-06-16,監査役,桑 原 清 幸,1972年1月18日生,(注)7,,株
2762,株式会社ＳＡＮＫＯ　ＭＡＲＫＥＴＩＮＧ　ＦＯＯＤＳ,2025-09-24,代表取締役社長,長 澤 成 博,1967年11月30日生,注３,"21,500",株
2762,株式会社ＳＡＮＫＯ　ＭＡＲＫＥＴＩＮＧ　ＦＯＯＤＳ,2025-09-24,取締役会長,平 林 隆 広,1974年11月25日生,注３,"3,506,800",株
2762,株式会社ＳＡＮＫＯ　ＭＡＲＫＥＴＩＮＧ　ＦＯＯＤＳ,2025-09-24,専務取締役,土 屋 隆 也,1964年10月23日生,注３,0,株
2762,株式会社ＳＡＮＫＯ　ＭＡＲＫＥＴＩＮＧ　ＦＯＯＤＳ,2025-09-24,取締役,秋田 二郎,1963年12月16日生,注３,0,株
2762,株式会社ＳＡＮＫＯ　ＭＡＲＫＥＴＩＮＧ　ＦＯＯＤＳ,2025-09-24,取締役,河 野 恵 美,1966年11月20日生,注３,0,株
2762,株式会社ＳＡＮＫＯ　ＭＡＲＫＥＴＩＮＧ　ＦＯＯＤＳ,2025-09-24,取締役,田 中 研 次,1968年６月14日生,注３,"10,000",株
2762,株式会社ＳＡＮＫＯ　ＭＡＲＫＥＴＩＮＧ　ＦＯＯＤＳ,2025-09-24,常勤監査役,滝 澤 正 樹,1970年５月23日生,注４,0,株
2762,株式会社ＳＡＮＫＯ　ＭＡＲＫＥＴＩＮＧ　ＦＯＯＤＳ,2025-09-24,監査役,三 村 藤 明,1954年５月30日生,注４,0,株
2762,株式会社ＳＡＮＫＯ　ＭＡＲＫＥＴＩＮＧ　ＦＯＯＤＳ,2025-09-24,監査役,山下 貴,1967年７月28日生,注５,0,株
2762,株式会社ＳＡＮＫＯ　ＭＡＲＫＥＴＩＮＧ　ＦＯＯＤＳ,2025-09-24,代表取締役社長,長 澤 成 博,1967年11月30日生,注３,"21,500",株
2762,株式会社ＳＡＮＫＯ　ＭＡＲＫＥＴＩＮＧ　ＦＯＯＤＳ,2025-09-24,取締役会長,平 林 隆 広,1974年11月25日生,注３,"3,506,800",株
2762,株式会社ＳＡＮＫＯ　ＭＡＲＫＥＴＩＮＧ　ＦＯＯＤＳ,2025-09-24,専務取締役,土 屋 隆 也,1964年10月23日生,注３,0,株
2762,株式会社ＳＡＮＫＯ　ＭＡＲＫＥＴＩＮＧ　ＦＯＯＤＳ,2025-09-24,取締役,河 野 恵 美,1966年11月20日生,注３,0,株
2762,株式会社ＳＡＮＫＯ　ＭＡＲＫＥＴＩＮＧ　ＦＯＯＤＳ,2025-09-24,取締役,田 中 研 次,1968年６月14日生,注３,"10,000",株
2762,株式会社ＳＡＮＫＯ　ＭＡＲＫＥＴＩＮＧ　ＦＯＯＤＳ,2025-09-24,常勤監査役,滝 澤 正 樹,1970年５月23日生,注４,0,株
2762,株式会社ＳＡＮＫＯ　ＭＡＲＫＥＴＩＮＧ　ＦＯＯＤＳ,2025-09-24,監査役,三 村 藤 明,1954年５月30日生,注４,0,株
2762,株式会社ＳＡＮＫＯ　ＭＡＲＫＥＴＩＮＧ　ＦＯＯＤＳ,2025-09-24,監査役,山下 貴,1967年７月28日生,注５,0,株
2763,株式会社エフティグループ,2026-06-29,代表取締役社長,小 林 亮 二,1984年９月13日,(注)２,,株
2763,株式会社エフティグループ,2026-06-29,取締役,鮑 俊,1989年８月17日,(注)２,,株
2763,株式会社エフティグループ,2026-06-29,取締役 （監査等委員）,大 嶋 敏 也,1979年９月20日,(注)３,,株
2763,株式会社エフティグループ,2026-06-29,取締役 （監査等委員）,小 形 聰,1968年９月８日,(注)３,,株
2763,株式会社エフティグループ,2026-06-29,取締役 （監査等委員）,山下 幸一郎,1981年８月11日,(注)３,,株
2764,株式会社ひらまつ,2026-06-26,代表取締役社長 CEO,三須 和泰,1957年２月28日生,(注)３,"177,600",株
2764,株式会社ひらまつ,2026-06-26,取締役COO,服部 かおり (通称名 植杉 かおり),1974年５月４日生,(注)３,"112,600",株
2764,株式会社ひらまつ,2026-06-26,取締役,熊谷 信太郎,1956年５月８日生,(注)３,,株
2764,株式会社ひらまつ,2026-06-26,取締役,勝丸 千晶 (通称名 石川 千晶),1960年８月４日生,(注)３,500,株
2764,株式会社ひらまつ,2026-06-26,取締役,三上 秀樹,1956年12月８日生,(注)３,"3,000",株
2764,株式会社ひらまつ,2026-06-26,監査役 （常勤）,工藤 裕人,1964年３月28日生,(注)４,,株
2764,株式会社ひらまつ,2026-06-26,監査役,岩田 美知行,1950年８月30日生,(注)４,,株
2764,株式会社ひらまつ,2026-06-26,監査役,平野 洋,1963年３月14日生,(注)４,,株
2767,円谷フィールズホールディングス株式会社,2026-06-16,代表取締役社長 グループCEO,山 本 英 俊,1955年10月29日生,(注)２,"15,250,000",株
2767,円谷フィールズホールディングス株式会社,2026-06-16,専務取締役 アミューズメント機器事業 セグメント統括オフィサー,吉 田 永,1962年５月５日生,(注)２,"190,000",株
2767,円谷フィールズホールディングス株式会社,2026-06-16,専務取締役 コンテンツ&デジタル事業 セグメント統括オフィサー,永 竹 正 幸,1969年１月11日生,(注)２,"145,000",株
2767,円谷フィールズホールディングス株式会社,2026-06-16,取締役 グループCFO グループ事業経営戦略本部長,小 澤 謙 一,1966年11月20日生,(注)２,"115,000",株
2767,円谷フィールズホールディングス株式会社,2026-06-16,取締役 （社外）,森 下 公 江,1967年８月18日生,(注)２,,株
2767,円谷フィールズホールディングス株式会社,2026-06-16,取締役 監査等委員 （社外）,小 森 哲 郎,1958年12月１日生,(注)３,,株
2767,円谷フィールズホールディングス株式会社,2026-06-16,取締役 監査等委員 （社外）,前 田 圭 一,1957年７月６日生,(注)３,,株
2767,円谷フィールズホールディングス株式会社,2026-06-16,取締役 監査等委員 （社外）,池 澤 憲 一,1947年12月４日生,(注)３,"2,000",株
2768,双日株式会社,2026-06-09,代表取締役 会長,藤本 昌義,1958年1月9日（男性）,(注3),"215,171(170,051)",株
2768,双日株式会社,2026-06-09,代表取締役 社長CEO,植村 幸祐,1968年5月18日（男性）,(注3),"71,546(63,286)",株
2768,双日株式会社,2026-06-09,代表取締役 専務執行役員 CFO 兼 コーポレート管掌,渋谷 誠,1971年6月20日（男性）,(注3),"49,065(35,305)",株
2768,双日株式会社,2026-06-09,取締役 専務執行役員 CDO 兼 CIO 兼 デジタル推進担当本部長,荒川 朋美,1961年9月16日（女性）,(注3),"30,835(28,635)",株
2768,双日株式会社,2026-06-09,社外取締役,朱 殷卿,1962年10月19日（男性）,(注3),,株
2768,双日株式会社,2026-06-09,社外取締役,亀岡 剛,1956年10月18日（男性）,(注3),"1,700",株
2768,双日株式会社,2026-06-09,社外取締役,定塚 由美子,1962年3月19日（女性）,(注3),,株
2768,双日株式会社,2026-06-09,取締役 常勤監査等委員,真鍋 佳樹,1963年6月6日（男性）,(注4),"55,998(39,798)",株
2768,双日株式会社,2026-06-09,社外取締役 監査等委員,小久江 晴子,1959年1月17日（女性）,(注4),,株
2768,双日株式会社,2026-06-09,社外取締役 監査等委員,鈴木 智子,1973年11月22日（女性）,(注4),500,株
2768,双日株式会社,2026-06-09,代表取締役 会長,藤本 昌義,1958年1月9日（男性）,(注3),"215,171(170,051)",株
2768,双日株式会社,2026-06-09,代表取締役 社長CEO,植村 幸祐,1968年5月18日（男性）,(注3),"71,546(63,286)",株
2768,双日株式会社,2026-06-09,代表取締役 専務執行役員 CFO 兼 コーポレート管掌,渋谷 誠,1971年6月20日（男性）,(注3),"49,065(35,305)",株
2768,双日株式会社,2026-06-09,取締役 専務執行役員 CDO 兼 CIO 兼 デジタル推進担当本部長,荒川 朋美,1961年9月16日（女性）,(注3),"30,835(28,635)",株
2768,双日株式会社,2026-06-09,社外取締役,亀岡 剛,1956年10月18日（男性）,(注3),"1,700",株
2768,双日株式会社,2026-06-09,社外取締役,定塚 由美子,1962年3月19日（女性）,(注3),,株
2768,双日株式会社,2026-06-09,社外取締役,森田 守,1959年4月12日（男性）,(注3),,株
2768,双日株式会社,2026-06-09,取締役 常勤監査等委員,真鍋 佳樹,1963年6月6日（男性）,(注4),"55,998(39,798)",株
2768,双日株式会社,2026-06-09,社外取締役 監査等委員,小久江 晴子,1959年1月17日（女性）,(注4),,株
2768,双日株式会社,2026-06-09,社外取締役 監査等委員,武田 和彦,1959年11月10日（男性）,(注5),800,株
2768,双日株式会社,2026-06-09,社外取締役 監査等委員,渡辺 淳子,1962年1月2日（女性）,(注4),,株
2769,株式会社ヴィレッジヴァンガードコーポレーション,2026-08-27,代表取締役 会長,菊地 敬一,1948年３月12日生,(注)３,"普通株式 1,699,000",株
2769,株式会社ヴィレッジヴァンガードコーポレーション,2026-08-27,代表取締役 社長,白川 篤典,1967年７月29日生,(注)３,"普通株式 9,800",株
2769,株式会社ヴィレッジヴァンガードコーポレーション,2026-08-27,取締役,立岡 登與次,1949年12月27日生,(注)３,普通株式 600,株
2769,株式会社ヴィレッジヴァンガードコーポレーション,2026-08-27,取締役,丸山 雅史,1969年５月14日生,(注)３,普通株式 600,株
2769,株式会社ヴィレッジヴァンガードコーポレーション,2026-08-27,取締役,齋藤 理英,1965年８月12日生,(注)３,普通株式 600,株
2769,株式会社ヴィレッジヴァンガードコーポレーション,2026-08-27,取締役,須原 伸太郎,1970年９月29日生,(注)３,普通株式 600,株
2769,株式会社ヴィレッジヴァンガードコーポレーション,2026-08-27,取締役,畠山 奨二,1975年７月13日生,(注)３,普通株式 -,株
2769,株式会社ヴィレッジヴァンガードコーポレーション,2026-08-27,取締役,古川 徳厚,1981年５月１日生,(注)３,普通株式 -,株
2769,株式会社ヴィレッジヴァンガードコーポレーション,2026-08-27,常勤監査役,大澤 弘久,1955年５月20日生,(注)４,普通株式 -,株
2769,株式会社ヴィレッジヴァンガードコーポレーション,2026-08-27,監査役,坂口 真一,1979年12月26日生,(注)４,普通株式 －,株
2769,株式会社ヴィレッジヴァンガードコーポレーション,2026-08-27,監査役,春馬 学,1973年11月４日生,(注)５,普通株式 -,株
276A,ククレブ・アドバイザーズ株式会社,2025-11-26,代表取締役 社長,宮寺 之裕,1976年３月10日,(注３),"1,805,271(注５)",株
276A,ククレブ・アドバイザーズ株式会社,2025-11-26,取締役 常務執行役員 営業本部長,小室 仁,1984年12月３日,(注３),"9,637",株
276A,ククレブ・アドバイザーズ株式会社,2025-11-26,取締役 執行役員 コーポレート本部長 広報・IR 室長,玉川 和信,1975年９月18日,(注３),"3,000",株
276A,ククレブ・アドバイザーズ株式会社,2025-11-26,社外取締役,髙橋 崇晃,1981年５月28日,(注３),,株
276A,ククレブ・アドバイザーズ株式会社,2025-11-26,社外監査役 （常勤）,岡崎 茂一,1960年９月３日,(注４),"10,000",株
276A,ククレブ・アドバイザーズ株式会社,2025-11-26,社外監査役,川口 幸作,1980年７月14日,(注４),,株
276A,ククレブ・アドバイザーズ株式会社,2025-11-26,社外監査役,鈴木 雅也,1978年３月16日,(注４),,株
276A,ククレブ・アドバイザーズ株式会社,2025-11-26,代表取締役 社長,宮寺 之裕,1976年３月10日,(注３),"1,805,271(注５)",株
276A,ククレブ・アドバイザーズ株式会社,2025-11-26,取締役 常務執行役員 営業本部長,小室 仁,1984年12月３日,(注３),"9,637",株
276A,ククレブ・アドバイザーズ株式会社,2025-11-26,取締役 執行役員 コーポレート本部長 広報・IR 室長,玉川 和信,1975年９月18日,(注３),"3,000",株
276A,ククレブ・アドバイザーズ株式会社,2025-11-26,社外取締役,髙橋 崇晃,1981年５月28日,(注３),,株
276A,ククレブ・アドバイザーズ株式会社,2025-11-26,社外監査役 （常勤）,岡崎 茂一,1960年９月３日,(注４),"10,000",株
276A,ククレブ・アドバイザーズ株式会社,2025-11-26,社外監査役,川口 幸作,1980年７月14日,(注４),,株
276A,ククレブ・アドバイザーズ株式会社,2025-11-26,社外監査役,鈴木 雅也,1978年３月16日,(注４),,株
2776,新都ホールディングス株式会社,2026-04-24,代表取締役 社長,塚本 明輝,1963年９月17日生,(注)４,"3,340,918",株
2776,新都ホールディングス株式会社,2026-04-24,取締役,塚本 雄三,1991年９月13日生,(注)１ (注)４,,株
2776,新都ホールディングス株式会社,2026-04-24,取締役,半田 紗弥,1966年10月30日生,(注)４,,株
2776,新都ホールディングス株式会社,2026-04-24,取締役,北山 聡明,1977年６月３日生,(注)４,"6,200,000",株
2776,新都ホールディングス株式会社,2026-04-24,取締役,沖 壮視,1958年６月26日生,(注)４,,株
2776,新都ホールディングス株式会社,2026-04-24,取締役,下村 昇治,1958年３月２日生,(注)２ (注)４,,株
2776,新都ホールディングス株式会社,2026-04-24,常勤監査役,根本 佳明,1954年4月15日生,(注)５,,株
2776,新都ホールディングス株式会社,2026-04-24,監査役,宮内 如月,1968年8月14日生,(注)３ (注)５ (注)７,,株
2776,新都ホールディングス株式会社,2026-04-24,監査役,中村 卓哉,1960年10月19日生,(注)３ (注)５,,株
2776,新都ホールディングス株式会社,2026-04-24,監査役,杦山 信二,1951年6月21日生,(注)３(注)６,,株
2778,パレモ・ホールディングス株式会社,2026-05-13,代表取締役社長,香 西 雅 弘,1964年１月30日生,(注)３,普通株式34,千株
2778,パレモ・ホールディングス株式会社,2026-05-13,取締役 社長室長,増 田 仁 敬,1965年２月26日生,(注)３,普通株式5,千株
2778,パレモ・ホールディングス株式会社,2026-05-13,取締役 管理担当,笹 野 信 行,1975年１月13日生,(注)３,普通株式4,千株
2778,パレモ・ホールディングス株式会社,2026-05-13,取締役,永 田 昭 夫,1948年９月15日生,(注)３,普通株式25,千株
2778,パレモ・ホールディングス株式会社,2026-05-13,取締役,田村 富美子,1960年４月９日生,(注)３,─,千株
2778,パレモ・ホールディングス株式会社,2026-05-13,常勤監査役,福 井 正 弘,1965年１月21日生,(注)４,普通株式30,千株
2778,パレモ・ホールディングス株式会社,2026-05-13,監査役,今 枝 剛,1973年８月13日生,(注)５,普通株式15,千株
2778,パレモ・ホールディングス株式会社,2026-05-13,監査役,川 口 直 也,1973年９月24日生,(注)６,,千株
2778,パレモ・ホールディングス株式会社,2026-05-13,代表取締役社長,香 西 雅 弘,1964年１月30日生,(注)３,普通株式34,千株
2778,パレモ・ホールディングス株式会社,2026-05-13,取締役 社長室長,増 田 仁 敬,1965年２月26日生,(注)３,普通株式5,千株
2778,パレモ・ホールディングス株式会社,2026-05-13,取締役 管理担当,笹 野 信 行,1975年１月13日生,(注)３,普通株式4,千株
2778,パレモ・ホールディングス株式会社,2026-05-13,取締役,永 田 昭 夫,1948年９月15日生,(注)３,普通株式25,千株
2778,パレモ・ホールディングス株式会社,2026-05-13,取締役,田村 富美子,1960年４月９日生,(注)３,─,千株
2778,パレモ・ホールディングス株式会社,2026-05-13,常勤監査役,福 井 正 弘,1965年１月21日生,(注)４,普通株式30,千株
2778,パレモ・ホールディングス株式会社,2026-05-13,監査役,今 枝 剛,1973年８月13日生,(注)５,普通株式15,千株
2778,パレモ・ホールディングス株式会社,2026-05-13,監査役,川 口 直 也,1973年９月24日生,(注)６,,千株
277A,グロービング株式会社,2026-08-26,代表取締役 社長 兼 CEO上級執行役員,田中 耕平,1979年８月31日,(注)３,"2,176,300 (注)５",株
277A,グロービング株式会社,2026-08-26,代表取締役 副社長 兼 上級執行役員,中川 和彦,1980年１月19日,(注)３,"316,250",株
277A,グロービング株式会社,2026-08-26,取締役 兼 CSO上級執行役員,福田 浩基,1983年７月18日,(注)３,"50,000",株
277A,グロービング株式会社,2026-08-26,取締役 兼 上級執行役員,輪島 総介,1970年11月１日,(注)３,"13,690,300 (注)６",株
277A,グロービング株式会社,2026-08-26,取締役,米山 恭右,1965年９月11日,(注)３,,株
277A,グロービング株式会社,2026-08-26,取締役,田村 誠一,1968年12月30日,(注)３,,株
277A,グロービング株式会社,2026-08-26,取締役,高橋 広敏,1969年４月26日,(注)３,,株
277A,グロービング株式会社,2026-08-26,常勤監査役,本田 雄輔,1975年８月７日,(注)４,,株
277A,グロービング株式会社,2026-08-26,監査役,細川 琢夫,1953年５月18日,(注)４,,株
277A,グロービング株式会社,2026-08-26,監査役,西本 俊介,1979年10月１日,(注)４,,株
277A,グロービング株式会社,2026-08-26,代表取締役社長 兼 CEO上級執行役員,福田 浩基,1983年７月18日,(注)３,"50,000",株
277A,グロービング株式会社,2026-08-26,代表取締役 副社長 兼 上級執行役員,中川 和彦,1980年１月19日,(注)３,"316,250",株
277A,グロービング株式会社,2026-08-26,取締役 兼 CSO上級執行役員,田中 耕平,1979年８月31日,(注)３,"2,176,300 (注)５",株
277A,グロービング株式会社,2026-08-26,取締役 兼 上級執行役員,輪島 総介,1970年11月１日,(注)３,"13,690,300 (注)６",株
277A,グロービング株式会社,2026-08-26,取締役,米山 恭右,1965年９月11日,(注)３,,株
277A,グロービング株式会社,2026-08-26,取締役,田村 誠一,1968年12月30日,(注)３,,株
277A,グロービング株式会社,2026-08-26,取締役,高橋 広敏,1969年４月26日,(注)３,,株
277A,グロービング株式会社,2026-08-26,取締役,坂本 真樹,1969年12月15日,(注)３,,株
277A,グロービング株式会社,2026-08-26,常勤監査役,本田 雄輔,1975年８月７日,(注)４,,株
277A,グロービング株式会社,2026-08-26,監査役,細川 琢夫,1953年５月18日,(注)４,,株
277A,グロービング株式会社,2026-08-26,監査役,西本 俊介,1979年10月１日,(注)４,,株
2780,株式会社コメ兵ホールディングス,2026-06-23,代表取締役社長 執行役員,石原 卓児,1972年９月21日生,（注）２,"329,741",株
2780,株式会社コメ兵ホールディングス,2026-06-23,常務取締役 執行役員,沢田 登志雄,1957年11月20日生,（注）２,"69,609",株
2780,株式会社コメ兵ホールディングス,2026-06-23,常務取締役 執行役員,山内 祐也,1977年10月18日生,（注）２,"5,522",株
2780,株式会社コメ兵ホールディングス,2026-06-23,取締役,平内 優,1957年12月27日生,（注）２,"1,686",株
2780,株式会社コメ兵ホールディングス,2026-06-23,取締役,中原 義子,1965年10月16日生,（注）２,"1,386",株
2780,株式会社コメ兵ホールディングス,2026-06-23,取締役,高岡 淳二,1981年６月29日生,（注）２,"2,986",株
2780,株式会社コメ兵ホールディングス,2026-06-23,取締役 （常勤監査等委員）,鳥田 一利,1961年12月10日生,（注）４,"60,462",株
2780,株式会社コメ兵ホールディングス,2026-06-23,取締役 (監査等委員),皆見 幸,1972年８月16日生,（注）４,"1,110",株
2780,株式会社コメ兵ホールディングス,2026-06-23,取締役 (監査等委員),村瀬 桃子,1966年４月12日生,（注）３,"1,010",株
2782,株式会社セリア,2026-06-24,代表取締役社長,河合 映治,1967年９月７日生,(注)2,"514,000",株
2782,株式会社セリア,2026-06-24,常務取締役 営業部長,岩間 靖,1968年５月２日生,(注)2,"240,000",株
2782,株式会社セリア,2026-06-24,取締役 経営企画室長,安田 ひとみ,1981年７月９日生,(注)2,"7,600",株
2782,株式会社セリア,2026-06-24,取締役 (監査等委員),鈴木 祐人,1967年９月10日生,(注)3,,株
2782,株式会社セリア,2026-06-24,取締役 (監査等委員),片岡 憲明,1977年３月21日生,(注)3,,株
2782,株式会社セリア,2026-06-24,取締役 (監査等委員),高城 勝信,1973年６月９日生,(注)3,,株
2784,アルフレッサホールディングス株式会社,2026-06-23,代表取締役 社長,荒川 隆治,1963年３月５日,(注)３,71,千株
2784,アルフレッサホールディングス株式会社,2026-06-23,代表取締役 副社長 医療用医薬品等卸売事業 ・海外事業担当,福神 雄介,1976年６月27日,(注)３,"3,012",千株
2784,アルフレッサホールディングス株式会社,2026-06-23,取締役 常務執行役員 事業戦略担当 (事業企画・トータルサプ ライチェーンサービス企 画管掌),大橋 茂樹,1965年１月17日,(注)３,8,千株
2784,アルフレッサホールディングス株式会社,2026-06-23,取締役 常務執行役員 コーポレート担当 (総務・財務企画・ コーポレートコミュニケ ーション管掌),田中 敏樹,1963年６月３日,(注)３,5,千株
2784,アルフレッサホールディングス株式会社,2026-06-23,取締役,島田 浩一,1958年10月15日,(注)３,5,千株
2784,アルフレッサホールディングス株式会社,2026-06-23,取締役,木下 学,1954年５月17日,(注)３,,千株
2784,アルフレッサホールディングス株式会社,2026-06-23,取締役,竹内 淑恵,1955年１月22日,(注)３,,千株
2784,アルフレッサホールディングス株式会社,2026-06-23,取締役,國政 貴美子,1960年１月30日,(注)３,,千株
2784,アルフレッサホールディングス株式会社,2026-06-23,取締役 (監査等委員),上田 裕治,1961年４月１日,(注)４,14,千株
2784,アルフレッサホールディングス株式会社,2026-06-23,取締役 (監査等委員),伊東 卓,1960年４月20日,(注)４,,千株
2784,アルフレッサホールディングス株式会社,2026-06-23,取締役 (監査等委員),木﨑 博,1959年２月２日,(注)４,,千株
2784,アルフレッサホールディングス株式会社,2026-06-23,取締役 (監査等委員),飯塚 幸子,1969年９月16日,(注)４,,千株
2784,アルフレッサホールディングス株式会社,2026-06-23,代表取締役社長,荒川 隆治,,,,
2784,アルフレッサホールディングス株式会社,2026-06-23,代表取締役副社長,福神 雄介,,,,
2784,アルフレッサホールディングス株式会社,2026-06-23,取締役常務執行役員,大橋 茂樹,,,,
2784,アルフレッサホールディングス株式会社,2026-06-23,取締役常務執行役員,田中 敏樹,,,,
2784,アルフレッサホールディングス株式会社,2026-06-23,取締役,島田 浩一,,,,
2784,アルフレッサホールディングス株式会社,2026-06-23,社外取締役,木下 学,,,,
2784,アルフレッサホールディングス株式会社,2026-06-23,社外取締役,竹内 淑恵,,,,
2784,アルフレッサホールディングス株式会社,2026-06-23,社外取締役,國政 貴美子,,,,
2784,アルフレッサホールディングス株式会社,2026-06-23,取締役(常勤監査等委員),上田 裕治,,,,
2784,アルフレッサホールディングス株式会社,2026-06-23,社外取締役(監査等委員),伊東 卓,,,,
2784,アルフレッサホールディングス株式会社,2026-06-23,社外取締役(監査等委員),木﨑 博,,,,
2784,アルフレッサホールディングス株式会社,2026-06-23,社外取締役(監査等委員),飯塚 幸子,,,,
2788,アップルインターナショナル株式会社,2026-03-30,代表取締役会長兼社長 営業本部長,久保 和喜,1959年６月14日生,（注）４,"4,002,000",株
2788,アップルインターナショナル株式会社,2026-03-30,取締役,岡田 卓也,1960年３月13日生,（注）４,,株
2788,アップルインターナショナル株式会社,2026-03-30,取締役,小林 恵一,1949年９月26日生,（注）４,200,株
2788,アップルインターナショナル株式会社,2026-03-30,取締役,久保 裕佳,1997年４月14日生,（注）４,,株
2788,アップルインターナショナル株式会社,2026-03-30,取締役 営業副本部長,倉本 康宏,1975年２月15日生,（注）４,,株
2788,アップルインターナショナル株式会社,2026-03-30,取締役,西田 宜正,1950年１月27日生,（注）４,,株
2788,アップルインターナショナル株式会社,2026-03-30,取締役,冨士 容一,1957年６月27日生,（注）４,,株
2788,アップルインターナショナル株式会社,2026-03-30,常勤監査役,稲垣 幸夫,1952年７月６日生,（注）５,,株
2788,アップルインターナショナル株式会社,2026-03-30,監査役,野尻 譲二,1959年２月27日生,（注）６,,株
2788,アップルインターナショナル株式会社,2026-03-30,監査役,三好 智久,1962年11月27日生,（注）５,,株
2789,株式会社カルラ,2026-05-29,代表取締役社長,井 上 純 子,1967年11月16日生,(注)５,"359,656",株
2789,株式会社カルラ,2026-05-29,常務取締役,菊 池 公 利,1956年１月５日生,(注)５,"42,294",株
2789,株式会社カルラ,2026-05-29,常務取締役,三 浦 祐 介,1977年11月５日生,(注)５,100,株
2789,株式会社カルラ,2026-05-29,取締役,櫻 井 昌 彦,1975年７月25日生,(注)５,"26,800",株
2789,株式会社カルラ,2026-05-29,取締役,伊 藤 真 市,1959年４月２日生,(注)５,"20,000",株
2789,株式会社カルラ,2026-05-29,取締役,井 上 奈奈美,2000年５月10日生,(注)５,"40,000",株
2789,株式会社カルラ,2026-05-29,取締役,花 舘 達,1963年８月６日生,(注)５,,株
2789,株式会社カルラ,2026-05-29,取締役,齋 藤 信 一,1941年10月10日生,(注)５,400,株
2789,株式会社カルラ,2026-05-29,取締役,大 友 史 祥,1952年９月６日生,(注)５,"1,000",株
2789,株式会社カルラ,2026-05-29,常勤監査役,白 石 廣 行,1941年７月13日生,(注)６,,株
2789,株式会社カルラ,2026-05-29,監査役,中 田 孝 司,1981年６月21日生,(注)６,,株
2789,株式会社カルラ,2026-05-29,監査役,井 上 秀 人,1955年８月24日生,(注)６,,株
2789,株式会社カルラ,2026-05-29,補欠監査役,東 條 信 義,1958年１月20日生,(注),"1,600",株
278A,Ｔｅｒｒａ　Ｄｒｏｎｅ株式会社,2026-04-30,代表取締役 社長,德重 徹,1970年１月23日,２ (注３),"5,175,200(注５)",株
278A,Ｔｅｒｒａ　Ｄｒｏｎｅ株式会社,2026-04-30,取締役,関 鉄平,1989年11月７日,２ (注３),"96,400",株
278A,Ｔｅｒｒａ　Ｄｒｏｎｅ株式会社,2026-04-30,取締役,神取 弘太,1987年１月12日,２ (注３),"96,900",株
278A,Ｔｅｒｒａ　Ｄｒｏｎｅ株式会社,2026-04-30,社外取締役,深田 啓介,1978年７月11日,２ (注３),"12,900",株
278A,Ｔｅｒｒａ　Ｄｒｏｎｅ株式会社,2026-04-30,社外取締役,前田 信敏,1974年10月29日,２ (注３),,株
278A,Ｔｅｒｒａ　Ｄｒｏｎｅ株式会社,2026-04-30,常勤 監査役,大谷 美文,1958年11月15日,４ (注４),,株
278A,Ｔｅｒｒａ　Ｄｒｏｎｅ株式会社,2026-04-30,非常勤 監査役,檜田 和毅,1984年８月28日,４ (注４),,株
278A,Ｔｅｒｒａ　Ｄｒｏｎｅ株式会社,2026-04-30,非常勤 監査役,德本 尚子 (戸籍上の氏名： 髙嶋 尚子),1986年４月30日,４ (注４),,株
278A,Ｔｅｒｒａ　Ｄｒｏｎｅ株式会社,2026-04-30,執行役員,植野 佑紀,,,,
278A,Ｔｅｒｒａ　Ｄｒｏｎｅ株式会社,2026-04-30,執行役員,羽渕 毅,,,,
278A,Ｔｅｒｒａ　Ｄｒｏｎｅ株式会社,2026-04-30,執行役員,塩澤 駿一,,,,
278A,Ｔｅｒｒａ　Ｄｒｏｎｅ株式会社,2026-04-30,執行役員,後藤 克巳,,,,
2790,株式会社ナフコ,2026-06-24,代表取締役 社長 ＨＩ営業本部長兼 経理部担当兼 総務部担当,石 田 卓 巳,1953年９月26日生,（注）4,235,千株
2790,株式会社ナフコ,2026-06-24,代表取締役 副社長 家具営業本部長兼 家具商品部長兼 販売促進部担当,石 田 佳 子,1963年５月23日生,（注）4,893,千株
2790,株式会社ナフコ,2026-06-24,取締役 副社長 ＨＩ営業副本部長,髙 野 將 光,1963年11月10日生,（注）4,893,千株
2790,株式会社ナフコ,2026-06-24,常務取締役 ＨＩ営業本部長補佐,深 町 圭 司,1970年６月９日生,（注）4,825,千株
2790,株式会社ナフコ,2026-06-24,取締役 家具事業推進部長,末 松 保 幸,1967年２月10日生,（注）4,0,千株
2790,株式会社ナフコ,2026-06-24,取締役 ＨＩ商品部長,山 田 泰 弘,1971年３月８日生,（注）4,4,千株
2790,株式会社ナフコ,2026-06-24,取締役 家具商品部副部長,山 田 勲,1964年２月15日生,（注）4,2,千株
2790,株式会社ナフコ,2026-06-24,取締役 人事部長兼 経営企画部担当,今 井 朋 晴,1969年７月17日生,（注）4,0,千株
2790,株式会社ナフコ,2026-06-24,取締役 ＨＩ商品部 次長兼副部長 兼業務部担当,北 川 大 二 郎,1969年11月23日生,（注）4,1,千株
2790,株式会社ナフコ,2026-06-24,取締役 ＨＩ事業推進部長,宮 本 健 太 郎,1968年４月３日生,（注）4,0,千株
2790,株式会社ナフコ,2026-06-24,取締役 店舗開発部長,田 辺 一 信,1971年11月25日生,（注）4,0,千株
2790,株式会社ナフコ,2026-06-24,取締役 家具商品部副部長,永 野 共 世,1971年７月５日生,（注）4,893,千株
2790,株式会社ナフコ,2026-06-24,取締役 家具商品部副部長,石 山 寛 則,1980年12月14日生,（注）4,,千株
2790,株式会社ナフコ,2026-06-24,取締役,廣 瀬 隆 明,1951年６月15日生,（注）4,,千株
2790,株式会社ナフコ,2026-06-24,取締役,福 田 義 徳,1952年11月10日生,（注）4,,千株
2790,株式会社ナフコ,2026-06-24,常勤監査役,小 林 浩 一,1962年５月25日生,（注）5,4,千株
2790,株式会社ナフコ,2026-06-24,監査役,藤 井 晋,1977年８月16日生,（注）5,,千株
2790,株式会社ナフコ,2026-06-24,監査役,小 島 智 也,1975年11月４日生,（注）5,,千株
2791,大黒天物産株式会社,2026-08-25,代表取締役社長,大賀 昌彦,1982年４月18日生,（注）３,720,千株
2791,大黒天物産株式会社,2026-08-25,専務取締役 経営戦略室長,大村 昌史,1966年８月７日生,（注）３,4,千株
2791,大黒天物産株式会社,2026-08-25,取締役 経営企画室長,大賀 友貴,1983年10月１日生,（注）３,116,千株
2791,大黒天物産株式会社,2026-08-25,取締役 経理部長兼人事部長兼 管理部門担当,難波 洋一,1966年４月８日生,（注）３,0,千株
2791,大黒天物産株式会社,2026-08-25,取締役 システム統括室長兼情報システム室長,井上 博司,1956年９月１日生,（注）３,2,千株
2791,大黒天物産株式会社,2026-08-25,取締役 社長室長兼物流戦略室長,福島 真二,1980年３月10日生,（注）３,2,千株
2791,大黒天物産株式会社,2026-08-25,取締役,野田 尚紀,1976年６月３日生,（注）３,,千株
2791,大黒天物産株式会社,2026-08-25,取締役,福田 正彦,1955年５月10日生,（注）３,,千株
2791,大黒天物産株式会社,2026-08-25,常勤監査役,河内 泰之,1968年７月10日生,（注）４,,千株
2791,大黒天物産株式会社,2026-08-25,監査役,寺尾 耕治,1958年４月28日生,（注）５,,千株
2791,大黒天物産株式会社,2026-08-25,監査役,今岡 正一,1964年10月21日生,（注）５,,千株
2791,大黒天物産株式会社,2026-08-25,代表取締役社長,大賀 昌彦,1982年４月18日生,（注）３,720,千株
2791,大黒天物産株式会社,2026-08-25,専務取締役 経営戦略室長,大村 昌史,1966年８月７日生,（注）３,4,千株
2791,大黒天物産株式会社,2026-08-25,取締役 経営企画室長,大賀 友貴,1983年10月１日生,（注）３,116,千株
2791,大黒天物産株式会社,2026-08-25,取締役 経理部長兼人事部長兼 管理部門担当,難波 洋一,1966年４月８日生,（注）３,0,千株
2791,大黒天物産株式会社,2026-08-25,取締役 システム統括室長兼情報システム室長,井上 博司,1956年９月１日生,（注）３,2,千株
2791,大黒天物産株式会社,2026-08-25,取締役 社長室長兼物流戦略室長,福島 真二,1980年３月10日生,（注）３,2,千株
2791,大黒天物産株式会社,2026-08-25,取締役,野田 尚紀,1976年６月３日生,（注）３,,千株
2791,大黒天物産株式会社,2026-08-25,取締役,福田 正彦,1955年５月10日生,（注）３,,千株
2791,大黒天物産株式会社,2026-08-25,常勤監査役,河内 泰之,1968年７月10日生,（注）４,,千株
2791,大黒天物産株式会社,2026-08-25,監査役,寺尾 耕治,1958年４月28日生,（注）５,,千株
2791,大黒天物産株式会社,2026-08-25,監査役,今岡 正一,1964年10月21日生,（注）５,,千株
2792,株式会社ハニーズホールディングス,2026-08-24,代表取締役 会長,江 尻 義 久,1946年９月２日生,(注)２,830,千株
2792,株式会社ハニーズホールディングス,2026-08-24,代表取締役 社長,江 尻 英 介,1976年１月24日生,(注)２,826,千株
2792,株式会社ハニーズホールディングス,2026-08-24,取締役 常務執行役員 商品本部長,大 内 典 子,1963年11月２日生,(注)２,17,千株
2792,株式会社ハニーズホールディングス,2026-08-24,取締役 常務執行役員 管理本部長 兼 人事部長,佐 藤 成 展,1975年７月10日生,(注)２,1,千株
2792,株式会社ハニーズホールディングス,2026-08-24,取締役 上席執行役員 総務・物流統括 兼 総務部長,松 本 昭 二,1965年７月28日生,(注)２,29,千株
2792,株式会社ハニーズホールディングス,2026-08-24,取締役 (監査等委員),西 名 孝,1951年12月30日生,(注)３,1,千株
2792,株式会社ハニーズホールディングス,2026-08-24,取締役 (監査等委員),國 井 達 夫,1958年８月28日生,(注)３,,千株
2792,株式会社ハニーズホールディングス,2026-08-24,取締役 (監査等委員),鈴 木 芳 郎,1958年１月28日生,(注)３,,千株
2792,株式会社ハニーズホールディングス,2026-08-24,取締役 (監査等委員),金 子 基 宏,1958年９月５日生,(注)３,,千株
2792,株式会社ハニーズホールディングス,2026-08-24,代表取締役 会長,江 尻 義 久,1946年９月２日生,(注)２,830,千株
2792,株式会社ハニーズホールディングス,2026-08-24,代表取締役 社長,江 尻 英 介,1976年１月24日生,(注)２,826,千株
2792,株式会社ハニーズホールディングス,2026-08-24,取締役 常務執行役員 商品本部長,大 内 典 子,1963年11月２日生,(注)２,17,千株
2792,株式会社ハニーズホールディングス,2026-08-24,取締役 常務執行役員 管理本部長 兼 人事部長,佐 藤 成 展,1975年７月10日生,(注)２,1,千株
2792,株式会社ハニーズホールディングス,2026-08-24,取締役 上席執行役員 総務・物流統括 兼 総務部長,松 本 昭 二,1965年７月28日生,(注)２,29,千株
2792,株式会社ハニーズホールディングス,2026-08-24,取締役 (監査等委員),西 名 孝,1951年12月30日生,(注)３,1,千株
2792,株式会社ハニーズホールディングス,2026-08-24,取締役 (監査等委員),國 井 達 夫,1958年８月28日生,(注)３,,千株
2792,株式会社ハニーズホールディングス,2026-08-24,取締役 (監査等委員),鈴 木 芳 郎,1958年１月28日生,(注)３,,千株
2792,株式会社ハニーズホールディングス,2026-08-24,取締役 (監査等委員),金 子 基 宏,1958年９月５日生,(注)３,,千株
2795,日本プリメックス株式会社,2026-06-19,代表取締役 会長兼社長,中 川 善 司,1945年１月13日生,(注)2,"1,761,140",株
2795,日本プリメックス株式会社,2026-06-19,取締役 執行役員 営業本部長 兼特販部長,太 田 明 光,1955年９月14日生,(注)2,"21,372",株
2795,日本プリメックス株式会社,2026-06-19,取締役 執行役員 営業副本部長兼 国内営業統括部長,内 田 弘,1956年７月22日生,(注)2,"21,372",株
2795,日本プリメックス株式会社,2026-06-19,取締役 執行役員 管理本部長,真 岡 厚 史,1952年２月17日生,(注)2,"3,000",株
2795,日本プリメックス株式会社,2026-06-19,取締役 執行役員 経理部長,柳 澤 雄 二,1951年８月28日生,(注)2,"14,900",株
2795,日本プリメックス株式会社,2026-06-19,取締役 執行役員営業副本部長 兼市場開発企画部長,大 塚 謙 治,1963年10月29日生,(注)2,,株
2795,日本プリメックス株式会社,2026-06-19,社外取締役 常勤監査等委員,藤 本 裕 二,1963年８月14日生,(注)3,,株
2795,日本プリメックス株式会社,2026-06-19,社外取締役 監査等委員,田 中 貞 雄,1948年５月11日生,(注)3,100,株
2795,日本プリメックス株式会社,2026-06-19,取締役 監査等委員,加 藤 準 一,1948年８月３日生,(注)3,,株
2796,ファーマライズホールディングス株式会社,2026-08-20,取締役 会長,大 野 利 美 知,昭和25年４月16日,(注)５,"426,690",株
2796,ファーマライズホールディングス株式会社,2026-08-20,取締役 副会長,大 野 小 夜 子,昭和24年６月３日,(注)５,"513,170",株
2796,ファーマライズホールディングス株式会社,2026-08-20,代表取締役 社長,秋 山 昌 之,昭和42年２月16日,(注)５,"56,320",株
2796,ファーマライズホールディングス株式会社,2026-08-20,専務取締役,松 浦 惠 子,昭和31年12月20日,(注)５,"51,410",株
2796,ファーマライズホールディングス株式会社,2026-08-20,取締役,沼 田 豊,昭和38年７月26日,(注)５,"11,640",株
2796,ファーマライズホールディングス株式会社,2026-08-20,取締役,菅 野 洋,昭和48年２月６日,(注)５,"14,170",株
2796,ファーマライズホールディングス株式会社,2026-08-20,取締役,多 田 宏,昭和11年９月１日,(注)５,,株
2796,ファーマライズホールディングス株式会社,2026-08-20,取締役,相 澤 愛,昭和42年４月15日,(注)５,,株
2796,ファーマライズホールディングス株式会社,2026-08-20,取締役,園 部 経 夫,昭和38年４月10日,(注)５,,株
2796,ファーマライズホールディングス株式会社,2026-08-20,監査役 (常勤),三 浦 誠,昭和28年８月８日,(注)７,"8,400",株
2796,ファーマライズホールディングス株式会社,2026-08-20,監査役 (非常勤),榎 本 孝 之,昭和37年６月５日,(注)６,─,株
2796,ファーマライズホールディングス株式会社,2026-08-20,監査役 (非常勤),鈴 木 隆 雄,昭和24年７月25日,(注)７,"4,000",株
2796,ファーマライズホールディングス株式会社,2026-08-20,取締役 会長,大 野 利 美 知,昭和25年４月16日,(注)５,"426,690",株
2796,ファーマライズホールディングス株式会社,2026-08-20,取締役 副会長,大 野 小 夜 子,昭和24年６月３日,(注)５,"513,170",株
2796,ファーマライズホールディングス株式会社,2026-08-20,代表取締役 社長,秋 山 昌 之,昭和42年２月16日,(注)５,"56,320",株
2796,ファーマライズホールディングス株式会社,2026-08-20,取締役,辻 本 万 里,昭和49年11月13日,(注)５,,株
2796,ファーマライズホールディングス株式会社,2026-08-20,取締役,相 澤 愛,昭和42年４月15日,(注)５,,株
2796,ファーマライズホールディングス株式会社,2026-08-20,取締役,園 部 経 夫,昭和38年４月10日,(注)５,,株
2796,ファーマライズホールディングス株式会社,2026-08-20,取締役,井 手 口 直 子,昭和38年８月９日,(注)５,,株
2796,ファーマライズホールディングス株式会社,2026-08-20,監査役 (常勤),三 浦 誠,昭和28年８月８日,(注)７,"8,400",株
2796,ファーマライズホールディングス株式会社,2026-08-20,監査役 (非常勤),榎 本 孝 之,昭和37年６月５日,(注)６,─,株
2796,ファーマライズホールディングス株式会社,2026-08-20,監査役 (非常勤),鈴 木 隆 雄,昭和24年７月25日,(注)７,"4,000",株
2798,株式会社ワイズテーブルコーポレーション,2026-05-27,代表取締役 会長 執行役員,金 山 精三郎,1945年３月30日生,（注）３,"1,382,600",株
2798,株式会社ワイズテーブルコーポレーション,2026-05-27,代表取締役 社長 執行役員 全体統括,船 曵 睦 雄,1976年１月20日生,（注）３,"60,700",株
2798,株式会社ワイズテーブルコーポレーション,2026-05-27,取締役副社長 執行役員 サルヴァトーレ事業,贄 田 賢 英,1968年11月８日生,（注）３,200,株
2798,株式会社ワイズテーブルコーポレーション,2026-05-27,取締役副社長 執行役員 XEX関東地区,稲 塚 晃 裕,1973年４月30日生,（注）３,,株
2798,株式会社ワイズテーブルコーポレーション,2026-05-27,常務取締役 執行役員 店舗企画、FC事業,高 村 泰 弘,1975年３月17日生,（注）３,,株
2798,株式会社ワイズテーブルコーポレーション,2026-05-27,取締役 執行役員 関西東海地区,上 沼 靖,1972年12月20日生,（注）３,,株
2798,株式会社ワイズテーブルコーポレーション,2026-05-27,取締役 執行役員 管理部門,武 本 尚 子,1978年８月６日生,（注）３,,株
2798,株式会社ワイズテーブルコーポレーション,2026-05-27,取締役,林 哲 治 郎,1944年９月23日生,（注）３,500,株
2798,株式会社ワイズテーブルコーポレーション,2026-05-27,取締役,庄 司 靖,1967年５月20日生,（注）３,,株
2798,株式会社ワイズテーブルコーポレーション,2026-05-27,監査役 （常勤）,大 川 惠之輔,1947年８月30日生,（注）４,,株
2798,株式会社ワイズテーブルコーポレーション,2026-05-27,監査役,髙 江 満,1950年12月18日生,（注）５,,株
2798,株式会社ワイズテーブルコーポレーション,2026-05-27,監査役,河 﨑 拓 也,1968年７月23日生,（注）５,"1,000",株
2798,株式会社ワイズテーブルコーポレーション,2026-05-27,代表取締役 会長 執行役員,金 山 精三郎,1945年３月30日生,（注）３,"1,382,600",株
2798,株式会社ワイズテーブルコーポレーション,2026-05-27,代表取締役 社長 執行役員 全体統括,船 曵 睦 雄,1976年１月20日生,（注）３,"60,700",株
2798,株式会社ワイズテーブルコーポレーション,2026-05-27,取締役副社長 執行役員 サルヴァトーレ事業,贄 田 賢 英,1968年11月８日生,（注）３,200,株
2798,株式会社ワイズテーブルコーポレーション,2026-05-27,取締役副社長 執行役員 XEX関東地区,稲 塚 晃 裕,1973年４月30日生,（注）３,,株
2798,株式会社ワイズテーブルコーポレーション,2026-05-27,常務取締役 執行役員 店舗企画、FC事業,高 村 泰 弘,1975年３月17日生,（注）３,,株
2798,株式会社ワイズテーブルコーポレーション,2026-05-27,取締役 執行役員 関西東海地区,上 沼 靖,1972年12月20日生,（注）３,,株
2798,株式会社ワイズテーブルコーポレーション,2026-05-27,取締役 執行役員 管理部門,武 本 尚 子,1978年８月６日生,（注）３,,株
2798,株式会社ワイズテーブルコーポレーション,2026-05-27,取締役,林 哲 治 郎,1944年９月23日生,（注）３,500,株
2798,株式会社ワイズテーブルコーポレーション,2026-05-27,取締役,庄 司 靖,1967年５月20日生,（注）３,,株
2798,株式会社ワイズテーブルコーポレーション,2026-05-27,監査役 （常勤）,大 川 惠之輔,1947年８月30日生,（注）４,,株
2798,株式会社ワイズテーブルコーポレーション,2026-05-27,監査役,髙 江 満,1950年12月18日生,（注）５,,株
2798,株式会社ワイズテーブルコーポレーション,2026-05-27,監査役,河 﨑 拓 也,1968年７月23日生,（注）５,"1,000",株
2801,キッコーマン株式会社,2026-06-19,取締役 名誉会長 取締役会議長,茂木 友三郎,1935年２月13日生,（注）５,"4,903",千株
2801,キッコーマン株式会社,2026-06-19,代表取締役 会長,堀切 功章,1951年９月２日生,（注）５,"3,742",千株
2801,キッコーマン株式会社,2026-06-19,代表取締役 社長 ＣＥＯ,中野 祥三郎,1957年３月28日生,（注）５,"1,590",千株
2801,キッコーマン株式会社,2026-06-19,代表取締役 専務執行役員 国際事業本部長,茂木 修,1967年９月２日生,（注）５,596,千株
2801,キッコーマン株式会社,2026-06-19,取締役 専務執行役員,島田 政直,1950年７月29日生,（注）５,85,千株
2801,キッコーマン株式会社,2026-06-19,取締役 常務執行役員 研究開発本部長,松山 旭,1957年２月22日生,（注）５,63,千株
2801,キッコーマン株式会社,2026-06-19,取締役,福井 俊彦,1935年９月７日生,（注）５,25,千株
2801,キッコーマン株式会社,2026-06-19,取締役,井口 武雄,1942年４月９日生,（注）５,42,千株
2801,キッコーマン株式会社,2026-06-19,取締役,飯野 正子,1944年１月２日生,（注）５,3,千株
2801,キッコーマン株式会社,2026-06-19,取締役,杉山 晋輔,1953年５月14日生,（注）５,,千株
2801,キッコーマン株式会社,2026-06-19,取締役,遠藤 信博,1953年11月８日生,（注）５,7,千株
2801,キッコーマン株式会社,2026-06-19,取締役,アーサーＭ． ミッチェル,1947年７月23日生,（注）５,0,千株
2801,キッコーマン株式会社,2026-06-19,取締役,国谷 裕子,1957年２月３日生,（注）５,,千株
2801,キッコーマン株式会社,2026-06-19,常勤監査役,森 孝一,1955年８月18日生,（注）６,60,千株
2801,キッコーマン株式会社,2026-06-19,常勤監査役,深澤 晴彦,1962年８月６日生,（注）７,,千株
2801,キッコーマン株式会社,2026-06-19,監査役,梶川 融,1951年９月24日生,（注）８,,千株
2801,キッコーマン株式会社,2026-06-19,監査役,宮崎 裕子,1951年７月９日生,（注）７,,千株
2801,キッコーマン株式会社,2026-06-19,取締役 名誉会長 取締役会議長,茂木 友三郎,1935年２月13日生,（注）５,"4,903",千株
2801,キッコーマン株式会社,2026-06-19,代表取締役 会長,堀切 功章,1951年９月２日生,（注）５,"3,742",千株
2801,キッコーマン株式会社,2026-06-19,代表取締役 社長 ＣＥＯ,中野 祥三郎,1957年３月28日生,（注）５,"1,590",千株
2801,キッコーマン株式会社,2026-06-19,代表取締役 専務執行役員 国際事業本部長,茂木 修,1967年９月２日生,（注）５,596,千株
2801,キッコーマン株式会社,2026-06-19,取締役 常務執行役員 研究開発本部長,松山 旭,1957年２月22日生,（注）５,63,千株
2801,キッコーマン株式会社,2026-06-19,取締役 常務執行役員,辻 亮平,1961年６月16日生,（注）５,12,千株
2801,キッコーマン株式会社,2026-06-19,取締役,福井 俊彦,1935年９月７日生,（注）５,25,千株
2801,キッコーマン株式会社,2026-06-19,取締役,井口 武雄,1942年４月９日生,（注）５,42,千株
2801,キッコーマン株式会社,2026-06-19,取締役,飯野 正子,1944年１月２日生,（注）５,3,千株
2801,キッコーマン株式会社,2026-06-19,取締役,杉山 晋輔,1953年５月14日生,（注）５,,千株
2801,キッコーマン株式会社,2026-06-19,取締役,遠藤 信博,1953年11月８日生,（注）５,7,千株
2801,キッコーマン株式会社,2026-06-19,取締役,アーサーＭ． ミッチェル,1947年７月23日生,（注）５,0,千株
2801,キッコーマン株式会社,2026-06-19,取締役,国谷 裕子,1957年２月３日生,（注）５,,千株
2801,キッコーマン株式会社,2026-06-19,常勤監査役,森 孝一,1955年８月18日生,（注）６,60,千株
2801,キッコーマン株式会社,2026-06-19,常勤監査役,深澤 晴彦,1962年８月６日生,（注）７,,千株
2801,キッコーマン株式会社,2026-06-19,監査役,宮崎 裕子,1951年７月９日生,（注）７,,千株
2801,キッコーマン株式会社,2026-06-19,監査役,永田 高士,1958年２月28日生,（注）８,,千株
2802,味の素株式会社,2026-06-12,社外取締役,岩田 喜美枝,1947年4月6日生,(注)2,46,百株
2802,味の素株式会社,2026-06-12,社外取締役,中山 讓治,1950年5月11日生,(注)2,23,百株
2802,味の素株式会社,2026-06-12,社外取締役,引頭 麻実,1962年11月6日生,(注)2,34,百株
2802,味の素株式会社,2026-06-12,社外取締役,八田 陽子,1952年6月8日生,(注)2,,百株
2802,味の素株式会社,2026-06-12,社外取締役,デイヴィス・スコット,1960年12月26日生,(注)2,,百株
2802,味の素株式会社,2026-06-12,社外取締役,我妻 由佳子,1962年6月17日生,(注)2,,百株
2802,味の素株式会社,2026-06-12,取締役,中村 茂雄,1967年10月13日生,(注)2,166,百株
2802,味の素株式会社,2026-06-12,取締役,白神 浩,1961年5月10日生,(注)2,549,百株
2802,味の素株式会社,2026-06-12,取締役,佐々木 達哉,1963年6月25日生,(注)2,303,百株
2802,味の素株式会社,2026-06-12,取締役,斉藤 剛,1966年10月29日生,(注)2,241,百株
2802,味の素株式会社,2026-06-12,取締役,松澤 巧,1964年6月27日生,(注)2,483,百株
2802,味の素株式会社,2026-06-12,代表執行役社長 最高経営責任者,中村 茂雄,1967年10月13日生,(注)1,166,百株
2802,味の素株式会社,2026-06-12,代表執行役副社長 Chief Human Resources Officer（CHRO）,下保 寛,1965年10月15日生,(注)1,40,百株
2802,味の素株式会社,2026-06-12,代表執行役専務,坂倉 一郎,1963年8月31日生,(注)1,85,百株
2802,味の素株式会社,2026-06-12,執行役常務,斉藤 剛,1966年10月29日生,(注)1,241,百株
2802,味の素株式会社,2026-06-12,執行役常務,嵐田 高彰,1967年9月20日生,(注)1,58,百株
2802,味の素株式会社,2026-06-12,執行役常務,水谷 英一,1965年4月21日生,(注)1,157,百株
2802,味の素株式会社,2026-06-12,執行役常務 Chief Digital Officer,スムリガ・ ミロスラブ,1969年11月19日生,(注)1,5,百株
2802,味の素株式会社,2026-06-12,執行役常務 Chief Innovation Officer,髙柳 大,1968年5月14日生,(注)1,34,百株
2802,味の素株式会社,2026-06-12,執行役,栢原 紫野,1966年8月15日生,(注)1,33,百株
2802,味の素株式会社,2026-06-12,執行役,橘高 幸志,1970年7月22日生,(注)1,,百株
2802,味の素株式会社,2026-06-12,執行役常務,田原 貴之,1963年6月8日生,(注)1,204,百株
2802,味の素株式会社,2026-06-12,執行役常務,リッシュ・ マイケル,1968年11月27日生,(注)1,,百株
2802,味の素株式会社,2026-06-12,執行役常務,神谷 歩,1967年1月7日生,(注)1,144,百株
2802,味の素株式会社,2026-06-12,執行役常務,寺本 博之,1965年7月15日生,(注)1,168,百株
2802,味の素株式会社,2026-06-12,執行役,森 妹子,1970年4月22日生,(注)1,17,百株
2802,味の素株式会社,2026-06-12,執行役,小野 郁,1971年12月13日生,(注)1,8,百株
2802,味の素株式会社,2026-06-12,執行役,川瀬 博士,1969年1月14日生,(注)1,77,百株
2802,味の素株式会社,2026-06-12,執行役,山本 直子,1967年5月4日生,(注)1,3,百株
2802,味の素株式会社,2026-06-12,執行役,泉井 裕,1968年3月7日生,(注)1,35,百株
2802,味の素株式会社,2026-06-12,執行役,臼井 文,1968年3月8日生,(注)1,,百株
2802,味の素株式会社,2026-06-12,執行役,垣原 陽介,1967年10月12日生,(注)1,3,百株
2802,味の素株式会社,2026-06-12,執行役,梶 昌隆,1968年12月29日生,(注)1,52,百株
2802,味の素株式会社,2026-06-12,執行役,幸村 太郎,1968年1月16日生,(注)1,175,百株
2802,味の素株式会社,2026-06-12,執行役,ニシタニ・ イワオ,1970年12月9日生,(注)1,,百株
2802,味の素株式会社,2026-06-12,計(注)2,計(注)2,計(注)2,計(注)2,"1,302",百株
2802,味の素株式会社,2026-06-12,社外取締役,岩田 喜美枝,1947年4月6日生,(注)2,46,百株
2802,味の素株式会社,2026-06-12,社外取締役,中山 讓治,1950年5月11日生,(注)2,23,百株
2802,味の素株式会社,2026-06-12,社外取締役,引頭 麻実,1962年11月6日生,(注)2,34,百株
2802,味の素株式会社,2026-06-12,社外取締役,八田 陽子,1952年6月8日生,(注)2,,百株
2802,味の素株式会社,2026-06-12,社外取締役,デイヴィス・スコット,1960年12月26日生,(注)2,,百株
2802,味の素株式会社,2026-06-12,社外取締役,我妻 由佳子,1962年6月17日生,(注)2,,百株
2802,味の素株式会社,2026-06-12,取締役,中村 茂雄,1967年10月13日生,(注)2,166,百株
2802,味の素株式会社,2026-06-12,取締役,下保 寛,1965年10月15日生,(注)2,40,百株
2802,味の素株式会社,2026-06-12,取締役,斉藤 剛,1966年10月29日生,(注)2,241,百株
2802,味の素株式会社,2026-06-12,取締役,松澤 巧,1964年6月27日生,(注)2,483,百株
2804,ブルドックソース株式会社,2026-06-23,代表取締役 社長執行役員,石 垣 幸 俊,1954年７月４日生,(注)２,"36,700",株
2804,ブルドックソース株式会社,2026-06-23,取締役専務執行役員,佐 伯 舞,1971年４月５日生,(注)２,"3,000",株
2804,ブルドックソース株式会社,2026-06-23,取締役常務執行役員,武 市 雅 之,1965年１月１日生,(注)２,"2,500",株
2804,ブルドックソース株式会社,2026-06-23,取締役,宮 園 伸 吾,1979年２月５日生,(注)２,700,株
2804,ブルドックソース株式会社,2026-06-23,取締役 (監査等委員),山 本 精一郎,1958年２月５日生,(注)３,"30,656",株
2804,ブルドックソース株式会社,2026-06-23,取締役 (監査等委員),石 川 博 康,1959年６月22日生,(注)３,"19,400",株
2804,ブルドックソース株式会社,2026-06-23,取締役 (監査等委員),永島 惠津子,1954年８月23日生,(注)３,"13,000",株
2804,ブルドックソース株式会社,2026-06-23,代表取締役 社長執行役員,石 垣 幸 俊,1954年７月４日生,(注)２,"36,700",株
2804,ブルドックソース株式会社,2026-06-23,代表取締役 専務執行役員,佐 伯 舞,1971年４月５日生,(注)２,"3,000",株
2804,ブルドックソース株式会社,2026-06-23,取締役常務執行役員,武 市 雅 之,1965年１月１日生,(注)２,"2,500",株
2804,ブルドックソース株式会社,2026-06-23,取締役,大 河 原 泰,1962年７月12日生,(注)２,,株
2804,ブルドックソース株式会社,2026-06-23,取締役 (監査等委員),佐 藤 勝 敏,1964年２月７日生,(注)３,"1,200",株
2804,ブルドックソース株式会社,2026-06-23,取締役 (監査等委員),永島 惠津子,1954年８月23日生,(注)３,"13,000",株
2804,ブルドックソース株式会社,2026-06-23,取締役 (監査等委員),宮 園 伸 吾,1979年２月５日生,(注)３,700,株
2805,ヱスビー食品株式会社,2026-06-22,代表取締役 社長,池村 和也,1962年９月６日生,(注)３,"13,262",株
2805,ヱスビー食品株式会社,2026-06-22,専務取締役 営業グループ管掌 兼ハーブ事業部担当 兼マーケティング企画室担当,田口 裕司,1962年10月25日生,(注)３,"6,931",株
2805,ヱスビー食品株式会社,2026-06-22,常務取締役 開発生産グループ担当 兼品質保証室担当,小島 和彦,1960年９月19日生,(注)３,"6,631",株
2805,ヱスビー食品株式会社,2026-06-22,取締役 管理サポートグループ担当,加治 正人,1970年10月９日生,(注)３,"4,865",株
2805,ヱスビー食品株式会社,2026-06-22,取締役 上席執行役員 経営企画室担当 兼業務改革推進室担当 兼管理サポートグループ担当 兼情報統括担当役員,横井 実,1971年７月26日生,(注)３,"4,865",株
2805,ヱスビー食品株式会社,2026-06-22,取締役 執行役員 海外事業管掌 兼管理サポートグループ財経管理室担当 兼法務・ガバナンス室担当,山﨑 崇弘,1977年１月27日生,(注)３,"3,265",株
2805,ヱスビー食品株式会社,2026-06-22,取締役,大嶽 佐由美,1958年１月26日生,(注)３,,株
2805,ヱスビー食品株式会社,2026-06-22,取締役,瀧野 敏子,1954年４月３日生,(注)３,,株
2805,ヱスビー食品株式会社,2026-06-22,取締役 監査等委員,西邨 正敏,1964年９月６日生,(注)４,"3,300",株
2805,ヱスビー食品株式会社,2026-06-22,取締役 監査等委員,葛山 康典,1965年７月27日生,(注)４,,株
2805,ヱスビー食品株式会社,2026-06-22,取締役 監査等委員,松家 元,1964年５月７日生,(注)４,,株
2805,ヱスビー食品株式会社,2026-06-22,取締役 監査等委員,鵜高 利行,1960年12月28日生,(注)４,,株
2805,ヱスビー食品株式会社,2026-06-22,代表取締役 社長 Chief Executive Officer［ＣＥＯ］,大久 陽子,1970年８月20日生,(注)３,"2,600",株
2805,ヱスビー食品株式会社,2026-06-22,代表取締役 Chief Financial Officer［ＣＦＯ］ 海外事業管掌,山﨑 崇弘,1977年１月27日生,(注)３,"3,265",株
2805,ヱスビー食品株式会社,2026-06-22,専務取締役 営業グループ管掌 兼ハーブ事業部担当 兼マーケティング企画室担当,田口 裕司,1962年10月25日生,(注)３,"6,931",株
2805,ヱスビー食品株式会社,2026-06-22,常務取締役 開発生産グループ担当 兼品質保証室担当,小島 和彦,1960年９月19日生,(注)３,"6,631",株
2805,ヱスビー食品株式会社,2026-06-22,取締役 Chief Human Resources Officer［ＣＨＲＯ］ 管理サポートグループ担当,加治 正人,1970年10月９日生,(注)３,"4,865",株
2805,ヱスビー食品株式会社,2026-06-22,取締役 経営企画室担当 兼業務改革推進室担当 兼管理サポートグループ担当 兼情報統括担当役員,横井 実,1971年７月26日生,(注)３,"4,865",株
2805,ヱスビー食品株式会社,2026-06-22,取締役,田中 里沙,1966年11月14日生,(注)３,,株
2805,ヱスビー食品株式会社,2026-06-22,取締役,山名 群,1971年９月20日生,(注)３,,株
2805,ヱスビー食品株式会社,2026-06-22,取締役 監査等委員,西邨 正敏,1964年９月６日生,(注)４,"3,300",株
2805,ヱスビー食品株式会社,2026-06-22,取締役 監査等委員,葛山 康典,1965年７月27日生,(注)４,,株
2805,ヱスビー食品株式会社,2026-06-22,取締役 監査等委員,松家 元,1964年５月７日生,(注)４,,株
2805,ヱスビー食品株式会社,2026-06-22,取締役 監査等委員,太田 律子,1957年11月19日生,(注)４,,株
2806,ユタカフーズ株式会社,2026-06-23,代表取締役 社長,橋 本 淳,1966年４月27日生,(注)３,4,千株
2806,ユタカフーズ株式会社,2026-06-23,取締役,山 本 芳 明,1963年10月28日生,(注)３,,千株
2806,ユタカフーズ株式会社,2026-06-23,取締役,大 茂 為 継,1964年３月17日生,(注)３,,千株
2806,ユタカフーズ株式会社,2026-06-23,取締役,日 野 恵 美 子,1976年４月25日生,(注)３,,千株
2806,ユタカフーズ株式会社,2026-06-23,常勤監査役,奥 田 裕 治,1959年７月22日生,(注)４,19,千株
2806,ユタカフーズ株式会社,2026-06-23,監査役,花 井 謙 造,1961年３月４日生,(注)５,,千株
2806,ユタカフーズ株式会社,2026-06-23,監査役,中 野 晴 之,1958年８月３日生,(注)６,,千株
2806,ユタカフーズ株式会社,2026-06-23,代表取締役 社長,橋 本 淳,1966年４月27日生,(注)３,4,千株
2806,ユタカフーズ株式会社,2026-06-23,取締役,山 本 芳 明,1963年10月28日生,(注)３,,千株
2806,ユタカフーズ株式会社,2026-06-23,取締役,大 茂 為 継,1964年３月17日生,(注)３,,千株
2806,ユタカフーズ株式会社,2026-06-23,取締役,日 野 恵 美 子,1976年４月25日生,(注)３,,千株
2806,ユタカフーズ株式会社,2026-06-23,常勤監査役,奥 田 裕 治,1959年７月22日生,(注)４,19,千株
2806,ユタカフーズ株式会社,2026-06-23,監査役,花 井 謙 造,1961年３月４日生,(注)５,,千株
2806,ユタカフーズ株式会社,2026-06-23,監査役,中 野 晴 之,1958年８月３日生,(注)６,,千株
2809,キユーピー株式会社,2026-02-24,取締役会長 取締役会議長 および ブランド担当,中島 周,1959年９月26日生,（注）４,249,千株
2809,キユーピー株式会社,2026-02-24,代表取締役 社長執行役員,髙宮 満,1961年４月22日生,（注）４,11,千株
2809,キユーピー株式会社,2026-02-24,取締役 常務執行役員 サプライチェーンマネジメント 担当,渡邊 龍太,1964年７月17日生,（注）４,12,千株
2809,キユーピー株式会社,2026-02-24,取締役 常務執行役員 コーポレート担当,山本 信一郎,1962年６月９日生,（注）４,6,千株
2809,キユーピー株式会社,2026-02-24,取締役 常務執行役員 グループ営業担当 兼 市販用市場統括,濱崎 伸也,1964年５月16日生,（注）４,4,千株
2809,キユーピー株式会社,2026-02-24,社外取締役,柏木 斉,1957年９月６日生,（注）４,4,千株
2809,キユーピー株式会社,2026-02-24,社外取締役,福島 敦子,1962年１月17日生,（注）４,,千株
2809,キユーピー株式会社,2026-02-24,社外取締役,西川 久仁子,1962年７月９日生,（注）４,0,千株
2809,キユーピー株式会社,2026-02-24,社外取締役,ハロルド・ ジョージ・ メイ,1963年12月４日生,（注）４,,千株
2809,キユーピー株式会社,2026-02-24,常勤監査役,小田 秀和,1963年１月５日生,（注）５,3,千株
2809,キユーピー株式会社,2026-02-24,常勤監査役,信藤 恭一,1963年１月５日生,（注）６,3,千株
2809,キユーピー株式会社,2026-02-24,社外監査役,寺脇 一峰,1954年４月13日生,（注）５,1,千株
2809,キユーピー株式会社,2026-02-24,社外監査役,熊平 美香,1960年９月22日生,（注）７,0,千株
2809,キユーピー株式会社,2026-02-24,社外監査役,伊藤 彰浩,1960年12月19日生,（注）６,0,千株
2809,キユーピー株式会社,2026-02-24,取締役会長 取締役会議長 および ブランド委員会議長,中島 周,1959年９月26日生,（注）４,249,千株
2809,キユーピー株式会社,2026-02-24,代表取締役 社長執行役員,髙宮 満,1961年４月22日生,（注）４,11,千株
2809,キユーピー株式会社,2026-02-24,取締役 常務執行役員 グローバルＳＣＭ担当,渡邊 龍太,1964年７月17日生,（注）４,12,千株
2809,キユーピー株式会社,2026-02-24,取締役 常務執行役員 コーポレート担当,山本 信一郎,1962年６月９日生,（注）４,6,千株
2809,キユーピー株式会社,2026-02-24,取締役 常務執行役員 グループ営業担当 兼 市販用市場統括,濱崎 伸也,1964年５月16日生,（注）４,4,千株
2809,キユーピー株式会社,2026-02-24,社外取締役,柏木 斉,1957年９月６日生,（注）４,4,千株
2809,キユーピー株式会社,2026-02-24,社外取締役,福島 敦子,1962年１月17日生,（注）４,,千株
2809,キユーピー株式会社,2026-02-24,社外取締役,西川 久仁子,1962年７月９日生,（注）４,0,千株
2809,キユーピー株式会社,2026-02-24,社外取締役,ハロルド・ ジョージ・ メイ,1963年12月４日生,（注）４,,千株
2809,キユーピー株式会社,2026-02-24,常勤監査役,信藤 恭一,1963年１月５日生,（注）５,3,千株
2809,キユーピー株式会社,2026-02-24,常勤監査役,磯野 義和,1964年７月３日生,（注）７,0,千株
2809,キユーピー株式会社,2026-02-24,社外監査役,熊平 美香,1960年９月22日生,（注）６,0,千株
2809,キユーピー株式会社,2026-02-24,社外監査役,伊藤 彰浩,1960年12月19日生,（注）５,0,千株
2809,キユーピー株式会社,2026-02-24,社外監査役,畝本 毅,1960年７月17日生,（注）７,0,千株
280A,株式会社ＴＭＨ,2026-02-27,代表取締役 社長,榎並 大輔,1982年４月８日生,(注)５,"2,099,500 (注)７",株
280A,株式会社ＴＭＨ,2026-02-27,取締役 戦略SCM事業部長,香月 賢一,1973年６月15日生,(注)５,,株
280A,株式会社ＴＭＨ,2026-02-27,取締役 経営管理部長,関 真希,1981年12月24日生,(注)５,"55,000",株
280A,株式会社ＴＭＨ,2026-02-27,取締役,野木村 修,1958年４月７日生,(注)５,,株
280A,株式会社ＴＭＨ,2026-02-27,常勤監査役,成迫 好洋,1961年１月24日生,(注)６,,株
280A,株式会社ＴＭＨ,2026-02-27,監査役,生野 裕一,1979年１月３日生,(注)６,,株
280A,株式会社ＴＭＨ,2026-02-27,監査役,辻 英人 (注)４,1979年５月22日生,(注)６,,株
2810,ハウス食品グループ本社株式会社,2026-06-22,代表取締役社長 経営戦略部担当,浦上 博史,1965年８月16日生,(注)2,"1,052,720",株
2810,ハウス食品グループ本社株式会社,2026-06-22,代表取締役専務 管理本部長兼秘書部担当,大澤 善行,1959年６月23日生,(注)2,"14,041",株
2810,ハウス食品グループ本社株式会社,2026-06-22,専務取締役,川崎 浩太郎,1971年12月６日生,(注)2,"9,212",株
2810,ハウス食品グループ本社株式会社,2026-06-22,取締役 大豆系バリューチェーン担当兼国際事業本部担当,宮奥 美行,1960年11月24日生,(注)2,"11,079",株
2810,ハウス食品グループ本社株式会社,2026-06-22,取締役 研究開発本部長兼品質保証統括部・新規事業開発部・アグリビジネス推進部担当,山口 竜巳,1964年８月13日生,(注)2,"8,074",株
2810,ハウス食品グループ本社株式会社,2026-06-22,取締役 機能性素材系バリューチェーン担当兼コーポレートコミュニケーション本部長兼デジタル戦略本部担当,佐久間 淳,1964年11月３日生,(注)2,"10,212",株
2810,ハウス食品グループ本社株式会社,2026-06-22,取締役 スパイスバリューチェーン調達・生産戦略本部長兼国内関係会社事業推進部担当,岡本 雄一,1966年６月13日生,(注)2,"19,248",株
2810,ハウス食品グループ本社株式会社,2026-06-22,監査等委員である取締役 （常勤）,久保田 恒夫,1960年11月９日生,(注)3,"4,539",株
2810,ハウス食品グループ本社株式会社,2026-06-22,監査等委員である取締役,岡島 敦子,1954年10月15日生,(注)3,"3,456",株
2810,ハウス食品グループ本社株式会社,2026-06-22,監査等委員である取締役,関根 福一,1951年５月20日生,(注)3,"1,116",株
2810,ハウス食品グループ本社株式会社,2026-06-22,監査等委員である取締役,川嵜 靖之,1959年４月30日生,(注)3,"2,176",株
2810,ハウス食品グループ本社株式会社,2026-06-22,監査等委員である取締役,山田 美和,1967年１月21日生,(注)3,250,株
2810,ハウス食品グループ本社株式会社,2026-06-22,代表取締役社長 経営戦略部担当,浦上 博史,1965年８月16日生,(注)2,"1,052,720",株
2810,ハウス食品グループ本社株式会社,2026-06-22,代表取締役専務 管理本部長兼秘書部担当,大澤 善行,1959年６月23日生,(注)2,"14,041",株
2810,ハウス食品グループ本社株式会社,2026-06-22,専務取締役,川崎 浩太郎,1971年12月６日生,(注)2,"9,212",株
2810,ハウス食品グループ本社株式会社,2026-06-22,取締役 大豆系バリューチェーン担当兼国際事業本部担当,宮奥 美行,1960年11月24日生,(注)2,"11,079",株
2810,ハウス食品グループ本社株式会社,2026-06-22,取締役 研究開発本部長兼品質保証統括部・新規事業開発部・アグリビジネス推進部担当,山口 竜巳,1964年８月13日生,(注)2,"8,074",株
2810,ハウス食品グループ本社株式会社,2026-06-22,取締役 機能性素材系バリューチェーン担当兼コーポレートコミュニケーション本部長兼デジタル戦略本部担当,佐久間 淳,1964年11月３日生,(注)2,"10,212",株
2810,ハウス食品グループ本社株式会社,2026-06-22,取締役 スパイスバリューチェーン調達・生産戦略本部長兼国内関係会社事業推進部担当,岡本 雄一,1966年６月13日生,(注)2,"19,248",株
2810,ハウス食品グループ本社株式会社,2026-06-22,監査等委員である取締役 （常勤）,久保田 恒夫,1960年11月９日生,(注)3,"4,539",株
2810,ハウス食品グループ本社株式会社,2026-06-22,監査等委員である取締役,岡島 敦子,1954年10月15日生,(注)3,"3,456",株
2810,ハウス食品グループ本社株式会社,2026-06-22,監査等委員である取締役,関根 福一,1951年５月20日生,(注)3,"1,116",株
2810,ハウス食品グループ本社株式会社,2026-06-22,監査等委員である取締役,川嵜 靖之,1959年４月30日生,(注)3,"2,176",株
2810,ハウス食品グループ本社株式会社,2026-06-22,監査等委員である取締役,山田 美和,1967年１月21日生,(注)3,250,株
2811,カゴメ株式会社,2026-03-13,取締役会長,山 口 聡,1960年12月29日生,(注)３,"25,300",株
2811,カゴメ株式会社,2026-03-13,代表取締役社長,奥 谷 晴 信,1968年３月17日生,(注)３,"3,500",株
2811,カゴメ株式会社,2026-03-13,取締役常務執行役員 生産調達本部長,葉 色 義 久,1967年10月6日生,(注)３,"4,100",株
2811,カゴメ株式会社,2026-03-13,取締役常務執行役員 CFO 兼 CRO 兼 財務経理部長,佐 伯 健,1962年12月１日生,(注)３,"3,600",株
2811,カゴメ株式会社,2026-03-13,取締役 (非常勤),荒 金 久 美,1956年７月４日生,(注)３,900,株
2811,カゴメ株式会社,2026-03-13,取締役 (非常勤),粂 川 滋,1963年８月18日生,(注)３,200,株
2811,カゴメ株式会社,2026-03-13,監査等委員 である取締役 (常勤),高 野 仁,1964年６月５日生,(注)４,"14,400",株
2811,カゴメ株式会社,2026-03-13,監査等委員 である取締役 (非常勤),遠 藤 達 也,1959年８月18日生,(注)４,800,株
2811,カゴメ株式会社,2026-03-13,監査等委員 である取締役 (非常勤),山 神 麻 子,1970年１月１日生,(注)４,,株
2811,カゴメ株式会社,2026-03-13,取締役会長,山 口 聡,1960年12月29日生,(注)３,"25,300",株
2811,カゴメ株式会社,2026-03-13,代表取締役社長,奥 谷 晴 信,1968年３月17日生,(注)３,"3,500",株
2811,カゴメ株式会社,2026-03-13,取締役常務執行役員 生産調達本部長,葉 色 義 久,1967年10月６日生,(注)３,"4,100",株
2811,カゴメ株式会社,2026-03-13,取締役常務執行役員 CFO 兼 CRO 兼 財務経理部長,佐 伯 健,1962年12月１日生,(注)３,"3,600",株
2811,カゴメ株式会社,2026-03-13,取締役 (非常勤),荒 金 久 美,1956年７月４日生,(注)３,900,株
2811,カゴメ株式会社,2026-03-13,取締役 (非常勤),粂 川 滋,1963年８月18日生,(注)３,200,株
2811,カゴメ株式会社,2026-03-13,監査等委員 である取締役 (常勤),高 野 仁,1964年６月５日生,(注)４,"14,400",株
2811,カゴメ株式会社,2026-03-13,監査等委員 である取締役 (非常勤),山 神 麻 子,1970年１月１日生,(注)４,,株
2811,カゴメ株式会社,2026-03-13,監査等委員 である取締役 (非常勤),梅 辻 雅 春,1957年10月１日生,(注)４,,株
2813,和弘食品株式会社,2026-06-23,代表取締役 会長,和 山 明 弘 (注５),1957年６月28日生,注１,"71,591",株
2813,和弘食品株式会社,2026-06-23,代表取締役 社長CEO,加世田 十七七,1965年１月19日生,同上,"25,489",株
2813,和弘食品株式会社,2026-06-23,常務取締役,加 地 賢 幸,1960年３月16日生,同上,493,株
2813,和弘食品株式会社,2026-06-23,取締役,和 山 信 一 郎 (注５),1988年２月13日生,同上,"20,373",株
2813,和弘食品株式会社,2026-06-23,取締役,後 藤 政 弘,1956年６月30日生,同上,"6,300",株
2813,和弘食品株式会社,2026-06-23,取締役,長 岡 宏,1961年７月12日生,同上,,株
2813,和弘食品株式会社,2026-06-23,取締役,藤 井 一 真,1973年１月28日生,同上,"1,109",株
2813,和弘食品株式会社,2026-06-23,取締役,白 尾 直 樹 (注３),1961年４月21日生,同上,,株
2813,和弘食品株式会社,2026-06-23,取締役,三 瓶 由 香 (注３),1966年11月10日生,同上,,株
2813,和弘食品株式会社,2026-06-23,監査役 (常勤),橋 本 充 生,1960年７月18日生,注２,,株
2813,和弘食品株式会社,2026-06-23,監査役,齊 藤 揮 誉 浩 (注４),1961年８月29日生,同上,,株
2813,和弘食品株式会社,2026-06-23,監査役,菊 川 康 宏 (注４),1958年11月４日生,同上,,株
2813,和弘食品株式会社,2026-06-23,取締役 会長,和 山 明 弘 (注５),1957年６月28日生,注１,"71,591",株
2813,和弘食品株式会社,2026-06-23,代表取締役 社長CEO,加世田 十七七,1965年１月19日生,同上,"25,489",株
2813,和弘食品株式会社,2026-06-23,代表取締役 副社長,和 山 信 一 郎 (注５),1988年２月13日生,同上,"20,373",株
2813,和弘食品株式会社,2026-06-23,常務取締役,長 岡 宏,1961年７月12日生,同上,,株
2813,和弘食品株式会社,2026-06-23,常務取締役,藤 井 一 真,1973年１月28日生,同上,"1,109",株
2813,和弘食品株式会社,2026-06-23,常務取締役,加 地 賢 幸,1960年３月16日生,同上,493,株
2813,和弘食品株式会社,2026-06-23,取締役,後 藤 政 弘,1956年６月30日生,同上,"6,300",株
2813,和弘食品株式会社,2026-06-23,取締役,三 瓶 由 香 (注３),1966年11月10日生,同上,,株
2813,和弘食品株式会社,2026-06-23,取締役,兼 子 稔 浩（注３）,1965年12月４日生,同上,,株
2813,和弘食品株式会社,2026-06-23,監査役 (常勤),橋 本 充 生,1960年７月18日生,注２,,株
2813,和弘食品株式会社,2026-06-23,監査役,齊 藤 揮 誉 浩 (注４),1961年８月29日生,同上,,株
2813,和弘食品株式会社,2026-06-23,監査役,菊 川 康 宏 (注４),1958年11月４日生,同上,,株
2814,佐藤食品工業株式会社,2026-06-23,代表取締役社長 社長執行役員,上田 正博,1970年６月15日生,(注)3,2,千株
2814,佐藤食品工業株式会社,2026-06-23,取締役 上席執行役員,鈴木 宗行,1964年１月18日生,(注)3,2,千株
2814,佐藤食品工業株式会社,2026-06-23,取締役 上席執行役員,大津 新司,1976年１月16日生,(注)3,2,千株
2814,佐藤食品工業株式会社,2026-06-23,取締役 上席執行役員,稲垣 篤,1975年７月４日生,(注)3,1,千株
2814,佐藤食品工業株式会社,2026-06-23,取締役相談役,長谷川 憲治,1943年１月３日生,(注)3,6,千株
2814,佐藤食品工業株式会社,2026-06-23,取締役,秦 博文,1951年12月16日生,(注)3,,千株
2814,佐藤食品工業株式会社,2026-06-23,取締役,光田 博充,1951年３月31日生,(注)3,,千株
2814,佐藤食品工業株式会社,2026-06-23,監査役 （常勤）,那須 智,1970年11月10日生,(注)4,3,千株
2814,佐藤食品工業株式会社,2026-06-23,監査役,串田 正克,1950年12月７日生,(注)5,0,千株
2814,佐藤食品工業株式会社,2026-06-23,監査役,稲石 純二,1951年８月15日生,(注)4,0,千株
2814,佐藤食品工業株式会社,2026-06-23,監査役,関谷 保仁,1958年９月20日生,(注)5,,千株
2814,佐藤食品工業株式会社,2026-06-23,代表取締役社長 社長執行役員,上田 正博,1970年６月15日生,(注)3,2,千株
2814,佐藤食品工業株式会社,2026-06-23,取締役 上席執行役員,大津 新司,1976年１月16日生,(注)3,2,千株
2814,佐藤食品工業株式会社,2026-06-23,取締役 上席執行役員,稲垣 篤,1975年７月４日生,(注)3,1,千株
2814,佐藤食品工業株式会社,2026-06-23,取締役相談役,長谷川 憲治,1943年１月３日生,(注)3,6,千株
2814,佐藤食品工業株式会社,2026-06-23,取締役,秦 博文,1951年12月16日生,(注)3,,千株
2814,佐藤食品工業株式会社,2026-06-23,取締役,神谷 安志,1983年９月24日生,(注)3,,千株
2814,佐藤食品工業株式会社,2026-06-23,監査役 （常勤）,那須 智,1970年11月10日生,(注)4,3,千株
2814,佐藤食品工業株式会社,2026-06-23,監査役,串田 正克,1950年12月７日生,(注)5,0,千株
2814,佐藤食品工業株式会社,2026-06-23,監査役,稲石 純二,1951年８月15日生,(注)4,0,千株
2814,佐藤食品工業株式会社,2026-06-23,監査役,関谷 保仁,1958年９月20日生,(注)5,,千株
2815,アリアケジャパン株式会社,2026-06-17,代表取締役社長,白川 直樹,1957年２月28日生,（注）3,10,千株
2815,アリアケジャパン株式会社,2026-06-17,専務取締役,亀岡 正彦,1958年1月1日生,（注）3,1,千株
2815,アリアケジャパン株式会社,2026-06-17,取締役 経理部長 兼経営管理室長,松本 幸一,1958年３月30日生,（注）3,20,千株
2815,アリアケジャパン株式会社,2026-06-17,取締役 営業統括部長,岩城 幸司,1965年２月18日生,（注）3,0,千株
2815,アリアケジャパン株式会社,2026-06-17,取締役,佐々木 隆彦,1959年6月13日生,（注）3,,千株
2815,アリアケジャパン株式会社,2026-06-17,取締役 （監査等委員委員長）,星野 誠之,1972年７月23日生,（注）4,,千株
2815,アリアケジャパン株式会社,2026-06-17,取締役 （監査等委員）,安部 真行,1956年10月5日生,（注）５,,千株
2815,アリアケジャパン株式会社,2026-06-17,取締役 （監査等委員）,髙取 幸子,1965年8月19日生,（注）５,,千株
2815,アリアケジャパン株式会社,2026-06-17,代表取締役社長,白川 直樹,1957年２月28日生,（注）４,10,千株
2815,アリアケジャパン株式会社,2026-06-17,専務取締役,亀岡 正彦,1958年1月1日生,（注）４,1,千株
2815,アリアケジャパン株式会社,2026-06-17,取締役 経理部長 兼経営管理室長,松本 幸一,1958年３月30日生,（注）４,20,千株
2815,アリアケジャパン株式会社,2026-06-17,取締役 営業統括部長,岩城 幸司,1965年２月18日生,（注）４,,千株
2815,アリアケジャパン株式会社,2026-06-17,取締役 九州工場 工場長,世知原 圭司,1965年4月22日生,（注）４,0,千株
2815,アリアケジャパン株式会社,2026-06-17,取締役 技術開発部 部長,高濱 明,1976年1月28日生,（注）４,0,千株
2815,アリアケジャパン株式会社,2026-06-17,取締役,佐々木 隆彦,1959年6月13日生,（注）４,,千株
2815,アリアケジャパン株式会社,2026-06-17,取締役,神元 圭子,1967年12月8日生,（注）４,,千株
2815,アリアケジャパン株式会社,2026-06-17,取締役 （監査等委員委員長）,星野 誠之,1972年７月23日生,（注）６,,千株
2815,アリアケジャパン株式会社,2026-06-17,取締役 （監査等委員）,安部 真行,1956年10月5日生,（注）５,,千株
2815,アリアケジャパン株式会社,2026-06-17,取締役 （監査等委員）,髙取 幸子,1965年8月19日生,（注）５,,千株
2815,アリアケジャパン株式会社,2026-06-17,取締役 （監査等委員）,井川 真由美,1975年10月4日生,（注）６,,千株
2816,株式会社ダイショー,2026-06-23,代表取締役会長,松 本 洋 助,1951年11月９日,(注)4,206,千株
2816,株式会社ダイショー,2026-06-23,代表取締役社長,松 本 俊 一,1987年５月３日,(注)4,96,千株
2816,株式会社ダイショー,2026-06-23,専務取締役 営業本部長,坂 田 恵 補,1964年８月29日,(注)4,2,千株
2816,株式会社ダイショー,2026-06-23,取締役 生産本部長兼物流部担当,矢 野 宏 一,1963年２月26日,(注)4,3,千株
2816,株式会社ダイショー,2026-06-23,取締役 商品本部長兼調達部担当,根 岸 宏 樹,1975年８月１日,(注)4,0,千株
2816,株式会社ダイショー,2026-06-23,取締役 管理本部長兼経営企画室長兼品質保証部担当,三 浦 和 信,1973年９月26日,(注)4,1,千株
2816,株式会社ダイショー,2026-06-23,取締役,本 夛 伸 介,1957年８月14日,(注)4,,千株
2816,株式会社ダイショー,2026-06-23,常勤監査役,牛 塚 良 信,1959年１月23日,(注)5,1,千株
2816,株式会社ダイショー,2026-06-23,監査役,成 清 一 郎,1949年９月14日,(注)5,,千株
2816,株式会社ダイショー,2026-06-23,監査役,中 野 宏 治,1963年１月10日,(注)5,,千株
2818,株式会社ピエトロ,2026-06-22,代表取締役 会長,西川 啓子,1948年10月22日生,(注)３,"2,585",百株
2818,株式会社ピエトロ,2026-06-22,代表取締役 社長,高橋 泰行,1964年12月４日生,(注)３,423,百株
2818,株式会社ピエトロ,2026-06-22,代表取締役 専務取締役,宮川 慎一,1956年３月13日生,(注)３,403,百株
2818,株式会社ピエトロ,2026-06-22,取締役,相薗 好伸,1969年９月９日生,(注)３,52,百株
2818,株式会社ピエトロ,2026-06-22,取締役 サポート本部長,田島 潤,1972年7月12日生,(注)３,27,百株
2818,株式会社ピエトロ,2026-06-22,取締役,髙田 聖大,1954年１月５日生,(注)３,,百株
2818,株式会社ピエトロ,2026-06-22,取締役,シュードル 祐子,1965年５月12日生,（注)３,,百株
2818,株式会社ピエトロ,2026-06-22,取締役,髙橋 康徳,1972年５月30日生,(注)３,,百株
2818,株式会社ピエトロ,2026-06-22,常勤監査役,森山 勇二,1953年７月14日生,(注)４,17,百株
2818,株式会社ピエトロ,2026-06-22,監査役,二反田 友次,1960年５月22日生,(注)４,,百株
2818,株式会社ピエトロ,2026-06-22,監査役,後藤 真弓,1966年５月25日生,(注)４,1,百株
2818,株式会社ピエトロ,2026-06-22,代表取締役 会長,西川 啓子,1948年10月22日生,(注)３,"25,850",百株
2818,株式会社ピエトロ,2026-06-22,代表取締役 社長,高橋 泰行,1964年12月４日生,(注)３,"4,230",百株
2818,株式会社ピエトロ,2026-06-22,代表取締役 専務取締役,宮川 慎一,1956年３月13日生,(注)３,"4,030",百株
2818,株式会社ピエトロ,2026-06-22,常務取締役 サポート本部長,田島 潤,1972年7月12日生,(注)３,270,百株
2818,株式会社ピエトロ,2026-06-22,取締役,相薗 好伸,1969年９月９日生,(注)３,520,百株
2818,株式会社ピエトロ,2026-06-22,取締役,髙田 聖大,1954年１月５日生,(注)３,,百株
2818,株式会社ピエトロ,2026-06-22,取締役,シュードル 祐子,1965年５月12日生,（注)３,,百株
2818,株式会社ピエトロ,2026-06-22,取締役,髙橋 康徳,1972年５月30日生,(注)３,,百株
2818,株式会社ピエトロ,2026-06-22,常勤監査役,森山 勇二,1953年７月14日生,(注)４,170,百株
2818,株式会社ピエトロ,2026-06-22,監査役,二反田 友次,1960年５月22日生,(注)４,,百株
2818,株式会社ピエトロ,2026-06-22,監査役,後藤 真弓,1966年５月25日生,(注)４,10,百株
2819,エバラ食品工業株式会社,2026-06-25,取締役社長 （代表取締役）,森村 剛士,1979年９月28日生,(注)３,"52,560",株
2819,エバラ食品工業株式会社,2026-06-25,専務取締役 社長補佐、 クリエイティブ部門担当,吉田 泰弘,1959年11月６日生,(注)３,"24,500",株
2819,エバラ食品工業株式会社,2026-06-25,常務取締役 営業部門担当 兼 営業統括本部長,近藤 康弘,1961年４月10日生,(注)３,"16,575",株
2819,エバラ食品工業株式会社,2026-06-25,取締役 長期ビジョン 「構造変革、新領域開拓」担当 兼 Core Lab、品質保証部担当,今田 勝久,1966年５月３日生,(注)３,"7,165",株
2819,エバラ食品工業株式会社,2026-06-25,取締役 経営企画部、 新規事業推進室担当,関 進,1969年１月28日生,(注)３,"10,150",株
2819,エバラ食品工業株式会社,2026-06-25,取締役 コーポレート部門担当 兼 コーポレート統括本部長,粟野 裕,1965年７月14日生,(注)３,"5,350",株
2819,エバラ食品工業株式会社,2026-06-25,取締役,赤堀 博美,1965年９月20日生,(注)３,"2,900",株
2819,エバラ食品工業株式会社,2026-06-25,取締役,菅野 豊,1964年５月４日生,(注)３,"7,600",株
2819,エバラ食品工業株式会社,2026-06-25,監査役 （常勤）,高島 勝廣,1964年２月12日生,(注)４,"5,400",株
2819,エバラ食品工業株式会社,2026-06-25,監査役,金谷 浩史,1964年７月２日生,(注)４,"3,000",株
2819,エバラ食品工業株式会社,2026-06-25,監査役,青戸 理成,1974年９月20日生,(注)４,"4,500",株
2819,エバラ食品工業株式会社,2026-06-25,監査役,椎谷 晃,1962年12月４日生,(注)４,,株
281A,インフォメティス株式会社,2026-03-26,代表取締役,只野 太郎,1968年５月15日,(注)３,"38,000",株
281A,インフォメティス株式会社,2026-03-26,取締役CFO,横溝 大介,1975年５月15日,(注)３,"16,000",株
281A,インフォメティス株式会社,2026-03-26,社外取締役,髙橋 元弘,1975年９月４日,(注)３,,株
281A,インフォメティス株式会社,2026-03-26,社外監査役,髙橋 研兒,1959年９月24日,(注)４,,株
281A,インフォメティス株式会社,2026-03-26,社外監査役,大久保 樹理,1981年７月14日,(注)４,,株
281A,インフォメティス株式会社,2026-03-26,社外監査役,西村 正則,1960年１月20日,(注)４,,株
281A,インフォメティス株式会社,2026-03-26,代表取締役,只野 太郎,1968年５月15日,(注)３,"38,000",株
281A,インフォメティス株式会社,2026-03-26,取締役CFO兼COO,横溝 大介,1975年５月15日,(注)３,"16,000",株
281A,インフォメティス株式会社,2026-03-26,社外取締役,髙橋 元弘,1975年９月４日,(注)３,,株
281A,インフォメティス株式会社,2026-03-26,社外監査役,髙橋 研兒,1959年９月24日,(注)４,,株
281A,インフォメティス株式会社,2026-03-26,社外監査役,大久保 樹理,1981年７月14日,(注)４,,株
281A,インフォメティス株式会社,2026-03-26,社外監査役,西村 正則,1960年１月20日,(注)４,,株
2820,株式会社やまみ,2025-09-25,代表取締役会長,山名 清,1955年６月22日,(注)３,"92,500",株
2820,株式会社やまみ,2025-09-25,代表取締役社長,山名 徹,1984年９月13日,(注)３,"846,900",株
2820,株式会社やまみ,2025-09-25,常務取締役 営業本部長,池田 隆幸,1966年10月22日,(注)３,"20,000",株
2820,株式会社やまみ,2025-09-25,取締役,七川 雅仁,1969年５月14日,(注)３,,株
2820,株式会社やまみ,2025-09-25,取締役,後藤 和之,1956年２月12日,(注)３,,株
2820,株式会社やまみ,2025-09-25,取締役,佐々木 公江,1967年９月８日,(注)３,,株
2820,株式会社やまみ,2025-09-25,監査役 （常勤）,中島 淳,1986年４月16日,(注)４,600,株
2820,株式会社やまみ,2025-09-25,監査役,濱田 隆祐,1973年１月30日,(注)４,,株
2820,株式会社やまみ,2025-09-25,監査役,山脇 将司,1977年７月14日,(注)４,,株
2820,株式会社やまみ,2025-09-25,代表取締役会長,山名 清,1955年６月22日,(注)３,"92,500",株
2820,株式会社やまみ,2025-09-25,代表取締役社長,山名 徹,1984年９月13日,(注)３,"846,900",株
2820,株式会社やまみ,2025-09-25,常務取締役 営業本部長,池田 隆幸,1966年10月22日,(注)３,"20,000",株
2820,株式会社やまみ,2025-09-25,取締役,西岡 俊紀,1994年12月18日,(注)３,,株
2820,株式会社やまみ,2025-09-25,取締役,七川 雅仁,1969年５月14日,(注)３,,株
2820,株式会社やまみ,2025-09-25,取締役,後藤 和之,1956年２月12日,(注)３,,株
2820,株式会社やまみ,2025-09-25,取締役,佐々木 公江,1967年９月８日,(注)３,,株
2820,株式会社やまみ,2025-09-25,監査役 （常勤）,中島 淳,1986年４月16日,(注)４,600,株
2820,株式会社やまみ,2025-09-25,監査役,濱田 隆祐,1973年１月30日,(注)４,,株
2820,株式会社やまみ,2025-09-25,監査役,山脇 将司,1977年７月14日,(注)４,,株
2831,はごろもフーズ株式会社,2026-06-25,代表取締役 会長,後藤 康雄,1949年２月14日生,(注)１,558,百株
2831,はごろもフーズ株式会社,2026-06-25,代表取締役 社長,後藤 佐恵子,1974年11月19日生,(注)１ (注)６,390,百株
2831,はごろもフーズ株式会社,2026-06-25,代表取締役 副社長 事業本部長,松井 敬,1963年８月27日生,(注)１,24,百株
2831,はごろもフーズ株式会社,2026-06-25,常務取締役 事業本部副本部長 営業管掌,山田 雅文,1961年９月24日生,(注)１,25,百株
2831,はごろもフーズ株式会社,2026-06-25,常務取締役 事業本部副本部長 生産管掌,望月 浩志,1963年４月19日生,(注)１,17,百株
2831,はごろもフーズ株式会社,2026-06-25,取締役 業務用統轄兼 業務用販売部長,日笠 博文,1967年８月６日生,(注)１,12,百株
2831,はごろもフーズ株式会社,2026-06-25,取締役 特命担当,田村 智之,1968年８月31日生,(注)１,20,百株
2831,はごろもフーズ株式会社,2026-06-25,取締役 品質保証本部長兼 品質保証部長兼分析室長兼 ＨＩＣセンター長,給田 尚文,1968年10月20日生,(注)１,11,百株
2831,はごろもフーズ株式会社,2026-06-25,取締役 東京支店長,鈴木 孝夫,1967年７月４日生,(注)１,11,百株
2831,はごろもフーズ株式会社,2026-06-25,取締役 シーチキン・デザート・総菜ユニット長,山本 秀幸,1968年６月27日生,(注)１,17,百株
2831,はごろもフーズ株式会社,2026-06-25,取締役 社長補佐,越野 勉,1968年10月18日生,(注)１,12,百株
2831,はごろもフーズ株式会社,2026-06-25,取締役 サービス本部長兼総務部長兼女性活躍推進担当,毛利 恵子,1973年８月30日生,(注)１,12,百株
2831,はごろもフーズ株式会社,2026-06-25,取締役 経営企画本部長兼 ＳＤＧｓ担当,香田 賢治,1965年12月14日生,(注)１,7,百株
2831,はごろもフーズ株式会社,2026-06-25,取締役,伊藤 元重,1951年12月19日生,(注)１ (注)７,,百株
2831,はごろもフーズ株式会社,2026-06-25,取締役,牛尾 奈緒美,1961年３月８日生,(注)１ (注)７,,百株
2831,はごろもフーズ株式会社,2026-06-25,常勤監査役,松永 年史,1948年11月16日生,(注)４,75,百株
2831,はごろもフーズ株式会社,2026-06-25,常勤監査役,溝口 康博,1952年10月20日生,(注)５,86,百株
2831,はごろもフーズ株式会社,2026-06-25,監査役,秋山 信彦,1961年９月24日生,(注)２ (注)７,,百株
2831,はごろもフーズ株式会社,2026-06-25,監査役,小髙 新吾,1963年５月２日生,(注)４ (注)７,,百株
2831,はごろもフーズ株式会社,2026-06-25,監査役,舘野 鏡子,1970年２月１日生,(注)３ (注)７,,百株
285A,キオクシアホールディングス株式会社,2026-06-24,代表取締役,早坂 伸夫,1955年８月７日,（注１）,,株
285A,キオクシアホールディングス株式会社,2026-06-24,取締役 会長執行役員,ステイシー・スミス（Stacy J. Smith）,1962年10月26日,（注１）,,株
285A,キオクシアホールディングス株式会社,2026-06-24,取締役,杉本 勇次,1969年７月11日,（注１）,,株
285A,キオクシアホールディングス株式会社,2026-06-24,取締役,末包 昌司,1981年１月21日,（注１）,,株
285A,キオクシアホールディングス株式会社,2026-06-24,社外取締役,鈴木 洋,1958年８月31日,（注１）,,株
285A,キオクシアホールディングス株式会社,2026-06-24,社外取締役,マイケル・スプリンター （Michael R.Splinter）,1950年10月１日,（注１）,,株
285A,キオクシアホールディングス株式会社,2026-06-24,社外監査役 （常勤）,森田 功,1958年１月１日,（注２）,,株
285A,キオクシアホールディングス株式会社,2026-06-24,社外監査役 （非常勤）,畑野 耕逸,1953年10月26日,（注２）,,株
285A,キオクシアホールディングス株式会社,2026-06-24,監査役 （非常勤）,中浜 俊介,1977年３月15日,（注２）,,株
285A,キオクシアホールディングス株式会社,2026-06-24,代表取締役社長 社長執行役員,太田 裕雄,1962年12月15日,（注１）,,株
285A,キオクシアホールディングス株式会社,2026-06-24,取締役 会長執行役員,ステイシー・スミス （Stacy J. Smith）,1962年10月26日,（注１）,,株
285A,キオクシアホールディングス株式会社,2026-06-24,取締役,杉本 勇次,1969年７月11日,（注１）,,株
285A,キオクシアホールディングス株式会社,2026-06-24,取締役,末包 昌司,1981年１月21日,（注１）,,株
285A,キオクシアホールディングス株式会社,2026-06-24,社外取締役,鈴木 洋,1958年８月31日,（注１）,,株
285A,キオクシアホールディングス株式会社,2026-06-24,社外取締役,マイケル・スプリンター （Michael R.Splinter）,1950年10月１日,（注１）,,株
285A,キオクシアホールディングス株式会社,2026-06-24,社外取締役,東 恵美子,1958年11月６日,（注１）,,株
285A,キオクシアホールディングス株式会社,2026-06-24,社外監査役 （常勤）,森田 功,1958年１月１日,（注２）,,株
285A,キオクシアホールディングス株式会社,2026-06-24,社外監査役 （非常勤）,山本 千鶴子,1965年11月18日,（注３）,,株
285A,キオクシアホールディングス株式会社,2026-06-24,監査役 （非常勤）,中浜 俊介,1977年３月15日,（注２）,,株
286A,株式会社ユカリア,2026-03-27,取締役会長（注）２,古川 淳,1974年９月22日生,(注)３,"22,089,800（注）５",株
286A,株式会社ユカリア,2026-03-27,代表取締役 社長,三沢英生,1973年８月30日生,(注)３,"44,800",株
286A,株式会社ユカリア,2026-03-27,取締役 (監査等委員),須藤修司,1963年４月18日生,(注)４,"10,000",株
286A,株式会社ユカリア,2026-03-27,取締役 (監査等委員),杉山文野,1981年８月10日生,(注)４,,株
286A,株式会社ユカリア,2026-03-27,取締役 (監査等委員),池尻志保,1970年７月20日生,(注)４,,株
286A,株式会社ユカリア,2026-03-27,異動後,氏名,,,,
286A,株式会社ユカリア,2026-03-27,取締役会長,古川 淳,,,,
2871,株式会社ニチレイ,2026-06-16,代表取締役 会長,大 櫛 顕 也,1965年１月15日生,(注)４,"1,049",百株
2871,株式会社ニチレイ,2026-06-16,代表取締役 社長 （CEO）,嶋 本 和 訓,1972年２月５日生,(注)４,123,百株
2871,株式会社ニチレイ,2026-06-16,取締役 上席執行役員 （COO）,竹 永 雅 彦,1964年９月16日生,(注)４,674,百株
2871,株式会社ニチレイ,2026-06-16,取締役 上席執行役員,田 邉 弥,1969年７月26日生,(注)４,346,百株
2871,株式会社ニチレイ,2026-06-16,取締役 上席執行役員 （CFO） コーポレートマネジメント本部長、経理部・財務部・広報部・IR部・経営監査部・不動産事業部管掌,鈴 木 健 二,1967年２月18日生,(注)４,251,百株
2871,株式会社ニチレイ,2026-06-16,取締役 上席執行役員 （CSO・CGO） 戦略本部長、経営企画部・サステナビリティ戦略部・新価値創造部管掌,髙 久 祐 一,1970年７月18日生,(注)４,251,百株
2871,株式会社ニチレイ,2026-06-16,社外取締役,鍋 嶋 麻 奈,1966年７月４日生,(注)４,59,百株
2871,株式会社ニチレイ,2026-06-16,社外取締役,濱 逸 夫,1954年３月14日生,(注)４,25,百株
2871,株式会社ニチレイ,2026-06-16,社外取締役,濱 島 健 爾,1959年１月３日生,(注)４,77,百株
2871,株式会社ニチレイ,2026-06-16,社外取締役,吉丸 由紀子,1960年２月１日生,(注)４,32,百株
2871,株式会社ニチレイ,2026-06-16,社外取締役,山 口 裕 視,1961年３月31日生,(注)４,14,百株
2871,株式会社ニチレイ,2026-06-16,常勤監査役,片 渕 哲 郎,1964年５月13日生,(注)５,25,百株
2871,株式会社ニチレイ,2026-06-16,常勤監査役,柳 沢 健 二,1963年６月６日生,(注)５,,百株
2871,株式会社ニチレイ,2026-06-16,社外監査役,齊 藤 雄 彦,1955年１月27日生,(注)５,52,百株
2871,株式会社ニチレイ,2026-06-16,社外監査役,加 藤 孝 明,1957年６月12日生,(注)５,5,百株
2871,株式会社ニチレイ,2026-06-16,社外監査役,松 島 浩 道,1958年１月20日生,(注)５,10,百株
2872,株式会社セイヒョー,2026-05-25,取締役社長 （代表取締役）,飯 塚 周 一,1964年10月15日生,(注)２,"24,621(注)４",株
2872,株式会社セイヒョー,2026-05-25,取締役 営業部長,髙 澤 陽 介,1974年１月11日生,(注)２,"3,870(注)４",株
2872,株式会社セイヒョー,2026-05-25,取締役 管理部長,安 藤 力,1978年11月４日生,(注)２,"4,641(注)４",株
2872,株式会社セイヒョー,2026-05-25,取締役,嵜 山 淳 子,1959年９月19日生,(注)２,,株
2872,株式会社セイヒョー,2026-05-25,取締役 （監査等委員）,伊 藤 伸 介,1969年11月３日生,(注)３,,株
2872,株式会社セイヒョー,2026-05-25,取締役 （監査等委員）,若 槻 良 宏,1974年２月19日生,(注)３,,株
2872,株式会社セイヒョー,2026-05-25,取締役 （監査等委員）,前 田 博,1955年８月３日生,(注)３,,株
2872,株式会社セイヒョー,2026-05-25,取締役社長 （代表取締役）,飯 塚 周 一,1964年10月15日生,(注)２,"24,621(注)４",株
2872,株式会社セイヒョー,2026-05-25,取締役 営業部長,髙 澤 陽 介,1974年１月11日生,(注)２,"3,870(注)４",株
2872,株式会社セイヒョー,2026-05-25,取締役 管理部長,安 藤 力,1978年11月４日生,(注)２,"4,641(注)４",株
2872,株式会社セイヒョー,2026-05-25,取締役 （監査等委員）,伊 藤 伸 介,1969年11月３日生,(注)３,,株
2872,株式会社セイヒョー,2026-05-25,取締役 （監査等委員）,若 槻 良 宏,1974年２月19日生,(注)３,,株
2872,株式会社セイヒョー,2026-05-25,取締役 （監査等委員）,嵜 山 淳 子,1959年９月19日生,(注)３,,株
2874,横浜冷凍株式会社,2025-12-19,取締役会長,吉川 俊雄,1944年11月２日生,(注)４,228,千株
2874,横浜冷凍株式会社,2025-12-19,代表取締役社長,古瀬 健児,1962年９月14日生,(注)４,58,千株
2874,横浜冷凍株式会社,2025-12-19,常務取締役 内部監査室長,越智 孝次,1961年８月６日生,(注)４,57,千株
2874,横浜冷凍株式会社,2025-12-19,常務取締役 事業総合企画本部長 兼 販売事業本部長 中期経営計画推進委員長,吉川 尚孝,1974年９月11日生,(注)４,37,千株
2874,横浜冷凍株式会社,2025-12-19,取締役 販売戦略管理部長,岡田 洋,1972年１月12日生,(注)４,27,千株
2874,横浜冷凍株式会社,2025-12-19,取締役 販売事業本部副本部長,池田 浩人,1961年２月14日生,(注)４,23,千株
2874,横浜冷凍株式会社,2025-12-19,取締役 ダイヤモンド十勝(株)取締役副社長,星野 義明,1962年３月22日生,(注)４,18,千株
2874,横浜冷凍株式会社,2025-12-19,取締役 管理本部長 兼 人事部長 兼 人材開発センター長 気候関連担当 中期経営計画推進副委員長,吉田 郷,1963年９月４日生,(注)４,9,千株
2874,横浜冷凍株式会社,2025-12-19,取締役,酒井 基次,1953年２月１日生,(注)４,8,千株
2874,横浜冷凍株式会社,2025-12-19,取締役,堀合 洋祐,1953年12月24日生,(注)４,3,千株
2874,横浜冷凍株式会社,2025-12-19,取締役,本田 光宏,1961年７月７日生,(注)４,3,千株
2874,横浜冷凍株式会社,2025-12-19,取締役,坂本 順子,1971年11月24日生,(注)４,1,千株
2874,横浜冷凍株式会社,2025-12-19,常勤監査役,井上 啓造,1956年10月26日生,(注)５,4,千株
2874,横浜冷凍株式会社,2025-12-19,常勤監査役,奥田 康一郎,1970年６月14日生,(注)５,0,千株
2874,横浜冷凍株式会社,2025-12-19,監査役,宗像 久男,1951年４月８日生,(注)５,6,千株
2874,横浜冷凍株式会社,2025-12-19,監査役,市川 裕介,1958年12月17日生,(注)５,0,千株
2874,横浜冷凍株式会社,2025-12-19,代表取締役社長,古瀬 健児,1962年９月14日生,(注)４,58,千株
2874,横浜冷凍株式会社,2025-12-19,常務取締役 事業総合企画本部長 兼 販売事業本部長 中期経営計画推進委員長,吉川 尚孝,1974年９月11日生,(注)４,37,千株
2874,横浜冷凍株式会社,2025-12-19,取締役 販売戦略管理部長 兼 広報ＩＲ部長,岡田 洋,1972年１月12日生,(注)４,27,千株
2874,横浜冷凍株式会社,2025-12-19,取締役 管理本部長 気候関連担当 中期経営計画推進副委員長,吉田 郷,1963年９月４日生,(注)４,9,千株
2874,横浜冷凍株式会社,2025-12-19,取締役 冷蔵事業本部長 パックス冷蔵(株)代表取締役社長,川原 法男,1964年12月24日生,(注)４,5,千株
2874,横浜冷凍株式会社,2025-12-19,取締役 総合企画部長,阿部 広康,1974年11月２日生,(注)４,4,千株
2874,横浜冷凍株式会社,2025-12-19,取締役,堀合 洋祐,1953年12月24日生,(注)４,3,千株
2874,横浜冷凍株式会社,2025-12-19,取締役,本田 光宏,1961年７月７日生,(注)４,3,千株
2874,横浜冷凍株式会社,2025-12-19,取締役,坂本 順子,1971年11月24日生,(注)４,1,千株
2874,横浜冷凍株式会社,2025-12-19,取締役,名執 雅子,1961年３月11日生,(注)４,,千株
2874,横浜冷凍株式会社,2025-12-19,常勤監査役,井上 啓造,1956年10月26日生,(注)５,4,千株
2874,横浜冷凍株式会社,2025-12-19,常勤監査役,奥田 康一郎,1970年６月14日生,(注)５,0,千株
2874,横浜冷凍株式会社,2025-12-19,監査役,宗像 久男,1951年４月８日生,(注)５,6,千株
2874,横浜冷凍株式会社,2025-12-19,監査役,市川 裕介,1958年12月17日生,(注)５,0,千株
2875,東洋水産株式会社,2026-06-19,代表取締役 会長,堤 殷,1945年１月25日生,(注)５,41,千株
2875,東洋水産株式会社,2026-06-19,代表取締役 社長,住 本 憲 隆,1966年２月７日生,(注)５,23,千株
2875,東洋水産株式会社,2026-06-19,専務取締役,沖 斉,1959年９月３日生,(注)５,6,千株
2875,東洋水産株式会社,2026-06-19,常務取締役 総合研究所長 品質保証部長 （注）１,真喜屋 理恵子,1961年４月27日生,(注)５,8,千株
2875,東洋水産株式会社,2026-06-19,常務取締役,望 月 正 久,1961年２月22日生,(注)５,11,千株
2875,東洋水産株式会社,2026-06-19,取締役,松本 千代子,1957年４月３日生,(注)５,4,千株
2875,東洋水産株式会社,2026-06-19,取締役 物流部長,山 﨑 美 明,1964年８月13日生,(注)５,1,千株
2875,東洋水産株式会社,2026-06-19,取締役 （注）２,島 崎 康 子,1968年８月８日生,(注)５,6,千株
2875,東洋水産株式会社,2026-06-19,取締役 （注）３,谷 地 弘 安,1969年１月30日生,(注)５,,千株
2875,東洋水産株式会社,2026-06-19,取締役 （注）３,矢 澤 健 一,1948年10月２日生,(注)５,,千株
2875,東洋水産株式会社,2026-06-19,取締役 （注）３,千 野 勇,1957年３月11日生,(注)５,,千株
2875,東洋水産株式会社,2026-06-19,取締役 （注）３,小 林 哲 也,1958年９月５日生,(注)５,,千株
2875,東洋水産株式会社,2026-06-19,常勤監査役,及 川 雅 晴,1954年11月30日生,(注)６,11,千株
2875,東洋水産株式会社,2026-06-19,常勤監査役,高 橋 清,1955年７月６日生,(注)７,10,千株
2875,東洋水産株式会社,2026-06-19,監査役 （注）４,樋 口 哲 朗,1962年１月18日生,(注)６,,千株
2875,東洋水産株式会社,2026-06-19,監査役 （注）４,遠 藤 輝 好,1970年６月３日生,(注)６,,千株
2876,株式会社デルソーレ,2026-06-16,代表取締役CEO,大河原 毅,1943年９月５日生,（注）４,"1,534",千株
2876,株式会社デルソーレ,2026-06-16,代表取締役社長,武長 栄治,1978年４月12日生,（注）４,2,千株
2876,株式会社デルソーレ,2026-06-16,取締役,アーネストＭ．比嘉,1952年10月15日生,（注）４,118,千株
2876,株式会社デルソーレ,2026-06-16,取締役,森山 敏治,1957年７月９日生,（注）４,12,千株
2876,株式会社デルソーレ,2026-06-16,取締役 管理ユニット管掌,印部 修一,1967年６月３日生,（注）４,3,千株
2876,株式会社デルソーレ,2026-06-16,取締役 管理ユニット担当,三枝 広幸,1963年11月３日生,（注）４,8,千株
2876,株式会社デルソーレ,2026-06-16,取締役,遠藤 貢,1948年３月19日生,（注）４,1,千株
2876,株式会社デルソーレ,2026-06-16,取締役,近藤 正樹,1955年１月５日生,（注）４,,千株
2876,株式会社デルソーレ,2026-06-16,常勤監査役,金原 俊一郎,1959年４月６日生,（注）５,1,千株
2876,株式会社デルソーレ,2026-06-16,監査役,髙栁 泉,1950年１月29日生,（注）５,28,千株
2876,株式会社デルソーレ,2026-06-16,監査役,山田 勝重,1949年12月19日生,（注）５,,千株
2876,株式会社デルソーレ,2026-06-16,代表取締役CEO,大河原 毅,1943年９月５日生,（注）４,"1,534",千株
2876,株式会社デルソーレ,2026-06-16,代表取締役社長,武長 栄治,1978年４月12日生,（注）４,2,千株
2876,株式会社デルソーレ,2026-06-16,取締役,アーネストＭ．比嘉,1952年10月15日生,（注）４,118,千株
2876,株式会社デルソーレ,2026-06-16,取締役 管理ユニット管掌,印部 修一,1967年６月３日生,（注）４,3,千株
2876,株式会社デルソーレ,2026-06-16,取締役 管理ユニット担当,三枝 広幸,1963年11月３日生,（注）４,8,千株
2876,株式会社デルソーレ,2026-06-16,取締役 営業ユニット担当 食品事業管掌,栗本 佳昭,1965年９月17日生,（注）４,25,千株
2876,株式会社デルソーレ,2026-06-16,取締役 営業ユニット担当 外食事業管掌,加藤 俊行,1967年1月26日生,（注）４,1,千株
2876,株式会社デルソーレ,2026-06-16,取締役,遠藤 貢,1948年３月19日生,（注）４,1,千株
2876,株式会社デルソーレ,2026-06-16,取締役,近藤 正樹,1955年１月５日生,（注）４,,千株
2876,株式会社デルソーレ,2026-06-16,常勤監査役,金原 俊一郎,1959年４月６日生,（注）５,1,千株
2876,株式会社デルソーレ,2026-06-16,監査役,髙栁 泉,1950年１月29日生,（注）５,28,千株
2876,株式会社デルソーレ,2026-06-16,監査役,山田 勝重,1949年12月19日生,（注）５,,千株
2877,日東ベスト株式会社,2026-06-24,代表取締役会長,塚田 莊一郎,1964年９月９日生,(注)４,"36,200",株
2877,日東ベスト株式会社,2026-06-24,代表取締役社長執行役員 海外事業本部長,嵯 峨 秀 夫,1960年３月28日生,(注)４,"7,500",株
2877,日東ベスト株式会社,2026-06-24,取締役相談役,大 沼 一 彦,1951年５月25日生,(注)４ (注)５,"16,500",株
2877,日東ベスト株式会社,2026-06-24,取締役副社長執行役員 管理本部長,内田 真帆子,1971年６月22日生,(注)４,"217,300",株
2877,日東ベスト株式会社,2026-06-24,取締役常務執行役員 営業本部長,渡 邉 昭 秀,1961年12月11日生,(注)４,"7,400",株
2877,日東ベスト株式会社,2026-06-24,取締役常務執行役員,小 関 徹,1960年12月３日生,(注)４ (注)５,"4,200",株
2877,日東ベスト株式会社,2026-06-24,取締役常務執行役員 総務人事部長,遠 藤 雅 明,1965年５月15日生,(注)４,"7,800",株
2877,日東ベスト株式会社,2026-06-24,取締役,村 山 永,1960年８月26日生,(注)４,,株
2877,日東ベスト株式会社,2026-06-24,取締役,村 山 秀 幸,1963年１月１日生,(注)４,,株
2877,日東ベスト株式会社,2026-06-24,常勤監査役,石 塚 崇,1962年10月16日生,(注)６,"4,500",株
2877,日東ベスト株式会社,2026-06-24,監査役,植 村 義 弘,1961年８月19日生,(注)７,,株
2877,日東ベスト株式会社,2026-06-24,監査役,玉 谷 貴 子,1977年６月26日生,(注)８,,株
2877,日東ベスト株式会社,2026-06-24,常務執行役員,伊 藤 浩 志,,,,
2877,日東ベスト株式会社,2026-06-24,常務執行役員,坂 内 昭 夫,,,,
2877,日東ベスト株式会社,2026-06-24,常務執行役員,藤 橋 浩 伸,,,,
2877,日東ベスト株式会社,2026-06-24,常務執行役員,菅 原 昌 一,,,,
2877,日東ベスト株式会社,2026-06-24,上席執行役員,芝 田 哲 也,,,,
2877,日東ベスト株式会社,2026-06-24,上席執行役員,杉 生 忍,,,,
2877,日東ベスト株式会社,2026-06-24,執行役員,尾 形 雅 人,,,,
2877,日東ベスト株式会社,2026-06-24,執行役員,小 関 明 子,,,,
2877,日東ベスト株式会社,2026-06-24,執行役員,赤瀬川 功 一,,,,
2877,日東ベスト株式会社,2026-06-24,執行役員,奥 井 寿 一,,,,
2877,日東ベスト株式会社,2026-06-24,執行役員,古 澤 俊 浩,,,,
2877,日東ベスト株式会社,2026-06-24,代表取締役会長,塚田 莊一郎,1964年９月９日生,(注)４,"36,200",株
2877,日東ベスト株式会社,2026-06-24,代表取締役社長執行役員 海外事業本部長,嵯 峨 秀 夫,1960年３月28日生,(注)４,"7,500",株
2877,日東ベスト株式会社,2026-06-24,取締役副社長執行役員 管理本部長,内田 真帆子,1971年６月22日生,(注)４,"217,300",株
2877,日東ベスト株式会社,2026-06-24,取締役常務執行役員 総務人事部長,渡 邉 昭 秀,1961年12月11日生,(注)４,"7,400",株
2877,日東ベスト株式会社,2026-06-24,取締役常務執行役員 営業本部長,遠 藤 雅 明,1965年５月15日生,(注)４,"7,800",株
2877,日東ベスト株式会社,2026-06-24,取締役,村 山 永,1960年８月26日生,(注)４,,株
2877,日東ベスト株式会社,2026-06-24,取締役,村 山 秀 幸,1963年１月１日生,(注)４,,株
2877,日東ベスト株式会社,2026-06-24,常勤監査役,石 塚 崇,1962年10月16日生,(注)５,"4,500",株
2877,日東ベスト株式会社,2026-06-24,監査役,植 村 義 弘,1961年８月19日生,(注)６,,株
2877,日東ベスト株式会社,2026-06-24,常務執行役員,伊 藤 浩 志,,,,
2877,日東ベスト株式会社,2026-06-24,常務執行役員,坂 内 昭 夫,,,,
2877,日東ベスト株式会社,2026-06-24,常務執行役員,藤 橋 浩 伸,,,,
2877,日東ベスト株式会社,2026-06-24,常務執行役員,菅 原 昌 一,,,,
2877,日東ベスト株式会社,2026-06-24,上席執行役員,芝 田 哲 也,,,,
2877,日東ベスト株式会社,2026-06-24,上席執行役員,杉 生 忍,,,,
2877,日東ベスト株式会社,2026-06-24,執行役員,尾 形 雅 人,,,,
2877,日東ベスト株式会社,2026-06-24,執行役員,小 関 明 子,,,,
2877,日東ベスト株式会社,2026-06-24,執行役員,赤瀬川 功 一,,,,
2877,日東ベスト株式会社,2026-06-24,執行役員,奥 井 寿 一,,,,
2877,日東ベスト株式会社,2026-06-24,執行役員,古 澤 俊 浩,,,,
2877,日東ベスト株式会社,2026-06-24,執行役員（新任）,松 川 克 彦,,,,
2877,日東ベスト株式会社,2026-06-24,執行役員（新任）,渥 見 信 秀,,,,
2877,日東ベスト株式会社,2026-06-24,執行役員（新任）,遠 藤 善 幸,,,,
287A,黒田グループ株式会社,2026-06-19,代表取締役 社長執行役員,細川 浩一,1957年５月５日生,(注)２,,株
287A,黒田グループ株式会社,2026-06-19,取締役 副社長執行役員,田尾 吉伸,1962年６月26日生,(注)２,,株
287A,黒田グループ株式会社,2026-06-19,取締役 (監査等委員),戸澤 晃広,1980年３月３日生,(注)３,,株
287A,黒田グループ株式会社,2026-06-19,取締役 (監査等委員),川井 一男,1958年２月14日生,(注)３,"1,000",株
287A,黒田グループ株式会社,2026-06-19,取締役 (常勤監査等委員),森 安伸,1957年12月18日生,(注)３,,株
287A,黒田グループ株式会社,2026-06-19,社長執行役員,細川 浩一,,,,
287A,黒田グループ株式会社,2026-06-19,副社長執行役員,田尾 吉伸,,,,
287A,黒田グループ株式会社,2026-06-19,執行役員 社長室長,半田 久雄,,,,
287A,黒田グループ株式会社,2026-06-19,執行役員 国内製造統括,小林 郁夫,,,,
287A,黒田グループ株式会社,2026-06-19,執行役員 海外製造統括,Cheng Jit Ann,,,,
287A,黒田グループ株式会社,2026-06-19,執行役員 国内商社統括,中山 浩三,,,,
287A,黒田グループ株式会社,2026-06-19,執行役員 海外商社統括,尹 棡洙,,,,
287A,黒田グループ株式会社,2026-06-19,執行役員 管理統括,安田 晋也,,,,
287A,黒田グループ株式会社,2026-06-19,"執行役員 Z.クロダ（タイランド）Co., Ltd.社長",鈴木 秀和,,,,
287A,黒田グループ株式会社,2026-06-19,執行役員 財経担当,川村 敦,,,,
287A,黒田グループ株式会社,2026-06-19,執行役員 法務・人財担当,西村 亨,,,,
287A,黒田グループ株式会社,2026-06-19,代表取締役 社長執行役員,中山 浩三,1961年１月31日生,(注)２,,株
287A,黒田グループ株式会社,2026-06-19,取締役 執行役員,安田 晋也,1969年２月６日生,(注)２,,株
287A,黒田グループ株式会社,2026-06-19,取締役 (監査等委員),戸澤 晃広,1980年３月３日生,(注)３,,株
287A,黒田グループ株式会社,2026-06-19,取締役 (監査等委員),川井 一男,1958年２月14日生,(注)３,"1,000",株
287A,黒田グループ株式会社,2026-06-19,取締役 (常勤監査等委員),半田 久雄,1968年11月30日生,(注)３,,株
287A,黒田グループ株式会社,2026-06-19,社長執行役員,中山 浩三,,,,
287A,黒田グループ株式会社,2026-06-19,執行役員 管理統括,安田 晋也,,,,
287A,黒田グループ株式会社,2026-06-19,執行役員 国内製造統括,小林 郁夫,,,,
287A,黒田グループ株式会社,2026-06-19,"執行役員 海外製造統括 兼 Z.クロダ（タイランド）Co., Ltd.社長",Cheng Jit Ann,,,,
287A,黒田グループ株式会社,2026-06-19,執行役員 国内商社統括 兼 黒田電気株式会社 代表取締役 社長執行役員,鈴木 秀和,,,,
287A,黒田グループ株式会社,2026-06-19,執行役員 海外商社統括,尹 棡洙,,,,
287A,黒田グループ株式会社,2026-06-19,執行役員 財経担当,川村 敦,,,,
287A,黒田グループ株式会社,2026-06-19,執行役員 法務・人財担当,西村 亨,,,,
287A,黒田グループ株式会社,2026-06-19,執行役員 社長室長,島 文貴,,,,
2882,株式会社イートアンドホールディングス,2026-05-27,代表取締役会長ＣＥＯ,文野 直樹,1959年11月29日生,(注)１,"327,419",株
2882,株式会社イートアンドホールディングス,2026-05-27,代表取締役社長ＣＯＯ,仲田 浩康,1964年４月26日生,(注)１,"162,697",株
2882,株式会社イートアンドホールディングス,2026-05-27,常務取締役,山本 浩,1970年９月30日生,(注)１,"16,200",株
2882,株式会社イートアンドホールディングス,2026-05-27,取締役,植月 剛,1972年７月13日生,(注)１,"53,462",株
2882,株式会社イートアンドホールディングス,2026-05-27,取締役,椎木 孝,1969年10月17日生,(注)１,"3,075",株
2882,株式会社イートアンドホールディングス,2026-05-27,社外取締役,林 恭子,1966年11月９日生,(注)１,,株
2882,株式会社イートアンドホールディングス,2026-05-27,取締役 (監査等委員) （常勤）,柿原 聡,1974年４月20日生,(注)３,"1,735",株
2882,株式会社イートアンドホールディングス,2026-05-27,社外取締役 (監査等委員),錦見 光弘,1963年５月13日生,(注)３,"5,700",株
2882,株式会社イートアンドホールディングス,2026-05-27,社外取締役 (監査等委員),池田 佳史,1962年８月29日生,(注)３,"5,700",株
2882,株式会社イートアンドホールディングス,2026-05-27,代表取締役会長ＣＥＯ,文野 直樹,1959年11月29日生,(注)１,"327,419",株
2882,株式会社イートアンドホールディングス,2026-05-27,代表取締役社長ＣＯＯ,仲田 浩康,1964年４月26日生,(注)１,"162,697",株
2882,株式会社イートアンドホールディングス,2026-05-27,常務取締役 コーポレート統括本部長 グループ企業価値 向上担当,今井 啓人,1970年７月８日生,(注)１,,株
2882,株式会社イートアンドホールディングス,2026-05-27,常務取締役 事業開発本部長 海外事業・ 次世代ビジネス担当,加藤 亘,1965年８月19日生,(注)１,,株
2882,株式会社イートアンドホールディングス,2026-05-27,社外取締役,林 恭子,1966年11月９日生,(注)１,,株
2882,株式会社イートアンドホールディングス,2026-05-27,取締役 (監査等委員) （常勤）,柿原 聡,1974年４月20日生,(注)３,"1,735",株
2882,株式会社イートアンドホールディングス,2026-05-27,社外取締役 (監査等委員),錦見 光弘,1963年５月13日生,(注)３,"5,700",株
2882,株式会社イートアンドホールディングス,2026-05-27,社外取締役 (監査等委員),池田 佳史,1962年８月29日生,(注)３,"5,700",株
2883,株式会社大冷,2026-06-15,代表取締役 社長執行役員,冨田 史好,1957年２月25日,(注)4,"70,000",株
2883,株式会社大冷,2026-06-15,取締役専務執行役員 社長補佐兼 経営企画室長,髙付 広昭,1967年３月30日,(注)4,"10,000",株
2883,株式会社大冷,2026-06-15,取締役専務執行役員 管理統括本部長,黒川 岳夫,1962年２月６日,(注)4,"40,000",株
2883,株式会社大冷,2026-06-15,取締役,長尾 敏成,1949年６月２日,(注)4,,株
2883,株式会社大冷,2026-06-15,取締役 常勤監査等委員,竹内 奈儀左,1968年１月29日,(注)5,"6,200",株
2883,株式会社大冷,2026-06-15,取締役 監査等委員,川田 剛,1942年12月３日,(注)5,"10,000",株
2883,株式会社大冷,2026-06-15,取締役 監査等委員,布施 雅弘,1957年９月４日,(注)5,,株
2883,株式会社大冷,2026-06-15,代表取締役 社長執行役員,髙付 広昭,1967年３月30日,(注)4,"10,000",株
2883,株式会社大冷,2026-06-15,取締役専務執行役員 管理統括本部長,黒川 岳夫,1962年２月６日,(注)4,"40,000",株
2883,株式会社大冷,2026-06-15,取締役,青木 知巳,1971年11月26日,(注)4,,株
2883,株式会社大冷,2026-06-15,取締役 常勤監査等委員,竹内 奈儀左,1968年１月29日,(注)5,"6,200",株
2883,株式会社大冷,2026-06-15,取締役 監査等委員,川田 剛,1942年12月３日,(注)5,"10,000",株
2883,株式会社大冷,2026-06-15,取締役 監査等委員,布施 雅弘,1957年９月４日,(注)5,,株
2884,株式会社ヨシムラ・フード・ホールディングス,2026-05-28,代表取締役 ＣＥＯ,吉村 元久,1964年４月９日生,(注)３,"8,870,836 (注)５",株
2884,株式会社ヨシムラ・フード・ホールディングス,2026-05-28,取締役 ＣＦＯ,安東 俊,1978年６月２日生,(注)３,"16,778",株
2884,株式会社ヨシムラ・フード・ホールディングス,2026-05-28,取締役,河野 彰範,1968年５月28日生,(注)３,"5,116",株
2884,株式会社ヨシムラ・フード・ホールディングス,2026-05-28,取締役,平野 和俊,1966年６月16日生,(注)３,,株
2884,株式会社ヨシムラ・フード・ホールディングス,2026-05-28,取締役,八木 信行,1962年２月９日生,(注)３,,株
2884,株式会社ヨシムラ・フード・ホールディングス,2026-05-28,監査役 （常勤）,吉田 武士,1961年11月６日生,(注)４,,株
2884,株式会社ヨシムラ・フード・ホールディングス,2026-05-28,監査役,池田 淳,1961年10月５日生,(注)４,"1,000",株
2884,株式会社ヨシムラ・フード・ホールディングス,2026-05-28,監査役,雷 蕾,1984年12月23日生,(注)４,,株
288A,ラクサス・テクノロジーズ株式会社,2026-06-23,代表取締役 社長執行役員,高橋 啓介,1978年９月20日生,（注）３,,千株
288A,ラクサス・テクノロジーズ株式会社,2026-06-23,取締役 執行役員,中尾 聡志,1967年７月５日生,（注）３,41,千株
288A,ラクサス・テクノロジーズ株式会社,2026-06-23,社外取締役,岩瀬 ひとみ,1971年７月１日生,（注）３,,千株
288A,ラクサス・テクノロジーズ株式会社,2026-06-23,社外取締役,荒井 江里香 （通称：小川エリカ）,1977年12月26日生,（注）３,,千株
288A,ラクサス・テクノロジーズ株式会社,2026-06-23,社外取締役,谷村 まどか （通称：野北まどか）,1971年８月18日生,（注）３,,千株
288A,ラクサス・テクノロジーズ株式会社,2026-06-23,常勤監査役,楠 博文,1952年１月30日生,（注）４,,千株
288A,ラクサス・テクノロジーズ株式会社,2026-06-23,社外監査役,安村 和幸,1949年９月29日生,（注）４ （注）６,,千株
288A,ラクサス・テクノロジーズ株式会社,2026-06-23,社外監査役,朝長 慎弥,1974年11月23日生,（注）５,,千株
288A,ラクサス・テクノロジーズ株式会社,2026-06-23,代表取締役 社長執行役員,高橋 啓介,1978年９月20日生,（注）３,,千株
288A,ラクサス・テクノロジーズ株式会社,2026-06-23,取締役 執行役員,中尾 聡志,1967年７月５日生,（注）３,41,千株
288A,ラクサス・テクノロジーズ株式会社,2026-06-23,社外取締役,岩瀬 ひとみ,1971年７月１日生,（注）３,,千株
288A,ラクサス・テクノロジーズ株式会社,2026-06-23,社外取締役,荒井 江里香 （通称：小川エリカ）,1977年12月26日生,（注）３,,千株
288A,ラクサス・テクノロジーズ株式会社,2026-06-23,社外取締役,谷村 まどか （通称：野北まどか）,1971年８月18日生,（注）３,,千株
288A,ラクサス・テクノロジーズ株式会社,2026-06-23,常勤監査役,楠 博文,1952年１月30日生,（注）４,,千株
288A,ラクサス・テクノロジーズ株式会社,2026-06-23,社外監査役,朝長 慎弥,1974年11月23日生,（注）５,,千株
288A,ラクサス・テクノロジーズ株式会社,2026-06-23,社外監査役,中井 克洋,1962年３月21日生,（注）６,,千株
2892,日本食品化工株式会社,2026-06-22,代表取締役,荒川 健,1963年5月12日,（注）2,3,千株
2892,日本食品化工株式会社,2026-06-22,取締役 常務執行役員 業務・調達担当,伊藤 剛,1964年11月25日,（注）2,2,千株
2892,日本食品化工株式会社,2026-06-22,取締役 執行役員 経営企画・海外事業・営業担当,丹野 格,1969年12月14日,（注）2,,千株
2892,日本食品化工株式会社,2026-06-22,取締役 執行役員 サステナビリティ・総務人事・経理・情報システム担当,石川 宏明,1968年7月28日,（注）2,,千株
2892,日本食品化工株式会社,2026-06-22,取締役,浅見 彰宏,1975年4月25日,（注）2,,千株
2892,日本食品化工株式会社,2026-06-22,取締役 （監査等委員）,佐藤 幸一郎,1958年3月19日,（注）3,0,千株
2892,日本食品化工株式会社,2026-06-22,取締役 （監査等委員）,嵜山 淳子,1959年9月19日,（注）3,0,千株
2892,日本食品化工株式会社,2026-06-22,取締役 （監査等委員）,中庭 聡,1969年5月20日,（注）3,,千株
2892,日本食品化工株式会社,2026-06-22,取締役 （監査等委員）,井上 惠子 （戸籍上の氏名： 小椋 惠子）,1975年10月22日,（注）3,0,千株
2892,日本食品化工株式会社,2026-06-22,代表取締役 社長,若木 孝優,1968年8月15日,（注）2,,千株
2892,日本食品化工株式会社,2026-06-22,取締役 常務執行役員 業務・調達担当,伊藤 剛,1964年11月25日,（注）2,2,千株
2892,日本食品化工株式会社,2026-06-22,取締役 執行役員 経営企画・海外事業・営業担当,丹野 格,1969年12月14日,（注）2,,千株
2892,日本食品化工株式会社,2026-06-22,取締役 執行役員 サステナビリティ・総務人事・経理・情報システム担当,石川 宏明,1968年7月28日,（注）2,,千株
2892,日本食品化工株式会社,2026-06-22,取締役,浅見 彰宏,1975年4月25日,（注）2,,千株
2892,日本食品化工株式会社,2026-06-22,取締役 （監査等委員）,佐藤 幸一郎,1958年3月19日,（注）3,0,千株
2892,日本食品化工株式会社,2026-06-22,取締役 （監査等委員）,嵜山 淳子,1959年9月19日,（注）3,0,千株
2892,日本食品化工株式会社,2026-06-22,取締役 （監査等委員）,井上 惠子 （戸籍上の氏名： 小椋 惠子）,1975年10月22日,（注）3,0,千株
2892,日本食品化工株式会社,2026-06-22,取締役 （監査等委員）,瀬尾 悟郎,1971年9月30日,（注）3,,千株
2894,石井食品株式会社,2026-06-29,代表取締役 社長 執行役員,石井 智康,1981年６月20日生,(注)６,"1,054",千株
2894,石井食品株式会社,2026-06-29,取締役 執行役員,久保 啓介,1961年８月19日生,(注)６,11,千株
2894,石井食品株式会社,2026-06-29,取締役 執行役員,伊藤 幸一郎,1974年９月８日生,(注)６,10,千株
2894,石井食品株式会社,2026-06-29,取締役,知識 賢治,1963年１月27日生,(注)６,,千株
2894,石井食品株式会社,2026-06-29,取締役,中村 朱美,1984年７月31日生,(注)６,2,千株
2894,石井食品株式会社,2026-06-29,常勤監査役,福原 礼子,1980年４月26日生,(注)７,,千株
2894,石井食品株式会社,2026-06-29,監査役,松山 元,1966年９月18日生,(注)７,,千株
2894,石井食品株式会社,2026-06-29,監査役,室井 恵子,1980年９月24日生,(注)７,,千株
2894,石井食品株式会社,2026-06-29,監査役,武田 彩香,1985年11月19日生,(注)７,,千株
2897,日清食品ホールディングス株式会社,2026-06-22,代表取締役 社長 CEO （グループ最高経営責任者）,安藤 宏基,1947年10月７日生,(注)４,"371,771",株
2897,日清食品ホールディングス株式会社,2026-06-22,代表取締役 副社長 COO （グループ最高執行責任者）,安藤 徳隆,1977年６月８日生,(注)４,"120,477",株
2897,日清食品ホールディングス株式会社,2026-06-22,取締役 CDO （グループ食品総合研究 責任者）,田中 充,1960年２月３日生,(注)４,"113,446",株
2897,日清食品ホールディングス株式会社,2026-06-22,取締役,小林 健,1949年２月14日生,(注)４,"34,349",株
2897,日清食品ホールディングス株式会社,2026-06-22,取締役,岡藤 正広,1949年12月12日生,(注)４,"46,360",株
2897,日清食品ホールディングス株式会社,2026-06-22,取締役 （独立役員）,水野 正人,1943年５月25日生,(注)４,"19,297",株
2897,日清食品ホールディングス株式会社,2026-06-22,取締役 （独立役員）,櫻庭 英悦,1956年５月30日生,(注)４,"4,725",株
2897,日清食品ホールディングス株式会社,2026-06-22,取締役 （独立役員）,小笠原 由佳,1975年11月10日生,(注)４,"3,644",株
2897,日清食品ホールディングス株式会社,2026-06-22,取締役 （独立役員）,山口 慶子,1974年12月24日生,(注)４,"2,152",株
2897,日清食品ホールディングス株式会社,2026-06-22,取締役 （独立役員）,島本 久美子,1969年３月13日生,(注)４,"1,690",株
2897,日清食品ホールディングス株式会社,2026-06-22,監査役 （常勤）,澤井 政彦,1958年６月29日生,(注)５,"10,843",株
2897,日清食品ホールディングス株式会社,2026-06-22,監査役 （常勤） （独立役員）,橋本 明博,1960年２月18日生,(注)６,375,株
2897,日清食品ホールディングス株式会社,2026-06-22,監査役 （独立役員）,道 あゆみ,1966年１月16日生,(注)７,,株
2897,日清食品ホールディングス株式会社,2026-06-22,代表取締役 社長 CEO （グループ最高経営責任者）,安藤 宏基,1947年10月７日生,(注)４,"371,771",株
2897,日清食品ホールディングス株式会社,2026-06-22,代表取締役 副社長 COO （グループ最高執行責任者）,安藤 徳隆,1977年６月８日生,(注)４,"120,477",株
2897,日清食品ホールディングス株式会社,2026-06-22,取締役 CDO （グループ食品総合研究 責任者）,田中 充,1960年２月３日生,(注)４,"113,446",株
2897,日清食品ホールディングス株式会社,2026-06-22,取締役,小林 健,1949年２月14日生,(注)４,"34,349",株
2897,日清食品ホールディングス株式会社,2026-06-22,取締役,石井 敬太,1960年10月23日生,(注)４,,株
2897,日清食品ホールディングス株式会社,2026-06-22,取締役 （独立役員）,水野 正人,1943年５月25日生,(注)４,"19,297",株
2897,日清食品ホールディングス株式会社,2026-06-22,取締役 （独立役員）,櫻庭 英悦,1956年５月30日生,(注)４,"4,725",株
2897,日清食品ホールディングス株式会社,2026-06-22,取締役 （独立役員）,小笠原 由佳,1975年11月10日生,(注)４,"3,644",株
2897,日清食品ホールディングス株式会社,2026-06-22,取締役 （独立役員）,山口 慶子,1974年12月24日生,(注)４,"2,152",株
2897,日清食品ホールディングス株式会社,2026-06-22,取締役 （独立役員）,島本 久美子,1969年３月13日生,(注)４,"1,690",株
2897,日清食品ホールディングス株式会社,2026-06-22,監査役 （常勤）,澤井 政彦,1958年６月29日生,(注)５,"10,843",株
2897,日清食品ホールディングス株式会社,2026-06-22,監査役 （常勤）,伊地知 稔彦,1961年２月22日生,(注)５,"10,177",株
2897,日清食品ホールディングス株式会社,2026-06-22,監査役 （常勤） （独立役員）,橋本 明博,1960年２月18日生,(注)６,375,株
2897,日清食品ホールディングス株式会社,2026-06-22,監査役 （独立役員）,道 あゆみ,1966年１月16日生,(注)７,,株
2901,株式会社ウェルディッシュ,2025-11-28,取締役社長 (代表取締役),小松 周平,1982年10月６日生,(注)２,158,千株
2901,株式会社ウェルディッシュ,2025-11-28,取締役,安井 浩倫,1984年８月11日生,(注) ２,150,千株
2901,株式会社ウェルディッシュ,2025-11-28,取締役,野曽原 浩治,1961年４月23日生,(注) ２,,千株
2901,株式会社ウェルディッシュ,2025-11-28,取締役,間野 賢治,1960年６月10日生,(注) ２,"1,000",千株
2901,株式会社ウェルディッシュ,2025-11-28,社外取締役 (監査等委員),伊藤 正喜,1978年11月４日生,(注) ３,,千株
2901,株式会社ウェルディッシュ,2025-11-28,社外取締役 (監査等委員),古島 守,1970年２月16日生,(注)３,,千株
2901,株式会社ウェルディッシュ,2025-11-28,社外取締役 (監査等委員),山田 長正,1977年７月18日生,(注) ４,,千株
2901,株式会社ウェルディッシュ,2025-11-28,社外取締役 (監査等委員),巳波 弘一,1983年５月28日生,(注) ３,,千株
2901,株式会社ウェルディッシュ,2025-11-28,社外取締役 (監査等委員),眞鍋 淳也,1973年３月１日生,(注) ３,,千株
2902,太陽化学株式会社,2026-06-24,代表取締役会長,山 崎 長 宏,1955年４月22日生,(注)５,200,千株
2902,太陽化学株式会社,2026-06-24,代表取締役社長,山 崎 長 宣,1988年８月23日生,(注)５,81,千株
2902,太陽化学株式会社,2026-06-24,取締役副社長 事業本部管掌,佐 藤 則 夫,1965年９月14日生,(注)５,26,千株
2902,太陽化学株式会社,2026-06-24,取締役 生産イノベーション 本部管掌,武 藤 孝 次,1968年３月20日生,(注)５,11,千株
2902,太陽化学株式会社,2026-06-24,取締役 カスタマーサービス 本部管掌 （日本・アジア）,田 中 宏 明,1972年９月29日生,(注)５,8,千株
2902,太陽化学株式会社,2026-06-24,取締役 コーポレート本部管掌 兼 ウェルネス推進本部管掌,山 崎 長 俊,1987年３月４日生,(注)５,72,千株
2902,太陽化学株式会社,2026-06-24,取締役 カスタマーサービス 本部管掌 （欧米・オセアニア・インド）,Scott Jameson Smith,1968年７月11日生,(注)５,,千株
2902,太陽化学株式会社,2026-06-24,取締役,久保田 修 平,1978年９月22日生,(注)５,69,千株
2902,太陽化学株式会社,2026-06-24,取締役,阿 部 啓 子,1947年３月８日生,(注)５,2,千株
2902,太陽化学株式会社,2026-06-24,常勤監査役,吉 川 邦 昭,1968年４月３日生,(注)６,5,千株
2902,太陽化学株式会社,2026-06-24,監査役,渡 邉 誠 人,1962年２月４日生,(注)７,,千株
2902,太陽化学株式会社,2026-06-24,監査役,藤 野 孝,1954年６月27日生,(注)８,,千株
2902,太陽化学株式会社,2026-06-24,代表取締役会長,山 崎 長 宏,1955年４月22日生,(注)５,200,千株
2902,太陽化学株式会社,2026-06-24,代表取締役社長,山 崎 長 宣,1988年８月23日生,(注)５,81,千株
2902,太陽化学株式会社,2026-06-24,取締役副社長 事業本部管掌,佐 藤 則 夫,1965年９月14日生,(注)５,26,千株
2902,太陽化学株式会社,2026-06-24,取締役副社長 コーポレート本部管掌 兼 ウェルネス推進本部管掌,山 崎 長 俊,1987年３月４日生,(注)５,72,千株
2902,太陽化学株式会社,2026-06-24,取締役 生産イノベーション 本部管掌,武 藤 孝 次,1968年３月20日生,(注)５,11,千株
2902,太陽化学株式会社,2026-06-24,取締役 カスタマーサービス 本部管掌 （日本・アジア）,田 中 宏 明,1972年９月29日生,(注)５,8,千株
2902,太陽化学株式会社,2026-06-24,取締役 カスタマーサービス 本部管掌 （欧米・オセアニア・インド）,Scott Jameson Smith,1968年７月11日生,(注)５,,千株
2902,太陽化学株式会社,2026-06-24,取締役,久保田 修 平,1978年９月22日生,(注)５,69,千株
2902,太陽化学株式会社,2026-06-24,取締役,阿 部 啓 子,1947年３月８日生,(注)５,2,千株
2902,太陽化学株式会社,2026-06-24,常勤監査役,吉 川 邦 昭,1968年４月３日生,(注)６,5,千株
2902,太陽化学株式会社,2026-06-24,監査役,渡 邉 誠 人,1962年２月４日生,(注)７,,千株
2902,太陽化学株式会社,2026-06-24,監査役,藤 野 孝,1954年６月27日生,(注)８,,千株
2903,シノブフーズ株式会社,2026-06-18,代表取締役 社長 執行役員,松 本 崇 志,1969年１月15日生,(注)３,372,千株
2903,シノブフーズ株式会社,2026-06-18,代表取締役 副社長 執行役員 ＣＶＳ事業担当兼 ＣＶＳ営業本部長,西 村 寿 清,1955年５月10日生,(注)３,87,千株
2903,シノブフーズ株式会社,2026-06-18,取締役 常務 執行役員 管理本部長,清 水 秀 輝,1964年９月５日生,(注)３,42,千株
2903,シノブフーズ株式会社,2026-06-18,取締役 執行役員 経営財務本部長,長 尾 正 史,1964年３月30日生,(注)３,17,千株
2903,シノブフーズ株式会社,2026-06-18,取締役 執行役員 ＮＢ事業担当兼 東日本統轄本部長,吉 井 淳,1963年８月１日生,(注)３,7,千株
2903,シノブフーズ株式会社,2026-06-18,取締役,中 野 由 里,1963年１月20日生,(注)３,2,千株
2903,シノブフーズ株式会社,2026-06-18,取締役,小 田 寛 明,1962年５月26日生,(注)３,0,千株
2903,シノブフーズ株式会社,2026-06-18,監査役 常勤,大 塚 一 樹,1966年12月21日生,(注)４,1,千株
2903,シノブフーズ株式会社,2026-06-18,監査役,野 村 祥 子,1973年12月31日生,(注)４,1,千株
2903,シノブフーズ株式会社,2026-06-18,監査役,南 方 得 男,1963年１月18日生,(注)４,1,千株
2903,シノブフーズ株式会社,2026-06-18,代表取締役 社長 執行役員,松 本 崇 志,1969年１月15日生,(注)３,372,千株
2903,シノブフーズ株式会社,2026-06-18,代表取締役 副社長 執行役員 ＣＶＳ事業担当兼 ＣＶＳ営業本部長,西 村 寿 清,1955年５月10日生,(注)３,87,千株
2903,シノブフーズ株式会社,2026-06-18,取締役 専務 執行役員 管理本部長,清 水 秀 輝,1964年９月５日生,(注)３,42,千株
2903,シノブフーズ株式会社,2026-06-18,取締役 常務 執行役員 経営財務本部長,長 尾 正 史,1964年３月30日生,(注)３,17,千株
2903,シノブフーズ株式会社,2026-06-18,取締役 常務 執行役員 ＮＢ事業担当兼 東日本統轄本部長,吉 井 淳,1963年８月１日生,(注)３,7,千株
2903,シノブフーズ株式会社,2026-06-18,取締役,中 野 由 里,1963年１月20日生,(注)３,2,千株
2903,シノブフーズ株式会社,2026-06-18,取締役,小 田 寛 明,1962年５月26日生,(注)３,0,千株
2903,シノブフーズ株式会社,2026-06-18,監査役 常勤,大 塚 一 樹,1966年12月21日生,(注)４,1,千株
2903,シノブフーズ株式会社,2026-06-18,監査役,野 村 祥 子,1973年12月31日生,(注)４,1,千株
2903,シノブフーズ株式会社,2026-06-18,監査役,南 方 得 男,1963年１月18日生,(注)４,1,千株
2904,一正蒲鉾株式会社,2025-09-22,代表取締役 社長執行役員,野 崎 正 博,1958年２月５日,(注)２,523,千株
2904,一正蒲鉾株式会社,2025-09-22,取締役常務執行役員 バイオ事業統括 本部長,後 藤 昌 幸,1958年10月26日,(注)２,7,千株
2904,一正蒲鉾株式会社,2025-09-22,取締役常務執行役員 コーポレート事業 統括本部長,髙 島 正 樹,1960年５月20日,(注)２,1,千株
2904,一正蒲鉾株式会社,2025-09-22,取締役 （非常勤）,小 柳 啓 一,1961年２月７日,(注)２,4,千株
2904,一正蒲鉾株式会社,2025-09-22,代表取締役 社長執行役員,野 崎 正 博,1958年２月５日,(注)２,523,千株
2904,一正蒲鉾株式会社,2025-09-22,取締役常務執行役員 バイオ事業統括 本部長,後 藤 昌 幸,1958年10月26日,(注)２,7,千株
2904,一正蒲鉾株式会社,2025-09-22,取締役常務執行役員 コーポレート事業 統括本部長,髙 島 正 樹,1960年５月20日,(注)２,1,千株
2904,一正蒲鉾株式会社,2025-09-22,取締役常務執行役員 食品事業統括本部長 兼マーケティング 戦略部長,和 田 祐 樹,1986年５月19日,(注)２,,千株
2904,一正蒲鉾株式会社,2025-09-22,取締役 （非常勤）,中 山 正 子,1969年11月27日,(注)２,,千株
2904,一正蒲鉾株式会社,2025-09-22,取締役 (監査等委員),高山佳代子,1961年11月23日,(注)３,1,千株
2904,一正蒲鉾株式会社,2025-09-22,取締役 (監査等委員),阿 部 和 人,1959年８月４日,(注)３,,千株
2907,株式会社あじかん,2026-06-23,取締役 会長,足利 恵一,1964年12月26日生,(注）4,39,千株
2907,株式会社あじかん,2026-06-23,代表取締役 社長執行役員,足利 直純,1968年５月16日生,(注）4,38,千株
2907,株式会社あじかん,2026-06-23,代表取締役 専務執行役員 経営管理本部長,福島 幸治,1964年８月３日生,(注）4,8,千株
2907,株式会社あじかん,2026-06-23,取締役 専務執行役員,江角 知厚,1959年３月21日生,(注）4,16,千株
2907,株式会社あじかん,2026-06-23,取締役 常務執行役員 ヘルスフード事業部長 兼 開発本部長,吉野 元健,1963年４月21日生,(注）4,7,千株
2907,株式会社あじかん,2026-06-23,取締役 常勤監査等委員,山本 暢義,1961年２月５日生,(注）5,1,千株
2907,株式会社あじかん,2026-06-23,取締役 監査等委員 （独立役員）,松重 弘志,1958年２月21日生,(注）5,1,千株
2907,株式会社あじかん,2026-06-23,取締役 監査等委員 （独立役員）,松谷 秀伸,1959年10月４日生,(注）5,0,千株
2907,株式会社あじかん,2026-06-23,執行役員 海外事業部長,酒井 和昭,,,,
2907,株式会社あじかん,2026-06-23,執行役員,武田 智美,,,,
2907,株式会社あじかん,2026-06-23,執行役員 経営管理本部副本部長 兼 経営企画部長,中澤 実,,,,
2907,株式会社あじかん,2026-06-23,執行役員 マーケティング部長,平岡 智光,,,,
2907,株式会社あじかん,2026-06-23,執行役員 営業本部長,中下 慶太,,,,
2907,株式会社あじかん,2026-06-23,執行役員 生産本部長,小林 功一,,,,
2907,株式会社あじかん,2026-06-23,取締役 会長,足利 恵一,1964年12月26日生,(注）4,39,千株
2907,株式会社あじかん,2026-06-23,代表取締役 社長執行役員,足利 直純,1968年５月16日生,(注）4,38,千株
2907,株式会社あじかん,2026-06-23,代表取締役 専務執行役員 経営管理本部長,福島 幸治,1964年８月３日生,(注）4,8,千株
2907,株式会社あじかん,2026-06-23,取締役 常務執行役員 ヘルスフード事業部長 兼 開発本部長,吉野 元健,1963年４月21日生,(注）4,7,千株
2907,株式会社あじかん,2026-06-23,取締役 監査等委員,武田 智美,1962年５月18日生,(注）5,3,千株
2907,株式会社あじかん,2026-06-23,取締役 監査等委員 （独立役員）,松重 弘志,1958年２月21日生,(注）6,1,千株
2907,株式会社あじかん,2026-06-23,取締役 監査等委員 （独立役員） （注）7,山本 英雄,1960年６月17日生,(注）5,,千株
2907,株式会社あじかん,2026-06-23,取締役 監査等委員 （独立役員） （注）7,熊野 留美子,1961年６月25日生,(注）5,,千株
2907,株式会社あじかん,2026-06-23,執行役員 海外事業部長,酒井 和昭,,,,
2907,株式会社あじかん,2026-06-23,執行役員 経営管理本部副本部長 兼 経営企画部長,中澤 実,,,,
2907,株式会社あじかん,2026-06-23,執行役員 マーケティング部長,平岡 智光,,,,
2907,株式会社あじかん,2026-06-23,執行役員 営業本部長,中下 慶太,,,,
2907,株式会社あじかん,2026-06-23,執行役員 生産本部長,小林 功一,,,,
2908,フジッコ株式会社,2026-06-24,代表取締役 社長執行役員 経営全般・経営企画担当,福 井 正 一,1962年９月11日生,(注)3,"7,216 (注)5",千株
2908,フジッコ株式会社,2026-06-24,取締役 専務執行役員 営業・通信販売・海外 担当,石 田 吉 隆,1960年12月４日生,(注)3,7,千株
2908,フジッコ株式会社,2026-06-24,取締役 常務執行役員 開発・生産・デリカ担当,荒 田 和 幸,1964年３月２日生,(注)3,7,千株
2908,フジッコ株式会社,2026-06-24,取締役 常務執行役員 人財・デジタル・品質保証 担当,寺 嶋 浩 美,1964年11月24日生,(注)3,3,千株
2908,フジッコ株式会社,2026-06-24,社外取締役,小 瀬 昉,1947年３月17日生,(注)3,2,千株
2908,フジッコ株式会社,2026-06-24,社外取締役,池 田 純 子,1951年４月９日生,(注)3,,千株
2908,フジッコ株式会社,2026-06-24,取締役 （常勤監査等委員）,倉 谷 光 彦,1964年11月２日生,(注)4,2,千株
2908,フジッコ株式会社,2026-06-24,社外取締役 （監査等委員）,上 谷 佳 宏,1954年12月18日生,(注)4,,千株
2908,フジッコ株式会社,2026-06-24,社外取締役 （監査等委員）,中 山 聡,1962年９月２日生,(注)4,,千株
290A,株式会社Ｓｙｎｓｐｅｃｔｉｖｅ,2026-03-26,代表取締役 CEO,新井 元行,1978年11月18日,(注)３,"9,015,000",株
290A,株式会社Ｓｙｎｓｐｅｃｔｉｖｅ,2026-03-26,取締役,小畑 俊裕,1973年１月17日,(注)３,"735,000",株
290A,株式会社Ｓｙｎｓｐｅｃｔｉｖｅ,2026-03-26,取締役CFO,志藤 篤,1980年５月15日,(注)３,,株
290A,株式会社Ｓｙｎｓｐｅｃｔｉｖｅ,2026-03-26,取締役,海老澤 観,1960年３月25日,(注)３,,株
290A,株式会社Ｓｙｎｓｐｅｃｔｉｖｅ,2026-03-26,取締役,渥美 優子,1971年６月25日,(注)３,,株
290A,株式会社Ｓｙｎｓｐｅｃｔｉｖｅ,2026-03-26,取締役,榎本 亮,1963年６月４日,(注)３,500,株
290A,株式会社Ｓｙｎｓｐｅｃｔｉｖｅ,2026-03-26,常勤 監査役,服部 実穂,1984年４月16日,(注)４,,株
290A,株式会社Ｓｙｎｓｐｅｃｔｉｖｅ,2026-03-26,監査役,吉村 龍吾,1965年２月17日,(注)４,,株
290A,株式会社Ｓｙｎｓｐｅｃｔｉｖｅ,2026-03-26,監査役,戸田 隆夫,1960年８月２日,(注)４,,株
290A,株式会社Ｓｙｎｓｐｅｃｔｉｖｅ,2026-03-26,執行役員 Chief Strategic Program Officer,秋山 郁,,,,
290A,株式会社Ｓｙｎｓｐｅｃｔｉｖｅ,2026-03-26,執行役員 データプロダクション部ゼネラルマネージャー,今泉 友之,,,,
290A,株式会社Ｓｙｎｓｐｅｃｔｉｖｅ,2026-03-26,執行役員 Chief Revenue Officer,小田原 孝行,,,,
290A,株式会社Ｓｙｎｓｐｅｃｔｉｖｅ,2026-03-26,執行役員 ソリューション開発部ゼネラルマネージャー,藤原 敬三,,,,
290A,株式会社Ｓｙｎｓｐｅｃｔｉｖｅ,2026-03-26,執行役員 衛星システム開発第一部ゼネラルマネージャー,ケラリウ ステファン アンドレイ,,,,
290A,株式会社Ｓｙｎｓｐｅｃｔｉｖｅ,2026-03-26,執行役員 衛星システム開発第二部ゼネラルマネージャー,森岡 肇,,,,
290A,株式会社Ｓｙｎｓｐｅｃｔｉｖｅ,2026-03-26,執行役員 経営戦略部ゼネラルマネージャー,左納 健大,,,,
290A,株式会社Ｓｙｎｓｐｅｃｔｉｖｅ,2026-03-26,代表取締役 CEO,新井 元行,1978年11月18日,(注)３,"9,015,000",株
290A,株式会社Ｓｙｎｓｐｅｃｔｉｖｅ,2026-03-26,取締役CFO,志藤 篤,1980年５月15日,(注)３,,株
290A,株式会社Ｓｙｎｓｐｅｃｔｉｖｅ,2026-03-26,取締役CSPO,秋山 郁,1987年５月11日,(注)３,,株
290A,株式会社Ｓｙｎｓｐｅｃｔｉｖｅ,2026-03-26,取締役,海老澤 観,1960年３月25日,(注)３,,株
290A,株式会社Ｓｙｎｓｐｅｃｔｉｖｅ,2026-03-26,取締役,渥美 優子,1971年６月25日,(注)３,,株
290A,株式会社Ｓｙｎｓｐｅｃｔｉｖｅ,2026-03-26,取締役,榎本 亮,1963年６月４日,(注)３,500,株
290A,株式会社Ｓｙｎｓｐｅｃｔｉｖｅ,2026-03-26,常勤 監査役,服部 実穂,1984年４月16日,(注)４,,株
290A,株式会社Ｓｙｎｓｐｅｃｔｉｖｅ,2026-03-26,監査役,吉村 龍吾,1965年２月17日,(注)４,,株
290A,株式会社Ｓｙｎｓｐｅｃｔｉｖｅ,2026-03-26,監査役,戸田 隆夫,1960年８月２日,(注)４,,株
290A,株式会社Ｓｙｎｓｐｅｃｔｉｖｅ,2026-03-26,執行役員 Distinguished Chief Engineer,小畑 俊裕,,,,
290A,株式会社Ｓｙｎｓｐｅｃｔｉｖｅ,2026-03-26,執行役員 データプロダクション部ゼネラルマネージャー,今泉 友之,,,,
290A,株式会社Ｓｙｎｓｐｅｃｔｉｖｅ,2026-03-26,執行役員 Chief Revenue Officer,小田原 孝行,,,,
290A,株式会社Ｓｙｎｓｐｅｃｔｉｖｅ,2026-03-26,執行役員 ソリューション開発部ゼネラルマネージャー,藤原 敬三,,,,
290A,株式会社Ｓｙｎｓｐｅｃｔｉｖｅ,2026-03-26,執行役員 衛星システム開発第一部ゼネラルマネージャー,ケラリウ ステファン アンドレイ,,,,
290A,株式会社Ｓｙｎｓｐｅｃｔｉｖｅ,2026-03-26,執行役員 衛星システム開発第二部ゼネラルマネージャー,森岡 肇,,,,
290A,株式会社Ｓｙｎｓｐｅｃｔｉｖｅ,2026-03-26,執行役員 経営戦略部ゼネラルマネージャー,左納 健大,,,,
2910,株式会社ロック・フィールド,2026-07-27,代表取締役社長,古塚 孝志,1965年２月26日生,(注)３,71,千株
2910,株式会社ロック・フィールド,2026-07-27,常務取締役 管理本部・人事本部・ 品質保証部・ 冷凍食品推進室管掌,吉井 康太郎,1971年５月24日生,(注)３,9,千株
2910,株式会社ロック・フィールド,2026-07-27,取締役 企画開発本部長、 購買本部管掌,三好 勝寛,1970年３月11日生,(注)３,8,千株
2910,株式会社ロック・フィールド,2026-07-27,取締役 営業本部長,一宮 秀夫,1963年10月１日生,(注)３,6,千株
2910,株式会社ロック・フィールド,2026-07-27,取締役,柚木 和代,1960年７月11日生,(注)３,0,千株
2910,株式会社ロック・フィールド,2026-07-27,取締役,北嶋 紀子,1974年10月25日生,(注)３,0,千株
2910,株式会社ロック・フィールド,2026-07-27,常勤監査役,結城 昌平,1957年３月１日生,(注)４,7,千株
2910,株式会社ロック・フィールド,2026-07-27,監査役,三戸 一弥,1958年９月３日生,(注)４,,千株
2910,株式会社ロック・フィールド,2026-07-27,監査役,米田 小百合,1967年１月31日生,(注)５,,千株
2910,株式会社ロック・フィールド,2026-07-27,代表取締役社長,古塚 孝志,1965年２月26日生,(注)３,71,千株
2910,株式会社ロック・フィールド,2026-07-27,常務取締役 管理本部・人事本部・ 品質保証部・ 冷凍食品推進室管掌,吉井 康太郎,1971年５月24日生,(注)３,9,千株
2910,株式会社ロック・フィールド,2026-07-27,取締役 企画開発本部長、 購買本部管掌,三好 勝寛,1970年３月11日生,(注)３,8,千株
2910,株式会社ロック・フィールド,2026-07-27,取締役 営業本部長,一宮 秀夫,1963年10月１日生,(注)３,6,千株
2910,株式会社ロック・フィールド,2026-07-27,取締役,柚木 和代,1960年７月11日生,(注)３,0,千株
2910,株式会社ロック・フィールド,2026-07-27,取締役,北嶋 紀子,1974年10月25日生,(注)３,0,千株
2910,株式会社ロック・フィールド,2026-07-27,常勤監査役,結城 昌平,1957年３月１日生,(注)４,7,千株
2910,株式会社ロック・フィールド,2026-07-27,監査役,三戸 一弥,1958年９月３日生,(注)４,,千株
2910,株式会社ロック・フィールド,2026-07-27,監査役,米田 小百合,1967年１月31日生,(注)５,,千株
2911,旭松食品株式会社,2026-06-25,代表取締役社長,木 下 博 隆,1962年２月５日生,(注)３,55,千株
2911,旭松食品株式会社,2026-06-25,常務取締役 経営企画部長,蒲 田 充 浩,1963年５月16日生,(注)３,9,千株
2911,旭松食品株式会社,2026-06-25,常務取締役 研究開発本部長,村 澤 久 司,1957年1月14日生,(注)３,8,千株
2911,旭松食品株式会社,2026-06-25,取締役 経営管理部長,足 立 恵,1964年８月17日生,(注)３,5,千株
2911,旭松食品株式会社,2026-06-25,取締役 生産本部長,平 澤 公 夫,1964年11月23日生,(注)３,5,千株
2911,旭松食品株式会社,2026-06-25,取締役 営業本部長 兼西日本支店長,牧 野 太 郎,1970年10月３日生,(注)３,3,千株
2911,旭松食品株式会社,2026-06-25,取締役,浜 村 九二雄,1957年６月９日生,(注)１(注)３,,千株
2911,旭松食品株式会社,2026-06-25,取締役,小 濱 賢 二,1968年５月20日生,(注)１(注)３,,千株
2911,旭松食品株式会社,2026-06-25,常勤監査役,寺 岡 義 裕,1962年５月12日生,(注)４,1,千株
2911,旭松食品株式会社,2026-06-25,監査役,伊 坪 眞,1952年10月14日生,(注)２(注)４,0,千株
2911,旭松食品株式会社,2026-06-25,監査役,近 藤 貴 俊,1961年６月24日生,(注)２(注)４,,千株
2914,日本たばこ産業株式会社,2026-03-23,取締役会長,岩井 睦雄,1960年10月29日生,2025年３月から１年,"47,700",株
2914,日本たばこ産業株式会社,2026-03-23,取締役副会長,岡本 薫明,1961年２月20日生,2025年３月から１年,"1,900",株
2914,日本たばこ産業株式会社,2026-03-23,取締役,寺畠 正道,1965年11月26日生,2025年３月から１年,"375,335",株
2914,日本たばこ産業株式会社,2026-03-23,※代表取締役 副社長,嶋吉 耕史,1968年３月７日生,2025年３月から１年,"76,800",株
2914,日本たばこ産業株式会社,2026-03-23,※代表取締役 副社長,中野 恵,1968年３月１日生,2025年３月から１年,"82,941",株
2914,日本たばこ産業株式会社,2026-03-23,取締役,長嶋 由紀子,1961年４月４日生,2025年３月から１年,0,株
2914,日本たばこ産業株式会社,2026-03-23,取締役,木寺 昌人,1952年10月10日生,2025年３月から１年,0,株
2914,日本たばこ産業株式会社,2026-03-23,取締役,庄司 哲也,1954年２月28日生,2025年３月から１年,0,株
2914,日本たばこ産業株式会社,2026-03-23,取締役,山科 裕子,1963年５月20日生,2025年３月から１年,0,株
2914,日本たばこ産業株式会社,2026-03-23,取締役,朝倉 研二,1955年12月11日生,2025年３月から１年,0,株
2914,日本たばこ産業株式会社,2026-03-23,常勤監査役,柏倉 秀亮,1969年２月28日生,2023年３月から４年,"12,128",株
2914,日本たばこ産業株式会社,2026-03-23,常勤監査役,橋本 努,1967年５月31日生,2023年３月から４年,"1,584",株
2914,日本たばこ産業株式会社,2026-03-23,常勤監査役,谷内 繁,1962年９月７日生,2023年３月から４年,0,株
2914,日本たばこ産業株式会社,2026-03-23,監査役,稲田 伸夫,1956年８月14日生,2023年３月から４年,0,株
2914,日本たばこ産業株式会社,2026-03-23,監査役,武石 惠美子,1960年２月16日生,2024年３月から３年,0,株
2914,日本たばこ産業株式会社,2026-03-23,取締役会長,岡本 薫明,1961年２月20日生,2026年３月から１年,"1,900",株
2914,日本たばこ産業株式会社,2026-03-23,取締役副会長,寺畠 正道,1965年11月26日生,2026年３月から１年,"375,335",株
2914,日本たばこ産業株式会社,2026-03-23,※代表取締役 社長,筒井 岳彦,1975年１月23日生,2026年３月から１年,"41,500",株
2914,日本たばこ産業株式会社,2026-03-23,※代表取締役 副社長,嶋吉 耕史,1968年３月７日生,2026年３月から１年,"76,800",株
2914,日本たばこ産業株式会社,2026-03-23,※代表取締役 副社長,中野 恵,1968年３月１日生,2026年３月から１年,"82,941",株
2914,日本たばこ産業株式会社,2026-03-23,取締役,木寺 昌人,1952年10月10日生,2026年３月から１年,0,株
2914,日本たばこ産業株式会社,2026-03-23,取締役,庄司 哲也,1954年２月28日生,2026年３月から１年,0,株
2914,日本たばこ産業株式会社,2026-03-23,取締役,山科 裕子,1963年５月20日生,2026年３月から１年,0,株
2914,日本たばこ産業株式会社,2026-03-23,取締役,朝倉 研二,1955年12月11日生,2026年３月から１年,0,株
2914,日本たばこ産業株式会社,2026-03-23,取締役,内田 由紀子,1975年７月22日生,2026年３月から１年,0,株
2914,日本たばこ産業株式会社,2026-03-23,常勤監査役,柏倉 秀亮,1969年２月28日生,2023年３月から４年,"12,128",株
2914,日本たばこ産業株式会社,2026-03-23,常勤監査役,橋本 努,1967年５月31日生,2023年３月から４年,"1,584",株
2914,日本たばこ産業株式会社,2026-03-23,常勤監査役,谷内 繁,1962年９月７日生,2023年３月から４年,0,株
2914,日本たばこ産業株式会社,2026-03-23,監査役,稲田 伸夫,1956年８月14日生,2023年３月から４年,0,株
2914,日本たばこ産業株式会社,2026-03-23,監査役,武石 惠美子,1960年２月16日生,2024年３月から３年,0,株
2915,ケンコーマヨネーズ株式会社,2026-06-25,代表取締役会長,炭井 孝志,1953年８月７日生,（注）３,133,千株
2915,ケンコーマヨネーズ株式会社,2026-06-25,代表取締役社長,島本 国一,1965年12月16日生,（注）３,36,千株
2915,ケンコーマヨネーズ株式会社,2026-06-25,取締役副社長,寺島 洋一,1961年１月15日生,（注）３,14,千株
2915,ケンコーマヨネーズ株式会社,2026-06-25,常務取締役,川上 学,1967年３月29日生,（注）３,10,千株
2915,ケンコーマヨネーズ株式会社,2026-06-25,取締役,立花 健二,1966年５月９日生,（注）３,10,千株
2915,ケンコーマヨネーズ株式会社,2026-06-25,取締役,藤原 信義,1967年９月25日生,（注）３,4,千株
2915,ケンコーマヨネーズ株式会社,2026-06-25,取締役,小町 千治,1957年４月22日生,（注）３,1,千株
2915,ケンコーマヨネーズ株式会社,2026-06-25,取締役,成相 明子,1963年３月29日生,（注）３,,千株
2915,ケンコーマヨネーズ株式会社,2026-06-25,取締役,堀 麦枝,1962年12月14日生,（注）３,,千株
2915,ケンコーマヨネーズ株式会社,2026-06-25,常勤監査役,村田 隆,1961年８月28日生,（注）４,26,千株
2915,ケンコーマヨネーズ株式会社,2026-06-25,常勤監査役,京極 敦,1963年９月11日生,（注）５,1,千株
2915,ケンコーマヨネーズ株式会社,2026-06-25,監査役,佐藤 清春,1957年３月28日生,（注）４,1,千株
2915,ケンコーマヨネーズ株式会社,2026-06-25,監査役,山下 彰俊,1963年５月17日生,（注）５,1,千株
2915,ケンコーマヨネーズ株式会社,2026-06-25,監査役,福井 久,1959年10月26日生,（注）５,,千株
2915,ケンコーマヨネーズ株式会社,2026-06-25,代表取締役会長兼社長,炭井 孝志,1953年８月７日生,（注）３,133,千株
2915,ケンコーマヨネーズ株式会社,2026-06-25,代表取締役副社長,寺島 洋一,1961年１月15日生,（注）３,14,千株
2915,ケンコーマヨネーズ株式会社,2026-06-25,常務取締役,川上 学,1967年３月29日生,（注）３,10,千株
2915,ケンコーマヨネーズ株式会社,2026-06-25,常務取締役,立花 健二,1966年５月９日生,（注）３,10,千株
2915,ケンコーマヨネーズ株式会社,2026-06-25,取締役,藤原 信義,1967年９月25日生,（注）３,4,千株
2915,ケンコーマヨネーズ株式会社,2026-06-25,取締役,薄井 大輔,1974年10月22日生,（注）３,,千株
2915,ケンコーマヨネーズ株式会社,2026-06-25,取締役,小町 千治,1957年４月22日生,（注）３,1,千株
2915,ケンコーマヨネーズ株式会社,2026-06-25,取締役,成相 明子,1963年３月29日生,（注）３,,千株
2915,ケンコーマヨネーズ株式会社,2026-06-25,取締役,堀 麦枝,1962年12月14日生,（注）３,,千株
2915,ケンコーマヨネーズ株式会社,2026-06-25,常勤監査役,京極 敦,1963年９月11日生,（注）５,1,千株
2915,ケンコーマヨネーズ株式会社,2026-06-25,常勤監査役,宮﨑 俊一,1965年３月22日生,（注）６,19,千株
2915,ケンコーマヨネーズ株式会社,2026-06-25,監査役,佐藤 清春,1957年３月28日生,（注）４,1,千株
2915,ケンコーマヨネーズ株式会社,2026-06-25,監査役,山下 彰俊,1963年５月17日生,（注）５,1,千株
2915,ケンコーマヨネーズ株式会社,2026-06-25,監査役,福井 久,1959年10月26日生,（注）５,,千株
2916,仙波糖化工業株式会社,2026-06-25,取締役社長 (代表取締役),小林 光夫,1953年12月９日生,(注)３,57,千株
2916,仙波糖化工業株式会社,2026-06-25,取締役専務 営業本部長 (代表取締役),保坂 晴彦,1963年12月９日生,(注)３,19,千株
2916,仙波糖化工業株式会社,2026-06-25,常務取締役 生産本部長,前田 立志,1961年６月20日生,(注)３,16,千株
2916,仙波糖化工業株式会社,2026-06-25,取締役 大阪支店長,石塚 則行,1965年９月11日生,(注)３,17,千株
2916,仙波糖化工業株式会社,2026-06-25,取締役 財務本部長 営業推進本部長,田中 明子,1963年９月18日生,(注)３,15,千株
2916,仙波糖化工業株式会社,2026-06-25,取締役 管理本部長 総務部長 中国事業担当,市川 剛久,1970年１月14日生,(注)３,10,千株
2916,仙波糖化工業株式会社,2026-06-25,取締役,川上 裕,1953年４月９日生,(注)３,0,千株
2916,仙波糖化工業株式会社,2026-06-25,取締役,澤田 真由美,1961年８月13日生,(注)３,,千株
2916,仙波糖化工業株式会社,2026-06-25,常勤監査役,芝山 哲,1955年５月30日生,(注)４,29,千株
2916,仙波糖化工業株式会社,2026-06-25,常勤監査役,丸山 純一,1964年４月２日生,(注)５,,千株
2916,仙波糖化工業株式会社,2026-06-25,監査役,掛川 清崇,1951年６月14日生,(注)４,,千株
2916,仙波糖化工業株式会社,2026-06-25,取締役社長 営業本部長 (代表取締役),保坂 晴彦,1963年12月９日生,(注)３,19,千株
2916,仙波糖化工業株式会社,2026-06-25,常務取締役 生産本部長,前田 立志,1961年６月20日生,(注)３,16,千株
2916,仙波糖化工業株式会社,2026-06-25,取締役 大阪支店長,石塚 則行,1965年９月11日生,(注)３,17,千株
2916,仙波糖化工業株式会社,2026-06-25,取締役 財務本部長 営業推進本部長,田中 明子,1963年９月18日生,(注)３,15,千株
2916,仙波糖化工業株式会社,2026-06-25,取締役 管理本部長 総務部長 中国事業担当,市川 剛久,1970年１月14日生,(注)３,10,千株
2916,仙波糖化工業株式会社,2026-06-25,取締役 開発本部長 開発部長,岩本 英明,1968年１月18日生,(注)３,2,千株
2916,仙波糖化工業株式会社,2026-06-25,取締役,川上 裕,1953年４月９日生,(注)３,0,千株
2916,仙波糖化工業株式会社,2026-06-25,取締役,澤田 真由美,1961年８月13日生,(注)３,,千株
2916,仙波糖化工業株式会社,2026-06-25,常勤監査役,芝山 哲,1955年５月30日生,(注)４,29,千株
2916,仙波糖化工業株式会社,2026-06-25,常勤監査役,丸山 純一,1964年４月２日生,(注)５,,千株
2916,仙波糖化工業株式会社,2026-06-25,監査役,掛川 清崇,1951年６月14日生,(注)４,,千株
2917,株式会社大森屋,2025-12-22,取締役社長 代表取締役,稲 野 達 郎,1964年７月29日,(注)３,309,千株
2917,株式会社大森屋,2025-12-22,取締役副社長 代表取締役 製造本部長,稲 野 貴 之,1972年５月13日,(注)３,286,千株
2917,株式会社大森屋,2025-12-22,常務取締役 営業本部管掌,大 當 敏 仁,1961年12月30日,(注)３,1,千株
2917,株式会社大森屋,2025-12-22,取締役 管理本部長,河 田 信 光,1965年４月６日,(注)３,1,千株
2917,株式会社大森屋,2025-12-22,取締役 営業本部長,日 置 純 司,1965年３月２日,(注)３,4,千株
2917,株式会社大森屋,2025-12-22,取締役,叶 裕 一,1980年10月11日,(注)３,,千株
2917,株式会社大森屋,2025-12-22,取締役,岡 井 紀 代 香,1957年５月17日,(注)３,,千株
2917,株式会社大森屋,2025-12-22,監査役 常勤,中 田 勝,1955年11月10日,(注)４,3,千株
2917,株式会社大森屋,2025-12-22,監査役,寺 川 正 敏,1957年10月17日,(注)５,4,千株
2917,株式会社大森屋,2025-12-22,監査役,北 村 英 嗣,1952年９月２日,(注)６,,千株
2917,株式会社大森屋,2025-12-22,監査役,野 口 均,1961年６月23日,(注)７,,千株
2918,わらべや日洋ホールディングス株式会社,2026-05-27,代表取締役社長,辻 英 男,1964年１月21日生,（注）２,5,千株
2918,わらべや日洋ホールディングス株式会社,2026-05-27,取締役会長,大 友 啓 行,1962年１月30日生,（注）２,675,千株
2918,わらべや日洋ホールディングス株式会社,2026-05-27,取締役専務執行役員 管理部門統括,浅 野 直,1962年８月７日生,（注）２,4,千株
2918,わらべや日洋ホールディングス株式会社,2026-05-27,取締役常務執行役員 食品関連事業担当,森 浩 司,1971年４月25日生,（注）２,1,千株
2918,わらべや日洋ホールディングス株式会社,2026-05-27,取締役執行役員 海外事業担当,繪 畑 将 英,1973年９月25日生,（注）２,1,千株
2918,わらべや日洋ホールディングス株式会社,2026-05-27,取締役執行役員 経営企画部長 兼 財務・サステナビリティ推進担当,井 上 敦 嗣,1967年７月８日生,（注）２,2,千株
2918,わらべや日洋ホールディングス株式会社,2026-05-27,取締役 （常勤監査等委員）,長 濱 康 之,1960年５月24日生,（注）３,1,千株
2918,わらべや日洋ホールディングス株式会社,2026-05-27,取締役 （監査等委員）,吉 峯 英 虎,1954年10月22日生,（注）３,1,千株
2918,わらべや日洋ホールディングス株式会社,2026-05-27,取締役 （監査等委員）,原 田 史 緒,1974年５月３日生,（注）３,0,千株
2918,わらべや日洋ホールディングス株式会社,2026-05-27,取締役 （監査等委員）,入 江 千 香 子,1972年３月８日生,（注）４,0,千株
2918,わらべや日洋ホールディングス株式会社,2026-05-27,取締役 （監査等委員）,鋤 柄 卓 夫,1963年１月22日生,（注）３,0,千株
2918,わらべや日洋ホールディングス株式会社,2026-05-27,代表取締役社長,辻 英 男,1964年１月21日生,（注）２,5,千株
2918,わらべや日洋ホールディングス株式会社,2026-05-27,取締役専務執行役員 食品関連事業担当,森 浩 司,1971年４月25日生,（注）２,1,千株
2918,わらべや日洋ホールディングス株式会社,2026-05-27,取締役執行役員 海外事業担当,繪 畑 将 英,1973年９月25日生,（注）２,1,千株
2918,わらべや日洋ホールディングス株式会社,2026-05-27,取締役執行役員 経営企画部長 兼 財務・サステナビリティ推進担当,井 上 敦 嗣,1967年７月８日生,（注）２,2,千株
2918,わらべや日洋ホールディングス株式会社,2026-05-27,取締役執行役員 総務・人事・システム担当,小 野 耕 治,1968年12月７日生,（注）２,1,千株
2918,わらべや日洋ホールディングス株式会社,2026-05-27,取締役 （常勤監査等委員）,長 濱 康 之,1960年５月24日生,（注）３,1,千株
2918,わらべや日洋ホールディングス株式会社,2026-05-27,取締役 （監査等委員）,吉 峯 英 虎,1954年10月22日生,（注）３,1,千株
2918,わらべや日洋ホールディングス株式会社,2026-05-27,取締役 （監査等委員）,原 田 史 緒,1974年５月３日生,（注）３,0,千株
2918,わらべや日洋ホールディングス株式会社,2026-05-27,取締役 （監査等委員）,入 江 千 香 子,1972年３月８日生,（注）４,0,千株
2918,わらべや日洋ホールディングス株式会社,2026-05-27,取締役 （監査等委員）,鋤 柄 卓 夫,1963年１月22日生,（注）３,0,千株
2919,株式会社　マルタイ,2026-06-23,取締役社長（代表取締役） 海外事業部担当,末次 隆,1966年６月24日生,(注)4,,百株
2919,株式会社　マルタイ,2026-06-23,常務取締役 経営戦略部、総務部、経理部、製造部、生産管理部担当,野馬 浩一,1965年11月12日生,同上,4,百株
2919,株式会社　マルタイ,2026-06-23,常務取締役 商品戦略部担当兼海外事業部長,宮本 寛之,1966年11月29日生,同上,8,百株
2919,株式会社　マルタイ,2026-06-23,取締役 営業部、営業企画部、国内事業部担当,西 信秀,1967年７月４日生,(注)4,7,百株
2919,株式会社　マルタイ,2026-06-23,取締役 製造部長,廣嶋 智幸,1970年10月27日生,同上,5,百株
2919,株式会社　マルタイ,2026-06-23,取締役 品質保証部担当兼経営戦略部長,飯田 健三,1966年12月19日生,同上,22,百株
2919,株式会社　マルタイ,2026-06-23,取締役 経理部長,秋吉 光悟,1964年10月11日生,同上,5,百株
2919,株式会社　マルタイ,2026-06-23,取締役,二宮 浩,1960年７月３日生,(注)4,,百株
2919,株式会社　マルタイ,2026-06-23,取締役,岡野 みゆき,1961年５月22日生,同上,,百株
2919,株式会社　マルタイ,2026-06-23,常勤監査役,伊地知 俊介,1964年９月14日生,(注)5,1,百株
2919,株式会社　マルタイ,2026-06-23,監査役,木下 貴夫,1962年８月26日生,(注)6,,百株
2919,株式会社　マルタイ,2026-06-23,監査役,南谷 朝子,1975年10月８日生,(注)5,,百株
291A,株式会社リスキル,2026-06-23,代表取締役社長,松田 航,1988年1月12日生,(注)3,"1,427,700",株
291A,株式会社リスキル,2026-06-23,社外取締役,清水 達也,1959年2月11日生,(注)3,,株
291A,株式会社リスキル,2026-06-23,社外取締役,竹上 創,1961年12月16日生,(注)3,,株
291A,株式会社リスキル,2026-06-23,社外取締役,東 伸之,1964年3月31日生,(注)3,,株
291A,株式会社リスキル,2026-06-23,常勤社外監査役,小南 紳哉,1982年4月2日生,(注)4,,株
291A,株式会社リスキル,2026-06-23,社外監査役,友田 順,1979年3月1日生,(注)4,,株
291A,株式会社リスキル,2026-06-23,社外監査役,下山 随,1970年3月28日生,(注)4,,株
291A,株式会社リスキル,2026-06-23,研修事業部担当執行役員,渡邉 順,,,,
2922,株式会社なとり,2026-06-25,代表取締役 会長兼社長,名 取 三 郎,1948年１月22日生,(注)３,446,千株
2922,株式会社なとり,2026-06-25,取締役 専務執行役員 営業本部長,名 取 光一郎,1981年10月３日生,(注)３ (注)５,18,千株
2922,株式会社なとり,2026-06-25,取締役 執行役員 食品安全推進本部長,山 形 正,1957年１月８日生,(注)３,3,千株
2922,株式会社なとり,2026-06-25,取締役 執行役員 生産本部長,阿 部 覚,1967年２月19日生,(注)３,4,千株
2922,株式会社なとり,2026-06-25,取締役 執行役員 経営企画部長 兼経理部長,安 宅 茂,1967年11月28日生,(注)３,1,千株
2922,株式会社なとり,2026-06-25,取締役,中 尾 誠 男,1943年２月16日生,(注)１ (注)３,2,千株
2922,株式会社なとり,2026-06-25,取締役,竹 内 冨貴子,1951年10月８日生,(注)１ (注)３,,千株
2922,株式会社なとり,2026-06-25,取締役,蒲 生 邦 道,1944年10月23日生,(注)１ (注)３,0,千株
2922,株式会社なとり,2026-06-25,常勤監査役,永 井 邦 佳,1956年２月４日生,(注)４,4,千株
2922,株式会社なとり,2026-06-25,監査役,大 野 二 朗,1947年２月16日生,(注)２ (注)４,,千株
2922,株式会社なとり,2026-06-25,監査役,宮 部 秀 雄,1950年10月６日生,(注)２ (注)４,,千株
2922,株式会社なとり,2026-06-25,監査役,岩 脇 宏,1957年12月13日生,(注)２ (注)４,,千株
2922,株式会社なとり,2026-06-25,代表取締役 会長兼社長,名 取 三 郎,1948年１月22日生,(注)３,446,千株
2922,株式会社なとり,2026-06-25,取締役 専務執行役員,名 取 光一郎,1981年10月３日生,(注)３ (注)５,18,千株
2922,株式会社なとり,2026-06-25,取締役 執行役員 食品安全推進本部長,山 形 正,1957年１月８日生,(注)３,3,千株
2922,株式会社なとり,2026-06-25,取締役 執行役員 生産本部長,阿 部 覚,1967年２月19日生,(注)３,4,千株
2922,株式会社なとり,2026-06-25,取締役 執行役員 経営企画部長 兼経理部長,安 宅 茂,1967年11月28日生,(注)３,1,千株
2922,株式会社なとり,2026-06-25,取締役 執行役員 総務・人事本部長 兼人事部長,町 田 勝 臣,1969年10月10日生,(注)３,0,千株
2922,株式会社なとり,2026-06-25,取締役,竹 内 冨貴子,1951年10月８日生,(注)１ (注)３,,千株
2922,株式会社なとり,2026-06-25,取締役,蒲 生 邦 道,1944年10月23日生,(注)１ (注)３,0,千株
2922,株式会社なとり,2026-06-25,取締役,宮 部 秀 雄,1950年10月６日生,(注)１ (注)３,,千株
2922,株式会社なとり,2026-06-25,常勤監査役,永 井 邦 佳,1956年２月４日生,(注)４,4,千株
2922,株式会社なとり,2026-06-25,監査役,大 野 二 朗,1947年２月16日生,(注)２ (注)４,,千株
2922,株式会社なとり,2026-06-25,監査役,岩 脇 宏,1957年12月13日生,(注)２ (注)４,,千株
2922,株式会社なとり,2026-06-25,監査役,佐 野 鉱 一,1948年８月30日生,(注)２ (注)４,0,千株
2923,サトウ食品株式会社,2026-07-21,代表取締役 社長,佐 藤 元,1965年２月24日生,(注)５,6,千株
2923,サトウ食品株式会社,2026-07-21,専務取締役 営業管掌,頼 田 武 幸,1961年９月24日生,(注)５,8,千株
2923,サトウ食品株式会社,2026-07-21,常務取締役,加 藤 仁,1967年３月15日生,(注)５,7,千株
2923,サトウ食品株式会社,2026-07-21,常務取締役 コーポレート担当 生産本部長,佐 藤 浩 一,1971年８月31日生,(注)５,6,千株
2923,サトウ食品株式会社,2026-07-21,取締役 品質保証・商品開発本部長 商品開発部長,赤 塚 昌 一,1962年８月18日生,(注)５,6,千株
2923,サトウ食品株式会社,2026-07-21,取締役 経営企画本部長,渡 辺 今 日 子,1967年８月12日生,(注)５,4,千株
2923,サトウ食品株式会社,2026-07-21,取締役 コーポレート担当 経営企画本部副本部長 ブランディング戦略部長 システム企画担当,佐 藤 大 裕,1992年６月30日生,(注)５,27,千株
2923,サトウ食品株式会社,2026-07-21,取締役,齋 藤 貴 介,1974年11月12日生,(注)５,,千株
2923,サトウ食品株式会社,2026-07-21,取締役,浅 妻 信,1968年9月13日生,(注)５,,千株
2923,サトウ食品株式会社,2026-07-21,常勤監査役,伊 藤 正 紀,1967年１月５日,(注)７,5,千株
2923,サトウ食品株式会社,2026-07-21,監査役,近 藤 充,1959年９月４日生,(注)７,10,千株
2923,サトウ食品株式会社,2026-07-21,監査役,古 俣 敏 隆,1951年５月３日生,(注)６,,千株
2923,サトウ食品株式会社,2026-07-21,監査役,出 口 和 浩,1955年８月15日生,(注)７,,千株
2923,サトウ食品株式会社,2026-07-21,代表取締役 社長,佐 藤 元,1965年２月24日生,(注)５,6,千株
2923,サトウ食品株式会社,2026-07-21,専務取締役 営業管掌,頼 田 武 幸,1961年９月24日生,(注)５,8,千株
2923,サトウ食品株式会社,2026-07-21,常務取締役,加 藤 仁,1967年３月15日生,(注)５,7,千株
2923,サトウ食品株式会社,2026-07-21,常務取締役 コーポレート担当 生産本部長,佐 藤 浩 一,1971年８月31日生,(注)５,6,千株
2923,サトウ食品株式会社,2026-07-21,取締役 品質保証・商品開発本部長 商品開発部長,赤 塚 昌 一,1962年８月18日生,(注)５,6,千株
2923,サトウ食品株式会社,2026-07-21,取締役 経営企画本部長,渡 辺 今 日 子,1967年８月12日生,(注)５,4,千株
2923,サトウ食品株式会社,2026-07-21,取締役 コーポレート担当 経営企画本部副本部長 ブランディング戦略部長 システム企画担当,佐 藤 大 裕,1992年６月30日生,(注)５,27,千株
2923,サトウ食品株式会社,2026-07-21,取締役,齋 藤 貴 介,1974年11月12日生,(注)５,,千株
2923,サトウ食品株式会社,2026-07-21,取締役,浅 妻 信,1968年9月13日生,(注)５,,千株
2923,サトウ食品株式会社,2026-07-21,常勤監査役,伊 藤 正 紀,1967年１月５日,(注)７,5,千株
2923,サトウ食品株式会社,2026-07-21,監査役,近 藤 充,1959年９月４日生,(注)７,10,千株
2923,サトウ食品株式会社,2026-07-21,監査役,古 俣 敏 隆,1951年５月３日生,(注)６,,千株
2923,サトウ食品株式会社,2026-07-21,監査役,出 口 和 浩,1955年８月15日生,(注)７,,千株
2924,イフジ産業株式会社,2026-06-26,代表取締役 社長,藤 井 宗 徳,1975年６月２日生,(注)1,"71,900",株
2924,イフジ産業株式会社,2026-06-26,常務取締役 関東事業部長 東日本（関東事業部・ 名古屋事業部）担当,池 田 賢次郎,1959年３月29日生,(注)1,"60,565",株
2924,イフジ産業株式会社,2026-06-26,常務取締役 管理本部長,原 敬,1971年２月４日生,(注)1,"21,600",株
2924,イフジ産業株式会社,2026-06-26,取締役 購買統轄部長 西日本（関西事業部・ 福岡事業部）担当,本 司 義 博,1969年４月３日生,(注)1,"7,846",株
2924,イフジ産業株式会社,2026-06-26,取締役,川 原 正 孝,1950年３月18日生,(注)1,"50,000",株
2924,イフジ産業株式会社,2026-06-26,取締役 常勤監査等委員,三 宅 史 員,1962年７月29日生,(注)2,"1,538",株
2924,イフジ産業株式会社,2026-06-26,取締役 監査等委員,中 川 正 裕,1949年７月27日生,(注)2,"1,000",株
2924,イフジ産業株式会社,2026-06-26,取締役 監査等委員,桝 本 美 穂,1974年９月23日生,(注)2,,株
2924,イフジ産業株式会社,2026-06-26,取締役 監査等委員,上 村 勝 則,1959年８月13日生,(注)2,,株
2926,株式会社　篠崎屋,2025-12-15,代表取締役社長 商品開発グループ長,関根 雅之,1965年１月６日生,(注)３,"24,100",株
2926,株式会社　篠崎屋,2025-12-15,取締役会長,樽見 茂,1963年５月27日生,(注)３,"3,029,900",株
2926,株式会社　篠崎屋,2025-12-15,取締役 管理グループ長兼経営企画部長兼ＩＲ室長,矢立 実,1964年１月16日生,(注)３,"30,000",株
2926,株式会社　篠崎屋,2025-12-15,取締役,永田 淳一,1964年３月11日生,(注)１、３,,株
2926,株式会社　篠崎屋,2025-12-15,監査役(常勤),沼嵜 昭宏,1963年４月26日生,(注)４,"10,000",株
2926,株式会社　篠崎屋,2025-12-15,監査役,為我井 道隆,1954年２月15日生,(注)２、５,"7,000",株
2926,株式会社　篠崎屋,2025-12-15,監査役,津上 正雄,1961年10月24日生,(注)２、５,,株
2927,株式会社ＡＦＣ－ＨＤアムスライフサイエンス,2025-11-26,取締役会長 (代表取締役),淺 山 雄 彦,1968年12月７日生,(注)２,"1,181,930",株
2927,株式会社ＡＦＣ－ＨＤアムスライフサイエンス,2025-11-26,取締役社長,松 永 康 裕,1968年５月22日生,(注)２,"16,200",株
2927,株式会社ＡＦＣ－ＨＤアムスライフサイエンス,2025-11-26,専務取締役 製造統括,福 地 重 範,1968年７月31日生,(注)２,"45,000",株
2927,株式会社ＡＦＣ－ＨＤアムスライフサイエンス,2025-11-26,取締役 技術開発 本部長,海 野 直 也,1969年９月11日生,(注)２,"33,300",株
2927,株式会社ＡＦＣ－ＨＤアムスライフサイエンス,2025-11-26,取締役 関係会社担当,笹 原 俊 二,1970年４月29日生,(注)２,"7,000",株
2927,株式会社ＡＦＣ－ＨＤアムスライフサイエンス,2025-11-26,取締役 会長室長,南 方 茂 穂,1975年２月20日生,(注)２,"7,700",株
2927,株式会社ＡＦＣ－ＨＤアムスライフサイエンス,2025-11-26,取締役 管理本部長,高 田 和 典,1968年１月９日生,(注)２,"41,300",株
2927,株式会社ＡＦＣ－ＨＤアムスライフサイエンス,2025-11-26,取締役 経理部長,濱 邉 信 江,1969年２月１日生,(注)２,"24,100",株
2927,株式会社ＡＦＣ－ＨＤアムスライフサイエンス,2025-11-26,取締役 総務部長,前 川 延 之,1981年１月26日生,(注)２,"3,600",株
2927,株式会社ＡＦＣ－ＨＤアムスライフサイエンス,2025-11-26,取締役 監査等委員,三 浦 正 博,1957年１月10日生,(注)３,,株
2927,株式会社ＡＦＣ－ＨＤアムスライフサイエンス,2025-11-26,取締役 監査等委員,髙 橋 正 樹,1950年８月29日生,(注)３,,株
2927,株式会社ＡＦＣ－ＨＤアムスライフサイエンス,2025-11-26,取締役 監査等委員,相 川 洋 介,1979年４月23日生,(注)３,,株
2927,株式会社ＡＦＣ－ＨＤアムスライフサイエンス,2025-11-26,取締役会長 (代表取締役),淺 山 雄 彦,1968年12月７日生,(注)２,"1,181,930",株
2927,株式会社ＡＦＣ－ＨＤアムスライフサイエンス,2025-11-26,取締役社長,松 永 康 裕,1968年５月22日生,(注)２,"16,200",株
2927,株式会社ＡＦＣ－ＨＤアムスライフサイエンス,2025-11-26,専務取締役 製造統括,福 地 重 範,1968年７月31日生,(注)２,"45,000",株
2927,株式会社ＡＦＣ－ＨＤアムスライフサイエンス,2025-11-26,取締役 技術開発 本部長,海 野 直 也,1969年９月11日生,(注)２,"33,300",株
2927,株式会社ＡＦＣ－ＨＤアムスライフサイエンス,2025-11-26,取締役 関係会社担当,笹 原 俊 二,1970年４月29日生,(注)２,"7,000",株
2927,株式会社ＡＦＣ－ＨＤアムスライフサイエンス,2025-11-26,取締役 会長室長,南 方 茂 穂,1975年２月20日生,(注)２,"7,700",株
2927,株式会社ＡＦＣ－ＨＤアムスライフサイエンス,2025-11-26,取締役 管理本部長,高 田 和 典,1968年１月９日生,(注)２,"41,300",株
2927,株式会社ＡＦＣ－ＨＤアムスライフサイエンス,2025-11-26,取締役 経理部長,濱 邉 信 江,1969年２月１日生,(注)２,"24,100",株
2927,株式会社ＡＦＣ－ＨＤアムスライフサイエンス,2025-11-26,取締役 総務部長,前 川 延 之,1981年１月26日生,(注)２,"3,600",株
2927,株式会社ＡＦＣ－ＨＤアムスライフサイエンス,2025-11-26,取締役 監査等委員,三 浦 正 博,1957年１月10日生,(注)３,,株
2927,株式会社ＡＦＣ－ＨＤアムスライフサイエンス,2025-11-26,取締役 監査等委員,髙 橋 正 樹,1950年８月29日生,(注)３,,株
2927,株式会社ＡＦＣ－ＨＤアムスライフサイエンス,2025-11-26,取締役 監査等委員,木 村 絵 美,1981年８月26日生,(注)３,,株
2928,ＲＩＺＡＰグループ株式会社,2026-06-25,代表取締役社長,瀬戸 健,1978年５月１日生,(注)２,"148,431,400",株
2928,ＲＩＺＡＰグループ株式会社,2026-06-25,専務取締役,塩田 徹,1973年８月21日生,(注)２,"2,070,000",株
2928,ＲＩＺＡＰグループ株式会社,2026-06-25,取締役,鈴木 隆之,1982年１月31日生,(注)２,,株
2928,ＲＩＺＡＰグループ株式会社,2026-06-25,取締役,藤田 勉,1960年３月２日生,"(注)１,２",,株
2928,ＲＩＺＡＰグループ株式会社,2026-06-25,取締役,松岡 真宏,1967年９月20日生,"(注)１,２",,株
2928,ＲＩＺＡＰグループ株式会社,2026-06-25,取締役,車谷 暢昭,1957年12月23日生,"(注)１,２",,株
2928,ＲＩＺＡＰグループ株式会社,2026-06-25,取締役 監査等委員,高木 俊一,1962年９月11日生,"(注) ３,４",,株
2928,ＲＩＺＡＰグループ株式会社,2026-06-25,取締役 監査等委員,東條 愛子,1976年３月21日生,"(注)１, ３,４",,株
2928,ＲＩＺＡＰグループ株式会社,2026-06-25,取締役 監査等委員,寺門 峻佑,1984年９月16日生,"(注)１, ３,４",,株
2928,ＲＩＺＡＰグループ株式会社,2026-06-25,補欠取締役 （監査等委員）,水上 貴央,1976年８月23日,,,株
2928,ＲＩＺＡＰグループ株式会社,2026-06-25,補欠取締役 （監査等委員）,水上 貴央,1976年８月23日,,,株
2928,ＲＩＺＡＰグループ株式会社,2026-06-25,補欠取締役 （監査等委員）,水上 貴央,1976年８月23日,,,株
2928,ＲＩＺＡＰグループ株式会社,2026-06-25,補欠取締役 （監査等委員）,水上 貴央,1976年８月23日,,,株
2928,ＲＩＺＡＰグループ株式会社,2026-06-25,補欠取締役 （監査等委員）,水上 貴央,1976年８月23日,,,株
2928,ＲＩＺＡＰグループ株式会社,2026-06-25,補欠取締役 （監査等委員）,水上 貴央,1976年８月23日,,,株
2928,ＲＩＺＡＰグループ株式会社,2026-06-25,代表取締役社長,瀬戸 健,1978年５月１日生,(注)２,"148,431,400",株
2928,ＲＩＺＡＰグループ株式会社,2026-06-25,専務取締役,塩田 徹,1973年８月21日生,(注)２,"2,070,000",株
2928,ＲＩＺＡＰグループ株式会社,2026-06-25,取締役,鈴木 隆之,1982年１月31日生,(注)２,,株
2928,ＲＩＺＡＰグループ株式会社,2026-06-25,取締役,藤田 勉,1960年３月２日生,"(注)１,２",,株
2928,ＲＩＺＡＰグループ株式会社,2026-06-25,取締役,松岡 真宏,1967年９月20日生,"(注)１,２",,株
2928,ＲＩＺＡＰグループ株式会社,2026-06-25,取締役,車谷 暢昭,1957年12月23日生,"(注)１,２",,株
2928,ＲＩＺＡＰグループ株式会社,2026-06-25,取締役 監査等委員,高木 俊一,1962年９月11日生,"(注) ３,４",,株
2928,ＲＩＺＡＰグループ株式会社,2026-06-25,取締役 監査等委員,東條 愛子,1976年３月21日生,"(注)１, ３,４",,株
2928,ＲＩＺＡＰグループ株式会社,2026-06-25,取締役 監査等委員,寺門 峻佑,1984年９月16日生,"(注)１, ３,４",,株
2928,ＲＩＺＡＰグループ株式会社,2026-06-25,補欠取締役 （監査等委員）,水上 貴央,1976年８月23日,,,株
2929,株式会社ファーマフーズ,2025-10-21,取締役社長 (代表取締役),金 武 祚,1947年８月６日生,(注)３,"2,227,334",株
2929,株式会社ファーマフーズ,2025-10-21,専務取締役 グループ経営統括担当 通販事業担当,益 田 和二行,1976年７月８日生,(注)３、５,"736,685",株
2929,株式会社ファーマフーズ,2025-10-21,取締役,井 上 泰 範,1977年４月８日生,(注)３,"36,321",株
2929,株式会社ファーマフーズ,2025-10-21,取締役 研究開発担当 営業部門担当,金 英一,1981年１月22日生,(注)３、６,"672,006",株
2929,株式会社ファーマフーズ,2025-10-21,取締役 管理部門担当,東 山 寛 尚,1975年９月７日生,(注)３,"13,006",株
2929,株式会社ファーマフーズ,2025-10-21,取締役,佐 村 信 哉,1955年５月９日生,(注)３,"19,000",株
2929,株式会社ファーマフーズ,2025-10-21,取締役,山 根 哲 郎,1949年２月28日生,(注)３,,株
2929,株式会社ファーマフーズ,2025-10-21,取締役,林 由佳子,1962年３月16日生,(注)３,,株
2929,株式会社ファーマフーズ,2025-10-21,常勤監査役,伊井野 貴 史,1956年８月１日生,(注)４,"20,800",株
2929,株式会社ファーマフーズ,2025-10-21,常勤監査役,西 脇 大 輔,1978年10月９日生,(注)４,"7,500",株
2929,株式会社ファーマフーズ,2025-10-21,監査役,辻 本 真 也,1952年１月７日生,(注)４,"11,000",株
2929,株式会社ファーマフーズ,2025-10-21,監査役,八 田 信 男,1946年12月13日生,(注)４,"7,900",株
2929,株式会社ファーマフーズ,2025-10-21,取締役社長 (代表取締役),金 武 祚,1947年８月６日生,(注)３,"2,227,334",株
2929,株式会社ファーマフーズ,2025-10-21,専務取締役 グループ経営統括担当,益 田 和二行,1976年７月８日生,(注)３、５,"736,685",株
2929,株式会社ファーマフーズ,2025-10-21,取締役 研究開発担当 営業部門担当,金 英一,1981年１月22日生,(注)３、６,"672,006",株
2929,株式会社ファーマフーズ,2025-10-21,取締役 管理部門担当,東 山 寛 尚,1975年９月７日生,(注)３,"13,006",株
2929,株式会社ファーマフーズ,2025-10-21,取締役 通販事業担当,鳥 尾 公 助,1976年８月２日生,(注)３,"18,462",株
2929,株式会社ファーマフーズ,2025-10-21,取締役 創薬本部担当,縄 野 雅 夫,1967年６月11日生,(注)３,,株
2929,株式会社ファーマフーズ,2025-10-21,取締役,佐 村 信 哉,1955年５月９日生,(注)３,"19,000",株
2929,株式会社ファーマフーズ,2025-10-21,取締役,山 根 哲 郎,1949年２月28日生,(注)３,,株
2929,株式会社ファーマフーズ,2025-10-21,取締役,林 由佳子,1962年３月16日生,(注)３,,株
2929,株式会社ファーマフーズ,2025-10-21,取締役,川端 さとみ,1976年6月8日生,(注)３,,株
2929,株式会社ファーマフーズ,2025-10-21,常勤監査役,伊井野 貴 史,1956年８月１日生,(注)４,"20,800",株
2929,株式会社ファーマフーズ,2025-10-21,常勤監査役,西 脇 大 輔,1978年10月９日生,(注)４,"7,500",株
2929,株式会社ファーマフーズ,2025-10-21,監査役,辻 本 真 也,1952年１月７日生,(注)４,"11,000",株
2929,株式会社ファーマフーズ,2025-10-21,監査役,八 田 信 男,1946年12月13日生,(注)４,"7,900",株
2930,株式会社北の達人コーポレーション,2026-05-25,代表取締役社長,木下 勝寿,1968年10月12日生,(注)２,"72,055,400",株
2930,株式会社北の達人コーポレーション,2026-05-25,取締役副社長 兼 商品部長 兼 カスタマーサービス部長,堀川 麻子,1981年５月17日生,(注)２,"705,800",株
2930,株式会社北の達人コーポレーション,2026-05-25,常務取締役 人事総務部長,飯盛 真希,1977年５月29日生,(注)２,"96,500",株
2930,株式会社北の達人コーポレーション,2026-05-25,取締役 管理部長,三浦 淳一,1974年６月29日生,(注)２,"20,200",株
2930,株式会社北の達人コーポレーション,2026-05-25,取締役 （非常勤）,島 宏一,1957年12月５日生,(注)２,"15,000",株
2930,株式会社北の達人コーポレーション,2026-05-25,取締役 （非常勤）,田岡 敬,1968年８月24日生,(注)２,"10,000",株
2930,株式会社北の達人コーポレーション,2026-05-25,取締役 （監査等委員） （常勤）,鳥居 克広,1957年６月27日生,(注)３,"3,600",株
2930,株式会社北の達人コーポレーション,2026-05-25,取締役 （監査等委員） （非常勤）,甚野 章吾,1968年７月19日生,(注)３,,株
2930,株式会社北の達人コーポレーション,2026-05-25,取締役 （監査等委員） （非常勤）,小林 隆一,1947年５月７日生,(注)３,"9,000",株
2930,株式会社北の達人コーポレーション,2026-05-25,代表取締役社長,木下 勝寿,1968年10月12日生,(注)２,"72,055,400",株
2930,株式会社北の達人コーポレーション,2026-05-25,取締役副社長 兼 商品部長 兼 カスタマーサービス部長,堀川 麻子,1981年５月17日生,(注)２,"705,800",株
2930,株式会社北の達人コーポレーション,2026-05-25,常務取締役 人事総務部長,飯盛 真希,1977年５月29日生,(注)２,"96,500",株
2930,株式会社北の達人コーポレーション,2026-05-25,取締役 管理部長,三浦 淳一,1974年６月29日生,(注)２,"20,200",株
2930,株式会社北の達人コーポレーション,2026-05-25,取締役 WEBマーケティング 部長,高橋 一雄,1997年12月23日生,(注)２,"26,400",株
2930,株式会社北の達人コーポレーション,2026-05-25,取締役 （非常勤）,島 宏一,1957年12月５日生,(注)２,"15,000",株
2930,株式会社北の達人コーポレーション,2026-05-25,取締役 （非常勤）,田岡 敬,1968年８月24日生,(注)２,"10,000",株
2930,株式会社北の達人コーポレーション,2026-05-25,取締役 （監査等委員） （常勤）,鳥居 克広,1957年６月27日生,(注)３,"3,600",株
2930,株式会社北の達人コーポレーション,2026-05-25,取締役 （監査等委員） （非常勤）,甚野 章吾,1968年７月19日生,(注)３,,株
2930,株式会社北の達人コーポレーション,2026-05-25,取締役 （監査等委員） （非常勤）,小林 隆一,1947年５月７日生,(注)３,"9,000",株
2931,株式会社ユーグレナ,2026-03-23,代表取締役社長,出雲 充,1980年１月17日生,(注) ３,"12,407",千株
2931,株式会社ユーグレナ,2026-03-23,取締役代表執行役員 Co-CEO 兼 財務担当,若原 智広,1977年５月30日生,(注) ３,631,千株
2931,株式会社ユーグレナ,2026-03-23,取締役代表執行役員 Co-CEO 兼 人事担当 兼 ヘルスケア BtoB国内営業・新規領域担当,植村 弘子,1978年３月16日生,(注) ３,473,千株
2931,株式会社ユーグレナ,2026-03-23,取締役,岡島 悦子,1966年５月16日生,(注) ３,10,千株
2931,株式会社ユーグレナ,2026-03-23,取締役,琴坂 将広,1982年１月14日生,(注) ３,30,千株
2931,株式会社ユーグレナ,2026-03-23,取締役 (監査等委員),清水 誠,1980年12月27日生,(注) ４,,千株
2931,株式会社ユーグレナ,2026-03-23,取締役 (監査等委員),望月 愛子,1979年５月22日生,(注) ４,0,千株
2931,株式会社ユーグレナ,2026-03-23,取締役 (監査等委員),村上 未来,1977年６月19日生,(注) ４,0,千株
2931,株式会社ユーグレナ,2026-03-23,代表取締役社長,出雲 充,1980年１月17日生,(注) ３,"12,407",千株
2931,株式会社ユーグレナ,2026-03-23,取締役代表執行役員 Co-CEO 兼 財務担当,若原 智広,1977年５月30日生,(注) ３,631,千株
2931,株式会社ユーグレナ,2026-03-23,取締役代表執行役員 Co-CEO 兼 人事担当 兼 ヘルスケア BtoB国内営業・新規領域担当,植村 弘子,1978年３月16日生,(注) ３,473,千株
2931,株式会社ユーグレナ,2026-03-23,取締役,岡島 悦子,1966年５月16日生,(注) ３,10,千株
2931,株式会社ユーグレナ,2026-03-23,取締役,琴坂 将広,1982年１月14日生,(注) ３,30,千株
2931,株式会社ユーグレナ,2026-03-23,取締役 (監査等委員),望月 愛子,1979年５月22日生,(注) ４,0,千株
2931,株式会社ユーグレナ,2026-03-23,取締役 (監査等委員),村上 未来,1977年６月19日生,(注) ４,0,千株
2931,株式会社ユーグレナ,2026-03-23,取締役 (監査等委員),大村 由紀子,1979年1月15日生,(注) ４,,千株
2932,株式会社ＳＴＩフードホールディングス,2026-03-26,代表取締役会長兼社長CEO,十見 裕,1953年９月25日生,(注)３,"8,190,000 （注）７",株
2932,株式会社ＳＴＩフードホールディングス,2026-03-26,取締役副会長,柳澤 重英,1956年２月６日生,(注)３,"22,500",株
2932,株式会社ＳＴＩフードホールディングス,2026-03-26,取締役 常務執行役員 事業統括本部長,山﨑 敬介,1973年５月１日生,(注)３,"11,800",株
2932,株式会社ＳＴＩフードホールディングス,2026-03-26,取締役 常務執行役員 管理本部長兼カンパニー事業本部長,壷井 知行,1970年９月３日生,(注)３,"4,673",株
2932,株式会社ＳＴＩフードホールディングス,2026-03-26,取締役上席執行役員事業統括本部長代行,青木 健太朗,1972年10月20日生,(注)３,"3,300",株
2932,株式会社ＳＴＩフードホールディングス,2026-03-26,取締役,上平 光一,1956年４月14日生,(注)３,"5,400",株
2932,株式会社ＳＴＩフードホールディングス,2026-03-26,取締役,桑山 貴洋,1970年１月17日生,(注)３,"4,000",株
2932,株式会社ＳＴＩフードホールディングス,2026-03-26,取締役,ダグラス ハウランド,1959年８月22日生,(注)３,"6,700",株
2932,株式会社ＳＴＩフードホールディングス,2026-03-26,取締役,安間 香和里,1971年５月９日生,(注)３,"1,000",株
2932,株式会社ＳＴＩフードホールディングス,2026-03-26,常勤監査役,小川 隆,1959年４月22日生,(注)４,"8,100",株
2932,株式会社ＳＴＩフードホールディングス,2026-03-26,監査役,河野 淳二,1956年７月８日生,(注)５,0,株
2932,株式会社ＳＴＩフードホールディングス,2026-03-26,監査役,渡邉 定義,1956年３月26日生,(注)５,"2,400",株
2933,株式会社紀文食品,2026-06-23,代表取締役会長 取締役会議長,落合 正行,1951年７月５日生,（注）２,"589,035",株
2933,株式会社紀文食品,2026-06-23,取締役副会長,堤 裕,1956年７月12日生,（注）２,"44,290",株
2933,株式会社紀文食品,2026-06-23,代表取締役社長 セールス・カテゴリー推進室長,國松 浩,1962年２月26日生,（注）２,"5,800",株
2933,株式会社紀文食品,2026-06-23,取締役 兼 副社長執行役員 グループ統括室長,上野 勝,1962年８月６日生,（注）２,"16,900",株
2933,株式会社紀文食品,2026-06-23,取締役 兼 常務執行役員 東日本供給本部長,松田 健,1972年２月20日生,（注）２,"2,811 （注）５",株
2933,株式会社紀文食品,2026-06-23,取締役（非常勤）,稲川 文雄,1961年６月６日生,（注）２,,株
2933,株式会社紀文食品,2026-06-23,取締役（非常勤）,河田 格,1963年４月30日生,（注）２,,株
2933,株式会社紀文食品,2026-06-23,取締役 （監査等委員・ 常勤）,岩佐 義龍,1963年８月20日生,（注）３,"11,600",株
2933,株式会社紀文食品,2026-06-23,取締役 （監査等委員 ・非常勤）,松本 榮一,1948年３月18日生,（注）３,,株
2933,株式会社紀文食品,2026-06-23,取締役 （監査等委員 ・非常勤）,飯野 浩一,1965年３月28日生,（注）４,,株
2933,株式会社紀文食品,2026-06-23,取締役 （監査等委員 ・非常勤）,金子 浩子,1964年10月15日生,（注）３,,株
2934,ジェイフロンティア株式会社,2026-08-25,代表取締役社長 執行役員,中村 篤弘,1980年７月９日,(注)３,"3,369,000(注)５",株
2934,ジェイフロンティア株式会社,2026-08-25,取締役執行役員CFO経営企画本部長兼 コーポレート本部長,樋口 雄也,1984年６月２日,(注)３,800,株
2934,ジェイフロンティア株式会社,2026-08-25,取締役,蓮見 智威,1968年12月８日,(注)３,"101,000(注)６",株
2934,ジェイフロンティア株式会社,2026-08-25,取締役,今村 彰利,1972年12月８日,(注)３,"3,200",株
2934,ジェイフロンティア株式会社,2026-08-25,取締役,古川 一輝,1973年３月27日,(注)３,"1,600",株
2934,ジェイフロンティア株式会社,2026-08-25,取締役,秋田 勉,1962年３月22日,(注)３,500,株
2934,ジェイフロンティア株式会社,2026-08-25,監査役 （常勤）,小山 孔司,1950年９月20日,(注)４,"2,000",株
2934,ジェイフロンティア株式会社,2026-08-25,監査役,榊原 一久,1965年12月21日,(注)４,400,株
2934,ジェイフロンティア株式会社,2026-08-25,監査役,木下 晋吾,1974年７月21日,(注)４,,株
2934,ジェイフロンティア株式会社,2026-08-25,執行役員 SOKUYAKU事業本部長,深沢 七菜,,,,
2934,ジェイフロンティア株式会社,2026-08-25,執行役員,皆川 克利,,,,
2934,ジェイフロンティア株式会社,2026-08-25,執行役員 経営企画部ゼネラルマネージャー兼コーポレート本部経理財務部長,井伊 祐史,,,,
2934,ジェイフロンティア株式会社,2026-08-25,代表取締役社長 執行役員,中村 篤弘,1980年７月９日,(注)３,"3,369,000(注)５",株
2934,ジェイフロンティア株式会社,2026-08-25,取締役執行役員CFO経営企画本部長,樋口 雄也,1984年６月２日,(注)３,800,株
2934,ジェイフロンティア株式会社,2026-08-25,取締役,蓮見 智威,1968年12月８日,(注)３,"101,000(注)６",株
2934,ジェイフロンティア株式会社,2026-08-25,取締役,今村 彰利,1972年12月８日,(注)３,"3,200",株
2934,ジェイフロンティア株式会社,2026-08-25,取締役,古川 一輝,1973年３月27日,(注)３,"1,600",株
2934,ジェイフロンティア株式会社,2026-08-25,取締役,秋田 勉,1962年３月22日,(注)３,500,株
2934,ジェイフロンティア株式会社,2026-08-25,監査役 （常勤）,小山 孔司,1950年９月20日,(注)４,"2,000",株
2934,ジェイフロンティア株式会社,2026-08-25,監査役,榊原 一久,1965年12月21日,(注)４,400,株
2934,ジェイフロンティア株式会社,2026-08-25,監査役,木下 晋吾,1974年７月21日,(注)４,,株
2934,ジェイフロンティア株式会社,2026-08-25,執行役員 SOKUYAKU事業本部長,深沢 七菜,,,,
2934,ジェイフロンティア株式会社,2026-08-25,執行役員,皆川 克利,,,,
2934,ジェイフロンティア株式会社,2026-08-25,執行役員 経営企画部ゼネラルマネージャー兼コーポレート本部経理財務部長,井伊 祐史,,,,
2935,株式会社ピックルスホールディングス,2026-05-27,代表取締役会長,宮 本 雅 弘,1962年３月29日生,（注）３,75,千株
2935,株式会社ピックルスホールディングス,2026-05-27,代表取締役社長,影 山 直 司,1959年９月19日生,（注）３,127,千株
2935,株式会社ピックルスホールディングス,2026-05-27,専務取締役 経理財務部長,三 品 徹,1962年８月28日生,（注）３,16,千株
2935,株式会社ピックルスホールディングス,2026-05-27,取締役,宮 腰 建一郎,1964年５月10日生,（注）３,22,千株
2935,株式会社ピックルスホールディングス,2026-05-27,取締役,萩 野 賴 子,1942年８月20日生,（注）３,4,千株
2935,株式会社ピックルスホールディングス,2026-05-27,取締役,田 中 德兵衞,1952年４月20日生,（注）３,0,千株
2935,株式会社ピックルスホールディングス,2026-05-27,常勤監査役,西 渉,1955年10月30日生,（注）４,,千株
2935,株式会社ピックルスホールディングス,2026-05-27,監査役,村 木 徹,1958年４月12日生,（注）４,,千株
2935,株式会社ピックルスホールディングス,2026-05-27,監査役,神 﨑 幸 雄,1943年11月４日生,（注）４,,千株
2935,株式会社ピックルスホールディングス,2026-05-27,監査役,小 高 正 裕,1961年４月20日生,（注）４,,千株
2935,株式会社ピックルスホールディングス,2026-05-27,取締役会長,宮 本 雅 弘,1962年３月29日生,（注）３,75,千株
2935,株式会社ピックルスホールディングス,2026-05-27,代表取締役社長,影 山 直 司,1959年９月19日生,（注）３,127,千株
2935,株式会社ピックルスホールディングス,2026-05-27,専務取締役 経理財務部長,三 品 徹,1962年８月28日生,（注）３,16,千株
2935,株式会社ピックルスホールディングス,2026-05-27,取締役 経営戦略部長,尾 中 真 二,1971年12月16日生,（注）３,2,千株
2935,株式会社ピックルスホールディングス,2026-05-27,取締役,萩 野 賴 子,1942年８月20日生,（注）３,4,千株
2935,株式会社ピックルスホールディングス,2026-05-27,取締役,田 中 德兵衞,1952年４月20日生,（注）３,0,千株
2935,株式会社ピックルスホールディングス,2026-05-27,常勤監査役,西 渉,1955年10月30日生,（注）４,,千株
2935,株式会社ピックルスホールディングス,2026-05-27,監査役,神 﨑 幸 雄,1943年11月４日生,（注）４,,千株
2935,株式会社ピックルスホールディングス,2026-05-27,監査役,小 高 正 裕,1961年４月20日生,（注）４,,千株
2935,株式会社ピックルスホールディングス,2026-05-27,監査役,粟 井 邦 彦,1967年９月15日生,（注）４,,千株
2936,ベースフード株式会社,2026-05-28,代表取締役,橋本 舜,1988年６月11日生,(注)２,"17,407,700",株
2936,ベースフード株式会社,2026-05-28,社外取締役,田中 道昭,1964年12月13日生,(注)２,,株
2936,ベースフード株式会社,2026-05-28,社外取締役 (監査等委員),長瀬 大樹,1981年６月８日生,(注)３,500,株
2936,ベースフード株式会社,2026-05-28,社外取締役 (監査等委員),田中 宏隆,1974年10月７日生,(注)３,,株
2936,ベースフード株式会社,2026-05-28,社外取締役 (監査等委員),永井 公成,1982年８月１日生,(注)３,500,株
2937,株式会社サンクゼール,2026-06-17,取締役 会長,久世 良三,1950年２月18日,(注)３,"1,208,500",株
2937,株式会社サンクゼール,2026-06-17,代表取締役 社長,久世 良太,1977年３月15日,(注)３,"850,000",株
2937,株式会社サンクゼール,2026-06-17,代表取締役 副社長,久世 直樹,1978年12月31日,(注)３,,株
2937,株式会社サンクゼール,2026-06-17,取締役,今村 英明,1955年10月13日,(注)３,"8,600",株
2937,株式会社サンクゼール,2026-06-17,取締役,山本 義博,1949年３月４日,(注)３,,株
2937,株式会社サンクゼール,2026-06-17,取締役,山岡 美奈子,1959年４月７日,(注)３,,株
2937,株式会社サンクゼール,2026-06-17,取締役 常勤監査等委員,櫻井 貴史,1969年７月２日,(注)４,"23,900",株
2937,株式会社サンクゼール,2026-06-17,取締役 監査等委員,阿久津 正志,1970年８月17日,(注)４,"8,600",株
2937,株式会社サンクゼール,2026-06-17,取締役 監査等委員,杉田 昌則,1971年５月２日,(注)４,,株
2938,株式会社オカムラ食品工業,2025-09-25,代表取締役社長 兼CEO,岡村恒一,1961年2月11日,（注）3,"27,270,498 （注）6",株
2938,株式会社オカムラ食品工業,2025-09-25,常務取締役 兼CFO,橋本裕昭,1969年11月5日,（注）3,"216,486",株
2938,株式会社オカムラ食品工業,2025-09-25,取締役 監査等委員 （常勤）,櫻庭一憲,1955年1月21日,（注）4,,株
2938,株式会社オカムラ食品工業,2025-09-25,取締役 監査等委員,小嶋京子,1971年1月26日,（注）4,"720,000",株
2938,株式会社オカムラ食品工業,2025-09-25,取締役 監査等委員,伊藤史行,1977年4月24日,（注）4,,株
2938,株式会社オカムラ食品工業,2025-09-25,取締役 監査等委員,濱田武士,1969年3月13日,（注）5,,株
2938,株式会社オカムラ食品工業,2025-09-25,代表取締役社長 兼CEO,岡村恒一,1961年2月11日,（注）3,"27,270,498（注）6",株
2938,株式会社オカムラ食品工業,2025-09-25,取締役 兼COO,葉山相基,1986年6月28日,（注）3,"55,800",株
2938,株式会社オカムラ食品工業,2025-09-25,取締役 兼CFO,谷口耕太,1977年10月26日,（注）3,"15,120",株
2938,株式会社オカムラ食品工業,2025-09-25,取締役 監査等委員 （常勤）,阿部彰,1960年9月29日,（注）4,,株
2938,株式会社オカムラ食品工業,2025-09-25,取締役 監査等委員,伊藤史行,1977年4月24日,（注）4,,株
2938,株式会社オカムラ食品工業,2025-09-25,取締役 監査等委員,濱田武士,1969年3月13日,（注）5,,株
2938,株式会社オカムラ食品工業,2025-09-25,取締役 監査等委員,越田公子,1964年6月7日,（注）4,,株
2961,日本調理機株式会社,2025-12-24,代表取締役 社長,齋藤 有史,1970年４月９日,(注)２,"25,241",株
2961,日本調理機株式会社,2025-12-24,常務取締役,三島 博史,1970年８月27日,(注)２,"2,587",株
2961,日本調理機株式会社,2025-12-24,取締役,飯島 裕,1964年11月20日,(注)２,"4,317",株
2961,日本調理機株式会社,2025-12-24,取締役,猪野田 光裕,1975年12月31日,(注)２,"1,417",株
2961,日本調理機株式会社,2025-12-24,取締役,川北 拓,1973年11月9日,(注)２,"1,600",株
2961,日本調理機株式会社,2025-12-24,取締役,松浦 宏文,1946年４月７日,(注)２,0,株
2961,日本調理機株式会社,2025-12-24,取締役 （監査等委員）,鈴木 克明,1959年５月10日,(注)３,949,株
2961,日本調理機株式会社,2025-12-24,取締役 （監査等委員）,三井 聡,1977年１月31日,(注)３,0,株
2961,日本調理機株式会社,2025-12-24,取締役 （監査等委員）,小粥 純子,1967年10月10日,(注)３,0,株
2961,日本調理機株式会社,2025-12-24,取締役 （監査等委員）,宮島 哲也,1970年４月10日,(注)３,0,株
2962,株式会社テクニスコ,2025-09-26,代表取締役社長 CEO,関家 圭三,1965年３月21日生,(注)３,"5,559,200 （注）７",株
2962,株式会社テクニスコ,2025-09-26,専務取締役CBO グローバルビジネス本部長,村上 友孝,1964年５月１日生,(注)３,"50,000",株
2962,株式会社テクニスコ,2025-09-26,常務取締役CFO 経営サポート本部長,相原 正行,1961年３月24日生,(注)３,"65,391",株
2962,株式会社テクニスコ,2025-09-26,取締役CTO,曺 明煥,1963年３月10日生,(注)４,,株
2962,株式会社テクニスコ,2025-09-26,取締役 広島事業所長,吉岡 豊吉,1951年９月25日生,(注)３,"64,267",株
2962,株式会社テクニスコ,2025-09-26,取締役,齊藤 琢磨,1971年２月４日生,(注)３,,株
2962,株式会社テクニスコ,2025-09-26,取締役,市川 ルミ,1973年４月28日生,(注)３,,株
2962,株式会社テクニスコ,2025-09-26,取締役,内山 秀,1966年２月１日生,(注)３,"10,000",株
2962,株式会社テクニスコ,2025-09-26,常勤監査役,小幡 武敏,1968年２月26日生,(注)５,,株
2962,株式会社テクニスコ,2025-09-26,監査役,平山 孔嗣,1959年１月７日生,(注)６,,株
2962,株式会社テクニスコ,2025-09-26,監査役,平井 彩,1976年４月５日生,(注)６,,株
296A,令和アカウンティング・ホールディングス株式会社,2026-06-11,代表取締役 社長執行役員,繁野 径子,1969年４月23日生,(注)２,"1,600,000",株
296A,令和アカウンティング・ホールディングス株式会社,2026-06-11,取締役 専務執行役員 事業本部本部長,中村 樹,1980年９月14日生,(注)２,"600,000",株
296A,令和アカウンティング・ホールディングス株式会社,2026-06-11,取締役 （監査等委員）,佐々木 明日美,1980年６月20日生,(注)３,"1,200,000",株
296A,令和アカウンティング・ホールディングス株式会社,2026-06-11,取締役 （監査等委員）,石田 和男,1954年12月11日生,(注)３,"200,000",株
296A,令和アカウンティング・ホールディングス株式会社,2026-06-11,取締役 （監査等委員）,鴛海 量明,1965年７月17日生,(注)３,,株
296A,令和アカウンティング・ホールディングス株式会社,2026-06-11,代表取締役 社長執行役員,繁野 径子,1969年４月23日生,(注)２,"1,600,000",株
296A,令和アカウンティング・ホールディングス株式会社,2026-06-11,取締役 専務執行役員 事業本部本部長,中村 樹,1980年９月14日生,(注)２,"600,000",株
296A,令和アカウンティング・ホールディングス株式会社,2026-06-11,取締役 （監査等委員）,石田 和男,1954年12月11日生,(注)３,"200,000",株
296A,令和アカウンティング・ホールディングス株式会社,2026-06-11,取締役 （監査等委員）,鴛海 量明,1965年７月17日生,(注)３,,株
296A,令和アカウンティング・ホールディングス株式会社,2026-06-11,取締役 （監査等委員）,中林 美恵子,1960年９月24日生,(注)３,,株
2970,ＧＬＣ　ＧＲＯＵＰ株式会社,2026-03-25,代表取締役社長,髙村 隼人,1979年９月24日生,（注）２,"10,548,000",株
2970,ＧＬＣ　ＧＲＯＵＰ株式会社,2026-03-25,常務取締役,伊藤 貴光,1980年２月18日生,（注）２,"25,700",株
2970,ＧＬＣ　ＧＲＯＵＰ株式会社,2026-03-25,取締役 内部監査部長,近松 敬倫,1972年４月11日生,（注）２,"452,000",株
2970,ＧＬＣ　ＧＲＯＵＰ株式会社,2026-03-25,取締役 管理部長,德武 剛,1967年９月７日生,（注）３,,株
2970,ＧＬＣ　ＧＲＯＵＰ株式会社,2026-03-25,取締役 （監査等委員）,姫野 幸一,1951年10月30日生,（注）４,,株
2970,ＧＬＣ　ＧＲＯＵＰ株式会社,2026-03-25,取締役 （監査等委員）,石井 麻衣子,1978年５月19日生,（注）４,,株
2970,ＧＬＣ　ＧＲＯＵＰ株式会社,2026-03-25,取締役 （監査等委員）,柳堀 泰志,1976年１月５日生,（注）４,,株
2970,ＧＬＣ　ＧＲＯＵＰ株式会社,2026-03-25,代表取締役社長,髙村 隼人,1979年９月24日生,（注）２,"10,548,000",株
2970,ＧＬＣ　ＧＲＯＵＰ株式会社,2026-03-25,常務取締役,伊藤 貴光,1980年２月18日生,（注）２,"25,700",株
2970,ＧＬＣ　ＧＲＯＵＰ株式会社,2026-03-25,取締役 内部監査部長,近松 敬倫,1972年４月11日生,（注）２,"452,000",株
2970,ＧＬＣ　ＧＲＯＵＰ株式会社,2026-03-25,取締役 管理部長,德武 剛,1967年９月７日生,（注）２,,株
2970,ＧＬＣ　ＧＲＯＵＰ株式会社,2026-03-25,取締役 （監査等委員）,姫野 幸一,1951年10月30日生,（注）３,,株
2970,ＧＬＣ　ＧＲＯＵＰ株式会社,2026-03-25,取締役 （監査等委員）,石井 麻衣子,1978年５月19日生,（注）３,,株
2970,ＧＬＣ　ＧＲＯＵＰ株式会社,2026-03-25,取締役 （監査等委員）,柳堀 泰志,1976年１月５日生,（注）３,,株
2974,大英産業株式会社,2025-12-22,代表取締役会長,大園 信,1949年２月18日生,(注) ４,"499,800",株
2974,大英産業株式会社,2025-12-22,代表取締役社長 内部監査室 担当役員,一ノ瀬 謙二,1980年８月２日生,(注) ４,"4,185",株
2974,大英産業株式会社,2025-12-22,専務取締役 住宅事業本部兼 マンション事業本部 担当役員,茅原 嘉晃,1976年７月16日生,(注) ４,"9,975",株
2974,大英産業株式会社,2025-12-22,取締役 経営企画室担当役員兼 室長,岡本 達暁,1974年５月５日生,(注) ４,"9,975",株
2974,大英産業株式会社,2025-12-22,取締役,幸田 昌則,1943年２月３日生,(注) ４,,株
2974,大英産業株式会社,2025-12-22,取締役,野中 宏之,1965年８月２日生,(注) ４,,株
2974,大英産業株式会社,2025-12-22,常勤監査役,柴田 英紀,1951年７月３日生,(注) ５,,株
2974,大英産業株式会社,2025-12-22,監査役,佐藤 爲昭,1955年７月23日生,(注) ５,,株
2974,大英産業株式会社,2025-12-22,監査役,竹尾 祐幸,1958年９月19日生,(注) ５,,株
2974,大英産業株式会社,2025-12-22,代表取締役会長,大園 信,1949年２月18日生,(注) ４,"499,800",株
2974,大英産業株式会社,2025-12-22,代表取締役社長 内部監査室 担当役員,一ノ瀬 謙二,1980年８月２日生,(注) ４,"4,185",株
2974,大英産業株式会社,2025-12-22,専務取締役 住宅事業本部兼 マンション事業本部 担当役員,茅原 嘉晃,1976年７月16日生,(注) ４,"9,975",株
2974,大英産業株式会社,2025-12-22,取締役 経営企画室担当役員兼 室長,岡本 達暁,1974年５月５日生,(注) ４,"9,975",株
2974,大英産業株式会社,2025-12-22,取締役,幸田 昌則,1943年２月３日生,(注) ４,,株
2974,大英産業株式会社,2025-12-22,取締役,大石 聡一郎,1967年１月５日生,(注) ４,,株
2974,大英産業株式会社,2025-12-22,常勤監査役,柴田 英紀,1951年７月３日生,(注) ５,,株
2974,大英産業株式会社,2025-12-22,監査役,佐藤 爲昭,1955年７月23日生,(注) ５,,株
2974,大英産業株式会社,2025-12-22,監査役,竹尾 祐幸,1958年９月19日生,(注) ５,,株
2975,スター・マイカ・ホールディングス株式会社,2026-02-19,代表取締役社長,水永 政志,1964年10月６日生,（注）２,"12,083",千株
2975,スター・マイカ・ホールディングス株式会社,2026-02-19,取締役 （監査等委員）,小滝 一彦,1965年10月１日生,（注）３,48,千株
2975,スター・マイカ・ホールディングス株式会社,2026-02-19,取締役 （監査等委員）,矢野 裕史,1966年12月９日生,（注）３,3,千株
2975,スター・マイカ・ホールディングス株式会社,2026-02-19,取締役 （監査等委員）,和田 哲夫,1965年２月９日生,（注）３,29,千株
2975,スター・マイカ・ホールディングス株式会社,2026-02-19,取締役 （監査等委員）,三枝 和,1967年５月14日生,（注）４,0,千株
2975,スター・マイカ・ホールディングス株式会社,2026-02-19,代表取締役社長,水永 政志,1964年10月６日生,（注）２,"12,083",千株
2975,スター・マイカ・ホールディングス株式会社,2026-02-19,取締役 （監査等委員）,小滝 一彦,1965年10月１日生,（注）３,48,千株
2975,スター・マイカ・ホールディングス株式会社,2026-02-19,取締役 （監査等委員）,矢野 裕史,1966年12月９日生,（注）３,3,千株
2975,スター・マイカ・ホールディングス株式会社,2026-02-19,取締役 （監査等委員）,和田 哲夫,1965年２月９日生,（注）３,29,千株
2975,スター・マイカ・ホールディングス株式会社,2026-02-19,取締役 （監査等委員）,三枝 和,1967年５月14日生,（注）４,0,千株
2976,日本グランデ株式会社,2026-06-25,代表取締役,平 野 雅 博,1958年１月18日,(注)３,"530,100",株
2976,日本グランデ株式会社,2026-06-25,専務取締役,竹 内 眞,1951年９月25日,(注)３,,株
2976,日本グランデ株式会社,2026-06-25,専務取締役,矢 代 俊 二,1958年４月29日,(注)３,"59,300",株
2976,日本グランデ株式会社,2026-06-25,取締役 事業部長,石 井 雅 之,1959年５月30日,(注)３,"2,000",株
2976,日本グランデ株式会社,2026-06-25,取締役,有 倉 康 仁,1947年10月９日,(注)３,,株
2976,日本グランデ株式会社,2026-06-25,取締役,神 戸 俊 昭,1964年１月９日,(注)３,,株
2976,日本グランデ株式会社,2026-06-25,監査役 （常勤）,下 村 幸 弘,1957年６月８日,(注)４,,株
2976,日本グランデ株式会社,2026-06-25,監査役,中 井 千 尋,1945年８月12日,(注)４,,株
2976,日本グランデ株式会社,2026-06-25,監査役,福 島 章,1948年12月５日,(注)４,,株
2976,日本グランデ株式会社,2026-06-25,監査役,伊 藤 修 治,1955年９月26日,(注)４,,株
2976,日本グランデ株式会社,2026-06-25,代表取締役,平 野 雅 博,1958年１月18日,(注)３,"530,100",株
2976,日本グランデ株式会社,2026-06-25,専務取締役,竹 内 眞,1951年９月25日,(注)３,,株
2976,日本グランデ株式会社,2026-06-25,専務取締役,矢 代 俊 二,1958年４月29日,(注)３,"59,300",株
2976,日本グランデ株式会社,2026-06-25,取締役 事業部長,石 井 雅 之,1959年５月30日,(注)３,"2,000",株
2976,日本グランデ株式会社,2026-06-25,取締役,神 戸 俊 昭,1964年１月９日,(注)３,,株
2976,日本グランデ株式会社,2026-06-25,取締役,金 子 勇 二,1962年９月４日,(注)３,,株
2976,日本グランデ株式会社,2026-06-25,監査役 （常勤）,下 村 幸 弘,1957年６月８日,(注)４,,株
2976,日本グランデ株式会社,2026-06-25,監査役,中 井 千 尋,1945年８月12日,(注)４,,株
2976,日本グランデ株式会社,2026-06-25,監査役,伊 藤 修 治,1955年９月26日,(注)４,,株
2976,日本グランデ株式会社,2026-06-25,監査役,浦 田 祥 範,1961年１月13日,(注)４,,株
2978,株式会社ツクルバ,2025-10-29,代表取締役CEO,野村駿太郎,1985年10月５日,(注)３,"普通株式 / 10,200 株 A種種類株式 -株",株
2978,株式会社ツクルバ,2025-10-29,取締役CSO,北原寛司,1983年12月19日,(注)３,"普通株式 / 172,200 株 A種種類株式 -株",株
2978,株式会社ツクルバ,2025-10-29,取締役,竹内真,1978年７月５日,(注)３,"普通株式 / 503,200 株 A種種類株式 -株",株
2978,株式会社ツクルバ,2025-10-29,社外取締役,小林賢治 (注)１,1978年５月11日,(注)３,普通株式 / - 株 A種種類株式 -株,株
2978,株式会社ツクルバ,2025-10-29,社外取締役,福島良典 (注)１,1988年２月15日,(注)３,"普通株式 / 72,600 株 A種種類株式 -株",株
2978,株式会社ツクルバ,2025-10-29,社外取締役 常勤監査等委員,"西浦千栄子 (注)１,２",1984年３月１日,(注)４,普通株式 / 700 株 A種種類株式 -株,株
2978,株式会社ツクルバ,2025-10-29,社外取締役 監査等委員,"石本忠次 (注)１,２",1973年10月９日,(注)４,"普通株式 / 2,100 株 A種種類株式 -株",株
2978,株式会社ツクルバ,2025-10-29,社外取締役 監査等委員,"木村勇人 (注)１,２",1986年12月16日,(注)４,普通株式 / ‐ 株 A種種類株式 -株,株
297A,アルピコホールディングス株式会社,2026-06-22,代表取締役社長 (担当) 経営全般 監査部,佐藤 裕一,1960年６月11日生,(注)３,"普通株式 － (19,791)",株
297A,アルピコホールディングス株式会社,2026-06-22,常務取締役 (担当) シェアード財務経理部、総務人事部、ガバナンス推進室,伊藤 篤,1963年７月４日生,(注)３,"普通株式 － (1,692)",株
297A,アルピコホールディングス株式会社,2026-06-22,取締役 (担当) 経営企画部、 ICT推進室、 インバウンド＆ マーケティング推 進室,今村 正平,1972年８月２日生,(注)３,"普通株式 － (2,822)",株
297A,アルピコホールディングス株式会社,2026-06-22,取締役,萩原 清,1963年７月20日生,(注)３,"普通株式 － (4,480)",株
297A,アルピコホールディングス株式会社,2026-06-22,取締役,小林 史成,1966年10月28日生,(注)３,"普通株式 － (4,480)",株
297A,アルピコホールディングス株式会社,2026-06-22,取締役,三輪 裕彦,1966年12月28日生,(注)３,"普通株式 － (4,480)",株
297A,アルピコホールディングス株式会社,2026-06-22,取締役,野村 幸一郎,1962年４月12日生,(注)３,"普通株式 － (2,278)",株
297A,アルピコホールディングス株式会社,2026-06-22,取締役,赤廣 三郎,1953年１月１日生,(注)３,普通株式 －,株
297A,アルピコホールディングス株式会社,2026-06-22,取締役,堀越 倫世,1955年11月28日生,(注)３,普通株式 －,株
297A,アルピコホールディングス株式会社,2026-06-22,監査役 （常勤）,塚田 進,1956年７月24日生,(注)４,"普通株式 5,000 (3,020)",株
297A,アルピコホールディングス株式会社,2026-06-22,監査役 （常勤）,吉澤 途洋,1959年12月19日生,(注)４,"普通株式 － (2,921)",株
297A,アルピコホールディングス株式会社,2026-06-22,監査役,林 一樹,1953年７月24日生,(注)４,普通株式 －,株
297A,アルピコホールディングス株式会社,2026-06-22,監査役,内川 小百合,1950年11月７日生,(注)４,普通株式 －,株
2980,ＳＲＥホールディングス株式会社,2026-06-24,代表取締役 社長 兼 CEO,西山 和良,1975年４月９日生,（注）２．,"353,820",株
2980,ＳＲＥホールディングス株式会社,2026-06-24,取締役 コンプライアンス 内部監査担当,久々湊 暁夫,1963年７月２日生,（注）２．,"16,760",株
2980,ＳＲＥホールディングス株式会社,2026-06-24,取締役 （監査等委員）,原田 潤,1973年３月28日生,（注）３．,,株
2980,ＳＲＥホールディングス株式会社,2026-06-24,取締役 （監査等委員）,太田 彩子,1975年９月12日生,（注）３．,,株
2980,ＳＲＥホールディングス株式会社,2026-06-24,取締役 （監査等委員）,琴坂 将広,1982年１月14日生,（注）３．,,株
2980,ＳＲＥホールディングス株式会社,2026-06-24,代表取締役 社長 兼 CEO,西山 和良,1975年４月９日生,（注）２．,"353,820",株
2980,ＳＲＥホールディングス株式会社,2026-06-24,取締役 コンプライアンス 内部監査担当,久々湊 暁夫,1963年７月２日生,（注）２．,"16,760",株
2980,ＳＲＥホールディングス株式会社,2026-06-24,取締役 （監査等委員）,太田 彩子,1975年９月12日生,（注）３．,,株
2980,ＳＲＥホールディングス株式会社,2026-06-24,取締役 （監査等委員）,琴坂 将広,1982年１月14日生,（注）３．,,株
2980,ＳＲＥホールディングス株式会社,2026-06-24,取締役 （監査等委員）,吉村 正直,1956年５月17日生,（注）３．,"6,000",株
2981,株式会社ランディックス,2026-06-24,代表取締役社長,岡田 和也,1969年５月24日,（注）４,"3,336,400",株
2981,株式会社ランディックス,2026-06-24,専務取締役 （注）１,古室 健,1965年11月18日,（注）４,"50,000",株
2981,株式会社ランディックス,2026-06-24,取締役,松村 隆平,1987年12月21日,（注）４,"21,800",株
2981,株式会社ランディックス,2026-06-24,取締役 （注）２,西村 弘之,1962年７月３日,（注）４,,株
2982,株式会社ＡＤワークスグループ,2026-03-19,代表取締役 社長 CEO,田中 秀夫,1950年２月７日,(注)３,"5,359,200",株
2982,株式会社ＡＤワークスグループ,2026-03-19,専務取締役,鈴木 俊也,1964年11月9日,(注)３,"138,604",株
2982,株式会社ＡＤワークスグループ,2026-03-19,専務取締役 CFO,後藤 英夫,1963年５月30日,(注)３,,株
2982,株式会社ＡＤワークスグループ,2026-03-19,取締役,山下 晴康,1967年１月３日,(注)３,"36,355",株
2982,株式会社ＡＤワークスグループ,2026-03-19,取締役,室谷 泰蔵,1976年７月４日,(注)３,"30,115",株
2982,株式会社ＡＤワークスグループ,2026-03-19,取締役,金子 幸司,1965年10月23日,(注)３,"257,879",株
2982,株式会社ＡＤワークスグループ,2026-03-19,取締役,関山 護,1949年８月14日,(注)３,,株
2982,株式会社ＡＤワークスグループ,2026-03-19,取締役 (監査等委員),田名網 尚,1954年９月11日,(注)４,,株
2982,株式会社ＡＤワークスグループ,2026-03-19,取締役 (監査等委員),粟井 佐知子,1957年５月21日,(注)４,,株
2982,株式会社ＡＤワークスグループ,2026-03-19,取締役 (監査等委員),染川 博行,1958年７月29日,(注)４,,株
2982,株式会社ＡＤワークスグループ,2026-03-19,代表取締役 社長 CEO,田中 秀夫,1950年２月７日,(注)３,"5,410,000",株
2982,株式会社ＡＤワークスグループ,2026-03-19,専務取締役,鈴木 俊也,1964年11月9日,(注)３,"158,904",株
2982,株式会社ＡＤワークスグループ,2026-03-19,専務取締役 CFO,後藤 英夫,1963年５月30日,(注)３,"20,300",株
2982,株式会社ＡＤワークスグループ,2026-03-19,取締役,山下 晴康,1967年１月３日,(注)３,"48,555",株
2982,株式会社ＡＤワークスグループ,2026-03-19,取締役,室谷 泰蔵,1976年７月４日,(注)３,"42,315",株
2982,株式会社ＡＤワークスグループ,2026-03-19,取締役,石田 直也,1962年７月14日,(注)３,,株
2982,株式会社ＡＤワークスグループ,2026-03-19,取締役 (監査等委員),田名網 尚,1954年９月11日,(注)４,,株
2982,株式会社ＡＤワークスグループ,2026-03-19,取締役 (監査等委員),粟井 佐知子,1957年５月21日,(注)４,,株
2982,株式会社ＡＤワークスグループ,2026-03-19,取締役 (監査等委員),染川 博行,1958年７月29日,(注)４,,株
2982,株式会社ＡＤワークスグループ,2026-03-19,取締役 (監査等委員),上野 佐和子,1964年８月12日,(注)４,,株
2983,株式会社アールプランナー,2026-04-21,代表取締役 会長,古賀 祐介,1974年９月８日,(注)３,"3,480,000(注)５",株
2983,株式会社アールプランナー,2026-04-21,代表取締役 社長,梢 政樹,1975年７月26日,(注)３,"3,480,000(注)６",株
2983,株式会社アールプランナー,2026-04-21,取締役ＣＦＯ,舟橋 和,1980年８月19日,(注)３,"28,720",株
2983,株式会社アールプランナー,2026-04-21,取締役,安藤 弘志,1976年７月28日,(注)３,"20,000",株
2983,株式会社アールプランナー,2026-04-21,監査役 (常勤),古田 博,1960年３月28日,(注)４,,株
2983,株式会社アールプランナー,2026-04-21,監査役,松井 知行,1983年２月20日,(注)４,,株
2983,株式会社アールプランナー,2026-04-21,監査役,澤井 重德,1958年１月24日,(注)４,,株
2983,株式会社アールプランナー,2026-04-21,代表取締役 会長,古賀 祐介,1974年９月８日,(注)３,"3,480,000(注)５",株
2983,株式会社アールプランナー,2026-04-21,代表取締役 社長,梢 政樹,1975年７月26日,(注)３,"3,480,000(注)６",株
2983,株式会社アールプランナー,2026-04-21,取締役ＣＦＯ,舟橋 和,1980年８月19日,(注)３,"28,720",株
2983,株式会社アールプランナー,2026-04-21,取締役,安藤 弘志,1976年７月28日,(注)３,"20,000",株
2983,株式会社アールプランナー,2026-04-21,監査役 (常勤),古田 博,1960年３月28日,(注)４,,株
2983,株式会社アールプランナー,2026-04-21,監査役,松井 知行,1983年２月20日,(注)４,,株
2983,株式会社アールプランナー,2026-04-21,監査役,澤井 重德,1958年１月24日,(注)４,,株
2984,ヤマイチエステート株式会社,2026-06-24,代表取締役社長,山田 茂,1957年８月21日生,(注)３,"4,803,400",株
2984,ヤマイチエステート株式会社,2026-06-24,専務取締役 経営企画本部長,山田 裕之,1981年９月29日生,(注)３,"6,800",株
2984,ヤマイチエステート株式会社,2026-06-24,常務取締役 不動産事業本部長,國定 主征,1969年６月14日生,(注)３,"23,400",株
2984,ヤマイチエステート株式会社,2026-06-24,取締役 管理本部長,園田 賢志,1969年９月６日生,(注)３,"5,900",株
2984,ヤマイチエステート株式会社,2026-06-24,取締役,川上 確,1976年４月10日生,(注)３,"1,700",株
2984,ヤマイチエステート株式会社,2026-06-24,取締役 監査等委員,谷口 博則,1960年６月30日生,(注)４,"1,000",株
2984,ヤマイチエステート株式会社,2026-06-24,取締役 監査等委員,松原 広幸,1981年３月11日生,(注)４,"1,000",株
2984,ヤマイチエステート株式会社,2026-06-24,取締役 監査等委員,寺戸 高史,1980年10月18日生,(注)４,"1,000",株
2986,株式会社ＬＡホールディングス,2026-03-26,代表取締役社長,脇田 栄一,1968年７月30日,(注) ３,"73,200",株
2986,株式会社ＬＡホールディングス,2026-03-26,取締役,自見 信也,1961年９月29日,(注) ３,"94,100",株
2986,株式会社ＬＡホールディングス,2026-03-26,取締役,栗原 一成,1971年７月23日,(注) ３,"35,500",株
2986,株式会社ＬＡホールディングス,2026-03-26,取締役,福田 大助,1955年10月27日,(注) １、３,,株
2986,株式会社ＬＡホールディングス,2026-03-26,取締役,秋元 二郎,1956年７月５日,(注) １、３,"1,500",株
2986,株式会社ＬＡホールディングス,2026-03-26,監査役 （常勤）,神保 剛,1967年１月31日,(注) ４,900,株
2986,株式会社ＬＡホールディングス,2026-03-26,監査役,佐藤 明充,1970年８月11日,(注) ２、４,,株
2986,株式会社ＬＡホールディングス,2026-03-26,監査役,江口 正夫,1952年10月20日,(注) ２、４,,株
2986,株式会社ＬＡホールディングス,2026-03-26,代表取締役社長,脇田 栄一,1968年７月30日生,(注) ３,"73,200",株
2986,株式会社ＬＡホールディングス,2026-03-26,取締役,自見 信也,1961年９月29日生,(注) ３,"94,100",株
2986,株式会社ＬＡホールディングス,2026-03-26,取締役,栗原 一成,1971年７月23日生,(注) ３,"35,500",株
2986,株式会社ＬＡホールディングス,2026-03-26,取締役,河内 英聡,1963年４月９日生,(注) ３,,株
2986,株式会社ＬＡホールディングス,2026-03-26,取締役,福田 大助,1955年10月27日生,(注) １、３,,株
2986,株式会社ＬＡホールディングス,2026-03-26,取締役,秋元 二郎,1956年７月５日生,(注) １、３,"1,500",株
2986,株式会社ＬＡホールディングス,2026-03-26,監査役 （常勤）,神保 剛,1967年１月31日生,(注) ４,900,株
2986,株式会社ＬＡホールディングス,2026-03-26,監査役,佐藤 明充,1970年８月11日生,(注) ２、４,,株
2986,株式会社ＬＡホールディングス,2026-03-26,監査役,江口 正夫,1952年10月20日生,(注) ２、４,,株
298A,ＧＶＡ　ＴＥＣＨ株式会社,2026-03-24,代表取締役社長,山本 俊,1983年６月28日生,(注)３,"894,843",株
298A,ＧＶＡ　ＴＥＣＨ株式会社,2026-03-24,取締役,康 潤碩,1986年12月21日生,(注)３,"3,000",株
298A,ＧＶＡ　ＴＥＣＨ株式会社,2026-03-24,取締役,有賀 之和,1977年７月13日生,(注)３,,株
298A,ＧＶＡ　ＴＥＣＨ株式会社,2026-03-24,取締役,板倉 侑輝,1987年３月14日生,(注)３,,株
298A,ＧＶＡ　ＴＥＣＨ株式会社,2026-03-24,取締役,秦野 元秀,1967年９月13日生,(注)３,"1,000",株
298A,ＧＶＡ　ＴＥＣＨ株式会社,2026-03-24,取締役 （社外）,菅原 貴与志,1960年３月18日生,(注)３,,株
298A,ＧＶＡ　ＴＥＣＨ株式会社,2026-03-24,常勤監査役 （社外）,水野 智仁,1983年４月25日生,(注)４,,株
298A,ＧＶＡ　ＴＥＣＨ株式会社,2026-03-24,監査役 （社外）,酒井 貴徳,1984年10月16日生,(注)４,,株
298A,ＧＶＡ　ＴＥＣＨ株式会社,2026-03-24,監査役 （社外）,礒村 奈穂,1986年１月８日生,(注)４,,株
298A,ＧＶＡ　ＴＥＣＨ株式会社,2026-03-24,代表取締役社長,山本 俊,1983年６月28日生,(注)３,"894,843",株
298A,ＧＶＡ　ＴＥＣＨ株式会社,2026-03-24,取締役,康 潤碩,1986年12月21日生,(注)３,"3,000",株
298A,ＧＶＡ　ＴＥＣＨ株式会社,2026-03-24,取締役,有賀 之和,1977年７月13日生,(注)３,,株
298A,ＧＶＡ　ＴＥＣＨ株式会社,2026-03-24,取締役,板倉 侑輝,1987年３月14日生,(注)３,,株
298A,ＧＶＡ　ＴＥＣＨ株式会社,2026-03-24,取締役,秦野 元秀,1967年９月13日生,(注)３,"1,000",株
298A,ＧＶＡ　ＴＥＣＨ株式会社,2026-03-24,取締役 （社外）,菅原 貴与志,1960年３月18日生,(注)３,,株
298A,ＧＶＡ　ＴＥＣＨ株式会社,2026-03-24,常勤監査役 （社外）,水野 智仁,1983年４月25日生,(注)４,,株
298A,ＧＶＡ　ＴＥＣＨ株式会社,2026-03-24,監査役 （社外）,酒井 貴徳,1984年10月16日生,(注)４,,株
298A,ＧＶＡ　ＴＥＣＨ株式会社,2026-03-24,監査役 （社外）,礒村 奈穂,1986年１月８日生,(注)４,,株
2991,株式会社ランドネット,2025-10-24,代表取締役 社長,榮 章博,1960年２月19日,(注)３,"8,508,000（注）６",株
2991,株式会社ランドネット,2025-10-24,取締役 第１営業部長,浦 好之,1982年９月２日,(注)３,"13,600",株
2991,株式会社ランドネット,2025-10-24,取締役 執行役員 データ戦略部長 総務部長 人事部長,伊藤 康史,1967年１月31日,(注)３,,株
2991,株式会社ランドネット,2025-10-24,取締役,藤川 和之,1974年１月24日,(注)３,,株
2991,株式会社ランドネット,2025-10-24,取締役,高木 友博,1954年６月８日,(注)３,,株
2991,株式会社ランドネット,2025-10-24,常勤監査役,柳 久之,1952年５月20日,(注)４,,株
2991,株式会社ランドネット,2025-10-24,監査役,東 浩,1961年１月26日,(注)４,,株
2991,株式会社ランドネット,2025-10-24,監査役,森居 達郎,1964年４月17日,(注)４,,株
2991,株式会社ランドネット,2025-10-24,代表取締役 社長,榮 章博,1960年２月19日,(注)３,"8,508,000（注）６",株
2991,株式会社ランドネット,2025-10-24,取締役 第１営業部長,浦 好之,1982年９月２日,(注)３,"13,600",株
2991,株式会社ランドネット,2025-10-24,取締役 横浜支店長 大阪支店長,髙橋 寛文,1985年11月24日,(注)３,,株
2991,株式会社ランドネット,2025-10-24,取締役 第３営業部長 建築事業部長 コンサルティング部長,萬代 茂明,1977年５月27日,(注)３,"9,200",株
2991,株式会社ランドネット,2025-10-24,取締役 執行役員 データ戦略部長 総務部長 人事部長,伊藤 康史,1967年１月31日,(注)３,,株
2991,株式会社ランドネット,2025-10-24,取締役,藤川 和之,1974年１月24日,(注)３,,株
2991,株式会社ランドネット,2025-10-24,取締役,高木 友博,1954年６月８日,(注)３,,株
2991,株式会社ランドネット,2025-10-24,常勤監査役,柳 久之,1952年５月20日,(注)４,,株
2991,株式会社ランドネット,2025-10-24,監査役,東 浩,1961年１月26日,(注)４,,株
2991,株式会社ランドネット,2025-10-24,監査役,森居 達郎,1964年４月17日,(注)４,,株
2993,株式会社長栄,2026-06-19,代表取締役 会長執行役員,長田 修,1949年１月31日生,（注）４,"1,541,400",株
2993,株式会社長栄,2026-06-19,代表取締役 社長執行役員,舩井 渉,1975年１月６日生,（注）４,"50,000",株
2993,株式会社長栄,2026-06-19,取締役 上席執行役員,中澤 和宏,1974年10月７日生,（注）４,"17,000",株
2993,株式会社長栄,2026-06-19,取締役 上席執行役員,田中 直樹,1971年３月１日生,（注）４,"22,245",株
2993,株式会社長栄,2026-06-19,取締役,田中 伸,1953年１月10日生,（注）４,500,株
2993,株式会社長栄,2026-06-19,取締役,石畑 成人,1962年６月３日生,（注）４,,株
2993,株式会社長栄,2026-06-19,常勤監査役,鈴木 百世,1974年11月28日生,（注）５,500,株
2993,株式会社長栄,2026-06-19,監査役,田川 芳和,1950年４月23日生,（注）５,500,株
2993,株式会社長栄,2026-06-19,監査役,平野 貢,1954年10月21日生,（注）５,500,株
2993,株式会社長栄,2026-06-19,代表取締役 会長執行役員,長田 修,1949年１月31日生,（注）４,"1,541,400",株
2993,株式会社長栄,2026-06-19,代表取締役 社長執行役員,舩井 渉,1975年１月６日生,（注）４,"50,000",株
2993,株式会社長栄,2026-06-19,取締役 上席執行役員,中澤 和宏,1974年10月７日生,（注）４,"17,000",株
2993,株式会社長栄,2026-06-19,取締役 上席執行役員,田中 直樹,1971年３月１日生,（注）４,"22,245",株
2993,株式会社長栄,2026-06-19,取締役,田中 伸,1953年１月10日生,（注）４,500,株
2993,株式会社長栄,2026-06-19,取締役,石畑 成人,1962年６月３日生,（注）４,,株
2993,株式会社長栄,2026-06-19,常勤監査役,鈴木 百世,1974年11月28日生,（注）５,500,株
2993,株式会社長栄,2026-06-19,監査役,田川 芳和,1950年４月23日生,（注）５,500,株
2993,株式会社長栄,2026-06-19,監査役,平野 貢,1954年10月21日生,（注）５,500,株
2997,株式会社ストレージ王,2026-04-22,代表取締役 社長執行役員,荒川 滋郎,1960年５月６日,（注）１,"6,488",株
2997,株式会社ストレージ王,2026-04-22,取締役常務執行役員 開発部長兼 経営企画室長,佐藤 芳紀,1988年12月21日,（注）１,"1,393",株
2997,株式会社ストレージ王,2026-04-22,取締役執行役員 営業部長,坂口 亮一,1975年６月15日,（注）１,"1,484",株
2997,株式会社ストレージ王,2026-04-22,取締役,兼平 愼,1954年10月７日,（注）１,"1,387",株
2997,株式会社ストレージ王,2026-04-22,取締役,田中 公子,1957年７月６日,（注）１,923,株
2997,株式会社ストレージ王,2026-04-22,常勤監査役,水村 健次,1955年８月６日,（注）２,"1,140",株
2997,株式会社ストレージ王,2026-04-22,監査役,井上 真一郎,1975年３月27日,（注）２,0,株
2997,株式会社ストレージ王,2026-04-22,監査役,岩渕 光尚,1964年４月11日,（注）２,0,株
2997,株式会社ストレージ王,2026-04-22,代表取締役 社長執行役員,荒川 滋郎,1960年５月６日,（注）１,"6,488",株
2997,株式会社ストレージ王,2026-04-22,取締役常務執行役員 開発部長兼 経営企画室長,佐藤 芳紀,1988年12月21日,（注）１,"1,393",株
2997,株式会社ストレージ王,2026-04-22,取締役執行役員 営業部長,坂口 亮一,1975年６月15日,（注）１,"1,484",株
2997,株式会社ストレージ王,2026-04-22,取締役,兼平 愼,1954年10月７日,（注）１,"1,387",株
2997,株式会社ストレージ王,2026-04-22,取締役,田中 公子,1957年７月６日,（注）１,923,株
2997,株式会社ストレージ王,2026-04-22,常勤監査役,水村 健次,1955年８月６日,（注）２,"1,140",株
2997,株式会社ストレージ王,2026-04-22,監査役,井上 真一郎,1975年３月27日,（注）２,0,株
2997,株式会社ストレージ王,2026-04-22,監査役,岩渕 光尚,1964年４月11日,（注）２,0,株
2998,クリアル株式会社,2026-06-24,代表取締役社長,横田 大造,1976年４月９日,（注）４,"1,983,000",株
2998,クリアル株式会社,2026-06-24,取締役副社長,金子 好宏,1975年１月７日,（注）４,"1,593,000",株
2998,クリアル株式会社,2026-06-24,取締役,太田 智彬,1987年７月14日,（注）４,"435,000",株
2998,クリアル株式会社,2026-06-24,取締役,山中 雄介,1983年６月11日,（注）４,"124,500",株
2998,クリアル株式会社,2026-06-24,取締役会長,徳山 明成,1978年３月15日,（注）４,"7,241,500",株
2998,クリアル株式会社,2026-06-24,取締役,村上 未来,1977年６月19日,（注）４,"45,000",株
2998,クリアル株式会社,2026-06-24,取締役,定形 哲,1951年８月20日,（注）４,,株
2998,クリアル株式会社,2026-06-24,取締役,谷 美由紀,1967年11月４日,（注）４,,株
2998,クリアル株式会社,2026-06-24,監査役 （常勤）,本多 一徳,1975年９月27日,(注）５,"23,000",株
2998,クリアル株式会社,2026-06-24,監査役,佐藤 知紘,1978年２月12日,（注）５,"109,500",株
2998,クリアル株式会社,2026-06-24,監査役,広野 清志,1974年７月19日,（注）５,,株
2998,クリアル株式会社,2026-06-24,代表取締役社長,横田 大造,1976年４月９日,（注）４,"1,983,000",株
2998,クリアル株式会社,2026-06-24,取締役副社長,金子 好宏,1975年１月７日,（注）４,"1,593,000",株
2998,クリアル株式会社,2026-06-24,取締役,太田 智彬,1987年７月14日,（注）４,"435,000",株
2998,クリアル株式会社,2026-06-24,取締役,谷 美由紀,1967年11月４日,（注）４,,株
2998,クリアル株式会社,2026-06-24,監査役 （常勤）,本多 一徳,1975年９月27日,(注）５,"23,000",株
2998,クリアル株式会社,2026-06-24,監査役,佐藤 知紘,1978年２月12日,（注）５,"109,500",株
2998,クリアル株式会社,2026-06-24,監査役,広野 清志,1974年７月19日,（注）５,,株
2998,クリアル株式会社,2026-06-24,監査役,神崎 華絵,1990年２月２日,（注）５,,株
2999,ホームポジション株式会社,2025-11-25,代表取締役社長,伴野 博之,1960年９月３日生,(注)1,"3,456 (注)6",千株
2999,ホームポジション株式会社,2025-11-25,常務取締役 設計施工本部長,海野 純子,1972年２月８日生,(注)1,36,千株
2999,ホームポジション株式会社,2025-11-25,取締役,堀口 幸昌,1973年４月１日生,(注)1,,千株
2999,ホームポジション株式会社,2025-11-25,取締役,山﨑 俊一,1972年11月５日生,(注)1,,千株
2999,ホームポジション株式会社,2025-11-25,取締役 （監査等委員） （常勤）,菊地 隆夫,1955年８月19日生,(注)2,,千株
2999,ホームポジション株式会社,2025-11-25,取締役 （監査等委員） （非常勤）,長町 真一,1971年５月21日生,(注)2,,千株
2999,ホームポジション株式会社,2025-11-25,取締役 （監査等委員） （非常勤）,小林 秀一,1954年５月８日生,(注)2,,千株
2999,ホームポジション株式会社,2025-11-25,取締役 （監査等委員） （非常勤）,阿部 和彦,1963年10月４日生,(注)3,,千株
2999,ホームポジション株式会社,2025-11-25,代表取締役社長,伴野 博之,1960年９月３日生,(注)1,"3,456 (注)6",千株
2999,ホームポジション株式会社,2025-11-25,常務取締役 設計施工本部長,海野 純子,1972年２月８日生,(注)1,36,千株
2999,ホームポジション株式会社,2025-11-25,取締役 財務本部長,檀上 浜爾,1967年12月23日生,(注)1,,千株
2999,ホームポジション株式会社,2025-11-25,取締役,堀口 幸昌,1973年４月１日生,(注)1,,千株
2999,ホームポジション株式会社,2025-11-25,取締役,山﨑 俊一,1972年11月５日生,(注)1,,千株
2999,ホームポジション株式会社,2025-11-25,取締役 （監査等委員） （常勤）,吉成 寿至,1981年１月５日生,(注)2,,千株
2999,ホームポジション株式会社,2025-11-25,取締役 （監査等委員） （非常勤）,長町 真一,1971年５月21日生,(注)2,,千株
2999,ホームポジション株式会社,2025-11-25,取締役 （監査等委員） （非常勤）,阿部 和彦,1963年10月４日生,(注)3,,千株
299A,クラシル株式会社,2026-06-23,代表取締役 社長,堀江 裕介,1992年６月３日,(注)３,"普通株式7,268,600",株
299A,クラシル株式会社,2026-06-23,取締役 （CFO）,戸田 翔太,1983年４月28日,(注)３,"20,100",株
299A,クラシル株式会社,2026-06-23,取締役,松本 勇気,1989年４月16日,(注)３,0,株
299A,クラシル株式会社,2026-06-23,取締役,米谷 昭良,1975年１月28日,(注)３,0,株
299A,クラシル株式会社,2026-06-23,取締役 監査等委員 （常勤）,宗司 ゆかり,1971年８月９日,(注)４,"11,250",株
299A,クラシル株式会社,2026-06-23,取締役 監査等委員,長谷部 潤,1965年11月９日,(注)４,"10,000",株
299A,クラシル株式会社,2026-06-23,取締役 監査等委員,谷中 直子,1976年９月13日,(注)４,0,株
3001,片倉工業株式会社,2026-03-26,取締役社長 （代表取締役）,上甲亮祐,1961年８月６日生,(注)３,81,千株
3001,片倉工業株式会社,2026-03-26,取締役 常務執行役員,柿本勝博,1960年９月29日生,(注)３,5,千株
3001,片倉工業株式会社,2026-03-26,取締役 執行役員 経理部長,水澤健一,1970年７月22日生,(注)３,18,千株
3001,片倉工業株式会社,2026-03-26,取締役 （社外）,大室康一,1945年２月６日生,(注)３,13,千株
3001,片倉工業株式会社,2026-03-26,取締役 （社外）,桑原道夫,1948年10月24日生,(注)３,2,千株
3001,片倉工業株式会社,2026-03-26,取締役 （社外）,金丸哲也,1964年４月12日生,(注)３,,千株
3001,片倉工業株式会社,2026-03-26,取締役 （社外）,真下陽子,1969年９月20日生,(注)３,0,千株
3001,片倉工業株式会社,2026-03-26,監査役 （常勤）,吉田伸広,1961年５月14日生,(注)４,1,千株
3001,片倉工業株式会社,2026-03-26,監査役 （常勤）,五位渕洋,1961年５月31日生,(注)４,0,千株
3001,片倉工業株式会社,2026-03-26,監査役 （社外）,酒井明夫,1958年10月20日生,(注)４,0,千株
3001,片倉工業株式会社,2026-03-26,監査役 （社外）,手島俊裕,1960年10月24日生,(注)４,1,千株
3001,片倉工業株式会社,2026-03-26,取締役社長 （代表取締役）,上甲亮祐,1961年８月６日生,(注)３,81,千株
3001,片倉工業株式会社,2026-03-26,取締役 常務執行役員,柿本勝博,1960年９月29日生,(注)３,5,千株
3001,片倉工業株式会社,2026-03-26,取締役 執行役員,水澤健一,1970年７月22日生,(注)３,18,千株
3001,片倉工業株式会社,2026-03-26,取締役 （社外）,大室康一,1945年２月６日生,(注)３,13,千株
3001,片倉工業株式会社,2026-03-26,取締役 （社外）,桑原道夫,1948年10月24日生,(注)３,2,千株
3001,片倉工業株式会社,2026-03-26,取締役 （社外）,金丸哲也,1964年４月12日生,(注)３,,千株
3001,片倉工業株式会社,2026-03-26,取締役 （社外）,真下陽子,1969年９月20日生,(注)３,0,千株
3001,片倉工業株式会社,2026-03-26,監査役 （常勤）,吉田伸広,1961年５月14日生,(注)４,1,千株
3001,片倉工業株式会社,2026-03-26,監査役,五位渕洋,1961年５月31日生,(注)４,0,千株
3001,片倉工業株式会社,2026-03-26,監査役 （社外）,酒井明夫,1958年10月20日生,(注)４,0,千株
3001,片倉工業株式会社,2026-03-26,監査役 （社外）,手島俊裕,1960年10月24日生,(注)４,1,千株
3002,グンゼ株式会社,2026-06-24,代表取締役社長 社長執行役員,佐 口 敏 康,1961年11月14日生,注５,"40,377",株
3002,グンゼ株式会社,2026-06-24,代表取締役 専務執行役員 経営戦略部長,岡 高 広,1963年４月14日生,注５,"14,715",株
3002,グンゼ株式会社,2026-06-24,取締役,中 井 洋 恵,1961年５月20日生,注５,"4,500",株
3002,グンゼ株式会社,2026-06-24,取締役,鯨 岡 修,1955年９月25日生,注５,"3,800",株
3002,グンゼ株式会社,2026-06-24,取締役,木 田 理 恵,1969年５月27日生,注５,"2,300",株
3002,グンゼ株式会社,2026-06-24,取締役 常務執行役員 財務経理部長,澤 田 博 和,1965年３月11日生,注５,"12,042",株
3002,グンゼ株式会社,2026-06-24,取締役 常務執行役員 プラスチックカンパニー長,奥 田 智 久,1965年４月26日生,注５,"8,480",株
3002,グンゼ株式会社,2026-06-24,取締役 執行役員 アパレルカンパニー長,河 西 亮 二,1962年12月７日生,注５,"9,992",株
3002,グンゼ株式会社,2026-06-24,取締役 執行役員 グンゼメディカル㈱ 代表取締役社長 メディカル事業部長,松 田 晶二郎,1969年１月14日生,注５,"6,449",株
3002,グンゼ株式会社,2026-06-24,監査役 (常勤),鈴 木 富 夫,1964年３月20日生,注６,"5,336",株
3002,グンゼ株式会社,2026-06-24,監査役,舩 冨 康 次,1961年３月29日生,注７,"1,200",株
3002,グンゼ株式会社,2026-06-24,監査役,中 紀 人,1961年９月11日生,注７,"2,200",株
3002,グンゼ株式会社,2026-06-24,監査役,吉 鹿 央 子,1964年７月20日生,注６,"8,660",株
3002,グンゼ株式会社,2026-06-24,代表取締役会長,佐 口 敏 康,1961年11月14日生,注５,"40,377",株
3002,グンゼ株式会社,2026-06-24,代表取締役社長 社長執行役員,岡 高 広,1963年４月14日生,注５,"14,715",株
3002,グンゼ株式会社,2026-06-24,取締役,鯨 岡 修,1955年９月25日生,注５,"3,800",株
3002,グンゼ株式会社,2026-06-24,取締役,木 田 理 恵,1969年５月27日生,注５,"2,300",株
3002,グンゼ株式会社,2026-06-24,取締役,船 戸 貴美子,1969年３月５日生,注５,,株
3002,グンゼ株式会社,2026-06-24,取締役 常務執行役員 財務経理部長,澤 田 博 和,1965年３月11日生,注５,"12,042",株
3002,グンゼ株式会社,2026-06-24,取締役 常務執行役員 プラスチックカンパニー長,奥 田 智 久,1965年４月26日生,注５,"8,480",株
3002,グンゼ株式会社,2026-06-24,取締役 執行役員 アパレルカンパニー長,河 西 亮 二,1962年12月７日生,注５,"9,992",株
3002,グンゼ株式会社,2026-06-24,取締役 執行役員 グンゼメディカル㈱ 代表取締役社長 メディカル事業部長,松 田 晶二郎,1969年１月14日生,注５,"6,449",株
3002,グンゼ株式会社,2026-06-24,監査役 (常勤),鈴 木 富 夫,1964年３月20日生,注６,"5,336",株
3002,グンゼ株式会社,2026-06-24,監査役,舩 冨 康 次,1961年３月29日生,注７,"1,200",株
3002,グンゼ株式会社,2026-06-24,監査役,中 紀 人,1961年９月11日生,注７,"2,200",株
3002,グンゼ株式会社,2026-06-24,監査役,吉 鹿 央 子,1964年７月20日生,注６,"8,660",株
3003,ヒューリック株式会社,2026-03-17,代表取締役会長,西浦 三郎,1948年6月10日生,（注）４,"562,000",株
3003,ヒューリック株式会社,2026-03-17,代表取締役社長,前田 隆也,1962年3月15日生,（注）４,"129,800",株
3003,ヒューリック株式会社,2026-03-17,取締役 副社長,中嶋 忠,1956年6月12日生,（注）４,"8,500",株
3003,ヒューリック株式会社,2026-03-17,取締役 副社長,原 広至,1965年12月29日生,（注）４,"3,100",株
3003,ヒューリック株式会社,2026-03-17,取締役 取締役会議長,宮島 司,1950年8月23日生,（注）４,"30,300",株
3003,ヒューリック株式会社,2026-03-17,取締役,山田 秀雄,1952年1月23日生,（注）４,"30,300",株
3003,ヒューリック株式会社,2026-03-17,取締役,福島 敦子,1962年1月17日生,（注）４,"7,000",株
3003,ヒューリック株式会社,2026-03-17,取締役,辻 伸治,1956年12月10日生,（注）４,"4,900",株
3003,ヒューリック株式会社,2026-03-17,取締役,秋田 喜代美,1957年6月17日生,（注）４,,株
3003,ヒューリック株式会社,2026-03-17,取締役,髙橋 祐子,1965年12月19日生,（注）４,,株
3003,ヒューリック株式会社,2026-03-17,常勤監査役,岡本 雅弘,1962年2月15日生,（注）３,"12,300",株
3003,ヒューリック株式会社,2026-03-17,常勤監査役,田中 美衣,1983年6月8日生,（注）３,,株
3003,ヒューリック株式会社,2026-03-17,監査役,小林 伸行,1963年6月12日生,（注）５,"30,300",株
3003,ヒューリック株式会社,2026-03-17,監査役,小池 德子,1962年9月17日生,（注）５,"1,400",株
3003,ヒューリック株式会社,2026-03-17,監査役,荒谷 雅夫,1961年1月10日生,（注）５,,株
3003,ヒューリック株式会社,2026-03-17,代表取締役会長,西浦 三郎,1948年6月10日生,（注）５,"562,000",株
3003,ヒューリック株式会社,2026-03-17,代表取締役社長,前田 隆也,1962年3月15日生,（注）５,"129,800",株
3003,ヒューリック株式会社,2026-03-17,取締役 副社長,原 広至,1965年12月29日生,（注）５,"3,100",株
3003,ヒューリック株式会社,2026-03-17,取締役 専務執行役員,森川 幹夫,1969年9月20日生,（注）５,"1,800",株
3003,ヒューリック株式会社,2026-03-17,取締役 取締役会議長,山田 秀雄,1952年1月23日生,（注）５,"30,300",株
3003,ヒューリック株式会社,2026-03-17,取締役,福島 敦子,1962年1月17日生,（注）５,"7,000",株
3003,ヒューリック株式会社,2026-03-17,取締役,秋田 喜代美,1957年6月17日生,（注）５,,株
3003,ヒューリック株式会社,2026-03-17,取締役,髙橋 祐子,1965年12月19日生,（注）５,,株
3003,ヒューリック株式会社,2026-03-17,取締役,宮園 雅敬,1953年4月19日生,（注）５,,株
3003,ヒューリック株式会社,2026-03-17,常勤監査役,岡本 雅弘,1962年2月15日生,（注）３,"12,300",株
3003,ヒューリック株式会社,2026-03-17,常勤監査役,田中 美衣,1983年6月8日生,（注）３,,株
3003,ヒューリック株式会社,2026-03-17,監査役,小林 伸行,1963年6月12日生,（注）４,"30,300",株
3003,ヒューリック株式会社,2026-03-17,監査役,小池 德子,1962年9月17日生,（注）４,"1,400",株
3003,ヒューリック株式会社,2026-03-17,監査役,荒谷 雅夫,1961年1月10日生,（注）４,,株
3004,神栄株式会社,2026-06-19,代表取締役 取締役社長 社長執行役員 事業部門統括,赤 澤 秀 朗,1954年９月16日,(注)２,"47,435",株
3004,神栄株式会社,2026-06-19,代表取締役 専務執行役員 食品事業統括 電子製造本部長,中 川 太 郎,1964年１月16日,(注)２,"21,600",株
3004,神栄株式会社,2026-06-19,取締役 執行役員 企画管理本部長,長 尾 謙 一,1967年５月15日,(注)２,"18,031",株
3004,神栄株式会社,2026-06-19,取締役 執行役員 食品事業本部長,小 西 則 一,1967年１月24日,(注)２,"9,816",株
3004,神栄株式会社,2026-06-19,取締役 常勤監査等委員,山 水 教 賢,1963年12月25日,(注)３,"12,015",株
3004,神栄株式会社,2026-06-19,取締役 監査等委員,渋 谷 一 秀,1960年１月26日,(注)３,800,株
3004,神栄株式会社,2026-06-19,取締役 監査等委員,西 原 健 二,1956年７月19日,(注)３,600,株
3004,神栄株式会社,2026-06-19,取締役 監査等委員,中 尾 一 彦,1959年７月１日,(注)３,200,株
3004,神栄株式会社,2026-06-19,取締役 監査等委員,小 島 幸 保,1972年７月７日,(注)３,200,株
3004,神栄株式会社,2026-06-19,執行役員 事業開発本部長 兼 事業開発室長,谷 口 博 一,,,,
3004,神栄株式会社,2026-06-19,執行役員 物資事業本部長 兼 産業資材部長,岸 本 勝,,,,
3004,神栄株式会社,2026-06-19,執行役員 監査部長,中 西 徹,,,,
3004,神栄株式会社,2026-06-19,執行役員 電子製造本部副本部長 兼 神栄テクノロジー㈱代表取締役社長,小 山 文 也,,,,
3004,神栄株式会社,2026-06-19,執行役員 企画管理本部副本部長 兼 総務部長 兼 神栄リビングインダストリー㈱代表取締役社長,林 貴 之,,,,
3004,神栄株式会社,2026-06-19,取締役会長,赤 澤 秀 朗,1954年９月16日,(注)２,"47,435",株
3004,神栄株式会社,2026-06-19,代表取締役 取締役社長 社長執行役員,中 川 太 郎,1964年１月16日,(注)２,"21,600",株
3004,神栄株式会社,2026-06-19,取締役 執行役員 企画管理本部長,長 尾 謙 一,1967年５月15日,(注)２,"18,031",株
3004,神栄株式会社,2026-06-19,取締役 執行役員 食品事業本部長,小 西 則 一,1967年１月24日,(注)２,"9,816",株
3004,神栄株式会社,2026-06-19,取締役 執行役員 企画管理本部副本部長 総務部長 神栄リビングインダストリー㈱代表取締役社長,林 貴 之,1969年１月17日,(注)２,815,株
3004,神栄株式会社,2026-06-19,取締役 常勤監査等委員,山 水 教 賢,1963年12月25日,(注)３,"12,015",株
3004,神栄株式会社,2026-06-19,取締役 監査等委員,西 原 健 二,1956年７月19日,(注)３,600,株
3004,神栄株式会社,2026-06-19,取締役 監査等委員,中 尾 一 彦,1959年７月１日,(注)３,200,株
3004,神栄株式会社,2026-06-19,取締役 監査等委員,小 島 幸 保,1972年７月７日,(注)３,200,株
3004,神栄株式会社,2026-06-19,取締役 監査等委員,村 尾 佳 子,1971年10月２日,(注)３,,株
3004,神栄株式会社,2026-06-19,執行役員 事業開発本部長 兼 事業開発室長,谷 口 博 一,,,,
3004,神栄株式会社,2026-06-19,執行役員 物資事業本部長 兼 産業資材部長,岸 本 勝,,,,
3004,神栄株式会社,2026-06-19,執行役員 電子製造本部長 兼 神栄テクノロジー㈱代表取締役社長,小 山 文 也,,,,
3004,神栄株式会社,2026-06-19,執行役員 人事部長,石 井 陽 子,,,,
3004,神栄株式会社,2026-06-19,執行役員 経営企画室長,上 田 英 樹,,,,
300A,ＭＩＣ株式会社,2026-06-22,代表取締役会長,水上 光啓,1951年１月25日,(注)３,"4,505,000(注)６",株
300A,ＭＩＣ株式会社,2026-06-22,代表取締役社長 社長執行役員,河合 克也,1979年４月３日,(注)３,"361,648",株
300A,ＭＩＣ株式会社,2026-06-22,取締役 常務執行役員 事業本部長,谷口 大輔,1978年９月16日,(注)３,"30,412",株
300A,ＭＩＣ株式会社,2026-06-22,社外取締役,腰塚 國博,1955年９月30日,(注)３,,株
300A,ＭＩＣ株式会社,2026-06-22,社外取締役,中沢 道久,1977年２月11日,(注)３,,株
300A,ＭＩＣ株式会社,2026-06-22,常勤監査役,荻野 正彦,1958年２月14日,(注)４,"3,000",株
300A,ＭＩＣ株式会社,2026-06-22,常勤監査役,山本 信也,1971年７月19日,(注)４,,株
300A,ＭＩＣ株式会社,2026-06-22,社外監査役,河合 順子,1974年12月10日,(注)４,,株
300A,ＭＩＣ株式会社,2026-06-22,社外監査役,小林 聡,1960年４月13日,(注)４,,株
300A,ＭＩＣ株式会社,2026-06-22,上席執行役員,石黒 陽平,,,,
300A,ＭＩＣ株式会社,2026-06-22,執行役員,松崎 良樹,,,,
300A,ＭＩＣ株式会社,2026-06-22,執行役員,松尾 力,,,,
300A,ＭＩＣ株式会社,2026-06-22,執行役員,堤 翔太郎,,,,
300A,ＭＩＣ株式会社,2026-06-22,執行役員,久保 健太,,,,
300A,ＭＩＣ株式会社,2026-06-22,代表取締役会長,水上 光啓,1951年１月25日,(注)３,"4,505,000(注)６",株
300A,ＭＩＣ株式会社,2026-06-22,代表取締役社長 社長執行役員,河合 克也,1979年４月３日,(注)３,"361,648",株
300A,ＭＩＣ株式会社,2026-06-22,取締役 常務執行役員 事業本部長,谷口 大輔,1978年９月16日,(注)３,"30,412",株
300A,ＭＩＣ株式会社,2026-06-22,社外取締役,腰塚 國博,1955年９月30日,(注)３,,株
300A,ＭＩＣ株式会社,2026-06-22,社外取締役,中沢 道久,1977年２月11日,(注)３,,株
300A,ＭＩＣ株式会社,2026-06-22,社外取締役,垣内 永次,1954年４月３日,(注)３,"1,000",株
300A,ＭＩＣ株式会社,2026-06-22,社外取締役,河合 順子,1974年12月10日,(注)３,,株
300A,ＭＩＣ株式会社,2026-06-22,常勤監査役,山本 信也,1971年７月19日,(注)４,,株
300A,ＭＩＣ株式会社,2026-06-22,社外監査役,小林 聡,1960年４月13日,(注)４,,株
300A,ＭＩＣ株式会社,2026-06-22,社外監査役,田上 剣太郎,1974年10月26日,(注)４,,株
300A,ＭＩＣ株式会社,2026-06-22,上席執行役員,石黒 陽平,,,,
300A,ＭＩＣ株式会社,2026-06-22,執行役員,松尾 力,,,,
300A,ＭＩＣ株式会社,2026-06-22,執行役員,堤 翔太郎,,,,
300A,ＭＩＣ株式会社,2026-06-22,執行役員,久保 健太,,,,
3010,ポラリス・ホールディングス株式会社,2026-06-24,取締役会長,高倉 茂,1949年１月26日生,（注）２,"149,400",株
3010,ポラリス・ホールディングス株式会社,2026-06-24,代表取締役社長,田口 洋平,1984年９月14日生,（注）２,"54,800",株
3010,ポラリス・ホールディングス株式会社,2026-06-24,取締役 兼 最高執行責任者 営業本部長 兼 運営本部長 兼 IT本部長,下嶋 一義,1970年４月８日生,（注）２,"20,000",株
3010,ポラリス・ホールディングス株式会社,2026-06-24,取締役 兼 最高財務責任者 財務本部長,細野 敏,1980年８月28日生,（注）２,"105,615",株
3010,ポラリス・ホールディングス株式会社,2026-06-24,取締役 開発本部長 兼 海外事業本部長,辻川 高寛,1977年6月25日生,（注）２,"82,400",株
3010,ポラリス・ホールディングス株式会社,2026-06-24,取締役 経営企画本部長,俵 健太郎,1966年１月28日生,（注）２,"20,000",株
3010,ポラリス・ホールディングス株式会社,2026-06-24,取締役 管理本部長,松﨑 充宏,1968年６月４日生,（注）２,"20,000",株
3010,ポラリス・ホールディングス株式会社,2026-06-24,取締役,Joseph Altwasser,1963年12月11日生,（注）２,"136,200",株
3010,ポラリス・ホールディングス株式会社,2026-06-24,取締役 常勤監査等委員,松尾 剛,1958年５月17日生,（注）３,,株
3010,ポラリス・ホールディングス株式会社,2026-06-24,取締役 監査等委員,諸橋 隆章,1975年７月６日生,（注）３,"38,000",株
3010,ポラリス・ホールディングス株式会社,2026-06-24,取締役 監査等委員,渡辺 久美子,1968年９月９日生,（注）３,,株
3010,ポラリス・ホールディングス株式会社,2026-06-24,取締役会長,高倉 茂,1949年１月26日生,（注）２,"149,400",株
3010,ポラリス・ホールディングス株式会社,2026-06-24,代表取締役社長,田口 洋平,1984年９月14日生,（注）２,"54,800",株
3010,ポラリス・ホールディングス株式会社,2026-06-24,取締役 兼 最高執行責任者 営業本部長 兼 運営本部長 兼 IT本部長,下嶋 一義,1970年４月８日生,（注）２,"20,000",株
3010,ポラリス・ホールディングス株式会社,2026-06-24,取締役 兼 最高財務責任者 財務本部長,細野 敏,1980年８月28日生,（注）２,"105,615",株
3010,ポラリス・ホールディングス株式会社,2026-06-24,取締役 開発本部長 兼 海外事業本部長,辻川 高寛,1977年6月25日生,（注）２,"82,400",株
3010,ポラリス・ホールディングス株式会社,2026-06-24,取締役 経営企画本部長,俵 健太郎,1966年１月28日生,（注）２,"20,000",株
3010,ポラリス・ホールディングス株式会社,2026-06-24,取締役 管理本部長,松﨑 充宏,1968年６月４日生,（注）２,"20,000",株
3010,ポラリス・ホールディングス株式会社,2026-06-24,取締役,Joseph Altwasser,1963年12月11日生,（注）２,"136,200",株
3010,ポラリス・ホールディングス株式会社,2026-06-24,取締役 常勤監査等委員,松尾 剛,1958年５月17日生,（注）３,,株
3010,ポラリス・ホールディングス株式会社,2026-06-24,取締役 監査等委員,諸橋 隆章,1975年７月６日生,（注）３,"38,000",株
3010,ポラリス・ホールディングス株式会社,2026-06-24,取締役 監査等委員,渡辺 久美子,1968年９月９日生,（注）３,,株
3011,株式会社バナーズ,2026-06-29,取締役社長 （代表取締役）,小林 由佳,1972年９月25日生,（注）２,"173,435",株
3011,株式会社バナーズ,2026-06-29,取締役,柴田 文徳,1966年８月１日生,（注）２,"29,500",株
3011,株式会社バナーズ,2026-06-29,取締役,安藤 功,1962年６月６日生,（注）２,"5,000",株
3011,株式会社バナーズ,2026-06-29,取締役,萩森 弥郁夫,1958年９月18日生,（注）２,"5,000",株
3011,株式会社バナーズ,2026-06-29,取締役 （監査等委員）,早坂 太一,1984年７月７日生,（注）３,,株
3011,株式会社バナーズ,2026-06-29,取締役 （監査等委員）,小野 晴美,1962年６月３日生,（注）３,,株
3011,株式会社バナーズ,2026-06-29,取締役 （監査等委員）,中田 研二,1970年４月２日生,（注）３,,株
3020,アプライド株式会社,2026-06-18,代表取締役 会長兼社長,岡 義 治,昭和27年12月23日生,１年 （注）３,"80,000",株
3020,アプライド株式会社,2026-06-18,常務取締役,坂 井 雅 実,昭和46年８月24日生,１年 （注）３,"23,600",株
3020,アプライド株式会社,2026-06-18,常務取締役,甫 木 眞 也,昭和47年10月17日生,１年 （注）３,"20,100",株
3020,アプライド株式会社,2026-06-18,常務取締役,宇 野 敬 泰,昭和48年12月13日生,１年 （注）３,"10,200",株
3020,アプライド株式会社,2026-06-18,取締役,藤 田 宏,昭和46年２月16日生,１年 （注）３,"1,700",株
3020,アプライド株式会社,2026-06-18,取締役,岡 美 和 子,昭和27年12月８日生,１年 （注）３,,株
3020,アプライド株式会社,2026-06-18,取締役,岡 桜 子,昭和62年11月３日生,１年 （注）３,,株
3020,アプライド株式会社,2026-06-18,取締役,山 口 圭 介,昭和51年８月19日生,１年 （注）３,"1,700",株
3020,アプライド株式会社,2026-06-18,取締役,丸 山 正 公,昭和40年３月30日生,１年 （注）３,"2,200",株
3020,アプライド株式会社,2026-06-18,取締役,林 幸 蔵,昭和51年７月21日生,１年 （注）３,"2,600",株
3020,アプライド株式会社,2026-06-18,社外取締役,善 田 順 一,昭和24年12月８日生,１年 （注）３,,株
3020,アプライド株式会社,2026-06-18,常勤監査役,鈴 木 徹,昭和33年２月16日生,４年 （注）４,"10,000",株
3020,アプライド株式会社,2026-06-18,社外監査役 （非常勤）,津 留 博 幸,昭和29年３月８日生,４年 （注）５,,株
3020,アプライド株式会社,2026-06-18,社外監査役 （非常勤）,櫻 井 邦 博,昭和37年１月５日生,４年 （注）６,,株
3021,株式会社パシフィックネット,2026-08-25,代表取締役 会長,上田 満弘,1952年２月13日生,(注)５,"310,000",株
3021,株式会社パシフィックネット,2026-08-25,代表取締役 社長,上田 雄太,1983年８月６日生,(注)５,"305,000",株
3021,株式会社パシフィックネット,2026-08-25,取締役副社長 ＬＣＭ本部本部長,金田 智行,1963年４月23日生,(注)５,"2,500",株
3021,株式会社パシフィックネット,2026-08-25,取締役 未来戦略部担当,杉 研也,1972年１月16日生,(注)５,"4,400",株
3021,株式会社パシフィックネット,2026-08-25,取締役 ＬＣＭ本部副本部長,老川 賢,1972年７月11日生,(注)５,"5,100",株
3021,株式会社パシフィックネット,2026-08-25,取締役,神谷宗之介,1974年６月25日生,(注)５,,株
3021,株式会社パシフィックネット,2026-08-25,取締役,松本 次夫,1968年３月13日生,(注)５,,株
3021,株式会社パシフィックネット,2026-08-25,監査役 (常勤),前田 毅,1958年２月23日生,(注)４(注)６,,株
3021,株式会社パシフィックネット,2026-08-25,監査役 (非常勤),肥沼 晃,1960年10月22日生,(注)６,,株
3021,株式会社パシフィックネット,2026-08-25,監査役 (非常勤),吉川 潤子,1979年８月28日生,(注)６,,株
3021,株式会社パシフィックネット,2026-08-25,代表取締役 会長,上田 満弘,1952年２月13日生,(注)５,"310,000",株
3021,株式会社パシフィックネット,2026-08-25,代表取締役 社長,上田 雄太,1983年８月６日生,(注)５,"305,000",株
3021,株式会社パシフィックネット,2026-08-25,取締役副社長 ＬＣＭ本部本部長,金田 智行,1963年４月23日生,(注)５,"2,500",株
3021,株式会社パシフィックネット,2026-08-25,取締役 未来戦略部担当,杉 研也,1972年１月16日生,(注)５,"4,400",株
3021,株式会社パシフィックネット,2026-08-25,取締役 ＬＣＭ本部副本部長,老川 賢,1972年７月11日生,(注)５,"5,100",株
3021,株式会社パシフィックネット,2026-08-25,取締役,神谷宗之介,1974年６月25日生,(注)５,,株
3021,株式会社パシフィックネット,2026-08-25,取締役,松本 次夫,1968年３月13日生,(注)５,,株
3021,株式会社パシフィックネット,2026-08-25,監査役 (常勤),前田 毅,1958年２月23日生,(注)４(注)６,,株
3021,株式会社パシフィックネット,2026-08-25,監査役 (非常勤),肥沼 晃,1960年10月22日生,(注)６,,株
3021,株式会社パシフィックネット,2026-08-25,監査役 (非常勤),吉川 潤子,1979年８月28日生,(注)６,,株
3023,ラサ商事株式会社,2026-06-24,代表取締役 会長,井 村 周 一,1951年２月４日生,(注)３,"118,200(注)５",株
3023,ラサ商事株式会社,2026-06-24,常務取締役 管理本部長,桜 木 和 陽,1963年10月16日生,(注)３,"9,100(注)５",株
3023,ラサ商事株式会社,2026-06-24,取締役,山 口 浩,1960年３月６日生,(注)３,,株
3023,ラサ商事株式会社,2026-06-24,代表取締役 社長,青 井 邦 夫,1970年７月28日生,(注)３,"18,500(注)５",株
3023,ラサ商事株式会社,2026-06-24,常務取締役 物資営業本部長,川 内 裕 之,1965年10月23日生,(注)３,"5,900(注)５",株
3023,ラサ商事株式会社,2026-06-24,取締役 機械営業本部長,倉 持 正 見,1968年11月15日生,(注)３,"5,100(注)５",株
3024,クリエイト株式会社,2026-06-18,代表取締役 社長,五 十 嵐 昭 彦,1973年９月21日生,注2,19,千株
3024,クリエイト株式会社,2026-06-18,専務取締役,柴 田 勝,1963年12月17日生,注2,22,千株
3024,クリエイト株式会社,2026-06-18,取締役,吉 成 隆 則,1954年４月16日生,注2,81,千株
3024,クリエイト株式会社,2026-06-18,取締役,瀧 澤 紘 二,1976年７月20日生,注2,3,千株
3024,クリエイト株式会社,2026-06-18,取締役,三 輪 宏,1958年１月８日生,注2,0,千株
3024,クリエイト株式会社,2026-06-18,取締役 （監査等委員）,山 田 一 彦,1944年４月13日生,注3,16,千株
3024,クリエイト株式会社,2026-06-18,取締役 （監査等委員）,大 西 由 紀,1963年４月12日生,注3,0,千株
3024,クリエイト株式会社,2026-06-18,取締役 （監査等委員）,隈 元 暢 昭,1978年３月４日生,注3,0,千株
3024,クリエイト株式会社,2026-06-18,代表取締役 社長,五 十 嵐 昭 彦,1973年９月21日生,注2,19,千株
3024,クリエイト株式会社,2026-06-18,専務取締役,柴 田 勝,1963年12月17日生,注2,22,千株
3024,クリエイト株式会社,2026-06-18,取締役,瀧 澤 紘 二,1976年７月20日生,注2,3,千株
3024,クリエイト株式会社,2026-06-18,取締役,山 田 徹,1972年１月25日生,注2,,千株
3024,クリエイト株式会社,2026-06-18,取締役 （監査等委員）,三 輪 宏,1958年１月８日生,注3,0,千株
3024,クリエイト株式会社,2026-06-18,取締役 （監査等委員）,大 西 由 紀,1963年４月12日生,注3,0,千株
3024,クリエイト株式会社,2026-06-18,取締役 （監査等委員）,隈 元 暢 昭,1978年３月４日生,注3,0,千株
3028,株式会社アルペン,2025-09-24,代表取締役 会長,水野 泰三,1948年11月８日生,（注）5,"6,766,020",株
3028,株式会社アルペン,2025-09-24,代表取締役 社長,水野 敦之,1977年10月21日生,（注）5,"3,326,280",株
3028,株式会社アルペン,2025-09-24,取締役 副社長,村瀬 一夫,1955年12月27日生,（注）5,"25,535",株
3028,株式会社アルペン,2025-09-24,専務取締役COO 戦略企画本部長 商品本部長,二十軒 翔,1984年７月18日生,(注）5,"9,835",株
3028,株式会社アルペン,2025-09-24,取締役,松本 絢子,1981年３月27日生,(注）5,,株
3028,株式会社アルペン,2025-09-24,取締役 （監査等委員）,水巻 泰彦,1958年１月26日生,(注）7,"15,138",株
3028,株式会社アルペン,2025-09-24,取締役 （監査等委員）,包原 智幸,1960年２月10日生,(注）6,,株
3028,株式会社アルペン,2025-09-24,取締役 （監査等委員）,鬼頭 潤子,1964年10月26日生,(注）6,,株
3028,株式会社アルペン,2025-09-24,取締役 （監査等委員）,青柳 良則,1975年12月31日生,(注）6,,株
3028,株式会社アルペン,2025-09-24,代表取締役 会長,水野 泰三,1948年11月８日生,（注）5,"6,766,020",株
3028,株式会社アルペン,2025-09-24,代表取締役 社長,水野 敦之,1977年10月21日生,（注）5,"3,326,280",株
3028,株式会社アルペン,2025-09-24,取締役 副社長,村瀬 一夫,1955年12月27日生,（注）5,"25,535",株
3028,株式会社アルペン,2025-09-24,専務取締役COO 戦略企画本部長 商品本部長,二十軒 翔,1984年７月18日生,(注）5,"9,835",株
3028,株式会社アルペン,2025-09-24,取締役,松本 絢子,1981年３月27日生,(注）5,,株
3028,株式会社アルペン,2025-09-24,取締役 （監査等委員）,水巻 泰彦,1958年１月26日生,(注）7,"15,138",株
3028,株式会社アルペン,2025-09-24,取締役 （監査等委員）,包原 智幸,1960年２月10日生,(注）6,,株
3028,株式会社アルペン,2025-09-24,取締役 （監査等委員）,鬼頭 潤子,1964年10月26日生,(注）6,,株
3028,株式会社アルペン,2025-09-24,取締役 （監査等委員）,青柳 良則,1975年12月31日生,(注）6,,株
302A,株式会社ビースタイルホールディングス,2026-06-22,代表取締役 社長 （最高経営責任者）,三原 邦彦,1970年７月23日,(注)３,"304,900(注)５",株
302A,株式会社ビースタイルホールディングス,2026-06-22,取締役 会長 （最高執行責任者）,増村 一郎,1971年１月21日,(注)３,"308,500(注)６",株
302A,株式会社ビースタイルホールディングス,2026-06-22,取締役,七村 守 (注)１,1955年１月21日,(注)３,,株
302A,株式会社ビースタイルホールディングス,2026-06-22,取締役,堤 和子 (注)１,1968年３月28日,(注)３,,株
302A,株式会社ビースタイルホールディングス,2026-06-22,常勤監査役,橋本 邦宏,1965年12月12日,(注)４,,株
302A,株式会社ビースタイルホールディングス,2026-06-22,常務執行役員,小牟田 斉美,,,,
302A,株式会社ビースタイルホールディングス,2026-06-22,執行役員,田中 啓祐,,,,
302A,株式会社ビースタイルホールディングス,2026-06-22,執行役員,石橋 聖文,,,,
302A,株式会社ビースタイルホールディングス,2026-06-22,執行役員,佐々木 洋,,,,
302A,株式会社ビースタイルホールディングス,2026-06-22,執行役員,国府田 嘉昭,,,,
302A,株式会社ビースタイルホールディングス,2026-06-22,代表取締役 社長 （最高経営責任者）,三原 邦彦,1970年７月23日,(注)５,"304,900(注)８",株
302A,株式会社ビースタイルホールディングス,2026-06-22,取締役 会長 （最高執行責任者）,増村 一郎,1971年１月21日,(注)５,"308,500(注)８",株
302A,株式会社ビースタイルホールディングス,2026-06-22,取締役,七村 守 (注)３,1955年１月21日,(注)５,,株
302A,株式会社ビースタイルホールディングス,2026-06-22,取締役,"堤 和子 (注)３,４",1968年３月28日,(注)５,,株
302A,株式会社ビースタイルホールディングス,2026-06-22,常勤監査役,橋本 邦宏,1965年12月12日,(注)６,,株
302A,株式会社ビースタイルホールディングス,2026-06-22,監査役,福士 貴紀,1987年８月11日,(注)６,,株
302A,株式会社ビースタイルホールディングス,2026-06-22,監査役,※ 堀内 雅生,1969年11月13日,(注)12,,株
3030,株式会社ハブ,2026-05-28,代表取締役社長,太田 剛,1961年１月４日,(注)3,"138,611",株
3030,株式会社ハブ,2026-05-28,常務取締役 店舗開発本部長,井上 泉佐,1966年10月19日,(注)3,"16,944",株
3030,株式会社ハブ,2026-05-28,常務取締役 管理本部長,高見 幸夫,1967年３月18日,(注)3,"19,555",株
3030,株式会社ハブ,2026-05-28,取締役営業本部長 兼 営業部長,土屋 雅嗣,1975年５月27日,(注)3,"8,455",株
3030,株式会社ハブ,2026-05-28,取締役,西野 敏隆,1965年12月27日,(注)3,,株
3030,株式会社ハブ,2026-05-28,取締役,西尾 修平,1980年６月２日,(注)3,,株
3030,株式会社ハブ,2026-05-28,取締役,松本 里絵,1966年７月６日,(注)3,,株
3030,株式会社ハブ,2026-05-28,常勤監査役,石塚 義一,1956年１月13日,(注)4,"8,468",株
3030,株式会社ハブ,2026-05-28,監査役,柳堀 泰志,1976年１月５日,(注)5,464,株
3030,株式会社ハブ,2026-05-28,監査役,太田 慈子,1974年８月19日,(注)5,,株
3031,株式会社ラクーンホールディングス,2026-07-22,代表取締役 社長,小方 功,1963年７月５日生,(注)２,"3,053,900",株
3031,株式会社ラクーンホールディングス,2026-07-22,取締役財務担当副社長 兼 経営管理本部長,今野 智,1972年１月25日生,(注)２,"365,900",株
3031,株式会社ラクーンホールディングス,2026-07-22,取締役技術担当副社長,田邨 知浩,1976年９月25日生,(注)２,"14,900",株
3031,株式会社ラクーンホールディングス,2026-07-22,取締役,大久保 柳華,1984年４月17日生,(注)２,953,株
3031,株式会社ラクーンホールディングス,2026-07-22,取締役,中垣 徹二郎 (注)１,1973年２月２日生,(注)２,,株
3031,株式会社ラクーンホールディングス,2026-07-22,取締役(監査等委員),林 藤吉郎,1969年10月21日生,(注)３,"5,500",株
3031,株式会社ラクーンホールディングス,2026-07-22,取締役(監査等委員),小宮山 澄枝 (注)１,1960年２月20日生,(注)３,,株
3031,株式会社ラクーンホールディングス,2026-07-22,取締役(監査等委員),福田 素裕 (注)１,1975年12月18日生,(注)３,,株
3031,株式会社ラクーンホールディングス,2026-07-22,代表取締役 社長,小方 功,1963年７月５日生,(注)２,"3,053,900",株
3031,株式会社ラクーンホールディングス,2026-07-22,取締役財務担当副社長 兼 経営管理本部長,今野 智,1972年１月25日生,(注)２,"365,900",株
3031,株式会社ラクーンホールディングス,2026-07-22,取締役技術担当副社長,田邨 知浩,1976年９月25日生,(注)２,"14,900",株
3031,株式会社ラクーンホールディングス,2026-07-22,取締役,大久保 柳華,1984年４月17日生,(注)２,953,株
3031,株式会社ラクーンホールディングス,2026-07-22,取締役,中垣 徹二郎 (注)１,1973年２月２日生,(注)２,,株
3031,株式会社ラクーンホールディングス,2026-07-22,取締役(監査等委員),林 藤吉郎,1969年10月21日生,(注)３,"5,500",株
3031,株式会社ラクーンホールディングス,2026-07-22,取締役(監査等委員),福田 素裕 (注)１,1975年12月18日生,(注)３,,株
3031,株式会社ラクーンホールディングス,2026-07-22,取締役(監査等委員),菱川 浩一郎 (注)１,1974年９月14日生,(注)３,,株
3032,株式会社ゴルフ・ドゥ,2026-06-24,代表取締役会長,松田 芳久,1958年８月21日生,（注）3,"1,284,800",株
3032,株式会社ゴルフ・ドゥ,2026-06-24,代表取締役社長,佐久間 功,1974年12月16日生,（注）3,"26,000",株
3032,株式会社ゴルフ・ドゥ,2026-06-24,取締役,島田 知子,1974年８月24日生,（注）3,,株
3032,株式会社ゴルフ・ドゥ,2026-06-24,取締役 （監査等委員）,小澤 幸乃,1955年４月25日生,（注）4,"24,000",株
3032,株式会社ゴルフ・ドゥ,2026-06-24,取締役 （監査等委員）,志村 孝典,1959年２月19日生,（注）4,"15,600",株
3032,株式会社ゴルフ・ドゥ,2026-06-24,取締役 （監査等委員）,西野 秀明,1979年８月８日生,（注）4,,株
3032,株式会社ゴルフ・ドゥ,2026-06-24,代表取締役会長,松田 芳久,1958年８月21日生,（注）3,"1,284,800",株
3032,株式会社ゴルフ・ドゥ,2026-06-24,代表取締役社長,佐久間 功,1974年12月16日生,（注）3,"26,000",株
3032,株式会社ゴルフ・ドゥ,2026-06-24,取締役 （監査等委員）,小澤 幸乃,1955年４月25日生,（注）4,"24,000",株
3032,株式会社ゴルフ・ドゥ,2026-06-24,取締役 （監査等委員）,志村 孝典,1959年２月19日生,（注）4,"15,600",株
3032,株式会社ゴルフ・ドゥ,2026-06-24,取締役 （監査等委員）,西野 秀明,1979年８月８日生,（注）4,,株
3034,クオールホールディングス株式会社,2026-06-25,代表取締役社長,中村 敬,1970年１月19日,(注)４,"1,641,600",株
3034,クオールホールディングス株式会社,2026-06-25,代表取締役専務,石井 孝芳,1961年10月26日,(注)４,"19,327",株
3034,クオールホールディングス株式会社,2026-06-25,代表取締役常務,福滿 清伸,1968年５月16日,(注)４,"66,500",株
3034,クオールホールディングス株式会社,2026-06-25,常務取締役,柄澤 忍,1961年12月25日,(注)４,"11,084",株
3034,クオールホールディングス株式会社,2026-06-25,取締役,富樫 豊,1973年４月22日,(注)４,"26,354",株
3034,クオールホールディングス株式会社,2026-06-25,取締役,今井 圭,1978年７月３日,(注)４,"7,434",株
3034,クオールホールディングス株式会社,2026-06-25,取締役,鈴木 裕司,1976年２月６日,(注)４,"6,937",株
3034,クオールホールディングス株式会社,2026-06-25,取締役,窪木 登志子,1960年２月26日,(注)４,"3,700",株
3034,クオールホールディングス株式会社,2026-06-25,取締役,山本 行治,1968年１月21日,(注)４,"4,800",株
3034,クオールホールディングス株式会社,2026-06-25,取締役 （監査等委員）,森 康利,1972年３月９日,(注)５,800,株
3034,クオールホールディングス株式会社,2026-06-25,取締役 （監査等委員）,宮﨑 源征,1956年10月17日,(注)５,"2,800",株
3034,クオールホールディングス株式会社,2026-06-25,取締役 （監査等委員）,石井 和夫,1964年４月２日,(注)５,924,株
3034,クオールホールディングス株式会社,2026-06-25,代表取締役社長,中村 敬,1970年１月19日,(注)４,"1,641,600",株
3034,クオールホールディングス株式会社,2026-06-25,代表取締役専務,石井 孝芳,1961年10月26日,(注)４,"19,327",株
3034,クオールホールディングス株式会社,2026-06-25,代表取締役常務,福滿 清伸,1968年５月16日,(注)４,"66,500",株
3034,クオールホールディングス株式会社,2026-06-25,常務取締役,柄澤 忍,1961年12月25日,(注)４,"11,084",株
3034,クオールホールディングス株式会社,2026-06-25,取締役,富樫 豊,1973年４月22日,(注)４,"26,354",株
3034,クオールホールディングス株式会社,2026-06-25,取締役,今井 圭,1978年７月３日,(注)４,"7,434",株
3034,クオールホールディングス株式会社,2026-06-25,取締役,川口 潤,1977年10月31日,(注)４,"2,210",株
3034,クオールホールディングス株式会社,2026-06-25,取締役,窪木 登志子,1960年２月26日,(注)４,"3,700",株
3034,クオールホールディングス株式会社,2026-06-25,取締役,山本 行治,1968年１月21日,(注)４,"4,800",株
3034,クオールホールディングス株式会社,2026-06-25,取締役 （監査等委員）,森 康利,1972年３月９日,(注)５,800,株
3034,クオールホールディングス株式会社,2026-06-25,取締役 （監査等委員）,宮﨑 源征,1956年10月17日,(注)５,"2,800",株
3034,クオールホールディングス株式会社,2026-06-25,取締役 （監査等委員）,石井 和夫,1964年４月２日,(注)５,924,株
3035,ケイティケイ株式会社,2025-11-11,代表取締役社長,青山 英生,1964年10月8日,(注) 2,155,千株
3035,ケイティケイ株式会社,2025-11-11,専務取締役 管理本部長 兼 グループ戦略本部長,葛西 裕之,1967年3月14日,(注) 2,30,千株
3035,ケイティケイ株式会社,2025-11-11,取締役 営業本部長,鈴木 宏紀,1978年9月27日,(注) 2,3,千株
3035,ケイティケイ株式会社,2025-11-11,取締役 (監査等委員),武井 修,1959年7月8日,(注) 3,10,千株
3035,ケイティケイ株式会社,2025-11-11,取締役 (監査等委員),大庭 崇彦,1981年4月30日,(注) 3,11,千株
3035,ケイティケイ株式会社,2025-11-11,取締役 (監査等委員),後藤もゆる,1971年5月9日,(注) 3,1,千株
3035,ケイティケイ株式会社,2025-11-11,代表取締役社長,青山 英生,1964年10月8日,(注) 2,155,千株
3035,ケイティケイ株式会社,2025-11-11,専務取締役 管理本部長 兼 グループ戦略本部長,葛西 裕之,1967年3月14日,(注) 2,30,千株
3035,ケイティケイ株式会社,2025-11-11,取締役 営業本部長,鈴木 宏紀,1978年9月27日,(注) 2,3,千株
3035,ケイティケイ株式会社,2025-11-11,取締役 (監査等委員),武井 修,1959年7月8日,(注) 3,10,千株
3035,ケイティケイ株式会社,2025-11-11,取締役 (監査等委員),大庭 崇彦,1981年4月30日,(注) 3,11,千株
3035,ケイティケイ株式会社,2025-11-11,取締役 (監査等委員),後藤もゆる,1971年5月9日,(注) 3,1,千株
3036,アルコニックス株式会社,2026-06-17,代表取締役 社長執行役員ＣＥＯ,手代木 洋,1958年５月６日生,（注）４,153.0,千株
3036,アルコニックス株式会社,2026-06-17,取締役専務執行役員ＣＳＯ コーポレート部門長 経営企画部、事業推進部 業務管理部、ＩＲ広報部 管掌,鈴木 匠,1963年２月18日生,（注）４,41.6,千株
3036,アルコニックス株式会社,2026-06-17,取締役常務執行役員 ＣＨＲＯ コーポレート部門 総務・人事部、法務部管掌内部統制担当,今川 敏哉,1965年８月８日生,（注）４,45.9,千株
3036,アルコニックス株式会社,2026-06-17,取締役常務執行役員ＣＦＯ コーポレート部門 財務部、経理部、リスク管理部管掌,高橋 伸彦,1965年２月５日生,（注）４,19.3,千株
3036,アルコニックス株式会社,2026-06-17,取締役,菊間 千乃,1972年３月５日生,（注）４,5.1,千株
3036,アルコニックス株式会社,2026-06-17,取締役,今津 幸子,1968年７月28日生,（注）４,,千株
3036,アルコニックス株式会社,2026-06-17,取締役,松尾 英喜,1956年６月27日生,（注）４,,千株
3036,アルコニックス株式会社,2026-06-17,取締役,佐藤 真司,1957年１月17日生,（注）４,0.3,千株
3036,アルコニックス株式会社,2026-06-17,常勤監査役,北垣 淳一,1961年４月９日生,（注）５,18.2,千株
3036,アルコニックス株式会社,2026-06-17,監査役,荻 茂生,1951年11月17日生,（注）６,4.5,千株
3036,アルコニックス株式会社,2026-06-17,監査役,武田 涼子,1970年７月５日生,（注）６,,千株
3036,アルコニックス株式会社,2026-06-17,代表取締役 社長執行役員ＣＥＯ,手代木 洋,1958年５月６日生,（注）４,153.0,千株
3036,アルコニックス株式会社,2026-06-17,取締役専務執行役員ＣＳＯ コーポレート部門長 経営企画部、事業推進部、業務管理部、ＩＲ広報部 管掌,鈴木 匠,1963年２月18日生,（注）４,41.6,千株
3036,アルコニックス株式会社,2026-06-17,取締役常務執行役員ＣＦＯ コーポレート部門 財務部、経理部、リスク管理部管掌,高橋 伸彦,1965年２月５日生,（注）４,19.3,千株
3036,アルコニックス株式会社,2026-06-17,取締役,菊間 千乃,1972年３月５日生,（注）４,5.1,千株
3036,アルコニックス株式会社,2026-06-17,取締役,今津 幸子,1968年７月28日生,（注）４,,千株
3036,アルコニックス株式会社,2026-06-17,取締役,松尾 英喜,1956年６月27日生,（注）４,,千株
3036,アルコニックス株式会社,2026-06-17,取締役,佐藤 真司,1957年１月17日生,（注）４,0.3,千株
3036,アルコニックス株式会社,2026-06-17,取締役 監査等委員,北垣 淳一,1961年４月９日生,（注）５,18.2,千株
3036,アルコニックス株式会社,2026-06-17,取締役 監査等委員,荻 茂生,1951年11月17日生,（注）５,4.5,千株
3036,アルコニックス株式会社,2026-06-17,取締役 監査等委員,武田 涼子,1970年７月５日生,（注）５,,千株
3036,アルコニックス株式会社,2026-06-17,社外取締役,久田眞佐男,,,,
3036,アルコニックス株式会社,2026-06-17,社外取締役,菊間千乃,,,,
3036,アルコニックス株式会社,2026-06-17,社外取締役,今津幸子,,,,
3036,アルコニックス株式会社,2026-06-17,社外取締役,松尾英喜,,,,
3036,アルコニックス株式会社,2026-06-17,社外取締役,佐藤真司,,,,
3036,アルコニックス株式会社,2026-06-17,社外監査役,荻 茂生,,,,
3036,アルコニックス株式会社,2026-06-17,社外監査役,武田涼子,,,,
3038,株式会社神戸物産,2026-01-28,代表取締役 社長 品質保証部 担当役員 東日本工場管理部 担当役員 商品開発部 担当役員 国内農業資源部 担当役員 外食事業推進本部 担当役員,沼田 博和,1980年11月16日生,(注) ３,"3,796,000",株
3038,株式会社神戸物産,2026-01-28,代表取締役 副社長 総務部 担当役員 法務部 担当役員 システム部 担当役員 兼 部長 人財開発部 担当役員 経営企画部 担当役員 コミュニケーションデザイン部 担当役員 兼 部長 海外商品部 担当役員 貿易部 担当役員 海外農業資源部 担当役員 エコ再生エネルギー部 担当役員 外食事業推進本部 焼肉事業部 担当役員,田中 康弘,1969年１月21日生,(注) ３,"10,000",株
3038,株式会社神戸物産,2026-01-28,取締役 経理部 担当役員 兼 部長 財務部 担当役員 兼 部長,木戸 康晴,1970年12月３日生,(注) ３,400,株
3038,株式会社神戸物産,2026-01-28,取締役 西日本工場管理部 担当役員 兼 部長,浅見 一夫,1976年６月12日生,(注) ３,"47,900",株
3038,株式会社神戸物産,2026-01-28,取締役 西日本商品ＭＤ部 担当役員 東日本商品ＭＤ部 担当役員 国内流通部 担当役員 海外流通部 担当役員 海外事業部 担当役員 兼 部長,西田 聡,1978年３月４日生,(注) ３,"1,000",株
3038,株式会社神戸物産,2026-01-28,取締役 横浜営業所 所長 西日本営業本部 担当役員 店舗開発部 部長 東日本営業本部 担当役員 店舗開発部 部長 ＣＳ推進部 担当役員 兼 部長 外食事業推進本部 惣菜事業部 部長,渡邉 秋仁,1977年11月13日生,(注) ３,"3,800",株
3038,株式会社神戸物産,2026-01-28,取締役 （常勤監査等委員）,正田 晃一,1976年４月23日生,(注) ４,"2,000",株
3038,株式会社神戸物産,2026-01-28,取締役 （監査等委員）,家木 健至,1973年５月10日生,(注) ２、４,,株
3038,株式会社神戸物産,2026-01-28,取締役 （監査等委員）,野村 祥子,1973年12月31日生,(注) ２、４,,株
3038,株式会社神戸物産,2026-01-28,取締役 （監査等委員）,町田 美紗,1978年10月11日生,(注) ２、５,,株
3038,株式会社神戸物産,2026-01-28,取締役 （監査等委員）,稲田 優,1979年２月20日生,(注) ２、５,,株
3038,株式会社神戸物産,2026-01-28,代表取締役 社長 品質保証部 担当役員 東日本工場管理部 担当役員 商品開発部 担当役員 国内農業資源部 担当役員 外食事業推進本部 担当役員,沼田 博和,1980年11月16日生,(注) ３,"3,796,000",株
3038,株式会社神戸物産,2026-01-28,代表取締役 副社長 総務部 担当役員 法務部 担当役員 システム部 担当役員 兼 部長 人財開発部 担当役員 経営企画部 担当役員 コミュニケーションデザイン部 担当役員 兼 部長 海外商品部 担当役員 貿易部 担当役員 海外農業資源部 担当役員 エコ再生エネルギー部 担当役員 外食事業推進本部 焼肉事業部 担当役員,田中 康弘,1969年１月21日生,(注) ３,"10,000",株
3038,株式会社神戸物産,2026-01-28,取締役 経理部 担当役員 兼 部長 財務部 担当役員 兼 部長,木戸 康晴,1970年12月３日生,(注) ３,400,株
3038,株式会社神戸物産,2026-01-28,取締役 西日本工場管理部 担当役員 兼 部長,浅見 一夫,1976年６月12日生,(注) ３,"47,900",株
3038,株式会社神戸物産,2026-01-28,取締役 西日本商品ＭＤ部 担当役員 東日本商品ＭＤ部 担当役員 国内流通部 担当役員 海外流通部 担当役員 海外事業部 担当役員 兼 部長,西田 聡,1978年３月４日生,(注) ３,"1,000",株
3038,株式会社神戸物産,2026-01-28,取締役 横浜営業所 所長 西日本営業本部 担当役員 店舗開発部 部長 東日本営業本部 担当役員 店舗開発部 部長 ＣＳ推進部 担当役員 兼 部長 外食事業推進本部 惣菜事業部 部長,渡邉 秋仁,1977年11月13日生,(注) ３,"3,800",株
3038,株式会社神戸物産,2026-01-28,取締役 （常勤監査等委員）,正田 晃一,1976年４月23日生,(注) ４,"2,000",株
3038,株式会社神戸物産,2026-01-28,取締役 （監査等委員）,家木 健至,1973年５月10日生,(注) ２、４,,株
3038,株式会社神戸物産,2026-01-28,取締役 （監査等委員）,野村 祥子,1973年12月31日生,(注) ２、４,,株
3038,株式会社神戸物産,2026-01-28,取締役 （監査等委員）,町田 美紗,1978年10月11日生,(注) ２、５,,株
3038,株式会社神戸物産,2026-01-28,取締役 （監査等委員）,稲田 優,1979年２月20日生,(注) ２、５,,株
303A,株式会社ｖｉｓｕｍｏ,2026-06-16,代表取締役 社長執行役員,井上 純,1986年３月５日生,(注)３,,株
303A,株式会社ｖｉｓｕｍｏ,2026-06-16,代表取締役 会長執行役員,高橋 直樹,1980年２月19日生,(注)４,,株
303A,株式会社ｖｉｓｕｍｏ,2026-06-16,取締役 常務執行役員,千林 正太朗,1979年10月21日生,(注)３,,株
303A,株式会社ｖｉｓｕｍｏ,2026-06-16,取締役 上席執行役員,見城 壮彦,1975年６月５日生,(注)３,,株
303A,株式会社ｖｉｓｕｍｏ,2026-06-16,取締役,林 雅也,1977年10月25日生,(注)３,,株
303A,株式会社ｖｉｓｕｍｏ,2026-06-16,取締役,中桐 雅宏,1963年５月１日生,(注)４,,株
303A,株式会社ｖｉｓｕｍｏ,2026-06-16,取締役,甲斐 真樹,1970年11月10日生,(注)３,,株
303A,株式会社ｖｉｓｕｍｏ,2026-06-16,取締役,石川 憲和,1947年１月４日生,(注)３,,株
303A,株式会社ｖｉｓｕｍｏ,2026-06-16,常勤監査役,團 桂一,1962年10月20日生,(注)５,,株
303A,株式会社ｖｉｓｕｍｏ,2026-06-16,監査役,三木 正志,1952年５月５日生,(注)５,,株
303A,株式会社ｖｉｓｕｍｏ,2026-06-16,監査役,矢澤 憲一,1977年７月29日生,(注)５,,株
3040,株式会社ソリトンシステムズ,2026-03-24,代表取締役 執行役員 会 長,鎌田 信夫,1940年11月13日,（注）２,"3,850",百株
3040,株式会社ソリトンシステムズ,2026-03-24,代表取締役 執行役員 社 長,鎌田 理,1970年５月30日,（注） ２,700,百株
3040,株式会社ソリトンシステムズ,2026-03-24,取締役,石原 冴子 (現姓：佐藤),1977年７月19日,（注） ２,,百株
3040,株式会社ソリトンシステムズ,2026-03-24,取締役 監査等委員,高徳 信男,1959年10月16日,（注） ３,12,百株
3040,株式会社ソリトンシステムズ,2026-03-24,取締役 監査等委員,中村 修,1959年12月１日,（注） ３,,百株
3040,株式会社ソリトンシステムズ,2026-03-24,取締役 監査等委員,飯塚 久夫,1948年２月18日,（注） ３,,百株
3040,株式会社ソリトンシステムズ,2026-03-24,代表取締役執行役員 会長,鎌田 信夫,,2026年３月26日開催の定時株主総会終結の時から１年間,,
3040,株式会社ソリトンシステムズ,2026-03-24,代表取締役執行役員 社長,鎌田 理,,2026年３月26日開催の定時株主総会終結の時から１年間,,
3040,株式会社ソリトンシステムズ,2026-03-24,取締役,石原 冴子,,2026年３月26日開催の定時株主総会終結の時から１年間,,
3040,株式会社ソリトンシステムズ,2026-03-24,取締役 監査等委員,高徳 信男,,2026年３月26日開催の定時株主総会終結の時から２年間,,
3040,株式会社ソリトンシステムズ,2026-03-24,取締役 監査等委員,中村 修,,2026年３月26日開催の定時株主総会終結の時から２年間,,
3040,株式会社ソリトンシステムズ,2026-03-24,取締役 監査等委員,飯塚 久夫,,2026年３月26日開催の定時株主総会終結の時から２年間,,
3041,株式会社ビューティカダンホールディングス,2025-09-26,代表取締役会長,三 島 美佐夫,1949年７月17日生,(注)４,"521,200",株
3041,株式会社ビューティカダンホールディングス,2025-09-26,代表取締役社長,舛 田 正 一,1970年１月23日生,(注)４,"8,700",株
3041,株式会社ビューティカダンホールディングス,2025-09-26,専務取締役 経営管理本部長 兼財務経理部長,三 島 まりこ,1978年１月28日生,(注)４,"12,800",株
3041,株式会社ビューティカダンホールディングス,2025-09-26,取締役 総務人事部長,田 口 絹 子,1963年７月31日生,(注)４,"5,600",株
3041,株式会社ビューティカダンホールディングス,2025-09-26,取締役 経営・IT企画部長,栁 田 晋 介,1975年４月14日生,(注)４,"4,600",株
3041,株式会社ビューティカダンホールディングス,2025-09-26,取締役 （社外）,新 改 敬 英,1974年６月12日生,(注)４,,株
3041,株式会社ビューティカダンホールディングス,2025-09-26,監査役 (常勤),加 藤 研 一,1954年３月23日生,(注)６,,株
3041,株式会社ビューティカダンホールディングス,2025-09-26,監査役,宮 田 房 之,1966年３月３日生,(注)５,,株
3041,株式会社ビューティカダンホールディングス,2025-09-26,監査役,吉 永 賢一郎,1976年６月30日生,(注)５,,株
3041,株式会社ビューティカダンホールディングス,2025-09-26,代表取締役会長,三 島 美佐夫,1949年７月17日生,(注)４,"521,200",株
3041,株式会社ビューティカダンホールディングス,2025-09-26,代表取締役社長,舛 田 正 一,1970年１月23日生,(注)４,"8,700",株
3041,株式会社ビューティカダンホールディングス,2025-09-26,専務取締役 経営管理本部長役 兼財務経理部長,三 島 まりこ,1978年１月28日生,(注)４,"12,800",株
3041,株式会社ビューティカダンホールディングス,2025-09-26,取締役 グループ経営支援室長,田 口 絹 子,1963年７月31日生,(注)４,"5,600",株
3041,株式会社ビューティカダンホールディングス,2025-09-26,取締役 経営・IT企画部長,栁 田 晋 介,1975年４月14日生,(注)４,"4,600",株
3041,株式会社ビューティカダンホールディングス,2025-09-26,取締役 総務人事部長,上 原 直 樹,1976年５月15日生,(注)５,"2,600",株
3041,株式会社ビューティカダンホールディングス,2025-09-26,取締役 （社外）,新 改 敬 英,1974年６月12日生,(注)４,,株
3041,株式会社ビューティカダンホールディングス,2025-09-26,監査役 (常勤),加 藤 研 一,1954年３月23日生,(注)６,,株
3041,株式会社ビューティカダンホールディングス,2025-09-26,監査役,宮 田 房 之,1966年３月３日生,(注)７,,株
3041,株式会社ビューティカダンホールディングス,2025-09-26,監査役,吉 永 賢一郎,1976年６月30日生,(注)７,,株
3042,株式会社セキュアヴェイル,2026-06-24,代表取締役社長,米今 政臣,1961年６月５日生,（注）２,"1,615 (注）５",千株
3042,株式会社セキュアヴェイル,2026-06-24,取締役,堀野 友之,1986年１月24日生,（注）２,,千株
3042,株式会社セキュアヴェイル,2026-06-24,取締役,白石 達也,1988年２月19日生,（注）２,5,千株
3042,株式会社セキュアヴェイル,2026-06-24,取締役,大政 崇志,1989年７月３日生,（注）２,,千株
3042,株式会社セキュアヴェイル,2026-06-24,取締役 （注）１、４,上原 武彦,1951年10月24日生,（注）２,,千株
3042,株式会社セキュアヴェイル,2026-06-24,取締役 （注）１,田島 剛志,1975年３月13日生,（注）２,,千株
3042,株式会社セキュアヴェイル,2026-06-24,取締役 (常勤監査等委員),三木 亮二,1954年１月21日生,（注）３,60,千株
3042,株式会社セキュアヴェイル,2026-06-24,取締役 （監査等委員） （注）１,上田 勝久,1965年７月10日生,（注）３,,千株
3042,株式会社セキュアヴェイル,2026-06-24,取締役 （監査等委員） （注）１,小松 宣郷,1977年12月21日生,（注）３,,千株
3042,株式会社セキュアヴェイル,2026-06-24,代表取締役社長,米今 政臣,1961年６月５日生,（注）２,"1,615 (注）５",千株
3042,株式会社セキュアヴェイル,2026-06-24,取締役,堀野 友之,1986年１月24日生,（注）２,,千株
3042,株式会社セキュアヴェイル,2026-06-24,取締役,大政 崇志,1989年７月３日生,（注）２,,千株
3042,株式会社セキュアヴェイル,2026-06-24,取締役 （注）１、４,上原 武彦,1951年10月24日生,（注）２,,千株
3042,株式会社セキュアヴェイル,2026-06-24,取締役 （注）１,田島 剛志,1975年３月13日生,（注）２,,千株
3042,株式会社セキュアヴェイル,2026-06-24,取締役 (監査等委員),三木 亮二,1954年１月21日生,（注）３,60,千株
3042,株式会社セキュアヴェイル,2026-06-24,取締役 （監査等委員） （注）１、４,上田 勝久,1965年７月10日生,（注）３,,千株
3042,株式会社セキュアヴェイル,2026-06-24,取締役 （監査等委員） （注）１、４,岩佐 誠,1978年９月21日生,（注）３,,千株
3042,株式会社セキュアヴェイル,2026-06-24,取締役 （監査等委員） （注）１、４,今春 博,1974年６月２日,注）３,,千株
3045,株式会社カワサキ,2025-11-25,代表取締役 社長,川 崎 久 典,1973年１月29日,（注）２,140,千株
3045,株式会社カワサキ,2025-11-25,取締役 営業統括,片 岡 英 隆,1960年３月23日,（注）２,2,千株
3045,株式会社カワサキ,2025-11-25,取締役 （監査等委員）,明 松 英 之,1983年11月７日,（注）３,,千株
3045,株式会社カワサキ,2025-11-25,取締役 （監査等委員）,逵 吉 隆,1969年６月８日,（注）３,10,千株
3045,株式会社カワサキ,2025-11-25,取締役 （監査等委員）,小 西 勝,1974年１月25日,（注）３,0,千株
3045,株式会社カワサキ,2025-11-25,代表取締役 社長,川 崎 久 典,1973年１月29日,（注）２,140,千株
3045,株式会社カワサキ,2025-11-25,取締役 営業統括,片 岡 英 隆,1960年３月23日,（注）２,2,千株
3045,株式会社カワサキ,2025-11-25,取締役 （監査等委員）,明 松 英 之,1983年11月７日,（注）３,,千株
3045,株式会社カワサキ,2025-11-25,取締役 （監査等委員）,逵 吉 隆,1969年６月８日,（注）３,10,千株
3045,株式会社カワサキ,2025-11-25,取締役 （監査等委員）,小 西 勝,1974年１月25日,（注）３,0,千株
3046,株式会社ジンズホールディングス,2025-11-27,代表取締役会長CEO,田中 仁,1963年１月25日,(注)５,"8,104,500",株
3046,株式会社ジンズホールディングス,2025-11-27,代表取締役社長COO,田中 亮,1985年８月６日,(注)５,"200,666",株
3046,株式会社ジンズホールディングス,2025-11-27,取締役,古谷 昇,1956年11月13日,(注)５,"20,000",株
3046,株式会社ジンズホールディングス,2025-11-27,取締役,國領 二郎,1959年７月19日,(注)５,"1,466",株
3046,株式会社ジンズホールディングス,2025-11-27,取締役,林 千晶,1971年８月８日,(注)５,333,株
3046,株式会社ジンズホールディングス,2025-11-27,取締役(監査等委員),有村 正俊,1958年１月13日,(注)６,99,株
3046,株式会社ジンズホールディングス,2025-11-27,取締役(監査等委員),大井 哲也,1972年１月５日,(注)６,,株
3046,株式会社ジンズホールディングス,2025-11-27,取締役(監査等委員),太田 諭哉,1975年12月16日,(注)６,533,株
3047,株式会社ＴＲＵＣＫ－ＯＮＥ,2026-03-18,代表取締役 社長,小川 雄也,1976年１月４日,(注)３,"466,100",株
3047,株式会社ＴＲＵＣＫ－ＯＮＥ,2026-03-18,常務取締役 管理本部長,眞﨑 高利,1963年12月16日,(注)３,"5,000",株
3047,株式会社ＴＲＵＣＫ－ＯＮＥ,2026-03-18,取締役,小川 サトノ,1955年１月10日,(注)３,"200,000",株
3047,株式会社ＴＲＵＣＫ－ＯＮＥ,2026-03-18,取締役 企画営業室長 海外事業部長,桜井 誠,1967年２月13日,(注)３,"96,400",株
3047,株式会社ＴＲＵＣＫ－ＯＮＥ,2026-03-18,取締役 営業副本部長 東日本統括部長 東京支店長,小川 真也,1978年12月８日,(注)３,"371,800",株
3047,株式会社ＴＲＵＣＫ－ＯＮＥ,2026-03-18,取締役 営業本部長 西日本統括部長,勝本 嘉明,1970年１月７日,(注)３,"5,000",株
3047,株式会社ＴＲＵＣＫ－ＯＮＥ,2026-03-18,取締役 （監査等委員）,藤井 彰,1958年１月４日,(注)４,,株
3047,株式会社ＴＲＵＣＫ－ＯＮＥ,2026-03-18,取締役 （監査等委員）,廣瀨 隆明,1951年６月15日,(注)４,,株
3047,株式会社ＴＲＵＣＫ－ＯＮＥ,2026-03-18,取締役 （監査等委員）,武田 京子,1971年８月１日,(注)４,,株
3047,株式会社ＴＲＵＣＫ－ＯＮＥ,2026-03-18,代表取締役 社長,小川 雄也,1976年１月４日生,(注)３,"466,100",株
3047,株式会社ＴＲＵＣＫ－ＯＮＥ,2026-03-18,常務取締役 管理本部長,眞﨑 高利,1963年12月16日生,(注)３,"5,000",株
3047,株式会社ＴＲＵＣＫ－ＯＮＥ,2026-03-18,取締役,小川 サトノ,1955年１月10日生,(注)３,"200,000",株
3047,株式会社ＴＲＵＣＫ－ＯＮＥ,2026-03-18,取締役 企画営業室長 海外事業部長,桜井 誠,1967年２月13日生,(注)３,"96,400",株
3047,株式会社ＴＲＵＣＫ－ＯＮＥ,2026-03-18,取締役 営業副本部長 東日本統括部長 東京支店長,小川 真也,1978年12月８日生,(注)３,"371,800",株
3047,株式会社ＴＲＵＣＫ－ＯＮＥ,2026-03-18,取締役 営業本部長 西日本統括部長,勝本 嘉明,1970年１月７日生,(注)３,"5,000",株
3047,株式会社ＴＲＵＣＫ－ＯＮＥ,2026-03-18,取締役 （監査等委員）,藤井 彰,1958年１月４日生,(注)４,,株
3047,株式会社ＴＲＵＣＫ－ＯＮＥ,2026-03-18,取締役 （監査等委員）,廣瀨 隆明,1951年６月15日生,(注)４,,株
3047,株式会社ＴＲＵＣＫ－ＯＮＥ,2026-03-18,取締役 （監査等委員）,武田 京子,1971年８月１日生,(注)４,,株
3048,株式会社ビックカメラ,2025-11-19,代表取締役社長 社長執行役員,秋保 徹,1974年12月11日生,(注２),"13,100",株
3048,株式会社ビックカメラ,2025-11-19,取締役 専務執行役員 事業創造本部長,中川 景樹,1975年７月17日生,(注２),"6,700",株
3048,株式会社ビックカメラ,2025-11-19,取締役 常務執行役員 ロジスティックス本部長,溝口 貴治,1974年10月13日生,(注２),"4,800",株
3048,株式会社ビックカメラ,2025-11-19,取締役 執行役員 総務人事本部長,根本 奈智香,1974年９月24日生,(注２),"4,700",株
3048,株式会社ビックカメラ,2025-11-19,取締役,安部 徹,1961年６月16日生,(注２),"17,100",株
3048,株式会社ビックカメラ,2025-11-19,取締役,田村 英二,1960年１月19日生,(注２),"65,200",株
3048,株式会社ビックカメラ,2025-11-19,取締役,中澤 裕二,1973年12月28日生,(注２),"3,600",株
3048,株式会社ビックカメラ,2025-11-19,取締役,利光 剛,1972年５月30日生,(注２),"2,300",株
3048,株式会社ビックカメラ,2025-11-19,取締役,徳田 潔,1954年６月７日生,(注２),"1,300",株
3048,株式会社ビックカメラ,2025-11-19,取締役,中村 勝,1957年１月11日生,(注２),"2,300",株
3048,株式会社ビックカメラ,2025-11-19,取締役,小笠原 倫明,1954年１月29日生,(注２),500,株
3048,株式会社ビックカメラ,2025-11-19,取締役 （常勤監査等委員）,大塚 典子,1965年９月22日生,(注３),"1,600",株
3048,株式会社ビックカメラ,2025-11-19,取締役 （監査等委員）,岸本 裕紀子,1953年11月15日生,(注３),"16,200",株
3048,株式会社ビックカメラ,2025-11-19,取締役 （監査等委員）,砂山 晃一,1957年９月５日生,(注３),"2,200",株
3048,株式会社ビックカメラ,2025-11-19,取締役 （監査等委員）,南 繁芳,1954年２月25日生,(注３),200,株
3048,株式会社ビックカメラ,2025-11-19,執行役員経営企画本部長兼経営企画部長,佐藤 佑太,,,,
3048,株式会社ビックカメラ,2025-11-19,執行役員営業本部担当部長,中西 敏広,,,,
3048,株式会社ビックカメラ,2025-11-19,執行役員商品本部長,矢﨑 信雅,,,,
3048,株式会社ビックカメラ,2025-11-19,執行役員営業本部長,儘田 雅樹,,,,
3048,株式会社ビックカメラ,2025-11-19,執行役員営業部長,松浦 竜生,,,,
3048,株式会社ビックカメラ,2025-11-19,執行役員ＥＣ事業部長,畑中 英治,,,,
3048,株式会社ビックカメラ,2025-11-19,執行役員グループ内部統制統括部長兼リスク管理室長,苧谷 秀信,,,,
3048,株式会社ビックカメラ,2025-11-19,執行役員情報システム部長兼店舗ＢＰＲ支援室長,齊藤 徳,,,,
3048,株式会社ビックカメラ,2025-11-19,執行役員人事部長,伊奈 和也,,,,
3048,株式会社ビックカメラ,2025-11-19,執行役員第１営業ブロックマネージャー,川崎 義勝,,,,
3048,株式会社ビックカメラ,2025-11-19,執行役員経営企画部担当部長,小堺 絢介,,,,
3048,株式会社ビックカメラ,2025-11-19,代表取締役社長 社長執行役員,秋保 徹,1974年12月11日生,(注２),"13,100",株
3048,株式会社ビックカメラ,2025-11-19,取締役 専務執行役員 事業創造本部長,中川 景樹,1975年７月17日生,(注２),"6,700",株
3048,株式会社ビックカメラ,2025-11-19,取締役 常務執行役員 ロジスティックス本部長,溝口 貴治,1974年10月13日生,(注２),"4,800",株
3048,株式会社ビックカメラ,2025-11-19,取締役 執行役員 総務人事本部長,根本 奈智香,1974年９月24日生,(注２),"4,700",株
3048,株式会社ビックカメラ,2025-11-19,取締役,利光 剛,1972年５月30日生,(注２),"2,300",株
3048,株式会社ビックカメラ,2025-11-19,取締役,徳田 潔,1954年６月７日生,(注２),"1,300",株
3048,株式会社ビックカメラ,2025-11-19,取締役,中村 勝,1957年１月11日生,(注２),"2,300",株
3048,株式会社ビックカメラ,2025-11-19,取締役,小笠原 倫明,1954年１月29日生,(注２),500,株
3048,株式会社ビックカメラ,2025-11-19,取締役 （常勤監査等委員）,大塚 典子,1965年９月22日生,(注３),"1,600",株
3048,株式会社ビックカメラ,2025-11-19,取締役 （監査等委員）,岸本 裕紀子,1953年11月15日生,(注３),"16,200",株
3048,株式会社ビックカメラ,2025-11-19,取締役 （監査等委員）,砂山 晃一,1957年９月５日生,(注３),"2,200",株
3048,株式会社ビックカメラ,2025-11-19,取締役 （監査等委員）,南 繁芳,1954年２月25日生,(注３),200,株
3048,株式会社ビックカメラ,2025-11-19,執行役員経営企画本部長兼経営企画部長,佐藤 佑太,,,,
3048,株式会社ビックカメラ,2025-11-19,執行役員営業本部担当部長,中西 敏広,,,,
3048,株式会社ビックカメラ,2025-11-19,執行役員商品本部長,矢﨑 信雅,,,,
3048,株式会社ビックカメラ,2025-11-19,執行役員営業本部長,儘田 雅樹,,,,
3048,株式会社ビックカメラ,2025-11-19,執行役員営業部長,松浦 竜生,,,,
3048,株式会社ビックカメラ,2025-11-19,執行役員ＥＣ事業部長,畑中 英治,,,,
3048,株式会社ビックカメラ,2025-11-19,執行役員グループ内部統制統括部長兼リスク管理室長,苧谷 秀信,,,,
3048,株式会社ビックカメラ,2025-11-19,執行役員情報システム部長兼店舗ＢＰＲ支援室長,齊藤 徳,,,,
3048,株式会社ビックカメラ,2025-11-19,執行役員人事部長,伊奈 和也,,,,
3048,株式会社ビックカメラ,2025-11-19,執行役員第１営業ブロックマネージャー,川崎 義勝,,,,
3048,株式会社ビックカメラ,2025-11-19,執行役員経営企画部担当部長,小堺 絢介,,,,
304A,フォルシア株式会社,2026-05-27,代表取締役社長,屋代 浩子,1965年3月31日,（注）４,"404,900",株
304A,フォルシア株式会社,2026-05-27,代表取締役,屋代 哲郎,1965年２月19日,（注）４,"406,700",株
304A,フォルシア株式会社,2026-05-27,常務取締役,山田 尚紀,1964年１月26日,（注）４,"12,000",株
304A,フォルシア株式会社,2026-05-27,取締役,三坂 紀,1968年３月４日,（注）４,"9,413",株
304A,フォルシア株式会社,2026-05-27,取締役,大西 孝明,1973年１月29日,（注）４,"8,475",株
304A,フォルシア株式会社,2026-05-27,取締役,稲岡 研士,1956年８月９日,（注）４,305,株
304A,フォルシア株式会社,2026-05-27,常勤監査役,谷本 真一,1963年４月27日,（注）５,"10,000",株
304A,フォルシア株式会社,2026-05-27,監査役,吉村 龍吾,1965年２月17日,（注）５,"10,000",株
304A,フォルシア株式会社,2026-05-27,監査役,西村 健,1965年９月19日,（注）５,305,株
304A,フォルシア株式会社,2026-05-27,代表取締役社長,屋代 浩子,1965年3月31日,（注）４,"404,900",株
304A,フォルシア株式会社,2026-05-27,代表取締役,屋代 哲郎,1965年２月19日,（注）４,"406,700",株
304A,フォルシア株式会社,2026-05-27,取締役,大西 孝明,1973年１月29日,（注）４,"8,475",株
304A,フォルシア株式会社,2026-05-27,取締役,稲岡 研士,1956年８月９日,（注）４,305,株
304A,フォルシア株式会社,2026-05-27,取締役,北上 真一,1957年10月20日,（注）４,,株
304A,フォルシア株式会社,2026-05-27,常勤監査役,谷本 真一,1963年４月27日,（注）５,"10,000",株
304A,フォルシア株式会社,2026-05-27,監査役,吉村 龍吾,1965年２月17日,（注）５,"10,000",株
304A,フォルシア株式会社,2026-05-27,監査役,西村 健,1965年９月19日,（注）５,305,株
3050,ＤＣＭホールディングス株式会社,2026-05-27,取締役会長,久田 宗弘,1946年12月19日生,注２,"159,320",株
3050,ＤＣＭホールディングス株式会社,2026-05-27,代表取締役社長 兼 ＣＥＯ,石黒 靖規,1963年１月20日生,注２,"4,193,262",株
3050,ＤＣＭホールディングス株式会社,2026-05-27,取締役執行役員 ホダカ事業管掌 ホダカ株式会社 代表取締役社長,本田 桂三,1961年10月21日生,注２,"12,630",株
3050,ＤＣＭホールディングス株式会社,2026-05-27,取締役執行役員 エクスプライス事業管掌 エクスプライス株式会社 代表取締役社長,清水 敏光,1963年11月１日生,注２,"12,040",株
3050,ＤＣＭホールディングス株式会社,2026-05-27,取締役執行役員 内部統制、経営戦略・広報管掌,中川 真行,1968年４月15日生,注２,"10,900",株
3050,ＤＣＭホールディングス株式会社,2026-05-27,取締役,大亀 裕,1960年５月26日生,注２,"443,400",株
3050,ＤＣＭホールディングス株式会社,2026-05-27,取締役 （常勤監査等委員）,寺田 健次郎,1963年12月４日生,注３,"11,700",株
3050,ＤＣＭホールディングス株式会社,2026-05-27,取締役 （監査等委員） 注１,増川 道夫,1952年９月16日生,注３,"9,700",株
3050,ＤＣＭホールディングス株式会社,2026-05-27,取締役 （監査等委員） 注１,宇野 直樹,1953年６月27日生,注３,"7,300",株
3050,ＤＣＭホールディングス株式会社,2026-05-27,取締役 （監査等委員） 注１,小口 光,1972年５月19日生,注３,,株
3050,ＤＣＭホールディングス株式会社,2026-05-27,取締役 （監査等委員） 注１,射場 瞬,1961年７月15日生,注３,,株
3050,ＤＣＭホールディングス株式会社,2026-05-27,取締役会長,久田 宗弘,1946年12月19日生,注２,"159,320",株
3050,ＤＣＭホールディングス株式会社,2026-05-27,代表取締役社長 兼 ＣＥＯ,石黒 靖規,1963年１月20日生,注２,"4,193,262",株
3050,ＤＣＭホールディングス株式会社,2026-05-27,取締役執行役員 ホダカ事業管掌 ホダカ株式会社 代表取締役社長,本田 桂三,1961年10月21日生,注２,"12,630",株
3050,ＤＣＭホールディングス株式会社,2026-05-27,取締役執行役員 エクスプライス事業管掌 エクスプライス株式会社 代表取締役社長,清水 敏光,1963年11月１日生,注２,"12,040",株
3050,ＤＣＭホールディングス株式会社,2026-05-27,取締役執行役員 内部統制、経営戦略・広報管掌,中川 真行,1968年４月15日生,注２,"10,900",株
3050,ＤＣＭホールディングス株式会社,2026-05-27,取締役,大亀 裕,1960年５月26日生,注２,"443,400",株
3050,ＤＣＭホールディングス株式会社,2026-05-27,取締役 （常勤監査等委員）,加藤 久和,1964年３月28日生,注３,"10,500",株
3050,ＤＣＭホールディングス株式会社,2026-05-27,取締役 （監査等委員）,宇野 直樹,1953年６月27日生,注３,"7,300",株
3050,ＤＣＭホールディングス株式会社,2026-05-27,取締役 （監査等委員）,射場 瞬,1961年７月15日生,注３,,株
3050,ＤＣＭホールディングス株式会社,2026-05-27,取締役 （監査等委員）,市江 正彦,1960年１月２日生,注３,,株
3050,ＤＣＭホールディングス株式会社,2026-05-27,取締役 （監査等委員）,神保 寛子,1976年２月19日生,注３,,株
