証券コード,会社名,基準日,セグメント,外部顧客への売上高,セグメント利益,単位
1301,株式会社　極洋,2026-03-31,水産事業,"195,039","5,750",百万円
1301,株式会社　極洋,2026-03-31,生鮮事業,"71,725","3,856",百万円
1301,株式会社　極洋,2026-03-31,食品事業,"65,528","2,534",百万円
1301,株式会社　極洋,2026-03-31,物流サービス,"1,737",347,百万円
1301,株式会社　極洋,2026-03-31,その他,581,278,百万円
1332,株式会社ニッスイ,2026-03-31,水産事業,"380,151","17,770",百万円
1332,株式会社ニッスイ,2026-03-31,食品事業,"500,985","29,632",百万円
1332,株式会社ニッスイ,2026-03-31,ファイン事業,"16,982",839,百万円
1332,株式会社ニッスイ,2026-03-31,物流事業,"16,615","2,410",百万円
1333,Ｕｍｉｏｓ株式会社,2026-03-31,水産資源,"129,371","2,445",百万円
1333,Ｕｍｉｏｓ株式会社,2026-03-31,食材流通,"769,943","15,777",百万円
1333,Ｕｍｉｏｓ株式会社,2026-03-31,加工食品,"185,752","10,074",百万円
1376,カネコ種苗株式会社,2026-05-31,種苗事業,"9,573,091","530,640",千円
1376,カネコ種苗株式会社,2026-05-31,花き事業,"8,345,015","68,652",千円
1376,カネコ種苗株式会社,2026-05-31,農材事業,"34,550,502","1,632,034",千円
1376,カネコ種苗株式会社,2026-05-31,施設材事業,"15,264,995","488,295",千円
1377,株式会社　サカタのタネ,2026-05-31,国内卸売事業,"13,193","4,835",百万円
1377,株式会社　サカタのタネ,2026-05-31,海外卸売事業,"82,862","20,981",百万円
1377,株式会社　サカタのタネ,2026-05-31,小売事業,"4,062",△440,百万円
1380,株式会社秋川牧園,2026-03-31,生産卸売,"6,622,508","558,220",千円
1380,株式会社秋川牧園,2026-03-31,直販,"1,660,852","35,221",千円
1381,株式会社アクシーズ,2025-06-30,"22,187","22,187","1,503",百万円
1381,株式会社アクシーズ,2025-06-30,"3,762","3,762",265,百万円
1381,株式会社アクシーズ,2025-06-30,476,476,352,百万円
1381,株式会社アクシーズ,2025-06-30,"26,426","26,426","2,121",百万円
1381,株式会社アクシーズ,2025-06-30,"26,426","26,426","2,121",百万円
1382,株式会社ホーブ,2025-06-30,"2,153,986","2,153,986","158,137",千円
1382,株式会社ホーブ,2025-06-30,"52,124","52,124","15,494",千円
1382,株式会社ホーブ,2025-06-30,"74,657","74,657","4,212",千円
1382,株式会社ホーブ,2025-06-30,"131,943","131,943","21,523",千円
1382,株式会社ホーブ,2025-06-30,"2,412,711","2,412,711","199,368",千円
1383,ベルグアース株式会社,2025-10-31,"6,380,056","6,380,056","449,461",千円
1383,ベルグアース株式会社,2025-10-31,"815,816","815,816","11,939",千円
1383,ベルグアース株式会社,2025-10-31,"107,587","107,587","△12,677",千円
1383,ベルグアース株式会社,2025-10-31,"7,303,461","7,303,461","448,724",千円
1407,株式会社ウエストホールディングス,2025-08-31,"1,130","32,668","4,546",百万円
1414,ショーボンドホールディングス株式会社,2025-06-30,国内建設,"86,776","19,827",百万円
1414,ショーボンドホールディングス株式会社,2025-06-30,その他（注１）,"3,935",920,百万円
1417,株式会社ミライト・ワン,2026-03-31,ミライト・ワン,"304,819","18,140",百万円
1417,株式会社ミライト・ワン,2026-03-31,ラントロビジョン,"44,317","2,697",百万円
1417,株式会社ミライト・ワン,2026-03-31,ＴＴＫ,"44,291","3,362",百万円
1417,株式会社ミライト・ワン,2026-03-31,ソルコム,"37,128","1,426",百万円
1417,株式会社ミライト・ワン,2026-03-31,四国通建,"37,765","4,033",百万円
1417,株式会社ミライト・ワン,2026-03-31,西武建設,"58,148","1,554",百万円
1417,株式会社ミライト・ワン,2026-03-31,ミライト・ワン・システムズ,"26,290","2,022",百万円
1417,株式会社ミライト・ワン,2026-03-31,国際航業,"49,616","1,844",百万円
1418,インターライフホールディングス株式会社,2026-02-28,"30,802","10,046,214","653,303",千円
1418,インターライフホールディングス株式会社,2026-02-28,"102,359","6,265,118","682,072",千円
1419,タマホーム株式会社,2026-05-31,"135,902","135,902","△1,066",百万円
1419,タマホーム株式会社,2026-05-31,"51,795","54,917","3,581",百万円
1419,タマホーム株式会社,2026-05-31,954,965,252,百万円
1419,タマホーム株式会社,2026-05-31,804,804,249,百万円
1419,タマホーム株式会社,2026-05-31,"189,457","192,590","3,017",百万円
1419,タマホーム株式会社,2026-05-31,"5,149","5,149",813,百万円
1419,タマホーム株式会社,2026-05-31,"194,607","197,740","3,830",百万円
141A,株式会社トライアルホールディングス,2025-06-30,流通小売,"799,773","23,726",百万円
141A,株式会社トライアルホールディングス,2025-06-30,リテールAI,985,55,百万円
1420,サンヨーホームズ株式会社,2026-03-31,"154,787","20,549,464","△226,980",千円
1420,サンヨーホームズ株式会社,2026-03-31,"169,111","24,647,894","3,306,494",千円
1420,サンヨーホームズ株式会社,2026-03-31,"323,899","45,197,358","3,079,513",千円
1420,サンヨーホームズ株式会社,2026-03-31,"87,371","5,305,221","94,264",千円
1420,サンヨーホームズ株式会社,2026-03-31,"411,270","50,502,579","3,173,778",千円
1430,ファーストコーポレーション株式会社,2026-05-31,建設事業,"27,224,836","3,036,483",千円
1430,ファーストコーポレーション株式会社,2026-05-31,不動産事業,"8,817,082","1,106,587",千円
1433,ベステラ株式会社,2026-01-31,解体・メンテナンス事業,"10,818,242","2,168,127",千円
1435,株式会社ｒｏｂｏｔ　ｈｏｍｅ,2025-12-31,"906,630","906,630","436,479",千円
1435,株式会社ｒｏｂｏｔ　ｈｏｍｅ,2025-12-31,"22,412,549","23,161,576","3,325,091",千円
1435,株式会社ｒｏｂｏｔ　ｈｏｍｅ,2025-12-31,"23,319,179","24,068,206","3,761,570",千円
143A,イシン株式会社,2026-03-31,"552,389","552,389","163,592",
143A,イシン株式会社,2026-03-31,"381,454","381,454","116,166",
143A,イシン株式会社,2026-03-31,"369,283","369,283","229,836",
143A,イシン株式会社,2026-03-31,"125,752","125,752","△71,761",
143A,イシン株式会社,2026-03-31,"1,428,880","1,428,880","437,833",
1443,技研ホールディングス株式会社,2026-03-31,─,"834,087","138,981",千円
1443,技研ホールディングス株式会社,2026-03-31,─,"2,420,145","428,400",千円
1443,技研ホールディングス株式会社,2026-03-31,"1,185,981","1,346,925","376,575",千円
1443,技研ホールディングス株式会社,2026-03-31,"1,185,981","4,601,158","943,957",千円
1443,技研ホールディングス株式会社,2026-03-31,"64,180","73,952","6,029",千円
1443,技研ホールディングス株式会社,2026-03-31,─,─,"△248,291",千円
1443,技研ホールディングス株式会社,2026-03-31,"1,250,161","4,675,110","701,695",千円
1444,株式会社ニッソウ,2025-07-31,リフォーム事業,"4,787,928","82,900",千円
1444,株式会社ニッソウ,2025-07-31,不動産流通事業,"197,391","10,508",千円
1444,株式会社ニッソウ,2025-07-31,不動産建設事業,"294,638","△23,316",千円
1447,ＳＡＡＦホールディングス株式会社,2026-03-31,"2,276,290","2,276,290","254,572",千円
1447,ＳＡＡＦホールディングス株式会社,2026-03-31,"5,681,013","5,681,013","195,786",千円
1447,ＳＡＡＦホールディングス株式会社,2026-03-31,"4,427,981","4,427,981","150,401",千円
1447,ＳＡＡＦホールディングス株式会社,2026-03-31,"17,179,647","17,179,647","237,859",千円
1447,ＳＡＡＦホールディングス株式会社,2026-03-31,"29,564,932","29,564,932","838,621",千円
1447,ＳＡＡＦホールディングス株式会社,2026-03-31,"15,742","15,742","△6,376",千円
1447,ＳＡＡＦホールディングス株式会社,2026-03-31,"29,580,675","29,580,675","832,244",千円
145A,株式会社Ｌ　ｉｓ　Ｂ,2025-12-31,"2,132,680","2,132,680","178,801",千円
150A,株式会社ＪＳＨ,2026-03-31,地方創生事業,"3,205,411","776,106",千円
150A,株式会社ＪＳＨ,2026-03-31,在宅医療事業,"1,440,338","△196,087",千円
1514,住石ホールディングス株式会社,2026-03-31,"9,954","9,954",551,百万円
1514,住石ホールディングス株式会社,2026-03-31,267,267,66,百万円
1514,住石ホールディングス株式会社,2026-03-31,436,436,120,百万円
1514,住石ホールディングス株式会社,2026-03-31,"10,658","10,658",736,百万円
1515,日鉄鉱業株式会社,2026-03-31,鉱石,"66,907","8,007",
1515,日鉄鉱業株式会社,2026-03-31,金属(注４),"120,289","6,744",
1515,日鉄鉱業株式会社,2026-03-31,機械・環境,"15,905","2,081",
1515,日鉄鉱業株式会社,2026-03-31,不動産,"4,746","3,318",
1515,日鉄鉱業株式会社,2026-03-31,再生可能エネルギー,"1,868",645,
1518,三井松島ホールディングス株式会社,2026-03-31,生活消費財,"27,109","2,459",百万円
1518,三井松島ホールディングス株式会社,2026-03-31,産業用製品,"33,255","5,061",百万円
1518,三井松島ホールディングス株式会社,2026-03-31,金融その他,"5,103","2,052",百万円
1518,三井松島ホールディングス株式会社,2026-03-31,エネルギー,,,百万円
156A,マテリアルグループ株式会社,2025-08-31,PRコンサルティング事業,"5,322,405","1,145,808",千円
156A,マテリアルグループ株式会社,2025-08-31,デジタルマーケティング事業,"697,563","169,913",千円
156A,マテリアルグループ株式会社,2025-08-31,PRプラットフォーム事業,"268,355","60,885",千円
1662,石油資源開発株式会社,2026-03-31,日本,"248,194","30,869",百万円
1662,石油資源開発株式会社,2026-03-31,北米,"52,377","17,082",百万円
1662,石油資源開発株式会社,2026-03-31,欧州,"8,072","1,626",百万円
1662,石油資源開発株式会社,2026-03-31,中東,"31,692","2,968",百万円
1663,Ｋ＆Ｏエナジーグループ株式会社,2025-12-31,"67,692","67,692","4,966",百万円
1663,Ｋ＆Ｏエナジーグループ株式会社,2025-12-31,"15,092","15,092","8,768",百万円
1663,Ｋ＆Ｏエナジーグループ株式会社,2025-12-31,"82,785","82,785","13,734",百万円
1663,Ｋ＆Ｏエナジーグループ株式会社,2025-12-31,"8,569","8,569",789,百万円
1663,Ｋ＆Ｏエナジーグループ株式会社,2025-12-31,"91,354","91,354","14,524",百万円
166A,株式会社タスキホールディングス,2025-09-30,LifePlatform事業,"74,211,636","8,667,926",千円
166A,株式会社タスキホールディングス,2025-09-30,FinanceConsulting事業,"193,979","108,742",千円
167A,リョーサン菱洋ホールディングス株式会社,2026-03-31,デバイス事業,"254,682","5,732",百万円
167A,リョーサン菱洋ホールディングス株式会社,2026-03-31,ソリューション事業,"105,265","4,368",百万円
1711,株式会社ＳＤＳホールディングス,2026-03-31,省エネルギー関連事業,"896,006","121,943",
1711,株式会社ＳＤＳホールディングス,2026-03-31,リノベーション事業,"4,355,510","228,097",
1716,第一カッター興業株式会社,2025-06-30,"19,614,445","19,614,445","2,763,420",千円
1716,第一カッター興業株式会社,2025-06-30,"614,133","614,133","56,507",千円
1716,第一カッター興業株式会社,2025-06-30,"20,228,578","20,228,578","2,819,928",千円
1716,第一カッター興業株式会社,2025-06-30,"20,228,578","20,228,578","2,819,928",千円
1718,美樹工業株式会社,2025-12-31,"3,045,773","22,572,634","1,963,177",千円
1718,美樹工業株式会社,2025-12-31,"1,001,118","13,330,023","599,672",千円
1718,美樹工業株式会社,2025-12-31,"4,046,891","35,902,657","2,562,850",千円
1719,株式会社安藤・間,2026-03-31,土木事業,"140,863","15,484",百万円
1719,株式会社安藤・間,2026-03-31,建築事業,"262,273","24,371",百万円
1719,株式会社安藤・間,2026-03-31,グループ事業,"26,522","2,020",百万円
1720,東急建設株式会社,2026-03-31,建設事業（建築）,"259,236","15,499",百万円
1720,東急建設株式会社,2026-03-31,建設事業（土木）,"74,350","9,731",百万円
1720,東急建設株式会社,2026-03-31,不動産事業等,"7,593","1,080",百万円
1721,コムシスホールディングス株式会社,2026-03-31,"1,809","1,809","14,092",
1721,コムシスホールディングス株式会社,2026-03-31,"209,206","630,658","64,597",
1723,日本電技株式会社,2026-03-31,"41,697","41,697","16,563",百万円
1723,日本電技株式会社,2026-03-31,"4,674","4,674",867,百万円
1723,日本電技株式会社,2026-03-31,"46,371","46,371","17,431",百万円
1736,株式会社　オーテック,2026-03-31,環境システム事業,"21,708,511","6,075,179",千円
1736,株式会社　オーテック,2026-03-31,管工機材事業,"12,013,750","△80,732",千円
1738,株式会社ニットー,2026-03-31,"24,774","7,736,240","399,611",
1762,株式会社髙松コンストラクショングループ,2026-03-31,建築事業,"172,838","12,465",百万円
1762,株式会社髙松コンストラクショングループ,2026-03-31,土木事業,"100,736","6,514",百万円
1762,株式会社髙松コンストラクショングループ,2026-03-31,不動産事業,"84,100","6,084",百万円
1764,工藤建設株式会社,2025-06-30,"12,869,422","12,869,422","774,121",千円
1764,工藤建設株式会社,2025-06-30,"1,491,750","3,512,123","206,811",千円
1764,工藤建設株式会社,2025-06-30,"6,109,746","6,115,746","311,561",千円
1764,工藤建設株式会社,2025-06-30,"20,470,920","22,497,292","1,292,493",千円
1766,東建コーポレーション株式会社,2026-04-30,建設事業,"164,106","17,219",百万円
1766,東建コーポレーション株式会社,2026-04-30,不動産賃貸事業,"220,237","14,242",百万円
176A,レジル株式会社,2025-06-30,"26,823,989","26,823,989","2,875,081",千円
176A,レジル株式会社,2025-06-30,"18,562,909","18,562,909","2,405,891",千円
176A,レジル株式会社,2025-06-30,"1,260,855","1,260,855","308,384",千円
176A,レジル株式会社,2025-06-30,"46,647,755","46,647,755","5,589,357",千円
1770,藤田エンジニアリング株式会社,2026-03-31,"14,692,555","14,692,555","1,070,616",千円
1770,藤田エンジニアリング株式会社,2026-03-31,"6,625,535","6,625,535","468,998",千円
1770,藤田エンジニアリング株式会社,2026-03-31,"7,154,351","7,154,351","831,684",千円
1770,藤田エンジニアリング株式会社,2026-03-31,"1,296,998","1,296,998","97,035",千円
1770,藤田エンジニアリング株式会社,2026-03-31,"29,769,440","29,769,440","2,468,335",千円
1771,日本乾溜工業株式会社,2025-09-30,建設事業,"14,745,476","1,203,501",千円
1771,日本乾溜工業株式会社,2025-09-30,防災安全事業,"2,848,958","311,140",千円
177A,コージンバイオ株式会社,2026-03-31,"2,539,559","2,539,559","946,460",千円
177A,コージンバイオ株式会社,2026-03-31,"1,424,690","1,424,690","△94,634",千円
177A,コージンバイオ株式会社,2026-03-31,"974,775","974,775","79,945",千円
177A,コージンバイオ株式会社,2026-03-31,"4,939,025","4,939,025","931,771",千円
1783,株式会社ｆａｎｔａｓｉｓｔａ,2025-09-30,リアルエステート事業(千円),"9,048,994","709,706",
1783,株式会社ｆａｎｔａｓｉｓｔａ,2025-09-30,ヘルスケア事業（千円）,"137,809","△1,071",
1783,株式会社ｆａｎｔａｓｉｓｔａ,2025-09-30,クリーンエネルギー事業(千円),"235,538","71,101",
1783,株式会社ｆａｎｔａｓｉｓｔａ,2025-09-30,合計（千円）,"9,422,342","779,735",
1783,株式会社ｆａｎｔａｓｉｓｔａ,2025-09-30,調整額(千円)(注)２,,"△568,045",
1786,オリエンタル白石株式会社,2026-03-31,建設事業,"56,828","4,725",
1786,オリエンタル白石株式会社,2026-03-31,鋼構造物事業,"7,861",307,
1786,オリエンタル白石株式会社,2026-03-31,港湾事業,"3,935",241,
1788,株式会社三東工業社,2025-06-30,"4,696,764","4,696,764","272,869",千円
1788,株式会社三東工業社,2025-06-30,"3,449,783","3,449,783","27,953",千円
1788,株式会社三東工業社,2025-06-30,"19,103","53,179","26,209",千円
1788,株式会社三東工業社,2025-06-30,"8,165,651","8,199,727","327,031",千円
1795,株式会社マサル,2025-09-30,"9,165,016","9,165,016","568,655",千円
1795,株式会社マサル,2025-09-30,"1,482,672","1,482,672","69,059",千円
1795,株式会社マサル,2025-09-30,"10,647,689","10,647,689","637,714",千円
1798,株式会社守谷商会,2026-03-31,建築事業,"42,865,920","5,154,061",千円
1798,株式会社守谷商会,2026-03-31,土木事業,"7,600,182","774,639",千円
1798,株式会社守谷商会,2026-03-31,不動産事業,"389,591","△49,770",千円
1801,大成建設株式会社,2026-03-31,土木,"679,740","95,557",百万円
1801,大成建設株式会社,2026-03-31,建築,"1,248,588","78,370",百万円
1801,大成建設株式会社,2026-03-31,開発,"144,174","23,952",百万円
1802,株式会社大林組,2026-03-31,国内建築,"1,138,762","103,615",百万円
1802,株式会社大林組,2026-03-31,海外建築,"507,992","11,415",百万円
1802,株式会社大林組,2026-03-31,国内土木,"426,623","40,649",百万円
1802,株式会社大林組,2026-03-31,海外土木,"336,000","15,238",百万円
1802,株式会社大林組,2026-03-31,不動産,"106,798","19,924",百万円
1803,清水建設株式会社,2026-03-31,当社建設事業,"1,477,782","90,681",百万円
1803,清水建設株式会社,2026-03-31,当社投資開発事業,"52,581","16,734",百万円
1803,清水建設株式会社,2026-03-31,道路舗装事業,"155,745","10,585",百万円
1803,清水建設株式会社,2026-03-31,その他(注２),"371,693","30,527",百万円
1808,株式会社　長谷工コーポレーション,2026-03-31,建設関連事業,"820,088","68,536",百万円
1808,株式会社　長谷工コーポレーション,2026-03-31,不動産関連事業,"290,209","35,579",百万円
1808,株式会社　長谷工コーポレーション,2026-03-31,管理運営事業,"158,525","8,214",百万円
1808,株式会社　長谷工コーポレーション,2026-03-31,海外事業,"4,314","△6,081",百万円
1810,松井建設株式会社,2026-03-31,"94,470","94,470","6,203",
1810,松井建設株式会社,2026-03-31,456,"1,567",587,
1810,松井建設株式会社,2026-03-31,"94,926","96,037","6,791",
1811,株式会社錢高組,2026-03-31,建設事業,"122,803","4,199",百万円
1811,株式会社錢高組,2026-03-31,不動産事業,"2,694","1,532",百万円
1815,鉄建建設株式会社,2026-03-31,土木工事,"91,165","3,583",百万円
1815,鉄建建設株式会社,2026-03-31,建築工事,"83,229","1,030",百万円
1815,鉄建建設株式会社,2026-03-31,不動産事業,"5,002",706,百万円
1815,鉄建建設株式会社,2026-03-31,付帯事業,232,142,百万円
1820,西松建設株式会社,2026-03-31,土木事業,"121,904","9,120",百万円
1820,西松建設株式会社,2026-03-31,建築事業,"216,729","13,790",百万円
1820,西松建設株式会社,2026-03-31,国際事業,"31,630","△2,363",百万円
1820,西松建設株式会社,2026-03-31,アセットバリューアッド事業,"25,016","7,730",百万円
1820,西松建設株式会社,2026-03-31,地域環境ソリューション事業,748,△805,百万円
1822,大豊建設株式会社,2026-03-31,"70,314","70,314","3,161",百万円
1822,大豊建設株式会社,2026-03-31,"64,800","64,800","3,119",百万円
1822,大豊建設株式会社,2026-03-31,"4,704","4,704",614,百万円
1822,大豊建設株式会社,2026-03-31,"139,818","139,818","6,895",百万円
1826,佐田建設株式会社,2026-03-31,"11,213","11,213","1,455",百万円
1826,佐田建設株式会社,2026-03-31,"25,125","25,125","2,455",百万円
1826,佐田建設株式会社,2026-03-31,431,431,△1,百万円
1826,佐田建設株式会社,2026-03-31,"36,769","36,769","3,909",百万円
1826,佐田建設株式会社,2026-03-31,"36,769","36,769","3,909",百万円
1827,株式会社ナカノフドー建設,2026-03-31,日本,"75,500","2,202",百万円
1827,株式会社ナカノフドー建設,2026-03-31,東南アジア,"61,054","2,447",百万円
1828,田辺工業株式会社,2026-03-31,設備工事事業,"50,786,444","6,437,984",千円
1828,田辺工業株式会社,2026-03-31,表面処理事業,"1,483,624","36,009",千円
1833,株式会社奥村組,2026-03-31,"115,248","115,248","10,103",百万円
1833,株式会社奥村組,2026-03-31,"180,142","180,142","6,076",百万円
1833,株式会社奥村組,2026-03-31,"2,825","7,206",△730,百万円
1833,株式会社奥村組,2026-03-31,"298,216","302,597","15,449",百万円
1833,株式会社奥村組,2026-03-31,"4,604","4,604",503,百万円
1833,株式会社奥村組,2026-03-31,"302,820","307,202","15,953",百万円
1835,東鉄工業株式会社,2026-03-31,"107,980,676","107,980,676","9,829,747",千円
1835,東鉄工業株式会社,2026-03-31,"45,905,312","45,905,312","6,367,991",千円
1835,東鉄工業株式会社,2026-03-31,"153,885,989","153,885,989","16,197,738",千円
1835,東鉄工業株式会社,2026-03-31,"8,671,121","9,132,364","1,400,300",千円
1835,東鉄工業株式会社,2026-03-31,"162,557,110","163,018,353","17,598,039",千円
1840,株式会社土屋ホールディングス,2025-10-31,住宅事業,"18,447,597","△296,134",千円
1840,株式会社土屋ホールディングス,2025-10-31,リフォーム事業,"3,910,008","△25,581",千円
1840,株式会社土屋ホールディングス,2025-10-31,不動産事業,"8,712,582","420,601",千円
1840,株式会社土屋ホールディングス,2025-10-31,賃貸事業,"386,649","92,313",千円
1844,株式会社大盛工業,2025-07-31,建設事業,"4,814,967","503,577",千円
1844,株式会社大盛工業,2025-07-31,不動産事業,"600,356","116,737",千円
1844,株式会社大盛工業,2025-07-31,ＯＬＹ事業,"579,173","89,581",千円
1844,株式会社大盛工業,2025-07-31,通信関連事業,"449,345","75,177",千円
1847,株式会社イチケン,2026-03-31,建設事業,"105,893","11,320",百万円
1847,株式会社イチケン,2026-03-31,不動産事業,282,100,百万円
1848,株式会社富士ピー・エス,2026-03-31,土木事業,"23,053","4,124",百万円
1848,株式会社富士ピー・エス,2026-03-31,建築事業,"9,084",942,百万円
1850,南海辰村建設株式会社,2026-03-31,建設事業,"45,612","2,837",百万円
1850,南海辰村建設株式会社,2026-03-31,不動産事業,184,31,百万円
1852,株式会社淺沼組,2026-03-31,"12,338","142,266","15,447",百万円
1852,株式会社淺沼組,2026-03-31,"1,288","29,252","3,054",百万円
1852,株式会社淺沼組,2026-03-31,"13,627","171,518","18,502",百万円
1852,株式会社淺沼組,2026-03-31,"2,454","3,776",813,百万円
1852,株式会社淺沼組,2026-03-31,"16,082","175,294","19,316",百万円
1860,戸田建設株式会社,2026-03-31,建築,"360,837","26,972",
1860,戸田建設株式会社,2026-03-31,土木,"121,562","4,620",
1860,戸田建設株式会社,2026-03-31,国内投資開発,"31,276","2,060",
1860,戸田建設株式会社,2026-03-31,国内グループ会社,"61,033","2,779",
1860,戸田建設株式会社,2026-03-31,海外グループ会社,"67,699","5,623",
1860,戸田建設株式会社,2026-03-31,環境・エネルギー,"3,327","△1,282",
1861,株式会社　熊谷組,2026-03-31,"115,978","115,978","6,053",百万円
1861,株式会社　熊谷組,2026-03-31,"255,079","255,537","14,160",百万円
1861,株式会社　熊谷組,2026-03-31,"114,714","116,182","7,086",百万円
1861,株式会社　熊谷組,2026-03-31,"485,772","487,698","27,301",百万円
1866,北野建設株式会社,2026-03-31,424,"74,867","4,127",百万円
1867,株式会社植木組,2026-03-31,建設事業,"57,049,374","3,257,562",千円
1867,株式会社植木組,2026-03-31,不動産事業,"2,426,374","227,311",千円
1867,株式会社植木組,2026-03-31,建材製造販売事業,"681,401","120,165",千円
1869,名工建設株式会社,2026-03-31,建設事業,"95,744","13,019",百万円
1869,名工建設株式会社,2026-03-31,不動産事業等,"1,209",580,百万円
1870,矢作建設工業株式会社,2026-03-31,建築セグメント,"112,494","8,535",百万円
1870,矢作建設工業株式会社,2026-03-31,土木セグメント,"38,481","6,111",百万円
1870,矢作建設工業株式会社,2026-03-31,不動産セグメント,"18,424","4,935",百万円
1871,ピーエス・コンストラクション株式会社,2026-03-31,土木事業,"75,814","14,167",百万円
1871,ピーエス・コンストラクション株式会社,2026-03-31,建築事業,"62,905","5,952",百万円
1871,ピーエス・コンストラクション株式会社,2026-03-31,関係会社事業,"10,244","4,488",百万円
1871,ピーエス・コンストラクション株式会社,2026-03-31,その他事業,406,126,百万円
1873,株式会社日本ハウスホールディングス,2026-04-30,住宅事業,"25,316","3,331",
1873,株式会社日本ハウスホールディングス,2026-04-30,ホテル事業,"4,144",△373,
1873,株式会社日本ハウスホールディングス,2026-04-30,その他事業,158,122,
1878,大東建託株式会社,2026-03-31,"544,283","544,283","45,148",百万円
1878,大東建託株式会社,2026-03-31,"99,543","1,203,091","85,554",百万円
1878,大東建託株式会社,2026-03-31,"117,774","147,083","18,535",百万円
1878,大東建託株式会社,2026-03-31,166,"12,808","6,386",百万円
1878,大東建託株式会社,2026-03-31,"761,768","1,907,267","155,624",百万円
1878,大東建託株式会社,2026-03-31,"76,770","77,475","13,133",百万円
1878,大東建託株式会社,2026-03-31,"838,538","1,984,743","168,757",百万円
1879,新日本建設株式会社,2026-03-31,"83,620","83,620","7,901",百万円
1879,新日本建設株式会社,2026-03-31,"53,388","54,807","13,550",百万円
1879,新日本建設株式会社,2026-03-31,"137,008","138,428","21,452",百万円
1882,東亜道路工業株式会社,2026-03-31,建設事業,"74,298","4,413",百万円
1882,東亜道路工業株式会社,2026-03-31,製造販売・環境事業等,"47,028","3,835",百万円
1887,日本国土開発株式会社,2026-05-31,238,"35,859",318,百万円
1887,日本国土開発株式会社,2026-05-31,40,"92,365","6,987",百万円
1887,日本国土開発株式会社,2026-05-31,"1,302","2,470",507,百万円
1888,若築建設株式会社,2026-03-31,建設事業,"102,853","8,403",百万円
1888,若築建設株式会社,2026-03-31,不動産事業,479,253,百万円
1892,徳倉建設株式会社,2026-03-31,建築,"44,909","4,407",百万円
1892,徳倉建設株式会社,2026-03-31,土木,"22,057","2,838",百万円
1892,徳倉建設株式会社,2026-03-31,不動産,624,314,百万円
1893,五洋建設株式会社,2026-03-31,"1,033","325,887","40,200",百万円
1893,五洋建設株式会社,2026-03-31,0,"273,431","16,813",百万円
1897,金下建設株式会社,2025-12-31,建設事業,"8,391",654,百万円
1897,金下建設株式会社,2025-12-31,製造・販売事業等,446,12,百万円
1898,世紀東急工業株式会社,2026-03-31,建設事業,"74,658","7,252",
1898,世紀東急工業株式会社,2026-03-31,舗装資材製造販売事業,"20,467","2,999",
1899,株式会社福田組,2025-12-31,"1,717","164,947","7,503",百万円
1899,株式会社福田組,2025-12-31,"1,442","2,306",390,百万円
1899,株式会社福田組,2025-12-31,"3,159","167,253","7,894",百万円
1904,大成温調株式会社,2026-03-31,"79,894","47,526,867","3,456,530",千円
1905,株式会社テノックス,2026-03-31,"12,250","20,477,733","1,267,219",千円
1926,ライト工業株式会社,2026-03-31,建設事業,"139,027","17,153",百万円
1926,ライト工業株式会社,2026-03-31,その他（注）,189,46,百万円
1934,株式会社ユアテック,2026-03-31,設備工事業,"248,940","17,330",百万円
1934,株式会社ユアテック,2026-03-31,その他(注)１,"3,321",800,百万円
1938,日本リーテック株式会社,2026-03-31,電気設備工事業,"70,482,870","10,152,183",千円
1938,日本リーテック株式会社,2026-03-31,兼業事業,"3,164,449","418,602",千円
1938,日本リーテック株式会社,2026-03-31,不動産賃貸事業,"397,578","203,837",千円
1939,株式会社四電工,2026-03-31,"93,860","93,860","7,311",百万円
1941,株式会社中電工,2026-03-31,3,"204,448","25,655",
1941,株式会社中電工,2026-03-31,14,"23,401",677,
1941,株式会社中電工,2026-03-31,18,"227,850","26,332",
1942,株式会社関電工,2026-03-31,設備工事業,"731,647","80,687",百万円
1942,株式会社関電工,2026-03-31,その他(注１),"10,374","2,446",百万円
1945,株式会社東京エネシス,2026-03-31,設備工事業,"77,297","10,688",百万円
1945,株式会社東京エネシス,2026-03-31,その他,"6,110",70,百万円
1946,株式会社トーエネック,2026-03-31,設備工事業,"254,991","25,544",百万円
1946,株式会社トーエネック,2026-03-31,エネルギー事業,"12,704","3,514",百万円
1948,株式会社弘電社,2026-03-31,"35,474","35,474","5,447",百万円
1948,株式会社弘電社,2026-03-31,"8,759","8,759",344,百万円
1948,株式会社弘電社,2026-03-31,"44,234","44,234","5,791",百万円
1951,エクシオグループ株式会社,2026-03-31,通信キャリア,"255,693","23,334",百万円
1951,エクシオグループ株式会社,2026-03-31,都市インフラ,"248,455","16,479",百万円
1951,エクシオグループ株式会社,2026-03-31,システムソリューション,"283,566","12,201",百万円
1959,株式会社クラフティア,2026-03-31,設備工事業,"457,524","51,219",百万円
1959,株式会社クラフティア,2026-03-31,その他(注)１,"18,598","3,292",百万円
1960,株式会社サンテック,2026-03-31,"60,505","60,505","3,376",百万円
1960,株式会社サンテック,2026-03-31,572,572,△59,百万円
1960,株式会社サンテック,2026-03-31,"61,077","61,077","3,317",百万円
1961,三機工業株式会社,2026-03-31,建築設備事業,"212,088","28,054",百万円
1961,三機工業株式会社,2026-03-31,機械システム事業,"9,765",△918,百万円
1961,三機工業株式会社,2026-03-31,環境システム事業,"30,080","1,146",百万円
1961,三機工業株式会社,2026-03-31,不動産事業,"2,588",837,百万円
1963,日揮ホールディングス株式会社,2026-03-31,総合エンジニアリング,"679,588","33,641",百万円
1963,日揮ホールディングス株式会社,2026-03-31,機能材製造,"56,995","7,676",百万円
1964,中外炉工業株式会社,2026-03-31,熱処理事業,"18,005","1,411",百万円
1964,中外炉工業株式会社,2026-03-31,プラント事業,"13,493","1,677",百万円
1964,中外炉工業株式会社,2026-03-31,開発事業,"1,981",△247,百万円
1968,太平電業株式会社,2026-03-31,"44,531","44,531","2,966",百万円
1968,太平電業株式会社,2026-03-31,"97,125","97,125","16,113",百万円
1968,太平電業株式会社,2026-03-31,"141,657","141,657","19,079",百万円
1969,高砂熱学工業株式会社,2026-03-31,設備工事事業,"415,383","46,766",百万円
1969,高砂熱学工業株式会社,2026-03-31,設備機器の製造・販売事業,"8,414",907,百万円
196A,株式会社ＭＦＳ,2025-06-30,モゲチェック事業,"1,982,124","465,090",千円
196A,株式会社ＭＦＳ,2025-06-30,INVASE事業,"935,090","△268,984",千円
1976,明星工業株式会社,2026-03-31,"54,145","54,145","7,343",百万円
1976,明星工業株式会社,2026-03-31,"6,154","6,154",237,百万円
1976,明星工業株式会社,2026-03-31,"60,299","60,299","7,581",百万円
1979,株式会社大気社,2026-03-31,環境システム事業(百万円),"183,043","20,820",
1979,株式会社大気社,2026-03-31,塗装システム事業(百万円),"103,084","4,365",
1979,株式会社大気社,2026-03-31,計(百万円),"286,127","25,185",
1979,株式会社大気社,2026-03-31,調整額(百万円)(注１),,△395,
1982,日比谷総合設備株式会社,2026-03-31,"86,288","86,288","10,110",百万円
1982,日比谷総合設備株式会社,2026-03-31,"5,281","5,281",415,百万円
1982,日比谷総合設備株式会社,2026-03-31,"2,510","2,510",128,百万円
1982,日比谷総合設備株式会社,2026-03-31,"94,080","94,080","10,655",百万円
198A,ＰｏｓｔＰｒｉｍｅ株式会社,2026-05-31,金融・経済情報プラットフォーム事業,"897,378","281,057",千円
198A,ＰｏｓｔＰｒｉｍｅ株式会社,2026-05-31,取引プラットフォーム事業,,"△118,940",千円
1992,神田通信機株式会社,2026-03-31,情報通信事業,"6,226,439","539,733",千円
1992,神田通信機株式会社,2026-03-31,照明制御事業,"490,636","△99,363",千円
1992,神田通信機株式会社,2026-03-31,不動産賃貸事業,"60,781","△1,887",千円
1994,高橋カーテンウォール工業株式会社,2025-12-31,PCカーテンウォール事業,"6,249,720","20,047",千円
1994,高橋カーテンウォール工業株式会社,2025-12-31,アクア事業,"1,026,124","95,061",千円
1999,サイタホールディングス株式会社,2025-06-30,-,"3,271,645","394,491",千円
1999,サイタホールディングス株式会社,2025-06-30,-,"3,934,463","846,892",千円
1999,サイタホールディングス株式会社,2025-06-30,-,"292,768","△40,656",千円
1999,サイタホールディングス株式会社,2025-06-30,-,"7,498,878","1,200,728",千円
1999,サイタホールディングス株式会社,2025-06-30,"30,149","343,034","33,278",千円
1999,サイタホールディングス株式会社,2025-06-30,"30,149","7,841,913","1,234,006",千円
1999,サイタホールディングス株式会社,2025-06-30,-,,"△248,002",千円
1999,サイタホールディングス株式会社,2025-06-30,"30,149","7,841,913","986,004",千円
2001,株式会社ニップン,2026-03-31,"120,000","120,000","9,471",百万円
2001,株式会社ニップン,2026-03-31,"243,647","243,694","9,065",百万円
2001,株式会社ニップン,2026-03-31,"363,648","363,694","18,536",百万円
2001,株式会社ニップン,2026-03-31,"53,750","54,730","3,656",百万円
2001,株式会社ニップン,2026-03-31,"417,398","418,425","22,193",百万円
2002,株式会社日清製粉グループ本社,2026-03-31,製粉,"428,533","27,724",百万円
2002,株式会社日清製粉グループ本社,2026-03-31,食品,"216,620","8,224",百万円
2002,株式会社日清製粉グループ本社,2026-03-31,中食・惣菜,"164,552","5,680",百万円
2003,日東富士製粉株式会社,2026-03-31,"60,492","60,492","3,523",百万円
2003,日東富士製粉株式会社,2026-03-31,"12,219","12,219",216,百万円
2003,日東富士製粉株式会社,2026-03-31,65,65,39,百万円
2003,日東富士製粉株式会社,2026-03-31,"72,777","72,777","3,778",百万円
2004,昭和産業株式会社,2026-03-31,食品事業,"271,828","11,323",百万円
2004,昭和産業株式会社,2026-03-31,飼料事業,"58,740","1,005",百万円
2053,中部飼料株式会社,2026-03-31,飼料,"191,181","6,486",百万円
2055,日和産業株式会社,2026-03-31,"43,669","43,669","1,485",百万円
2055,日和産業株式会社,2026-03-31,"1,910","1,910",5,百万円
2055,日和産業株式会社,2026-03-31,"45,579","45,579","1,490",百万円
2055,日和産業株式会社,2026-03-31,-,,△34,百万円
2055,日和産業株式会社,2026-03-31,"45,579","45,579","1,456",百万円
2058,株式会社ヒガシマル,2026-03-31,"7,740","7,740",918,
2058,株式会社ヒガシマル,2026-03-31,"5,591","5,591",△108,
2058,株式会社ヒガシマル,2026-03-31,"13,332","13,332",809,
208A,株式会社構造計画研究所ホールディングス,2025-06-30,"11,969,831","11,969,831","4,946,713",千円
208A,株式会社構造計画研究所ホールディングス,2025-06-30,"7,597,095","7,597,095","1,365,604",千円
208A,株式会社構造計画研究所ホールディングス,2025-06-30,"19,566,927","19,566,927","6,312,317",千円
208A,株式会社構造計画研究所ホールディングス,2025-06-30,"570,447","570,447","185,281",千円
208A,株式会社構造計画研究所ホールディングス,2025-06-30,"20,137,374","20,137,374","6,497,599",千円
2108,日本甜菜製糖株式会社,2026-03-31,"46,694","46,694","△2,557",百万円
2108,日本甜菜製糖株式会社,2026-03-31,"2,801","2,801",171,百万円
2108,日本甜菜製糖株式会社,2026-03-31,"12,744","12,744","1,363",百万円
2108,日本甜菜製糖株式会社,2026-03-31,"3,987","3,987",270,百万円
2109,ＤＭ三井製糖株式会社,2026-03-31,"152,201","152,201","11,440",百万円
2109,ＤＭ三井製糖株式会社,2026-03-31,"25,348","25,348","1,007",百万円
2112,塩水港精糖株式会社,2026-03-31,"31,296","31,296","4,193",
2112,塩水港精糖株式会社,2026-03-31,"1,562","1,562",282,
2114,フジ日本株式会社,2026-03-31,"13,444","13,444","2,507",
2114,フジ日本株式会社,2026-03-31,"14,121","14,121","1,646",
2121,株式会社ＭＩＸＩ,2026-03-31,"83,889","83,889","43,050",
2121,株式会社ＭＩＸＩ,2026-03-31,"65,848","65,848","5,088",
2121,株式会社ＭＩＸＩ,2026-03-31,"17,159","17,159",876,
2122,株式会社インタースペース,2025-09-30,パフォーマンスマーケティング,"5,838,530","307,968",千円
2122,株式会社インタースペース,2025-09-30,メディア,"1,686,598","63,237",千円
2124,株式会社ジェイエイシーリクルートメント,2025-12-31,"41,660","41,660","11,122",
2124,株式会社ジェイエイシーリクルートメント,2025-12-31,397,397,92,
2124,株式会社ジェイエイシーリクルートメント,2025-12-31,"4,031","4,031",287,
2124,株式会社ジェイエイシーリクルートメント,2025-12-31,"46,089","46,089","11,502",
2138,クルーズ株式会社,2026-03-31,ITアウトソーシング事業（注）３,"7,713,482","274,939",千円
2138,クルーズ株式会社,2026-03-31,EC事業（注）４,"3,740,249","73,006",千円
2146,ＵＴグループ株式会社,2026-03-31,"52,036","52,036","4,691",
2146,ＵＴグループ株式会社,2026-03-31,"37,572","37,572","3,422",
2146,ＵＴグループ株式会社,2026-03-31,"62,580","62,580","1,989",
2146,ＵＴグループ株式会社,2026-03-31,"14,665","14,665",554,
2146,ＵＴグループ株式会社,2026-03-31,"166,855","166,855","10,658",
2157,株式会社コシダカホールディングス,2025-08-31,"67,162,793","67,162,793","12,405,661",千円
2157,株式会社コシダカホールディングス,2025-08-31,"293,289","1,345,234","222,416",千円
2157,株式会社コシダカホールディングス,2025-08-31,"879,122","879,122","37,442",千円
2157,株式会社コシダカホールディングス,2025-08-31,"68,335,206","69,387,151","12,665,520",千円
2158,株式会社ＦＲＯＮＴＥＯ,2026-03-31,"281,414","1,033,237","△16,185",千円
215A,株式会社タイミー,2026-04-30,タイミー事業,"20,370,160","3,919,510",
215A,株式会社タイミー,2026-04-30,その他（注）,"636,276","△107,005",
2168,株式会社パソナグループ,2026-05-31,"266,211","266,211","9,990",
2168,株式会社パソナグループ,2026-05-31,"14,010","14,010","4,244",
2168,株式会社パソナグループ,2026-05-31,"11,717","11,717",266,
2168,株式会社パソナグループ,2026-05-31,"9,195","9,195",475,
2168,株式会社パソナグループ,2026-05-31,"7,362","7,362","△1,491",
2168,株式会社パソナグループ,2026-05-31,"308,496","308,496","13,486",
2169,ＣＤＳ株式会社,2025-12-31,技術情報ソリューション事業,"3,485,637","843,811",千円
2169,ＣＤＳ株式会社,2025-12-31,ＦＡロボットソリューション事業,"942,347","45,722",千円
2169,ＣＤＳ株式会社,2025-12-31,デジタルソリューション事業,"4,399,253","513,944",千円
2172,株式会社インサイト,2025-06-30,"2,413,855","2,413,855","233,486",千円
2179,株式会社成学社,2026-03-31,"15,050,165","15,050,165","1,005,859",
2180,株式会社サニーサイドアップグループ,2025-06-30,ブランドコミュニケーション事業,"16,225,178","2,727,158",千円
2180,株式会社サニーサイドアップグループ,2025-06-30,フードブランディング事業,"3,295,478","93,014",千円
2180,株式会社サニーサイドアップグループ,2025-06-30,ビジネスディベロップメント事業,"66,572","16,207",千円
2198,アイ・ケイ・ケイホールディングス株式会社,2025-10-31,その他（注１）,,△403,
2201,森永製菓株式会社,2026-03-31,食料品製造,"225,167","22,327",百万円
2201,森永製菓株式会社,2026-03-31,食料卸売,"8,798",690,百万円
2201,森永製菓株式会社,2026-03-31,不動産及びサービス,"1,897",880,百万円
2206,江崎グリコ株式会社,2025-12-31,"47,859","47,859","△1,513",百万円
2206,江崎グリコ株式会社,2025-12-31,"66,492","66,492","△7,145",百万円
2206,江崎グリコ株式会社,2025-12-31,"65,950","65,950","4,376",百万円
2206,江崎グリコ株式会社,2025-12-31,"13,172","13,172","2,256",百万円
2206,江崎グリコ株式会社,2025-12-31,"77,212","77,212",698,百万円
2206,江崎グリコ株式会社,2025-12-31,"90,702","90,702","8,234",百万円
2206,江崎グリコ株式会社,2025-12-31,"361,390","361,390","6,907",百万円
2207,株式会社ｍｅｉｔｏ,2026-03-31,食品事業,"25,166","1,739",
2207,株式会社ｍｅｉｔｏ,2026-03-31,化成品事業,"3,546",808,
2207,株式会社ｍｅｉｔｏ,2026-03-31,不動産事業,393,198,
2209,井村屋グループ株式会社,2026-03-31,流通事業,"48,881,433","4,417,371",千円
2209,井村屋グループ株式会社,2026-03-31,調味料事業,"4,605,293","662,863",千円
2212,山崎製パン株式会社,2025-12-31,"1,215,940","1,215,940","58,448",百万円
2212,山崎製パン株式会社,2025-12-31,"79,790","79,790",△884,百万円
2212,山崎製パン株式会社,2025-12-31,"15,493","15,699","3,351",百万円
2212,山崎製パン株式会社,2025-12-31,"1,311,225","1,311,430","60,916",百万円
2215,第一屋製パン株式会社,2025-12-31,"28,653","28,653","1,434",
2217,モロゾフ株式会社,2026-01-31,洋菓子製造販売事業,"34,199,885","2,628,699",千円
2217,モロゾフ株式会社,2026-01-31,喫茶・レストラン事業,"2,073,486","22,589",千円
2220,亀田製菓株式会社,2026-03-31,"72,309","72,309","5,139",百万円
2220,亀田製菓株式会社,2026-03-31,"49,477","49,477","1,792",百万円
2220,亀田製菓株式会社,2026-03-31,"8,820","8,820",451,百万円
2220,亀田製菓株式会社,2026-03-31,"130,607","130,607","7,384",百万円
2220,亀田製菓株式会社,2026-03-31,"7,445","7,445",95,百万円
2220,亀田製菓株式会社,2026-03-31,"138,052","138,052","7,479",百万円
2222,寿スピリッツ株式会社,2026-03-31,その他(注)１,673,28,
2226,株式会社湖池屋,2026-03-31,"54,733","54,733","3,439",百万円
2226,株式会社湖池屋,2026-03-31,"6,422","6,422",649,百万円
2226,株式会社湖池屋,2026-03-31,"61,156","61,156","4,089",百万円
2264,森永乳業株式会社,2026-03-31,食品,"547,418","45,807",百万円
2264,森永乳業株式会社,2026-03-31,その他(注)１,"24,039","3,582",百万円
2266,六甲バター株式会社,2025-12-31,チーズ,"42,102,221","1,463,670",千円
2266,六甲バター株式会社,2025-12-31,ナッツ,"641,330","2,357",千円
2266,六甲バター株式会社,2025-12-31,その他,"549,796","△30,563",千円
2267,株式会社ヤクルト本社,2026-03-31,"26,014","26,014","1,323",百万円
2270,雪印メグミルク株式会社,2026-03-31,"268,428","268,428","10,515",百万円
2270,雪印メグミルク株式会社,2026-03-31,"260,271","260,271","3,905",百万円
2270,雪印メグミルク株式会社,2026-03-31,"47,942","47,942",710,百万円
2270,雪印メグミルク株式会社,2026-03-31,"576,642","576,642","15,131",百万円
2270,雪印メグミルク株式会社,2026-03-31,"38,772","39,118","3,346",百万円
2270,雪印メグミルク株式会社,2026-03-31,"615,414","615,761","18,478",百万円
2281,プリマハム株式会社,2026-03-31,-,"314,627","7,928",百万円
2281,プリマハム株式会社,2026-03-31,42,"160,064","1,931",百万円
2281,プリマハム株式会社,2026-03-31,42,"474,691","9,860",百万円
2281,プリマハム株式会社,2026-03-31,4,882,292,百万円
2281,プリマハム株式会社,2026-03-31,47,"475,574","10,153",百万円
2281,プリマハム株式会社,2026-03-31,-,,"△1,022",百万円
2281,プリマハム株式会社,2026-03-31,47,"475,574","9,131",百万円
2286,林兼産業株式会社,2026-03-31,食品事業,"22,417",846,百万円
2286,林兼産業株式会社,2026-03-31,飼料事業,"23,163","1,541",百万円
2288,丸大食品株式会社,2026-03-31,"160,500","160,500","6,788",
2288,丸大食品株式会社,2026-03-31,"77,763","77,763",689,
2288,丸大食品株式会社,2026-03-31,"238,263","238,263","7,477",
2288,丸大食品株式会社,2026-03-31,132,132,26,
2288,丸大食品株式会社,2026-03-31,"238,396","238,396","7,504",
2291,福留ハム株式会社,2026-03-31,加工食品事業,"10,202",128,百万円
2291,福留ハム株式会社,2026-03-31,食肉事業,"14,418",△155,百万円
2292,エスフーズ株式会社,2026-02-28,"436,641","436,641","9,889",
2292,エスフーズ株式会社,2026-02-28,"24,851","24,851","1,190",
2292,エスフーズ株式会社,2026-02-28,"9,959","9,959",410,
2292,エスフーズ株式会社,2026-02-28,"471,452","471,452","11,490",
2292,エスフーズ株式会社,2026-02-28,860,860,180,
2292,エスフーズ株式会社,2026-02-28,"472,312","472,312","11,671",
2294,株式会社柿安本店,2026-04-30,"13,573","13,573","1,020",百万円
2294,株式会社柿安本店,2026-04-30,"12,821","12,821",916,百万円
2294,株式会社柿安本店,2026-04-30,"6,852","6,852",388,百万円
2294,株式会社柿安本店,2026-04-30,"1,298","1,298",△21,百万円
2294,株式会社柿安本店,2026-04-30,"1,525","1,525",99,百万円
2294,株式会社柿安本店,2026-04-30,"36,072","36,072","2,403",百万円
2296,伊藤ハム米久ホールディングス株式会社,2026-03-31,加工食品事業,"398,553","9,410",百万円
2296,伊藤ハム米久ホールディングス株式会社,2026-03-31,食肉事業,"672,814","22,624",百万円
2305,株式会社スタジオアリス,2026-02-28,写真事業,"32,794,741","2,140,501",千円
2305,株式会社スタジオアリス,2026-02-28,衣装製造卸売事業,"133,350","△52,542",千円
2311,株式会社エプコ,2025-12-31,再エネサービス,"2,103,924","258,009",千円
2311,株式会社エプコ,2025-12-31,メンテナンスサービス,"1,933,801","291,415",千円
2311,株式会社エプコ,2025-12-31,設計サービス,"2,214,344","345,436",千円
2315,株式会社ＣＡＩＣＡ　ＤＩＧＩＴＡＬ,2025-10-31,調整額(注)２,,"△421,210",
2317,株式会社システナ,2026-03-31,次世代モビリティ事業,"7,569","3,219",百万円
2317,株式会社システナ,2026-03-31,プロジェクトマネジメントデザイン事業,"15,295","3,342",百万円
2317,株式会社システナ,2026-03-31,デジタルインテグレーション事業,"10,406","2,476",百万円
2317,株式会社システナ,2026-03-31,IT＆DXサービス事業,"21,882","3,146",百万円
2317,株式会社システナ,2026-03-31,ビジネスソリューション事業,"35,564","2,957",百万円
2317,株式会社システナ,2026-03-31,DX＆ストック型ビジネス事業,"2,838",251,百万円
2317,株式会社システナ,2026-03-31,その他事業,842,△26,百万円
2317,株式会社システナ,2026-03-31,"調整額（注2,3）",,,百万円
2317,株式会社システナ,2026-03-31,合計（注1）,"94,400","15,367",百万円
231A,Ｃｒｏｓｓ　Ｅホールディングス株式会社,2025-09-30,建設及び機械設置工事事業,"3,790,978","639,291",千円
231A,Ｃｒｏｓｓ　Ｅホールディングス株式会社,2025-09-30,ファシリティ・マネジメント事業,"791,872","136,110",千円
2321,株式会社ソフトフロントホールディングス,2026-03-31,コミュニケーション・プラットフォーム関連事業,"842,057","51,311",千円
2321,株式会社ソフトフロントホールディングス,2026-03-31,ＡＩデータセンター関連事業,"118,003","△17,342",千円
2323,株式会社ｆｏｎｆｕｎ,2026-03-31,クラウドソリューション事業,"956,495","342,830",千円
2323,株式会社ｆｏｎｆｕｎ,2026-03-31,DXソリューション事業,"1,154,709","112,307",千円
2325,株式会社ＮＪＳ,2025-12-31,"840,061","22,909,802","3,488,585",千円
2325,株式会社ＮＪＳ,2025-12-31,"1,043,726","1,944,534","△220,369",千円
2325,株式会社ＮＪＳ,2025-12-31,"1,883,787","24,854,337","3,268,215",千円
2329,株式会社東北新社,2026-03-31,広告プロダクション,"31,644","4,063",百万円
2329,株式会社東北新社,2026-03-31,コンテンツプロダクション,"8,944","1,163",百万円
2329,株式会社東北新社,2026-03-31,メディア,"3,620",688,百万円
2329,株式会社東北新社,2026-03-31,プロパティ,"1,527",115,百万円
2330,株式会社フォーサイド,2025-12-31,"8,748,842","8,748,842","622,064",
2331,ＡＬＳＯＫ株式会社,2026-03-31,"420,814","420,814","45,416",百万円
2331,ＡＬＳＯＫ株式会社,2026-03-31,"92,984","92,984","11,276",百万円
2331,ＡＬＳＯＫ株式会社,2026-03-31,"55,242","55,242","2,238",百万円
2331,ＡＬＳＯＫ株式会社,2026-03-31,"27,983","27,983","△1,110",百万円
2331,ＡＬＳＯＫ株式会社,2026-03-31,"597,026","597,026","57,821",百万円
2334,株式会社イオレ,2026-03-31,インターネットメディア事業,"3,994,263","△132,690",
2334,株式会社イオレ,2026-03-31,AIデータセンター事業,"10,120,000","422,170",
2334,株式会社イオレ,2026-03-31,暗号資産関連事業,"45,572","△77,995",
2337,いちご株式会社,2026-02-28,アセットマネジメント,"4,041","2,282",百万円
2337,いちご株式会社,2026-02-28,心築,"27,497","13,094",百万円
2337,いちご株式会社,2026-02-28,ホテル,"15,238","7,224",百万円
2337,いちご株式会社,2026-02-28,いちごオーナーズ,"39,735","3,765",百万円
2337,いちご株式会社,2026-02-28,クリーンエネルギー,"6,192","1,648",百万円
2338,クオンタムソリューションズ株式会社,2026-02-28,ＡＩソリューション事業,"120,939","△304,541",千円
2338,クオンタムソリューションズ株式会社,2026-02-28,ウェルネス事業,"145,817","5,208",千円
2341,株式会社アルバイトタイムス,2026-02-28,"4,314,668","4,314,668","933,709",千円
2341,株式会社アルバイトタイムス,2026-02-28,"404,388","404,388","11,532",千円
2341,株式会社アルバイトタイムス,2026-02-28,"4,719,056","4,719,056","945,241",千円
2341,株式会社アルバイトタイムス,2026-02-28,"4,719,056","4,719,056","945,241",千円
2342,株式会社トランスジェニックグループ,2026-03-31,創薬支援事業,"2,252,963","△164,119",千円
2342,株式会社トランスジェニックグループ,2026-03-31,投資・コンサルティング事業,"10,921,461","479,525",千円
2345,株式会社クシム,2025-10-31,ブロックチェーンサービス事業,"729,936","△772,091",
2345,株式会社クシム,2025-10-31,システムエンジニアリング事業,"492,188","△40,659",
2345,株式会社クシム,2025-10-31,インキュベーション事業,"391,306","△19,511",
2349,株式会社エヌアイデイ,2026-03-31,システム開発事業,"18,497,162","2,514,297",千円
2349,株式会社エヌアイデイ,2026-03-31,システムマネジメント事業,"6,056,602","674,974",千円
2349,株式会社エヌアイデイ,2026-03-31,その他,"1,874,964","176,649",千円
2353,日本駐車場開発株式会社,2025-07-31,その他(注)１,"911,036","211,443",
2359,株式会社コア,2026-03-31,未来社会ソリューション事業,"5,084,567","741,703",千円
2359,株式会社コア,2026-03-31,産業技術ソリューション事業,"13,695,680","2,312,377",千円
2359,株式会社コア,2026-03-31,顧客業務インテグレーション事業,"7,751,777","765,521",千円
2373,株式会社ケア２１,2025-10-31,在宅系介護事業,"15,037,688","3,126,305",千円
2373,株式会社ケア２１,2025-10-31,施設系介護事業,"25,585,582","1,651,792",千円
2375,ギグワークス株式会社,2025-10-31,オンデマンドエコノミー事業,"10,328,462","683,135",
2375,ギグワークス株式会社,2025-10-31,Web3サービス事業,"159,707","△581,066",
2375,ギグワークス株式会社,2025-10-31,デジタルマーケティング事業,"1,290,736","△163,556",
2375,ギグワークス株式会社,2025-10-31,システムソリューション事業,"4,776,312","790,328",
2375,ギグワークス株式会社,2025-10-31,シェアリングエコノミー事業,"5,702,350","716,746",
2376,株式会社　サイネックス,2026-03-31,情報メディア事業,"6,694,648","1,032,373",千円
2376,株式会社　サイネックス,2026-03-31,ＤＸサポート事業,"2,136,579","39,120",千円
2376,株式会社　サイネックス,2026-03-31,ロジスティクス事業,"7,067,137","48,065",千円
2376,株式会社　サイネックス,2026-03-31,ヘルスケア事業,"1,069,267","32,749",千円
2376,株式会社　サイネックス,2026-03-31,投資事業,"121,942","71,521",千円
2379,ディップ株式会社,2026-02-28,"48,239,019","48,239,019","15,208,655",千円
2379,ディップ株式会社,2026-02-28,"6,613,740","6,613,740","3,710,526",千円
2379,ディップ株式会社,2026-02-28,"54,852,760","54,852,760","18,919,181",千円
2384,ＳＢＳホールディングス株式会社,2025-12-31,"6,300","460,233","11,888",百万円
2384,ＳＢＳホールディングス株式会社,2025-12-31,"17,885","19,331","9,142",百万円
2385,株式会社総医研ホールディングス,2025-06-30,"242,294","242,294","8,576",千円
2385,株式会社総医研ホールディングス,2025-06-30,"688,306","688,306","106,809",千円
2385,株式会社総医研ホールディングス,2025-06-30,"1,506,090","1,506,090","27,001",千円
2385,株式会社総医研ホールディングス,2025-06-30,"2,127,777","2,127,777","91,208",千円
2385,株式会社総医研ホールディングス,2025-06-30,"282,565","282,565","△28,487",千円
2385,株式会社総医研ホールディングス,2025-06-30,"4,847,034","4,847,034","205,108",千円
2385,株式会社総医研ホールディングス,2025-06-30,"1,500","1,500","△342,648",千円
2385,株式会社総医研ホールディングス,2025-06-30,"4,848,534","4,848,534","△137,540",千円
2395,株式会社新日本科学,2026-03-31,その他（注）１,"313,109","13,199",千円
2404,株式会社鉄人化ホールディングス,2025-08-31,カラオケルーム運営事業,"3,868,496","638,557",千円
2404,株式会社鉄人化ホールディングス,2025-08-31,飲食事業,"1,952,931","137,104",千円
2404,株式会社鉄人化ホールディングス,2025-08-31,美容事業,"1,901,398","66,451",千円
2404,株式会社鉄人化ホールディングス,2025-08-31,メディア・コンテンツ企画事業,"58,316","48,474",千円
2415,ヒューマンホールディングス株式会社,2026-03-31,人材関連事業,"60,658,171","2,615,573",千円
2415,ヒューマンホールディングス株式会社,2026-03-31,教育事業,"26,359,211","538,237",千円
2415,ヒューマンホールディングス株式会社,2026-03-31,介護事業,"12,940,539","316,790",千円
2418,株式会社ツカダ・グローバルホールディング,2025-12-31,192,"38,800","7,314",百万円
2429,株式会社ワールドホールディングス,2025-12-31,プロダクツＨＲ事業,"121,232","4,414",百万円
2429,株式会社ワールドホールディングス,2025-12-31,サービスＨＲ事業,"90,552","2,293",百万円
2429,株式会社ワールドホールディングス,2025-12-31,不動産事業,"57,128","3,654",百万円
2429,株式会社ワールドホールディングス,2025-12-31,情報通信事業,"9,783",157,百万円
2429,株式会社ワールドホールディングス,2025-12-31,農業公園事業,"5,652",△40,百万円
242A,株式会社リプライオリティ,2025-09-30,"1,947,721","1,947,721","311,322",千円
242A,株式会社リプライオリティ,2025-09-30,"683,540","683,540","3,668",千円
242A,株式会社リプライオリティ,2025-09-30,"2,631,261","2,631,261","314,990",千円
2435,株式会社シダー,2026-03-31,デイサービス事業,"4,138",417,百万円
2435,株式会社シダー,2026-03-31,施設サービス事業,"12,752","1,622",百万円
2435,株式会社シダー,2026-03-31,在宅サービス事業,"1,165",△138,百万円
2436,共同ピーアール株式会社,2025-12-31,ＰＲ事業,"6,184,620","1,140,061",千円
2436,共同ピーアール株式会社,2025-12-31,インフルエンサーマーケティング事業,"1,294,190","111,791",千円
2436,共同ピーアール株式会社,2025-12-31,ＡＩ・ビッグデータソリューション事業,"1,075,798","192,020",千円
2437,Ｓｈｉｎｗａ　Ｗｉｓｅ　Ｈｏｌｄｉｎｇｓ株式会社,2026-05-31,アート関連事業,"1,554,119","29,262",千円
2437,Ｓｈｉｎｗａ　Ｗｉｓｅ　Ｈｏｌｄｉｎｇｓ株式会社,2026-05-31,その他事業,"23,766",△747,千円
2438,株式会社アスカネット,2026-04-30,フューネラル事業,"3,301,875","632,515",
2438,株式会社アスカネット,2026-04-30,フォトブック事業,"3,695,858","677,772",
2438,株式会社アスカネット,2026-04-30,空中ディスプレイ事業,"105,029","△283,925",
2445,株式会社タカミヤ,2026-03-31,"2,092","6,788","1,655",百万円
2449,株式会社プラップジャパン,2025-08-31,コミュニケーションサービス事業,"4,696,724","633,541",千円
2449,株式会社プラップジャパン,2025-08-31,デジタルソリューション事業,"783,255","△39,554",千円
2449,株式会社プラップジャパン,2025-08-31,海外事業,"1,908,154","100,978",千円
2454,株式会社オールアバウト,2026-03-31,"2,154,848","2,154,848","△12,807",千円
2454,株式会社オールアバウト,2026-03-31,"13,175,351","13,175,351","363,139",千円
2454,株式会社オールアバウト,2026-03-31,"15,330,199","15,330,199","350,331",千円
2454,株式会社オールアバウト,2026-03-31,"134,265","134,265","13,804",千円
2454,株式会社オールアバウト,2026-03-31,"15,464,465","15,464,465","364,136",千円
2461,株式会社ファンコミュニケーションズ,2025-12-31,"5,660,912","5,660,912","3,802,507",千円
2461,株式会社ファンコミュニケーションズ,2025-12-31,"1,435,744","1,435,744","△619,155",千円
2461,株式会社ファンコミュニケーションズ,2025-12-31,"7,096,657","7,096,657","3,183,352",千円
2462,ライク株式会社,2026-05-31,総合人材サービス事業,"21,982,983","1,676,293",千円
2462,ライク株式会社,2026-05-31,子育て支援サービス事業,"35,814,007","1,917,643",千円
2462,ライク株式会社,2026-05-31,介護関連サービス事業,"9,382,202","371,707",千円
2464,株式会社ＡｏｂａーＢＢＴ,2026-03-31,"4,199,232","4,199,232","384,265",千円
2464,株式会社ＡｏｂａーＢＢＴ,2026-03-31,"3,457,278","3,457,278","69,410",千円
2464,株式会社ＡｏｂａーＢＢＴ,2026-03-31,"7,656,511","7,656,511","453,676",千円
2464,株式会社ＡｏｂａーＢＢＴ,2026-03-31,"9,368","12,309","1,495",千円
2464,株式会社ＡｏｂａーＢＢＴ,2026-03-31,"7,665,879","7,668,820","455,171",千円
2469,ヒビノ株式会社,2026-03-31,販売施工事業,"32,690","1,098",百万円
2469,ヒビノ株式会社,2026-03-31,建築音響施工事業,"11,628","1,026",百万円
2469,ヒビノ株式会社,2026-03-31,コンサート・イベントサービス事業,"21,342","4,231",百万円
2469,ヒビノ株式会社,2026-03-31,その他の事業,"1,942",59,百万円
2475,ＷＤＢホールディングス株式会社,2026-03-31,人材サービス事業,"43,547,867","4,301,482",千円
2475,ＷＤＢホールディングス株式会社,2026-03-31,ＣＲＯ事業,"6,757,118","1,047,761",千円
2483,株式会社翻訳センター,2026-03-31,"8,096,428","8,096,428","545,364",千円
2483,株式会社翻訳センター,2026-03-31,"1,123,622","1,123,622","36,643",千円
2483,株式会社翻訳センター,2026-03-31,"1,323,331","1,323,331","113,671",千円
2483,株式会社翻訳センター,2026-03-31,"10,543,382","10,543,382","695,679",千円
2483,株式会社翻訳センター,2026-03-31,"328,074","328,074","10,028",千円
2483,株式会社翻訳センター,2026-03-31,"10,871,456","10,871,456","705,707",千円
2485,株式会社ティア,2025-09-30,"19,865","19,865","3,291",百万円
2485,株式会社ティア,2025-09-30,560,560,94,百万円
2485,株式会社ティア,2025-09-30,"20,426","20,426","3,385",百万円
2485,株式会社ティア,2025-09-30,"1,136","1,136",128,百万円
2485,株式会社ティア,2025-09-30,"21,563","21,563","3,514",百万円
2485,株式会社ティア,2025-09-30,-,,"△1,871",百万円
2485,株式会社ティア,2025-09-30,"21,563","21,563","1,643",百万円
2491,バリューコマース株式会社,2025-12-31,"13,025","13,025","1,242",百万円
2491,バリューコマース株式会社,2025-12-31,"9,831","9,831","2,669",百万円
2491,バリューコマース株式会社,2025-12-31,"1,312","1,312",△215,百万円
2491,バリューコマース株式会社,2025-12-31,"24,169","24,169","3,696",百万円
2492,株式会社インフォマート,2025-12-31,BtoB-PFFOOD,"11,930,885","2,757,029",千円
2492,株式会社インフォマート,2025-12-31,BtoB-PFES,"6,886,245","106,271",千円
2493,イーサポートリンク株式会社,2025-11-30,"4,015,314","4,015,314","1,308,655",千円
2493,イーサポートリンク株式会社,2025-11-30,"2,454,813","2,454,813","△199,300",千円
2493,イーサポートリンク株式会社,2025-11-30,"6,470,128","6,470,128","1,109,354",千円
2497,ユナイテッド株式会社,2026-03-31,"399,507","399,507","△186,123",
2531,宝ホールディングス株式会社,2026-03-31,宝酒造,"118,032","5,729",百万円
2531,宝ホールディングス株式会社,2026-03-31,宝酒造インターナショナルグループ,"221,549","14,201",百万円
2531,宝ホールディングス株式会社,2026-03-31,タカラバイオグループ,"40,317","△4,688",百万円
253A,株式会社ＥＴＳグループ,2025-09-30,電気工事業,"9,548,950","515,468",千円
253A,株式会社ＥＴＳグループ,2025-09-30,不動産関連事業,"1,685,675","155,651",千円
2551,マルサンアイ株式会社,2025-09-20,"28,136,631","28,136,631","5,121,212",千円
2551,マルサンアイ株式会社,2025-09-20,"2,030,458","2,030,458","134,113",千円
2551,マルサンアイ株式会社,2025-09-20,"2,705,648","2,705,648","430,512",千円
2551,マルサンアイ株式会社,2025-09-20,"32,872,738","32,872,738","5,685,839",千円
2551,マルサンアイ株式会社,2025-09-20,149,149,149,千円
2551,マルサンアイ株式会社,2025-09-20,"32,872,887","32,872,887","5,685,988",千円
255A,ジーエルテクノホールディングス株式会社,2026-03-31,分析機器事業,"21,549,579","2,345,278",千円
255A,ジーエルテクノホールディングス株式会社,2026-03-31,半導体事業,"23,659,643","4,686,637",千円
255A,ジーエルテクノホールディングス株式会社,2026-03-31,自動認識事業,"1,980,164","50,534",千円
256A,飛島ホールディングス株式会社,2026-03-31,"60,229","60,229","4,371",百万円
256A,飛島ホールディングス株式会社,2026-03-31,"51,535","51,535","3,991",百万円
256A,飛島ホールディングス株式会社,2026-03-31,"26,282","27,490","2,458",百万円
256A,飛島ホールディングス株式会社,2026-03-31,"138,048","139,255","10,821",百万円
2590,ダイドーグループホールディングス株式会社,2026-01-20,国内飲料事業,"142,532","△2,284",百万円
2590,ダイドーグループホールディングス株式会社,2026-01-20,海外飲料事業,"65,341","7,547",百万円
2590,ダイドーグループホールディングス株式会社,2026-01-20,医薬品関連事業,"13,194",829,百万円
2590,ダイドーグループホールディングス株式会社,2026-01-20,食品事業,"19,562",487,百万円
2590,ダイドーグループホールディングス株式会社,2026-01-20,希少疾病用医薬品事業,606,△321,百万円
2594,キーコーヒー株式会社,2026-03-31,62,"83,602","1,574",百万円
2602,日清オイリオグループ株式会社,2026-03-31,グローバル油脂・加工油脂事業,"138,848","4,766",
2602,日清オイリオグループ株式会社,2026-03-31,油脂・油糧,"311,544","6,706",
2602,日清オイリオグループ株式会社,2026-03-31,加工食品・素材,"78,042","4,418",
2602,日清オイリオグループ株式会社,2026-03-31,小計,"389,586","11,124",
2602,日清オイリオグループ株式会社,2026-03-31,ファインケミカル事業,"15,509","1,559",
2612,かどや製油株式会社,2026-03-31,"31,401","31,401","3,625",百万円
2612,かどや製油株式会社,2026-03-31,"8,611","8,611",184,百万円
2612,かどや製油株式会社,2026-03-31,"40,013","40,013","3,809",百万円
2612,かどや製油株式会社,2026-03-31,16,16,8,百万円
2612,かどや製油株式会社,2026-03-31,"40,030","40,030","3,818",百万円
2613,株式会社Ｊ－オイルミルズ,2026-03-31,"206,849","206,849","3,375",
2613,株式会社Ｊ－オイルミルズ,2026-03-31,"18,991","18,991",828,
2613,株式会社Ｊ－オイルミルズ,2026-03-31,"225,840","225,840","4,204",
2613,株式会社Ｊ－オイルミルズ,2026-03-31,648,733,200,
2613,株式会社Ｊ－オイルミルズ,2026-03-31,"226,489","226,574","4,404",
262A,株式会社インターメスティック,2025-12-31,国内事業,"49,253","5,937",百万円
262A,株式会社インターメスティック,2025-12-31,海外事業,898,52,百万円
2654,株式会社アスモ,2026-03-31,その他(注),,△466,千円
2659,株式会社サンエー,2026-02-28,"8,002","236,191","14,864",百万円
2670,株式会社エービーシー・マート,2026-02-28,国内,"272,073","56,441",百万円
2670,株式会社エービーシー・マート,2026-02-28,海外,"106,550","7,031",百万円
2673,夢みつけ隊株式会社,2026-03-31,-,"130,809","22,260",千円
2673,夢みつけ隊株式会社,2026-03-31,"48,529","159,527","64,554",千円
2673,夢みつけ隊株式会社,2026-03-31,-,"59,519","△2,079",千円
2673,夢みつけ隊株式会社,2026-03-31,"48,529","349,856","84,735",千円
2674,株式会社ハードオフコーポレーション,2026-03-31,リユース事業,"37,265,449","5,679,314",千円
2674,株式会社ハードオフコーポレーション,2026-03-31,ＦＣ事業,"1,932,305","1,310,855",千円
2676,高千穂交易株式会社,2026-03-31,ビジネスセキュリティ,"15,152,326","1,402,801",千円
2676,高千穂交易株式会社,2026-03-31,エレクトロメカニクス,"14,358,480","695,664",千円
2678,アスクル株式会社,2026-05-20,"393,081","393,081","△16,270",
2678,アスクル株式会社,2026-05-20,"6,276","6,276","△1,199",
2678,アスクル株式会社,2026-05-20,"399,358","399,358","△17,469",
2678,アスクル株式会社,2026-05-20,840,840,10,
2678,アスクル株式会社,2026-05-20,"400,199","400,199","△17,458",
2683,株式会社魚喜,2026-02-28,"8,199,492","8,199,492","610,485",千円
2683,株式会社魚喜,2026-02-28,"890,777","890,777","14,712",千円
2683,株式会社魚喜,2026-02-28,"169,760","402,357","23,055",千円
2683,株式会社魚喜,2026-02-28,"9,260,030","9,492,627","648,254",千円
2685,株式会社アンドエスティＨＤ,2026-02-28,アパレル・雑貨関連事業,"289,661","17,301",百万円
2685,株式会社アンドエスティＨＤ,2026-02-28,その他(注)１,"14,690",△474,百万円
2689,オルバヘルスケアホールディングス株式会社,2025-06-30,医療器材事業,"114,336,640","1,774,169",千円
2689,オルバヘルスケアホールディングス株式会社,2025-06-30,ＳＰＤ事業,"5,588,730","113,906",千円
2689,オルバヘルスケアホールディングス株式会社,2025-06-30,介護用品事業,"2,777,092","205,178",千円
2693,ＹＫＴ株式会社,2025-12-31,電子機器及び工作機械等,"12,814,581","△257,359",千円
2693,ＹＫＴ株式会社,2025-12-31,光電子装置,"571,832","57,860",千円
2695,くら寿司株式会社,2025-10-31,日本,"176,407","5,030",百万円
2695,くら寿司株式会社,2025-10-31,北米,"42,103",114,百万円
2695,くら寿司株式会社,2025-10-31,アジア,"26,598","1,159",百万円
2708,株式会社久世,2026-03-31,食材卸売事業,"66,419","2,560",
2708,株式会社久世,2026-03-31,食材製造事業,"6,920",869,
2721,株式会社ジェイホールディングス,2025-12-31,スポーツ事業,"114,089","31,344",千円
2721,株式会社ジェイホールディングス,2025-12-31,不動産事業,,"△21,940",千円
2721,株式会社ジェイホールディングス,2025-12-31,Ｗｅｂ事業,,△126,千円
2721,株式会社ジェイホールディングス,2025-12-31,エネルギー関連事業,,"△18,948",千円
2721,株式会社ジェイホールディングス,2025-12-31,環境ソリューション事業,"69,523","8,707",千円
2721,株式会社ジェイホールディングス,2025-12-31,再生医療関連事業,"6,000","△65,050",千円
2722,株式会社ＩＫホールディングス,2026-05-31,ダイレクトマーケティング事業,"2,832,251","43,912",千円
2722,株式会社ＩＫホールディングス,2026-05-31,セールスマーケティング事業,"11,733,637","857,383",千円
2726,株式会社パルグループホールディングス,2026-02-28,衣料事業,"144,840","18,893",百万円
2726,株式会社パルグループホールディングス,2026-02-28,雑貨事業,"89,552","8,264",百万円
2734,株式会社サーラコーポレーション,2025-11-30,"7,347","7,347",405,
2734,株式会社サーラコーポレーション,2025-11-30,"249,708","249,708","7,863",
2734,株式会社サーラコーポレーション,2025-11-30,"1,359","1,621",44,
2734,株式会社サーラコーポレーション,2025-11-30,"251,067","251,329","7,907",
2734,株式会社サーラコーポレーション,2025-11-30,203,203,△526,
2734,株式会社サーラコーポレーション,2025-11-30,"251,271","251,533","7,381",
2737,株式会社トーメンデバイス,2026-03-31,"159,885","159,885","7,094",百万円
2737,株式会社トーメンデバイス,2026-03-31,"473,783","473,783","11,437",百万円
2737,株式会社トーメンデバイス,2026-03-31,"633,668","633,668","18,531",百万円
2751,株式会社テンポスホールディングス,2026-04-30,"28,190","28,190","2,334",百万円
2751,株式会社テンポスホールディングス,2026-04-30,"3,355","3,355",△101,百万円
2751,株式会社テンポスホールディングス,2026-04-30,"21,862","21,862",789,百万円
2751,株式会社テンポスホールディングス,2026-04-30,"53,408","53,408","3,022",百万円
2752,株式会社フジオフードグループ本社,2025-12-31,"30,341","30,341","3,019",百万円
2752,株式会社フジオフードグループ本社,2025-12-31,"1,590","1,590","1,151",百万円
2752,株式会社フジオフードグループ本社,2025-12-31,"31,932","31,932","4,170",百万円
2753,株式会社　あみやき亭,2026-03-31,"21,979","21,979","1,392",
2753,株式会社　あみやき亭,2026-03-31,"3,918","3,918",343,
2753,株式会社　あみやき亭,2026-03-31,"9,686","9,686",607,
2753,株式会社　あみやき亭,2026-03-31,"35,584","35,584","2,343",
2753,株式会社　あみやき亭,2026-03-31,"2,127","2,127",105,
2753,株式会社　あみやき亭,2026-03-31,"37,711","37,711","2,448",
2760,東京エレクトロンデバイス株式会社,2026-03-31,"162,543","162,543","3,208",百万円
2760,東京エレクトロンデバイス株式会社,2026-03-31,"41,204","41,204","6,542",百万円
2760,東京エレクトロンデバイス株式会社,2026-03-31,"203,748","203,748","9,750",百万円
2767,円谷フィールズホールディングス株式会社,2026-03-31,コンテンツ＆デジタル事業,"13,468",934,百万円
2767,円谷フィールズホールディングス株式会社,2026-03-31,アミューズメント機器事業,"158,899","19,881",百万円
2776,新都ホールディングス株式会社,2026-01-31,"24,509,933","24,509,933","847,307",
2776,新都ホールディングス株式会社,2026-01-31,"1,540,141","1,540,141","△26,447",
2776,新都ホールディングス株式会社,2026-01-31,"185,509","185,509","102,872",
2776,新都ホールディングス株式会社,2026-01-31,"1,704,053","1,704,053","109,572",
2776,新都ホールディングス株式会社,2026-01-31,"27,939,637","27,939,637","1,033,305",
2780,株式会社コメ兵ホールディングス,2026-03-31,"215,146,041","215,146,041","8,731,841",千円
2780,株式会社コメ兵ホールディングス,2026-03-31,"6,522,896","6,522,896","323,252",千円
2784,アルフレッサホールディングス株式会社,2026-03-31,医療用医薬品等卸売事業,"2,763,082","33,297",百万円
2784,アルフレッサホールディングス株式会社,2026-03-31,セルフメディケーション卸売事業,"266,626","3,012",百万円
2784,アルフレッサホールディングス株式会社,2026-03-31,医薬品等製造事業,"37,181","1,203",百万円
2784,アルフレッサホールディングス株式会社,2026-03-31,調剤薬局等事業,"37,174",499,百万円
2788,アップルインターナショナル株式会社,2025-12-31,自動車販売関連事業,"40,716,662","695,122",千円
2788,アップルインターナショナル株式会社,2025-12-31,その他（注）１,"92,875","△16,253",千円
2792,株式会社ハニーズホールディングス,2026-05-31,日本,"57,701,337","6,037,646",
2792,株式会社ハニーズホールディングス,2026-05-31,ミャンマー,,"△54,059",
2796,ファーマライズホールディングス株式会社,2026-05-31,調剤薬局事業,"59,331","1,386",百万円
2796,ファーマライズホールディングス株式会社,2026-05-31,物販事業,"8,042",△83,百万円
2796,ファーマライズホールディングス株式会社,2026-05-31,医学資料保管・管理事業,647,100,百万円
2796,ファーマライズホールディングス株式会社,2026-05-31,医療モール経営事業,505,87,百万円
2798,株式会社ワイズテーブルコーポレーション,2026-02-28,XEXグループ,"5,364,613","534,371",千円
2798,株式会社ワイズテーブルコーポレーション,2026-02-28,カジュアルレストラングループ,"7,681,652","860,682",千円
2805,ヱスビー食品株式会社,2026-03-31,"115,395","115,395","6,447",百万円
2805,ヱスビー食品株式会社,2026-03-31,"13,626","13,626","3,870",百万円
2805,ヱスビー食品株式会社,2026-03-31,"129,022","129,022","10,318",百万円
2809,キユーピー株式会社,2025-11-30,"189,823","189,823","12,577",百万円
2809,キユーピー株式会社,2025-11-30,"185,584","185,584","11,857",百万円
2809,キユーピー株式会社,2025-11-30,"100,262","100,262","13,586",百万円
2809,キユーピー株式会社,2025-11-30,"17,575","17,575",680,百万円
2809,キユーピー株式会社,2025-11-30,"11,836","11,836",712,百万円
2809,キユーピー株式会社,2025-11-30,"8,334","8,334","1,358",百万円
2809,キユーピー株式会社,2025-11-30,"513,417","513,417","40,773",百万円
2810,ハウス食品グループ本社株式会社,2026-03-31,香辛・調味加工食品事業,"126,812","12,838",百万円
2810,ハウス食品グループ本社株式会社,2026-03-31,健康食品事業,"16,323","1,527",百万円
2810,ハウス食品グループ本社株式会社,2026-03-31,海外食品事業,"62,860","3,361",百万円
2810,ハウス食品グループ本社株式会社,2026-03-31,外食事業,"65,393","3,388",百万円
2810,ハウス食品グループ本社株式会社,2026-03-31,その他食品関連事業,"45,418",905,百万円
2813,和弘食品株式会社,2026-03-31,日本,"12,864,641","563,491",千円
2813,和弘食品株式会社,2026-03-31,米国,"4,478,617","1,052,485",千円
286A,株式会社ユカリア,2025-12-31,医療経営総合支援事業,"7,728,235","2,448,645",千円
286A,株式会社ユカリア,2025-12-31,シニア関連事業,"8,894,022","529,822",千円
286A,株式会社ユカリア,2025-12-31,高度管理医療機器事業,"7,456,078","524,522",千円
2871,株式会社ニチレイ,2026-03-31,食品,"426,409","19,852",百万円
2871,株式会社ニチレイ,2026-03-31,低温物流,"281,985","18,583",百万円
2871,株式会社ニチレイ,2026-03-31,不動産,"3,342","1,896",百万円
2874,横浜冷凍株式会社,2025-09-30,冷蔵倉庫事業,"37,724","7,436",百万円
2874,横浜冷凍株式会社,2025-09-30,食品販売事業,"87,807","1,217",百万円
2874,横浜冷凍株式会社,2025-09-30,その他,31,39,百万円
2875,東洋水産株式会社,2026-03-31,"32,738","32,738","1,467",百万円
2875,東洋水産株式会社,2026-03-31,"248,153","248,153","63,607",百万円
2875,東洋水産株式会社,2026-03-31,"104,423","104,423","10,468",百万円
2875,東洋水産株式会社,2026-03-31,"61,543","61,543","8,093",百万円
2875,東洋水産株式会社,2026-03-31,"23,378","23,378",△441,百万円
2875,東洋水産株式会社,2026-03-31,"26,318","26,318","2,822",百万円
2875,東洋水産株式会社,2026-03-31,"496,556","496,556","86,017",百万円
2875,東洋水産株式会社,2026-03-31,"40,080","40,080",943,百万円
2875,東洋水産株式会社,2026-03-31,"536,636","536,636","86,961",百万円
2882,株式会社イートアンドホールディングス,2026-02-28,"23,197","23,197","1,288",百万円
2882,株式会社イートアンドホールディングス,2026-02-28,"17,091","17,259",423,百万円
2882,株式会社イートアンドホールディングス,2026-02-28,"40,289","40,456","1,712",百万円
2884,株式会社ヨシムラ・フード・ホールディングス,2026-02-28,"47,676,016","47,676,016","2,289,641",千円
2884,株式会社ヨシムラ・フード・ホールディングス,2026-02-28,"9,532,624","9,532,624","123,622",千円
2884,株式会社ヨシムラ・フード・ホールディングス,2026-02-28,"109,875","275,923","△152,245",千円
2884,株式会社ヨシムラ・フード・ホールディングス,2026-02-28,"57,318,515","57,484,563","2,261,018",千円
2901,株式会社ウェルディッシュ,2025-08-31,"1,111,544","1,111,544","75,108",千円
2901,株式会社ウェルディッシュ,2025-08-31,"193,394","193,394","43,890",千円
2901,株式会社ウェルディッシュ,2025-08-31,-,,,千円
2901,株式会社ウェルディッシュ,2025-08-31,"1,304,939","1,304,939","118,999",千円
2901,株式会社ウェルディッシュ,2025-08-31,240,240,57,千円
2901,株式会社ウェルディッシュ,2025-08-31,"1,305,179","1,305,179","119,056",千円
2902,太陽化学株式会社,2026-03-31,"17,146,242","17,146,242","3,756,581",千円
2902,太陽化学株式会社,2026-03-31,"14,102,211","14,102,211","2,040,930",千円
2902,太陽化学株式会社,2026-03-31,"21,083,990","21,083,990","1,235,653",千円
2902,太陽化学株式会社,2026-03-31,"52,332,443","52,332,443","7,033,165",千円
2902,太陽化学株式会社,2026-03-31,"151,796","151,796","45,458",千円
2902,太陽化学株式会社,2026-03-31,"52,484,240","52,484,240","7,078,624",千円
2907,株式会社あじかん,2026-03-31,業務用食品等,"46,960","2,564",百万円
2907,株式会社あじかん,2026-03-31,ヘルスフード,"4,007",339,百万円
2918,わらべや日洋ホールディングス株式会社,2026-02-28,食品関連事業,"209,984","7,000",百万円
2918,わらべや日洋ホールディングス株式会社,2026-02-28,食材関連事業,"11,197",483,百万円
2918,わらべや日洋ホールディングス株式会社,2026-02-28,物流関連事業,"12,651",935,百万円
2922,株式会社なとり,2026-03-31,"48,154,664","48,154,664","1,587,156",
2924,イフジ産業株式会社,2026-03-31,液卵事業,"30,482","2,695",百万円
2924,イフジ産業株式会社,2026-03-31,調味料事業,"1,212",89,百万円
2924,イフジ産業株式会社,2026-03-31,オーガニックEC事業,877,5,百万円
2927,株式会社ＡＦＣ－ＨＤアムスライフサイエンス,2025-08-31,ヘルスケア事業,"18,903,255","2,452,542",千円
2927,株式会社ＡＦＣ－ＨＤアムスライフサイエンス,2025-08-31,医薬品事業,"2,471,470","230,769",千円
2927,株式会社ＡＦＣ－ＨＤアムスライフサイエンス,2025-08-31,百貨店事業,"4,614,824","61,801",千円
2927,株式会社ＡＦＣ－ＨＤアムスライフサイエンス,2025-08-31,飲食事業,"2,364,799","△74,871",千円
2927,株式会社ＡＦＣ－ＨＤアムスライフサイエンス,2025-08-31,不動産・建託事業,"2,662,691","16,571",千円
2927,株式会社ＡＦＣ－ＨＤアムスライフサイエンス,2025-08-31,その他事業,"1,637,980","△210,806",千円
2929,株式会社ファーマフーズ,2025-07-31,BtoB事業,"8,182","1,248",百万円
2929,株式会社ファーマフーズ,2025-07-31,BtoC事業,"56,730","3,703",百万円
2929,株式会社ファーマフーズ,2025-07-31,バイオメディカル事業,331,△378,百万円
2931,株式会社ユーグレナ,2025-12-31,"47,018","47,018","5,487",百万円
2931,株式会社ユーグレナ,2025-12-31,"1,092","1,092",△325,百万円
2931,株式会社ユーグレナ,2025-12-31,"2,259","2,259",△533,百万円
2931,株式会社ユーグレナ,2025-12-31,"50,370","50,370","4,628",百万円
2932,株式会社ＳＴＩフードホールディングス,2025-12-31,"36,124","36,124","3,080",百万円
2932,株式会社ＳＴＩフードホールディングス,2025-12-31,"2,481","2,481",66,百万円
2932,株式会社ＳＴＩフードホールディングス,2025-12-31,"38,605","38,605","3,147",百万円
2932,株式会社ＳＴＩフードホールディングス,2025-12-31,-,,△545,百万円
2932,株式会社ＳＴＩフードホールディングス,2025-12-31,"38,605","38,605","2,601",百万円
2933,株式会社紀文食品,2026-03-31,国内食品事業,"78,167,680","1,249,420",千円
2933,株式会社紀文食品,2026-03-31,海外食品事業,"11,468,472","535,188",千円
2933,株式会社紀文食品,2026-03-31,食品関連事業,"21,401,365","1,479,493",千円
2934,ジェイフロンティア株式会社,2026-05-31,メディカルケアセールス事業,"5,283,802","483,550",千円
2934,ジェイフロンティア株式会社,2026-05-31,ヘルスケアセールス事業,"5,383,857","△44,552",千円
2934,ジェイフロンティア株式会社,2026-05-31,ヘルスケアマーケティング事業,"11,568,326","236,800",千円
2938,株式会社オカムラ食品工業,2025-06-30,養殖事業,"6,030","1,238",百万円
2938,株式会社オカムラ食品工業,2025-06-30,国内加工事業,"8,693","1,177",百万円
2938,株式会社オカムラ食品工業,2025-06-30,海外加工事業,"9,599","1,040",百万円
2938,株式会社オカムラ食品工業,2025-06-30,海外卸売事業,"11,022",603,百万円
2970,ＧＬＣ　ＧＲＯＵＰ株式会社,2025-12-31,165,"24,178","2,735",百万円
2974,大英産業株式会社,2025-09-30,"20,420,339","20,420,339","1,671,313",千円
2974,大英産業株式会社,2025-09-30,"18,561,867","18,561,867","753,664",千円
2974,大英産業株式会社,2025-09-30,"38,982,207","38,982,207","2,424,978",千円
2974,大英産業株式会社,2025-09-30,"34,450","110,922","25,891",千円
2974,大英産業株式会社,2025-09-30,"39,016,657","39,093,129","2,450,869",千円
2975,スター・マイカ・ホールディングス株式会社,2025-11-30,"10,197,909","66,012,693","6,823,659",千円
2975,スター・マイカ・ホールディングス株式会社,2025-11-30,"184,266","2,168,683","225,134",千円
2975,スター・マイカ・ホールディングス株式会社,2025-11-30,"104,362","976,897","1,021,739",千円
2975,スター・マイカ・ホールディングス株式会社,2025-11-30,"10,486,538","69,158,274","8,070,533",千円
2980,ＳＲＥホールディングス株式会社,2026-03-31,AIクラウド＆コンサルティング,"6,507,239","3,474,962",
2980,ＳＲＥホールディングス株式会社,2026-03-31,ライフ＆プロパティソリューション,"26,272,422","1,196,733",
2980,ＳＲＥホールディングス株式会社,2026-03-31,その他,"78,962","△418,039",
2981,株式会社ランディックス,2026-03-31,sumuzu,"23,413,171","3,427,725",
2981,株式会社ランディックス,2026-03-31,賃貸,"114,031","47,190",
2982,株式会社ＡＤワークスグループ,2025-12-31,収益不動産販売事業,"62,436,728","6,361,721",千円
2982,株式会社ＡＤワークスグループ,2025-12-31,ストック型フィービジネス,"5,095,236","1,205,161",千円
2983,株式会社アールプランナー,2026-01-31,戸建住宅,"48,340,987","4,831,374",千円
2983,株式会社アールプランナー,2026-01-31,中古再生・収益不動産,"242,673","12,451",千円
2984,ヤマイチエステート株式会社,2026-03-31,不動産開発・賃貸事業,"3,273,561","1,037,823",千円
2984,ヤマイチエステート株式会社,2026-03-31,不動産開発・販売事業,"8,288,941","2,115,440",千円
2984,ヤマイチエステート株式会社,2026-03-31,マンション事業,"5,770,527","93,388",千円
2986,株式会社ＬＡホールディングス,2025-12-31,ＤＸ新築不動産事業,"20,226,516","7,662,196",千円
2986,株式会社ＬＡホールディングス,2025-12-31,ＤＸ再生不動産事業,"13,240,403","1,339,079",千円
2986,株式会社ＬＡホールディングス,2025-12-31,ＤＸ不動産価値向上事業,"11,931,204","1,958,937",千円
2986,株式会社ＬＡホールディングス,2025-12-31,不動産賃貸事業,"1,118,218","494,188",千円
2991,株式会社ランドネット,2025-07-31,"387,518","94,713,923","7,661,164",
2991,株式会社ランドネット,2025-07-31,"384,106","1,278,804","153,400",
2991,株式会社ランドネット,2025-07-31,"771,624","95,992,728","7,814,564",
3001,片倉工業株式会社,2025-12-31,"10,970","11,699","4,395",
3002,グンゼ株式会社,2026-03-31,機能ソリューション事業,"46,898","7,234",百万円
3002,グンゼ株式会社,2026-03-31,メディカル事業,"13,196","1,474",百万円
3002,グンゼ株式会社,2026-03-31,アパレル事業,"58,334","△1,334",百万円
3002,グンゼ株式会社,2026-03-31,ライフクリエイト事業,"12,487","1,232",百万円
3004,神栄株式会社,2026-03-31,"34,870","34,870","2,148",
3004,神栄株式会社,2026-03-31,"3,712","3,894",461,
3004,神栄株式会社,2026-03-31,"3,892","3,892",306,
3004,神栄株式会社,2026-03-31,609,609,△56,
3004,神栄株式会社,2026-03-31,"43,085","43,267","2,858",
3010,ポラリス・ホールディングス株式会社,2026-03-31,ホテル運営事業,"48,434,526","5,099,007",千円
3010,ポラリス・ホールディングス株式会社,2026-03-31,ホテル投資事業,"34,795","34,795",千円
3011,株式会社バナーズ,2026-03-31,不動産利用,"434,098","313,009",千円
3011,株式会社バナーズ,2026-03-31,自動車販売,"4,557,937","45,491",千円
3011,株式会社バナーズ,2026-03-31,楽器販売,"661,489","45,852",千円
3020,アプライド株式会社,2026-03-31,パソコン・ゲーム事業,"37,384","3,253",百万円
3020,アプライド株式会社,2026-03-31,化粧品・雑貨事業,"10,263",△36,百万円
3020,アプライド株式会社,2026-03-31,出版・広告事業,362,39,百万円
3021,株式会社パシフィックネット,2026-05-31,ＩＴサブスクリプション事業,"6,800,127","731,993",
3021,株式会社パシフィックネット,2026-05-31,ＩＴＡＤ事業,"3,297,078","1,362,018",
3021,株式会社パシフィックネット,2026-05-31,コミュニケーション・デバイス事業,"360,199","111,737",
3023,ラサ商事株式会社,2026-03-31,"5,549","5,549",108,
3023,ラサ商事株式会社,2026-03-31,"9,990","9,990","1,581",
3023,ラサ商事株式会社,2026-03-31,"3,087","3,087",753,
3023,ラサ商事株式会社,2026-03-31,"6,718","6,718",127,
3023,ラサ商事株式会社,2026-03-31,"2,595","2,595",163,
3024,クリエイト株式会社,2026-03-31,管工機材,"36,933,603","696,408",千円
3024,クリエイト株式会社,2026-03-31,施工関連,"110,875","△9,992",千円
3024,クリエイト株式会社,2026-03-31,物流関連,"278,983","136,685",千円
302A,株式会社ビースタイルホールディングス,2026-03-31,派遣・紹介事業,"6,654,842","282,988",千円
302A,株式会社ビースタイルホールディングス,2026-03-31,メディア事業,"4,424,931","1,358,992",千円
302A,株式会社ビースタイルホールディングス,2026-03-31,DX事業,"920,582","64,134",千円
302A,株式会社ビースタイルホールディングス,2026-03-31,その他の事業(注１),"8,398","28,030",千円
302A,株式会社ビースタイルホールディングス,2026-03-31,調整額(注２),,"△1,544,450",千円
3031,株式会社ラクーンホールディングス,2026-04-30,EC事業,"3,899,926","1,272,990",千円
3031,株式会社ラクーンホールディングス,2026-04-30,フィナンシャル事業,"2,674,339","832,533",千円
3032,株式会社ゴルフ・ドゥ,2026-03-31,直営,"4,784,696","439,930",千円
3032,株式会社ゴルフ・ドゥ,2026-03-31,フランチャイズ,"522,967","101,966",千円
3032,株式会社ゴルフ・ドゥ,2026-03-31,営業販売,"868,273","13,683",千円
3035,ケイティケイ株式会社,2025-08-20,"14,553,672","14,553,672","832,003",千円
3035,ケイティケイ株式会社,2025-08-20,"4,373,935","4,373,935","160,792",千円
3035,ケイティケイ株式会社,2025-08-20,"18,927,608","18,927,608","992,795",千円
3035,ケイティケイ株式会社,2025-08-20,─,─,"△566,082",千円
3035,ケイティケイ株式会社,2025-08-20,"18,927,608","18,927,608","426,713",千円
3038,株式会社神戸物産,2025-10-31,"530,509","530,509","43,506",百万円
3038,株式会社神戸物産,2025-10-31,"16,474","16,474","1,105",百万円
3038,株式会社神戸物産,2025-10-31,"4,669","4,669","1,088",百万円
3038,株式会社神戸物産,2025-10-31,"551,652","551,652","45,700",百万円
3038,株式会社神戸物産,2025-10-31,48,48,△20,百万円
3038,株式会社神戸物産,2025-10-31,"551,701","551,701","45,679",百万円
3040,株式会社ソリトンシステムズ,2025-12-31,"18,516","18,516","3,717",百万円
3040,株式会社ソリトンシステムズ,2025-12-31,"1,053","1,053",52,百万円
3040,株式会社ソリトンシステムズ,2025-12-31,191,191,△184,百万円
3040,株式会社ソリトンシステムズ,2025-12-31,"19,762","19,762","3,585",百万円
3041,株式会社ビューティカダンホールディングス,2025-06-30,"4,077,478","4,077,478","218,368",千円
3041,株式会社ビューティカダンホールディングス,2025-06-30,"2,554,872","2,554,872","58,414",千円
3041,株式会社ビューティカダンホールディングス,2025-06-30,"335,890","335,890","△21,407",千円
3041,株式会社ビューティカダンホールディングス,2025-06-30,"6,968,241","6,968,241","255,375",千円
3041,株式会社ビューティカダンホールディングス,2025-06-30,"634,373","634,373","△29,949",千円
3042,株式会社セキュアヴェイル,2026-03-31,"1,030,792","1,030,792","258,049",千円
3042,株式会社セキュアヴェイル,2026-03-31,"249,078","249,078","25,893",千円
3042,株式会社セキュアヴェイル,2026-03-31,"1,279,871","1,279,871","283,942",千円
3046,株式会社ジンズホールディングス,2025-08-31,"76,659","76,659","11,348",
3046,株式会社ジンズホールディングス,2025-08-31,"20,556","20,556",745,
3046,株式会社ジンズホールディングス,2025-08-31,"97,215","97,215","12,093",
3047,株式会社ＴＲＵＣＫ－ＯＮＥ,2025-12-31,"7,125,472","7,125,472","467,132",千円
3047,株式会社ＴＲＵＣＫ－ＯＮＥ,2025-12-31,"848,590","848,590","84,213",千円
3047,株式会社ＴＲＵＣＫ－ＯＮＥ,2025-12-31,"7,974,063","7,974,063","551,345",千円
3047,株式会社ＴＲＵＣＫ－ＯＮＥ,2025-12-31,-,,"8,453",千円
3047,株式会社ＴＲＵＣＫ－ＯＮＥ,2025-12-31,"7,974,063","7,974,063","559,799",千円
3048,株式会社ビックカメラ,2025-08-31,物品販売事業,"961,978","29,842",百万円
3048,株式会社ビックカメラ,2025-08-31,ＢＳデジタル放送事業,"10,971","2,043",百万円
3050,ＤＣＭホールディングス株式会社,2026-02-28,ホームセンター事業,"476,272","31,530",百万円
3050,ＤＣＭホールディングス株式会社,2026-02-28,エクスプライス事業,"65,789",839,百万円
3050,ＤＣＭホールディングス株式会社,2026-02-28,その他（注）１,255,"17,330",百万円
3054,株式会社ハイパー,2025-12-31,ＩＴサービス事業,"12,505,302","199,234",千円
3054,株式会社ハイパー,2025-12-31,アスクルエージェント事業,"1,198,358","119,235",千円
3055,株式会社ほくやく・竹山ホールディングス,2026-03-31,医薬品卸売事業,"215,897","1,202",百万円
3055,株式会社ほくやく・竹山ホールディングス,2026-03-31,医療機器卸売事業,"69,698",899,百万円
3055,株式会社ほくやく・竹山ホールディングス,2026-03-31,薬局事業,"12,638",△103,百万円
3055,株式会社ほくやく・竹山ホールディングス,2026-03-31,介護事業,"4,717",268,百万円
3055,株式会社ほくやく・竹山ホールディングス,2026-03-31,ＩＣＴ事業,680,201,百万円
3055,株式会社ほくやく・竹山ホールディングス,2026-03-31,その他事業,34,32,百万円
3059,ヒラキ株式会社,2026-03-31,通信販売事業,"5,219,644","△31,289",
3059,ヒラキ株式会社,2026-03-31,店舗販売事業,"6,535,133","134,305",
3059,ヒラキ株式会社,2026-03-31,卸販売事業,"141,085","△3,318",
3067,株式会社東京一番フーズ,2025-09-30,飲食事業,"6,534,775","237,007",千円
3067,株式会社東京一番フーズ,2025-09-30,外販事業,"683,444","△54,790",千円
3067,株式会社東京一番フーズ,2025-09-30,不動産賃貸事業,"32,651","15,706",千円
3068,株式会社ＷＤＩ,2026-03-31,"171,256","26,358,548","2,186,980",千円
3070,株式会社ジェリービーンズグループ,2026-01-31,"2,247","3,519,626","377,968",千円
3071,株式会社ストリーム,2026-01-31,インターネット通販事業,"31,583,089","638,667",千円
3071,株式会社ストリーム,2026-01-31,ビューティー＆ヘルスケア事業,"823,469","26,509",千円
3071,株式会社ストリーム,2026-01-31,その他事業,"368,351","1,701",千円
3076,あいホールディングス株式会社,2025-06-30,セキュリティ機器,"15,201","6,150",百万円
3076,あいホールディングス株式会社,2025-06-30,カード機器及びその他事務用機器,"3,105",831,百万円
3076,あいホールディングス株式会社,2025-06-30,情報機器,"13,492",462,百万円
3076,あいホールディングス株式会社,2025-06-30,計測機器,"5,004",826,百万円
3076,あいホールディングス株式会社,2025-06-30,情報通信,"11,825",678,百万円
3076,あいホールディングス株式会社,2025-06-30,設計事業,"5,566",472,百万円
3077,ホリイフードサービス株式会社,2025-11-30,北関東エリア,"1,502,460","218,957",千円
3077,ホリイフードサービス株式会社,2025-11-30,首都圏エリア,"1,245,254","135,850",千円
3077,ホリイフードサービス株式会社,2025-11-30,東北エリア,"472,362","52,140",千円
3077,ホリイフードサービス株式会社,2025-11-30,その他(注)1,,"△5,481",千円
3079,ディーブイエックス株式会社,2026-03-31,"674,939","45,709,445","4,134,033",千円
3079,ディーブイエックス株式会社,2026-03-31,"20,184","4,002,148","449,100",千円
3079,ディーブイエックス株式会社,2026-03-31,"695,123","49,711,594","4,583,133",千円
3082,株式会社きちりホールディングス,2025-06-30,飲食事業,"14,583,350","467,434",千円
3082,株式会社きちりホールディングス,2025-06-30,ＤＸコンサルティング事業,"473,177","114,393",千円
3083,スターシーズ株式会社,2026-02-28,衣料品等事業,"5,246,075","△124,765",千円
3083,スターシーズ株式会社,2026-02-28,系統用蓄電池事業,"2,234,080","477,823",千円
3083,スターシーズ株式会社,2026-02-28,GPUサーバー等事業,"2,902,260","61,283",千円
3087,株式会社ドトール・日レスホールディングス,2026-02-28,-,"56,260","4,465",百万円
3087,株式会社ドトール・日レスホールディングス,2026-02-28,-,"96,344","4,752",百万円
3087,株式会社ドトール・日レスホールディングス,2026-02-28,-,"6,541","1,173",百万円
3087,株式会社ドトール・日レスホールディングス,2026-02-28,-,"159,147","10,392",百万円
3087,株式会社ドトール・日レスホールディングス,2026-02-28,-,,△241,百万円
3087,株式会社ドトール・日レスホールディングス,2026-02-28,-,"159,147","10,150",百万円
3088,株式会社マツキヨココカラ＆カンパニー,2026-03-31,マツモトキヨシグループ事業,"711,030","60,818",百万円
3088,株式会社マツキヨココカラ＆カンパニー,2026-03-31,ココカラファイングループ事業,"389,926","23,456",百万円
3088,株式会社マツキヨココカラ＆カンパニー,2026-03-31,アンドカンパニー事業,"12,947",200,百万円
3088,株式会社マツキヨココカラ＆カンパニー,2026-03-31,管理サポート事業,"3,534","17,137",百万円
3089,テクノアルファ株式会社,2025-11-30,"2,604,448","2,604,448","285,913",千円
3089,テクノアルファ株式会社,2025-11-30,"1,056,867","1,056,867","438,031",千円
3089,テクノアルファ株式会社,2025-11-30,"694,835","694,835","74,474",千円
3089,テクノアルファ株式会社,2025-11-30,"166,281","166,281","△16,531",千円
3089,テクノアルファ株式会社,2025-11-30,"4,522,433","4,522,433","781,887",千円
3093,株式会社トレジャー・ファクトリー,2026-02-28,リユース事業,"47,415","6,788",百万円
3093,株式会社トレジャー・ファクトリー,2026-02-28,その他（注）１,"1,182",62,百万円
3096,株式会社オーシャンシステム,2026-03-31,スーパーマーケット事業,"27,472,315","761,493",千円
3096,株式会社オーシャンシステム,2026-03-31,業務スーパー事業,"52,267,392","1,774,763",千円
3096,株式会社オーシャンシステム,2026-03-31,弁当給食事業,"10,828,866","228,314",千円
3096,株式会社オーシャンシステム,2026-03-31,食材宅配事業,"4,960,507","△7,230",千円
3096,株式会社オーシャンシステム,2026-03-31,旅館、その他事業,"526,030","△143,950",千円
3099,株式会社三越伊勢丹ホールディングス,2026-03-31,百貨店業,"446,776","65,522",百万円
3099,株式会社三越伊勢丹ホールディングス,2026-03-31,クレジット・金融・友の会業,"20,969","6,336",百万円
3099,株式会社三越伊勢丹ホールディングス,2026-03-31,不動産業,"22,199","4,681",百万円
3101,東洋紡株式会社,2026-03-31,フィルム,"175,169","16,638",百万円
3101,東洋紡株式会社,2026-03-31,ライフサイエンス,"34,494",65,百万円
3101,東洋紡株式会社,2026-03-31,環境・機能材,"110,126","9,702",百万円
3101,東洋紡株式会社,2026-03-31,機能繊維・商事,"89,612","1,254",百万円
3101,東洋紡株式会社,2026-03-31,不動産,"4,495","2,048",百万円
3103,ユニチカ株式会社,2026-03-31,高分子事業,"56,395","9,429",百万円
3103,ユニチカ株式会社,2026-03-31,機能資材事業,"33,695","1,603",百万円
3103,ユニチカ株式会社,2026-03-31,繊維事業,"28,399",△515,百万円
3104,富士紡ホールディングス株式会社,2026-03-31,"22,561","22,561","6,385",百万円
3104,富士紡ホールディングス株式会社,2026-03-31,"14,113","14,113","1,417",百万円
3104,富士紡ホールディングス株式会社,2026-03-31,"6,323","6,323",438,百万円
3104,富士紡ホールディングス株式会社,2026-03-31,"42,998","42,998","8,241",百万円
3104,富士紡ホールディングス株式会社,2026-03-31,"2,930","2,930",△98,百万円
3104,富士紡ホールディングス株式会社,2026-03-31,"45,929","45,929","8,143",百万円
3105,日清紡ホールディングス株式会社,2025-12-31,無線・通信,"251,837","17,668",
3105,日清紡ホールディングス株式会社,2025-12-31,マイクロデバイス,"62,400","△5,505",
3105,日清紡ホールディングス株式会社,2025-12-31,ブレーキ,"57,795","3,385",
3105,日清紡ホールディングス株式会社,2025-12-31,精密機器,"55,442","2,976",
3105,日清紡ホールディングス株式会社,2025-12-31,化学品,"9,736",△56,
3105,日清紡ホールディングス株式会社,2025-12-31,繊維,"33,345",98,
3105,日清紡ホールディングス株式会社,2025-12-31,不動産,"17,939","12,667",
3106,倉敷紡績株式会社,2026-03-31,化成品事業,"62,654","4,154",百万円
3106,倉敷紡績株式会社,2026-03-31,繊維事業,"43,276",△897,百万円
3106,倉敷紡績株式会社,2026-03-31,環境メカトロニクス事業,"22,716","3,867",百万円
3106,倉敷紡績株式会社,2026-03-31,食品・サービス事業,"11,145",885,百万円
3106,倉敷紡績株式会社,2026-03-31,不動産事業,"3,965","2,299",百万円
3107,ダイワボウホールディングス株式会社,2026-03-31,ＩＴインフラ流通事業,"1,336,479","43,030",百万円
3107,ダイワボウホールディングス株式会社,2026-03-31,産業機械事業,"14,400","1,127",百万円
3109,シキボウ株式会社,2026-03-31,繊維,"24,644",474,百万円
3109,シキボウ株式会社,2026-03-31,産業資材,"7,529",199,百万円
3109,シキボウ株式会社,2026-03-31,機能材料,"6,888",△150,百万円
3109,シキボウ株式会社,2026-03-31,不動産・サービス,"5,492","1,896",百万円
3110,日東紡績株式会社,2026-03-31,"49,265","49,265","19,391",百万円
3110,日東紡績株式会社,2026-03-31,"13,715","13,850","2,431",百万円
3110,日東紡績株式会社,2026-03-31,"13,401","13,401",△122,百万円
3110,日東紡績株式会社,2026-03-31,"9,515","9,515",588,百万円
3110,日東紡績株式会社,2026-03-31,"15,136","15,136",202,百万円
3110,日東紡績株式会社,2026-03-31,"17,059","17,059",488,百万円
3110,日東紡績株式会社,2026-03-31,"118,093","118,229","22,979",百万円
3113,株式会社ＵＮＩＶＡ・Ｏａｋホールディングス,2026-03-31,再生可能エネルギー,"682,238","△271,059",千円
3113,株式会社ＵＮＩＶＡ・Ｏａｋホールディングス,2026-03-31,ビューティー＆ヘルスケア,"473,609","△178,256",千円
3113,株式会社ＵＮＩＶＡ・Ｏａｋホールディングス,2026-03-31,トレーディング,"570,118","7,438",千円
3113,株式会社ＵＮＩＶＡ・Ｏａｋホールディングス,2026-03-31,成長支援,"110,553","10,325",千円
3113,株式会社ＵＮＩＶＡ・Ｏａｋホールディングス,2026-03-31,デジタルマーケティング,"306,718","△18,880",千円
3123,サイボー株式会社,2026-03-31,繊維,"4,977,230","△138,677",千円
3123,サイボー株式会社,2026-03-31,不動産活用,"3,489,664","1,009,623",千円
3123,サイボー株式会社,2026-03-31,ゴルフ練習場,"933,793","12,168",千円
3123,サイボー株式会社,2026-03-31,インテリア施工,"949,213","141,857",千円
3131,シンデン・ハイテックス株式会社,2026-03-31,日本,"41,076,538","1,131,834",千円
3131,シンデン・ハイテックス株式会社,2026-03-31,海外,"1,735,471","△33,377",千円
3132,マクニカホールディングス株式会社,2026-03-31,集積回路及び電子デバイスその他事業,"1,040,045","24,735",
3132,マクニカホールディングス株式会社,2026-03-31,サイバーセキュリティ及びその他ITソリューション事業,"174,150","17,213",
3133,株式会社海帆,2026-03-31,飲食事業,"2,425,771","113,201",千円
3133,株式会社海帆,2026-03-31,再生可能エネルギー事業,"85,142","△35,846",千円
3133,株式会社海帆,2026-03-31,メディカル事業,"280,439","107,342",千円
3134,Ｈａｍｅｅ株式会社,2026-04-30,"20,095,056","20,095,056","1,386,435",千円
3134,Ｈａｍｅｅ株式会社,2026-04-30,"1,978,471","1,978,471","1,013,634",千円
3134,Ｈａｍｅｅ株式会社,2026-04-30,"22,073,528","22,073,528","2,400,070",千円
3135,株式会社マーケットエンタープライズ,2025-06-30,ネット型リユース事業,"12,460,726","940,652",千円
3135,株式会社マーケットエンタープライズ,2025-06-30,メディア事業,"463,349","284,394",千円
3135,株式会社マーケットエンタープライズ,2025-06-30,モバイル通信事業,"11,847,813","552,280",千円
3138,株式会社富士山マガジンサービス,2025-12-31,雑誌販売支援事業,"5,654,173","293,089",千円
3138,株式会社富士山マガジンサービス,2025-12-31,EdTech事業,"160,685","△20,240",千円
3140,ＢＲＵＮＯ株式会社,2025-06-30,"7,042","7,042",613,百万円
3140,ＢＲＵＮＯ株式会社,2025-06-30,"7,405","7,405","1,182",百万円
3140,ＢＲＵＮＯ株式会社,2025-06-30,54,54,54,百万円
3140,ＢＲＵＮＯ株式会社,2025-06-30,"14,502","14,502","1,850",百万円
3143,オーウイル株式会社,2026-03-31,卸売事業,"35,306,539","1,029,376",千円
3143,オーウイル株式会社,2026-03-31,製造販売事業,"6,602,673","420,721",千円
3150,株式会社グリムス,2026-03-31,エネルギーソリューション事業,"14,693,699","5,032,572",千円
3150,株式会社グリムス,2026-03-31,小売電気事業,"19,242,405","2,886,546",千円
3151,株式会社バイタルケーエスケー・ホールディングス,2026-03-31,調整額(注１、２),,△35,
3153,八洲電機株式会社,2026-03-31,プラント事業,"26,341","5,014",
3153,八洲電機株式会社,2026-03-31,公共・設備事業,"32,137","3,734",
3153,八洲電機株式会社,2026-03-31,交通事業,"16,089","1,573",
3154,メディアスホールディングス株式会社,2025-06-30,医療機器販売事業,"282,688,195","10,446,731",千円
3154,メディアスホールディングス株式会社,2025-06-30,介護・福祉事業,"6,001,143","515,881",千円
3156,株式会社レスター,2026-03-31,デバイス,"533,805","14,173",百万円
3156,株式会社レスター,2026-03-31,ＥＭＳ,"22,057",495,百万円
3159,丸善ＣＨＩホールディングス株式会社,2026-01-31,"49,196","49,196","3,491",百万円
3159,丸善ＣＨＩホールディングス株式会社,2026-01-31,"81,640","81,776","2,051",百万円
3159,丸善ＣＨＩホールディングス株式会社,2026-01-31,"39,272","39,272","3,019",百万円
3159,丸善ＣＨＩホールディングス株式会社,2026-01-31,"3,696","3,696",△105,百万円
3159,丸善ＣＨＩホールディングス株式会社,2026-01-31,"173,806","173,942","8,457",百万円
3159,丸善ＣＨＩホールディングス株式会社,2026-01-31,"10,898","11,111",634,百万円
3159,丸善ＣＨＩホールディングス株式会社,2026-01-31,"184,704","185,053","9,091",百万円
3160,株式会社大光,2026-05-31,外商事業,"53,217,418","603,064",千円
3160,株式会社大光,2026-05-31,アミカ事業,"23,434,348","970,716",千円
3160,株式会社大光,2026-05-31,水産品事業,"2,881,488","△294,475",千円
3161,アゼアス株式会社,2026-04-30,"4,800,908","4,800,908","559,888",千円
3161,アゼアス株式会社,2026-04-30,"388,992","388,992","△55,066",千円
3161,アゼアス株式会社,2026-04-30,"2,865,465","2,865,465","169,028",千円
3161,アゼアス株式会社,2026-04-30,"8,055,366","8,055,366","673,851",千円
3161,アゼアス株式会社,2026-04-30,"234,315","234,315","△30,918",千円
3161,アゼアス株式会社,2026-04-30,"8,289,681","8,289,681","642,932",千円
3166,ＯＣＨＩホールディングス株式会社,2026-03-31,"70,007","70,007",546,百万円
3166,ＯＣＨＩホールディングス株式会社,2026-03-31,"17,226","17,226",303,百万円
3166,ＯＣＨＩホールディングス株式会社,2026-03-31,"14,747","14,747",528,百万円
3166,ＯＣＨＩホールディングス株式会社,2026-03-31,"14,190","14,190","1,152",百万円
3166,ＯＣＨＩホールディングス株式会社,2026-03-31,"116,172","116,172","2,532",百万円
3166,ＯＣＨＩホールディングス株式会社,2026-03-31,"4,259","4,259",188,百万円
3167,株式会社ＴＯＫＡＩホールディングス,2026-03-31,エネルギー,"102,937","6,980",百万円
3167,株式会社ＴＯＫＡＩホールディングス,2026-03-31,情報通信,"61,823","4,411",百万円
3167,株式会社ＴＯＫＡＩホールディングス,2026-03-31,ＣＡＴＶ,"37,389","6,131",百万円
3167,株式会社ＴＯＫＡＩホールディングス,2026-03-31,建築設備不動産,"26,724","1,657",百万円
3167,株式会社ＴＯＫＡＩホールディングス,2026-03-31,アクア,"10,087",351,百万円
3168,株式会社ＭＥＲＦ,2025-08-31,"81,905,458","81,905,458","14,473",千円
3168,株式会社ＭＥＲＦ,2025-08-31,"558,000","558,000","102,621",千円
3168,株式会社ＭＥＲＦ,2025-08-31,"82,463,458","82,463,458","117,094",千円
3172,ティーライフ株式会社,2025-07-31,"10,574","10,574",266,百万円
3172,ティーライフ株式会社,2025-07-31,251,927,189,百万円
3172,ティーライフ株式会社,2025-07-31,"10,825","11,502",456,百万円
3173,株式会社Ｃｏｍｉｎｉｘ,2026-03-31,切削工具事業,"17,461",354,
3173,株式会社Ｃｏｍｉｎｉｘ,2026-03-31,耐摩工具事業,"2,259",78,
3173,株式会社Ｃｏｍｉｎｉｘ,2026-03-31,海外事業,"8,983",161,
3173,株式会社Ｃｏｍｉｎｉｘ,2026-03-31,光製品事業,"1,393",108,
3173,株式会社Ｃｏｍｉｎｉｘ,2026-03-31,eコマース事業,133,△65,
3173,株式会社Ｃｏｍｉｎｉｘ,2026-03-31,KMS事業,"10,140",219,
3175,株式会社エー・ピーホールディングス,2026-03-31,国内外食事業,"15,269,323","445,034",
3175,株式会社エー・ピーホールディングス,2026-03-31,海外外食事業,"2,054,345","△17,922",
3175,株式会社エー・ピーホールディングス,2026-03-31,中食事業,"3,668,119","244,799",
3175,株式会社エー・ピーホールディングス,2026-03-31,生産流通事業,"829,993","173,853",
3176,三洋貿易株式会社,2025-09-30,ファインケミカル,"42,384,910","2,413,108",
3176,三洋貿易株式会社,2025-09-30,インダストリアル・プロダクツ,"36,812,070","2,682,389",
3176,三洋貿易株式会社,2025-09-30,サステナビリティ,"13,518,005","1,886,499",
3176,三洋貿易株式会社,2025-09-30,ライフサイエンス,"38,670,142","1,362,769",
3177,株式会社ありがとうサービス,2026-02-28,リユース事業,"8,551,096","1,371,822",千円
3177,株式会社ありがとうサービス,2026-02-28,フードサービス事業,"2,484,366","227,857",千円
3177,株式会社ありがとうサービス,2026-02-28,地方創生事業,"362,576","△204,375",千円
3180,株式会社ビューティガレージ,2026-04-30,"31,193,368","31,193,368","1,249,403",
3180,株式会社ビューティガレージ,2026-04-30,"3,924,823","3,924,823","182,974",
3180,株式会社ビューティガレージ,2026-04-30,"815,916","3,078,813","314,502",
3180,株式会社ビューティガレージ,2026-04-30,"35,934,107","38,197,005","1,746,880",
3182,オイシックス・ラ・大地株式会社,2026-03-31,"94,286","94,286","8,265",百万円
3182,オイシックス・ラ・大地株式会社,2026-03-31,"83,223","83,223","2,908",百万円
3182,オイシックス・ラ・大地株式会社,2026-03-31,"40,349","40,349","1,505",百万円
3182,オイシックス・ラ・大地株式会社,2026-03-31,"14,549","14,549","1,369",百万円
3182,オイシックス・ラ・大地株式会社,2026-03-31,"232,408","232,408","14,049",百万円
3182,オイシックス・ラ・大地株式会社,2026-03-31,"18,938","19,011",656,百万円
3184,ＩＣＤＡホールディングス株式会社,2026-03-31,自動車販売関連事業,"37,513,967","2,017,052",
3184,ＩＣＤＡホールディングス株式会社,2026-03-31,自動車リサイクル事業,"1,424,711","169,505",
3187,株式会社ミラタップ,2025-09-30,"15,119,277","15,119,277","606,897",千円
3187,株式会社ミラタップ,2025-09-30,"1,622,676","1,627,468","△116,893",千円
3187,株式会社ミラタップ,2025-09-30,"16,741,953","16,746,745","490,004",千円
3195,株式会社ジェネレーションパス,2025-10-31,"13,272,948","13,272,948","261,099",
3195,株式会社ジェネレーションパス,2025-10-31,"3,213,881","3,213,881","162,706",
3195,株式会社ジェネレーションパス,2025-10-31,"16,486,829","16,486,829","423,806",
3195,株式会社ジェネレーションパス,2025-10-31,"65,465","65,465","9,050",
3195,株式会社ジェネレーションパス,2025-10-31,"16,552,295","16,552,295","432,857",
3196,株式会社ホットランドホールディングス,2025-12-31,飲食事業,"48,879,331","1,803,884",千円
3196,株式会社ホットランドホールディングス,2025-12-31,リゾート事業,"245,134","△84,689",千円
3196,株式会社ホットランドホールディングス,2025-12-31,製販事業,"1,916,516","100,226",千円
3199,綿半ホールディングス株式会社,2026-03-31,143,"77,034","1,563",百万円
3199,綿半ホールディングス株式会社,2026-03-31,92,"49,902","2,207",百万円
3202,ダイトウボウ株式会社,2026-03-31,"1,965,518","2,304,614","954,904",千円
3204,株式会社トーア紡コーポレーション,2025-12-31,衣料事業,"5,935",257,百万円
3204,株式会社トーア紡コーポレーション,2025-12-31,インテリア産業資材事業,"7,234",103,百万円
3204,株式会社トーア紡コーポレーション,2025-12-31,エレクトロニクス事業,"1,076",△14,百万円
3204,株式会社トーア紡コーポレーション,2025-12-31,ファインケミカル事業,"1,525",125,百万円
3204,株式会社トーア紡コーポレーション,2025-12-31,不動産事業,896,512,百万円
3205,株式会社ダイドーリミテッド,2026-03-31,衣料事業,"29,265",759,
3205,株式会社ダイドーリミテッド,2026-03-31,不動産賃貸事業,"3,237",910,
3224,株式会社ゼネラル・オイスター,2026-03-31,"3,173,855","3,173,855","87,864",千円
3224,株式会社ゼネラル・オイスター,2026-03-31,"443,312","443,312","107,047",千円
3224,株式会社ゼネラル・オイスター,2026-03-31,"10,355","10,355","△16,057",千円
3224,株式会社ゼネラル・オイスター,2026-03-31,"2,110","2,110","△28,025",千円
3224,株式会社ゼネラル・オイスター,2026-03-31,"613,649","613,649","23,092",千円
3224,株式会社ゼネラル・オイスター,2026-03-31,"4,243,282","4,243,282","173,922",千円
3224,株式会社ゼネラル・オイスター,2026-03-31,"61,644","61,644",△416,千円
3224,株式会社ゼネラル・オイスター,2026-03-31,"4,304,927","4,304,927","173,505",千円
3236,株式会社プロパスト,2026-05-31,分譲開発事業,,△139,百万円
3236,株式会社プロパスト,2026-05-31,賃貸開発事業,"19,779","3,709",百万円
3236,株式会社プロパスト,2026-05-31,バリューアップ事業,"1,872",216,百万円
3236,株式会社プロパスト,2026-05-31,建築請負事業,"7,801",772,百万円
3237,株式会社イントランス,2026-03-31,"378,773","378,773","38,462",千円
3237,株式会社イントランス,2026-03-31,"694,732","694,732","△61,789",千円
3237,株式会社イントランス,2026-03-31,"1,073,506","1,073,506","△23,327",千円
3237,株式会社イントランス,2026-03-31,234,234,"△23,547",千円
3238,セントラル総合開発株式会社,2026-03-31,740,"34,333,223","1,591,659",
3238,セントラル総合開発株式会社,2026-03-31,"733,557","4,074,049","567,263",
3238,セントラル総合開発株式会社,2026-03-31,"734,297","38,407,272","2,158,922",
323A,株式会社フライヤー,2026-02-28,エンタープライズ事業,"714,058","350,884",千円
323A,株式会社フライヤー,2026-02-28,コンシューマ事業,"354,636","124,283",千円
3241,株式会社ウィル,2025-12-31,-,"3,664","1,212",百万円
3241,株式会社ウィル,2025-12-31,-,"2,372",465,百万円
3241,株式会社ウィル,2025-12-31,0,"8,089",261,百万円
3241,株式会社ウィル,2025-12-31,225,233,△22,百万円
3241,株式会社ウィル,2025-12-31,-,270,142,百万円
3241,株式会社ウィル,2025-12-31,226,"14,630","2,059",百万円
3241,株式会社ウィル,2025-12-31,-,250,73,百万円
3241,株式会社ウィル,2025-12-31,226,"14,880","2,133",百万円
3241,株式会社ウィル,2025-12-31,-,,△806,百万円
3241,株式会社ウィル,2025-12-31,226,"14,880","1,327",百万円
3242,株式会社アーバネットコーポレーション,2025-06-30,不動産事業,"33,695,377","5,019,521",千円
3242,株式会社アーバネットコーポレーション,2025-06-30,ホテル事業,"238,329","45,699",千円
3245,株式会社ディア・ライフ,2025-09-30,リアルエステート事業,"74,569","8,619",百万円
3245,株式会社ディア・ライフ,2025-09-30,セールスプロモーション事業,"3,936",79,百万円
3246,株式会社コーセーアールイー,2026-01-31,"6,287,001","6,287,001","712,428",千円
3246,株式会社コーセーアールイー,2026-01-31,"3,018,792","3,018,792","239,314",千円
3246,株式会社コーセーアールイー,2026-01-31,"197,830","316,001","63,253",千円
3246,株式会社コーセーアールイー,2026-01-31,"354,700","354,700","64,079",千円
3246,株式会社コーセーアールイー,2026-01-31,"9,858,325","9,976,496","1,079,075",千円
3246,株式会社コーセーアールイー,2026-01-31,"69,125","69,125","47,373",千円
3246,株式会社コーセーアールイー,2026-01-31,"9,927,450","10,045,621","1,126,449",千円
3248,株式会社アールエイジ,2025-10-31,"2,312,951","2,880,482","588,984",千円
3248,株式会社アールエイジ,2025-10-31,-,"409,440","95,346",千円
3248,株式会社アールエイジ,2025-10-31,"2,312,951","3,289,922","684,331",千円
3248,株式会社アールエイジ,2025-10-31,-,,"△177,792",千円
3248,株式会社アールエイジ,2025-10-31,"2,312,951","3,289,922","506,538",千円
3252,地主株式会社,2025-12-31,"2,052","73,749","11,635",百万円
3252,地主株式会社,2025-12-31,"1,357","1,378",746,百万円
3260,株式会社エスポア,2026-02-28,開発・販売事業,"203,762","4,787",千円
3260,株式会社エスポア,2026-02-28,賃貸・管理事業,"182,373","△1,170",千円
3260,株式会社エスポア,2026-02-28,不動産コンサルティング事業,"155,454","155,454",千円
3261,株式会社グランディーズ,2025-12-31,"88,958","2,038,962","241,105",千円
3261,株式会社グランディーズ,2025-12-31,"4,065","1,377,807","△33,238",千円
3261,株式会社グランディーズ,2025-12-31,"93,023","3,416,769","207,867",千円
3271,株式会社　ＴＨＥグローバル社,2025-06-30,"12,079","12,079","7,105",
3271,株式会社　ＴＨＥグローバル社,2025-06-30,"55,128,438","61,747,800","6,736,021",
3280,株式会社エストラスト,2026-02-28,不動産分譲事業,"18,681","2,142",百万円
3280,株式会社エストラスト,2026-02-28,不動産管理事業,776,83,百万円
3280,株式会社エストラスト,2026-02-28,不動産賃貸事業,494,175,百万円
3284,株式会社フージャースホールディングス,2026-03-31,不動産開発事業,"63,303","2,695",百万円
3284,株式会社フージャースホールディングス,2026-03-31,ＣＣＲＣ事業,"14,235",706,百万円
3284,株式会社フージャースホールディングス,2026-03-31,不動産投資事業,"52,639","9,505",百万円
3284,株式会社フージャースホールディングス,2026-03-31,不動産関連サービス事業,"8,399",541,百万円
3286,トラストホールディングス株式会社,2025-06-30,"1,001,198","1,001,198","6,023",
3286,トラストホールディングス株式会社,2025-06-30,"12,102,026","12,887,524","542,444",
3288,株式会社オープンハウスグループ,2025-09-30,"6,599","671,339","69,507",百万円
3288,株式会社オープンハウスグループ,2025-09-30,"1,902","68,810","8,047",百万円
3288,株式会社オープンハウスグループ,2025-09-30,"26,447","218,420","23,196",百万円
3288,株式会社オープンハウスグループ,2025-09-30,"6,008","151,111","15,743",百万円
3288,株式会社オープンハウスグループ,2025-09-30,"8,428","226,755","28,720",百万円
3288,株式会社オープンハウスグループ,2025-09-30,"49,385","1,336,436","145,214",百万円
3293,アズマハウス株式会社,2026-03-31,不動産・建設事業,"6,296,049","106,151",千円
3293,アズマハウス株式会社,2026-03-31,不動産賃貸事業,"3,880,220","1,123,591",千円
3293,アズマハウス株式会社,2026-03-31,資産活用事業,"661,447","42,574",千円
3293,アズマハウス株式会社,2026-03-31,ホテル事業,"738,461","50,198",千円
3299,株式会社ムゲンエステート,2025-12-31,不動産売買事業,"65,327","13,390",
3299,株式会社ムゲンエステート,2025-12-31,賃貸その他事業,"2,935",712,
3300,株式会社アンビションＤＸホールディングス,2025-06-30,"18,277,502","21,649,995","2,411,401",千円
3302,帝国繊維株式会社,2025-12-31,"27,257,578","27,257,578","4,296,423",千円
3302,帝国繊維株式会社,2025-12-31,"5,835,460","5,835,460","991,969",千円
3321,ミタチ産業株式会社,2026-05-31,国内事業部門,"102,390,509","2,512,026",千円
3321,ミタチ産業株式会社,2026-05-31,海外事業部門,"17,937,330","903,451",千円
3326,株式会社ランシステム,2026-03-31,"3,138,446","3,138,446","267,267",千円
3326,株式会社ランシステム,2026-03-31,"2,207,524","2,207,524","184,628",千円
3346,ヒロタグループホールディングス株式会社,2026-03-31,スイーツ事業,"1,565,325","△68,007",千円
3346,ヒロタグループホールディングス株式会社,2026-03-31,美容ヘルスケア事業,"127,259","117,322",千円
3350,株式会社メタプラネット,2025-12-31,"8,468","8,468","7,191",百万円
3350,株式会社メタプラネット,2025-12-31,436,436,169,百万円
3350,株式会社メタプラネット,2025-12-31,"8,905","8,905","7,361",百万円
3350,株式会社メタプラネット,2025-12-31,"8,905","8,905","7,361",百万円
3352,株式会社バッファロー,2026-03-31,オートバックス事業,"11,662,799","1,035,987",千円
3352,株式会社バッファロー,2026-03-31,飲食事業,"2,043,755","△39,645",千円
3353,株式会社メディカル一光グループ,2026-02-28,調剤薬局事業,"26,291,141","1,373,467",千円
3353,株式会社メディカル一光グループ,2026-02-28,ヘルスケア事業,"8,990,039","111,525",千円
3353,株式会社メディカル一光グループ,2026-02-28,医薬品卸事業,"19,447,001","287,217",千円
3353,株式会社メディカル一光グループ,2026-02-28,不動産事業,"254,336","144,612",千円
3355,クリヤマホールディングス株式会社,2025-12-31,産業資材事業,"26,179,567","2,277,967",千円
3355,クリヤマホールディングス株式会社,2025-12-31,スポーツ・建設資材事業,"11,064,304","969,801",千円
3355,クリヤマホールディングス株式会社,2025-12-31,その他事業（注１）,"421,655","△38,421",千円
3358,Ｔｒａｉｌｈｅａｄ　Ｇｌｏｂａｌ　Ｈｏｌｄｉｎｇｓ株式会社,2026-03-31,飲食事業,"1,673,365","68,479",千円
3358,Ｔｒａｉｌｈｅａｄ　Ｇｌｏｂａｌ　Ｈｏｌｄｉｎｇｓ株式会社,2026-03-31,不動産賃貸事業,"35,147","1,618",千円
3358,Ｔｒａｉｌｈｅａｄ　Ｇｌｏｂａｌ　Ｈｏｌｄｉｎｇｓ株式会社,2026-03-31,運営受託事業,"118,063","5,776",千円
3359,株式会社ｃｏｔｔａ,2025-09-30,菓子・パン資材及び雑貨等の販売事業,"8,931,605","679,577",千円
3359,株式会社ｃｏｔｔａ,2025-09-30,人材ソリューション事業,"1,163,745","42,988",千円
3359,株式会社ｃｏｔｔａ,2025-09-30,美容関連用品等の販売事業,"3,401,307","70,940",千円
3361,株式会社トーエル,2026-04-30,"20,279,841","20,279,841","2,169,677",千円
3361,株式会社トーエル,2026-04-30,"6,119,175","6,759,242","1,219,594",千円
3361,株式会社トーエル,2026-04-30,"26,399,016","27,039,083","3,389,271",千円
3370,株式会社フジタコーポレーション,2026-03-31,"4,529,304","4,529,304","176,594",千円
3370,株式会社フジタコーポレーション,2026-03-31,"332,276","332,276","12,271",千円
3370,株式会社フジタコーポレーション,2026-03-31,"206,928","206,928","△13,073",千円
3370,株式会社フジタコーポレーション,2026-03-31,"5,068,508","5,068,508","175,792",千円
3371,株式会社ソフトクリエイトホールディングス,2026-03-31,"18,090,980","18,090,980","4,492,440",千円
3371,株式会社ソフトクリエイトホールディングス,2026-03-31,"15,857,891","16,300,412","3,231,319",千円
3371,株式会社ソフトクリエイトホールディングス,2026-03-31,"33,948,871","34,391,392","7,723,760",千円
3374,内外テック株式会社,2026-03-31,販売事業,"27,992,008","689,647",千円
3374,内外テック株式会社,2026-03-31,受託製造事業,"4,622,650","555,059",千円
3392,デリカフーズホールディングス株式会社,2026-03-31,"60,968,557","60,968,557","2,033,845",千円
3392,デリカフーズホールディングス株式会社,2026-03-31,"1,201,176","1,201,176","120,276",千円
3392,デリカフーズホールディングス株式会社,2026-03-31,"49,423","49,423","△12,355",千円
3393,スターティアホールディングス株式会社,2026-03-31,"23,771,903","23,771,903","3,116,102",
3393,スターティアホールディングス株式会社,2026-03-31,"18,142","18,142","126,616",
3393,スターティアホールディングス株式会社,2026-03-31,"23,790,045","23,790,045","3,242,718",
3395,株式会社サンマルクホールディングス,2026-03-31,"1,178,540","59,969,788","4,468,150",千円
3395,株式会社サンマルクホールディングス,2026-03-31,"464,438","28,462,623","3,027,860",千円
3395,株式会社サンマルクホールディングス,2026-03-31,"1,642,978","88,432,412","7,496,011",千円
3405,株式会社クラレ,2025-12-31,ビニルアセテート,"387,169","62,545",
3405,株式会社クラレ,2025-12-31,イソプレン,"61,057","△4,864",
3405,株式会社クラレ,2025-12-31,機能材料,"202,208","10,826",
3405,株式会社クラレ,2025-12-31,繊維,"56,265","2,633",
3405,株式会社クラレ,2025-12-31,トレーディング,"67,343","6,039",
3409,株式会社北紡,2026-03-31,"323,859","323,859","△3,953",千円
3409,株式会社北紡,2026-03-31,"687,406","687,406","83,350",千円
3409,株式会社北紡,2026-03-31,"321,361","321,361","34,278",千円
3409,株式会社北紡,2026-03-31,"252,353","252,353","25,855",千円
3409,株式会社北紡,2026-03-31,"△78,976","△78,976","△88,175",千円
3416,ピクスタ株式会社,2025-12-31,PIXTA,"2,001,141","727,453",千円
3416,ピクスタ株式会社,2025-12-31,fotowa,"502,629","△81,352",千円
3418,株式会社バルニバービ,2025-07-31,"87,858","12,723,258","545,885",千円
3418,株式会社バルニバービ,2025-07-31,"5,856","1,613,508","92,785",千円
3418,株式会社バルニバービ,2025-07-31,"93,714","14,336,766","638,671",千円
3420,株式会社ケー・エフ・シー,2026-03-31,ファスナー,"8,140,374","571,836",千円
3420,株式会社ケー・エフ・シー,2026-03-31,土木資材,"7,076,133","194,440",千円
3420,株式会社ケー・エフ・シー,2026-03-31,建設,"10,331,516","408,413",千円
3421,株式会社稲葉製作所,2025-07-31,"136,271","29,218,305","2,468,111",千円
3422,株式会社　Ｊ－ＭＡＸ,2026-03-31,顧客との契約から生じる収益,外部顧客への売上高,セグメント利益,
3422,株式会社　Ｊ－ＭＡＸ,2026-03-31,"19,091","19,091",600,
3422,株式会社　Ｊ－ＭＡＸ,2026-03-31,"5,934","5,934",75,
3422,株式会社　Ｊ－ＭＡＸ,2026-03-31,"26,893","26,893",724,
3422,株式会社　Ｊ－ＭＡＸ,2026-03-31,"51,919","51,919","1,400",
3423,株式会社エスイー,2026-03-31,"107,218","12,019,559","717,950",千円
3431,宮地エンジニアリンググループ株式会社,2026-03-31,宮地エンジニアリング,"38,792","3,976",百万円
3431,宮地エンジニアリンググループ株式会社,2026-03-31,エム・エムブリッジ,"17,786",630,百万円
3431,宮地エンジニアリンググループ株式会社,2026-03-31,その他(注)１,12,"2,966",百万円
3433,トーカロ株式会社,2026-03-31,溶射加工(単体),"40,709","8,802",百万円
3433,トーカロ株式会社,2026-03-31,国内子会社,"2,883",331,百万円
3433,トーカロ株式会社,2026-03-31,海外子会社,"12,269","4,937",百万円
3434,株式会社アルファ,2026-03-31,"8,152","8,152",752,百万円
3434,株式会社アルファ,2026-03-31,"15,623","15,623",△472,百万円
3434,株式会社アルファ,2026-03-31,"15,274","15,274",△922,百万円
3434,株式会社アルファ,2026-03-31,"18,379","18,379",421,百万円
3434,株式会社アルファ,2026-03-31,"12,311","12,347","1,340",百万円
3434,株式会社アルファ,2026-03-31,"2,921","2,921",705,百万円
3434,株式会社アルファ,2026-03-31,"72,663","72,699","1,824",百万円
3435,サンコーテクノ株式会社,2026-03-31,"17,244,463","17,244,463","2,628,286",千円
3435,サンコーテクノ株式会社,2026-03-31,"4,516,301","4,516,301","127,209",千円
3435,サンコーテクノ株式会社,2026-03-31,"21,760,764","21,760,764","2,755,496",千円
3437,特殊電極株式会社,2026-03-31,"8,133,685","8,133,685","1,136,016",千円
3437,特殊電極株式会社,2026-03-31,"1,380,857","1,380,857","141,709",千円
3437,特殊電極株式会社,2026-03-31,"671,747","671,747","107,998",千円
3437,特殊電極株式会社,2026-03-31,"10,186,289","10,186,289","1,385,724",千円
3437,特殊電極株式会社,2026-03-31,"729,403","729,403","49,067",千円
3437,特殊電極株式会社,2026-03-31,"10,915,693","10,915,693","1,434,791",千円
3439,株式会社三ツ知,2025-06-30,"8,354,942","8,354,942","△140,962",千円
3439,株式会社三ツ知,2025-06-30,"1,438,467","1,438,467","△85,124",千円
3439,株式会社三ツ知,2025-06-30,"2,356,340","2,356,340","332,085",千円
3439,株式会社三ツ知,2025-06-30,"262,245","262,245","△33,017",千円
3440,日創グループ株式会社,2025-08-31,1,"8,002","1,097",百万円
3441,株式会社山王,2025-07-31,日本,"7,652,895","508,864",千円
3441,株式会社山王,2025-07-31,フィリピン,"3,177,476","243,314",千円
3443,川田テクノロジーズ株式会社,2026-03-31,鉄構,"48,693","6,320",百万円
3443,川田テクノロジーズ株式会社,2026-03-31,土木,"32,599","1,654",百万円
3443,川田テクノロジーズ株式会社,2026-03-31,建築,"16,594","1,308",百万円
3443,川田テクノロジーズ株式会社,2026-03-31,ソリューション,"7,853","3,098",百万円
3445,株式会社ＲＳ　Ｔｅｃｈｎｏｌｏｇｉｅｓ,2025-12-31,"18,105","27,528","10,167",
3446,株式会社ジェイテックコーポレーション,2025-06-30,オプティカル事業,"1,234,131","526,759",千円
3446,株式会社ジェイテックコーポレーション,2025-06-30,ライフサイエンス・機器開発事業,"220,642","△52,055",千円
3446,株式会社ジェイテックコーポレーション,2025-06-30,その他事業,"470,818","41,111",千円
3449,株式会社テクノフレックス,2025-12-31,継手事業,"15,125,913","2,830,891",千円
3449,株式会社テクノフレックス,2025-12-31,防災・工事事業,"6,799,116","1,512,072",千円
3449,株式会社テクノフレックス,2025-12-31,自動車・ロボット事業,"2,092,291","97,913",千円
3449,株式会社テクノフレックス,2025-12-31,介護事業,"1,906,300","126,189",千円
3452,株式会社ビーロット,2025-12-31,"31,218","31,218","6,529",百万円
3452,株式会社ビーロット,2025-12-31,"1,609","1,609",701,百万円
3452,株式会社ビーロット,2025-12-31,"3,125","4,950","2,494",百万円
3452,株式会社ビーロット,2025-12-31,"35,954","37,778","9,726",百万円
3454,ファーストブラザーズ株式会社,2025-11-30,投資運用事業,"39,372","96,107",千円
3454,ファーストブラザーズ株式会社,2025-11-30,投資銀行事業,"17,193,388","6,289,688",千円
3454,ファーストブラザーズ株式会社,2025-11-30,施設運営事業,"1,794,015","△65,649",千円
3457,株式会社Ａｎｄ　Ｄｏホールディングス,2025-06-30,フランチャイズ,"3,121","1,920",百万円
3457,株式会社Ａｎｄ　Ｄｏホールディングス,2025-06-30,ハウス・リースバック,"19,400","2,264",百万円
3457,株式会社Ａｎｄ　Ｄｏホールディングス,2025-06-30,金融,558,179,百万円
3457,株式会社Ａｎｄ　Ｄｏホールディングス,2025-06-30,不動産売買,"38,396","2,031",百万円
3457,株式会社Ａｎｄ　Ｄｏホールディングス,2025-06-30,不動産流通,"1,057",511,百万円
3457,株式会社Ａｎｄ　Ｄｏホールディングス,2025-06-30,リフォーム,"2,200",257,百万円
3465,ケイアイスター不動産株式会社,2026-03-31,分譲住宅事業,"365,776","27,559",百万円
3465,ケイアイスター不動産株式会社,2026-03-31,注文住宅事業,"6,376",105,百万円
3467,アグレ都市デザイン株式会社,2026-03-31,ハウジング事業,"30,368,151","3,283,413",
3467,アグレ都市デザイン株式会社,2026-03-31,アセットソリューション事業,"6,216,957","610,389",
3467,アグレ都市デザイン株式会社,2026-03-31,宿泊事業,"390,130","△28,705",
3469,株式会社デュアルタップ,2025-06-30,"6,901,122","6,901,122","103,332",千円
3469,株式会社デュアルタップ,2025-06-30,"337,342","1,124,335","65,797",千円
3469,株式会社デュアルタップ,2025-06-30,"342,491","342,491","△12,837",千円
3469,株式会社デュアルタップ,2025-06-30,"7,580,956","8,367,950","156,292",千円
3475,株式会社グッドコムアセット,2025-10-31,ホールセール,"39,422,544","3,692,619",千円
3475,株式会社グッドコムアセット,2025-10-31,リテールセールス,"9,758,066","△1,236,406",千円
3475,株式会社グッドコムアセット,2025-10-31,リアルエステートマネジメント,"2,303,597","823,720",千円
3475,株式会社グッドコムアセット,2025-10-31,LivenupGroup,"3,054,401","△318,301",千円
3475,株式会社グッドコムアセット,2025-10-31,その他,"43,135","△94,472",千円
3479,株式会社ティーケーピー,2026-02-28,空間再生流通事業,"52,226","6,749",
3479,株式会社ティーケーピー,2026-02-28,リリカラ事業,"33,019",856,
3479,株式会社ティーケーピー,2026-02-28,ノバレーゼ・エスクリ事業,"29,111","2,743",
3484,株式会社イノベーションホールディングス,2026-03-31,店舗転貸借事業,"17,803,265","1,548,480",千円
3484,株式会社イノベーションホールディングス,2026-03-31,不動産売買事業,"2,209,154","492,841",千円
3489,株式会社フェイスネットワーク,2026-03-31,不動産投資支援事業,"31,993,808","5,433,299",
3489,株式会社フェイスネットワーク,2026-03-31,不動産マネジメント事業,"923,067","199,073",
3489,株式会社フェイスネットワーク,2026-03-31,合計(注)１,"32,916,875","5,632,372",
3490,株式会社アズ企画設計,2026-02-28,不動産販売事業,"12,585,011","926,402",千円
3490,株式会社アズ企画設計,2026-02-28,不動産賃貸事業,"703,651","74,362",千円
3490,株式会社アズ企画設計,2026-02-28,不動産管理事業,"254,675","88,929",千円
3495,香陵住販株式会社,2025-09-30,不動産流通事業,"8,576,690","871,038",
3495,香陵住販株式会社,2025-09-30,不動産管理事業,"2,956,198","970,870",
3496,株式会社アズーム,2025-09-30,遊休資産活用事業,"13,232,105","2,594,407",千円
3496,株式会社アズーム,2025-09-30,ビジュアライゼーション事業,"247,840","20,465",千円
3501,ＳＵＭＩＮＯＥ株式会社,2026-05-31,インテリア事業,"39,260","1,455",
3501,ＳＵＭＩＮＯＥ株式会社,2026-05-31,自動車・車両内装事業,"65,237","2,928",
3501,ＳＵＭＩＮＯＥ株式会社,2026-05-31,機能資材事業,"2,631",54,
3504,株式会社丸八ホールディングス,2026-03-31,"165,192","10,672,551","1,479,542",
3504,株式会社丸八ホールディングス,2026-03-31,"1,154,362","1,164,360","602,648",
3504,株式会社丸八ホールディングス,2026-03-31,"1,319,554","11,836,912","2,082,191",
350A,デジタルグリッド株式会社,2025-07-31,電力PF事業,"4,631,562","3,529,801",千円
350A,デジタルグリッド株式会社,2025-07-31,再エネPF事業,"449,549","120,431",千円
350A,デジタルグリッド株式会社,2025-07-31,その他（注）１,"284,146","△245,731",千円
3512,日本フエルト株式会社,2026-03-31,フェルト事業,"8,773,340","735,569",千円
3512,日本フエルト株式会社,2026-03-31,不動産賃貸事業,"625,021","359,571",千円
3513,イチカワ株式会社,2026-03-31,日本,"8,361","2,964",百万円
3513,イチカワ株式会社,2026-03-31,北米,"2,072",83,百万円
3513,イチカワ株式会社,2026-03-31,欧州,"2,799",180,百万円
3513,イチカワ株式会社,2026-03-31,中国,593,87,百万円
3513,イチカワ株式会社,2026-03-31,タイ,484,19,百万円
3513,イチカワ株式会社,2026-03-31,工業用事業,479,18,百万円
3521,テルマー湯ホールディングス株式会社,2026-03-31,662,"2,000,451","493,329",千円
3521,テルマー湯ホールディングス株式会社,2026-03-31,"44,688","46,765","14,190",千円
3524,日東製網株式会社,2026-04-30,漁業関連事業,"17,785,814","312,000",千円
3524,日東製網株式会社,2026-04-30,陸上関連事業,"4,315,806","242,358",千円
3529,アツギ株式会社,2026-03-31,"20,156","20,156","△1,495",百万円
3536,アクサスホールディングス株式会社,2025-08-31,"1,512","1,512",390,千円
3536,アクサスホールディングス株式会社,2025-08-31,"11,447,520","12,134,207","489,886",千円
3537,昭栄薬品株式会社,2026-03-31,"24,899,279","24,899,279","630,306",
3537,昭栄薬品株式会社,2026-03-31,"726,685","726,685","49,670",
3537,昭栄薬品株式会社,2026-03-31,"1,295,698","1,295,698","△4,855",
3537,昭栄薬品株式会社,2026-03-31,"26,921,663","26,921,663","675,121",
3538,株式会社ウイルプラスホールディングス,2025-06-30,輸入車ディーラー事業,"54,230,761","2,515,929",
3538,株式会社ウイルプラスホールディングス,2025-06-30,中古車輸出関連事業,"34,383,530","433,878",
3539,株式会社ＪＭホールディングス,2025-07-31,スーパーマーケット事業,"180,558","9,568",
3539,株式会社ＪＭホールディングス,2025-07-31,その他(注)１,"5,649",596,
3544,サツドラホールディングス株式会社,2026-05-15,766,"98,442","1,121",百万円
3546,アレンザホールディングス株式会社,2026-02-28,854,"45,513","1,629",百万円
3546,アレンザホールディングス株式会社,2026-02-28,288,"15,053",236,百万円
3546,アレンザホールディングス株式会社,2026-02-28,38,"54,712","2,011",百万円
3546,アレンザホールディングス株式会社,2026-02-28,150,"28,900",373,百万円
3546,アレンザホールディングス株式会社,2026-02-28,"1,332","144,180","4,251",百万円
3546,アレンザホールディングス株式会社,2026-02-28,125,"6,421",872,百万円
3546,アレンザホールディングス株式会社,2026-02-28,"1,458","150,601","5,123",百万円
3547,株式会社串カツ田中ホールディングス,2025-11-30,串カツ田中,"17,522,150","1,414,325",千円
3547,株式会社串カツ田中ホールディングス,2025-11-30,国内その他,"834,746","△190,401",千円
3547,株式会社串カツ田中ホールディングス,2025-11-30,ハウスミール事業,"1,302,610","44,059",千円
3547,株式会社串カツ田中ホールディングス,2025-11-30,内装工事事業,"1,432,015","102,166",千円
3551,ダイニック株式会社,2026-03-31,印刷情報関連事業,"22,381,380","2,291,791",千円
3551,ダイニック株式会社,2026-03-31,住生活環境関連事業,"11,908,531","421,367",千円
3551,ダイニック株式会社,2026-03-31,包材関連事業,"7,990,641","424,876",千円
3561,株式会社力の源ホールディングス,2026-03-31,-,"17,417,052","1,447,570",千円
3561,株式会社力の源ホールディングス,2026-03-31,-,"14,427,901","870,711",千円
3561,株式会社力の源ホールディングス,2026-03-31,-,"4,416,849","562,269",千円
3561,株式会社力の源ホールディングス,2026-03-31,-,"36,261,804","2,880,551",千円
3561,株式会社力の源ホールディングス,2026-03-31,-,,"△555,463",千円
3561,株式会社力の源ホールディングス,2026-03-31,-,"36,261,804","2,325,088",千円
3569,セーレン株式会社,2026-03-31,"115,258","115,258","16,199",百万円
3569,セーレン株式会社,2026-03-31,"21,324","21,324","1,411",百万円
3569,セーレン株式会社,2026-03-31,"13,388","13,388","3,086",百万円
3569,セーレン株式会社,2026-03-31,"13,284","13,284","1,033",百万円
3569,セーレン株式会社,2026-03-31,"6,676","6,676",739,百万円
3569,セーレン株式会社,2026-03-31,"169,932","169,932","22,469",百万円
3569,セーレン株式会社,2026-03-31,"1,311","1,832",558,百万円
3569,セーレン株式会社,2026-03-31,"171,243","171,765","23,027",百万円
3571,株式会社ソトー,2026-03-31,"5,690,758","5,690,758","△661,028",
3571,株式会社ソトー,2026-03-31,"4,534,504","4,534,504","148,328",
3571,株式会社ソトー,2026-03-31,"27,851","489,975","283,488",
3571,株式会社ソトー,2026-03-31,"10,253,114","10,715,238","△229,211",
3577,東海染工株式会社,2026-03-31,染色加工,"8,849,974","△114,771",千円
3577,東海染工株式会社,2026-03-31,縫製品販売,"320,843","25,328",千円
3577,東海染工株式会社,2026-03-31,子育て支援,"4,245,083","138,930",千円
3577,東海染工株式会社,2026-03-31,倉庫,"42,391","8,130",千円
3577,東海染工株式会社,2026-03-31,機械販売,"66,176","1,232",千円
3577,東海染工株式会社,2026-03-31,洗濯,"185,748","25,047",千円
3580,小松マテーレ株式会社,2026-03-31,繊維事業,"41,063","2,432",百万円
3580,小松マテーレ株式会社,2026-03-31,その他の事業,499,57,百万円
3583,オーベクス株式会社,2026-03-31,"4,238,171","4,236,171","766,526",千円
3583,オーベクス株式会社,2026-03-31,"1,779,136","1,779,136","161,943",千円
3583,オーベクス株式会社,2026-03-31,"6,015,307","6,015,307","928,469",千円
3598,山喜株式会社,2026-03-31,"18,961","8,380,230","△109,200",千円
3598,山喜株式会社,2026-03-31,7,"1,242,960","△107,257",千円
3608,株式会社ＴＳＩホールディングス,2026-02-28,アパレル関連事業,"162,075","6,948",百万円
3608,株式会社ＴＳＩホールディングス,2026-02-28,その他,"5,009",283,百万円
3611,株式会社マツオカコーポレーション,2026-03-31,縫製事業,"66,029","5,959",百万円
3611,株式会社マツオカコーポレーション,2026-03-31,ラミネーションフィルム事業,"8,221",554,百万円
3625,テックファームホールディングス株式会社,2025-06-30,ICTソリューション,"6,197,071","1,320,343",千円
3625,テックファームホールディングス株式会社,2025-06-30,クロスボーダー流通プラットフォーム,"508,625","△50,401",千円
3626,ＴＩＳ株式会社,2026-03-31,オファリングサービス,"144,593","10,442",百万円
3626,ＴＩＳ株式会社,2026-03-31,ＢＰＭ,"42,803","6,397",百万円
3626,ＴＩＳ株式会社,2026-03-31,金融ＩＴ,"96,941","12,729",百万円
3626,ＴＩＳ株式会社,2026-03-31,産業ＩＴ,"132,791","22,507",百万円
3626,ＴＩＳ株式会社,2026-03-31,広域ＩＴソリューション,"176,953","23,328",百万円
3627,テクミラホールディングス株式会社,2026-02-28,ライフデザイン事業,"2,586,338","36,218",千円
3627,テクミラホールディングス株式会社,2026-02-28,AI＆クラウド事業,"2,523,958","222,701",千円
3627,テクミラホールディングス株式会社,2026-02-28,IoT＆デバイス事業,"5,294,794","293,399",千円
3632,グリーホールディングス株式会社,2025-06-30,ゲーム事業,"36,914","4,596",百万円
3632,グリーホールディングス株式会社,2025-06-30,メタバース事業,"8,248",660,百万円
3632,グリーホールディングス株式会社,2025-06-30,IP事業,"1,725",282,百万円
3632,グリーホールディングス株式会社,2025-06-30,DX事業,"6,727",922,百万円
3632,グリーホールディングス株式会社,2025-06-30,投資事業,"3,346",△413,百万円
3633,ＧＭＯペパボ株式会社,2025-12-31,"6,205,519","6,205,519","1,904,279",千円
3633,ＧＭＯペパボ株式会社,2025-12-31,"3,080,286","3,080,286","962,847",千円
3633,ＧＭＯペパボ株式会社,2025-12-31,"1,294,335","1,294,335","91,150",千円
3633,ＧＭＯペパボ株式会社,2025-12-31,"355,409","355,409","1,080",千円
3633,ＧＭＯペパボ株式会社,2025-12-31,"10,935,551","10,935,551","2,959,357",千円
3633,ＧＭＯペパボ株式会社,2025-12-31,"23,552","23,552","△189,500",千円
3633,ＧＭＯペパボ株式会社,2025-12-31,"10,959,103","10,959,103","2,769,856",千円
3635,株式会社コーエーテクモホールディングス,2026-03-31,エンタテインメント,"82,239","36,642",百万円
3635,株式会社コーエーテクモホールディングス,2026-03-31,アミューズメント,"4,782",802,百万円
3635,株式会社コーエーテクモホールディングス,2026-03-31,不動産,"1,296",327,百万円
3636,株式会社三菱総合研究所,2025-09-30,シンクタンク・コンサルティングサービス,"47,090","5,715",百万円
3636,株式会社三菱総合研究所,2025-09-30,ITサービス,"74,367","4,037",百万円
3640,株式会社電算,2026-03-31,"158,268","22,529,129","5,764,624",千円
3640,株式会社電算,2026-03-31,118,"5,458,125","536,435",千円
3640,株式会社電算,2026-03-31,"158,387","27,987,254","6,301,059",千円
3641,株式会社パピレス,2026-03-31,電子書籍事業,"14,740",762,百万円
3641,株式会社パピレス,2026-03-31,ＩＰ制作事業,,△281,百万円
3645,株式会社メディカルネット,2026-05-31,メディア・プラットフォーム事業,"974,605","463,202",千円
3645,株式会社メディカルネット,2026-05-31,医療機関経営支援事業,"5,199,311","122,060",千円
3645,株式会社メディカルネット,2026-05-31,医療BtoB事業,"178,482","42,306",千円
3645,株式会社メディカルネット,2026-05-31,クラウドインテグレーション事業,"379,357","49,909",千円
3646,株式会社駅探,2026-03-31,モビリティサポート事業,"1,310,005","191,718",千円
3646,株式会社駅探,2026-03-31,広告配信プラットフォーム事業,"734,234","10,442",千円
3646,株式会社駅探,2026-03-31,M＆A・インキュベーション事業,"948,555","68,801",千円
3647,株式会社ジー・スリーホールディングス,2025-08-31,"142,271","142,271","△360,780",千円
3648,ＡＧＳ株式会社,2026-03-31,情報処理サービス,"12,148,462","2,032,208",千円
3648,ＡＧＳ株式会社,2026-03-31,ソフトウエア開発,"10,127,867","1,817,454",千円
3648,ＡＧＳ株式会社,2026-03-31,その他情報サービス,"4,007,878","798,516",千円
3648,ＡＧＳ株式会社,2026-03-31,システム機器販売,"2,338,173","102,224",千円
3649,株式会社ファインデックス,2025-12-31,医療ビジネス,"5,691,403","1,895,062",千円
3649,株式会社ファインデックス,2025-12-31,公共ビジネス,"355,184","109,897",千円
3649,株式会社ファインデックス,2025-12-31,ヘルステックビジネス,"63,353","△214,930",千円
3655,株式会社ブレインパッド,2025-06-30,プロフェッショナルサービス事業,"8,336,384","3,565,818",千円
3655,株式会社ブレインパッド,2025-06-30,プロダクト事業,"3,435,870","870,457",千円
3656,ＫＬａｂ株式会社,2025-12-31,"6,365,540","6,365,540","836,233",千円
3656,ＫＬａｂ株式会社,2025-12-31,"490,736","490,736","△5,692",千円
3656,ＫＬａｂ株式会社,2025-12-31,"6,856,276","6,856,276","830,540",千円
3660,株式会社アイスタイル,2025-06-30,"9,651","9,651","2,822",
3660,株式会社アイスタイル,2025-06-30,"53,463","53,463","3,115",
3660,株式会社アイスタイル,2025-06-30,"4,174","4,174",△176,
3660,株式会社アイスタイル,2025-06-30,"67,288","67,288","5,761",
3660,株式会社アイスタイル,2025-06-30,"1,480","1,480",188,
3660,株式会社アイスタイル,2025-06-30,"68,768","68,768","5,949",
3661,株式会社エムアップホールディングス,2026-03-31,コンテンツ事業,"27,272","4,515",百万円
3661,株式会社エムアップホールディングス,2026-03-31,電子チケット事業,"4,399","1,353",百万円
3662,株式会社エイチームホールディングス,2025-07-31,メディア・ソリューション,"17,469","1,327",百万円
3662,株式会社エイチームホールディングス,2025-07-31,D2C,"2,248",7,百万円
3662,株式会社エイチームホールディングス,2025-07-31,エンターテインメント,"4,199",518,百万円
3664,株式会社モブキャストホールディングス,2025-12-31,IP投資育成事業,"11,247","△72,859",
3664,株式会社モブキャストホールディングス,2025-12-31,ライフスタイルIP事業,"2,787,607","76,106",
3664,株式会社モブキャストホールディングス,2025-12-31,デジタルIP事業,"9,279","△62,665",
3665,株式会社エニグモ,2026-01-31,FashionPlatform事業,"5,373,502","1,141,628",千円
3665,株式会社エニグモ,2026-01-31,TravelPlatform事業,"906,651","△326,927",千円
3668,株式会社コロプラ,2025-09-30,エンターテインメント事業,"23,264",△180,百万円
3668,株式会社コロプラ,2025-09-30,投資育成事業,"2,668","1,180",百万円
366A,ウェルネス・コミュニケーションズ株式会社,2026-03-31,健診ソリューション事業,"13,018,494","379,082",千円
366A,ウェルネス・コミュニケーションズ株式会社,2026-03-31,健康管理クラウド事業,"1,523,763","767,327",千円
366A,ウェルネス・コミュニケーションズ株式会社,2026-03-31,医療機関等支援事業,"236,100","39,816",千円
366A,ウェルネス・コミュニケーションズ株式会社,2026-03-31,調整額（注）３,,,千円
3674,株式会社オークファン,2025-09-30,ソリューション,"2,789,282","619,197",千円
3674,株式会社オークファン,2025-09-30,プラットフォーム,"1,610,548","△100,014",千円
3674,株式会社オークファン,2025-09-30,インキュベーション,"257,214","△308,238",千円
3675,株式会社クロス・マーケティンググループ,2025-06-30,デジタルマーケティング事業,"12,520,731","900,344",千円
3675,株式会社クロス・マーケティンググループ,2025-06-30,データマーケティング事業,"9,914,392","2,987,026",千円
3675,株式会社クロス・マーケティンググループ,2025-06-30,インサイト事業,"6,461,466","835,619",千円
3676,株式会社デジタルハーツホールディングス,2026-03-31,DHグループ事業,"22,998,143","2,245,556",千円
3676,株式会社デジタルハーツホールディングス,2026-03-31,AGESTグループ事業,"15,930,603","380,609",千円
3678,株式会社メディアドゥ,2026-02-28,電子書籍流通事業,"101,063","4,919",百万円
3678,株式会社メディアドゥ,2026-02-28,戦略投資事業,"7,454",△631,百万円
3681,株式会社ブイキューブ,2025-12-31,エンタープライズDX事業,"3,499,442","527,909",千円
3681,株式会社ブイキューブ,2025-12-31,イベントDX事業,"3,519,496","△2,083,393",千円
3681,株式会社ブイキューブ,2025-12-31,サードプレイスDX事業,"2,840,528","787,871",千円
3683,株式会社サイバーリンクス,2025-12-31,流通クラウド事業,"5,301",778,
3683,株式会社サイバーリンクス,2025-12-31,官公庁クラウド事業,"8,477","1,202",
3683,株式会社サイバーリンクス,2025-12-31,トラスト事業,147,△61,
3683,株式会社サイバーリンクス,2025-12-31,モバイルネットワーク事業,"4,209",377,
3687,株式会社フィックスターズ,2025-09-30,"9,171,343","9,171,343","3,236,011",千円
3687,株式会社フィックスターズ,2025-09-30,"446,343","446,343","△424,065",千円
3687,株式会社フィックスターズ,2025-09-30,"9,617,686","9,617,686","2,811,945",千円
3690,株式会社イルグルム,2025-09-30,"2,918,792","2,918,792","272,683",千円
3690,株式会社イルグルム,2025-09-30,"2,015,940","2,015,940","6,209",千円
3690,株式会社イルグルム,2025-09-30,"4,934,733","4,934,733","278,892",千円
3692,株式会社ＦＦＲＩセキュリティ,2026-03-31,サイバー・セキュリティ事業,"3,987,652","1,430,954",千円
3692,株式会社ＦＦＲＩセキュリティ,2026-03-31,ソフトウェア開発・テスト事業,"361,145","24,059",千円
3694,株式会社オプティム,2026-03-31,AX事業,"9,092,348","4,995,995",千円
3694,株式会社オプティム,2026-03-31,アグリテック事業,"2,639,456","△460,121",千円
3696,株式会社セレス,2025-12-31,モバイルサービス事業,"27,971,605","4,895,012",千円
3696,株式会社セレス,2025-12-31,フィナンシャルサービス事業,"1,688,776","△1,079,928",千円
3697,株式会社ＳＨＩＦＴ,2025-08-31,ソフトウェアテスト関連サービス,"83,437","21,518",百万円
3697,株式会社ＳＨＩＦＴ,2025-08-31,ソフトウェア開発関連サービス,"37,118","2,610",百万円
3697,株式会社ＳＨＩＦＴ,2025-08-31,その他近接サービス,"9,264",736,百万円
3698,株式会社ＣＲＩ・ミドルウェア,2025-09-30,ゲーム事業,"1,807,021","186,207",千円
3698,株式会社ＣＲＩ・ミドルウェア,2025-09-30,エンタープライズ事業,"1,641,565","368,173",千円
3708,特種東海製紙株式会社,2026-03-31,産業素材事業,"41,867","1,169",百万円
3708,特種東海製紙株式会社,2026-03-31,特殊素材事業,"19,762","1,494",百万円
3708,特種東海製紙株式会社,2026-03-31,生活商品事業,"18,781",798,百万円
3708,特種東海製紙株式会社,2026-03-31,環境関連事業,"15,002",755,百万円
3710,ジョルダン株式会社,2025-09-30,乗換案内事業,"2,343,077","357,719",千円
3710,ジョルダン株式会社,2025-09-30,マルチメディア事業,"2,073","△10,409",千円
3710,ジョルダン株式会社,2025-09-30,ソフトウエア事業,"301,119","△26,873",千円
3710,ジョルダン株式会社,2025-09-30,ハードウエア事業,"176,668","21,452",千円
3712,株式会社情報企画,2025-09-30,"3,595,569","3,595,569","1,484,518",千円
3726,株式会社フォーシーズＨＤ,2025-09-30,"1,201,097","1,201,097","183,867",
3726,株式会社フォーシーズＨＤ,2025-09-30,"612,339","612,339","182,951",
3726,株式会社フォーシーズＨＤ,2025-09-30,"483,766","483,766","△28,145",
3726,株式会社フォーシーズＨＤ,2025-09-30,"143,835","143,835","△29,945",
3726,株式会社フォーシーズＨＤ,2025-09-30,"2,441,039","2,441,039","308,729",
3739,コムシード株式会社,2026-03-31,モバイル事業,"2,459,378","195,056",千円
3739,コムシード株式会社,2026-03-31,ブロックチェーン事業,"15,380","△54,989",千円
3744,サイオス株式会社,2025-12-31,プロダクト＆サービス,"5,750,058","726,235",千円
3744,サイオス株式会社,2025-12-31,コンサルティング＆インテグレーション,"3,448,353","343,526",千円
3744,サイオス株式会社,2025-12-31,ソフトウェアセールス＆ソリューション,"9,860,806","142,271",千円
3747,株式会社インタートレード,2025-09-30,金融ソリューション事業,"1,473,425","393,712",千円
3747,株式会社インタートレード,2025-09-30,ビジネスソリューション事業,"258,409","△30,598",千円
3747,株式会社インタートレード,2025-09-30,ヘルスケア事業,"104,651","△51,055",千円
3758,株式会社アエリア,2025-12-31,"1,689","1,689",97,百万円
3758,株式会社アエリア,2025-12-31,"9,313","9,313",△21,百万円
3758,株式会社アエリア,2025-12-31,"5,469","5,469",591,百万円
3758,株式会社アエリア,2025-12-31,"16,472","16,472",667,百万円
3760,株式会社ケイブ,2026-05-31,"11,021,087","11,021,087","△626,370",
3760,株式会社ケイブ,2026-05-31,"981,860","981,860","18,076",
3760,株式会社ケイブ,2026-05-31,"12,002,947","12,002,947","△608,293",
3763,株式会社プロシップ,2026-03-31,パッケージソリューション事業,"8,239,494","2,892,062",千円
3763,株式会社プロシップ,2026-03-31,その他事業,"135,055","31,003",千円
3763,株式会社プロシップ,2026-03-31,調整額（注）１,,"2,127",千円
3768,リスクモンスター株式会社,2026-03-31,"2,047,372","2,047,372","353,523",千円
3768,リスクモンスター株式会社,2026-03-31,"630,914","630,914","200,163",千円
3768,リスクモンスター株式会社,2026-03-31,"180,634","180,634","5,599",千円
3768,リスクモンスター株式会社,2026-03-31,"815,031","815,031","9,581",千円
3768,リスクモンスター株式会社,2026-03-31,"3,673,951","3,673,951","568,867",千円
3768,リスクモンスター株式会社,2026-03-31,"150,086","150,086","△10,155",千円
3768,リスクモンスター株式会社,2026-03-31,"3,824,037","3,824,037","558,712",千円
3768,リスクモンスター株式会社,2026-03-31,-,,"△198,516",千円
3768,リスクモンスター株式会社,2026-03-31,"3,824,037","3,824,037","360,195",千円
3772,ウェルス・マネジメント株式会社,2026-03-31,"909,912","909,912","297,319",千円
3772,ウェルス・マネジメント株式会社,2026-03-31,"1,583,395","3,816,080","△1,467,463",千円
3772,ウェルス・マネジメント株式会社,2026-03-31,"10,377,496","10,383,442","2,356,225",千円
3772,ウェルス・マネジメント株式会社,2026-03-31,"12,870,804","15,109,435","1,186,080",千円
3772,ウェルス・マネジメント株式会社,2026-03-31,"12,870,804","15,109,435","1,186,080",千円
3775,株式会社ガイアックス,2025-12-31,"2,377,806","2,377,806","226,605",千円
3775,株式会社ガイアックス,2025-12-31,"850,171","1,120,866","406,034",千円
3775,株式会社ガイアックス,2025-12-31,"3,227,978","3,498,673","632,639",千円
3776,株式会社ブロードバンドタワー,2025-12-31,"20,487","11,878,243","562,733",千円
3777,株式会社環境フレンドリーホールディングス,2025-12-31,"588,065","588,065","150,687",千円
3777,株式会社環境フレンドリーホールディングス,2025-12-31,"329,916","329,916","119,973",千円
3777,株式会社環境フレンドリーホールディングス,2025-12-31,"453,127","453,127","4,455",千円
3779,ジェイ・エスコムホールディングス株式会社,2026-03-31,通信販売事業,"570,080","54,539",千円
3779,ジェイ・エスコムホールディングス株式会社,2026-03-31,デジタルマーケティング事業,"777,637","△52,614",千円
3779,ジェイ・エスコムホールディングス株式会社,2026-03-31,広告代理事業,"32,917","30,567",千円
3788,ＧＭＯグローバルサイン・ホールディングス株式会社,2025-12-31,電子認証・印鑑事業,"12,845,957","1,343,998",千円
3788,ＧＭＯグローバルサイン・ホールディングス株式会社,2025-12-31,クラウドインフラ事業,"6,947,623","194,422",千円
3788,ＧＭＯグローバルサイン・ホールディングス株式会社,2025-12-31,DX事業,"877,180","△89,987",千円
3791,株式会社ＩＧポート,2026-05-31,"8,105,517","8,105,517","△1,341,582",千円
3791,株式会社ＩＧポート,2026-05-31,"2,313,462","2,313,462","256,555",千円
3791,株式会社ＩＧポート,2026-05-31,"1,271,492","2,235,625","1,426,738",千円
3791,株式会社ＩＧポート,2026-05-31,"1,144,560","1,144,560","621,685",千円
3791,株式会社ＩＧポート,2026-05-31,"12,835,034","13,799,166","963,396",千円
3791,株式会社ＩＧポート,2026-05-31,"265,360","265,360",228,千円
3791,株式会社ＩＧポート,2026-05-31,"13,100,394","14,064,526","963,625",千円
3793,株式会社ドリコム,2026-03-31,ゲーム事業,"16,787,130","1,277,100",千円
3793,株式会社ドリコム,2026-03-31,コンテンツ事業,"760,647","△868,382",千円
3799,キーウェアソリューションズ株式会社,2026-03-31,システム開発事業,"13,439,475","476,380",
3799,キーウェアソリューションズ株式会社,2026-03-31,ＳＩ事業,"6,815,536","596,828",
3799,キーウェアソリューションズ株式会社,2026-03-31,その他事業,"2,469,895","83,377",
3800,株式会社ユニリタ,2026-03-31,プロダクトサービス,"4,526,193","1,236,159",千円
3800,株式会社ユニリタ,2026-03-31,クラウドサービス,"3,872,045","△357,976",千円
3800,株式会社ユニリタ,2026-03-31,プロフェッショナルサービス,"3,943,968","413,606",千円
3803,イメージ情報開発株式会社,2026-03-31,ＩＴソリューション,"614,117","53,912",千円
3803,イメージ情報開発株式会社,2026-03-31,ＢＰＯ・サービス,"117,513","12,418",千円
3804,株式会社システム　ディ,2025-10-31,"2,776,955","4,834,869","1,383,988",千円
3815,株式会社メディア工房,2025-08-31,"1,761,219","1,761,219","385,581",千円
3815,株式会社メディア工房,2025-08-31,"109,014","109,014","△7,408",千円
3815,株式会社メディア工房,2025-08-31,"1,870,234","1,870,234","378,173",千円
3815,株式会社メディア工房,2025-08-31,"3,261","3,261","△157,212",千円
3815,株式会社メディア工房,2025-08-31,"1,873,495","1,873,495","220,960",千円
3816,株式会社大和コンピューター,2025-07-31,ソフトウェア開発関連事業,"2,397,518","457,340",千円
3816,株式会社大和コンピューター,2025-07-31,サービスインテグレーション事業,"580,386","130,169",千円
3817,株式会社ＳＲＡホールディングス,2026-03-31,開発事業,"25,889","5,688",百万円
3817,株式会社ＳＲＡホールディングス,2026-03-31,運用・構築事業,"6,594","2,069",百万円
3817,株式会社ＳＲＡホールディングス,2026-03-31,販売事業,"20,795","2,273",百万円
3823,ＴＨＥ　ＷＨＹ　ＨＯＷ　ＤＯ　ＣＯＭＰＡＮＹ株式会社,2026-04-30,産業廃棄物処理事業,,,
3823,ＴＨＥ　ＷＨＹ　ＨＯＷ　ＤＯ　ＣＯＭＰＡＮＹ株式会社,2026-04-30,ライフスタイル事業,"1,267,059","60,144",
3825,株式会社リミックスポイント,2026-03-31,デジタルアセットマネジメント事業,"△5,887","△5,887",
3825,株式会社リミックスポイント,2026-03-31,エネルギー事業,"21,092","1,036",
3825,株式会社リミックスポイント,2026-03-31,蓄電ソリューション事業,"2,392",559,
3825,株式会社リミックスポイント,2026-03-31,その他事業,154,△15,
3826,株式会社システムインテグレータ,2026-02-28,"831,722","831,722","327,492",千円
3826,株式会社システムインテグレータ,2026-02-28,"4,649,893","4,649,893","987,379",千円
3826,株式会社システムインテグレータ,2026-02-28,"76,568","76,568","△3,242",千円
3826,株式会社システムインテグレータ,2026-02-28,"5,558,183","5,558,183","1,311,628",千円
3835,ｅＢＡＳＥ株式会社,2026-03-31,"2,591,313","2,591,313","1,062,534",
3835,ｅＢＡＳＥ株式会社,2026-03-31,"2,668,250","2,668,250","405,372",
3835,ｅＢＡＳＥ株式会社,2026-03-31,"5,259,563","5,259,563","1,467,906",
3836,株式会社アバントグループ,2026-06-30,連結決算開示事業,"9,345,491","2,923,682",千円
3836,株式会社アバントグループ,2026-06-30,デジタルトランスフォーメーション推進事業,"11,016,014","1,717,760",千円
3836,株式会社アバントグループ,2026-06-30,経営管理ソリューション事業,"9,653,197","1,129,101",千円
3837,アドソル日進株式会社,2026-03-31,社会インフラ事業,"11,183,349","2,707,967",千円
3837,アドソル日進株式会社,2026-03-31,先進インダストリー事業,"5,968,066","1,553,790",千円
3840,パス株式会社,2026-03-31,コスメ事業,"949,018","△247,891",千円
3840,パス株式会社,2026-03-31,ビューティ＆ウェルネス事業,"855,966","△82,330",千円
3840,パス株式会社,2026-03-31,再生医療関連事業,"465,228","△53,644",千円
3840,パス株式会社,2026-03-31,サステナブル事業,"7,943","△64,197",千円
3840,パス株式会社,2026-03-31,マーケット・エクスパンション事業,"1,942","△37,085",千円
3840,パス株式会社,2026-03-31,インベストメント事業,"39,999","37,695",千円
3840,パス株式会社,2026-03-31,AI・テクノロジー事業,"50,152","△166,884",千円
3848,株式会社データ・アプリケーション,2026-03-31,ソフトウエア事業,"2,426,270","213,685",千円
3848,株式会社データ・アプリケーション,2026-03-31,システムインテグレーション事業,"1,328,216","57,814",千円
3848,株式会社データ・アプリケーション,2026-03-31,AI関連事業,"567,878","5,475",千円
3850,株式会社エヌ・ティ・ティ・データ・イントラマート,2026-03-31,ソフトウェア事業,"6,283,033","1,665,804",千円
3850,株式会社エヌ・ティ・ティ・データ・イントラマート,2026-03-31,サービス事業,"8,373,755","1,113,580",千円
3851,株式会社日本一ソフトウェア,2026-03-31,エンターテインメント事業,"3,485,742","38,195",千円
3851,株式会社日本一ソフトウェア,2026-03-31,学生寮・その他事業,"120,889","△21,869",千円
3856,Ａｂａｌａｎｃｅ株式会社,2026-03-31,太陽光パネル製造事業,"111,768","13,952",百万円
3856,Ａｂａｌａｎｃｅ株式会社,2026-03-31,グリーンエネルギー事業,"7,879",803,百万円
3861,王子ホールディングス株式会社,2026-03-31,生活産業資材,"874,117","19,694",百万円
3861,王子ホールディングス株式会社,2026-03-31,機能材,"220,941","10,756",百万円
3861,王子ホールディングス株式会社,2026-03-31,資源環境ビジネス,"346,317","6,726",百万円
3861,王子ホールディングス株式会社,2026-03-31,印刷情報メディア,"213,194","7,511",百万円
3863,日本製紙株式会社,2026-03-31,"557,863","557,863",564,
3863,日本製紙株式会社,2026-03-31,"482,017","482,017","7,172",
3863,日本製紙株式会社,2026-03-31,"43,195","43,195","3,332",
3863,日本製紙株式会社,2026-03-31,"76,530","76,530","10,033",
3863,日本製紙株式会社,2026-03-31,"1,159,606","1,159,606","21,103",
3863,日本製紙株式会社,2026-03-31,"32,531","33,000","3,200",
3863,日本製紙株式会社,2026-03-31,"1,192,137","1,192,606","24,304",
3864,三菱製紙株式会社,2026-03-31,機能商品事業,"78,446","2,370",
3864,三菱製紙株式会社,2026-03-31,紙素材事業,"78,086","△2,113",
3864,三菱製紙株式会社,2026-03-31,エンジニアリング事業,921,166,
3864,三菱製紙株式会社,2026-03-31,その他(注)１,,,
3865,北越コーポレーション株式会社,2026-03-31,紙パルプ事業,"261,384","5,963",百万円
3865,北越コーポレーション株式会社,2026-03-31,パッケージング・紙加工事業,"17,437",558,百万円
3877,中越パルプ工業株式会社,2026-03-31,"100,504","100,504","1,692",百万円
3877,中越パルプ工業株式会社,2026-03-31,"5,660","5,660",509,百万円
3877,中越パルプ工業株式会社,2026-03-31,"106,164","106,164","2,202",百万円
3877,中越パルプ工業株式会社,2026-03-31,"4,096","4,221",491,百万円
3877,中越パルプ工業株式会社,2026-03-31,"110,260","110,386","2,693",百万円
3878,株式会社巴川コーポレーション,2026-03-31,"11,513","11,513",453,百万円
3878,株式会社巴川コーポレーション,2026-03-31,"7,182","7,182","1,045",百万円
3878,株式会社巴川コーポレーション,2026-03-31,"12,283","12,283",582,百万円
3878,株式会社巴川コーポレーション,2026-03-31,"4,236","4,236",372,百万円
3878,株式会社巴川コーポレーション,2026-03-31,68,68,△941,百万円
3878,株式会社巴川コーポレーション,2026-03-31,"35,285","35,285","1,513",百万円
3878,株式会社巴川コーポレーション,2026-03-31,197,267,102,百万円
3878,株式会社巴川コーポレーション,2026-03-31,"35,482","35,552","1,615",百万円
3880,大王製紙株式会社,2026-03-31,紙・板紙,"350,283","14,073",百万円
3880,大王製紙株式会社,2026-03-31,ホーム＆パーソナルケア,"298,857","8,077",百万円
3901,マークラインズ株式会社,2025-12-31,コンサルティング事業,"486,008","8,788",
3901,マークラインズ株式会社,2025-12-31,人材紹介事業,"91,317","△33,835",
3901,マークラインズ株式会社,2025-12-31,車両分解・計測事業,"100,172","△36,530",
3903,株式会社ｇｕｍｉ,2026-04-30,"7,006,597","7,006,597","△469,271",千円
3903,株式会社ｇｕｍｉ,2026-04-30,"178,177","2,177,354","552,593",千円
3903,株式会社ｇｕｍｉ,2026-04-30,"7,184,775","9,183,952","83,321",千円
3905,データセクション株式会社,2026-03-31,-,"32,468,614","5,057,992",千円
3905,データセクション株式会社,2026-03-31,-,"1,136,424","149,473",千円
3905,データセクション株式会社,2026-03-31,-,"33,605,038","5,207,466",千円
3905,データセクション株式会社,2026-03-31,-,,"△1,662,783",千円
3905,データセクション株式会社,2026-03-31,-,"33,605,038","3,544,683",千円
3909,株式会社ショーケース,2026-03-31,"29,742","29,742","14,432",
3909,株式会社ショーケース,2026-03-31,"3,082,082","3,261,341","674,509",
3910,株式会社エムケイシステム,2026-03-31,社労夢事業,"2,419,155","220,781",
3910,株式会社エムケイシステム,2026-03-31,CuBe事業,"836,940","17,014",
3912,株式会社モバイルファクトリー,2025-12-31,モバイルゲーム事業,"3,173,398","939,221",千円
3912,株式会社モバイルファクトリー,2025-12-31,コンテンツ事業,"253,945","188,450",千円
3915,株式会社テラスカイ,2026-02-28,ソリューション事業,"25,819,502","3,213,441",千円
3915,株式会社テラスカイ,2026-02-28,製品事業,"2,237,318","△126,279",千円
3916,デジタル・インフォメーション・テクノロジー株式会社,2025-06-30,ソフトウエア開発事業,"23,292,677","2,934,416",千円
3916,デジタル・インフォメーション・テクノロジー株式会社,2025-06-30,システム販売事業,"866,358","79,565",千円
3917,株式会社アイリッジ,2026-03-31,アプリビジネス事業,"5,296,264","1,040,187",千円
3917,株式会社アイリッジ,2026-03-31,ビジネスプロデュース事業,"1,696,003","110,997",千円
3917,株式会社アイリッジ,2026-03-31,フィンテック事業,"91,847","△27,656",千円
3918,ＰＣＩホールディングス株式会社,2026-03-31,エンジニアリング事業,"14,951,028","1,304,592",千円
3918,ＰＣＩホールディングス株式会社,2026-03-31,プロダクト／デバイス事業,"7,946,907","366,168",千円
3918,ＰＣＩホールディングス株式会社,2026-03-31,ＩＣＴソリューション事業,"3,937,917","617,495",千円
391A,株式会社山忠,2026-04-30,"97,694","3,535,829","377,987",千円
391A,株式会社山忠,2026-04-30,"235,675","589,150","175,448",千円
3921,株式会社ネオジャパン,2026-01-31,ソフトウエア事業,"6,217,645","2,516,622",
3921,株式会社ネオジャパン,2026-01-31,システム開発サービス事業,"1,935,820","73,918",
3921,株式会社ネオジャパン,2026-01-31,海外事業,"76,764","△91,742",
3922,株式会社ＰＲ　ＴＩＭＥＳ,2026-02-28,"8,589,765","8,589,765","3,436,762",千円
3922,株式会社ＰＲ　ＴＩＭＥＳ,2026-02-28,"956,531","956,531","186,172",千円
3922,株式会社ＰＲ　ＴＩＭＥＳ,2026-02-28,"9,546,297","9,546,297","3,622,934",千円
3923,株式会社ラクス,2026-03-31,クラウド事業,"51,770","16,027",百万円
3923,株式会社ラクス,2026-03-31,IT人材事業,"8,516","1,318",百万円
3927,株式会社フーバーブレイン,2026-03-31,ITツール事業,"3,219,759","299,942",千円
3927,株式会社フーバーブレイン,2026-03-31,ITサービス事業,"2,421,667","287,690",千円
3927,株式会社フーバーブレイン,2026-03-31,投資事業,,"△4,858",千円
3928,株式会社マイネット,2025-12-31,ゲーム事業,"6,797,411","317,667",千円
3928,株式会社マイネット,2025-12-31,異業種事業,"680,884","56,809",千円
3931,株式会社バリューゴルフ,2026-01-31,ゴルフ事業,"3,502,627","492,530",千円
3931,株式会社バリューゴルフ,2026-01-31,トラベル事業,"662,917","41,930",千円
3932,株式会社アカツキ,2026-03-31,"22,134","22,134","7,972",
3932,株式会社アカツキ,2026-03-31,"2,560","2,560",474,
3932,株式会社アカツキ,2026-03-31,"1,143","1,143",△241,
3932,株式会社アカツキ,2026-03-31,"25,837","25,837","8,205",
3932,株式会社アカツキ,2026-03-31,18,18,△64,
3932,株式会社アカツキ,2026-03-31,"25,856","25,856","8,140",
3933,チエル株式会社,2026-03-31,小学校・中学校部門,"3,230,329","482,462",千円
3933,チエル株式会社,2026-03-31,高等学校・大学部門,"3,053,869","382,851",千円
3933,チエル株式会社,2026-03-31,企業・官公庁部門,"3,941,876","203,875",千円
3934,株式会社ベネフィットジャパン,2026-03-31,インターネット通信サービス事業,"11,109,767","1,319,184",千円
3934,株式会社ベネフィットジャパン,2026-03-31,ロボット事業,"2,730,119","243,242",千円
3934,株式会社ベネフィットジャパン,2026-03-31,ウォーターサーバー事業,"1,940,597","279,291",千円
3934,株式会社ベネフィットジャパン,2026-03-31,リユース事業,"2,451,410","95,254",千円
3936,株式会社グローバルウェイ,2026-03-31,-,"1,578,100","423,649",千円
3936,株式会社グローバルウェイ,2026-03-31,-,"516,285","85,352",千円
3936,株式会社グローバルウェイ,2026-03-31,-,"1,919,972","156,657",千円
3936,株式会社グローバルウェイ,2026-03-31,-,"4,014,358","665,659",千円
3936,株式会社グローバルウェイ,2026-03-31,-,,"△358,602",千円
3936,株式会社グローバルウェイ,2026-03-31,-,"4,014,358","307,057",千円
3937,株式会社Ｕｂｉｃｏｍホールディングス,2026-03-31,テクノロジーコンサルティング事業,"4,043,465","430,780",
3937,株式会社Ｕｂｉｃｏｍホールディングス,2026-03-31,メディカル事業,"1,949,099","1,226,759",
3939,株式会社カナミックネットワーク,2025-09-30,医療・介護クラウドプラットフォーム事業,"3,582,874","1,499,351",千円
3939,株式会社カナミックネットワーク,2025-09-30,健康寿命延伸事業,"1,187,551","156,977",千円
3939,株式会社カナミックネットワーク,2025-09-30,ソリューション開発事業,"730,360","77,386",千円
3941,レンゴー株式会社,2026-03-31,板紙・紙加工関連事業(百万円),"521,869","25,676",
3941,レンゴー株式会社,2026-03-31,軟包装関連事業(百万円),"191,529","9,372",
3941,レンゴー株式会社,2026-03-31,重包装関連事業(百万円),"46,419","1,897",
3941,レンゴー株式会社,2026-03-31,海外関連事業(百万円),"209,092","△1,628",
3941,レンゴー株式会社,2026-03-31,計(百万円),"968,911","35,318",
3941,レンゴー株式会社,2026-03-31,その他※１(百万円),"39,425","1,367",
3941,レンゴー株式会社,2026-03-31,調整額※２(百万円),,404,
3943,大石産業株式会社,2026-03-31,緩衝機能材事業,"11,638","1,181",百万円
3943,大石産業株式会社,2026-03-31,包装機能材事業,"11,401",626,百万円
3944,古林紙工株式会社,2025-12-31,"15,399,948","15,399,948","625,774",千円
3944,古林紙工株式会社,2025-12-31,"2,318,454","2,465,179","△36,147",千円
3944,古林紙工株式会社,2025-12-31,"17,718,403","17,865,127","589,627",千円
3945,スーパーバッグ株式会社,2026-03-31,"15,248","15,248","1,085",
3945,スーパーバッグ株式会社,2026-03-31,"5,752","5,752",169,
3945,スーパーバッグ株式会社,2026-03-31,"7,161","7,161",207,
3945,スーパーバッグ株式会社,2026-03-31,"28,162","28,162","1,463",
3947,ダイナパック株式会社,2025-12-31,包装材関連事業（注）２,"66,717,449","3,097,234",千円
3947,ダイナパック株式会社,2025-12-31,不動産賃貸事業,"365,956","338,866",千円
3950,ザ・パック株式会社,2025-12-31,"75,754","75,754","6,567",百万円
3950,ザ・パック株式会社,2025-12-31,"13,322","13,322",829,百万円
3950,ザ・パック株式会社,2025-12-31,"89,076","89,076","7,396",百万円
3950,ザ・パック株式会社,2025-12-31,"14,048","14,048","1,199",百万円
3950,ザ・パック株式会社,2025-12-31,"103,125","103,125","8,596",百万円
3951,朝日印刷株式会社,2026-03-31,印刷包材事業,"39,995","8,909",百万円
3951,朝日印刷株式会社,2026-03-31,包装システム販売事業,"4,147",690,百万円
3954,昭和パックス株式会社,2026-03-31,"15,431,260","15,431,260","1,227,987",千円
3954,昭和パックス株式会社,2026-03-31,"4,380,310","4,380,310","405,681",千円
3954,昭和パックス株式会社,2026-03-31,"1,783,551","1,783,551","43,361",千円
3955,株式会社イムラ,2026-01-31,"15,099","15,099","1,004",百万円
3955,株式会社イムラ,2026-01-31,"4,549","4,549",281,百万円
3955,株式会社イムラ,2026-01-31,"19,649","19,649","1,285",百万円
3955,株式会社イムラ,2026-01-31,"2,182","2,182",△179,百万円
3955,株式会社イムラ,2026-01-31,"21,831","21,831","1,106",百万円
3963,株式会社シンクロ・フード,2026-03-31,売上高,外部顧客への売上高,セグメント利益,千円
3964,株式会社オークネット,2025-12-31,"45,208,634","45,208,634","8,393,795",
3964,株式会社オークネット,2025-12-31,"16,122,770","16,122,770","3,464,344",
3964,株式会社オークネット,2025-12-31,"61,331,404","61,331,404","11,858,139",
3964,株式会社オークネット,2025-12-31,"2,808,515","2,808,515","△371,759",
3964,株式会社オークネット,2025-12-31,"64,139,920","64,139,920","11,486,380",
3967,株式会社エルテス,2026-02-28,"2,733,851","2,733,851","991,901",
3967,株式会社エルテス,2026-02-28,"2,212,836","2,212,836","38,516",
3967,株式会社エルテス,2026-02-28,"1,962,573","1,962,573","26,621",
3967,株式会社エルテス,2026-02-28,"1,122,590","2,049,551","11,781",
3967,株式会社エルテス,2026-02-28,"8,031,852","8,958,812","1,068,819",
3967,株式会社エルテス,2026-02-28,"8,031,852","8,958,812","1,068,819",
3970,株式会社イノベーション,2026-03-31,オンラインメディア事業,"3,721,250","1,189,382",千円
3970,株式会社イノベーション,2026-03-31,ＩＴソリューション事業,"2,908,450","378,843",千円
3970,株式会社イノベーション,2026-03-31,金融プラットフォーム事業,"332,390","△197,128",千円
3970,株式会社イノベーション,2026-03-31,VCファンド事業,,"△286,770",千円
3974,ＳＣＡＴ株式会社,2025-10-31,"1,550,116","1,550,116","129,502",
3974,ＳＣＡＴ株式会社,2025-10-31,"322,293","322,293","30,612",
3974,ＳＣＡＴ株式会社,2025-10-31,"716,355","718,718","22,093",
3974,ＳＣＡＴ株式会社,2025-10-31,"2,588,766","2,591,128","182,208",
3976,株式会社シャノン,2025-12-31,マーケティングクラウド事業,"2,598,640","439,960",千円
3976,株式会社シャノン,2025-12-31,イベントクラウド事業,"609,744","97,524",千円
3979,株式会社うるる,2026-03-31,CGS事業NJSS,"3,728,821","1,642,134",千円
3979,株式会社うるる,2026-03-31,CGS事業fondesk,"1,117,510","101,713",千円
3979,株式会社うるる,2026-03-31,CGS事業フォト,"1,100,891","△26,617",千円
3979,株式会社うるる,2026-03-31,CGS事業その他,"48,227","△112,917",千円
3979,株式会社うるる,2026-03-31,BPO事業,"1,734,481","233,846",千円
3979,株式会社うるる,2026-03-31,クラウドソーシング事業,"21,987","△5,605",千円
3981,株式会社ビーグリー,2025-12-31,"10,572,229","10,572,229","432,385",
3981,株式会社ビーグリー,2025-12-31,"6,147,924","6,147,924","935,817",
3981,株式会社ビーグリー,2025-12-31,"16,720,153","16,720,153","1,368,203",
3985,テモナ株式会社,2025-09-30,EC支援事業,"1,412,980","161,170",
3985,テモナ株式会社,2025-09-30,エンジニアリング事業,"411,999","23,385",
3985,テモナ株式会社,2025-09-30,フィンテック事業,"7,579","△32,883",
3994,株式会社マネーフォワード,2025-11-30,"133,075","133,075","△3,689,912",
3994,株式会社マネーフォワード,2025-11-30,"48,800,095","50,349,943","△2,653,396",
4008,住友精化株式会社,2026-03-31,吸水性樹脂,"116,121","11,524",百万円
4008,住友精化株式会社,2026-03-31,機能マテリアル,"31,939","2,910",百万円
4013,勤次郎株式会社,2025-12-31,HRM事業,"5,216,039","1,451,503",千円
4013,勤次郎株式会社,2025-12-31,不動産賃貸事業,"154,431","69,874",千円
4015,ペイクラウドホールディングス株式会社,2025-08-31,キャッシュレスサービス事業,"3,768,534","802,152",千円
4015,ペイクラウドホールディングス株式会社,2025-08-31,デジタルサイネージ関連事業,"5,690,126","805,948",千円
4015,ペイクラウドホールディングス株式会社,2025-08-31,ソリューション事業,"761,521","298,316",千円
4015,ペイクラウドホールディングス株式会社,2025-08-31,その他の事業,"13,851","△66,778",千円
4022,ラサ工業株式会社,2026-03-31,"39,956","39,956","5,531",百万円
4022,ラサ工業株式会社,2026-03-31,"4,197","4,197",405,百万円
4022,ラサ工業株式会社,2026-03-31,"2,395","2,395",696,百万円
4022,ラサ工業株式会社,2026-03-31,"46,550","46,550","6,633",百万円
4022,ラサ工業株式会社,2026-03-31,"1,176","1,176",746,百万円
4022,ラサ工業株式会社,2026-03-31,"47,727","47,727","7,380",百万円
4025,多木化学株式会社,2025-12-31,"11,863","11,863",485,百万円
4025,多木化学株式会社,2025-12-31,"20,212","20,212","2,312",百万円
4025,多木化学株式会社,2025-12-31,"3,797","3,797",152,百万円
4025,多木化学株式会社,2025-12-31,"1,942","1,963",16,百万円
4025,多木化学株式会社,2025-12-31,6,"1,315",721,百万円
4025,多木化学株式会社,2025-12-31,"2,713","2,826",308,百万円
4025,多木化学株式会社,2025-12-31,"40,536","41,977","3,996",百万円
4027,テイカ株式会社,2026-03-31,機能性材料事業,"26,213",△606,百万円
4027,テイカ株式会社,2026-03-31,電子材料・化成品事業,"30,007","2,493",百万円
4028,石原産業株式会社,2026-03-31,有機化学事業,"82,619","18,330",百万円
4028,石原産業株式会社,2026-03-31,無機化学事業,"68,247","4,972",百万円
4028,石原産業株式会社,2026-03-31,その他の事業,"4,030",630,百万円
402A,株式会社アクセルスペースホールディングス,2026-05-31,AxelLiner事業,"1,326,339","119,224",千円
402A,株式会社アクセルスペースホールディングス,2026-05-31,AxelGlobe事業,"260,496","△942,005",千円
4031,片倉コープアグリ株式会社,2026-03-31,12,"35,079",6,百万円
4040,南海化学株式会社,2026-03-31,売上高,外部顧客への売上高,セグメント利益,
4041,日本曹達株式会社,2026-03-31,ケミカルマテリアル,"37,406","5,720",百万円
4041,日本曹達株式会社,2026-03-31,アグリビジネス,"52,501","5,485",百万円
4041,日本曹達株式会社,2026-03-31,トレーディング＆ロジスティクス,"43,807","2,270",百万円
4041,日本曹達株式会社,2026-03-31,エンジニアリング,"8,517","1,141",百万円
4041,日本曹達株式会社,2026-03-31,エコソリューション,"9,859",528,百万円
4044,セントラル硝子株式会社,2026-03-31,電子材料事業,"26,202","3,986",百万円
4044,セントラル硝子株式会社,2026-03-31,エネルギー材料事業,"12,070","△3,264",百万円
4044,セントラル硝子株式会社,2026-03-31,ライフ＆ヘルスケア事業,"41,024","6,170",百万円
4044,セントラル硝子株式会社,2026-03-31,ガラス事業,"59,640","2,810",百万円
4045,東亞合成株式会社,2025-12-31,基幹化学品事業,"71,772","8,752",百万円
4045,東亞合成株式会社,2025-12-31,ポリマー・オリゴマー事業,"36,169","3,018",百万円
4045,東亞合成株式会社,2025-12-31,接着材料事業,"13,607",323,百万円
4045,東亞合成株式会社,2025-12-31,高機能材料事業,"10,225","1,177",百万円
4045,東亞合成株式会社,2025-12-31,樹脂加工製品事業,"28,177","2,754",百万円
4046,株式会社大阪ソーダ,2026-03-31,"41,741","41,741","6,194",百万円
4046,株式会社大阪ソーダ,2026-03-31,"27,935","27,935","4,634",百万円
4046,株式会社大阪ソーダ,2026-03-31,"14,635","14,635","7,156",百万円
4046,株式会社大阪ソーダ,2026-03-31,"15,649","15,649",946,百万円
4046,株式会社大阪ソーダ,2026-03-31,"99,961","99,961","18,931",百万円
4047,関東電化工業株式会社,2026-03-31,基礎化学品事業,"8,010",109,百万円
4047,関東電化工業株式会社,2026-03-31,精密化学品事業,"52,536","4,903",百万円
4047,関東電化工業株式会社,2026-03-31,鉄系事業,"1,915",161,百万円
4047,関東電化工業株式会社,2026-03-31,商事事業,767,114,百万円
4047,関東電化工業株式会社,2026-03-31,設備事業,"2,169",336,百万円
4061,デンカ株式会社,2026-03-31,電子・先端プロダクツ,"104,430","13,886",百万円
4061,デンカ株式会社,2026-03-31,ライフイノベーション,"40,520","6,247",百万円
4061,デンカ株式会社,2026-03-31,エラストマー・インフラソリューション,"97,583",68,百万円
4061,デンカ株式会社,2026-03-31,ポリマーソリューション,"124,161","3,574",百万円
4062,イビデン株式会社,2026-03-31,"243,316","243,316","45,248",百万円
4062,イビデン株式会社,2026-03-31,"82,554","82,554","7,646",百万円
4062,イビデン株式会社,2026-03-31,"325,870","325,870","52,894",百万円
4062,イビデン株式会社,2026-03-31,"90,330","90,330","8,964",百万円
4062,イビデン株式会社,2026-03-31,"416,201","416,201","61,859",百万円
4063,信越化学工業株式会社,2026-03-31,電子材料事業,"1,015,765","344,537",百万円
4063,信越化学工業株式会社,2026-03-31,生活環境基盤材料事業,"981,370","164,890",百万円
4063,信越化学工業株式会社,2026-03-31,機能材料事業,"440,847","100,955",百万円
4063,信越化学工業株式会社,2026-03-31,加工・商事・技術サービス事業,"135,985","27,338",百万円
4064,日本カーバイド工業株式会社,2026-03-31,電子・機能製品,"16,772","1,479",百万円
4064,日本カーバイド工業株式会社,2026-03-31,フィルム・シート製品,"22,395","2,945",百万円
4064,日本カーバイド工業株式会社,2026-03-31,建材関連,"7,105",90,百万円
4064,日本カーバイド工業株式会社,2026-03-31,エンジニアリング,"3,636",233,百万円
4071,株式会社プラスアルファ・コンサルティング,2025-09-30,"3,839,679","3,839,679","1,709,549",千円
4071,株式会社プラスアルファ・コンサルティング,2025-09-30,"13,244,666","13,244,666","5,930,882",千円
4071,株式会社プラスアルファ・コンサルティング,2025-09-30,"17,084,345","17,084,345","7,640,431",千円
4072,株式会社電算システムホールディングス,2025-12-31,情報サービス事業,"43,061",942,百万円
4072,株式会社電算システムホールディングス,2025-12-31,収納代行サービス事業,"25,069","2,676",百万円
4078,堺化学工業株式会社,2026-03-31,触媒,"3,462",648,
4078,堺化学工業株式会社,2026-03-31,無機材料,"5,100","1,200",
4078,堺化学工業株式会社,2026-03-31,医療事業,"8,391",△48,
4078,堺化学工業株式会社,2026-03-31,その他,"10,427","1,498",
4092,日本化学工業株式会社,2026-03-31,化学品事業,"17,916","1,281",百万円
4092,日本化学工業株式会社,2026-03-31,機能品事業,"21,010",513,百万円
4092,日本化学工業株式会社,2026-03-31,賃貸事業,940,559,百万円
4093,東邦アセチレン株式会社,2026-03-31,"265,382","265,382","53,256",千円
4093,東邦アセチレン株式会社,2026-03-31,"34,576,820","34,576,820","3,080,764",千円
4094,日本化学産業株式会社,2026-03-31,薬品事業,"24,136,990","3,867,991",千円
4094,日本化学産業株式会社,2026-03-31,建材事業,"3,895,773","575,594",千円
4097,高圧ガス工業株式会社,2026-03-31,ガス事業,"72,797","6,949",百万円
4097,高圧ガス工業株式会社,2026-03-31,化成品事業,"21,694",756,百万円
4097,高圧ガス工業株式会社,2026-03-31,その他事業,"3,509",△91,百万円
4098,チタン工業株式会社,2026-03-31,酸化チタン関連事業,"4,981",108,百万円
4098,チタン工業株式会社,2026-03-31,酸化鉄関連事業,"3,156",180,百万円
4099,四国化成ホールディングス株式会社,2025-12-31,"51,551","51,551","10,103",
4099,四国化成ホールディングス株式会社,2025-12-31,"17,955","17,955",546,
4099,四国化成ホールディングス株式会社,2025-12-31,"69,507","69,507","10,650",
4099,四国化成ホールディングス株式会社,2025-12-31,"1,174","1,198",113,
4099,四国化成ホールディングス株式会社,2025-12-31,"70,681","70,705","10,763",
409A,オリオンビール株式会社,2026-03-31,酒類清涼飲料事業,"23,921","3,634",百万円
409A,オリオンビール株式会社,2026-03-31,観光・ホテル事業,"5,791",690,百万円
4100,戸田工業株式会社,2026-03-31,機能性顔料,"7,807","1,498",百万円
4100,戸田工業株式会社,2026-03-31,電子素材,"20,234","2,151",百万円
4107,伊勢化学工業株式会社,2025-12-31,"34,656","34,656","9,465",百万円
4107,伊勢化学工業株式会社,2025-12-31,"4,601","4,601",18,百万円
4107,伊勢化学工業株式会社,2025-12-31,"39,258","39,258","9,484",百万円
4109,ステラケミファ株式会社,2026-03-31,高純度薬品,"31,786","3,592",百万円
4109,ステラケミファ株式会社,2026-03-31,運輸,"4,892","1,045",百万円
4113,田岡化学工業株式会社,2026-03-31,化学工業,"32,632","2,046",
4113,田岡化学工業株式会社,2026-03-31,化学分析受託事業,560,0,
4118,株式会社カネカ,2026-03-31,MaterialSolutionsUnit,"327,235","24,928",百万円
4118,株式会社カネカ,2026-03-31,QualityofLifeSolutionsUnit,"194,340","17,954",百万円
4118,株式会社カネカ,2026-03-31,HealthCareSolutionsUnit,"82,975","14,840",百万円
4118,株式会社カネカ,2026-03-31,NutritionSolutionsUnit,"205,977","13,712",百万円
4119,株式会社日本ピグメントホールディングス,2026-03-31,日本,"26,224,086","1,204,093",千円
4119,株式会社日本ピグメントホールディングス,2026-03-31,東南アジア,"12,361,471","161,670",千円
4119,株式会社日本ピグメントホールディングス,2026-03-31,中国,"3,639,023","143,537",千円
4124,大阪油化工業株式会社,2025-09-30,"1,098,992","1,098,992","467,471",
4124,大阪油化工業株式会社,2025-09-30,"79,081","79,081","△48,488",
4124,大阪油化工業株式会社,2025-09-30,"1,178,074","1,178,074","418,982",
415A,ＧＭＯ　ＴＥＣＨホールディングス株式会社,2025-12-31,集客支援事業,"6,467",661,百万円
415A,ＧＭＯ　ＴＥＣＨホールディングス株式会社,2025-12-31,不動産テック事業,456,△57,百万円
