証券コード,会社名,ホスト,出現回数
0000,クラサスケミカル株式会社,www.crasus.co.jp,1
1301,株式会社　極洋,www.kyokuyo.co.jp,3
130A,株式会社Ｖｅｒｉｔａｓ　Ｉｎ　Ｓｉｌｉｃｏ,www.veritasinsilico.com,1
1332,株式会社ニッスイ,www.nissui.co.jp,4
1333,Ｕｍｉｏｓ株式会社,www.umios.com,1
135A,株式会社ＶＲＡＩＮ　Ｓｏｌｕｔｉｏｎ,vrain.co.jp,1
1375,ユキグニファクトリー株式会社,www.yukiguni-factory.co.jp,1
1376,カネコ種苗株式会社,www.kanekoseeds.jp,1
1377,株式会社　サカタのタネ,corporate.sakataseed.co.jp,10
1379,ホクト株式会社,www.hokto-kinoko.co.jp,1
137A,Ｃｏｃｏｌｉｖｅ株式会社,cocolive.co.jp,1
1380,株式会社秋川牧園,www.akikawabokuen.com,1
1382,株式会社ホーブ,hob.co.jp,1
1383,ベルグアース株式会社,www.bergearth.co.jp,1
1384,株式会社　ホクリヨウ,www.hokuryo.co.jp,1
138A,光フードサービス株式会社,www.hikari-food-service.jp,1
1401,株式会社エムビーエス,www.homemakeup.co.jp,1
1407,株式会社ウエストホールディングス,www.west-gr.co.jp,2
1414,ショーボンドホールディングス株式会社,www.sho-bondhd.jp,2
1417,株式会社ミライト・ワン,www.mirait-one.com,2
1418,インターライフホールディングス株式会社,www.n-interlife.co.jp,1
1419,タマホーム株式会社,www.tamahome.jp,1
141A,株式会社トライアルホールディングス,trial-holdings.inc,1
1420,サンヨーホームズ株式会社,www.sanyohomes.co.jp,2
1429,株式会社日本アクア,www.n-aqua.jp,2
142A,株式会社ジンジブ,jinjib.co.jp,1
1430,ファーストコーポレーション株式会社,www.1st-corp.com,1
1431,株式会社Ｌｉｂ　Ｗｏｒｋ,www.libwork.co.jp,1
1433,ベステラ株式会社,www.besterra.co.jp,1
1434,ＪＥＳＣＯホールディングス株式会社,www.jesco.co.jp,2
1435,株式会社ｒｏｂｏｔ　ｈｏｍｅ,corp.robothome.jp,2
1436,株式会社グリーンエナジー＆カンパニー,green-energy.co.jp,1
1438,株式会社岐阜造園,www.gifu-zohen.co.jp,1
143A,イシン株式会社,ishin1853.co.jp,1
1444,株式会社ニッソウ,reform-nisso.co.jp,1
1446,株式会社キャンディル,www.candeal.co.jp,2
1447,ＳＡＡＦホールディングス株式会社,www.saaf-hd.co.jp,1
1449,株式会社ＦＵＪＩジャパン,www.fujijapan.net,1
1450,ＴＡＮＡＫＥＮ株式会社,www.tanaken-1982.co.jp,1
145A,株式会社Ｌ　ｉｓ　Ｂ,l-is-b.com,1
146A,コロンビア・ワークス株式会社,columbiaworks.jp,1
147A,株式会社ソラコム,soracom.com,1
148A,株式会社ハッチ・ワーク,hatchwork.co.jp,1
1491,中外鉱業株式会社,www.chugaikogyo.co.jp,1
149A,株式会社シンカ,www.thinca.co.jp,1
150A,株式会社ＪＳＨ,www.jsh-japan.jp,1
1514,住石ホールディングス株式会社,www.sumiseki.co.jp,1
1515,日鉄鉱業株式会社,www.nittetsukou.co.jp,3
1518,三井松島ホールディングス株式会社,www.mitsui-matsushima.co.jp,1
151A,株式会社ダイブ,glampicks.jp,1
153A,株式会社カウリス,prtimes.jp,2
155A,株式会社情報戦略テクノロジー,www.is-tech.co.jp,1
156A,マテリアルグループ株式会社,materialgroup.jp,1
157A,グリーンモンスター株式会社,presswalker.jp,1
1605,株式会社ＩＮＰＥＸ,www.inpex.com,1
160A,株式会社アズパートナーズ,www.as-partners.co.jp,1
1662,石油資源開発株式会社,www.japex.co.jp,9
1663,Ｋ＆Ｏエナジーグループ株式会社,www.k-and-o-energy.co.jp,1
166A,株式会社タスキホールディングス,tasuki-holdings.co.jp,1
167A,リョーサン菱洋ホールディングス株式会社,www.rr-hds.co.jp,1
168A,株式会社イタミアート,www.itamiarts.co.jp,1
1711,株式会社ＳＤＳホールディングス,shodensya.com,1
1716,第一カッター興業株式会社,www.daiichi-cutter.co.jp,1
1717,明豊ファシリティワークス株式会社,www.meiho.co.jp,1
1718,美樹工業株式会社,www.mikikogyo.co.jp,1
1719,株式会社安藤・間,www.ad-hzm.co.jp,1
1720,東急建設株式会社,www.tokyu-cnst.co.jp,4
1721,コムシスホールディングス株式会社,www.comsys-hd.co.jp,3
1723,日本電技株式会社,www.nihondengi.co.jp,5
1736,株式会社　オーテック,www.o-tec.co.jp,1
1738,株式会社ニットー,www.nittoh-info.co.jp,1
173A,株式会社ハンモック,mic-r.co.jp,1
1758,太洋基礎工業株式会社,www.taiyoukiso.co.jp,1
175A,株式会社Ｗｉｌｌ　Ｓｍａｒｔ,willsmart.co.jp,1
1762,株式会社髙松コンストラクショングループ,www.takamatsu-cg.co.jp,2
1764,工藤建設株式会社,www.kudo.co.jp,1
1768,株式会社ソネック,www.sonec-const.co.jp,1
176A,レジル株式会社,rezil.co.jp,1
1770,藤田エンジニアリング株式会社,www.fujita-eng.co.jp,1
1771,日本乾溜工業株式会社,www.kanryu.co.jp,1
1777,川崎設備工業株式会社,www.kawasaki-sk.co.jp,3
177A,コージンバイオ株式会社,kohjin-bio.jp,1
1780,株式会社　ヤマウラ,www.yamaura.co.jp,1
1783,株式会社ｆａｎｔａｓｉｓｔａ,fantasista-tokyo.jp,1
1786,オリエンタル白石株式会社,ir.orsc.co.jp,1
1787,株式会社ナカボーテック,www.nakabohtec.co.jp,1
1788,株式会社三東工業社,www.santo.co.jp.html,1
1793,株式会社大本組,www.ohmoto.co.jp,1
1795,株式会社マサル,www.masaru-co.jp,1
1799,第一建設工業株式会社,www.daiichi-kensetsu.co.jp,1
1801,大成建設株式会社,www.taisei-sx.jp,3
1802,株式会社大林組,www.obayashi.co.jp,17
1803,清水建設株式会社,www.shimz.co.jp,7
1807,株式会社佐藤渡辺,watanabesato.co.jp,1
1808,株式会社　長谷工コーポレーション,www.haseko.co.jp,16
1810,松井建設株式会社,www.matsui-ken.co.jp,1
1811,株式会社錢高組,www.zenitaka.co.jp,2
1812,鹿島建設株式会社,www.kajima.co.jp,5
1813,株式会社不動テトラ,www.fudotetra.co.jp,1
1814,大末建設株式会社,www.daisue.co.jp,1
1815,鉄建建設株式会社,www.tekken.co.jp,1
1820,西松建設株式会社,www.nishimatsu.co.jp,4
1822,大豊建設株式会社,www.daiho.co.jp,1
1826,佐田建設株式会社,www.sata.co.jp,3
1827,株式会社ナカノフドー建設,www.wave-nakano.co.jp,1
1828,田辺工業株式会社,www.tanabe-ind.co.jp,1
1832,株式会社北海電工,www.hokkaidenko.co.jp,1
1833,株式会社奥村組,www.okumuragumi.co.jp,3
1835,東鉄工業株式会社,www.totetsu.co.jp,2
1840,株式会社土屋ホールディングス,www.tsuchiya.co.jp,1
1844,株式会社大盛工業,www.ohmori.co.jp,2
1847,株式会社イチケン,www.ichiken.co.jp,1
1848,株式会社富士ピー・エス,www.fujips.co.jp,1
184A,株式会社学びエイド,corp.manabi-aid.jp,1
1850,南海辰村建設株式会社,www.nantatsu.co.jp,1
1852,株式会社淺沼組,www.asanuma.co.jp,1
1853,株式会社　森組,www.morigumi.co.jp,1
1860,戸田建設株式会社,www.toda.co.jp,1
1861,株式会社　熊谷組,www.kumagaigumi.co.jp,3
1866,北野建設株式会社,www.kitano.co.jp,3
1867,株式会社植木組,www.uekigumi.co.jp,2
1869,名工建設株式会社,www.meikokensetsu.co.jp,1
186A,株式会社アストロスケールホールディングス,sdgs.un.org,1
1870,矢作建設工業株式会社,www.yahagi.co.jp,2
1871,ピーエス・コンストラクション株式会社,www.psc.co.jp,1
1873,株式会社日本ハウスホールディングス,www.nihonhouse-hd.co.jp,1
1878,大東建託株式会社,www.kentaku.co.jp,4
1879,新日本建設株式会社,www.shinnihon-c.co.jp,1
1882,東亜道路工業株式会社,www.toadoro.co.jp,1
1885,東亜建設工業株式会社,www.toa-const.co.jp,1
1887,日本国土開発株式会社,contents.xj-storage.jp,2
1888,若築建設株式会社,www.wakachiku.co.jp,1
1893,五洋建設株式会社,www.penta-ocean.co.jp,8
1897,金下建設株式会社,www.kaneshita.co.jp,2
1898,世紀東急工業株式会社,www.seikitokyu.co.jp,2
1899,株式会社福田組,www.fkd.co.jp,1
189A,株式会社Ｄ＆Ｍカンパニー,www.dmcompany.co.jp,1
1904,大成温調株式会社,www.taisei-oncho.co.jp,1
1905,株式会社テノックス,www.pronexus.co.jp,1
1909,日本ドライケミカル株式会社,www.ndc-group.co.jp,1
190A,Ｃｈｏｒｄｉａ　Ｔｈｅｒａｐｅｕｔｉｃｓ株式会社,www.chordiatherapeutics.com,1
1911,住友林業株式会社,sfc.jp,6
1914,日本基礎技術株式会社,www.jafec.co.jp,1
1921,株式会社　巴コーポレーション,www.tomoe-corporation.co.jp,1
1925,大和ハウス工業株式会社,www.daiwahouse.co.jp,7
1926,ライト工業株式会社,www.raito.co.jp,1
1928,積水ハウス株式会社,www.sekisuihouse.co.jp,6
1929,日特建設株式会社,www.nittoc.co.jp,2
192A,インテグループ株式会社,www.integroup.jp,1
1930,北陸電気工事株式会社,www.rikudenko.co.jp,1
1934,株式会社ユアテック,www.yurtec.co.jp,1
1938,日本リーテック株式会社,www.j-rietec.co.jp,3
1939,株式会社四電工,www.yondenko.co.jp,3
1942,株式会社関電工,www.kandenko.co.jp,3
1944,株式会社きんでん,www.kinden.co.jp,1
1945,株式会社東京エネシス,www.qtes.co.jp,1
1946,株式会社トーエネック,www.toenec.co.jp,2
1948,株式会社弘電社,www.kk-kodensha.co.jp,2
194A,株式会社ＷＯＬＶＥＳ　ＨＡＮＤ,wolveshand.jp,1
1950,日本電設工業株式会社,www.densetsuko.co.jp,2
1951,エクシオグループ株式会社,www.exeo.co.jp,4
1952,新日本空調株式会社,www.snk.co.jp,1
1959,株式会社クラフティア,www.kraftia.co.jp,1
195A,株式会社ＭＵＳＣＡＴ　ＧＲＯＵＰ,muscatgroup.co.jp,1
1960,株式会社サンテック,www.suntec-sec.co.jp,1
1961,三機工業株式会社,www.sanki.co.jp,1
1963,日揮ホールディングス株式会社,www.jgc.com,1
1964,中外炉工業株式会社,www.chugai.co.jp,1
1965,株式会社テクノ菱和,www.techno-ryowa.co.jp,1
1966,株式会社　高田工業所,www.takada.co.jp,2
1967,株式会社ヤマト,www.yamato-se.co.jp,1
1969,高砂熱学工業株式会社,www.tte-net.com,2
196A,株式会社ＭＦＳ,www.ir.mortgagefss.jp,1
1972,三晃金属工業株式会社,www.sankometal.co.jp,1
1975,株式会社朝日工業社,www.asahikogyosha.co.jp,6
1976,明星工業株式会社,www.meisei-kogyo.co.jp,1
1979,株式会社大気社,www.taikisha.co.jp,7
197A,株式会社タウンズ,www.tauns.co.jp,1
1980,ダイダン株式会社,www.daidan.co.jp,2
1981,株式会社協和日成,www.kyowa-nissei.co.jp,1
1982,日比谷総合設備株式会社,www.hibiya-eng.co.jp,1
198A,ＰｏｓｔＰｒｉｍｅ株式会社,ictr.co.jp,2
1994,高橋カーテンウォール工業株式会社,www.t-cw.co.jp,1
1997,暁飯島工業株式会社,www.eazima.co.jp,1
1999,サイタホールディングス株式会社,www.saita-hd.co.jp,1
2001,株式会社ニップン,www.nippn.co.jp,1
2002,株式会社日清製粉グループ本社,www.nisshin.com,1
2003,日東富士製粉株式会社,www.nittofuji.co.jp,1
2004,昭和産業株式会社,www.showa-sangyo.co.jp,1
2009,鳥越製粉株式会社,www.the-torigoe.co.jp,1
2053,中部飼料株式会社,www.chubushiryo.co.jp,1
2055,日和産業株式会社,www.nichiwasangyo.co.jp,1
2058,株式会社ヒガシマル,www.k-higashimaru.co.jp,1
205A,株式会社ロゴスホールディングス,logos-holdings.jp,1
2060,フィード・ワン株式会社,www.feed-one.co.jp,1
206A,株式会社ＰＲＩＳＭ　ＢｉｏＬａｂ,ir.prismbiolab.com,1
208A,株式会社構造計画研究所ホールディングス,www.kke-hd.co.jp,1
2108,日本甜菜製糖株式会社,www.nitten.co.jp,3
2109,ＤＭ三井製糖株式会社,www.wri.org,1
2112,塩水港精糖株式会社,www.ensuiko.co.jp,1
2117,ウェルネオシュガー株式会社,www.wellneo-sugar.co.jp,4
211A,株式会社カドス・コーポレーション,cados.jp,1
2120,株式会社ＬＩＦＵＬＬ,lifull.com,2
2121,株式会社ＭＩＸＩ,mixi.co.jp,5
2122,株式会社インタースペース,www.interspace.ne.jp,1
2124,株式会社ジェイエイシーリクルートメント,corp.jac-recruitment.jp,1
2127,株式会社日本Ｍ＆Ａセンターホールディングス,www.nihon-ma.co.jp,1
212A,フィットイージー株式会社,fiteasy.co.jp,1
2130,株式会社メンバーズ,www.members.co.jp,5
2134,北浜キャピタルパートナーズ株式会社,kitahamabank.co.jp,1
2136,株式会社ヒップ,www.hip-pro.co.jp,1
2137,株式会社光ハイツ・ヴェラス,www.varus.co.jp,1
2138,クルーズ株式会社,crooz.co.jp,1
2139,株式会社中広,www.chuco.co.jp,1
2148,アイティメディア株式会社,corp.itmedia.co.jp,3
2152,幼児活動研究会株式会社,www.youji.co.jp,1
2153,Ｅ・Ｊホールディングス株式会社,www.ej-hds.co.jp,3
2154,株式会社オープンアップグループ,www.openupgroup.co.jp,8
2156,セーラー広告株式会社,www.saylor.co.jp,1
2157,株式会社コシダカホールディングス,www.koshidakaholdings.co.jp,1
2158,株式会社ＦＲＯＮＴＥＯ,www.fronteo.com,1
215A,株式会社タイミー,corp.timee.co.jp,1
2160,株式会社ジーエヌアイグループ,www.gniphar,1
2162,ｎｍｓホールディングス株式会社,www.n-ms.co.jp,1
2163,株式会社アルトナー,www.artner.co.jp,1
2164,株式会社地域新聞社,chiikinews.co.jp,1
2168,株式会社パソナグループ,www.pasonagroup.co.jp,7
2169,ＣＤＳ株式会社,www.cds-japan.jp,1
2170,株式会社リンクアンドモチベーション,www.lmi.ne.jp,2
2172,株式会社インサイト,www.insearch.jp,4
2173,株式会社博展,ir.hakuten.co.jp,1
2175,株式会社エス・エム・エス,www.bm-sms.co.jp,2
2179,株式会社成学社,www.kaisei-group.co.jp,1
2181,パーソルホールディングス株式会社,www.persol-group.co.jp,1
2183,株式会社リニカル,www.linical.com,2
2185,株式会社シイエム・シイ,www.cmc.co.jp,1
2186,ソーバル株式会社,www.sobal.co.jp,1
218A,株式会社Ｌｉｂｅｒａｗａｒｅ,liberaware.co.jp,1
2193,クックパッド株式会社,info.cookpad.com,1
2195,アミタホールディングス株式会社,www.amita-hd.co.jp,2
2198,アイ・ケイ・ケイホールディングス株式会社,www.ikk-grp.jp,1
219A,Ｈｅａｒｔｓｅｅｄ株式会社,www.med.or.jp,1
2201,森永製菓株式会社,www.morinaga.co.jp,1
2204,株式会社中村屋,www.nakamuraya.co.jp,2
2206,江崎グリコ株式会社,kmasterplus.pronexus.co.jp,1
2207,株式会社ｍｅｉｔｏ,www.meito-abc.co.jp,2
2208,株式会社ブルボン,www.bourbon.co.jp,1
2209,井村屋グループ株式会社,www.imuraya-group.com,1
220A,株式会社Ｆａｂｅｒ　Ｃｏｍｐａｎｙ,www.fabercompany.co.jp,1
2211,株式会社不二家,www.fujiya-peko.co.jp,2
2212,山崎製パン株式会社,www.yamazakipan.co.jp,1
2215,第一屋製パン株式会社,www.daiichipan.co.jp,1
2216,カンロ株式会社,www.kanro.co.jp,1
2217,モロゾフ株式会社,www.morozoff.co.jp,2
2218,日糧製パン株式会社,www.nichiryo-pan.co.jp,1
2221,岩塚製菓株式会社,www.iwatsukaseika.co.jp,1
2222,寿スピリッツ株式会社,www.kotobukispirits.co.jp,2
2226,株式会社湖池屋,koike-ya.com,5
2229,カルビー株式会社,www.calbee.co.jp,10
2264,森永乳業株式会社,www.morinagamilk.co.jp,14
2266,六甲バター株式会社,www.qbb.co.jp,2
2267,株式会社ヤクルト本社,www.yakult.co.jp,9
2268,Ｂ－Ｒ　サーティワン　アイスクリーム株式会社,www.31ice.co.jp,1
2269,明治ホールディングス株式会社,www.meiji.com,4
2270,雪印メグミルク株式会社,www.meg-snow.com,8
2281,プリマハム株式会社,www.primaham.co.jp,4
2282,日本ハム株式会社,www.nipponham.co.jp,6
2286,林兼産業株式会社,www.hayashikane.co.jp,1
2288,丸大食品株式会社,www.marudai.jp,2
228A,株式会社オプロ,corp.opro.net,1
2291,福留ハム株式会社,www.fukutome.com,1
2292,エスフーズ株式会社,www.sfoods.co.jp,1
2293,滝沢ハム株式会社,www.takizawaham.co.jp,1
2294,株式会社柿安本店,www.kakiyasuhonten.co.jp,3
2296,伊藤ハム米久ホールディングス株式会社,www.itoham-yonekyu-holdings.com,1
2300,株式会社きょくとう,www.cl-kyokuto.co.jp,1
2301,株式会社学情,company.gakujo.ne.jp,2
2303,株式会社ドーン,www.dawn-corp.co.jp,1
2304,株式会社ＣＳＳホールディングス,www.css-holdings.jp,1
2305,株式会社スタジオアリス,www.studio-alice.co.jp,1
2307,株式会社クロスキャット,www.xcat.co.jp,2
2311,株式会社エプコ,www.epco.co.jp,1
2315,株式会社ＣＡＩＣＡ　ＤＩＧＩＴＡＬ,www.caica.jp,1
2317,株式会社システナ,www.systena.co.jp,2
231A,Ｃｒｏｓｓ　Ｅホールディングス株式会社,cross-e-hd.co.jp,1
2321,株式会社ソフトフロントホールディングス,www.softfront.co.jp,1
2323,株式会社ｆｏｎｆｕｎ,www.fonfun.co.jp,1
2325,株式会社ＮＪＳ,www.njs.co.jp,1
2326,デジタルアーツ株式会社,www.daj.jp,1
2327,日鉄ソリューションズ株式会社,www.nssol.nipponsteel.com,3
2330,株式会社フォーサイド,www.forside.co.jp,1
2331,ＡＬＳＯＫ株式会社,www.alsok.co.jp,2
2332,株式会社クエスト,www.quest.co.jp,2
2334,株式会社イオレ,www.eole.co.jp,1
2335,株式会社キューブシステム,www.cubesystem.co.jp,1
2337,いちご株式会社,www.ichigo.gr.jp,1
2338,クオンタムソリューションズ株式会社,www.quantum-s.co.jp,1
2340,株式会社　極楽湯ホールディングス,www.gokurakuyu-holdings.co.jp,1
2341,株式会社アルバイトタイムス,www.atimes.co.jp,1
2342,株式会社トランスジェニックグループ,www.transgenic-group.co.jp,1
2345,株式会社クシム,kushim.co.jp,1
2349,株式会社エヌアイデイ,www.nid.co.jp,1
2351,株式会社ＡＳＪ,www.asj.ad.jp,2
2353,日本駐車場開発株式会社,www.n-p-d.co.jp,1
2354,株式会社ＹＥ　ＤＩＧＩＴＡＬ,www.ye-digital.com,1
2359,株式会社コア,www.core.co.jp,1
2370,株式会社メディネット,www.medinet-inc.co.jp,1
2371,株式会社カカクコム,corporate.kakaku.com,1
2373,株式会社ケア２１,www.care21.co.jp,1
2375,ギグワークス株式会社,www.gig.co.jp,1
2376,株式会社　サイネックス,www.scinex.co.jp,1
2378,株式会社ルネサンス,www.s-renaissance.co.jp,1
2379,ディップ株式会社,www.dip-net.co.jp,1
2384,ＳＢＳホールディングス株式会社,www.sbs-group.co.jp,4
2385,株式会社総医研ホールディングス,www.soiken.com,1
2388,株式会社ウェッジホールディングス,www.wedge-hd.com,1
2391,株式会社プラネット,www.planet-van.co.jp,1
2393,株式会社日本ケアサプライ,www.caresupply.co.jp,1
2395,株式会社新日本科学,www.snbl.co.jp,1
2404,株式会社鉄人化ホールディングス,www.tetsujin.ne.jp,1
2408,株式会社ＫＧ情報,www.kg-net.co.jp,1
2410,株式会社キャリアデザインセンター,cdc.type.jp,1
2411,ゲンダイエージェンシー株式会社,www.gendai-a.co.jp,1
2413,エムスリー株式会社,corporate.m3.com,2
2415,ヒューマンホールディングス株式会社,www.athuman.com,1
2418,株式会社ツカダ・グローバルホールディング,www.tsukada-global.holdings,1
241A,株式会社ＲＯＸＸ,roxx.co.jp,1
2424,株式会社ブラス,www.brass.ne.jp,1
2425,株式会社ケアサービス,www.care.co.jp,1
2428,ウェルネット株式会社,www.wellnet.co.jp,1
2429,株式会社ワールドホールディングス,world-hd.co.jp,5
2432,株式会社ディー・エヌ・エー,dena.com,1
2436,共同ピーアール株式会社,www.kyodo-pr.co.jp,2
2437,Ｓｈｉｎｗａ　Ｗｉｓｅ　Ｈｏｌｄｉｎｇｓ株式会社,www.shinwa-wise.com,1
2438,株式会社アスカネット,www.asukanet.co.jp,2
2440,株式会社ぐるなび,corporate.gnavi.co.jp,1
2445,株式会社タカミヤ,corp.takamiya.co,1
2449,株式会社プラップジャパン,www.prap.co.jp,1
244A,グロースエクスパートナーズ株式会社,www.mri.co.jp,2
2454,株式会社オールアバウト,allabout.co.jp,1
2459,アウンコンサルティング株式会社,www.auncon.co.jp,1
245A,株式会社ＩＮＧＳ,ingsinc.co.jp,1
2461,株式会社ファンコミュニケーションズ,www.fancs.com,1
2462,ライク株式会社,www.like-gr.co.jp,3
2464,株式会社ＡｏｂａーＢＢＴ,aoba-bbt.com,1
2467,株式会社ＶＬＣセキュリティ,vlcsecurity.com,1
2469,ヒビノ株式会社,www.hibino.co.jp,4
246A,株式会社アスア,www.asua.ne.jp,1
2471,株式会社エスプール,www.spool.co.jp,2
2475,ＷＤＢホールディングス株式会社,www.wdbhd.co.jp,4
2477,手間いらず株式会社,www.temairazu.co.jp,1
2479,株式会社ジェイテック,www.j-tec-cor.co.jp,1
247A,Ａｉロボティクス株式会社,ai-robotics.co.jp,1
2480,システム・ロケーション株式会社,www.slc.jp,1
2481,株式会社タウンニュース社,www.townnews.co.jp,1
2483,株式会社翻訳センター,www.honyakuctr.com,1
2484,株式会社出前館,demae-can.com,1
2485,株式会社ティア,www.tear.co.jp,1
2488,ＪＴＰ株式会社,ssl4.eir-parts.net,1
2489,株式会社アドウェイズ,www.adways.net,1
248A,株式会社キッズスター,www.kidsstar.co.jp,1
2491,バリューコマース株式会社,www.valuecommerce.co.jp,1
2492,株式会社インフォマート,corp.infomart.co.jp,2
2493,イーサポートリンク株式会社,www.e-supportlink.com,1
2497,ユナイテッド株式会社,united.jp,1
2498,株式会社オリエンタルコンサルタンツホールディングス,www.oriconhd.jp,1
2499,日本和装ホールディングス株式会社,www.wasou.com,1
2501,サッポロホールディングス株式会社,www.sapporoholdings.jp,6
2502,アサヒグループホールディングス株式会社,www.asahigroup-holdings.com,1
2503,キリンホールディングス株式会社,www.kirinholdings.com,10
250A,シマダヤ株式会社,www.shimadaya.co.jp,2
2531,宝ホールディングス株式会社,www.takara.co.jp,1
2533,オエノンホールディングス株式会社,www.oenon.jp,1
253A,株式会社ＥＴＳグループ,ets-group.co.jp,1
2540,養命酒製造株式会社,www.yomeishu.co.jp,5
254A,ＡＩフュージョンキャピタルグループ株式会社,aifcg.jp,2
2551,マルサンアイ株式会社,www.marusanai.co.jp,1
255A,ジーエルテクノホールディングス株式会社,www.gltechno.co.jp,2
256A,飛島ホールディングス株式会社,www.tobishimahd.co.jp,1
2573,北海道コカ・コーラボトリング株式会社,www.hokkaido.ccbc.co.jp,1
2579,コカ・コーラボトラーズジャパンホールディングス株式会社,www.ccbji.co.jp,2
2585,株式会社ライフドリンク　カンパニー,www.ld-company.com,1
2586,株式会社フルッタフルッタ,www.frutafruta.com,1
2587,サントリー食品インターナショナル株式会社,www.suntory.co.jp,2
2588,株式会社プレミアムウォーターホールディングス,premiumwater-hd.co.jp,2
2590,ダイドーグループホールディングス株式会社,holdings.dydo.co.jp,3
2593,株式会社伊藤園,www.itoen.co.jp,3
2597,株式会社ユニカフェ,www.unicafe.com,1
259A,株式会社ケイ・ウノ,www.k-uno.co.jp,1
2602,日清オイリオグループ株式会社,www.nisshin-oillio.com,1
2607,不二製油株式会社,www.fujioil.co.jp,17
2612,かどや製油株式会社,www.kadoya.com,1
2613,株式会社Ｊ－オイルミルズ,www.j-oil.com,2
261A,株式会社日水コン,www.nissuicon.co.jp,1
262A,株式会社インターメスティック,www.zoff.com,1
263A,株式会社デジタルキューブ,w3techs.com,1
264A,株式会社Ｓｃｈｏｏ,corp.schoo.jp,1
2652,株式会社まんだらけ,mandarake.co.jp,1
2653,イオン九州株式会社,www.aeon-kyushu.info,1
2654,株式会社アスモ,www.asmo1.co.jp,1
2656,株式会社ベクターホールディングス,corp.vector.co.jp,1
2659,株式会社サンエー,www.san-a.co.jp,1
265A,Ｈｍｃｏｍｍ株式会社,www.hmcom.co.jp,1
2664,株式会社カワチ薬品,www.cawachi.co.jp,1
2666,株式会社　オートウェーブ,www.auto-wave.co.jp,1
2667,株式会社イメージワン,www.imageone.co.jp,2
2668,タビオ株式会社,www.tabio.com,1
2669,カネ美食品株式会社,www.kanemi-foods.co.jp,1
2670,株式会社エービーシー・マート,www.abc-mart.co.jp,2
2674,株式会社ハードオフコーポレーション,www.hardoff.co.jp,1
2676,高千穂交易株式会社,www.takachiho-kk.co.jp,1
2678,アスクル株式会社,pdf.irpocket.com,2
2681,株式会社ゲオホールディングス,www.geonet.co.jp,2
2683,株式会社魚喜,www.uoki.co.jp,1
2685,株式会社アンドエスティＨＤ,www.andst-hd.co.jp,7
2686,株式会社ジーフット,www.g-foot.co.jp,1
2687,株式会社シー・ヴイ・エス・ベイエリア,www.cvs-bayarea.co.jp,1
2689,オルバヘルスケアホールディングス株式会社,www.olba.co.jp,2
268A,リガク・ホールディングス株式会社,rigaku-holdings.com,4
2694,株式会社焼肉坂井ホールディングス,ys-holdings.co.jp,1
2695,くら寿司株式会社,www.kurasushi.co.jp,1
269A,株式会社Ｓａｐｅｅｔ,sapeet.com,1
2700,木徳神糧株式会社,www.kitoku-shinryo.co.jp,1
2702,日本マクドナルドホールディングス株式会社,www.mcd-holdings.co.jp,1
2705,株式会社大戸屋ホールディングス,www.ootoya.jp,1
2708,株式会社久世,www.kuze.co.jp,1
2721,株式会社ジェイホールディングス,jholdings.co.jp,1
2722,株式会社ＩＫホールディングス,www.ai-kei.co.jp,1
2726,株式会社パルグループホールディングス,www.palgroup.holdings,1
272A,株式会社グリーンクロスホールディングス,green-cross-hd.co.jp,1
2730,株式会社エディオン,www.edion.co.jp,11
2733,株式会社あらた,www.arata-gr.jp,2
2734,株式会社サーラコーポレーション,www.sala.jp,4
2735,株式会社ワッツ,www.watts-jp.com,1
2736,フェスタリアホールディングス株式会社,www.festaria.jp,1
2737,株式会社トーメンデバイス,www.fsb-tcfd.org,1
2742,株式会社ハローズ,www.halows.com,1
2747,北雄ラッキー株式会社,www.hokuyu-lucky.co.jp,1
2749,株式会社ＪＰホールディングス,www.jp-holdings.co.jp,1
274A,株式会社ガーデン,gardengroup.co.jp,1
2750,石光商事株式会社,www.barchart.com,1
2751,株式会社テンポスホールディングス,www.tenpos.co.jp,2
2752,株式会社フジオフードグループ本社,www.fujio-food.com,1
2753,株式会社　あみやき亭,www.amiyakitei.co.jp,1
275A,ハンワホームズ株式会社,www.hanwa-ex.com,1
2760,東京エレクトロンデバイス株式会社,www.teldevice.co.jp,1
2762,株式会社ＳＡＮＫＯ　ＭＡＲＫＥＴＩＮＧ　ＦＯＯＤＳ,sankofoods.com,1
2763,株式会社エフティグループ,www.ftgroup.co.jp,1
2764,株式会社ひらまつ,www.hiramatsu.co.jp,2
2767,円谷フィールズホールディングス株式会社,www.tsuburaya-fields.co.jp,1
2768,双日株式会社,www.sojitz.com,19
2769,株式会社ヴィレッジヴァンガードコーポレーション,www.village-v.co.jp,1
276A,ククレブ・アドバイザーズ株式会社,ccreb.jp,1
2778,パレモ・ホールディングス株式会社,www.palemo.co.jp,1
277A,グロービング株式会社,globe-ing.com,1
2780,株式会社コメ兵ホールディングス,komehyohds.com,1
2782,株式会社セリア,www.seria-group.com,1
2788,アップルインターナショナル株式会社,www.apple-international.com,1
2789,株式会社カルラ,www.re-marumatu.co.jp,1
278A,Ｔｅｒｒａ　Ｄｒｏｎｅ株式会社,droneii.com,1
2791,大黒天物産株式会社,www.e-dkt.co.jp,1
2792,株式会社ハニーズホールディングス,www.honeys.co.jp,1
2795,日本プリメックス株式会社,primex.co.jp,1
2796,ファーマライズホールディングス株式会社,www.pharmarise.com,1
2798,株式会社ワイズテーブルコーポレーション,www.ystable.co.jp,1
2801,キッコーマン株式会社,www.kikkoman.com,6
2802,味の素株式会社,www.ajinomoto.co.jp,6
2804,ブルドックソース株式会社,ir.bulldog.co.jp,2
2805,ヱスビー食品株式会社,www.sbfoods.co.jp,6
2809,キユーピー株式会社,www.kewpie.com,10
280A,株式会社ＴＭＨ,www.tmh-inc.co.jp,1
2810,ハウス食品グループ本社株式会社,housefoods-group.com,2
2811,カゴメ株式会社,www.kagome.co.jp,6
2813,和弘食品株式会社,www.wakoushokuhin.co.jp,1
2814,佐藤食品工業株式会社,www.sato-foods.co.jp,1
2815,アリアケジャパン株式会社,www.ariakejapan.com,1
2816,株式会社ダイショー,www.daisho.co.jp,1
2818,株式会社ピエトロ,www.pietro.co.jp,3
2819,エバラ食品工業株式会社,www.ebarafoods.com,1
281A,インフォメティス株式会社,www.informetis.com,1
2820,株式会社やまみ,www.yamami.co.jp,1
2831,はごろもフーズ株式会社,www.hagoromofoods.co.jp,1
285A,キオクシアホールディングス株式会社,www.kioxia-holdings.com,1
286A,株式会社ユカリア,eucalia.jp,1
2871,株式会社ニチレイ,www.nichirei.co.jp,3
2872,株式会社セイヒョー,www.seihyo.co.jp,1
2874,横浜冷凍株式会社,www.yokorei.co.jp,3
2875,東洋水産株式会社,www.maruchan.co.jp,2
2877,日東ベスト株式会社,www.nittobest.co.jp,1
287A,黒田グループ株式会社,www.kuroda-group.com,1
2882,株式会社イートアンドホールディングス,www.eat-and.jp,1
2883,株式会社大冷,www.dai-rei.co.jp,1
2884,株式会社ヨシムラ・フード・ホールディングス,www.y-food-h.com,1
2892,日本食品化工株式会社,www.nisshoku.co.jp,2
2894,石井食品株式会社,www.ishiifood.co.jp,1
2897,日清食品ホールディングス株式会社,www.nissin.com,4
2901,株式会社ウェルディッシュ,www.ishigakifoods.co.jp,1
2902,太陽化学株式会社,www.taiyokagaku.com,5
2903,シノブフーズ株式会社,www.shinobufoods.co.jp,1
2904,一正蒲鉾株式会社,corporate.ichimasa.co.jp,1
2907,株式会社あじかん,www.ahjikan.co.jp,3
2908,フジッコ株式会社,www.fujicco.co.jp,2
290A,株式会社Ｓｙｎｓｐｅｃｔｉｖｅ,synspective.com,1
2910,株式会社ロック・フィールド,www.rockfield.co.jp,2
2911,旭松食品株式会社,www.asahimatsu.co.jp,1
2914,日本たばこ産業株式会社,www.jti.co.jp,17
2915,ケンコーマヨネーズ株式会社,www.kenkomayo.co.jp,1
2918,わらべや日洋ホールディングス株式会社,www.warabeya.co.jp,1
2919,株式会社　マルタイ,www.marutai.co.jp,1
291A,株式会社リスキル,www.recurrent.jp,1
2922,株式会社なとり,www.natori.co.jp,2
2923,サトウ食品株式会社,www.satosyokuhin.co.jp,1
2924,イフジ産業株式会社,www.ifuji.co.jp,1
2926,株式会社　篠崎屋,www.shinozakiya.com,1
2927,株式会社ＡＦＣ－ＨＤアムスライフサイエンス,www.ams-life.co.jp,1
2928,ＲＩＺＡＰグループ株式会社,www.rizapgroup.com,2
2929,株式会社ファーマフーズ,www.pharmafoods.co.jp,6
2930,株式会社北の達人コーポレーション,www.kitanotatsujin.com,1
2931,株式会社ユーグレナ,www.euglena.jp,1
2932,株式会社ＳＴＩフードホールディングス,www.stifoods-hd.com,1
2933,株式会社紀文食品,www.kibun.co.jp,1
2934,ジェイフロンティア株式会社,jfrontier.jp,1
2935,株式会社ピックルスホールディングス,www.pickles-hd.co.jp,1
2936,ベースフード株式会社,basefood.co.jp,3
2937,株式会社サンクゼール,www.stcousair.co.jp,1
2938,株式会社オカムラ食品工業,www.okamurashokuhin.co.jp,1
2961,日本調理機株式会社,www.nitcho.co.jp,1
2962,株式会社テクニスコ,www.tecnisco.com,3
296A,令和アカウンティング・ホールディングス株式会社,rw-ah.net,1
2970,ＧＬＣ　ＧＲＯＵＰ株式会社,www.goodlife-c.co.jp,1
2974,大英産業株式会社,www.daieisangyo.co.jp,1
2975,スター・マイカ・ホールディングス株式会社,www.starmica-holdings.co.jp,1
2976,日本グランデ株式会社,www.nippon,1
2978,株式会社ツクルバ,tsukuruba.com,1
297A,アルピコホールディングス株式会社,holdings.alpico.co.jp,1
2980,ＳＲＥホールディングス株式会社,sre-group.co.jp,1
2981,株式会社ランディックス,landix.jp,1
2982,株式会社ＡＤワークスグループ,www.adwg.co.jp,2
2983,株式会社アールプランナー,www.arrplanner.co.jp,1
2984,ヤマイチエステート株式会社,www.yueg.co.jp,1
2986,株式会社ＬＡホールディングス,lahd.co.jp,1
298A,ＧＶＡ　ＴＥＣＨ株式会社,gvatech.co.jp,1
2991,株式会社ランドネット,landnet.co.jp,1
2993,株式会社長栄,www.kk-choei.co.jp,1
2997,株式会社ストレージ王,www.storageoh.co.jp,1
2998,クリアル株式会社,corp.creal.jp,1
2999,ホームポジション株式会社,www.homeposition.co.jp,2
299A,クラシル株式会社,kurashiru.co.jp,1
3001,片倉工業株式会社,www.katakura.co.jp,2
3002,グンゼ株式会社,www.gunze.co.jp,4
3003,ヒューリック株式会社,www.hulic.co.jp,1
3004,神栄株式会社,www.shinyei.co.jp,2
300A,ＭＩＣ株式会社,www.mic-p.com,1
3010,ポラリス・ホールディングス株式会社,www.polaris-holdings.com,1
3011,株式会社バナーズ,www.banners.jp,1
3020,アプライド株式会社,www.applied-g.jp,1
3023,ラサ商事株式会社,www.rasaco.co.jp,1
3024,クリエイト株式会社,www.cr-net.co.jp,1
3028,株式会社アルペン,store.alpen-group.jp,1
302A,株式会社ビースタイルホールディングス,www.bstylegroup.co.jp,1
3030,株式会社ハブ,www.pub-hub.co.jp,1
3031,株式会社ラクーンホールディングス,www.raccoon.ne.jp,1
3032,株式会社ゴルフ・ドゥ,www.golfdo.co.jp,1
3034,クオールホールディングス株式会社,www.qolhd.co.jp,1
3035,ケイティケイ株式会社,www.ktk.gr.jp,1
3038,株式会社神戸物産,www.kobebussan.co.jp,3
303A,株式会社ｖｉｓｕｍｏ,visumo.asia,1
3040,株式会社ソリトンシステムズ,www.soliton.co.jp,1
3041,株式会社ビューティカダンホールディングス,www.beauty-kadan.co.jp,1
3042,株式会社セキュアヴェイル,www.secuavail.com,1
3045,株式会社カワサキ,www.kawasaki-corp.co.jp,1
3046,株式会社ジンズホールディングス,jinsholdings.com,1
3047,株式会社ＴＲＵＣＫ－ＯＮＥ,www.truck-one.com,1
3048,株式会社ビックカメラ,www.biccamera.co.jp,7
304A,フォルシア株式会社,www.forcia.com,1
3053,株式会社ペッパーフードサービス,www.pepper-fs.co.jp,1
3054,株式会社ハイパー,www.hyperpc.co.jp,1
3055,株式会社ほくやく・竹山ホールディングス,www.hokutake.co.jp,1
3058,株式会社三洋堂ホールディングス,ir.sanyodo.co.jp,1
3059,ヒラキ株式会社,company.hiraki.co.jp,1
3064,株式会社ＭｏｎｏｔａＲＯ,corp.monotaro.com,4
3065,株式会社ライフフーズ,www.meshiya.co.jp,1
3067,株式会社東京一番フーズ,www.tokyo-ichiban-foods.co.jp,1
3068,株式会社ＷＤＩ,www.wdi.co.jp,1
3069,株式会社　ＪＦＬＡホールディングス,j-fla.com,1
3070,株式会社ジェリービーンズグループ,www.jelly-beans-group.co.jp,1
3071,株式会社ストリーム,www.stream-jp.com,1
3076,あいホールディングス株式会社,www.aiholdings.co.jp,1
3077,ホリイフードサービス株式会社,www.horiifood.co.jp,1
3079,ディーブイエックス株式会社,www.dvx.jp,1
3080,株式会社ジェーソン,jason.co.jp,1
3082,株式会社きちりホールディングス,www.kichiri.co.jp,1
3083,スターシーズ株式会社,www.starseeds.co.jp,1
3086,Ｊ．フロント　リテイリング株式会社,www.j-front-retailing.com,6
3087,株式会社ドトール・日レスホールディングス,www.dnh.co.jp,1
3088,株式会社マツキヨココカラ＆カンパニー,www.pronexus.co.jp,1
3089,テクノアルファ株式会社,www.technoalpha.co.jp,1
3091,株式会社ブロンコビリー,www.bronco.co.jp,1
3092,株式会社ＺＯＺＯ,corp.zozo.com,1
3093,株式会社トレジャー・ファクトリー,www.treasurefactory.co.jp,1
3096,株式会社オーシャンシステム,www.ocean-system.com,2
3097,株式会社物語コーポレーション,www.monogatari.co.jp,4
3099,株式会社三越伊勢丹ホールディングス,www.imhds.co.jp,7
3101,東洋紡株式会社,www.toyobo.co.jp,2
3103,ユニチカ株式会社,www.unitika.co.jp,1
3104,富士紡ホールディングス株式会社,www.fujibo.co.jp,2
3106,倉敷紡績株式会社,www.kurabo.co.jp,5
3107,ダイワボウホールディングス株式会社,www.daiwabo-holdings.com,1
3109,シキボウ株式会社,www.shikibo.co.jp,1
3110,日東紡績株式会社,www.nittobo.co.jp,2
3113,株式会社ＵＮＩＶＡ・Ｏａｋホールディングス,univahld.com,1
3116,トヨタ紡織株式会社,www.toyota-boshoku.com,3
3121,マーチャント・バンカーズ株式会社,www.mbkworld.co.jp,1
3123,サイボー株式会社,www.saibo.co.jp,2
3131,シンデン・ハイテックス株式会社,www.shinden.co.jp,7
3132,マクニカホールディングス株式会社,holdings.macnica.co.jp,1
3133,株式会社海帆,www.kaihan.co.jp,1
3134,Ｈａｍｅｅ株式会社,hamee.co.jp,1
3135,株式会社マーケットエンタープライズ,www.marketenterprise.co.jp,1
3137,株式会社ファンデリー,www.fundely.co.jp,1
3138,株式会社富士山マガジンサービス,www.fujisan.co.jp,1
3139,株式会社ラクト・ジャパン,www.lactojapan.com,1
3143,オーウイル株式会社,owill.co.jp,1
3148,株式会社クリエイトＳＤホールディングス,www.createsdhd.co.jp,2
3150,株式会社グリムス,www.grems.co.jp,1
3151,株式会社バイタルケーエスケー・ホールディングス,www.vitalksk.co.jp,2
3153,八洲電機株式会社,www.yashimadenki.co.jp,2
3154,メディアスホールディングス株式会社,www.medius.co.jp,1
3156,株式会社レスター,www.restargp.com,4
3157,ジオリーブグループ株式会社,www.geolive.co.jp,1
3159,丸善ＣＨＩホールディングス株式会社,www.maruzen-chi.co.jp,1
3160,株式会社大光,www.oomitsu.com,1
3161,アゼアス株式会社,www.azearth.co.jp,1
3166,ＯＣＨＩホールディングス株式会社,www.ochiholdings.co.jp,1
3167,株式会社ＴＯＫＡＩホールディングス,www.tokaiholdings.co.jp,1
3168,株式会社ＭＥＲＦ,www.merf.co.jp,1
3169,株式会社ミサワ,www.misawa-corp.co.jp,1
3172,ティーライフ株式会社,www.tealifeir.com,1
3173,株式会社Ｃｏｍｉｎｉｘ,www.cominix.jp,1
3174,株式会社ハピネス・アンド・ディ,www.happiness-d.co.jp,1
3175,株式会社エー・ピーホールディングス,ap-holdings.jp,1
3176,三洋貿易株式会社,www.sanyo-trading.co.jp,1
3177,株式会社ありがとうサービス,www.arigatou-s.com,1
3178,チムニー株式会社,www.chimney.co.jp,1
3179,シュッピン株式会社,www.syuppin.co.jp,1
3180,株式会社ビューティガレージ,www.beautygarage.jp,2
3181,株式会社買取王国,www.okoku.jp,1
3182,オイシックス・ラ・大地株式会社,www.oisixradaichi.co.jp,2
3183,ウイン・パートナーズ株式会社,www.win-partners.co.jp,2
3184,ＩＣＤＡホールディングス株式会社,www.icda.jp,1
3185,夢展望株式会社,www.dreamv.co.jp,2
3186,株式会社ネクステージ,www.nextage.jp,1
3187,株式会社ミラタップ,info.miratap.co.jp,1
3189,株式会社ＡＮＡＰホールディングス,www.anap.co.jp,1
3190,株式会社ホットマン,www.yg-hotman.com,1
3191,株式会社ジョイフル本田,www.joyfulhonda.com,1
3192,株式会社白鳩,www.shirohato.co.jp,1
3193,株式会社エターナルホスピタリティグループ,eternal-hospitality.co.jp,1
3195,株式会社ジェネレーションパス,www.genepa.com,1
3196,株式会社ホットランドホールディングス,ir.hotland.co.jp,1
3197,株式会社すかいらーくホールディングス,corp.skylark.co.jp,14
3198,ＳＦＰホールディングス株式会社,www.sfpdining.jp,1
3199,綿半ホールディングス株式会社,watahan.co.jp,1
319A,株式会社技術承継機構,ngt-g.com,1
3201,日本毛織株式会社,www.nikke.co.jp,1
3202,ダイトウボウ株式会社,www.daitobo.co.jp,1
3204,株式会社トーア紡コーポレーション,www.toabo.co.jp,1
3205,株式会社ダイドーリミテッド,www.daidoh-limited.com,5
3221,株式会社ヨシックスホールディングス,yossix.co.jp,1
3222,ユナイテッド・スーパーマーケット・ホールディングス株式会社,www.usmh.co.jp,2
3223,株式会社エスエルディー,www.sld-inc.com,1
3224,株式会社ゼネラル・オイスター,www.g-oyster.com,1
3231,野村不動産ホールディングス株式会社,www.nomura-re-hd.co.jp,4
3232,三重交通グループホールディングス株式会社,holdings.sanco.co.jp,1
3236,株式会社プロパスト,www.properst.co.jp,1
3237,株式会社イントランス,www.intrance.jp,1
3238,セントラル総合開発株式会社,www.central-gd.co.jp,1
323A,株式会社フライヤー,corp.flierinc.com,1
3241,株式会社ウィル,www.wills.co.jp,1
3242,株式会社アーバネットコーポレーション,www.urbanet.jp,2
3245,株式会社ディア・ライフ,www.dear-life.co.jp,1
3246,株式会社コーセーアールイー,www.kose-re.jp,1
3248,株式会社アールエイジ,www.early-age.co.jp,1
324A,株式会社ブッキングリゾート,www.booking-resort.jp,1
3252,地主株式会社,www.jinushi-jp.com,5
325A,株式会社ＴＥＮＴＩＡＬ,corp.tential.jp,1
3260,株式会社エスポア,www.es-poir.co.jp,1
3261,株式会社グランディーズ,www.grandes.jp,1
3266,株式会社ファンドクリエーショングループ,www.fc-group.co.jp,1
3267,株式会社フィル・カンパニー,philcompany.jp,1
3271,株式会社　ＴＨＥグローバル社,www.the-g.co.jp,1
3276,株式会社ＪＰＭＣ,www.jpmc.jp,1
3277,株式会社サンセイランディック,www.sansei-l.co.jp,1
3280,株式会社エストラスト,www.strust.co.jp,1
3284,株式会社フージャースホールディングス,www.hoosiers.co.jp,2
3286,トラストホールディングス株式会社,www.trust-hd.co.jp,1
3288,株式会社オープンハウスグループ,openhouse-group.co.jp,1
3289,東急不動産ホールディングス株式会社,www.tokyu-fudosan-hd.co.jp,2
3293,アズマハウス株式会社,azumahouse.com,1
3297,株式会社東武住販,www.toubu.co.jp,1
3299,株式会社ムゲンエステート,www.mugen-estate.co.jp,1
3300,株式会社アンビションＤＸホールディングス,www.am-bition.jp,1
3302,帝国繊維株式会社,www.teisen.co.jp,1
3306,日本製麻株式会社,www.nihonseima.co.jp,1
330A,株式会社ＴａｌｅｎｔＸ,mytalent.jp,1
3315,日本コークス工業株式会社,www.n-coke.com,1
3317,株式会社フライングガーデン,www.fgarden.co.jp,1
331A,株式会社メディックス,www.medix-inc.co.jp,1
3320,クロスプラス株式会社,www.crossplus.co.jp,1
3321,ミタチ産業株式会社,www.mitachi.co.jp,1
3326,株式会社ランシステム,www.runsystem.co.jp,1
3329,東和フードサービス株式会社,www.towafood-net.co.jp,1
332A,ミーク株式会社,www.meeq.com,1
3333,株式会社あさひ,corporate.cb-asahi.co.jp,1
3346,ヒロタグループホールディングス株式会社,www.hirotaghd.com,1
3349,株式会社コスモス薬品,www.cosmospc.co.jp,1
334A,株式会社ビジュアル・プロセッシング・ジャパン,www.vpj.co.jp,1
3350,株式会社メタプラネット,bitflyer.com,1
3352,株式会社バッファロー,www.buffalo.co.jp,1
3353,株式会社メディカル一光グループ,www.m-ikkou.co.jp,1
3355,クリヤマホールディングス株式会社,www.kuriyama-holdings.com,8
3358,Ｔｒａｉｌｈｅａｄ　Ｇｌｏｂａｌ　Ｈｏｌｄｉｎｇｓ株式会社,thg-hd.com,1
3359,株式会社ｃｏｔｔａ,www.cotta.co.jp,1
335A,株式会社ミライロ,www.mirairo.co.jp,1
3360,シップヘルスケアホールディングス株式会社,www.shiphd.co.jp,1
3361,株式会社トーエル,www.toell.co.jp,1
336A,ダイナミックマッププラットフォーム株式会社,www.dynamic-maps.co.jp,2
3370,株式会社フジタコーポレーション,www.fujitacorp.co.jp,1
3371,株式会社ソフトクリエイトホールディングス,www.softcreate-holdings.co.jp,1
3372,株式会社関門海,www.kanmonkai.co.jp,1
3374,内外テック株式会社,www.naigaitec.co.jp,2
3375,株式会社ＺＯＡ,www.zoa.co.jp,1
3377,株式会社バイク王＆カンパニー,www.8190.co.jp,2
3382,株式会社セブン＆アイ・ホールディングス,www.7andi.com,6
3384,株式会社アークコア,www.bike-kaitori.com,1
3386,コスモ・バイオ株式会社,www.cosmobio.com,2
3387,株式会社クリエイト・レストランツ・ホールディングス,www.createrestaurants.com,3
3388,明治電機工業株式会社,www.meijidenki.co.jp,3
338A,株式会社ＺｅｎｍｕＴｅｃｈ,zenmutech.com,1
3391,株式会社ツルハホールディングス,www.tsuruha-hd.com,1
3393,スターティアホールディングス株式会社,www.startiaholdings.com,1
3395,株式会社サンマルクホールディングス,www.saint-marc-hd.com,2
3396,株式会社フェリシモ,www.felissimo.co.jp,1
3397,株式会社トリドールホールディングス,www.toridoll.com,2
339A,プログレス・テクノロジーズ　グループ株式会社,progresstech-group.jp,1
3401,帝人株式会社,www.teijin.co.jp,5
3405,株式会社クラレ,www.kuraray.com,1
3407,旭化成株式会社,www.asahi-kasei.com,6
3409,株式会社北紡,www.ktbo.co.jp,1
340A,株式会社ジグザグ,www.zig-zag.co.jp,1
3415,株式会社ＴＯＫＹＯ　ＢＡＳＥ,www.tokyobase.co.jp,1
3416,ピクスタ株式会社,pixta.co.jp,1
3417,大木ヘルスケアホールディングス株式会社,www.ohki-net.co.jp,1
3418,株式会社バルニバービ,ir.balnibarbi.com,2
3419,アートグリーン株式会社,www.artgreen.co.jp,1
341A,株式会社トヨコー,www.toyokoh.com,1
3420,株式会社ケー・エフ・シー,www.kfc-net.co.jp,1
3422,株式会社　Ｊ－ＭＡＸ,www.jp-jmax.co.jp,1
3423,株式会社エスイー,www.se-corp.com,1
3426,アトムリビンテック株式会社,www.atomlt.com,2
3431,宮地エンジニアリンググループ株式会社,www.miyaji-eng.com,1
3433,トーカロ株式会社,www.tocalo.co.jp,1
3434,株式会社アルファ,www.kk-alpha.com,1
3435,サンコーテクノ株式会社,sanko-techno.co.jp,2
3436,株式会社ＳＵＭＣＯ,www.sumcosi.com,4
3437,特殊電極株式会社,www.tokuden.co.jp,1
343A,株式会社ＩＡＣＥトラベル,www.iace.co.jp,1
3440,日創グループ株式会社,www.nissogroup.com,1
3442,株式会社ＭＩＥコーポレーション,www.mie-corp.jp,1
3443,川田テクノロジーズ株式会社,www.kawada.jp,2
3445,株式会社ＲＳ　Ｔｅｃｈｎｏｌｏｇｉｅｓ,www.rs-tec.jp,1
3446,株式会社ジェイテックコーポレーション,www.j-tec.co.jp,1
3447,信和株式会社,ir.shinwa-jp.com,1
3449,株式会社テクノフレックス,www.technoflex.co.jp,1
3452,株式会社ビーロット,www.b-lot.co.jp,1
3454,ファーストブラザーズ株式会社,www.firstbrothers.com,1
3457,株式会社Ａｎｄ　Ｄｏホールディングス,www.housedo.co.jp,1
3461,株式会社パルマ,www.palma.jp,1
3469,株式会社デュアルタップ,www.dualtap.co.jp,1
3474,Ｇ－ＦＡＣＴＯＲＹ株式会社,g-fac.jp,1
3475,株式会社グッドコムアセット,www.goodcomasset.co.jp,1
3477,フォーライフ株式会社,www.forlifeand.com,1
3479,株式会社ティーケーピー,www.tkp.jp,3
3480,株式会社ジェイ・エス・ビー,www.jsb.co.jp,3
3482,ロードスターキャピタル株式会社,www.loadstarcapital.com,1
3484,株式会社イノベーションホールディングス,www.ihd.co.jp,3
3486,株式会社グローバル・リンク・マネジメント,www.global-link-m.com,3
3489,株式会社フェイスネットワーク,faithnetwork.co.jp,1
3490,株式会社アズ企画設計,www.azplan.co.jp,1
3491,株式会社ＧＡ　ｔｅｃｈｎｏｌｏｇｉｅｓ,www.ga-tech.co.jp,2
3494,株式会社マリオン,www.mullion.co.jp,1
3495,香陵住販株式会社,www.koryo-j.co.jp,1
3496,株式会社アズーム,azoom.jp,1
3498,霞ヶ関キャピタル株式会社,kasumigaseki.co.jp,1
3501,ＳＵＭＩＮＯＥ株式会社,suminoe.co.jp,1
3504,株式会社丸八ホールディングス,www.maruhachi.co.jp,1
350A,デジタルグリッド株式会社,www.digitalgrid.com,1
3512,日本フエルト株式会社,www.felt.co.jp,1
3513,イチカワ株式会社,www.ik-felt.co.jp,1
3521,テルマー湯ホールディングス株式会社,thermae-yu-hd.co.jp,1
3524,日東製網株式会社,www.nittoseimo.co.jp,1
352A,株式会社ＬＯＩＶＥ,loive.co.jp,1
3536,アクサスホールディングス株式会社,www.axas-hd.jp,1
3537,昭栄薬品株式会社,www.mpob.gov.my,1
3538,株式会社ウイルプラスホールディングス,www.willplus.co.jp,1
3539,株式会社ＪＭホールディングス,www.jm-holdings.co.jp,1
353A,エレベーターコミュニケーションズ株式会社,www.evcom.co.jp,1
3541,株式会社農業総合研究所,www.nousouken.co.jp,1
3542,株式会社ベガコーポレーション,www.vega-c.com,2
3543,株式会社コメダホールディングス,komeda-holdings.co.jp,3
3544,サツドラホールディングス株式会社,satudora-hd.co.jp,5
3546,アレンザホールディングス株式会社,www.alleanza-hd.co.jp,1
3547,株式会社串カツ田中ホールディングス,www.kushi-tanaka.co.jp,1
3548,株式会社バロックジャパンリミテッド,www.baroque-global.com,2
3549,株式会社クスリのアオキホールディングス,kusuri-aoki-hd.co.jp,1
3550,株式会社スタジオアタオ,www.studioatao.jp,1
3551,ダイニック株式会社,www.dynic.co.jp,1
3553,共和レザー株式会社,www.kyowale.co.jp,1
3556,リネットジャパングループ株式会社,corp.renet.jp,1
3557,ユナイテッド＆コレクティブ株式会社,united-collective.co.jp,1
3558,ジェイドグループ株式会社,jade-group.jp,1
3559,株式会社ピーバンドットコム,www.p-ban.com,1
3560,株式会社ほぼ日,www.hobonichi.co.jp,1
3561,株式会社力の源ホールディングス,www.chikaranomoto.com,1
3562,株式会社Ｎｏ．１,www.number-1.co.jp,1
3563,株式会社ＦＯＯＤ　＆　ＬＩＦＥ　ＣＯＭＰＡＮＩＥＳ,www.food-and-life.co.jp,3
3565,アセンテック株式会社,www.ascentech.co.jp,4
3566,ユニフォームネクスト株式会社,uniformnext.co.jp,1
3569,セーレン株式会社,www.seiren.com,1
3571,株式会社ソトー,sotoh.co.jp,1
3577,東海染工株式会社,www.tokai-senko.co.jp,1
3580,小松マテーレ株式会社,www.komatsumatere.co.jp,2
3583,オーベクス株式会社,www.aubex.co.jp,1
3591,株式会社ワコールホールディングス,www.wacoalholdings.jp,3
3597,株式会社自重堂,www.jichodo.co.jp,1
3598,山喜株式会社,www.e-yamaki.co.jp,1
3600,株式会社フジックス,www.fjx.co.jp,1
3607,株式会社クラウディアホールディングス,www.kuraudia.holdings,1
3608,株式会社ＴＳＩホールディングス,sustainability.tsi-holdings.com,7
3611,株式会社マツオカコーポレーション,www.matuoka.co.jp,1
3612,株式会社ワールド,store.world.co.jp,3
3622,ネットイヤーグループ株式会社,www.netyear.net,1
3623,ビリングシステム株式会社,www.billingsystem.co.jp,1
3624,アクセルマーク株式会社,www.axelmark.co.jp,1
3625,テックファームホールディングス株式会社,www.techfirm-hd.com,1
3626,ＴＩＳ株式会社,www.tis.co.jp,3
3627,テクミラホールディングス株式会社,www.tecmira.com,1
3628,株式会社データホライゾン,www.dhorizon.co.jp,1
3632,グリーホールディングス株式会社,hd.gree.net,5
3633,ＧＭＯペパボ株式会社,pepabo.com,3
3634,株式会社ソケッツ,www.sockets.co.jp,1
3635,株式会社コーエーテクモホールディングス,www.koeitecmo.co.jp,2
3636,株式会社三菱総合研究所,www.mri.co.jp,2
3639,株式会社ボルテージ,www.voltage.co.jp,1
3640,株式会社電算,www.ndensan.co.jp,4
3641,株式会社パピレス,www.papy.co.jp,1
3645,株式会社メディカルネット,www.medical-net.com,1
3646,株式会社駅探,ekitan.co.jp,1
3647,株式会社ジー・スリーホールディングス,www.g3holdings.com,1
3649,株式会社ファインデックス,findex.co.jp,2
3652,株式会社ディジタルメディアプロフェッショナル,www.dmprof.com,1
3653,株式会社モルフォ,www.morphoinc.com,1
3655,株式会社ブレインパッド,www.brainpad.co.jp,1
3656,ＫＬａｂ株式会社,www.klab.com,3
3657,ポールトゥウィンホールディングス株式会社,www.phd.inc,1
3659,株式会社ネクソン,www.nexon.co.jp,1
365A,伊澤タオル株式会社,www.amazon.co.jp,1
3660,株式会社アイスタイル,www.istyle.co.jp,1
3661,株式会社エムアップホールディングス,www.m-upholdings.co.jp,1
3662,株式会社エイチームホールディングス,www.a-tm.co.jp,1
3663,株式会社セルシス,www.celsys.com,1
3664,株式会社モブキャストホールディングス,mobcast.co.jp,1
3665,株式会社エニグモ,enigmo.co.jp,2
3667,株式会社ｅｎｉｓｈ,www.enish.jp,1
3668,株式会社コロプラ,colopl.co.jp,2
366A,ウェルネス・コミュニケーションズ株式会社,wellcoms.jp,2
3670,協立情報通信株式会社,www.kccnet.co.jp,1
3671,ソフトマックス株式会社,www.s-max.co.jp,1
3672,株式会社オルトプラス,www.altplus.co.jp,1
3673,株式会社ブロードリーフ,www.broadleaf.co.jp,6
3674,株式会社オークファン,aucfan.co.jp,1
3675,株式会社クロス・マーケティンググループ,www.moratame.net,1
3676,株式会社デジタルハーツホールディングス,www.digitalhearts-hd.com,1
3678,株式会社メディアドゥ,mediado.jp,2
3679,株式会社じげん,zigexn.co.jp,4
367A,プリモグローバルホールディングス株式会社,www.primoghd.co.jp,1
3680,株式会社ホットリンク,www.hottolink.co.jp,2
3681,株式会社ブイキューブ,jp.vcube.com,1
3682,エンカレッジ・テクノロジ株式会社,www.et-x.jp,4
3683,株式会社サイバーリンクス,www.cyber-l.co.jp,1
3686,株式会社ディー・エル・イー,www.dle.jp,1
3687,株式会社フィックスターズ,www.fixstars.com,1
368A,株式会社北里コーポレーション,www.kitazato.co.jp,1
3690,株式会社イルグルム,www.yrglm.co.jp,1
3691,株式会社デジタルプラス,digital-plus.co.jp,2
3692,株式会社ＦＦＲＩセキュリティ,www.ffri.jp,1
3694,株式会社オプティム,www.optim.co.jp,1
3695,ＧＭＯプロダクトプラットフォーム株式会社,gmo-research.ai,1
3696,株式会社セレス,media.ceres-inc.jp,1
3697,株式会社ＳＨＩＦＴ,www.shiftinc.jp,1
3698,株式会社ＣＲＩ・ミドルウェア,www.cri-mw.co.jp,1
369A,株式会社エータイ,a-tie.co.jp,1
3708,特種東海製紙株式会社,www.tt-paper.co.jp,1
3710,ジョルダン株式会社,www.jorudan.co.jp,1
3712,株式会社情報企画,www.jyohokikaku.co.jp,1
3719,ＡＩストーム株式会社,www.ai-storm.co.jp,1
3723,日本ファルコム株式会社,www.falcom.co.jp,1
3726,株式会社フォーシーズＨＤ,www.4cs-holdings.co.jp,1
3727,株式会社アプリックス,www.aplix.co.jp,1
372A,株式会社レント,www.rent.co.jp,2
3733,株式会社ソフトウェア・サービス,www.softs.co.jp,1
373A,株式会社リップス,www.lipps.co.jp,1
3741,株式会社セック,www.sec.co.jp,4
3744,サイオス株式会社,www.sios.com,1
3747,株式会社インタートレード,www.itrade.co.jp,1
3750,株式会社ＡＤＲ１２０Ｓ,www.adr.co.jp,1
3758,株式会社アエリア,www.aeria.jp,1
3760,株式会社ケイブ,www.cave.co.jp,1
3762,テクマトリックス株式会社,www.techmatrix.co.jp,6
3763,株式会社プロシップ,www.proship.co.jp,1
3765,ガンホー・オンライン・エンターテイメント株式会社,www.gungho.co.jp,1
3766,システムズ・デザイン株式会社,www.sdcj.co.jp,1
3768,リスクモンスター株式会社,www.riskmonster.co.jp,1
3769,ＧＭＯペイメントゲートウェイ株式会社,www.gmo-pg.com,1
3771,株式会社システムリサーチ,www.sr-net.co.jp,1
3772,ウェルス・マネジメント株式会社,www.wealth-mngt.com,2
3773,株式会社アドバンスト・メディア,www.advanced-media.co.jp,1
3774,株式会社インターネットイニシアティブ,www.iij.ad.jp,2
3775,株式会社ガイアックス,www.gaiax.co.jp,1
3776,株式会社ブロードバンドタワー,www.bbtower.co.jp,1
3777,株式会社環境フレンドリーホールディングス,www.ef-hd.com,1
3778,さくらインターネット株式会社,www.sakura.ad.jp,3
377A,株式会社エージェントＩＧホールディングス,a-gent.co.jp,1
3787,株式会社テクノマセマティカル,www.tmath.co.jp,1
3788,ＧＭＯグローバルサイン・ホールディングス株式会社,www.gmogshd.com,1
378A,株式会社ヒット,www.hit-ad.co.jp,1
3791,株式会社ＩＧポート,www.igport.co.jp,1
3793,株式会社ドリコム,www.drecom.co.jp,1
3796,株式会社いい生活,www.e-seikatsu.info,3
3798,ＵＬＳグループ株式会社,www.ulsgroup.co.jp,2
3799,キーウェアソリューションズ株式会社,www.keyware.co.jp,1
3800,株式会社ユニリタ,www.unirita.co.jp,1
3802,株式会社エコミック,www.ecomic.jp,1
3803,イメージ情報開発株式会社,www.image-inf.co.jp,1
3804,株式会社システム　ディ,www.systemd.co.jp,1
3808,株式会社オウケイウェイヴ,www.okwave.co.jp,1
3810,サイバーステップホールディングス株式会社,cshd.cyberstep.com,1
3815,株式会社メディア工房,www.mkb.ne.jp,1
3816,株式会社大和コンピューター,www.daiwa-computer.co.jp,2
3823,ＴＨＥ　ＷＨＹ　ＨＯＷ　ＤＯ　ＣＯＭＰＡＮＹ株式会社,twhdc.co.jp,1
3824,メディアファイブ株式会社,www.media5.co.jp,1
3825,株式会社リミックスポイント,www.remixpoint.co.jp,1
3826,株式会社システムインテグレータ,corporate.sint.co.jp,1
3834,株式会社朝日ネット,asahi-net.co.jp,1
3835,ｅＢＡＳＥ株式会社,www.ebase.co.jp,2
3836,株式会社アバントグループ,www.avantgroup.com,1
3837,アドソル日進株式会社,www.adniss.jp,1
3839,株式会社ＯＤＫソリューションズ,www.odk.co.jp,1
3840,パス株式会社,www.pathway.co.jp,1
3841,株式会社ジーダット,www.jedat.co.jp,1
3842,株式会社ネクストジェン,www.nextgen.co.jp,1
3844,コムチュア株式会社,www.comture.com,8
3845,株式会社アイフリークモバイル,www.i-freek.co.jp,1
3848,株式会社データ・アプリケーション,www.dal.co.jp,2
3849,日本テクノ・ラボ株式会社,www.ntl.co.jp,1
3850,株式会社エヌ・ティ・ティ・データ・イントラマート,www.intra-mart.jp,1
3851,株式会社日本一ソフトウェア,nippon1.co.jp,1
3853,アステリア株式会社,jp.asteria.com,2
3854,株式会社アイル,www.ill.co.jp,1
3856,Ａｂａｌａｎｃｅ株式会社,www.abalance.jp,3
3858,株式会社ユビキタスＡＩ,www.ubiquitous-ai.com,1
3861,王子ホールディングス株式会社,www.ojiholdings.co.jp,1
3863,日本製紙株式会社,recognition.ecovadis.com,1
3864,三菱製紙株式会社,www.mpm.co.jp,2
3865,北越コーポレーション株式会社,www.hokuetsucorp.com,1
386A,株式会社みのや,www.machioka.co.jp,1
3877,中越パルプ工業株式会社,www.chuetsu-pulp.co.jp,1
3878,株式会社巴川コーポレーション,www.tomoegawa.co.jp,1
387A,フラー株式会社,www.fuller-inc.com,1
3880,大王製紙株式会社,www.daio-paper.co.jp,4
3891,ニッポン高度紙工業株式会社,www.kodoshi.co.jp,1
3895,ハビックス株式会社,www.havix.co.jp,1
3896,阿波製紙株式会社,www.awapaper.co.jp,1
3900,株式会社クラウドワークス,crowdworks.co.jp,1
3903,株式会社ｇｕｍｉ,gu3.co.jp,1
3904,株式会社カヤック,www.kayac.com,1
3905,データセクション株式会社,bizpreca.jp,1
3907,シリコンスタジオ株式会社,www.siliconstudio.co.jp,1
3908,株式会社コラボス,www.collabos.com,1
3909,株式会社ショーケース,www.showcase-tv.com,1
3910,株式会社エムケイシステム,www.mks.jp,1
3911,株式会社Ａｉｍｉｎｇ,aiming-inc.com,1
3912,株式会社モバイルファクトリー,www.mobilefactory.jp,2
3914,ＪＩＧ－ＳＡＷ株式会社,www.jig-saw.com,1
3915,株式会社テラスカイ,www.terrasky.co.jp,1
3916,デジタル・インフォメーション・テクノロジー株式会社,www.ditgroup.jp,1
3917,株式会社アイリッジ,iridge.jp,1
3918,ＰＣＩホールディングス株式会社,www.pci-h.co.jp,1
391A,株式会社山忠,www.yamachuu.co.jp,1
3920,アイビーシー株式会社,www.ibc21.co.jp,1
3921,株式会社ネオジャパン,www.neo.co.jp,1
3922,株式会社ＰＲ　ＴＩＭＥＳ,prtimes.co.jp,2
3923,株式会社ラクス,www.rakus.co.jp,2
3925,株式会社ダブルスタンダード,double-std.com,1
3926,株式会社オープンドア,www.opendoor.co.jp,1
3927,株式会社フーバーブレイン,www.fuva-brain.co.jp,1
3928,株式会社マイネット,mynet.co.jp,1
3929,ソーシャルワイヤー株式会社,www.socialwire.net,1
3930,株式会社はてな,hatena.co.jp,1
3931,株式会社バリューゴルフ,corp.valuegolf.co.jp,1
3932,株式会社アカツキ,aktsk.jp,1
3933,チエル株式会社,www.chieru.co.jp,1
3934,株式会社ベネフィットジャパン,www.benefitjapan.co.jp,1
3935,株式会社エディア,edia.co.jp,1
3936,株式会社グローバルウェイ,www.globalway.co.jp,1
3937,株式会社Ｕｂｉｃｏｍホールディングス,www.ubicom-hd.com,1
3939,株式会社カナミックネットワーク,www.kanamicnetwork.co.jp,2
3940,株式会社ノムラシステムコーポレーション,www.nomura-system.co.jp,1
3941,レンゴー株式会社,www.rengo.co.jp,1
3943,大石産業株式会社,www.osk.co.jp,2
3944,古林紙工株式会社,www.furubayashi-shiko.co.jp,1
3945,スーパーバッグ株式会社,www.superbag.co.jp,4
3946,株式会社トーモク,www.tomoku.co.jp,4
3950,ザ・パック株式会社,www.thepack.co.jp,2
3951,朝日印刷株式会社,www.asahi-pp.co.jp,1
3954,昭和パックス株式会社,www.showa-paxxs.co.jp,1
3955,株式会社イムラ,www.imura.co.jp,1
3958,笹徳印刷株式会社,www.sasatoku.co.jp,1
3962,株式会社チェンジホールディングス,www.changeholdings.co.jp,8
3963,株式会社シンクロ・フード,www.synchro-food.co.jp,1
3964,株式会社オークネット,www.aucnet.co.jp,3
3965,株式会社キャピタル・アセット・プランニング,www.cap-net.co.jp,2
3967,株式会社エルテス,eltes.co.jp,1
3968,セグエグループ株式会社,segue-g.jp,1
3969,株式会社エイトレッド,www.atled.jp,2
3970,株式会社イノベーション,it-trend.jp,1
3974,ＳＣＡＴ株式会社,www.scat.inc,1
3976,株式会社シャノン,www.shanon.co.jp,1
3977,フュージョン株式会社,www.fusion.co.jp,1
3979,株式会社うるる,www.uluru.biz,1
3981,株式会社ビーグリー,www.beaglee.com,1
3983,株式会社オロ,www.oro.com,5
3984,株式会社ユーザーローカル,esg.userlocal.jp,1
3985,テモナ株式会社,temona.co.jp,1
3986,株式会社ビーブレイクシステムズ,www.bbreak.co.jp,1
3987,エコモット株式会社,www.ecomott.co.jp,1
3988,株式会社ＳＹＳホールディングス,www.syshd.co.jp,1
3989,シェアリングテクノロジー株式会社,www.sharing-tech.jp,1
3991,ウォンテッドリー株式会社,wantedlyinc.com,1
3992,株式会社ニーズウェル,www.needswell.com,1
3993,株式会社ＰＫＳＨＡ　Ｔｅｃｈｎｏｌｏｇｙ,pkshatech.com,2
3994,株式会社マネーフォワード,corp.moneyforward.com,4
3996,サインポスト株式会社,signpost.co.jp,1
3997,株式会社トレードワークス,www.tworks.co.jp,1
3998,株式会社すららネット,surala.co.jp,1
4004,株式会社レゾナック・ホールディングス,www.resonac.com,7
4005,住友化学株式会社,www.sumitomo-chem.co.jp,2
4008,住友精化株式会社,www.sumitomoseika.co.jp,1
4011,株式会社ヘッドウォータース,www.headwaters.co.jp,1
4012,株式会社アクシス,www.axis-net.co.jp,1
4013,勤次郎株式会社,www.kinjiro-e.com,2
4014,株式会社カラダノート,lab.sdm.keio.ac.jp,1
4015,ペイクラウドホールディングス株式会社,www.paycloud.inc,1
4016,ＭＩＴホールディングス株式会社,mit-hd.co.jp,1
4017,株式会社クリーマ,creema.co.jp,1
4018,株式会社Ｇｅｏｌｏｃａｔｉｏｎ　Ｔｅｃｈｎｏｌｏｇｙ,www.geolocation.co.jp,1
4019,株式会社スタメン,stmn.co.jp,1
4020,ビートレンド株式会社,www.betrend.com,1
4021,日産化学株式会社,www.nissanchem.co.jp,1
4022,ラサ工業株式会社,www.rasa.co.jp,2
4023,株式会社クレハ,www.kureha.co.jp,4
4025,多木化学株式会社,www.takichem.co.jp,1
4026,神島化学工業株式会社,www.konoshima.co.jp,2
4027,テイカ株式会社,www.tayca.co.jp,3
4028,石原産業株式会社,www.iskweb.co.jp,2
402A,株式会社アクセルスペースホールディングス,www.axelspacehd.com,1
4031,片倉コープアグリ株式会社,www.katakuraco-op.com,1
4040,南海化学株式会社,www.nankai-chem.co.jp,2
4041,日本曹達株式会社,www.nippon-soda.co.jp,1
4042,東ソー株式会社,www.tosoh.co.jp,3
4043,株式会社トクヤマ,www.tokuyama.co.jp,1
4044,セントラル硝子株式会社,www.cgco.co.jp,1
4045,東亞合成株式会社,www.toagosei.co.jp,1
4046,株式会社大阪ソーダ,www.osaka-soda.co.jp,1
4047,関東電化工業株式会社,www.kantodenka.co.jp,1
4051,ＧＭＯフィナンシャルゲート株式会社,www.resonabank.co.jp,1
4052,フィーチャ株式会社,ficha.jp,1
4053,株式会社Ｓｕｎ　Ａｓｔｅｒｉｓｋ,sun-asterisk.com,3
4055,ティアンドエスグループ株式会社,www.jeita.or.jp,2
4056,ニューラルグループ株式会社,www.neural-group.com,1
4057,株式会社インターファクトリー,www.interfactory.co.jp,1
4058,トヨクモ株式会社,oss.toyokumo.co.jp,1
4059,株式会社まぐまぐ,www.mag2.co.jp,1
4060,ｒａｋｕｍｏ株式会社,rakumo.com,1
4061,デンカ株式会社,www.denka.co.jp,1
4062,イビデン株式会社,www.ibiden.co.jp,1
4063,信越化学工業株式会社,www.shinetsu.co.jp,2
4064,日本カーバイド工業株式会社,www.carbide.co.jp,1
4068,ベイシス株式会社,basis-corp.jp,1
4071,株式会社プラスアルファ・コンサルティング,www.pa-consul.co.jp,1
4072,株式会社電算システムホールディングス,www.ds-hd.co.jp,1
4073,株式会社ジィ・シィ企画,www.gck.co.jp,1
4074,株式会社ラキール,www.lakeel.com,1
4075,ブレインズテクノロジー株式会社,www.brains-tech.co.jp,1
4076,株式会社シイエヌエス,www.cns.co.jp,1
4078,堺化学工業株式会社,www.sakai-chem.co.jp,1
4082,第一稀元素化学工業株式会社,www.dkkk.co.jp,1
4088,エア・ウォーター株式会社,www.awi.co.jp,9
4091,日本酸素ホールディングス株式会社,jp.nipponsanso.com,2
4092,日本化学工業株式会社,www.nippon-chem.co.jp,3
4093,東邦アセチレン株式会社,www.toho-ace.co.jp,1
4095,日本パーカライジング株式会社,www.parker.co.jp,1
4097,高圧ガス工業株式会社,www.koatsugas.co.jp,1
4098,チタン工業株式会社,www.titankogyo.co.jp,1
4099,四国化成ホールディングス株式会社,www.shikoku.co.jp,1
409A,オリオンビール株式会社,www.orionbeer.co.jp,1
4100,戸田工業株式会社,www.todakogyo.co.jp,1
4102,丸尾カルシウム株式会社,www.maruo-cal.co.jp,1
4107,伊勢化学工業株式会社,www.isechem.co.jp,1
4109,ステラケミファ株式会社,www.stella-chemifa.co.jp,1
410A,ＧＭＯコマース株式会社,www.gmo-c.jp,1
4112,保土谷化学工業株式会社,www.hodogaya.co.jp,1
4113,田岡化学工業株式会社,www.taoka-chem.co.jp,4
4114,株式会社日本触媒,www.shokubai.co.jp,7
4116,大日精化工業株式会社,www.daicolor.co.jp,5
4118,株式会社カネカ,www.kaneka.co.jp,1
4119,株式会社日本ピグメントホールディングス,www.pigment-hd.co.jp,1
4120,スガイ化学工業株式会社,www.sugai-chem.co.jp,1
4124,大阪油化工業株式会社,www.osaka-yuka.co.jp,1
4125,三和油化工業株式会社,www.sanwayuka.co.jp,1
414A,株式会社オーバーラップホールディングス,hd.over-lap.co.jp,1
4151,協和キリン株式会社,www.kyowakirin.co.jp,1
415A,ＧＭＯ　ＴＥＣＨホールディングス株式会社,hd.gmotech.jp,1
4165,株式会社プレイド,plaid.co.jp,3
4166,かっこ株式会社,cacco.co.jp,1
4167,株式会社ココペリ,mic-r.co.jp,1
4168,株式会社ヤプリ,yappli.co.jp,1
4169,ＥＮＥＣＨＡＮＧＥ株式会社,enechange.co.jp,1
416A,富士ユナイトホールディングス株式会社,www.fujiunited.com,1
4170,株式会社Ｋａｉｚｅｎ　Ｐｌａｔｆｏｒｍ,kaizenplatform.com,1
4172,東和ハイシステム株式会社,www.towa-hi-sys.co.jp,1
4174,株式会社アピリッツ,appirits.com,1
4175,株式会社ｃｏｌｙ,colyinc.com,1
4176,株式会社ココナラ,coconala.co.jp,2
4177,株式会社ｉ－ｐｌｕｇ,i-plug.co.jp,1
4178,株式会社Ｓｈａｒｉｎｇ　Ｉｎｎｏｖａｔｉｏｎｓ,sharing-innovations.com,1
4179,株式会社ジーネクスト,www.gnext.co.jp,1
417A,株式会社ブルーゾーンホールディングス,www.bluezonesholdings.co.jp,1
4180,Ａｐｐｉｅｒ　Ｇｒｏｕｐ株式会社,www.appier.com,1
4182,三菱瓦斯化学株式会社,www.mgc.co.jp,9
4183,三井化学株式会社,jp.mitsuichemicals.com,10
4186,東京応化工業株式会社,www.tok.co.jp,3
4187,大阪有機化学工業株式会社,www.ooc.co.jp,1
4188,三菱ケミカルグループ株式会社,www.mcgc.com,5
4189,ＫＨネオケム株式会社,www.khneochem.co.jp,1
418A,ウリドキ株式会社,uridoki.co.jp,1
4192,スパイダープラス株式会社,spiderplus.co.jp,1
4193,株式会社ファブリカホールディングス,www.fabrica-hd.co.jp,1
4194,ビジョナル株式会社,www.visional.inc,3
4196,株式会社ネオマーケティング,neo-m.jp,1
4197,株式会社アスマーク,www.asmarq.co.jp,1
4198,株式会社テンダ,www.tenda.co.jp,1
4199,ワンダープラネット株式会社,wonderpla.net,1
4202,株式会社ダイセル,www.daicel.com,1
4203,住友ベークライト株式会社,www.sumibe.co.jp,2
4204,積水化学工業株式会社,www.sekisui.co.jp,3
4205,日本ゼオン株式会社,www.zeon.co.jp,4
4206,アイカ工業株式会社,www.aica.co.jp,4
4208,ＵＢＥ株式会社,www.ube.com,1
4212,積水樹脂株式会社,www.sekisuijushi.co.jp,1
4216,旭有機材株式会社,www.asahi-yukizai.co.jp,2
4218,ニチバン株式会社,www.nichiban.co.jp,2
421A,株式会社ムービン・ストラテジック・キャリア,corp.movin.co.jp,1
4220,リケンテクノス株式会社,www.rikentechnos.co.jp,1
4221,大倉工業株式会社,www.okr-ind.co.jp,2
4222,児玉化学工業株式会社,www.kodama-chemical.co.jp,1
4224,ロンシール工業株式会社,www.lonseal.co.jp,1
4228,積水化成品工業株式会社,www.sekisuikasei.com,4
4229,群栄化学工業株式会社,www.gunei-chemical.co.jp,1
4231,タイガースポリマー株式会社,tigers.jp,2
4234,株式会社サンエー化研,www.sun-a-kaken.co.jp,1
4235,ウルトラファブリックス・ホールディングス株式会社,www.ultrafabricshd.co.jp,3
4237,フジプレアム株式会社,www.fujipream.co.jp,1
4238,ミライアル株式会社,www.pronexus.co.jp,1
423A,株式会社ライオン事務器,www.lion-jimuki.co.jp,2
4240,クラスターテクノロジー株式会社,www.cluster-tech.co.jp,1
4241,株式会社アテクト,www.atect.co.jp,1
4242,株式会社タカギセイコー,www.takagi-seiko.co.jp,6
4243,株式会社ニックス,nix.co.jp,1
4245,株式会社ダイキアクシス,www.daiki-axis.com,4
4246,ダイキョーニシカワ株式会社,www.daikyonishikawa.co.jp,3
4247,ポバール興業株式会社,www.poval.co.jp,1
4248,竹本容器株式会社,www.takemotopkg.com,1
4249,森六株式会社,www.moriroku.co.jp,1
4250,株式会社フロンティア,all-frontier.com,1
4251,恵和株式会社,www.keiwa.co.jp,2
4255,ＴＨＥＣＯＯ株式会社,thecoo.co.jp,1
4256,株式会社サインド,cynd.co.jp,1
4258,株式会社網屋,www.amiya.co.jp,1
4259,株式会社エクサウィザーズ,exawizards.com,1
4260,株式会社ハイブリッドテクノロジーズ,hybridtechnologies.co.jp,1
4261,アジアクエスト株式会社,www.asia-quest.jp,1
4262,ニフティライフスタイル株式会社,niftylifestyle.co.jp,2
4263,サスメド株式会社,www.susmed.co.jp,1
4264,株式会社セキュア,secureinc.co.jp,1
4265,Ｉｎｓｔｉｔｕｔｉｏｎ　ｆｏｒ　ａ　Ｇｌｏｂａｌ　Ｓｏｃｉｅｔｙ株式会社,i-globalsociety.com,1
4270,株式会社ＢｅｅＸ,www.beex-inc.com,1
4272,日本化薬株式会社,www.nipponkayaku.co.jp,4
4275,株式会社カーリット,www.carlit.co.jp,2
4284,株式会社　ソルクシーズ,www.solxyz.co.jp,1
4286,株式会社ＣＬホールディングス,www.clholdings.co.jp,3
4288,株式会社アズジェント,www.asgent.co.jp,1
428A,サイプレス・ホールディングス株式会社,www.cypress-holdings.co.jp,1
4290,株式会社プレステージ・インターナショナル,www.prestigein.com,2
4293,株式会社セプテーニ・ホールディングス,www.septeni-holdings.co.jp,6
4299,株式会社ハイマックス,www.himacs.jp,1
429A,テクセンドフォトマスク株式会社,contents.xj-storage.jp,1
4301,株式会社アミューズ,ir.amuse.co.jp,2
4307,株式会社野村総合研究所,www.nri.com,2
4308,株式会社Ｊストリーム,www.stream.co.jp,1
4310,株式会社ドリームインキュベータ,www.dreamincubator.co.jp,1
4316,株式会社ビーマップ,www.bemap.co.jp,1
4317,株式会社レイ,www.ray.co.jp,1
4318,株式会社クイック,919.jp,1
431A,ユーソナー株式会社,usonar.co.jp,1
4320,株式会社ＣＥホールディングス,www.ce-hd.co.jp,1
4323,日本システム技術株式会社,www.jast.jp,1
4324,株式会社電通グループ,www.group.dentsu.com,12
4326,株式会社インテージホールディングス,www.intageholdings.co.jp,4
4331,株式会社テイクアンドギヴ・ニーズ,www.tgn.co.jp,1
4334,株式会社ユークス,www.yukes.co.jp,1
4335,ＩＰＳホールディングス株式会社,ips.ne.jp,1
4337,ぴあ株式会社,w.pia.jp,1
4341,西菱電機株式会社,www.seiryodenki.co.jp,1
4343,株式会社イオンファンタジー,www.fantasy.co.jp,2
4344,ソースネクスト株式会社,sourcenext.co.jp,7
4346,株式会社ＮＥＸＹＺ．Ｇｒｏｕｐ,www.nexyzgroup.jp,1
4347,ブロードメディア株式会社,www.broadmedia.co.jp,1
4350,株式会社　メディカルシステムネットワーク,www.msnw.co.jp,1
4351,株式会社山田再生系債権回収総合事務所,www.yamada-servicer.co.jp,1
4356,応用技術株式会社,www.apptec.co.jp,1
4360,株式会社マナック・ケミカル・パートナーズ,www.mcps.co.jp,1
4361,川口化学工業株式会社,www.kawachem.co.jp,2
4362,日本精化株式会社,www.nipponseika.co.jp,1
4365,松本油脂製薬株式会社,www.mtmtys.co.jp,1
4367,広栄化学株式会社,www.koeichem.com,1
4368,扶桑化学工業株式会社,fusokk.co.jp,2
4369,株式会社　トリケミカル研究所,www.trichemical.com,1
436A,サイバーソリューションズ株式会社,www.cybersolutions.co.jp,2
4370,モビルス株式会社,mic-r.co.jp,1
4371,株式会社コアコンセプト・テクノロジー,www.cct-inc.co.jp,1
4372,ユミルリンク株式会社,www.ymir.co.jp,1
4373,シンプレクス・ホールディングス株式会社,www.simplex.holdings,2
4374,株式会社ＲＯＢＯＴ　ＰＡＹＭＥＮＴ,www.robotpayment.co.jp,1
4375,セーフィー株式会社,safie.co.jp,1
4376,株式会社くふうカンパニーホールディングス,kufu.co.jp,1
4377,株式会社ワンキャリア,www.hrpro.co.jp,1
4378,株式会社ＣＩＮＣ,www.cinc-j.co.jp,1
4379,株式会社Ｐｈｏｔｏｓｙｎｔｈ,photosynth.co.jp,1
4380,株式会社Ｍマート,www.m-mart.co.jp,1
4381,ビープラッツ株式会社,www.bplats.co.jp,1
4382,ＨＥＲＯＺ株式会社,heroz.co.jp,1
4384,ラクスル株式会社,corp.raksul.com,2
4385,株式会社メルカリ,about.mercari.com,3
4386,株式会社ＳＩＧグループ,www.sig-group.co.jp,1
4387,株式会社ＺＵＵ,zuu.co.jp,1
4388,株式会社エーアイ,www.ai-j.jp,4
4389,プロパティデータバンク株式会社,www.propertydbk.com,1
438A,株式会社インフキュリオン,infcurion.com,1
4390,株式会社アイ・ピー・エス,ipsism.co.jp,2
4391,ロジザード株式会社,www.logizard.co.jp,1
4392,ＦＩＧ株式会社,www.figinc.jp,1
4393,株式会社バンク・オブ・イノベーション,boi.jp,1
4394,株式会社エクスモーション,www.corporate.exmotion.co.jp,1
4395,株式会社アクリート,www.accrete-inc.com,1
4396,株式会社システムサポート,www.sts-hd.co.jp,1
4397,株式会社チームスピリット,corp.teamspirit.com,1
4398,株式会社ブロードバンドセキュリティ,www.bbsec.co.jp,2
4401,株式会社ＡＤＥＫＡ,www.adeka.co.jp,5
4403,日油株式会社,www.nof.co.jp,6
4404,ミヨシ油脂株式会社,www.miyoshi-yushi.co.jp,1
4406,新日本理化株式会社,www.nj-chem.co.jp,1
4409,東邦化学工業株式会社,toho-chem.co.jp,1
4410,ハリマ化成グループ株式会社,www.harima.co.jp,1
4412,株式会社サイエンスアーツ,science-arts.com,1
4413,株式会社ボードルア,www.baudroie.jp,2
4414,株式会社フレクト,www.flect.co.jp,1
4415,株式会社ブロードエンタープライズ,www.broad-e.co.jp,1
4416,株式会社Ｔｒｕｅ　Ｄａｔａ,www.truedata.co.jp,1
4417,グローバルセキュリティエキスパート株式会社,www.gsx.co.jp,1
4418,株式会社ＪＤＳＣ,jdsc.ai,1
4419,株式会社Ｆｉｎａｔｅｘｔホールディングス,hd.finatext.com,1
441A,ＮＥ株式会社,ne-inc.jp,1
4420,イーソル株式会社,www.esol.co.jp,1
4421,株式会社ディ・アイ・システム,di-system-ir.co.jp,2
4422,ＶＡＬＵＥＮＥＸ株式会社,www.valuenex.com,1
4424,株式会社Ａｍａｚｉａ,amazia.co.jp,1
4425,Ｋｕｄａｎ株式会社,japan.kudan.eu,1
4427,株式会社ＥｄｕＬａｂ,www.edulab-inc.com,1
4428,株式会社シノプス,www.sinops.jp,1
442A,クラシコ株式会社,classico.co.jp,1
4430,東海ソフト株式会社,www.tokai-soft.co.jp,1
4431,株式会社スマレジ,corp.smaregi.jp,3
4432,ウイングアーク１ｓｔ株式会社,corp.wingarc.com,2
4433,株式会社ヒト・コミュニケーションズ・ホールディングス,www.hitocom-hd.com,1
4434,株式会社サーバーワークス,www.serverworks.co.jp,1
4436,株式会社ミンカブ・ジ・インフォノイド,kmasterplus.pronexus.co.jp,1
4437,ｇｏｏｄｄａｙｓホールディングス株式会社,gooddays.jp,1
4438,株式会社Ｗｅｌｂｙ,welby.jp,1
4439,株式会社東名,www.toumei.co.jp,2
4440,株式会社ヴィッツ,www.witz-inc.co.jp,1
4441,トビラシステムズ株式会社,tobila.com,1
4442,バルテス・ホールディングス株式会社,service.valtes.co.jp,4
4443,Ｓａｎｓａｎ株式会社,jp.corp-sansan.com,1
4444,株式会社インフォネット,www.e-infonet.jp,1
4445,リビン・テクノロジーズ株式会社,www.lvn.co.jp,1
4446,Ｌｉｎｋ－Ｕグループ株式会社,link-u.group,1
4447,株式会社ピー・ビーシステムズ,www.pbsystems.co.jp,1
4448,株式会社ｋｕｂｅｌｌ,www.kubell.com,4
4449,株式会社ギフティ,giftee.co.jp,3
4450,株式会社パワーソリューションズ,powersolutions.co.jp,1
4452,花王株式会社,www.kao.com,4
4461,第一工業製薬株式会社,www.dks-web.co.jp,1
4462,石原ケミカル株式会社,www.unicon.co.jp,1
4463,日華化学株式会社,www.nicca.co.jp,3
4464,株式会社ソフト９９コーポレーション,www.soft99.co.jp,2
4465,株式会社ニイタカ,www.niitaka.co.jp,3
446A,株式会社ノースサンド,pure.bond.edu.au,1
4471,三洋化成工業株式会社,www.sanyo-chemical.co.jp,3
4475,ＨＥＮＮＧＥ株式会社,hennge.com,1
4476,ＡＩ　ＣＲＯＳＳ株式会社,aicross.co.jp,1
4477,ＢＡＳＥ株式会社,binc.jp,1
4478,フリー株式会社,announce.freee.co.jp,1
4479,株式会社マクアケ,www.makuake.co.jp,1
4481,ベース株式会社,www.basenet.co.jp,1
4482,株式会社ウィルズ,www.wills-net.co.jp,1
4483,株式会社ＪＭＤＣ,www.jmdc.co.jp,2
4484,ランサーズ株式会社,www.lancers.co.jp,3
4486,ユナイトアンドグロウ株式会社,www.ug-inc.net,1
4487,株式会社スペースマーケット,spacemarket.co.jp,1
4488,ＡＩ　ｉｎｓｉｄｅ株式会社,inside.ai,1
4490,株式会社ビザスク,visasq.co.jp,1
4491,コンピューターマネージメント株式会社,www.cmknet.co.jp,1
4492,株式会社ゼネテック,pdf.irpocket.com,1
4493,株式会社サイバーセキュリティクラウド,www.cscloud.co.jp,1
4494,バリオセキュア株式会社,www.variosecure.net,1
4495,株式会社アイキューブドシステムズ,mic-r.co.jp,3
4496,株式会社コマースＯｎｅホールディングス,www.cm-one.jp,1
4498,サイバートラスト株式会社,www.cybertrust.co.jp,1
4499,株式会社Ｓｐｅｅｅ,speee.jp,1
4502,武田薬品工業株式会社,www.takeda.com,1
4503,アステラス製薬株式会社,www.astellas.com,11
4506,住友ファーマ株式会社,www.sumitomo-pharma.co.jp,12
4507,塩野義製薬株式会社,www.shionogi.com,7
4512,わかもと製薬株式会社,www.wakamoto-pharm.co.jp,12
4516,日本新薬株式会社,www.nippon-shinyaku.co.jp,4
4519,中外製薬株式会社,www.chugai-pharm.co.jp,7
4521,科研製薬株式会社,www.kaken.co.jp,4
4523,エーザイ株式会社,www.eisai.co.jp,6
4524,森下仁丹株式会社,www.jintan.co.jp,1
4526,理研ビタミン株式会社,www.rikenvitamin.jp,1
4527,ロート製薬株式会社,www.rohto.co.jp,1
4528,小野薬品工業株式会社,sustainability.ono-pharma.com,3
4531,有機合成薬品工業株式会社,www.yuki-gosei.co.jp,1
4534,持田製薬株式会社,www.mochida.co.jp,3
4536,参天製薬株式会社,www.santen.com,6
4538,扶桑薬品工業株式会社,www.fuso-pharm.co.jp,1
4539,日本ケミファ株式会社,www.chemiphar.co.jp,1
4540,株式会社ツムラ,www.tsumura.co.jp,4
4543,テルモ株式会社,www.terumo.co.jp,2
4544,Ｈ．Ｕ．グループホールディングス株式会社,www.hugp.com,3
4547,キッセイ薬品工業株式会社,www.kissei.co.jp,3
4548,生化学工業株式会社,www.seikagaku.co.jp,1
4549,栄研化学株式会社,www.eiken.co.jp,2
4552,ＪＣＲファーマ株式会社,www.jcrpharm.co.jp,1
4553,東和薬品株式会社,www.towayakuhin.co.jp,2
4554,富士製薬工業株式会社,www.fujipharma.jp,1
4558,株式会社中京医薬品,chukyoiyakuhin.co.jp,2
4559,ゼリア新薬工業株式会社,www.zeria.co.jp,1
4563,アンジェス株式会社,www.anges.co.jp,1
4565,ネクセラファーマ株式会社,www.nxera.life,2
4568,第一三共株式会社,www.daiichisankyo.co.jp,7
456A,ＨＵＭＡＮ　ＭＡＤＥ株式会社,humanmade.co.jp,1
4570,株式会社免疫生物研究所,www.ibl-japan.co.jp,1
4571,ＮＡＮＯホールディングス株式会社,www.nano-hd.com,1
4572,カルナバイオサイエンス株式会社,www.credenceresearch.com,1
4574,大幸薬品株式会社,www.seirogan.co.jp,1
4575,株式会社キャンバス,www.canbas.co.jp,1
4576,株式会社デ・ウエスタン・セラピテクス研究所,www.dwti.co.jp,1
4577,ダイト株式会社,www.daitonet.co.jp,2
4578,大塚ホールディングス株式会社,www.otsuka.com,8
4579,ラクオリア創薬株式会社,www.raqualia.com,1
4582,シンバイオ製薬株式会社,www.symbiopharma.com,1
4583,株式会社カイオム・バイオサイエンス,www.chiome.co.jp,1
4584,キッズウェル・バイオ株式会社,www.kidswellbio.com,1
4586,株式会社メドレックス,www.medrx.co.jp,3
4587,ペプチドリーム株式会社,www.peptidream.com,3
4588,オンコリスバイオファーマ株式会社,www.oncolys.com,1
4591,株式会社リボミック,www.ribomic.com,1
4592,サンバイオ株式会社,www.sanbio.com,1
4593,株式会社ヘリオス,www.healios.co.jp,2
4594,ブライトパス・バイオ株式会社,www.brightpathbio.com,1
4595,株式会社ミズホメディー,www.mizuho-m.co.jp,1
4596,窪田製薬ホールディングス株式会社,www.kubotaholdings.co.jp,2
4597,ソレイジア・ファーマ株式会社,www.solasia.co.jp,1
4598,ＤｅｌｔａーＦｌｙ　Ｐｈａｒｍａ株式会社,www.delta-flypharma.co.jp,1
4599,株式会社ステムリム,stemrim.com,1
460A,ＢＲＡＮＵ株式会社,branu.jp,1
4611,大日本塗料株式会社,www.dnt.co.jp,4
4612,日本ペイントホールディングス株式会社,www.nipponpaint-holdings.com,13
4613,関西ペイント株式会社,www.kansai.co.jp,6
4615,神東塗料株式会社,www.shintopaint.co.jp,1
4616,川上塗料株式会社,www.kawakami-paint.co.jp,2
4617,中国塗料株式会社,www.cmp.co.jp,2
4619,日本特殊塗料株式会社,www.nttoryo.co.jp,3
4620,藤倉化成株式会社,www.fkkasei.co.jp,1
4623,株式会社アサヒペン,www.asahipen.jp,1
4624,イサム塗料株式会社,www.isamu.co.jp,1
4625,アトミクス株式会社,www.atomix.co.jp,1
4626,太陽ホールディングス株式会社,www.taiyo-hd.co.jp,3
4627,ナトコ株式会社,www.natoco.co.jp,1
4628,エスケー化研株式会社,www.sk-kaken.co.jp,1
4629,大伸化学株式会社,www.daishin-chemical.co.jp,1
462A,株式会社ＦＵＮＤＩＮＮＯ,corp.fundinno.com,1
4631,ＤＩＣ株式会社,www.dic-global.com,3
4633,サカタインクス株式会社,www.inx.co.jp,1
4634,ａｒｔｉｅｎｃｅ株式会社,www.artiencegroup.com,1
4635,東京インキ株式会社,www.tokyoink.co.jp,2
463A,株式会社インテリックスホールディングス,www.intellex-hd.co.jp,1
4641,株式会社アルプス技研,www.alpsgiken.co.jp,2
4642,オリジナル設計株式会社,www.oec-solution.co.jp,1
4644,イマジニア株式会社,www.imagineer.co.jp,1
464A,株式会社ＱＰＳホールディングス,qpshd.com,1
4650,ＳＤエンターテイメント株式会社,www.sdentertainment.jp,1
4651,株式会社サニックスホールディングス,sanix.jp,1
4657,株式会社環境管理センター,www.kankyo-kanri.co.jp,1
4658,日本空調サービス株式会社,www.nikku.co.jp,1
4661,株式会社オリエンタルランド,www.olc.co.jp,6
4664,株式会社アール・エス・シー,www.trsc.co.jp,1
4665,株式会社ダスキン,www.duskin.co.jp,4
4666,パーク二四株式会社（定款上の商号　パーク２４株式会社）,www.park24.co.jp,2
4667,アイサンテクノロジー株式会社,aisan-corp.com,5
4668,株式会社明光ネットワークジャパン,www.meikonet.co.jp,1
4671,株式会社ファルコホールディングス,www.falco-hd.co.jp,1
4673,川崎地質株式会社,www.kge.co.jp,2
4674,株式会社クレスコ,www.cresco.co.jp,1
4676,株式会社フジ・メディア・ホールディングス,www.fujimediahd.co.jp,9
4678,株式会社　秀英予備校,www.shuei-yobiko.co.jp,1
4679,株式会社　田　谷,www.taya.co.jp,1
4680,株式会社ラウンドワン,www.round1-group.co.jp,3
4681,リゾートトラスト株式会社,www.resorttrust.co.jp,5
4685,株式会社菱友システムズ,www.ryoyu.co.jp,1
4686,株式会社ジャストシステム,www.justsystems.com,1
4687,ＴＤＣソフト株式会社,www.tdc.co.jp,2
4689,ＬＩＮＥヤフー株式会社,www.lycorp.co.jp,9
4691,ワシントンホテル株式会社,www.washingtonhotel.co.jp,2
4694,株式会社ビー・エム・エル,www.bml.co.jp,1
469A,株式会社フィットクルー,fitcrew.co.jp,1
4704,トレンドマイクロ株式会社,www.trendmicro.com,1
4705,株式会社クリップコーポレーション,www.clip-cor.co.jp,1
4707,株式会社キタック,kitac.co.jp,1
4709,株式会社ＩＤホールディングス,www.idnet-hd.co.jp,5
4712,株式会社ＫｅｙＨｏｌｄｅｒ,www.keyholder.co.jp,2
4716,日本オラクル株式会社,www.oracle.com,3
4718,株式会社早稲田アカデミー,www.waseda-ac.co.jp,1
4719,株式会社アルファシステムズ,www.alpha.co.jp,6
471A,ＮＳグループ株式会社,nsg-inc.co.jp,1
4722,フューチャー株式会社,www.future.co.jp,5
4725,株式会社ＣＡＣ　Ｈｏｌｄｉｎｇｓ,www.cac-holdings.com,2
4728,株式会社トーセ,www.tose.co.jp,2
472A,株式会社ミラティブ,www.mirrativ.co.jp,1
4732,株式会社ユー・エス・エス,www.iea.org,1
4733,株式会社オービックビジネスコンサルタント,corp.obc.co.jp,2
4735,株式会社京進,group.kyoshin.co.jp,1
4736,日本ラッド株式会社,www.nippon-rad.co.jp,1
4743,株式会社アイティフォー,ir.itfor.co.jp,1
4746,株式会社東計電算,www.toukei.co.jp,1
4750,株式会社ダイサン,www.daisan-g.co.jp,1
4751,株式会社サイバーエージェント,www.cyberagent.co.jp,1
4752,株式会社　昭和システムエンジニアリング,www.showa-sys-eng.co.jp,3
4754,株式会社トスネット,www.tosnet.co.jp,1
4755,楽天グループ株式会社,corp.rakuten.co.jp,4
475A,株式会社ギミック,www.gimic.co.jp,1
4760,株式会社アルファ,www.popalpha.co.jp,1
4761,株式会社さくらケーシーエス,www.kcs.co.jp,2
4763,株式会社クリーク・アンド・リバー社,www.cri.co.jp,1
4765,ＳＢＩグローバルアセットマネジメント株式会社,www.sbiglobalam.co.jp,1
4766,株式会社ピーエイ,www.pa-co-ltd.co.jp,1
4767,株式会社テー・オー・ダブリュー,tow.co.jp,1
4768,株式会社　大塚商会,www.otsuka-shokai.co.jp,4
4769,株式会社ＩＣ,www.ic-net.co.jp,1
4771,株式会社エフアンドエム,www.fmltd.co.jp,1
4776,サイボウズ株式会社,cybozu.co.jp,1
4777,株式会社ガーラ,www.gpotato.kr,1
477A,株式会社スタートライン,start-line.jp,1
4783,ＮＣＤ株式会社,www.ncd.co.jp,1
4784,ＧＭＯインターネット株式会社,internet.gmo,2
478A,株式会社フツパー,hutzper.com,1
4792,山田コンサルティンググループ株式会社,www.yamada-cg.co.jp,2
479A,ＰＲＯＮＩ株式会社,www.proni.co.jp,1
4800,オリコン株式会社,www.oricon.jp,1
4801,セントラルスポーツ株式会社,www.central.co.jp,1
4809,パラカ株式会社,www.paraca.co.jp,1
480A,株式会社リブ・コンサルティング,www.libcon.co.jp,1
4811,株式会社ドリーム・アーツ,www.dreamarts.co.jp,1
4812,株式会社電通総研,www.dentsusoken.com,4
4813,株式会社ＡＣＣＥＳＳ,www.access-company.com,3
4814,ネクストウェア株式会社,www.nextware.co.jp,1
4816,東映アニメーション株式会社,corp.toei-anim.co.jp,1
4819,株式会社デジタルガレージ,www.garage.co.jp,5
4820,株式会社イーエムシステムズ（商号　株式会社ＥＭシステムズ）,emsystems.co.jp,1
4825,株式会社ウェザーニューズ,jp.weathernews.com,5
4826,株式会社ＣＩＪ,www.cij.co.jp,1
4827,ビジネス・ワンホールディングス株式会社,www.businessone-hd.com,1
4828,ビジネスエンジニアリング株式会社,www.b-en-g.co.jp,2
4829,日本エンタープライズ株式会社,www.nihon-e.co.jp,1
4832,ＪＦＥシステムズ株式会社,www.jfe-systems.com,1
4833,株式会社Ｄｅｆ　ｃｏｎｓｕｌｔｉｎｇ,def-consulting.co.jp,1
4838,スペースシャワーＳＫＩＹＡＫＩホールディングス株式会社,sssk-hd.com,2
4839,株式会社ＷＯＷＯＷ,corporate.wowow.co.jp,3
483A,テラテクノロジー株式会社,www.teratech.co.jp,1
4840,株式会社トライアイズ,www.triis.co.jp,1
4845,株式会社スカラ,scalagrp.jp,5
4847,株式会社インテリジェント　ウェイブ,www.iwi.co.jp,1
4848,株式会社フルキャストホールディングス,www.fullcastholdings.co.jp,3
4849,エン株式会社,corp.en-japan.com,1
485A,株式会社パワーエックス,my.idc.com,1
4880,セルソース株式会社,www.cellsource.co.jp,1
4881,株式会社ファンペップ,www.aad.org,1
4882,株式会社ペルセウスプロテオミクス,pharma.all.nikkeibp.co.jp,2
4883,株式会社モダリス,www.modalistx.com,1
4884,クリングルファーマ株式会社,www.kringle-pharma.com,1
4885,室町ケミカル株式会社,www.muro-chem.co.jp,1
4886,あすか製薬ホールディングス株式会社,www.aska-pharma-hd.co.jp,10
4887,サワイグループホールディングス株式会社,www.sawaigroup.holdings,3
4888,ステラファーマ株式会社,stella-pharma.co.jp,1
4889,株式会社レナサイエンス,www.xprize.org,3
4890,株式会社坪田ラボ,tsubota-lab.com,1
4891,㈱ティムス,www.tms-japan.co.jp,1
4892,株式会社サイフューズ,www.cyfusebio.com,1
4893,ノイルイミューン・バイオテック株式会社,www.biorxiv.org,1
4894,クオリプス株式会社,onlinelibrary.wiley.com,1
4896,株式会社ケイファーマ,www.kpharma.co.jp,1
4901,富士フイルムホールディングス株式会社,holdings.fujifilm.com,3
4902,コニカミノルタ株式会社,konicaminolta.jp,1
4911,株式会社資生堂,corp.shiseido.com,14
4912,ライオン株式会社,www.lion.co.jp,3
4914,高砂香料工業株式会社,www.takasago.com,1
4918,株式会社アイビー化粧品,www.ivy.co.jp,1
4919,株式会社ミルボン,www.milbon.com,2
4920,株式会社日本色材工業研究所,shikizai.com,2
4922,株式会社コーセーホールディングス,koseholdings.co.jp,6
4923,コタ株式会社,www.cota.co.jp,3
4925,株式会社ハーバー研究所,haba-lab.jp,1
4926,株式会社シーボン,www.cbon.co.jp,2
4927,株式会社ポーラ・オルビスホールディングス,www.po-holdings.co.jp,4
4928,株式会社ノエビアホールディングス,www.noevirholdings.co.jp,3
4929,株式会社アジュバンホールディングス,www.adjuvant-hd.co.jp,1
4931,新日本製薬株式会社,corporate.shinnihonseiyaku.co.jp,2
4932,株式会社アルマード,www.almado.co.jp,1
4933,株式会社Ｉ－ｎｅ,i-ne.co.jp,3
4934,プレミアアンチエイジング株式会社,www.p-antiaging.co.jp,3
4935,株式会社リベルタ,liberta-j.co.jp,1
4936,株式会社アクシージア,axxzia.co.jp,1
4937,株式会社Ｗａｑｏｏ,waqoo.jp,1
4951,エステー株式会社,www.st-c.co.jp,2
4956,コニシ株式会社,www.bond.co.jp,2
4958,長谷川香料株式会社,www.t-hasegawa.co.jp,2
4960,ケミプロ化成株式会社,www.chemipro.co.jp,1
4966,上村工業株式会社,www.uyemura.co.jp,1
4967,小林製薬株式会社,www.kobayashi.co.jp,1
4968,荒川化学工業株式会社,www.arakawachem.co.jp,8
4970,東洋合成工業株式会社,www.toyogosei.co.jp,2
4971,メック株式会社,www.mec-co.com,3
4972,綜研化学株式会社,www.sokenchem.com,1
4973,日本高純度化学株式会社,www.netjpc.com,3
4975,株式会社ＪＣＵ,www.jcu-i.com,1
4976,東洋ドライルーブ株式会社,www.drilube.co.jp,1
4977,新田ゼラチン株式会社,www.nitta-gelatin.co.jp,1
4978,株式会社リプロセル,reprocell.co.jp,1
4979,ＯＡＴアグリオ株式会社,www.oat-agrio.co.jp,1
4980,デクセリアルズ株式会社,www.dexerials.jp,1
4985,アース製薬株式会社,corp.earth.jp,4
4990,昭和化学工業株式会社,www.showa-chemical.co.jp,1
4992,北興化学工業株式会社,www.hokkochem.co.jp,1
4994,大成ラミックグループ株式会社,www.lamick.co.jp,1
4995,サンケイ化学株式会社,www.sankei-chem.com,1
4996,クミアイ化学工業株式会社,www.kumiai-chem.co.jp,3
4997,日本農薬株式会社,www.nichino.co.jp,1
4998,フマキラー株式会社,www.fumakilla.co.jp,1
500A,株式会社ＴＯブックス,www.tobooks.jp,1
5011,ニチレキグループ株式会社,www.nichireki.co.jp,1
5013,株式会社ユシロ,www.yushiro.co.jp,2
5016,ＪＸ金属株式会社,www.jx-nmm.com,3
5018,株式会社ＭＯＲＥＳＣＯ,www.moresco.co.jp,1
5019,出光興産株式会社,www.idemitsu.com,1
5020,ＥＮＥＯＳホールディングス株式会社,www.hd.eneos.co.jp,7
5021,コスモエネルギーホールディングス株式会社,www.cosmo-energy.co.jp,3
5025,株式会社マーキュリー,mcury.jp,1
5026,株式会社トリプルアイズ,www.3-ize.jp,1
5027,ＡｎｙＭｉｎｄ　Ｇｒｏｕｐ株式会社,anymindgroup.com,4
5028,セカンドサイトアナリティカ株式会社,www.sxi.co.jp,1
5029,サークレイス株式会社,www.circlace.com,1
5031,モイ株式会社,about.moi.st,1
5032,ＡＮＹＣＯＬＯＲ株式会社,www.anycolor.co.jp,1
5033,株式会社ヌーラボ,nulab.com,3
5034,株式会社ｕｎｅｒｒｙ,www.unerry.co.jp,1
5035,ＨＯＵＳＥＩ株式会社,www.housei-inc.com,1
5036,日本ビジネスシステムズ株式会社,www.jbs.co.jp,1
5038,株式会社ｅＷｅＬＬ,www.ewell.co.jp,1
5039,株式会社キットアライブ,www.kitalive.co.jp,1
504A,イノバセル株式会社,doi.org,1
505A,株式会社ギークリー,corp.geekly.co.jp,1
5071,株式会社ヴィス,vis-produce.com,1
5074,テスホールディングス株式会社,www.tess-hd.co.jp,4
5075,アップコン株式会社,www.upcon.co.jp,1
5076,インフロニア・ホールディングス株式会社,www.infroneer.com,3
5078,株式会社セレコーポレーション,www.cel-co.com,1
5079,株式会社ノバック,www.novac-cnst.co.jp,1
5101,横浜ゴム株式会社,www.y-yokohama.com,1
5105,ＴＯＹＯ　ＴＩＲＥ株式会社,www.toyotires.co.jp,3
5108,株式会社ブリヂストン,www.bridgestone.co.jp,1
5110,住友ゴム工業株式会社,www.srigroup.co.jp,7
5121,藤倉コンポジット株式会社,www.fujikuracomposites.jp,1
5122,オカモト株式会社,www.okamoto-inc.jp,1
5125,株式会社ファインズ,e-tenki.co.jp,1
5126,ポーターズ株式会社,www.porters.jp,1
5129,株式会社ＦＩＸＥＲ,fixer.co.jp,1
5131,リンカーズ株式会社,corp.linkers.net,1
5132,株式会社ｐｌｕｓｚｅｒｏ,plus-zero.co.jp,1
5133,株式会社テリロジーホールディングス,www.terilogy-hd.com,1
5134,株式会社ＰＯＰＥＲ,poper.co,1
5136,ｔｒｉｐｌａ株式会社,tripla.io,1
5137,株式会社スマートドライブ,smartdrive.co.jp,1
5138,株式会社Ｒｅｂａｓｅ,sharing-economy.jp,1
5139,オープンワーク株式会社,www.openwork.co.jp,2
5142,アキレス株式会社,www.achilles.jp,1
5161,西川ゴム工業株式会社,www.nishikawa-rbr.co.jp,4
5162,株式会社朝日ラバー,www.asahi-rubber.co.jp,2
5184,株式会社ニチリン,www.nichirin.co.jp,2
5185,株式会社フコク,www.fukoku-rubber.co.jp,3
5186,ニッタ株式会社,www.nittagroup.com,1
5187,クリエートメディック株式会社,www.createmedic.co.jp,2
5189,櫻護謨株式会社,www.sakura-rubber.co.jp,1
5192,三ツ星ベルト株式会社,www.mitsuboshi.com,2
5194,相模ゴム工業株式会社,sagami-gomu.co.jp,1
5195,バンドー化学株式会社,www.bandogrp.com,2
5199,不二ラテックス株式会社,www.fujilatex.co.jp,1
519A,株式会社ベーシック,basicinc.jp,1
5201,ＡＧＣ株式会社,www.agc.com,4
5202,日本板硝子株式会社,www.nsg.co.jp,1
5204,石塚硝子株式会社,www.ishizuka.co.jp,4
5208,株式会社有沢製作所,www.arisawa.co.jp,1
520A,ジェイファーマ株式会社,creativecommons.org,4
5210,日本山村硝子株式会社,www.yamamura.co.jp,4
5214,日本電気硝子株式会社,www.neg.co.jp,4
5216,株式会社倉元製作所,www.kuramoto.co.jp,1
5218,株式会社オハラ,www.ohara-inc.co.jp,3
5232,住友大阪セメント株式会社,www.soc.co.jp,1
5233,太平洋セメント株式会社,www.taiheiyo-cement.co.jp,1
5237,株式会社ノザワ,www.nozawa-kobe.co.jp,2
523A,株式会社セイワホールディングス,seiwaholdings.co.jp,2
5240,ｍｏｎｏＡＩ　ｔｅｃｈｎｏｌｏｇｙ株式会社,monoai.co.jp,1
5241,株式会社日本オーエー研究所,www.noar.co.jp,1
5242,株式会社アイズ,www.eyez.jp,1
5243,ｎｏｔｅ株式会社,note.com,1
5244,株式会社ｊｉｇ．ｊｐ,jig.jp,1
5246,株式会社ＥＬＥＭＥＮＴＳ,elementsinc.jp,1
5247,株式会社ＢＴＭ,www.b-tm.co.jp,1
5248,株式会社テクノロジーズ,www.itr.co.jp,2
5250,プライム・ストラテジー株式会社,www.prime-strategy.co.jp,1
5252,日本ナレッジ株式会社,www.know-net.co.jp,1
5253,カバー株式会社,cover-corp.com,2
5254,株式会社Ａｒｅｎｔ,arent.co.jp,1
5255,株式会社モンスターラボ,monstar-lab.com,1
5256,株式会社Ｆｕｓｉｃ,fusic.co.jp,1
5257,ノバシステム株式会社,www.nova-system.com,1
5258,株式会社トランザクション・メディア・ネットワークス,www.tm-nets.com,1
5259,ＢＢＤイニシアティブ株式会社,bbdi.co.jp,1
5261,リソルホールディングス株式会社,www.resol.jp,2
5262,日本ヒューム株式会社,www.nipponhume.co.jp,1
5268,旭コンクリート工業株式会社,www.asahi-concrete.co.jp,3
5269,日本コンクリート工業株式会社,www.ncic.co.jp,1
5271,株式会社トーヨーアサノ,www.toyoasano.co.jp,1
5273,三谷セキサン株式会社,www.m-sekisan.co.jp,3
5279,日本興業株式会社,www.nihon-kogyo.co.jp,1
5280,ヨシコン株式会社,www.yoshicon.co.jp,1
5282,ジオスター株式会社,www.geostr.co.jp,1
5283,株式会社高見澤,www.kk-takamisawa.co.jp,2
5285,株式会社ヤマックス,www.yamax.co.jp,1
5287,株式会社イトーヨーギョー,itoyogyo.co.jp,2
5288,アジアパイルホールディングス株式会社,www.asiapile-hd.com,1
5290,株式会社ベルテクスコーポレーション,www.vertex-grp.co.jp,1
5301,東海カーボン株式会社,www.tokaicarbon.co.jp,1
5302,日本カーボン株式会社,www.carbon.co.jp,1
5304,ＳＥＣカーボン株式会社,sec-carbon.com,1
5310,東洋炭素株式会社,www.toyotanso.co.jp,2
5331,ノリタケ株式会社,www.noritake.co.jp,1
5332,ＴＯＴＯ株式会社,jp.toto.com,1
5333,ＮＧＫ株式会社,www.ngk.co.jp,8
5334,日本特殊陶業株式会社,www.niterragroup.com,2
5337,ダントーホールディングス株式会社,www.danto.co.jp,1
5341,ＡＳＡＨＩ　ＥＩＴＯホールディングス株式会社,www.asahieito-holdings.co.jp,1
5342,ジャニス工業株式会社,www.janis-kogyo.co.jp,2
5343,ニッコー株式会社,www.nikko-company.co.jp,1
5344,株式会社ＭＡＲＵＷＡ,www.maruwa-g.com,1
5351,品川リフラ株式会社,www.shinagawa.co.jp,5
5355,日本坩堝株式会社,www.rutsubo.com,2
5356,美濃窯業株式会社,www.mino-ceramic.co.jp,1
5357,株式会社　ヨータイ,www.yotai.co.jp,3
5363,東京窯業株式会社,www.tyk.co.jp,1
5367,株式会社ニッカトー,nikkato.co.jp,1
5368,日本インシュレーション株式会社,x.gd,1
5380,新東株式会社,www.shintokawara.co.jp,1
5384,株式会社フジミインコーポレーテッド,www.fujimiinc.co.jp,3
5386,株式会社鶴弥,www.try110.com,1
5388,クニミネ工業株式会社,www.kunimine.co.jp,2
5391,株式会社エーアンドエーマテリアル,aamportal.sharepoint.com,23
5393,ニチアス株式会社,www.nichias.co.jp,1
5401,日本製鉄株式会社,www.nipponsteel.com,3
5406,株式会社　神戸製鋼所,www.kobelco.co.jp,2
5408,株式会社中山製鋼所,www.nakayama-,1
5410,合同製鐵株式会社,www.godo-steel.co.jp,2
5411,ＪＦＥホールディングス株式会社,www.jfe-holdings.co.jp,2
5423,東京製鐵株式会社,www.tokyosteel.co.jp,1
543A,ＡＲＣＨＩＯＮ株式会社,www.yamato-hd.co.jp,1
5440,共英製鋼株式会社,www.kyoeisteel.co.jp,3
5444,大和工業株式会社,www.yamatokogyo.co.jp,1
5445,東京鐵鋼株式会社,www.tokyotekko.co.jp,1
5446,北越メタル株式会社,www.hokume.co.jp,1
5449,大阪製鐵株式会社,www.osaka-seitetu.co.jp,1
5451,株式会社ヨドコウ,www.yodoko.co.jp,6
5458,高砂鐵工株式会社,www.takasago-t.co.jp,1
5461,中部鋼鈑株式会社,www.chubukohan.co.jp,1
5463,丸一鋼管株式会社,www.maruichikokan.co.jp,1
5464,モリ工業株式会社,www.mory.co.jp,1
5471,大同特殊鋼株式会社,www.daido.co.jp,3
5480,日本冶金工業株式会社,www.nyk.co.jp,4
5482,愛知製鋼株式会社,www.aichi-steel.co.jp,2
5484,東北特殊鋼株式会社,www.tohokusteel.com,1
548A,株式会社システムエグゼ,www.system-exe.co.jp,1
5491,日本金属株式会社,www.nipponkinzoku.co.jp,2
549A,ヒトトヒトホールディングス株式会社,hitotohito-hd.co.jp,1
550A,株式会社ソフトテックス,www.softtex.co.jp,1
5527,株式会社ｐｒｏｐｅｒｔｙ　ｔｅｃｈｎｏｌｏｇｉｅｓ,pptc.co.jp,1
5530,日本システムバンク株式会社,www.syb.co.jp,1
5532,株式会社リアルゲイト,www.nli-research.co.jp,1
5533,株式会社エリッツホールディングス,www.elitz-holdings.co.jp,1
5535,ミガロホールディングス株式会社,www.propertyagent.co.jp,1
5537,株式会社ＡｌｂａＬｉｎｋ,albalink.co.jp,2
5541,大平洋金属株式会社,www.pacific-metals.co.jp,1
5542,新報国マテリアル株式会社,www.shst.co.jp,1
554A,株式会社バトンズ,batonz.jp,1
5563,新日本電工株式会社,recruit.nippondenko.co.jp,1
556A,犬猫生活株式会社,corp.inuneko-seikatsu.co.jp,1
5570,株式会社ジェノバ,www.jenoba.jp,1
5571,エキサイトホールディングス株式会社,ad.excite.co.jp,1
5572,株式会社Ｒｉｄｇｅ－ｉ,www.ridge-i.com,1
5574,株式会社ＡＢＥＪＡ,abejainc.com,1
5575,株式会社Ｇｌｏｂｅｅ,www.globee.io,1
5576,株式会社オービーシステム,www.obs.co.jp,1
5578,ＡＲアドバンストテクノロジ株式会社,ari-jp.com,1
5579,株式会社ＧＳＩ,glue-si.com,1
5580,株式会社プロディライト,prodelight.co.jp,1
5582,株式会社グリッド,gridpredict.jp,1
5586,株式会社Ｌａｂｏｒｏ．ＡＩ,laboro.ai,1
5587,株式会社インバウンドプラットフォーム,www.inbound-platform.com,1
5588,ファーストアカウンティング株式会社,www.fastaccounting.jp,1
5589,株式会社オートサーバー,www.autoserver.co.jp,1
5590,株式会社ネットスターズ,www.netstars.co.jp,1
5591,株式会社ＡＶＩＬＥＮ,corp.avilen.co.jp,1
5592,株式会社くすりの窓口,kusurinomadoguchi.co.jp,1
5597,ブルーイノベーション株式会社,www.blue-i.co.jp,1
5599,Ｓ＆Ｊ株式会社,www.sandj.co.jp,1
5602,株式会社栗本鐵工所,corp.kurimoto.co.jp,1
5603,虹技株式会社,www.kogi.co.jp,1
5607,中央可鍛工業株式会社,www.chuokatan.co.jp,1
5609,日本鋳造株式会社,www.nipponchuzo.co.jp,1
5612,日本鋳鉄管株式会社,www.nichu.co.jp,1
5616,株式会社雨風太陽,ame-kaze-taiyo.jp,1
5618,ナイル株式会社,nyle.co.jp,1
5619,マーソ株式会社,www.mrso.co.jp,2
5621,株式会社ヒューマンテクノロジーズ,www.h-t.co.jp,1
5631,株式会社日本製鋼所,www.jsw.co.jp,6
5632,三菱製鋼株式会社,www.mitsubishisteel.co.jp,4
5644,株式会社メタルアート,www.metalart.co.jp,1
5658,日亜鋼業株式会社,www.nichiasteel.co.jp,1
5659,日本精線株式会社,www.n-seisen.co.jp,2
5660,神鋼鋼線工業株式会社,www.shinko-wire.co.jp,6
5695,パウダーテック株式会社,www.powdertech.co.jp,1
5697,株式会社サンユウ,www.sanyu-cfs.co.jp,1
5698,株式会社エンビプロ・ホールディングス,www.envipro.jp,1
5699,株式会社イボキン,www.ibokin.co.jp,1
5702,株式会社大紀アルミニウム工業所,www.dik-net.com,1
5703,日本軽金属ホールディングス株式会社,www.nikkeikinholdings.co.jp,3
5704,株式会社ＪＭＣ,www.jmc-rp.co.jp,1
5706,三井金属株式会社,www.mitsui-kinzoku.com,5
5707,東邦亜鉛株式会社,www.toho-zinc.co.jp,2
5711,三菱マテリアル株式会社,ir.mmc.co.jp,3
5713,住友金属鉱山株式会社,www.smm.co.jp,1
5714,ＤＯＷＡホールディングス株式会社,hd.dowa.co.jp,8
5715,古河機械金属株式会社,www.furukawakk.co.jp,7
5721,エスクリプトエナジー株式会社,www.s-science.jp,1
5724,株式会社アサカ理研,www.asaka.co.jp,1
5726,株式会社大阪チタニウムテクノロジーズ,www.osaka-ti.co.jp,1
5729,日本精鉱株式会社,www.nihonseiko.co.jp,1
5741,株式会社ＵＡＣＪ,www.uacj.co.jp,3
5742,エヌアイシ・オートテック株式会社,www.nic-inc.co.jp,1
5753,日本伸銅株式会社,www.nippon-shindo.co.jp,1
5757,株式会社ＣＫサンエツ,www.cksanetu.co.jp,2
5802,住友電気工業株式会社,sumitomoelectric.com,7
5803,株式会社フジクラ,www.fujikura.co.jp,1
5805,ＳＷＣＣ株式会社,www.swcc.co.jp,2
5816,オーナンバ株式会社,www.onamba.co.jp,1
5817,ＪＭＡＣＳ株式会社,www.jmacs-j.co.jp,1
5819,カナレ電気株式会社,www.aspir.co.jp,1
581A,ＧＯ株式会社,goinc.jp,1
5820,株式会社三ッ星,www.kk-mitsuboshi.co.jp,3
5821,平河ヒューテック株式会社,www.hewtech.co.jp,1
5830,株式会社いよぎんホールディングス,www.iyogin-hd.co.jp,3
5831,株式会社しずおかフィナンシャルグループ,www.shizuoka-fg.co.jp,5
5832,株式会社ちゅうぎんフィナンシャルグループ,www.chugin-fg.co.jp,3
5834,ＳＢＩリーシングサービス株式会社,www.sbils.co.jp,1
5838,楽天銀行株式会社,www.rakuten-bank.co.jp,3
5842,インテグラル株式会社,www.integralkk.com,2
5843,ニッポンインシュア株式会社,www.nipponinsure.jp,1
5844,株式会社京都フィナンシャルグループ,www.kyoto-fg.co.jp,5
5845,全保連株式会社,www.zenhoren.jp,1
5851,リョービ株式会社,www.ryobi-group.co.jp,1
5852,株式会社アーレスティ,www.ahresty.co.jp,1
5857,ＡＲＥホールディングス株式会社,www.are-holdings.com,3
5858,株式会社ＳＴＧ,www.stgroup.jp,1
5868,株式会社ロココ,www.rococo.co.jp,1
5869,株式会社早稲田学習研究会,www.wasedazemi.com,1
5870,株式会社ナルネットコミュニケーションズ,www.nal-mt.co.jp,1
5871,ＳＯＬＩＺＥ　Ｈｏｌｄｉｎｇｓ株式会社,www.solize.com,1
5884,株式会社クラダシ,corp.kuradashi.jp,2
5885,株式会社ジーデップ・アドバンス,info.gdep.co.jp,1
5888,ＤＡＩＷＡ　ＣＹＣＬＥ株式会社,www.daiwa-cycle.co.jp,1
5889,Ｊａｐａｎ　Ｅｙｅｗｅａｒ　Ｈｏｌｄｉｎｇｓ株式会社,www.japan-eyewear-holdings.co.jp,2
5891,株式会社魁力屋,corp.kairikiya.co.jp,1
5892,株式会社ｙｕｔｏｒｉ,yutori.tokyo,1
5900,株式会社ダイケン,www.daiken.ne.jp,1
5901,東洋製罐グループホールディングス株式会社,www.tskg-hd.com,12
5902,ホッカンホールディングス株式会社,hokkanholdings.co.jp,1
5903,シンポ株式会社,shinpo.jp,1
5905,日本製罐株式会社,www.nihonseikan.co.jp,1
5906,エムケー精工株式会社,www.mkseiko.co.jp,1
5909,株式会社　コロナ,www.corona.co.jp,1
5911,株式会社横河ブリッジホールディングス,www.ybhd.co.jp,3
5915,株式会社駒井ハルテック,www.komaihaltec.co.jp,1
5918,瀧上工業株式会社,www.takigami.co.jp,1
5921,川岸工業株式会社,www.kawagishi.co.jp,1
5922,那須電機鉄工株式会社,www.nasudenki.co.jp,1
5923,高田機工株式会社,www.takadakiko.com,1
5928,アルメタックス株式会社,www.almetax.co.jp,1
5929,三和ホールディングス株式会社,www.sanwa-hldgs.co.jp,2
5930,文化シヤッター株式会社,www.bunka-s.co.jp,8
5932,三協立山株式会社,www.st-grp.co.jp,1
5933,アルインコ株式会社,alinco.co.jp,1
5936,東洋シヤッター株式会社,www.toyo-shutter.co.jp,1
5938,株式会社ＬＩＸＩＬ,www.lixil.com,1
5939,株式会社大谷工業,www.otanikogyo.com,1
5940,不二サッシ株式会社,www.fujisash.co.jp,2
5941,株式会社　中西製作所,www.nakanishi.co.jp,3
5942,日本フイルコン株式会社,www.filcon.co.jp,1
5943,株式会社ノーリツ,www.noritz.co.jp,3
5945,天龍製鋸株式会社,www.tenryu-saw.com,1
5946,株式会社長府製作所,www.chofu.co.jp,3
5947,リンナイ株式会社,www.rinnai.co.jp,1
5949,ユニプレス株式会社,www.unipres.co.jp,3
5951,ダイニチ工業株式会社,www.dainichi-net.co.jp,1
5952,アマテイ株式会社,www.amatei.co.jp,1
5953,昭和鉄工株式会社,www.showa.co.jp,1
5955,株式会社ワイズホールディングス,wiseholdings.co.jp,1
5956,トーソー株式会社,www.toso.co.jp,2
5957,日東精工株式会社,www.nittoseiko.co.jp,2
5958,三洋工業株式会社,www.sanyo-industries.co.jp,2
5959,岡部株式会社,www.okabe.co.jp,5
5962,浅香工業株式会社,www.asaka-ind.co.jp,1
5965,株式会社フジマック,www.fujimak.co.jp,1
5966,京都機械工具株式会社,ktc.co.jp,2
5967,ＴＯＮＥ株式会社,www.tonetool.co.jp,1
5969,株式会社ロブテックス,www.lobtex.co.jp,1
5970,株式会社ジーテクト,www.g-tekt.jp,2
5971,株式会社共和工業所,www.kyowakogyosyo.co.jp,1
5973,株式会社トーアミ,www.toami.co.jp,3
5974,中国工業株式会社,www.ckk-chugoku.co.jp,1
5975,東プレ株式会社,www.topre.co.jp,2
5976,高周波熱錬株式会社,www.k-neturen.co.jp,1
5979,カネソウ株式会社,www.kaneso.co.jp,1
5981,東京製綱株式会社,www.tokyorope.co.jp,2
5982,株式会社マルゼン,www.maruzen-kitchen.co.jp,1
5984,兼房株式会社,www.kanefusa.co.jp,1
5985,サンコール株式会社,www.suncall.co.jp,1
5987,株式会社オーネックス,www.onex.jp,1
5988,株式会社パイオラックス,www.piolax.co.jp,3
5989,株式会社エイチワン,www.h1-co.jp,3
5990,株式会社スーパーツール,www.supertool.co.jp,1
5991,日本発條株式会社,www.nhkspg.co.jp,2
5992,中央発條株式会社,www.chkk.co.jp,1
5994,株式会社ファインシンター,www.fine-sinter.com,2
5998,株式会社　アドバネクス,www.advanex.co.jp,1
6005,三浦工業株式会社,www.miuraz.co.jp,2
6013,株式会社タクマ,www.takuma.co.jp,1
6016,株式会社ジャパンエンジンコーポレーション,www.j-eng.co.jp,1
6018,阪神内燃機工業株式会社,www.hanshin-dw.co.jp,1
6022,株式会社　赤阪鐵工所,www.akasaka-diesel.jp,1
6025,日本ＰＣサービス株式会社,www.j-pcs.jp,1
6027,弁護士ドットコム株式会社,www.bengo4.com,1
6028,テクノプロ・ホールディングス株式会社,www.technoproholdings.com,2
6029,アトラグループ株式会社,www.artra-group.co.jp,1
6030,株式会社アドベンチャー,jp.adventurekk.com,2
6031,ＺＥＴＡ株式会社,www.zeta.inc,1
6033,株式会社エクストリーム,www.e-xtreme.co.jp,1
6034,ＭＲＴ株式会社,medrt.co.jp,1
6035,株式会社アイ・アールジャパンホールディングス,www.irjapan.jp,1
6036,ＫｅｅＰｅｒ技研株式会社,keepergiken.co.jp,1
6037,楽待株式会社,rakumachi.co.jp,1
6038,株式会社イード,www.iid.co.jp,1
6039,株式会社日本動物高度医療センター,www.jarmec.co.jp,1
603A,株式会社アイ・グリッド・ソリューションズ,igrid.co.jp,2
6040,日本スキー場開発株式会社,www.nippon-ski.jp,1
6042,株式会社ニッキ,www.nikkinet.co.jp,4
6044,株式会社三機サービス,www.sanki-s.co.jp,1
6045,株式会社レントラックス,www.rentracks.co.jp,1
6046,株式会社リンクバル,linkbal.co.jp,1
6047,株式会社Ｇｕｎｏｓｙ,gunosy.co.jp,1
6049,株式会社イトクロ,www.itokuro.jp,1
6050,イー・ガーディアン株式会社,kmasterplus.pronexus.co.jp,1
6054,株式会社リブセンス,www.livesense.co.jp,1
6055,ジャパンマテリアル株式会社,www.j-materials.jp,1
6061,株式会社ユニバーサル園芸社,uni-green.co.jp,1
6062,株式会社チャーム・ケア・コーポレーション,www.charmcc.jp,1
6063,日本エマージェンシーアシスタンス株式会社,www.emergency.co.jp,1
6069,トレンダーズ株式会社,www.trenders.co.jp,1
6070,キャリアリンク株式会社,ir.careerlink.co.jp,1
6071,株式会社ＩＢＪ,www.ibjapan.jp,1
6072,地盤ネットホールディングス株式会社,jiban-holdings.jp,1
6073,株式会社アサンテ,www.asante.co.jp,1
6074,株式会社ジェイエスエス,www.jss-group.co.jp,1
6078,株式会社バリューＨＲ,www.valuehr.com,2
6080,Ｍ＆Ａキャピタルパートナーズ株式会社,www.ma-cp.com,1
6081,アライドアーキテクツ株式会社,www.aainc.co.jp,1
6082,株式会社ライドオンエクスプレスホールディングス,www.rideonexpresshd.co.jp,1
6083,ＥＲＩホールディングス株式会社,www.h-eri.co.jp,1
6086,シンメンテホールディングス株式会社,www.shin-pro.com,1
6087,株式会社アビスト,www.abist.co.jp,1
6088,株式会社シグマクシス・ホールディングス,www.sigmaxyz.com,1
6089,株式会社ウィルグループ,willgroup.co.jp,5
6090,ヒューマン・メタボローム・テクノロジーズ株式会社,humanmetabolome.com,1
6092,株式会社エンバイオ・ホールディングス,enbio-holdings.com,1
6093,株式会社エスクロー・エージェント・ジャパン,www.ea-j.jp,1
6094,株式会社フリークアウト・ホールディングス,www.fout.co.jp,1
6096,株式会社レアジョブ,www.rarejob.co.jp,3
6098,株式会社リクルートホールディングス,recruit-holdings.com,9
6099,株式会社エラン,www.kkelan.com,1
6101,株式会社ツガミ,www.tsugami.co.jp,3
6103,オークマ株式会社,www.okuma.co.jp,1
6104,芝浦機械株式会社,www.shibaura-machine.co.jp,1
6111,旭精機工業株式会社,www.asahiseiki-mfg.co.jp,1
6113,株式会社アマダ,www.amada.co.jp,4
6118,アイダエンジニアリング株式会社,www.aida.co.jp,1
6125,株式会社岡本工作機械製作所,www.okamoto.co.jp,1
6134,株式会社ＦＵＪＩ,www.fuji.co.jp,1
6135,株式会社　牧野フライス製作所,www.makino.co.jp,1
6136,オーエスジー株式会社,www.osg.co.jp,1
6137,小池酸素工業株式会社,koike-japan.com,1
6138,ダイジェット工業株式会社,www.dijet.co.jp,1
6140,旭ダイヤモンド工業株式会社,www.asahidia.co.jp,1
6141,ＤＭＧ森精機株式会社,www.dmgmori.co.jp,2
6142,富士精工株式会社,www.c-max.co.jp,1
6143,株式会社ソディック,www.sodick.co.jp,2
6144,西部電機株式会社,www.seibudenki.co.jp,1
6145,ＮＩＴＴＯＫＵ株式会社,nittoku.co.jp,1
6146,株式会社ディスコ,www.disco.co.jp,1
6147,株式会社ヤマザキ,www.yamazaki-iron.co.jp,1
6149,株式会社小田原エンジニアリング,odawara-eng.co.jp,1
6150,タケダ機械株式会社,takeda-mc.premium-yutaiclub.jp,1
6151,日東工器株式会社,www.nitto-kohki.co.jp,17
6155,高松機械工業株式会社,www.takamaz.co.jp,4
6156,株式会社エーワン精密,www.a-one-seimitsu.co.jp,1
6157,日進工具株式会社,www.ns-tool.com,1
6158,株式会社和井田製作所,www.waida.co.jp,1
6159,ミクロン精密株式会社,www.micron-grinder.co.jp,1
6161,株式会社エスティック,www.estic.co.jp,2
6165,パンチ工業株式会社,www.punch.co.jp,7
6166,株式会社中村超硬,www.nakamura-gp.co.jp,1
6167,冨士ダイス株式会社,www.fujidie.co.jp,1
6171,株式会社土木管理総合試験所,www.dksiken.co.jp,1
6176,株式会社ブランジスタ,www.brangista.com,1
6177,ＡｐｐＢａｎｋ株式会社,www.appbank.co.jp,1
6178,日本郵政株式会社,www.japanpost.jp,3
6180,ＧＭＯメディア株式会社,www.gmo.media,1
6181,タメニー株式会社,ssl4.eir-parts.net,1
6183,株式会社ベルシステム２４ホールディングス,www.bell24.co.jp,10
6184,株式会社鎌倉新書,www.kamakura-net.co.jp,1
6185,ＳＭＮ株式会社,www.so-netmedia.jp,2
6186,株式会社一蔵,www.ichikura.jp,2
6189,株式会社グローバルキッズＣＯＭＰＡＮＹ,www.gkids.jp,1
6190,株式会社フェニックスバイオ,www.phoenixbio.co.jp,1
6191,株式会社エアトリ,www.airtrip.co.jp,1
6193,バーチャレクス・ホールディングス株式会社,www.vx-holdings.com,1
6194,株式会社アトラエ,atrae.co.jp,1
6195,株式会社ホープ,www.zaigenkakuho.com,1
6196,株式会社ストライク,www.strike.co.jp,2
6197,株式会社ソラスト,www.solasto.co.jp,9
6198,株式会社キャリア,careergift.co.jp,1
6199,株式会社セラク,www.seraku.co.jp,1
6200,株式会社インソース,www.insource.co.jp,1
6203,豊和工業株式会社,www.howa.co.jp,1
6208,株式会社石川製作所,www.ishiss.co.jp,1
6209,リケンＮＰＲ株式会社,www.npr-riken.co.jp,2
6217,津田駒工業株式会社,www.tsudakoma.co.jp,1
6218,エンシュウ株式会社,www.enshu.co.jp,2
6222,株式会社島精機製作所,www.shimaseiki.co.jp,3
6223,株式会社　西部技研,seibu-giken.com,1
6224,株式会社ＪＲＣ,corp.jrcnet.co.jp,1
6225,株式会社エコム,ecom-jp.co.jp,1
6226,守谷輸送機工業株式会社,moriya-elevator.co.jp,1
6227,ＡＩメカテック株式会社,www.ai-mech.com,1
6228,株式会社ジェイ・イー・ティ,www.globaljet.jp,1
6229,株式会社オーケーエム,www.okm-net.jp,1
6230,ＳＡＮＥＩ株式会社,www.sanei.ltd,1
6231,木村工機株式会社,www.kimukoh.co.jp,2
6232,株式会社ＡＣＳＬ,www.acsl.co.jp,1
6233,ＫＬＡＳＳ株式会社,www.klass-corp.co.jp,1
6235,株式会社オプトラン,www.optorun.co.jp,1
6237,株式会社イワキ,www.iwakipumps.co.jp,2
6238,フリュー株式会社,www.furyu.jp,3
6239,株式会社ナガオカ,www.nagaokajapan.co.jp,2
6240,ヤマシンフィルタ株式会社,www.yamashin-filter.co.jp,8
6245,株式会社ヒラノテクシード,www.hirano-tec.co.jp,1
6246,株式会社テクノスマート,www.technosmart.co.jp,6
6247,株式会社日阪製作所,www.hisaka.co.jp,4
6248,株式会社横田製作所,www.aquadevice.com,1
6249,株式会社ゲームカードホールディングス,www.gjhd.jp,1
6250,株式会社やまびこ,www.yamabiko-corp.co.jp,5
6254,野村マイクロ・サイエンス株式会社,www.nomura-nms.co.jp,1
6255,株式会社エヌ・ピー・シー,www.npcgroup.net,2
6258,平田機工株式会社,www.hirata.co.jp,2
6262,株式会社ＰＥＧＡＳＵＳ,www.pegasus.co.jp,1
6264,株式会社マルマエ,www.marumae.com,5
6265,コンバム株式会社,www.convum.co.jp,1
6266,タツモ株式会社,tazmo.co.jp,1
6267,ゼネラルパッカー株式会社,www.general-packer.co.jp,1
6268,ナブテスコ株式会社,www.nabtesco.com,1
6269,三井海洋開発株式会社,www.modec.com,1
6272,レオン自動機株式会社,www.rheon.com,1
6273,ＳＭＣ株式会社,www.smcworld.com,1
6276,シリウスビジョン株式会社,siriusvision.co.jp,5
6277,ホソカワミクロン株式会社,www.hosokawamicron.co.jp,3
6278,ユニオンツール株式会社,www.uniontool.co.jp,4
6279,株式会社瑞光,www.zuiko.co.jp,2
6282,オイレス工業株式会社,www.oiles.co.jp,2
6284,日精エー・エス・ビー機械株式会社,nisseiasb.co.jp,1
6286,靜甲株式会社,www.seiko-co.com,1
6287,株式会社サトー,www.sato-global.com,3
6289,株式会社技研製作所,www.giken.com,2
6292,株式会社カワタ,www.kawata.cc,4
6294,オカダアイヨン株式会社,okadaaiyon.com,2
6301,株式会社小松製作所,www.komatsu.jp,8
6302,住友重機械工業株式会社,www.shi.co.jp,8
6305,日立建機株式会社,www.hitachicm.com,2
6306,日工株式会社,www.nikko-net.co.jp,1
6307,サンセイ株式会社,sansei-group.co.jp,1
6309,巴工業株式会社,www.tomo-e.co.jp,3
6310,井関農機株式会社,www.iseki.co.jp,1
6315,ＴＯＷＡ株式会社,www.towajapan.co.jp,1
6316,株式会社丸山製作所,www.maruyama.co.jp,1
6317,株式会社北川鉄工所,www.kiw.co.jp,1
6322,株式会社タクミナ,www.tacmina.co.jp,1
6323,ローツェ株式会社,www.rorze.com,2
6324,株式会社ハーモニック・ドライブ・システムズ,www.hds.co.jp,5
6325,株式会社タカキタ,www.takakita-net.co.jp,1
6326,株式会社　クボタ,www.kubota.co.jp,4
6327,北川精機株式会社,kitagawaseiki.co.jp,1
6328,荏原実業株式会社,www.ejk.co.jp,2
6330,東洋エンジニアリング株式会社,www.toyo-eng.com,1
6331,三菱化工機株式会社,www.kakoki.co.jp,2
6332,月島ホールディングス株式会社,www.tsk-g.co.jp,2
6333,株式会社ＴＥＩＫＯＫＵ,www.teikokucp.co.jp,1
6334,明治機械株式会社,www.meiji-kikai.co.jp,1
6335,株式会社東京機械製作所,www.tks-net.co.jp,1
6336,株式会社石井表記,www.ishiihyoki.co.jp,1
6337,株式会社テセック,www.tesec.co.jp,1
6338,株式会社タカトリ,www.takatori-g.co.jp,1
6339,新東工業株式会社,www.sinto.co.jp,1
6340,澁谷工業株式会社,www.shibuya.co.jp,1
6345,株式会社アイチコーポレーション,www.aichi-corp.co.jp,1
6346,キクカワエンタープライズ株式会社,www.kikukawa.co.jp,1
6347,株式会社プラコー,www.placo.co.jp,1
6351,株式会社鶴見製作所,www.tsurumipump.co.jp,1
6356,日本ギア工業株式会社,www.nippon-gear.jp,1
6357,三精テクノロジーズ株式会社,www.sansei-technologies.com,1
6361,株式会社荏原製作所,www.ebara.com,8
6363,株式会社酉島製作所,www.torishima.co.jp,1
6364,株式会社ＡＩＲＭＡＮ,www.airman.co.jp,1
6365,株式会社電業社機械製作所,www.dmw.co.jp,2
6366,千代田化工建設株式会社,www.chiyodacorp.com,2
6367,ダイキン工業株式会社,www.daikin.co.jp,5
6368,オルガノ株式会社,www.organo.co.jp,2
6369,トーヨーカネツ株式会社,www.toyokanetsu.co.jp,1
6370,栗田工業株式会社,www.kurita-water.com,2
6371,株式会社椿本チエイン,www.tsubakimoto.jp,6
6376,日機装株式会社,ssl4.eir-parts.net,1
6378,木村化工機株式会社,www.kcpc.co.jp,2
6379,レイズネクスト株式会社,www.raiznext.co.jp,2
6380,オリエンタルチエン工業株式会社,www.ocm.co.jp,1
6381,アネスト岩田株式会社,www.anestiwata-corp.com,5
6382,トリニティ工業株式会社,www.trinityind.co.jp,1
6383,株式会社ダイフク,www.daifuku.com,11
6384,株式会社昭和真空,www.showashinku.co.jp,1
6387,サムコ　株式会社,www.samco.co.jp,1
6390,株式会社加藤製作所,www.kato-works.co.jp,4
6391,株式会社加地テック,www.kajitech.com,2
6392,株式会社　ヤマダコーポレーション,yamadacorp.co.jp,1
6393,油研工業株式会社,www.yuken.co.jp,1
6395,株式会社タダノ,www.tadano.co.jp,1
6396,株式会社宇野澤組鐵工所,www.unozawa.co.jp,1
6402,兼松エンジニアリング株式会社,www.kanematsu-eng.jp,1
6405,鈴茂器工株式会社,www.suzumo.co.jp,1
6407,ＣＫＤ株式会社,www.ckd.co.jp,1
6408,小倉クラッチ株式会社,www.oguraclutch.co.jp,1
6412,株式会社平和,www.heiwanet.co.jp,2
6413,理想科学工業株式会社,www.riso.co.jp,1
6417,株式会社三共,www.sankyo-fever.co.jp,1
6418,日本金銭機械株式会社,www.jcm-hq.co.jp,1
6419,株式会社マースグループホールディングス,www.mars-ghd.co.jp,1
6420,ガリレイ株式会社,www.galilei-group.co.jp,4
6424,株式会社高見沢サイバネティックス,www.tacy.co.jp,1
6425,株式会社ユニバーサルエンターテインメント,www.universal-777.com,1
6428,株式会社オーイズミ,www.oizumi.co.jp,1
6430,ダイコク電機株式会社,www.daikoku.co.jp,2
6432,株式会社竹内製作所,www.takeuchi-mfg.co.jp,2
6433,ヒーハイスト株式会社,www.hephaist.co.jp,1
6436,アマノ株式会社,www.amano.co.jp,15
6439,中日本鋳工株式会社,www.nakachuko.co.jp,1
6440,ＪＵＫＩ株式会社,www.juki.co.jp,1
6444,サンデン株式会社,www.sanden.co.jp,1
6445,株式会社ジャノメ,www.janome.co.jp,4
6448,ブラザー工業株式会社,global.brother,1
6454,マックス株式会社,www.max-ltd.co.jp,2
6455,株式会社モリタホールディングス,www.morita119.com,1
6457,グローリー株式会社,www.glory.co.jp,2
6458,新晃工業株式会社,www.sinko.co.jp,1
6459,大和冷機工業株式会社,www.drk.co.jp,2
6460,セガサミーホールディングス株式会社,www.segasammy.co.jp,7
6463,ＴＰＲ株式会社,www.tpr.co.jp,1
6464,株式会社ツバキ・ナカシマ,www.tsubaki-nakashima.com,1
6465,ホシザキ株式会社,www.hoshizaki.co.jp,4
6466,株式会社ＴＶＥ,www.toavalve.co.jp,1
6467,株式会社ニチダイ,www.nichidai.jp,1
6470,大豊工業株式会社,www.taihonet.co.jp,2
6471,日本精工株式会社,www.nsk.com,6
6473,株式会社ジェイテクト,www.jtekt.co.jp,2
6474,株式会社不二越,www.nachi-fujikoshi.co.jp,2
6479,ミネベアミツミ株式会社,www.minebeamitsumi.com,3
6480,日本トムソン株式会社,www.ikont.co.jp,4
6481,ＴＨＫ株式会社,www.thk.com,1
6482,ＹＵＳＨＩＮ株式会社,www.pronexus.co.jp,1
6484,株式会社ＫＶＫ,www.kvk.co.jp,1
6485,前澤給装工業株式会社,www.qso.co.jp,1
6486,イーグル工業株式会社,www.pronexus.co.jp,1
6488,株式会社ヨシタケ,www.yoshitake.co.jp,2
6490,株式会社ＰＩＬＬＡＲ,www.pillar.co.jp,3
6492,岡野バルブ製造株式会社,www.okano-valve.co.jp,1
6493,株式会社ＮＩＴＴＡＮ,www.niv.co.jp,1
6494,株式会社ＮＦＫホールディングス,www.nfk-hd.co.jp,1
6495,株式会社宮入バルブ製作所,www.miyairi-valve.co.jp,1
6496,株式会社中北製作所,www.nakakita-s.co.jp,1
6497,株式会社ハマイ,www.hamai-net.com,1
6498,株式会社キッツ,www.kitz.co.jp,13
6503,三菱電機株式会社,www.mitsubishielectric.co.jp,4
6504,富士電機株式会社,www.fujielectric.co.jp,8
6505,東洋電機製造株式会社,www.toyodenki.co.jp,2
6506,株式会社安川電機,www.yaskawa.co.jp,4
6507,シンフォニアテクノロジー株式会社,www.sinfo-t.jp,3
6508,株式会社明電舎,www.meidensha.co.jp,1
6513,株式会社オリジン,www.origin.co.jp,2
6516,山洋電気株式会社,www.sanyodenki.co.jp,2
6517,デンヨー株式会社,www.denyo.co.jp,1
6518,三相電機株式会社,www.sanso-elec.co.jp,1
6521,株式会社オキサイド,www.opt-oxide.com,1
6522,株式会社アスタリスク,www.asx.co.jp,1
6523,ＰＨＣホールディングス株式会社,www.phchd.com,4
6524,湖北工業株式会社,www.kohokukogyo.co.jp,1
6525,株式会社ＫＯＫＵＳＡＩ　ＥＬＥＣＴＲＩＣ,www.kokusai-electric.com,5
6526,株式会社ソシオネクスト,www.socionext.com,2
6532,株式会社ベイカレント,www.baycurrent.co.jp,1
6533,株式会社Ｏｒｃｈｅｓｔｒａ　Ｈｏｌｄｉｎｇｓ,orchestra-hd.co.jp,2
6535,株式会社アイモバイル,www.i-mobile.co.jp,3
6537,ＷＡＳＨハウス株式会社,www.wash-house.jp,1
6539,株式会社ＭＳ－Ｊａｐａｎ,company.jmsc.co.jp,1
6540,株式会社船場,www.semba1008.co.jp,1
6542,株式会社ＦＣホールディングス,www.fchd.jp,1
6543,株式会社日宣,www.nissenad.co.jp,1
6544,ジャパンエレベーターサービスホールディングス株式会社,www.jes24.co.jp,1
6545,株式会社インターネットインフィニティー,iif.jp,1
6546,フルテック株式会社,www.fulltech1963.com,2
6547,株式会社グリーンズ,www.kk-greens.jp,2
6548,株式会社旅工房,www.tabikobo.com,1
6549,ディーエムソリューションズ株式会社,www.dm-s.co.jp,2
6551,株式会社ツナググループ・ホールディングス,contents.xj-storage.jp,1
6552,株式会社ＧａｍｅＷｉｔｈ,gamewith.co.jp,1
6554,株式会社エスユーエス,www.sus-g.co.jp,3
6555,株式会社ＭＳ＆Ｃｏｎｓｕｌｔｉｎｇ,www.msandc.co.jp,2
6557,ＡＩＡＩグループ株式会社,aiai-group.co.jp,1
6558,クックビズ株式会社,corp.cookbiz.co.jp,1
6560,株式会社エル・ティー・エス,lt-s.jp,1
6561,株式会社ＨＡＮＡＴＯＵＲ　ＪＡＰＡＮ,www.hanatourjapan.jp,1
6562,株式会社ジーニー,www.geniee.co.jp,1
6563,株式会社みらいワークス,green-note.life,1
6564,株式会社ミダックホールディングス,ssl4.eir-parts.net,1
6565,ＡＢホテル株式会社,www.ab-hotel.jp,1
6566,株式会社要興業,www.kaname-k.co.jp,1
6568,神戸天然物化学株式会社,www.kncweb.co.jp,3
6570,株式会社共和コーポレーション,www.kyowa-corp.co.jp,1
6571,キュービーネットホールディングス株式会社,www.qbnet.jp,1
6572,オープングループ株式会社,open-group.co.jp,1
6573,ＣＲＡＶＩＡ株式会社,cravia.jp,1
6574,株式会社コンヴァノ,www.convano.com,1
6578,株式会社コレックホールディングス,www.correc.co.jp,1
6579,ログリー株式会社,corp.logly.co.jp,1
6580,株式会社ライトアップ,www.writeup.jp,1
6584,三櫻工業株式会社,www.sanoh.com,2
6586,株式会社マキタ,www.makita.co.jp,2
6588,東芝テック株式会社,www.toshibatec.co.jp,2
6590,芝浦メカトロニクス株式会社,www.shibaura.co.jp,1
6592,マブチモーター株式会社,www.mabuchi-motor.co.jp,1
6594,ニデック株式会社,www.nidec.com,9
6597,ＨＰＣシステムズ株式会社,www.hpc.co.jp,4
6599,エブレン株式会社,ebrain.co.jp,1
6612,バルミューダ株式会社,corp.balmud,1
6613,株式会社ＱＤレーザ,www.qdlaser.com,1
6614,株式会社シキノハイテック,www.shikino.co.jp,1
6615,ユー・エム・シー・エレクトロニクス株式会社,www.umc.co.jp,2
6616,トレックス・セミコンダクター株式会社,www.torex.co.jp,1
6617,株式会社東光高岳,www.tktk.co.jp,3
6619,ダブル・スコープ株式会社,w-scope.co.jp,1
6620,宮越ホールディングス株式会社,www.miyakoshi-holdings.com,1
6622,株式会社ダイヘン,www.daihen.co.jp,1
6623,愛知電機株式会社,www.aichidenki.jp,1
6625,ＪＡＬＣＯホールディングス株式会社,jalco-hd.com,1
6626,ＳＥＭＩＴＥＣ株式会社,www.semitec.co.jp,1
6627,株式会社テラプローブ,www.teraprobe.com,1
6629,テクノホライゾン株式会社,www.technohorizon.co.jp,1
6630,ヤーマン株式会社,www.ya-man.co.jp,1
6632,株式会社ＪＶＣケンウッド,www.jvckenwood.com,8
6633,株式会社ＣＧＳホールディングス,www.cgshd.co.jp,1
6634,株式会社ネクスグループ,www.instagram.com,1
6637,寺崎電気産業株式会社,www.terasaki.co.jp,1
6638,株式会社ミマキエンジニアリング,ir.mimaki.com,1
6643,株式会社戸上電機製作所,www.togami-elec.co.jp,2
6644,大崎電気工業株式会社,www.osaki.co.jp,2
6645,オムロン株式会社,www.omron.com,9
6647,森尾電機株式会社,www.morio.co.jp,2
6648,株式会社かわでん,www.kawaden.co.jp,1
6651,日東工業株式会社,www.nito.co.jp,3
6652,ＩＤＥＣ株式会社,www.idec.com,3
6653,株式会社正興電機製作所,www.seiko-denki.co.jp,1
6654,不二電機工業株式会社,www.fujidk.co.jp,1
6656,インスペック株式会社,www.inspec21.com,1
6658,シライ電子工業株式会社,www.shiraidenshi.co.jp,1
6659,株式会社メディアリンクス,www.medialinks.co.jp,1
6662,株式会社ユビテック,www.ubiteq.co.jp,1
6663,太洋テクノレックス株式会社,www.taiyo-tx.com,1
6664,株式会社オプトエレクトロニクス,www.opto.co.jp,1
6666,リバーエレテック株式会社,www.river-ele.co.jp,1
6668,株式会社アドテックプラズマテクノロジー,www.adtec-rf.co.jp,1
6674,株式会社　ジーエス・ユアサ　コーポレーション,ir.gs-yuasa.com,3
6675,サクサ株式会社,www.saxa.co.jp,1
6676,株式会社バッファロー,www.buffalo.jp,1
6677,株式会社エスケーエレクトロニクス,www.sk-el.co.jp,1
6678,株式会社テクノメディカ,www.technomedica.co.jp,1
6694,株式会社ズーム,www.zoom.co.jp,1
6695,株式会社キャストリコ,www.castrico.co.jp,1
6696,株式会社トラース・オン・プロダクト,www.traas.co.jp,1
6699,ダイヤモンドエレクトリックホールディングス株式会社,www.diaelec-hd.co.jp,3
6701,日本電気株式会社,jpn.nec.com,7
6702,富士通株式会社,global.fujitsu,4
6703,沖電気工業株式会社,www.oki.com,3
6706,電気興業株式会社,denkikogyo.co.jp,3
6707,サンケン電気株式会社,www.sanken-ele.co.jp,1
6718,アイホン株式会社,www.aiphone.co.jp,7
6721,ウインテスト株式会社,www.wintest.co.jp,1
6723,ルネサスエレクトロニクス株式会社,www.renesas.com,8
6724,セイコーエプソン株式会社,corporate.epson,5
6727,株式会社ワコム,www.wacom.com,1
6728,株式会社　アルバック,www.ulvac.co.jp,3
6730,株式会社アクセル,www.axell.co.jp,2
6731,株式会社ピクセラ,www.pixela.co.jp,1
6736,サン電子株式会社,www.sun-denshi.co.jp,1
6737,ＥＩＺＯ株式会社,www.eizo.co.jp,1
6740,株式会社ジャパンディスプレイ,www.j-display.com,1
6741,日本信号株式会社,www.signal.co.jp,1
6742,株式会社京三製作所,www.kyosan.co.jp,1
6743,大同信号株式会社,www.daido-signal.co.jp,1
6744,能美防災株式会社,www.nohmi.co.jp,5
6745,ホーチキ株式会社,www.hochiki.co.jp,4
6748,星和電機株式会社,www.seiwa.co.jp,1
6750,エレコム株式会社,www.elecom.co.jp,1
6752,パナソニックホールディングス株式会社,holdings.panasonic,6
6753,シャープ株式会社,corporate.jp.sharp,2
6754,アンリツ株式会社,www.anritsu.com,2
6757,株式会社ＯＳＧコーポレーション,www.osg-nandemonet.co.jp,1
6758,ソニーグループ株式会社,www.sony.com,6
6762,ＴＤＫ株式会社,www.tdk.com,2
6763,帝国通信工業株式会社,www.noble-j.co.jp,1
6768,株式会社タムラ製作所,www.tamuracorp.com,2
6769,ザインエレクトロニクス株式会社,www.thine.co.jp,1
6770,アルプスアルパイン株式会社,www.alpsalpine.com,1
6771,池上通信機株式会社,www.ikegami.co.jp,1
6772,東京コスモス電機株式会社,www.tocos-j.co.jp,1
6775,株式会社ＴＢグループ,www.tb-group.co.jp,1
6776,天昇電気工業株式会社,www.tensho-plastic.co.jp,1
6778,株式会社アルチザネットワークス,www.artiza.co.jp,2
6779,日本電波工業株式会社,www.ndk.com,1
6786,株式会社ＲＶＨ,rvh.jp,1
6787,株式会社メイコー,www.meiko-elec.com,1
6788,株式会社日本トリム,www.nihon-trim.co.jp,1
6794,フォスター電機株式会社,www.foster.co.jp,1
6797,名古屋電機工業株式会社,www.nagoya-denki.co.jp,1
6798,ＳＭＫ株式会社,www.smk.co.jp,2
6800,株式会社ヨコオ,www.yokowo.co.jp,4
6803,ティアック株式会社,www.teac.co.jp,2
6804,ホシデン株式会社,www.hosiden.com,1
6806,ヒロセ電機株式会社,www.hirose.com,5
6807,日本航空電子工業株式会社,www.jae.com,1
6809,ＴＯＡ株式会社,www.toa-global.com,2
6810,マクセル株式会社,www.maxell.co.jp,1
6814,古野電気株式会社,www.furuno.co.jp,4
6817,スミダコーポレーション株式会社,www.sumida.com,2
6819,伊豆シャボテンリゾート株式会社,www.izu-sr.co.jp,1
6820,アイコム株式会社,www.icom.co.jp,4
6822,大井電気株式会社,www.ooi.co.jp,1
6823,リオン株式会社,www.rion.co.jp,1
6824,新コスモス電機株式会社,www.new-cosmos.co.jp,1
6832,アオイ電子株式会社,www.aoi-electronics.co.jp,1
6835,アライドテレシスホールディングス株式会社,www.allied-telesis.co.jp,1
6836,ぷらっとホーム株式会社,www.plathome.co.jp,1
6837,株式会社京写,www.kyosha.co.jp,1
6838,株式会社多摩川ホールディングス,www.tmex.co.jp,1
6840,株式会社ＡＫＩＢＡホールディングス,www.akiba-holdings.co.jp,1
6841,横河電機株式会社,www.yokogawa.co.jp,6
6844,新電元工業株式会社,www.shindengen.co.jp,1
6845,アズビル株式会社,www.azbil.com,10
6846,株式会社中央製作所,www.chuo-seisakusho.co.jp,1
6848,東亜ディーケーケー株式会社,www.toadkk.co.jp,1
6849,日本光電工業株式会社,www.nihonkohden.co.jp,9
6850,株式会社チノー,www.chino.co.jp,1
6853,株式会社共和電業,www.kyowa-ei.com,1
6855,日本電子材料株式会社,www.jem-net.co.jp,1
6856,株式会社堀場製作所,www.horiba.com,2
6857,株式会社アドバンテスト,www.advantest.com,5
6858,株式会社小野測器,www.onosokki.co.jp,2
6859,エスペック株式会社,www.espec.co.jp,5
6861,株式会社キーエンス,www.keyence.co.jp,1
6862,ミナトホールディングス株式会社,www.minato.co.jp,2
6863,株式会社ニレコ,www.nireco.jp,1
6864,株式会社エヌエフホールディングス,nfhd.co.jp,1
6866,日置電機株式会社,www.hioki.com,1
6867,リーダー電子株式会社,www.leader.co.jp,1
6869,シスメックス株式会社,www.sysmex.co.jp,1
6870,日本フェンオール株式会社,www.fenwal.co.jp,1
6871,株式会社日本マイクロニクス,www.mjc.co.jp,4
6874,協立電機株式会社,www.kdwan.co.jp,1
6875,株式会社メガチップス,www.megachips.co.jp,2
6877,ＯＢＡＲＡ　ＧＲＯＵＰ株式会社,www.obara-g.com,1
6882,株式会社三社電機製作所,www.sansha.co.jp,2
6888,アクモス株式会社,www.acmos.co.jp,1
6890,株式会社フェローテック,www.ferrotec.co.jp,2
6894,パルステック工業株式会社,www.pulstec.co.jp,1
6897,株式会社ツインバード,www.twinbird.jp,1
6898,トミタ電機株式会社,www.tomita-electric.com,1
6899,ＡＳＴＩ株式会社,www.asti.co.jp,1
6902,株式会社デンソー,www.denso.com,1
6904,原田工業株式会社,www.harada.com,1
6905,コーセル株式会社,www.cosel.com,2
6912,菊水ホールディングス株式会社,kikusui-holdings.co.jp,1
6914,オプテックスグループ株式会社,www.optexgroup.co.jp,6
6915,千代田インテグレ株式会社,www.chiyoda-i.co.jp,1
6918,株式会社アバールデータ,www.avaldata.co.jp,7
6923,スタンレー電気株式会社,www.stanley-electric.com,1
6925,ウシオ電機株式会社,www.ushio.co.jp,3
6926,岡谷電機産業株式会社,www.okayaelec.co.jp,1
6928,株式会社エノモト,www.enomoto.co.jp,1
6932,株式会社遠藤照明,www.endo-lighting.co.jp,3
6941,山一電機株式会社,www.yamaichi.co.jp,2
6942,株式会社ソフィアホールディングス,www.sophia.com,2
6943,ＮＫＫスイッチズ株式会社,www.nkkswitches.co.jp,1
6946,日本アビオニクス株式会社,www.avio.co.jp,2
6947,株式会社図研,www.zuken.co.jp,1
6951,日本電子株式会社,www.jeol.co.jp,1
6952,カシオ計算機株式会社,www.casio.co.jp,3
6954,ファナック株式会社,www.fanuc.co.jp,2
6955,ＦＤＫ株式会社,www.fdk.co.jp,2
6958,日本シイエムケイ株式会社,www.cmk-corp.com,1
6960,フクダ電子株式会社,www.fukuda.co.jp,1
6961,株式会社エンプラス,www.enplas.co.jp,1
6962,株式会社大真空,www.kds.info,1
6963,ローム株式会社,www.rohm.co.jp,1
6964,株式会社サンコー,www.sko.co.jp,1
6965,浜松ホトニクス株式会社,www.hamamatsu.com,3
6966,株式会社三井ハイテック,www.mitsui-high-tec.com,2
6969,松尾電機株式会社,www.ncc-matsuo.co.jp,1
6971,京セラ株式会社,www.kyocera.co.jp,9
6976,太陽誘電株式会社,www.yuden.co.jp,2
6977,株式会社日本抵抗器製作所,www.jrm.co.jp,1
6981,株式会社村田製作所,corporate.murata.com,7
6982,株式会社リード,www.lead.co.jp,1
6986,双葉電子工業株式会社,www.futaba.co.jp,1
6988,日東電工株式会社,www.nitto.com,3
6989,北陸電気工業株式会社,www.hdk.co.jp,1
6993,大黒屋ホールディングス株式会社,www.daikokuyajp.com,1
6994,株式会社指月電機製作所,www.shizuki.co.jp,1
6995,株式会社東海理化電機製作所,www.tokai-rika.co.jp,1
6996,ニチコン株式会社,www.nichicon.co.jp,1
6997,日本ケミコン株式会社,www.chemi-con.co.jp,5
6998,日本タングステン株式会社,www.nittan.co.jp,3
7003,株式会社三井Ｅ＆Ｓ,www.mes.co.jp,1
7004,カナデビア株式会社,www.kanadevia.com,1
7011,三菱重工業株式会社,www.mhi.com,1
7012,川崎重工業株式会社,www.khi.co.jp,12
7013,株式会社ＩＨＩ,www.ihi.co.jp,1
7014,株式会社名村造船所,www.namura.co.jp,1
7018,内海造船株式会社,www.naikaizosen.co.jp,1
7021,株式会社ニッチツ,www.nitchitsu.co.jp,2
7022,サノヤスホールディングス株式会社,www.sanoyas.co.jp,2
7030,株式会社スプリックス,sprix.inc,1
7031,株式会社インバウンドテック,www.inboundtech.co.jp,1
7033,株式会社マネジメントソリューションズ,www.msols.com,1
7034,株式会社プロレド・パートナーズ,www.prored-p.com,1
7035,ａｎｄ　ｆａｃｔｏｒｙ株式会社,andfactory.co.jp,1
7036,株式会社イーエムネットジャパン,emnet.co.jp,2
7037,株式会社テノ．ホールディングス,www.teno.co.jp,1
7038,フロンティア・マネジメント株式会社,www.frontier-mgmt.com,1
7039,ブリッジインターナショナル株式会社,ir.bridge-g.com,1
7040,株式会社サン・ライフホールディング,sunlife-hd.jp,1
7041,ＣＲＧホールディングス株式会社,www.crgh.co.jp,1
7042,株式会社アクセスグループ・ホールディングス,www.access-t.co.jp,2
7043,アルー株式会社,www.alue.co.jp,1
7044,株式会社ピアラ,piala.co.jp,1
7046,ＴＤＳＥ株式会社,www.tdse.jp,1
7047,ポート株式会社,www.theport.jp,4
7048,ベルトラ株式会社,corp.veltra.com,2
7049,株式会社識学,corp.shikigaku.jp,1
7050,株式会社フロンティアインターナショナル,www.frontier-i.co.jp,1
7057,株式会社エヌ・シー・エヌ,www.ncn-se.co.jp,1
7059,株式会社コプロ・ホールディングス,www.copro-h.co.jp,1
7060,ギークス株式会社,geechs.com,1
7061,日本ホスピスホールディングス株式会社,www.jhospice.co.jp,1
7062,株式会社フレアス,fureasu.jp,1
7063,株式会社Ｂｉｒｄｍａｎ,www.birdman.ne.jp,1
7064,株式会社ハウテレビジョン,howtelevision.co.jp,1
7065,ユーピーアール株式会社,www.upr-net.co.jp,1
7066,株式会社ピアズ,peers.jp,1
7067,ブランディングテクノロジー株式会社,www.branding-t.co.jp,1
7068,フィードフォースグループ株式会社,feedforcegroup.jp,1
7069,株式会社サイバー・バズ,www.cyberbuzz.co.jp,1
7071,株式会社アンビスホールディングス,www.amvis.com,1
7072,株式会社インティメート・マージャー,corp.intimatemerger.com,1
7073,株式会社ジェイック,www.jaic-g.com,1
7074,株式会社トゥエンティーフォーセブンホールディングス,247-sports.jp,1
7075,株式会社ＱＬＳホールディングス,www.qlshd.co.jp,1
7076,名南Ｍ＆Ａ株式会社,www.meinan-ma.com,1
7077,株式会社ＡＬｉＮＫインターネット,www.alink.ne.jp,1
7078,ＩＮＣＬＵＳＩＶＥ　Ｈｏｌｄｉｎｇｓ株式会社,www.inclusive.co.jp,1
7079,ＷＤＢココ株式会社,www.wdbcoco.com,1
7080,株式会社スポーツフィールド,www.sports-f.co.jp,1
7081,コーユーレンティア株式会社,www.koyou.co.jp,1
7082,株式会社ジモティー,jmty.co.jp,1
7083,ＡＨＣグループ株式会社,ahc.co.jp,1
7084,株式会社Ｓｍｉｌｅ　Ｈｏｌｄｉｎｇｓ,www.smile-hld.com,1
7085,株式会社カーブスホールディングス,www.curvesholdings.co.jp,1
7087,株式会社ウイルテック,www.willtec.jp,1
7089,フォースタートアップス株式会社,forstartups.com,1
7090,株式会社リグア,ligua.jp,1
7091,株式会社リビングプラットフォーム,www.living-platform.com,1
7093,アディッシュ株式会社,adish.co.jp,1
7094,株式会社ＮｅｘＴｏｎｅ,www.nex-tone.co.jp,1
7095,株式会社Ｍａｃｂｅｅ　Ｐｌａｎｅｔ,macbee-planet.com,1
7096,株式会社ステムセル研究所,www.stemcell.co.jp,1
7097,株式会社さくらさくプラス,www.sakurasakuplus.jp,1
7102,日本車輌製造株式会社,www.n-sharyo.co.jp,2
7110,株式会社クラシコム,kurashi.com,1
7111,ＩＮＥＳＴ株式会社,inest-inc.co.jp,1
7112,株式会社キューブ,www.cube-co.com,1
7114,株式会社フーディソン,foodison.jp,1
7115,株式会社アルファパーチェス,www.alphapurchase.co.jp,1
7116,ダイワ通信株式会社,daiwawa.com,1
7118,株式会社伸和ホールディングス,shinwa-holdings.co.jp,1
7119,株式会社ハルメクホールディングス,www.halmek-holdings.co.jp,1
7120,株式会社ＳＨＩＮＫＯ,www.kk-shinko.com,1
7122,近畿車輛株式会社,www.kinkisharyo.co.jp,1
7126,グローバルスタイル株式会社,www.global-style.jp,1
7127,株式会社一家ホールディングス,ikka-holdings.co.jp,1
7128,ユニソルホールディングス株式会社,www.unisol-gr.com,2
7129,ミアヘルサホールディングス株式会社,www.merhalsa-hd.jp,1
7130,ヤマエグループホールディングス株式会社,www.yamaegroup-hd.co.jp,2
7131,のむら産業株式会社,pdf.irpocket.com,1
7133,ＨＹＵＧＡ　ＰＲＩＭＡＲＹ　ＣＡＲＥ株式会社,www.hyuga-primary.care,1
7134,株式会社アップガレージグループ,www.upgarage-g.co.jp,1
7135,ジャパンクラフトホールディングス株式会社,www.jcraft-hd.co.jp,1
7138,株式会社ＴＯＲＩＣＯ,www.torico-corp.com,1
7140,ペットゴー株式会社,www.petgo.jp,1
7148,株式会社ＦＰＧ,www.fpg.jp,1
7150,株式会社島根銀行,www.shimagin.co.jp,1
7157,ライフネット生命保険株式会社,www.lifenet-seimei.co.jp,3
7161,株式会社じもとホールディングス,www.jimoto-hd.co.jp,1
7162,アストマックス株式会社,www.astmax.co.jp,1
7164,全国保証株式会社,www.zenkoku.co.jp,1
7167,株式会社めぶきフィナンシャルグループ,www.mebuki-fg.co.jp,4
7172,株式会社ジャパンインベストメントアドバイザー,www.jia-ltd.com,3
7173,株式会社東京きらぼしフィナンシャルグループ,www.tokyo-kiraboshifg.co.jp,1
7175,今村証券株式会社,www.imamura.co.jp,1
7177,ＧＭＯフィナンシャルホールディングス株式会社,www.gmofh.com,1
7180,株式会社九州フィナンシャルグループ,www.kyushu-fg.co.jp,1
7181,株式会社かんぽ生命保険,www.jp-life.japanpost.jp,1
7182,株式会社ゆうちょ銀行,www.jp-bank.japanpost.jp,1
7183,あんしん保証株式会社,www.anshin-gs.co.jp,1
7184,株式会社　富山第一銀行,www.first-bank.co.jp,3
7185,ヒロセ通商株式会社,hirose-fx.co.jp,1
7186,株式会社横浜フィナンシャルグループ,www.yokohamafg.co.jp,6
7187,ジェイリース株式会社,www.j-lease.jp,1
7189,株式会社西日本フィナンシャルホールディングス,www.nnfh.co.jp,3
7191,株式会社イントラスト,www.entrust-inc.jp,3
7192,日本モーゲージサービス株式会社,www.m-s-j.jp,1
7196,株式会社Ｃａｓａ,www.casa-inc.co.jp,1
7198,ＳＢＩアルヒ株式会社,www.sbiaruhi-group.jp,6
7199,プレミアグループ株式会社,ir.premium-group.co.jp,1
7201,日産自動車株式会社,www.nissan-global.com,1
7202,いすゞ自動車株式会社,www.isuzu-global.com,1
7203,トヨタ自動車株式会社,global.toyota,5
7208,株式会社カネミツ,kanemitsu.co.jp,1
7211,三菱自動車工業株式会社,www.mitsubishi-motors.com,4
7212,株式会社エフテック,sustainability.ftech.co.jp,1
7213,レシップホールディングス株式会社,www.lecip.com,1
7214,ＧＭＢ株式会社,www.gmb.jp,1
7215,株式会社ファルテック,www.faltec.co.jp,1
7217,株式会社テイン,www.tein.co.jp,1
7218,田中精密工業株式会社,www.tanasei.co.jp,1
7219,株式会社エッチ・ケー・エス,www.hks-global.com,1
7220,武蔵精密工業株式会社,www.musashi.co.jp,7
7222,日産車体株式会社,www.nissan-shatai.co.jp,3
7224,新明和工業株式会社,www.shinmaywa.co.jp,1
7226,極東開発工業株式会社,www.kyokuto.com,2
7227,アスカ株式会社,www.aska.co.jp,1
7228,株式会社デイトナ,corporate.daytona.co.jp,1
7231,トピー工業株式会社,www.topy.co.jp,1
7235,東京ラヂエーター製造株式会社,www.tokyo-radiator.co.jp,1
7236,株式会社ティラド,www.trad.co.jp,7
7238,曙ブレーキ工業株式会社,www.akebono-brake.com,2
7239,株式会社タチエス,www.tachi-s.co.jp,2
7240,ＮＯＫ株式会社,www.nokgrp.com,1
7241,フタバ産業株式会社,www.futabasangyo.com,1
7242,カヤバ株式会社,www.kyb.co.jp,4
7244,市光工業株式会社,www.ichikoh.com,1
7245,大同メタル工業株式会社,www.daidometal.com,3
7246,プレス工業株式会社,ssl4.eir-parts.net,1
7247,株式会社ミクニ,www.mikuni.co.jp,1
7254,株式会社ユニバンス,www.uvc.co.jp,3
7255,株式会社　桜井製作所,www.sakurai-net.co.jp,1
7256,河西工業株式会社,www.kasai.co.jp,4
7259,株式会社アイシン,www.aisin.com,3
7261,マツダ株式会社,www.mazda.com,4
7264,株式会社ムロコーポレーション,www.muro.co.jp,1
7265,エイケン工業株式会社,www.eiken-kk.co.jp,1
7266,株式会社今仙電機製作所,www.imasen.co.jp,1
7267,本田技研工業株式会社,global.honda,7
7269,スズキ株式会社,www.suzuki.co.jp,1
7270,株式会社ＳＵＢＡＲＵ,www.subaru.co.jp,3
7271,株式会社安永,kmasterplus.pronexus.co.jp,1
7272,ヤマハ発動機株式会社,global.yamaha-motor.com,8
7273,株式会社イクヨ,www.ikuyo194.co.jp,1
7276,株式会社小糸製作所,www.koito.co.jp,1
7277,株式会社ＴＢＫ,www.tbk-jp.com,2
7278,株式会社エクセディ,www.exedy.com,6
7279,株式会社ハイレックスコーポレーション,www.hi-lex.co.jp,2
7280,株式会社ミツバ,www.mitsuba.co.jp,2
7282,豊田合成株式会社,www.toyoda-gosei.co.jp,6
7283,愛三工業株式会社,www.aisan-ind.co.jp,4
7284,盟和産業株式会社,www.meiwasangyo.co.jp,1
7287,日本精機株式会社,www.nippon-seiki.co.jp,1
7291,日本プラスト株式会社,www.n-plast.co.jp,1
7292,株式会社村上開明堂,www.murakami-kaimeido.co.jp,1
7294,株式会社ヨロズ,www.yorozu-corp.co.jp,1
7296,株式会社エフ・シー・シー,www.fcc-net.co.jp,2
7297,株式会社カーメイト,www.carmate.co.jp,1
7299,フジオーゼックス株式会社,www.oozx.co.jp,3
7305,新家工業株式会社,www.araya-kk.co.jp,1
7309,株式会社シマノ,www.shimano.com,1
7313,テイ・エス　テック株式会社,www.tstech.co.jp,3
7317,株式会社松屋アールアンドディ,www.matsuyard.co.jp,1
7318,セレンディップ・ホールディングス株式会社,www.serendip-c.com,1
7320,Ｓｏｌｖｖｙ株式会社,solvvy.co.jp,2
7322,株式会社三十三フィナンシャルグループ,www.33fg.co.jp,1
7325,株式会社アイリックコーポレーション,www.irrc.co.jp,1
7326,ＳＢＩインシュアランスグループ株式会社,www.sbiig.co.jp,1
7327,株式会社第四北越フィナンシャルグループ,www.dhfg.co.jp,1
7337,株式会社ひろぎんホールディングス,www.hirogin-hd.co.jp,2
7343,ブロードマインド株式会社,www.b-minded.com,1
7345,株式会社アイ・パートナーズフィナンシャル,www.aipf.co.jp,1
7347,株式会社マーキュリアホールディングス,www.mercuria.jp,1
7350,株式会社おきなわフィナンシャルグループ,www.okinawafg.co.jp,2
7351,株式会社グッドパッチ,goodpatch.com,1
7352,株式会社ＴＷＯＳＴＯＮＥ＆Ｓｏｎｓ,b-engineer.co.jp,1
7353,ＫＩＹＯラーニング株式会社,www.kiyo-learning.com,1
7354,株式会社ダイレクトマーケティングミックス,dmix.co.jp,2
7356,Ｒｅｔｔｙ株式会社,corp.retty.me,1
7357,株式会社ジオコード,www.geo-code.co.jp,1
7358,株式会社ポピンズ,www.poppins.co.jp,2
7359,株式会社東京通信グループ,tokyo-tsushin.com,1
7360,株式会社オンデック,www.ondeck.jp,1
7361,株式会社ヒューマンクリエイションホールディングス,hch-ja.co.jp,1
7362,株式会社Ｔ．Ｓ．Ｉ,www.t-s-i.jp,1
7363,株式会社ベビーカレンダー,corp.baby-calendar.jp,1
7366,株式会社ＬＩＴＡＬＩＣＯ,www.litalico.co.jp,1
7367,株式会社セルム,www.celm.co.jp,1
7368,表示灯株式会社,www.hyojito.co.jp,2
7369,株式会社メイホーホールディングス,www.meihoholdings.co.jp,1
7370,株式会社Ｅｎｊｉｎ,www.y-enjin.co.jp,1
7371,Ｚｅｎｋｅｎ株式会社,www.zenken.co.jp,1
7372,株式会社デコルテ・ホールディングス,www.decollte.co.jp,1
7373,株式会社アイドマ・ホールディングス,www.aidma-hd.jp,2
7374,株式会社コンフィデンス・インターワークス,ciw.jp,1
7375,株式会社リファインバースグループ,www.r-inverse.com,1
7376,ＢＣＣ株式会社,www.e-bcc.jp,1
7377,ＤＮホールディングス株式会社,www.dcne.co.jp,1
7378,株式会社アシロ,asiro.co.jp,1
7380,株式会社十六フィナンシャルグループ,www.16fg.co.jp,1
7381,株式会社ＣＣＩグループ,www.ccig.co.jp,1
7383,株式会社ネットプロテクションズホールディングス,corp.netprotections.com,2
7384,株式会社プロクレアホールディングス,www.procrea-hd.co.jp,1
7388,株式会社ＦＰパートナー,fpp.jp,2
7389,株式会社あいちフィナンシャルグループ,www.aichi-fg.co.jp,3
7399,株式会社ナンシン,www.nansin.co.jp,1
7409,ＡｅｒｏＥｄｇｅ株式会社,aeroedge.co.jp,1
7412,株式会社アトム,www.atom-corp.co.jp,1
7413,株式会社創健社,www.sokensha.co.jp,1
7416,株式会社はるやまホールディングス,www.haruyama.co.jp,2
7417,株式会社南陽,www.nanyo.co.jp,1
7419,株式会社ノジマ,www.nojima.co.jp,2
7421,カッパ・クリエイト株式会社,www.kappasushi.jp,1
7422,東邦レマック株式会社,www.toho-lamac.co.jp,1
7425,初穂商事株式会社,www.hatsuho.co.jp,1
7426,株式会社　山大,www.yamadai.com,2
7427,エコートレーディング株式会社,www.echotd.co.jp,1
7433,伯東株式会社,www.hakuto.co.jp,1
7435,株式会社ナ・デックス,www.nadex.co.jp,2
7438,コンドーテック株式会社,www.kondotec.co.jp,2
7441,株式会社Ｍｉｓｕｍｉ,kk-misumi.jp,1
7442,中山福株式会社,www.nakayamafuku.co.jp,2
7444,ハリマ共和物産株式会社,www.harimakb.co.jp,1
7445,株式会社ライトオン,biz.right-on.co.jp,1
7446,東北化学薬品株式会社,www.t-kagaku.co.jp,1
7447,ナガイレーベン株式会社,www.nagaileben.co.jp,2
7453,株式会社　良品計画,www.ryohin-keikaku.jp,2
7456,松田産業株式会社,www.matsuda-sangyo.co.jp,1
7458,株式会社第一興商,www.dkkaraoke.co.jp,1
7459,株式会社メディパルホールディングス,www.medipal.co.jp,2
7460,株式会社ヤギ,www.yaginet.co.jp,1
7461,株式会社キムラ,www.kimuranet.jp,1
7462,株式会社ＣＡＰＩＴＡ,www.capita-inc.jp,1
7463,株式会社アドヴァン,www.advan.co.jp,1
7464,セフテック株式会社,www.saftec.co.jp,1
7466,ＳＰＫ株式会社,www.spk.co.jp,1
7472,株式会社鳥羽洋行,www.toba.co.jp,3
7475,アルビス株式会社,www.albis.co.jp,1
7476,アズワン株式会社,www.as-1.co.jp,4
7480,スズデン株式会社,www.suzuden.co.jp,3
7481,尾家産業株式会社,www.oie.co.jp,1
7482,株式会社シモジマ,www.shimojima.co.jp,5
7483,株式会社ドウシシャ,kmasterplus.pronexus.co.jp,1
7485,岡谷鋼機株式会社,www.okaya.co.jp,1
7486,サンリン株式会社,www.sanrinkk.co.jp,1
7488,株式会社ヤガミ,www.yagami-inc.co.jp,1
7490,日新商事株式会社,www.nissin-shoji.co.jp,1
7494,株式会社コナカ,www.konaka.jp,1
7500,西川計測株式会社,www.nskw.co.jp,1
7501,株式会社ティムコ,www.tiemco.co.jp,1
7502,株式会社プラザホールディングス,www.plazaholdings.co.jp,1
7504,株式会社高速,www.kohsoku.com,2
7505,扶桑電通株式会社,www.fusodentsu.co.jp,1
7508,株式会社Ｇ‐７ホールディングス,www.g-7holdings.co.jp,2
7509,アイエーグループ株式会社,www.ia,1
7510,株式会社たけびし,www.takebishi.co.jp,4
7512,イオン北海道株式会社,www.aeon-hokkaido.jp,1
7513,株式会社コジマ,www.kojima.net,2
7514,株式会社　ヒマラヤ,www.hmry.jp,1
7516,コーナン商事株式会社,www.hc-kohnan.com,2
7520,株式会社エコス,www.eco-s.co.jp,1
7521,株式会社ムサシ,www.musashinet.co.jp,1
7522,ワタミ株式会社,www.watami.co.jp,1
7523,アールビバン株式会社,www.artvivant.co.jp,1
7524,マルシェ株式会社,www.marche.co.jp,1
7525,リックス株式会社,www.rix.co.jp,1
7527,株式会社システムソフト,www.systemsoft.co.jp,1
7531,清和中央ホールディングス株式会社,www.seiwa-chuo-holdings.co.jp,1
7532,株式会社パン・パシフィック・インターナショナルホールディングス,ppih.co.jp,2
7537,丸文株式会社,www.marubun.co.jp,1
7538,株式会社大水,www.pronexus.co.jp,1
7539,株式会社アイナボホールディングス,www.ainavo.co.jp,1
7544,株式会社スリーエフ,www.three-f.co.jp,1
7545,株式会社西松屋チェーン,www.24028.jp,2
7550,株式会社ゼンショーホールディングス,www.zensho.co.jp,2
7551,株式会社ウェッズ,www.weds.co.jp,2
7552,株式会社ハピネット,www.happinet.co.jp,3
7554,株式会社幸楽苑,www.kourakuen.co.jp,1
7555,株式会社大田花き,otakaki.co.jp,1
7561,株式会社ハークスレイ,www.hurxley.co.jp,2
7562,株式会社安楽亭,www.anrakutei.co.jp,1
7564,株式会社ワークマン,www.workman.co.jp,4
7565,萬世電機株式会社,www.mansei.co.jp,1
7567,株式会社栄電子,www.sakae-denshi.com,1
7571,株式会社ヤマノホールディングス,www.yamano-hd.com,1
7575,日本ライフライン株式会社,www.jll.co.jp,4
7578,株式会社ニチリョク,www.nichiryoku.co.jp,1
7581,株式会社サイゼリヤ,www.saizeriya.co.jp,1
7585,株式会社かんなん丸,www.kannanmaru.co.jp,1
7590,株式会社タカショー,takasho.co.jp,2
7593,ＶＴホールディングス株式会社,sdgs.vt-holdings.co.jp,4
7596,株式会社魚力,uoriki.co.jp,2
7599,株式会社ＩＤＯＭ,www.fsb-tcfd.org,1
7600,株式会社　日本エム・ディ・エム,www.jmdm.co.jp,2
7601,株式会社ポプラ,www.poplar-cvs.co.jp,1
7602,株式会社レダックス,www.ledax.co.jp,1
7603,ジーイエット株式会社,gyet.co.jp,1
7604,株式会社　梅の花グループ,www.umenohana.co.jp,2
7606,株式会社ユナイテッドアローズ,www.united-arrows.co.jp,3
7607,株式会社進和,www.shinwa-jpn.co.jp,1
7608,株式会社エスケイジャパン,www.sk-japan.co.jp,1
7609,ダイトロン株式会社,www.daitron.co.jp,1
7610,株式会社テイツー,www.tay2.co.jp,1
7611,株式会社ハイデイ日高,www.hiday.co.jp,1
7613,シークス株式会社,www.siix.co.jp,1
7614,株式会社オーエムツーネットワーク,www.om2.co.jp,1
7615,株式会社京都きもの友禅ホールディングス,www.kyotokimonoyuzenholdings.co.jp,1
7616,株式会社　コロワイド,www.colowide.co.jp,3
7619,田中商事株式会社,www.tanakashoji.co.jp,1
7621,株式会社うかい,www.ukai.co.jp,1
7624,株式会社ＮａＩＴＯ,www.naito.net,1
7625,株式会社グローバルダイニング,www.global-dining.com,1
7628,株式会社オーハシテクニカ,www.ohashi.co.jp,2
7634,株式会社星医療酸器,www.hosi.co.jp,1
7636,株式会社ハンズマン,www.handsman.co.jp,1
7637,白銅株式会社,www.hakudo.co.jp,1
7638,株式会社ＮＥＷ　ＡＲＴ　ＨＯＬＤＩＮＧＳ,newart-ir.jp,1
7640,株式会社トップカルチャー,www.topculture.co.jp,2
7643,株式会社ダイイチ,www.daiichi-d.co.jp,1
7646,株式会社ＰＬＡＮＴ,www.plant-co.jp,1
7649,スギホールディングス株式会社,www.sugi-hd.co.jp,1
7670,オーウエル株式会社,www.owell.co.jp,1
7673,ダイコー通産株式会社,www.daiko-tsusan.co.jp,1
7674,株式会社ＮＡＴＴＹ　ＳＷＡＮＫＹホールディングス,nattyswanky.com,1
7675,セントラルフォレストグループ株式会社,www.centralforestgroup.co.jp,1
7677,株式会社ヤシマキザイ,www.yashima-co.co.jp,2
7678,株式会社あさくま,www.asakuma.co.jp,1
7679,株式会社薬王堂ホールディングス,www.yakuodo-hd.co.jp,1
7681,株式会社レオクラン,www.leoclan.co.jp,1
7682,株式会社浜木綿,www.hamayuu.co.jp,1
7683,株式会社ダブルエー,www.wa-jp.com,1
7685,株式会社ＢｕｙＳｅｌｌ　Ｔｅｃｈｎｏｌｏｇｉｅｓ,buysell-technologies.com,1
7686,株式会社ひとまいる,www.hitomile.co.jp,3
7687,株式会社ミクリード,corp.micreed.co.jp,1
7689,株式会社コパ・コーポレーション,www.copa.co.jp,1
7692,株式会社アースインフィニティ,www.earth-infinity.co.jp,1
7694,株式会社いつも,itsumo365.co.jp,1
7695,株式会社交換できるくん,www.dekirukun.co.jp,2
7698,株式会社アイスコ,www.iceco.co.jp,1
7701,株式会社　島津製作所,www.shimadzu.co.jp,1
7702,株式会社ジェイ・エム・エス（称号　株式会社　ＪＭＳ）,www.jms.cc,1
7707,プレシジョン・システム・サイエンス株式会社,www.pss.co.jp,1
7709,クボテック株式会社,www.kubotek.com,1
7711,助川電気工業株式会社,www.sukegawadenki.co.jp,1
7713,シグマ光機株式会社,www.sigma-koki.com,1
7716,株式会社ナカニシ,www.nakanishi-inc.jp,1
7717,株式会社ブイ・テクノロジー,www.vtec.co.jp,1
7719,株式会社東京衡機,tk100.jp,1
7721,東京計器株式会社,tokyokeiki.premium-yutaiclub.jp,1
7722,国際計測器株式会社,www.kokusaikk.co.jp,1
7723,愛知時計電機株式会社,www.aichitokei.co.jp,2
7725,株式会社インターアクション,www.inter-action.co.jp,2
7726,黒田精工株式会社,kurodaprecision.com,2
7727,株式会社オーバル,www.oval.co.jp,1
7729,株式会社東京精密,www.accretech.com,5
7730,マニー株式会社,ssl4.eir-parts.net,2
7731,株式会社ニコン,www.jp.nikon.com,4
7733,オリンパス株式会社,www.olympus.co.jp,2
7734,理研計器株式会社,www.rikenkeiki.co.jp,1
7735,株式会社ＳＣＲＥＥＮホールディングス,www.screen.co.jp,8
7739,キヤノン電子株式会社,www.canon-elec.co.jp,2
7740,株式会社タムロン,www.tamron.com,1
7741,ＨＯＹＡ株式会社,www.hoya.com,4
7743,株式会社シード,www.seed.co.jp,1
7744,ノーリツ鋼機株式会社,www.noritsu.co.jp,3
7745,株式会社Ａ＆Ｄホロンホールディングス,andholon.com,2
7746,岡本硝子株式会社,www.ogc-jp.com,1
7747,朝日インテック株式会社,www.asahi-intecc.co.jp,2
7749,メディキット株式会社,www.medikit.co.jp,1
7751,キヤノン株式会社,global.canon,5
7752,株式会社リコー,jp.ricoh.com,14
7760,ＩＭＶ株式会社,we-are-imv.com,1
7762,シチズン時計株式会社,www.citizen.co.jp,4
7769,リズム株式会社,www.rhythm.co.jp,7
7771,日本精密株式会社,www.nihon-s.co.jp,1
7774,株式会社ジャパン・ティッシュエンジニアリング,www.jpte.co.jp,1
7775,大研医器株式会社,daiken-iki.co.jp,1
7776,株式会社セルシード,www.cellseed.com,1
7777,株式会社スリー・ディー・マトリックス,www.3d-matrix.co.jp,1
7779,ＣＹＢＥＲＤＹＮＥ株式会社,www.cyberdyne.jp,2
7780,株式会社メニコン,www.menicon.co.jp,1
7781,株式会社平山ホールディングス,www.hirayamastaff.co.jp,1
7782,株式会社シンシア,www.sincere-vision.com,1
7790,株式会社バルコス,www.barcos.jp,1
7791,ドリームベッド株式会社,www.dreambed.co.jp,1
7792,株式会社コラントッテ,colantotte.co.jp,1
7793,株式会社イメージ・マジック,originalprint.jp,1
7794,株式会社イーディーピー,www.d-edp.jp,1
7795,株式会社ＫＹＯＲＩＴＳＵ,www.kyoritsu-hd.co.jp,1
7800,株式会社アミファ,www.amifa.co.jp,1
7803,株式会社ブシロード,bushiroad.co.jp,1
7804,株式会社ビーアンドピー,www.bandp.co.jp,1
7805,プリントネット株式会社,odahara.jp,1
7806,株式会社ＭＴＧ,www.mtg.gr.jp,3
7807,株式会社幸和製作所,kowa-seisakusho.co.jp,1
7808,株式会社シー・エス・ランバー,www.c-s-lumber.co.jp,1
7809,株式会社壽屋,company.kotobukiya.co.jp,1
7810,株式会社クロスフォー,www.crossfor.com,1
7811,中本パックス株式会社,www.npacks.co.jp,1
7812,株式会社クレステック,www.crestec.co.jp,1
7813,株式会社プラッツ,www.platz-ltd.co.jp,1
7814,株式会社日本創発グループ,www.jcpg.co.jp,1
7815,東京ボード工業株式会社,www.t-b-i.co.jp,1
7818,株式会社トランザクション,www.trans-action.co.jp,1
7820,ニホンフラッシュ株式会社,www.nfnf.co.jp,2
7821,前田工繊株式会社,www.maedakosen.jp,1
7822,永大産業株式会社,www.eidai.com,3
7823,株式会社アートネイチャー,www.artnature.co.jp,2
7826,株式会社フルヤ金属,www.furuyametals.co.jp,3
7827,株式会社オービス,orvis.co.jp,1
7831,株式会社ウイルコホールディングス,www.wellco-corp.com,1
7832,株式会社バンダイナムコホールディングス,www.bandainamco.co.jp,3
7833,株式会社アイフィスジャパン,www.ifis.co.jp,1
7836,アビックス株式会社,www.avix.co.jp,1
7837,株式会社アールシーコア,www.rccore.co.jp,3
7840,フランスベッドホールディングス株式会社,francebed-hd.co.jp,1
7841,株式会社遠藤製作所,www.endo-mfg.co.jp,1
7844,株式会社マーベラス,corp.marv.jp,2
7846,株式会社パイロットコーポレーション,corp.pilot.co.jp,1
7847,株式会社グラファイトデザイン,www.gd-inc.co.jp,1
7850,総合商研株式会社,www.shouken.co.jp,1
7851,カワセコンピュータサプライ株式会社,www.kc-s.co.jp,1
7856,萩原工業株式会社,www.hagihara.co.jp,1
7857,セキ株式会社,www.seki.co.jp,1
7860,エイベックス株式会社,avex.com,1
7863,株式会社平賀,www.pp-hiraga.co.jp,1
7864,株式会社フジシールインターナショナル,www.fujiseal.com,2
7865,ピープル株式会社,www.people-kk.co.jp,1
7867,株式会社タカラトミー,www.takaratomy.co.jp,12
7870,福島印刷株式会社,www.fuku.co.jp,1
7871,フクビ化学工業株式会社,www.fukuvi.co.jp,2
7874,レック株式会社,www.lecinc.co.jp,1
7875,竹田ｉＰホールディングス株式会社,www.takedaip-hd.co.jp,6
7877,永大化工株式会社,www.eidaikako.co.jp,1
7883,サンメッセ株式会社,www.sunmesse.co.jp,1
7885,タカノ株式会社,www.takano-net.co.jp,1
7886,ヤマト　モビリティ　＆　Ｍｆｇ．株式会社,www.yamato-in.co.jp,2
7893,株式会社プロネクサス,www.pronexus.co.jp,5
7896,セブン工業株式会社,www.seven-gr.co.jp,1
7897,ホクシン株式会社,www.hokushinmdf.jp,1
7898,株式会社ウッドワン,www.woodone.co.jp,1
7901,株式会社マツモト,www.matsumoto-inc.co.jp,1
7906,ヨネックス株式会社,www.yonex.co.jp,2
7911,ＴＯＰＰＡＮホールディングス株式会社,www.holdings.toppan.com,5
7912,大日本印刷株式会社,www.global.dnp,22
7914,共同印刷株式会社,www.kyodoprinting.co.jp,1
7915,ＮＩＳＳＨＡ株式会社,www.nissha.com,1
7916,光村印刷株式会社,www.mitsumura.co.jp,1
7917,ＺＡＣＲＯＳ株式会社,www.zacros.co.jp,5
7918,株式会社ヴィア・ホールディングス,www.via-hd.co.jp,1
7919,野崎印刷紙業株式会社,www.nozakiinsatu.co.jp,1
7921,株式会社ＴＡＫＡＲＡ　＆　ＣＯＭＰＡＮＹ,www.takara-company.co.jp,4
7927,ムトー精工株式会社,www.muto.co.jp,1
7928,旭化学工業株式会社,www.asahikagakukogyo.co.jp,1
7931,未来工業株式会社,www.mirai.co.jp,4
7932,株式会社ニッピ,www.nippi-inc.co.jp,4
7936,株式会社アシックス,corp.asics.com,1
7937,株式会社ツツミ,www.tsutsumi.co.jp,1
7938,株式会社リーガルコーポレーション,www.regal.co.jp,3
7939,株式会社研創,www.kensoh.co.jp,1
7940,ウェーブロックホールディングス株式会社,www.wavelock-holdings.com,1
7942,株式会社ジェイエスピー,www.co-jsp.co.jp,1
7943,ニチハ株式会社,www.nichiha.co.jp,1
7944,ローランド株式会社,www.roland.com,2
7946,株式会社光陽社,www.koyosha-inc.co.jp,1
7947,株式会社エフピコ,www.fpco.jp,5
7949,小松ウオール工業株式会社,www.komatsuwall.co.jp,2
7950,日本デコラックス株式会社,www.decoluxe.co.jp,1
7951,ヤマハ株式会社,www.yamaha.com,19
7952,株式会社河合楽器製作所,www.kawai.co.jp,2
7953,菊水化学工業株式会社,www.kikusui-chem.co.jp,1
7955,クリナップ株式会社,cleanup.jp,1
7956,ピジョン株式会社,www.pigeon.co.jp,12
7957,フジコピアン株式会社,www.fujicopian.com,3
7962,株式会社キングジム,www.kingjim.co.jp,2
7963,興研株式会社,www.koken-ltd.co.jp,1
7965,象印マホービン株式会社,www.zojirushi.co.jp,3
7966,リンテック株式会社,www.lintec.co.jp,6
7970,信越ポリマー株式会社,www.shinpoly.co.jp,1
7971,東リ株式会社,www.toli.co.jp,2
7972,株式会社イトーキ,www.itoki.jp,3
7974,任天堂株式会社,www.nintendo.co.jp,1
7975,株式会社リヒトラブ,www.lihit-lab.com,1
7976,三菱鉛筆株式会社,www.mpuni.co.jp,1
7979,株式会社松風,www.shofu.co.jp,5
7980,株式会社　重松製作所,www.sts-japan.com,1
7981,タカラスタンダード株式会社,www.takara-standard.co.jp,1
7983,株式会社ミロク,www.miroku-jp.com,1
7984,コクヨ株式会社,www.kokuyo.com,2
7985,ネポン株式会社,www.nepon.co.jp,1
7986,日本アイ・エス・ケイ株式会社,www.king-ind.co.jp,1
7987,ナカバヤシ株式会社,www.nakabayashi.co.jp,1
7988,株式会社ニフコ,www.nifco.com,4
7989,立川ブラインド工業株式会社,www.blind.co.jp,3
7990,グローブライド株式会社,www.globeride.co.jp,1
7991,マミヤ・オーピー株式会社,www.mamiya-op.co.jp,1
7992,セーラー万年筆株式会社,sailor.co.jp,1
7994,株式会社オカムラ,www.okamura.co.jp,5
7995,株式会社バルカー,www.valqua.co.jp,2
7997,株式会社くろがね工作所,www.kurogane-kks.co.jp,1
8001,伊藤忠商事株式会社,www.itochu.co.jp,2
8002,丸紅株式会社,www.marubeni.com,1
8006,ユアサ・フナショク株式会社,www.yuasa-funashoku.com,1
8007,高島株式会社,www.tak.co.jp,1
8008,株式会社ヨンドシーホールディングス,yondoshi.co.jp,1
8011,株式会社三陽商会,www.sanyo-shokai.co.jp,1
8012,長瀬産業株式会社,www.nagase.co.jp,4
8014,蝶理株式会社,www.chori.co.jp,5
8015,豊田通商株式会社,www.toyota-tsusho.com,1
8016,株式会社オンワードホールディングス,www.onward-hd.co.jp,2
8018,三共生興株式会社,www.sankyoseiko.co.jp,1
8020,兼松株式会社,www.kanematsu.co.jp,2
8022,美津濃株式会社,corp.mizuno.com,9
8023,ＤＡＩＫＯ　ＸＴＥＣＨ株式会社,www.daiko-xtech.co.jp,1
8025,株式会社ツカモトコーポレーション,www.tsukamoto.co.jp,2
8029,株式会社ルックホールディングス,www.look-holdings.jp,2
8030,中央魚類株式会社,www.chuogyorui.com,1
8031,三井物産株式会社,www.mitsui.com,13
8032,日本紙パルプ商事株式会社,www.kamipa.co.jp,1
8035,東京エレクトロン株式会社,www.tel.co.jp,4
8037,カメイ株式会社,www.kamei.co.jp,1
8039,築地魚市場株式会社,www.tsukiji-uoichiba.co.jp,1
8040,株式会社東京ソワール,www.soir.co.jp,1
8041,ＯＵＧホールディングス株式会社,www.oug.co.jp,1
8043,スターゼン株式会社,www.starzen.co.jp,1
8045,横浜丸魚株式会社,www.yokohama-maruuo.co.jp,1
8046,丸藤シートパイル株式会社,www.mrfj.co.jp,4
8050,セイコーグループ株式会社,www.seiko.co.jp,3
8051,株式会社山善,www.yamazen.co.jp,1
8052,椿本興業株式会社,www.tsubaki.co.jp,2
8053,住友商事株式会社,www.sumitomocorp.com,1
8056,ＢＩＰＲＯＧＹ株式会社,www.biprogy.com,5
8057,株式会社内田洋行,www.uchida.co.jp,4
8058,三菱商事株式会社,www.mitsubishicorp.com,5
8059,第一実業株式会社,www.djk.co.jp,3
8061,西華産業株式会社,www.seika.com,1
8065,佐藤商事株式会社,www.satoshoji.co.jp,1
8066,三谷商事株式会社,www.mitani-corp.co.jp,3
8070,東京産業株式会社,www.tscom.co.jp,1
8071,東海エレクトロニクス株式会社,www.tokai-ele.com,1
8074,株式会社ＹＵＡＳＡ,www.yuasa.co.jp,9
8075,神鋼商事株式会社,www.shinsho.co.jp,1
8076,株式会社カノークス,www.canox.co.jp,1
8077,トルク株式会社,www.torq.co.jp,1
8078,阪和興業株式会社,www.hanwa.co.jp,1
8079,正栄食品工業株式会社,www.shoeifoods.co.jp,1
8081,株式会社カナデン,www.kanaden.co.jp,5
8084,株式会社ＲＹＯＤＥＮ,sustainability.ryoden.co.jp,3
8085,ナラサキ産業株式会社,www.narasaki.co.jp,1
8086,ニプロ株式会社,www.nipro.co.jp,1
8088,岩谷産業株式会社,www.iwatani.co.jp,5
8089,ナイス株式会社,www.nice.co.jp,1
8091,ニチモウ株式会社,www.nichimo.co.jp,5
8093,極東貿易株式会社,www.kbk.co.jp,1
8095,アステナホールディングス株式会社,www.astena-hd.com,1
8097,三愛オブリ株式会社,www.san-ai-obbli.com,1
8098,稲畑産業株式会社,www.inabata.co.jp,2
8101,株式会社ＧＳＩクレオス,www.gsi.co.jp,1
8103,明和産業株式会社,www.meiwa.co.jp,5
8104,クワザワホールディングス株式会社,www.kuwazawa-hd.co.jp,2
8105,Ｂｉｔｃｏｉｎ　Ｊａｐａｎ株式会社,www.hotta-marusho.co.jp,1
8107,株式会社キムラタン,www.kimuratan.co.jp,1
8111,株式会社ゴールドウイン,www.goldwin.co.jp,1
8113,ユニ・チャーム株式会社,www.unicharm.co.jp,3
8115,ムーンバット株式会社,www.moonbat.co.jp,1
8117,中央自動車工業株式会社,www.central-auto.co.jp,1
8118,株式会社　キング,www.king-group.co.jp,1
8119,株式会社三栄コーポレーション,www.sanyeicorp.com,1
8125,株式会社ワキタ,www.wakita.co.jp,1
8127,ヤマトインターナショナル株式会社,www.yamatointr.co.jp,2
8129,東邦ホールディングス株式会社,www.tohohd.co.jp,8
8130,株式会社サンゲツ,www.sangetsu.co.jp,6
8131,株式会社ミツウロコグループホールディングス,www.mitsuuroko.com,1
8132,シナネンホールディングス株式会社,sinanengroup.co.jp,3
8133,伊藤忠エネクス株式会社,www.itcenex.com,4
8135,ゼット株式会社,zett.jp,1
8136,株式会社サンリオ,corporate.sanrio.co.jp,1
8137,サンワテクノス株式会社,www.sunwa.co.jp,7
8138,三京化成株式会社,www.sankyokasei-corp.co.jp,2
8139,株式会社ナガホリ,www.nagahori.co.jp,2
8141,新光商事株式会社,shinko-sj.co.jp,1
8142,株式会社トーホー,www.to-ho.co.jp,1
8143,株式会社ラピーヌ,www.lapine.co.jp,1
8145,中部水産株式会社,www.nagoya-chusui.co.jp,1
8147,株式会社トミタ,www.tomitaj.co.jp,2
8150,三信電気株式会社,www.sanshin.co.jp,2
8151,株式会社東陽テクニカ,www.toyo.co.jp,2
8152,ソマール株式会社,www.somar.co.jp,1
8153,株式会社モスフードサービス,www.mos.co.jp,1
8154,加賀電子株式会社,www.taxan.co.jp,1
8158,ソーダニッカ株式会社,www.sodanikka.co.jp,1
8159,株式会社立花エレテック,www.tachibana.co.jp,2
8163,ＳＲＳホールディングス株式会社,srsholdings.com,2
8165,株式会社千趣会,www.senshukai.co.jp,2
8166,株式会社タカキュー,online.taka-q.jp,1
8167,株式会社リテールパートナーズ,retailpartners.co.jp,1
8173,株式会社Ｊｏｓｈｉｎ,www.joshin.co.jp,1
8174,日本瓦斯株式会社,www.nichigas.co.jp,1
8179,ロイヤルホールディングス株式会社,www.royal-holdings.co.jp,2
8181,株式会社東天紅,www.totenko.co.jp,1
8185,株式会社チヨダ,www.chiyodagrp.co.jp,4
8190,株式会社ヤマナカ,www.super-yamanaka.co.jp,1
8194,株式会社ライフコーポレーション,www.lifecorp.jp,6
8198,マックスバリュ東海株式会社,www.mv-tokai.co.jp,1
8200,株式会社リンガーハット,www.ringerhut.co.jp,1
8202,ラオックスホールディングス株式会社,www.laox.co.jp,1
8203,株式会社ミスターマックス・ホールディングス,www.mrmaxhd.co.jp,2
8207,テンアライド株式会社,www.teng.co.jp,1
8214,株式会社ＡＯＫＩホールディングス,ir.aoki-hd.co.jp,3
8217,株式会社オークワ,www.okuwa.net,2
8218,株式会社コメリ,www.komeri.bit.or.jp,4
8219,青山商事株式会社,www.aoyama-syouji.co.jp,4
8225,株式会社タカチホ,kk-takachiho.jp,2
8226,株式会社　理経,www.rikei.co.jp,1
8227,株式会社しまむら,www.shimamura.gr.jp,2
8228,株式会社マルイチ産商,www.maruichi.com,1
8230,株式会社はせがわ,corp.hasegawa.jp,1
8233,株式会社髙島屋,www.takashimaya.co.jp,6
8237,株式会社松屋,www.matsuya.com,4
8242,エイチ・ツー・オー　リテイリング株式会社,www.h2o-retailing.co.jp,2
8244,株式会社近鉄百貨店,www.d-kintetsu.co.jp,1
8247,株式会社大和,www.daiwa-dp.co.jp,3
8252,株式会社　丸井グループ,www.0101maruigroup.co.jp,6
8255,アクシアル　リテイリング株式会社,www.axial-r.com,2
8267,イオン株式会社,www.aeon.info,2
8273,株式会社イズミ,www.izumi.co.jp,3
8275,株式会社フォーバル,www.forval.co.jp,1
8276,株式会社　平和堂,www.heiwado.jp,2
8278,株式会社フジ,www.the-fuji.com,1
8281,ゼビオホールディングス株式会社,www.xebio.co.jp,1
8282,株式会社ケーズホールディングス,tnfd.global,1
8283,株式会社ＰＡＬＴＡＣ,www.paltac.co.jp,4
8285,三谷産業株式会社,www.mitani.co.jp,12
8289,株式会社Ｏｌｙｍｐｉｃグループ,www.olympic-corp.co.jp,1
8291,日産東京販売ホールディングス株式会社,www.nissan-tokyo-hd.co.jp,2
8303,株式会社ＳＢＩ新生銀行,corp.sbishinseibank.co.jp,6
8306,株式会社三菱ＵＦＪフィナンシャル・グループ,www.mufg.jp,1
8308,株式会社　りそなホールディングス,www.resona-gr.co.jp,1
8309,三井住友トラストグループ株式会社,www.smtg.jp,4
8316,株式会社三井住友フィナンシャルグループ,www.smfg.co.jp,1
8331,株式会社千葉銀行,www.chibabank.co.jp,3
8334,株式会社　群馬銀行,www.gunmabank.co.jp,1
8336,株式会社武蔵野銀行,www.musashinobank.co.jp,1
8337,株式会社千葉興業銀行,www.chibakogyo-bank.co.jp,3
8338,株式会社筑波銀行,www.tsukubabank.co.jp,2
8343,株式会社秋田銀行,www.akita-bank.co.jp,1
8344,株式会社山形銀行,www.yamagatabank.co.jp,1
8345,株式会社岩手銀行,www.iwatebank.co.jp,1
8346,株式会社東邦銀行,www.tohobank.co.jp,2
8349,株式会社　東北銀行,www.tohoku-bank.co.jp,1
8354,株式会社ふくおかフィナンシャルグループ,www.fukuoka-fg.com,3
8358,スルガ銀行株式会社,www.surugabank.co.jp,6
8359,株式会社八十二長野銀行,bank.82group.jp,4
8360,株式会社　山梨中央銀行,www.yamanashibank.co.jp,3
8361,株式会社　大垣共立銀行,www.okb.co.jp,1
8362,株式会社福井銀行,www.fukuibank.co.jp,5
8364,株式会社清水銀行,www.shimizubank.co.jp,1
8365,株式会社　富山銀行,www.toyamabank.co.jp,1
8366,株式会社滋賀銀行,www.shigagin.com,1
8367,株式会社南都銀行,www.nantobank.co.jp,1
8368,株式会社　百五銀行,www.hyakugo.co.jp,1
8377,株式会社ほくほくフィナンシャルグループ,www.hokuhoku-fg.co.jp,1
8381,株式会社山陰合同銀行,www.gogin.co.jp,4
8388,株式会社阿波銀行,www.awabank.co.jp,1
8392,株式会社大分銀行,www.oitabank.co.jp,1
8393,株式会社宮崎銀行,www.miyagin.co.jp,1
8395,株式会社佐賀銀行,www.sagabank.co.jp,1
8398,株式会社筑邦銀行,www.chikugin.co.jp,1
8399,株式会社琉球銀行,www.ryugin.co.jp,4
8410,株式会社セブン銀行,www.sevenbank.co.jp,1
8411,株式会社みずほフィナンシャルグループ,www.mizuho-fg.co.jp,3
8416,株式会社高知銀行,www.kochi-bank.co.jp,3
8418,株式会社山口フィナンシャルグループ,www.ymfg.co.jp,1
8421,信金中央金庫,www.shinkin-central-bank.jp,1
8424,芙蓉総合リース株式会社,www.fgl.co.jp,1
8425,みずほリース株式会社,www.mizuho-ls.co.jp,1
8439,東京センチュリー株式会社,www.tokyocentury.co.jp,5
8473,ＳＢＩホールディングス株式会社,www.sbigroup.co.jp,1
8508,Ｊトラスト株式会社,www.jt-corp.co.jp,4
8511,日本証券金融株式会社,www.jsf.co.jp,4
8518,日本アジア投資株式会社,www.jaic-vc.co.jp,1
8522,株式会社　名古屋銀行,www.meigin.com,2
8524,株式会社北洋銀行,www.hokuyobank.co.jp,4
8537,株式会社大光銀行,www.taikobank.jp,1
8541,株式会社　愛媛銀行,www.himegin.co.jp,1
8542,株式会社トマト銀行,www.tomatobank.co.jp,1
8544,株式会社　京葉銀行,www.keiyobank.co.jp,1
8550,株式会社　栃木銀行,www.tochigibank.co.jp,1
8551,株式会社　北日本銀行,www.kitagin.co.jp,1
8554,株式会社南日本銀行,nangin.jp,1
8558,株式会社東和銀行,www.towabank.co.jp,1
8560,株式会社　宮崎太陽銀行,www.taiyobank.co.jp,1
8562,株式会社　福島銀行,www.fukushimabank.co.jp,1
8566,リコーリース株式会社,www.r-lease.co.jp,2
8570,イオンフィナンシャルサービス株式会社,www.aeonfinancial.co.jp,2
8572,アコム株式会社,www.acom.co.jp,1
8584,株式会社ジャックス,www.jaccs.co.jp,1
8585,株式会社オリエントコーポレーション,www.orico.co.jp,1
8591,オリックス株式会社,www.orix.co.jp,1
8593,三菱ＨＣキャピタル株式会社,www.mitsubishi-hc-capital.com,6
8594,中道リース株式会社,www.nakamichi-leasing.co.jp,1
8595,ジャフコ　グループ株式会社,www.jafco.co.jp,3
8596,株式会社九州リースサービス,www.k-lease.co.jp,1
8600,トモニホールディングス株式会社,www.tomony-hd.co.jp,1
8601,株式会社大和証券グループ本社,www.daiwa-grp.jp,1
8604,野村ホールディングス株式会社,www.nomuraholdings.com,4
8609,株式会社岡三証券グループ,www.okasan.jp,2
8613,丸三証券株式会社,www.marusan-sec.co.jp,2
8614,東洋証券株式会社,www.toyo-sec.co.jp,1
8616,東海東京フィナンシャル・ホールディングス株式会社,www.tokaitokyo-fh.jp,3
8617,光世証券株式会社,www.kosei.co.jp,1
8622,水戸証券株式会社,www.mito.co.jp,1
8624,いちよし証券株式会社,www.ichiyoshi.co.jp,1
8628,松井証券株式会社,www.matsui.co.jp,1
8630,ＳＯＭＰＯホールディングス株式会社,www.sompo-hd.com,4
8698,マネックスグループ株式会社,www.monexgroup.jp,3
8699,ＨＳホールディングス株式会社,hs-hd.co.jp,1
8700,丸八証券株式会社,www.maruhachi-sec.co.jp,1
8704,トレイダーズホールディングス株式会社,www.tradershd.com,2
8705,日産証券グループ株式会社,www.nissansec-g.co.jp,3
8706,極東証券株式会社,www.kyokuto-sec.co.jp,1
8707,岩井コスモホールディングス株式会社,www.iwaicosmo-hd.jp,2
8708,アイザワ証券グループ株式会社,www.aizawa-group.jp,1
8713,フィデアホールディングス株式会社,www.fidea.co.jp,9
8714,株式会社池田泉州ホールディングス,www.senshuikeda-hd.co.jp,3
8715,アニコム　ホールディングス株式会社,www.anicom.co.jp,1
8725,ＭＳ＆ＡＤインシュアランスグループホールディングス株式会社,www.ms-ins.com,1
8729,ソニーフィナンシャルグループ株式会社,www.sonyfg.co.jp,1
8737,株式会社あかつき本社,www.akatsuki-fg.com,1
8739,スパークス・グループ株式会社,www.sparx.jp,4
8742,株式会社小林洋行,www.kobayashiyoko.com,1
8746,ｕｎｂａｎｋｅｄ株式会社,unbanked.jp,1
8747,豊トラスティ証券株式会社,www.yutaka-trusty.co.jp,3
8750,株式会社第一ライフグループ,www.daiichilife-group.com,1
8766,東京海上ホールディングス株式会社,www.tokiomarinehd.com,1
8769,株式会社アドバンテッジリスクマネジメント,www.armg.jp,1
8771,イー・ギャランティ株式会社,www.eguarantee.co.jp,2
8772,株式会社アサックス,www.asax.co.jp,1
8783,ａｂｃ株式会社,www.gfa.co.jp,1
8789,フィンテック　グローバル株式会社,www.fgi.co.jp,1
8793,ＮＥＣキャピタルソリューション株式会社,www.necap.co.jp,5
8795,株式会社Ｔ＆Ｄホールディングス,www.td-holdings.co.jp,3
8798,株式会社アドバンスクリエイト,www.advancecreate.co.jp,1
8801,三井不動産株式会社,www.mitsuifudosan.co.jp,2
8802,三菱地所株式会社,www.mec.co.jp,1
8803,平和不動産株式会社,www.heiwa-net.co.jp,5
8804,東京建物株式会社,tatemono.com,1
8818,京阪神ビルディング株式会社,www.keihanshin.co.jp,2
8830,住友不動産株式会社,www.sumitomo-rd.co.jp,8
8835,太平洋興発株式会社,www.taiheiyo.net,1
8836,株式会社ＲＩＳＥ,www.rise-i.co.jp,1
8841,株式会社テーオーシー,www.toc.co.jp,2
8844,株式会社コスモスイニシア,www.cigr.co.jp,4
8848,株式会社レオパレス２１,www.leopalace21.co.jp,3
8850,スターツコーポレーション株式会社,www.starts.co.jp,1
8860,フジ住宅株式会社,www.fuji-jutaku.co.jp,1
8864,空港施設株式会社,www.afc.jp,2
8869,明和地所株式会社,www.meiwajisyo.co.jp,3
8871,株式会社ゴールドクレスト,www.goldcrest.co.jp,1
8876,株式会社リログループ,www.relo.jp,2
8881,株式会社日神グループホールディングス,www.nisshin-hd.co.jp,1
8887,株式会社シーラホールディングス,rimawarikun.com,2
8891,ＡＭＧホールディングス株式会社,www.amg-hd.co.jp,1
8892,株式会社エスコン,www.es-conjapan.co.jp,1
8894,株式会社ＲＥＶＯＬＵＴＩＯＮ,www.revolution.co.jp,1
8897,ＭＩＲＡＲＴＨホールディングス株式会社,mirarth.co.jp,1
8898,株式会社センチュリー２１・ジャパン,www.century21japan.co.jp,1
8904,株式会社ＡＶＡＮＴＩＡ,avantia-g.jp,1
8908,株式会社毎日コムネット,www.maicom.co.jp,1
8912,株式会社エリアクエスト,www.area-quest.com,1
8914,エリアリンク株式会社,www.arealink.co.jp,1
8917,ファースト住建株式会社,www.f-juken.co.jp,3
8918,株式会社ランド,www.land.jp,1
8919,株式会社カチタス,katitas.co.jp,2
8920,株式会社　東　祥,www.to-sho.net,1
8923,トーセイ株式会社,www.toseicorp.co.jp,4
8928,穴吹興産株式会社,www.pronexus.co.jp,1
8929,株式会社青山財産ネットワークス,www.azn.co.jp,2
8931,和田興産株式会社,www.wadakohsan.co.jp,1
8934,サンフロンティア不動産株式会社,www.sunfrt.co.jp,6
8935,株式会社ＦＪネクストホールディングス,www.fjnext-hd.co.jp,1
8938,グローム・ホールディングス株式会社,glome-holdings.com,1
8945,サンネクスタグループ株式会社,www.sunnexta.co.jp,2
8946,株式会社ＡＳＩＡＮ　ＳＴＡＲ,www.asian.co.jp,1
8995,株式会社誠建設工業,www.makoto-gr.com,1
8996,株式会社ハウスフリーダム,www.housefreedom.co.jp,1
8999,グランディハウス株式会社,www.grandy.co.jp,2
9001,東武鉄道株式会社,www.tobu.co.jp,3
9003,相鉄ホールディングス株式会社,www.sotetsu.co.jp,1
9005,東急株式会社,ir.tokyu.co.jp,1
9006,京浜急行電鉄株式会社,www.keikyu.co.jp,5
9007,小田急電鉄株式会社,www.odakyu.jp,3
9008,京王電鉄株式会社,www.keio.co.jp,3
9009,京成電鉄株式会社,www.keisei.co.jp,2
9010,富士急行株式会社,www.fujikyu.co.jp,3
9012,秩父鉄道株式会社,www.chichibu-railway.co.jp,1
9017,新潟交通株式会社,www.niigata-kotsu.co.jp,1
9020,東日本旅客鉄道株式会社,www.jreast.co.jp,3
9021,西日本旅客鉄道株式会社,www.westjr.co.jp,9
9022,東海旅客鉄道株式会社,jr-central.co.jp,1
9023,東京地下鉄株式会社,www.tokyometro.jp,8
9024,株式会社西武ホールディングス,www.seibuholdings.co.jp,2
9025,鴻池運輸株式会社,www.konoike.net,1
9027,株式会社ロジネットジャパン,www.loginet-japan.com,1
9028,株式会社ゼロ,www.zero-group.co.jp,1
9029,株式会社ヒガシホールディングス,e-higashi.co.jp,1
9031,西日本鉄道株式会社,www.nishitetsu.co.jp,5
9033,広島電鉄株式会社,www.hiroden.co.jp,1
9035,第一交通産業株式会社,www.daiichi-koutsu.co.jp,1
9036,東部ネットワーク株式会社,www.tohbu.co.jp,2
9037,株式会社ハマキョウレックス,www.hamakyorex.co.jp,1
9039,株式会社サカイ引越センター,www.hikkoshi-sakai.co.jp,1
9040,大宝運輸株式会社,www.taiho-gh.com,1
9041,近鉄グループホールディングス株式会社,www.kintetsu-g-hd.co.jp,4
9042,阪急阪神ホールディングス株式会社,www.hankyu-hanshin.co.jp,1
9044,株式会社ＮＡＮＫＡＩ,www.nankai.co.jp,6
9045,京阪ホールディングス株式会社,www.keihan.co.jp,5
9046,神戸電鉄株式会社,www.shintetsu.co.jp,4
9048,名古屋鉄道株式会社,www.meitetsu.co.jp,1
9049,京福電気鉄道株式会社,www.keifuku.co.jp,1
9051,センコン物流株式会社,www.senkon.co.jp,1
9052,山陽電気鉄道株式会社,www.sanyo-railway.co.jp,1
9057,遠州トラック株式会社,www.enshu-truck.co.jp,1
9059,カンダホールディングス株式会社,kanda-web.co.jp,1
9060,日本ロジテム株式会社,www.logitem.co.jp,1
9063,岡山県貨物運送株式会社,www.okaken.co.jp,2
9064,ヤマトホールディングス株式会社,www.yamato-hd.co.jp,2
9065,山九株式会社,swts.com,1
9068,丸全昭和運輸株式会社,www.maruzenshowa.co.jp,2
9069,センコーグループホールディングス株式会社,www.senkogrouphd.co.jp,5
9074,日本石油輸送株式会社,www.jot.co.jp,2
9075,福山通運株式会社,corp.fukutsu.co.jp,1
9076,セイノーホールディングス株式会社,www.seino.co.jp,7
9081,神奈川中央交通株式会社,www.kanachu-ir.jp,1
9082,大和自動車交通株式会社,www.daiwaj.com,1
9083,神姫バス株式会社,www.shinkibus.co.jp,2
9085,北海道中央バス株式会社,www.chuo-bus.co.jp,1
9087,タカセ株式会社,www.takase.co.jp,1
9090,ＡＺ－ＣＯＭ丸和ホールディングス株式会社,www.az-com-maruwa-hd.co.jp,1
9101,日本郵船株式会社,www.nyk.com,1
9104,株式会社　商船三井,www.mol.co.jp,3
9107,川崎汽船株式会社,www.kline.co.jp,3
9110,ＮＳユナイテッド海運株式会社,www.nsuship.co.jp,2
9115,明海グループ株式会社,www.meiji-group.com,1
9119,飯野海運株式会社,contents.xj-storage.jp,3
9127,玉井商船株式会社,www.tamaiship.co.jp,2
9130,共栄タンカー株式会社,www.kyoeitanker.co.jp,1
9142,九州旅客鉄道株式会社,www.jrkyushu.co.jp,3
9143,ＳＧホールディングス株式会社,www.sg-hldgs.co.jp,3
9145,株式会社ビーイングホールディングス,being-group.jp,1
9147,ＮＩＰＰＯＮ　ＥＸＰＲＥＳＳホールディングス株式会社,www.nipponexpress-holdings.com,2
9158,株式会社シーユーシー,www.cuc-jpn.com,1
9159,株式会社Ｗ　ＴＯＫＹＯ,girlswalker.com,1
9160,株式会社ノバレーゼ,www.novarese.co.jp,2
9162,株式会社ブリーチ,bleach.co.jp,1
9163,株式会社ナレルグループ,nareru-group.co.jp,1
9165,株式会社クオルテック,www.qualtec.co.jp,1
9166,株式会社ＧＥＮＤＡ,midascapital.jp,1
9168,株式会社ライズ・コンサルティング・グループ,www.rise-cg.co.jp,2
9170,成友興業株式会社,www.seiyukogyo.co.jp,1
9173,東海汽船株式会社,www.tokaikisen.co.jp,1
9193,東京汽船株式会社,www.tokyokisen.co.jp,1
9201,日本航空株式会社,www.jal.com,3
9202,ＡＮＡホールディングス株式会社,www.ana.co.jp,4
9204,スカイマーク株式会社,www.skymark.co.jp,1
9206,株式会社スターフライヤー,www.starflyer.jp,1
9211,株式会社エフ・コード,f-code.co.jp,1
9212,Ｇｒｅｅｎ　Ｅａｒｔｈ　Ｉｎｓｔｉｔｕｔｅ株式会社,www.grandviewresearch.com,1
9213,株式会社セイファート,www.seyfert.co.jp,1
9214,Ｒｅｃｏｖｅｒｙ　Ｉｎｔｅｒｎａｔｉｏｎａｌ株式会社,www.recovery-group.co.jp,1
9215,株式会社ＣａＳｙ,casy.co.jp,1
9216,ビーウィズ株式会社,bewith.premium-yutaiclub.jp,1
9218,株式会社メンタルヘルステクノロジーズ,mh-tec.co.jp,1
9219,株式会社ギックス,www.gixo.jp,1
9220,エフビー介護サービス株式会社,fb-kaigo.co.jp,1
9221,フルハシＥＰＯ株式会社,www.fuluhashi.co.jp,1
9223,株式会社ＡＳＮＯＶＡ,www.asnova.co.jp,1
9225,ブリッジコンサルティンググループ株式会社,bridge-group.co.jp,1
9227,マイクロ波化学株式会社,mwcc.jp,1
9229,株式会社サンウェルズ,sunwels.jp,1
9233,アジア航測株式会社,www.ajiko.co.jp,2
9235,売れるネット広告社グループ株式会社,www.ureru.co.jp,1
9236,ジャパンＭ＆Ａソリューション株式会社,jpmas.jp,1
9237,株式会社笑美面,emimen.co.jp,1
9238,バリュークリエーション株式会社,value-creation.jp,1
9240,株式会社デリバリーコンサルティング,www.deliv.co.jp,1
9241,株式会社フューチャーリンクネットワーク,www.futurelink.co.jp,1
9242,メディア総研株式会社,gekkan-kosen.com,1
9244,株式会社デジタリフト,digitalift.co.jp,1
9245,株式会社リベロ,www.livero.co.jp,1
9246,株式会社プロジェクトホールディングス,ssl4.eir-parts.net,6
9247,ＴＲＥホールディングス株式会社,tre-hd.co.jp,2
9248,人・夢・技術グループ株式会社,www.pdt-g.co.jp,2
9249,日本エコシステム株式会社,www.jp-eco.co.jp,1
9250,株式会社ＧＲＣＳ,www.grcs.co.jp,1
9251,株式会社ＡＢ＆Ｃｏｍｐａｎｙ,ab-company.co.jp,1
9252,株式会社ラストワンマイル,lomgrp.co.jp,2
9253,スローガン株式会社,www.slogan.jp,1
9254,株式会社ラバブルマーケティンググループ,lmg.co.jp,1
9256,株式会社サクシード,www.succeed-corp.jp,1
9258,株式会社ＣＳ－Ｃ,s-cs-c.com,1
9259,株式会社タカヨシホールディングス,takayoshi-inc.com,1
9262,株式会社シルバーライフ,contents.xj-storage.jp,1
9264,ポエック株式会社,www.puequ.co.jp,1
9265,ヤマシタヘルスケアホールディングス株式会社,www.yhchd.co.jp,4
9267,Ｇｅｎｋｙ　ＤｒｕｇＳｔｏｒｅｓ株式会社,www.genkydrugstores.co.jp,1
9268,株式会社オプティマスグループ,www.optimusgroup.co.jp,1
9270,バリュエンスホールディングス株式会社,www.valuence.inc,5
9271,株式会社和心,www.wagokoro.co.jp,1
9272,ブティックス株式会社,btix.jp,1
9273,コーア商事ホールディングス株式会社,www.koashoji-hd.com,1
9274,ＫＰＰグループホールディングス株式会社,www.kpp-gr.com,4
9278,ブックオフグループホールディングス株式会社,www.bookoffgroup.co.jp,2
9279,株式会社ギフトホールディングス,www.gift-group.co.jp,2
9301,三菱倉庫株式会社,www.mitsubishi-logistics.co.jp,1
9302,三井倉庫ホールディングス株式会社,www.mitsui-soko.com,1
9303,株式会社住友倉庫,www.sumitomo-soko.co.jp,1
9304,澁澤倉庫株式会社,www.shibusawa.co.jp,2
9305,株式会社ヤマタネ,www.yamatane.co.jp,1
9306,東陽倉庫株式会社,www.toyo-logistics.co.jp,2
9307,株式会社杉村倉庫,www.sugimura-wh.co.jp,1
9308,乾汽船株式会社,www.inui.co.jp,2
9310,日本トランスシティ株式会社,www.trancy.co.jp,3
9311,アサガミ株式会社,www.asagami.co.jp,1
9312,ケイヒン株式会社,www.keihin.co.jp,1
9313,丸八倉庫株式会社,www.maru8.co.jp,1
9319,株式会社中央倉庫,www.chuosoko.co.jp,2
9322,川西倉庫株式会社,www.kawanishi.co.jp,4
9324,安田倉庫株式会社,www.yasuda-soko.co.jp,5
9325,ファイズホールディングス株式会社,www.phyz.co.jp,1
9326,関通ホールディングス株式会社,www.kantsu.com,1
9327,株式会社イー・ロジット,www.e-logit.com,1
9330,株式会社揚羽,www.ageha.tv,1
9331,株式会社キャスター,caster.co.jp,1
9332,ＮＩＳＳＯホールディングス株式会社,www.nisso-hd.com,7
9336,大栄環境株式会社,www.dinsgr.co.jp,1
9337,株式会社トリドリ,toridori.co.jp,1
9338,株式会社ＩＮＦＯＲＩＣＨ,inforich.net,1
9339,株式会社コーチ・エィ,www.coacha.com,1
9340,株式会社アソインターナショナル,www.aso-inter.co.jp,1
9341,株式会社ＧＥＮＯＶＡ,www.genova.co.jp,1
9342,株式会社スマサポ,www.sumasapo.co.jp,1
9343,株式会社アイビス,www.ibis.ne.jp,1
9344,アクシスコンサルティング株式会社,axc-g.co.jp,1
9345,ビズメイツ株式会社,www.bizmates.co.jp,2
9346,株式会社ココルポート,www.cocorport.co.jp,1
9347,日本管財ホールディングス株式会社,www.nkanzaihd.co.jp,1
9348,株式会社ｉｓｐａｃｅ,www.pnas.org,1
9351,東洋埠頭株式会社,www.toyofuto.co.jp,1
9353,櫻島埠頭株式会社,www.sakurajima-futo.co.jp,1
9355,株式会社リンコーコーポレーション,www.rinko.co.jp,1
9359,伊勢湾海運株式会社,www.isewan.co.jp,1
9360,鈴与シンワート株式会社,www.shinwart.co.jp,3
9361,伏木海陸運送株式会社,www.fkk-toyama.co.jp,1
9364,株式会社上組,www.kamigumi.co.jp,1
9365,トレーディア株式会社,tradia.co.jp,1
9366,株式会社サンリツ,www.srt.co.jp,1
9368,キムラユニティー株式会社,www.kimura-unity.co.jp,1
9369,株式会社キユーソー流通システム,www.krs.co.jp,1
9380,東海運株式会社,www.azumaship.co.jp,1
9381,株式会社エーアイテイー,www.ait-jp.com,1
9385,株式会社ショーエイコーポレーション,www.shoei-corp.co.jp,1
9388,株式会社パパネッツ,papanets.co.jp,1
9401,株式会社ＴＢＳホールディングス,www.tbsholdings.co.jp,2
9402,中部日本放送株式会社,hicbc.com,1
9405,朝日放送グループホールディングス株式会社,corp.asahi.co.jp,4
9408,株式会社ＢＳＮメディアホールディングス,www.ohbsn.com,1
9409,株式会社テレビ朝日ホールディングス,www.tv-asahihd.co.jp,5
9412,スカパーＪＳＡＴ株式会社,www.skyperfectjsat.space,9
9414,日本ＢＳ放送株式会社,www.bs11.jp,1
9416,株式会社ビジョン,www.vision-net.co.jp,1
9417,株式会社スマートバリュー,www.smartvalue.ad.jp,1
9418,株式会社Ｕ－ＮＥＸＴ　ＨＯＬＤＩＮＧＳ,unext-hd.co.jp,5
9419,株式会社ワイヤレスゲート,www.wirelessgate.co.jp,2
9421,株式会社エヌジェイホールディングス,www.njhd.jp,1
9423,株式会社フォーバル・リアルストレート,www.realstraight.co.jp,1
9424,日本通信株式会社,www.j-com.co.jp,1
9425,ＲｅＹｕｕ　Ｊａｐａｎ株式会社,www.reyuu-japan.com,2
9428,株式会社クロップス,www.crops.co.jp,1
9432,ＮＴＴ株式会社,group.ntt,3
9433,ＫＤＤＩ株式会社,www.kddi.com,5
9434,ソフトバンク株式会社,www.softbank.jp,1
9435,株式会社光通信,www.hikari.co.jp,1
9436,沖縄セルラー電話株式会社,okinawa-cellular.jp,1
9438,株式会社エムティーアイ,www.mti.co.jp,7
9439,株式会社エム・エイチ・グループ,mhgroup.co.jp,1
9441,株式会社ベルパーク,www.pronexus.co.jp,1
9444,株式会社トーシンホールディングス,www.toshin-group.com,1
9445,株式会社フォーバルテレコム,www.forvaltel.co.jp,6
9446,株式会社サカイホールディングス,sakai-holdings.co.jp,1
9449,ＧＭＯインターネットグループ株式会社,group.gmo,1
9450,株式会社ファイバーゲート,www.taipower.com.tw,1
9466,株式会社アイドママーケティングコミュニケーション,www.e-aidma.co.jp,1
9467,株式会社アルファポリス,www.alphapolis.co.jp,1
9468,株式会社ＫＡＤＯＫＡＷＡ,group.kadokawa.co.jp,1
9470,株式会社学研ホールディングス,www.gakken.co.jp,2
9471,株式会社文溪堂,www.bunkei.co.jp,1
9474,株式会社ゼンリン,www.zenrin.co.jp,3
9475,株式会社昭文社ホールディングス,www.mapple.co.jp,1
9476,株式会社中央経済社ホールディングス,www.chuokeizai.co.jp,1
9478,ＳＥホールディングス・アンド・インキュベーションズ株式会社,www.sehi.co.jp,1
9501,東京電力ホールディングス株式会社,www.tepco.co.jp,3
9502,中部電力株式会社,www.chuden.co.jp,4
9503,関西電力株式会社,www.kepco.co.jp,4
9504,中国電力株式会社,www.energia.co.jp,1
9505,北陸電力株式会社,www.rikuden.co.jp,2
9506,東北電力株式会社,www.tohoku-epco.co.jp,5
9507,四国電力株式会社,www.yonden.co.jp,10
9508,九州電力株式会社,www.kyuden.co.jp,1
9509,北海道電力株式会社,www.hepco.co.jp,1
9511,沖縄電力株式会社,www.okiden.co.jp,9
9513,電源開発株式会社,www.jpower.co.jp,3
9517,イーレックス株式会社,www.erex.co.jp,2
9519,株式会社レノバ,www.renovainc.com,7
9531,東京瓦斯株式会社,www.tokyo-gas.co.jp,9
9532,大阪瓦斯株式会社,www.osakagas.co.jp,6
9533,東邦瓦斯株式会社,www.tohogas.co.jp,1
9534,北海道瓦斯株式会社,www.hokkaido-gas.co.jp,1
9535,広島ガス株式会社,www.hiroshima-gas.co.jp,7
9536,西部ガスホールディングス株式会社,hd.saibugas.co.jp,9
9537,北陸瓦斯株式会社,www.hokurikugas.co.jp,1
9539,京葉瓦斯株式会社,www.keiyogas.co.jp,1
9543,静岡ガス株式会社,www.shizuokagas.co.jp,3
9551,メタウォーター株式会社,www.metawater.co.jp,1
9552,株式会社Ｍ＆Ａ総研ホールディングス,masouken.com,1
9553,株式会社マイクロアド,www.microad.co.jp,1
9554,株式会社ＡＶｉＣ,midascapital.jp,1
9556,ＩＮＴＬＯＯＰ株式会社,www.intloop.com,1
9557,株式会社エアークローゼット,corp.air-closet.com,1
9558,ジャパニアス株式会社,jna.co.jp,1
9560,株式会社プログリット,www.progrit.co.jp,1
9561,株式会社グラッドキューブ,corp.glad-cube.com,2
9562,ビジネスコーチ株式会社,www.businesscoach.co.jp,1
9563,Ａｔｌａｓ　Ｔｅｃｈｎｏｌｏｇｉｅｓ株式会社,atlstech.com,1
9564,株式会社ＦＣＥ,fce-hd.co.jp,1
9565,ＧＬＯＥ株式会社,gloe.jp,1
9601,松竹株式会社,www.shochiku.co.jp,1
9602,東宝株式会社,contents.xj-storage.jp,1
9603,株式会社エイチ・アイ・エス,www.his.co.jp,5
9605,東映株式会社,www.toei.co.jp,1
9612,株式会社ラックランド,www.luckland.co.jp,1
9616,株式会社共立メンテナンス,www.kyoritsugroup.co.jp,2
9619,株式会社イチネンホールディングス,www.ichinenhd.co.jp,1
9621,株式会社建設技術研究所,www.ctie.co.jp,4
9625,株式会社セレスポ,www.cerespo.co.jp,1
9627,株式会社アインホールディングス,www.ainj.co.jp,3
9629,ピー・シー・エー株式会社,pca.jp,1
9632,スバル興業株式会社,subaru-kougyou.jp,2
9633,東京テアトル株式会社,www.theatres.co.jp,6
9635,武蔵野興業株式会社,www.musashino-k.co.jp,1
9636,株式会社きんえい,corporate.kin-ei.co.jp,1
9639,三協フロンテア株式会社,www.sankyofrontier.com,1
9640,株式会社セゾンテクノロジー,www.saison-technology.com,1
9644,株式会社タナベコンサルティンググループ,www.tanabeconsulting-group.com,1
9647,株式会社協和コンサルタンツ,www.kyowa-c.co.jp,1
9651,日本プロセス株式会社,www.jpd.co.jp,1
9656,グリーンランドリゾート株式会社,www.greenland.co.jp,1
9658,株式会社ビジネスブレイン太田昭和,www.bbs.co.jp,8
9661,株式会社歌舞伎座,www.kabuki-za.co.jp,1
9663,株式会社ナガワ,group.nagawa.co.jp,2
9672,東京都競馬株式会社,www.tokyotokeiba.co.jp,2
9678,株式会社カナモト,www.kanamoto.ne.jp,1
9684,株式会社スクウェア・エニックス・ホールディングス,www.pronexus.co.jp,1
9685,ＫＹＣＯＭホールディングス株式会社,www.kyd.co.jp,1
9686,東洋テック株式会社,www.toyo-tec.co.jp,1
9687,株式会社ＫＳＫ,www.ksk.co.jp,1
9691,株式会社両毛システムズ,www.ryomo.co.jp,1
9692,株式会社シーイーシー,www.cec-ltd.co.jp,2
9697,株式会社カプコン,www.capcom.co.jp,1
9698,株式会社クレオ,www.creo.co.jp,1
9699,ニシオホールディングス株式会社,nishio-grp.co.jp,1
9701,株式会社東京會舘,www.kaikan.co.jp,1
9702,株式会社アイ・エス・ビー,www.isb.co.jp,1
9704,株式会社アゴーラホスピタリティーグループ,www.agora.jp,1
9706,日本空港ビルデング株式会社,www.tokyo-airport-bldg.co.jp,7
9708,株式会社帝国ホテル,www.imperialhotel.co.jp,1
9709,ＮＣＳ＆Ａ株式会社,ncsa.jp,1
9713,株式会社ロイヤルホテル,www.rihga.co.jp,1
9715,トランス・コスモス株式会社,www.trans-cosmos.co.jp,1
9716,株式会社乃村工藝社,www.nomurakougei.co.jp,3
9720,株式会社ホテル、ニューグランド,www.hotel-newgrand.co.jp,1
9722,藤田観光株式会社,www.fujita-kanko.co.jp,3
9723,株式会社京都ホテル,www.kyotohotel.co.jp,1
9726,ＫＮＴ－ＣＴホールディングス株式会社,www.kntcthd.co.jp,1
9729,株式会社トーカイ,www.tokai-corp.com,2
9731,株式会社白洋舍,www.hakuyosha.co.jp,1
9733,株式会社ナガセ,www.toshin.com,1
9735,セコム株式会社,www.secom.co.jp,5
9739,ＮＳＷ株式会社,www.nsw.co.jp,1
9740,セントラル警備保障株式会社,www.we-are-csp.co.jp,1
9742,株式会社アイネス,www.ines.co.jp,1
9743,株式会社丹青社,www.tanseisha.co.jp,1
9744,株式会社メイテックグループホールディングス,www.meitecgroup-holdings.com,2
9746,株式会社　ＴＫＣ,www.tkc.jp,2
9753,アイエックス・ナレッジ株式会社,www.ikic.co.jp,1
9755,応用地質株式会社,www.oyo.co.jp,2
9757,株式会社船井総研ホールディングス,hd.funaisoken.co.jp,2
9759,株式会社ＮＳＤ,www.nsd.co.jp,3
9761,東海リース株式会社,www.tokai-lease.co.jp,1
9763,丸建リース株式会社,www.maruken-lease.co.jp,1
9765,株式会社オオバ,www.k-ohba.co.jp,1
9766,コナミグループ株式会社,www.konami.com,1
9767,日建工学株式会社,www.nikken-kogaku.co.jp,1
9768,いであ株式会社,www.ideacon.co.jp,3
9769,株式会社学究社,www.gakkyusha.com,1
9780,株式会社ハリマビステム,www.bstem.co.jp,1
9782,株式会社ディーエムエス,www.dmsjp.co.jp,1
9788,株式会社ナック,www.nacoo.com,1
9790,福井コンピュータホールディングス株式会社,hd.fukuicompu.co.jp,3
9791,株式会社ビケンテクノ,www.bikentechno.co.jp,1
9793,株式会社ダイセキ,www.daiseki.co.jp,1
9795,株式会社ステップ,www.stepnet.co.jp,1
9799,旭情報サービス株式会社,www.aiskk.co.jp,2
9812,株式会社テーオーホールディングス,tohd.co.jp,1
9816,株式会社　ストライダーズ,www.striders.co.jp,1
9823,株式会社マミーマートホールディングス,mami-mart-holdings.com,2
9824,泉州電業株式会社,www.senden.co.jp,1
9827,リリカラ株式会社,www.lilycolor.co.jp,1
9828,株式会社Ｇｅｎｋｉ　Ｇｌｏｂａｌ　Ｄｉｎｉｎｇ　Ｃｏｎｃｅｐｔｓ,www.genki-gdc.co.jp,1
9830,トラスコ中山株式会社,www.trusco.co.jp,1
9831,株式会社ヤマダホールディングス,www.yamada-holdings.jp,7
9832,株式会社オートバックスセブン,www.autobacs.co.jp,3
9835,株式会社ジュンテンドー,www.juntendo.co.jp,1
9837,モリト株式会社,www.morito.co.jp,5
9842,アークランズ株式会社,www.arclands.co.jp,1
9843,株式会社ニトリホールディングス,www.nitorihd.co.jp,3
9845,株式会社パーカーコーポレーション,www.parkercorp.co.jp,4
9846,株式会社天満屋ストア,www.tenmaya-store.co.jp,1
9849,株式会社共同紙販ホールディングス,www.kyodopaper.com,2
9853,株式会社銀座ルノアール,www.ginza-renoir.co.jp,1
9854,愛眼株式会社,www.aigan.co.jp,1
9856,株式会社ケーユーホールディングス,www.ku-hd.com,1
9857,英和株式会社,www.eiwa-net.co.jp,1
9861,株式会社吉野家ホールディングス,www.yoshinoya-holdings.com,1
9867,ソレキア株式会社,www.solekia.com,1
9869,加藤産業株式会社,www.katosangyo.co.jp,1
9872,北恵株式会社,www.kitakei.jp,1
9876,株式会社コックス,www.cox-online.co.jp,1
9878,株式会社　セキド,www.sekido.com,1
9880,イノテック株式会社,www.innotech.co.jp,1
9882,株式会社イエローハット,www.yellowhat.jp,1
9885,株式会社　シャルレ,www.charle.co.jp,2
9887,株式会社松屋フーズホールディングス,www.matsuyafoods-holdings.co.jp,1
9888,株式会社ＵＥＸ,www.uex-ltd.co.jp,1
9889,ＪＢＣＣホールディングス株式会社,www.jbcchd.co.jp,3
9890,株式会社マキヤ,www.makiya-group.co.jp,1
9895,株式会社コンセック,consec.co.jp,1
9896,ＪＫホールディングス株式会社,www.jkhd.co.jp,2
9900,株式会社サガミホールディングス,www.sagami-holdings.co.jp,1
9902,株式会社日伝,www.nichiden.com,2
9903,株式会社カンセキ,www.kanseki.co.jp,1
9904,株式会社ベリテ,www.verite.jp,1
9906,藤井産業株式会社,www.fujii.co.jp,1
9908,日本電計株式会社,www.n-denkei.co.jp,1
9913,日邦産業株式会社,www.nip.co.jp,5
9928,株式会社ミロク情報サービス,www.mjs.co.jp,5
9929,平和紙業株式会社,www.heiwapaper.co.jp,1
9930,北沢産業株式会社,www.kitazawasangyo.co.jp,1
9932,杉本商事株式会社,www.sugi-net.co.jp,2
9934,因幡電機産業株式会社,www.inaba.co.jp,2
9936,株式会社王将フードサービス,ir.ohsho.co.jp,1
9941,太洋物産株式会社,www.taiyo-bussan.co.jp,1
9942,株式会社ジョイフル,www.joyfull.co.jp,1
9946,ミニストップ株式会社,www.ministop.co.jp,2
9948,株式会社アークス,www.super.or.jp,1
9950,株式会社ハチバン,www.hachiban.co.jp,1
9955,株式会社ヨンキュウ,www.yonkyu.co.jp,1
9956,株式会社バローホールディングス,valorholdings.co.jp,1
9959,アシードホールディングス株式会社,www.aseed-hd.co.jp,1
9960,東テク株式会社,www.totech.co.jp,1
9962,株式会社　ミスミグループ本社,www.misumi.co.jp,4
9969,株式会社ショクブン,shokubun.co.jp,1
9972,アルテック株式会社,www.altech.co.jp,1
9973,ＫＯＺＯホールディングス株式会社,kozohd.co.jp,1
9978,株式会社文教堂グループホールディングス,www.bunkyodo.co.jp,2
9979,株式会社大庄,www.daisyo.co.jp,1
9980,ＭＲＫホールディングス株式会社,www.mrkholdings.co.jp,1
9982,タキヒヨー株式会社,www.takihyo.co.jp,1
9983,株式会社ファーストリテイリング,www.fastretailing.com,4
9984,ソフトバンクグループ株式会社,group.softbank,5
9987,株式会社スズケン,www.suzuken.co.jp,2
9989,株式会社サンドラッグ,www.sundrug.co.jp,1
9990,株式会社サックスバーホールディングス,www.sacs-bar.co.jp,1
9991,ジェコス株式会社,contents.xj-storage.jp,1
9993,株式会社ヤマザワ,yamazawa.co.jp,1
9994,株式会社やまや,www.yamaya.jp,1
9996,株式会社サトー商会,www.satoh-web.co.jp,1
9997,株式会社ベルーナ,granbellhotel.com,1
